Province,Ward,MunicipalityCode,RegisteredVoters_prior,Turnout_prior,IsMetro,LogRegisteredVoters_prior,MunicipalityAvgTurnout_prior,SnapshotYear,TurnoutDelta_prior,RegistrationGrowth_prior
Eastern Cape,Ward 29200001,BUF,9589,0.4004588591093961,True,9.16837188715368,0.4514567032258084,2021,-0.1704370848517382,0.0833804089933341
Eastern Cape,Ward 29200002,BUF,7655,0.4416721097322011,True,8.943114308091785,0.4506156164784042,2021,-0.0248405923463208,-0.01783423146009755
Eastern Cape,Ward 29200003,BUF,9961,0.3385202288926814,True,9.206432747145165,0.45272075690370056,2021,-0.078454395399016,0.22702636117270258
Eastern Cape,Ward 29200004,BUF,9327,0.4914763589578643,True,9.140668698726863,0.4495992032289009,2021,-0.18274707428464249,0.016566757493188033
Eastern Cape,Ward 29200005,BUF,8732,0.4038021071919377,True,9.074749717669835,0.45138847367310353,2021,-0.1565576674071087,-0.05374945817078458
Eastern Cape,Ward 29200006,BUF,8023,0.4326311853421413,True,8.990067695753655,0.4508001251394258,2021,-0.11990874500492243,-0.036507745886874
Eastern Cape,Ward 29200007,BUF,7409,0.4702388986367931,True,8.910450756416656,0.45003262078647377,2021,-0.06454371005885912,0.03913043478260869
Eastern Cape,Ward 29200008,BUF,9402,0.4256541161455009,True,9.148677711584076,0.4509425143067042,2021,-0.14269199557410478,0.029791894852135847
Eastern Cape,Ward 29200009,BUF,8816,0.385095281306715,True,9.084323531392696,0.4517702456299448,2021,-0.10569143390899721,-0.027253668763102756
Eastern Cape,Ward 29200010,BUF,7641,0.4118570867687475,True,8.941283763647567,0.4512240863348012,2021,-0.1780802917672059,-0.17501619520621892
Eastern Cape,Ward 29200011,BUF,6731,0.4210369930173823,True,8.814479000010714,0.4510367413093189,2021,-0.13911387185451263,-0.12459357523735204
Eastern Cape,Ward 29200012,BUF,7749,0.4049554781262098,True,8.95531908176395,0.4513649354907714,2021,-0.131260607145108,-0.06140988372093026
Eastern Cape,Ward 29200013,BUF,8850,0.4258757062146893,True,9.088172738001974,0.45093799206039425,2021,-0.1695905242129807,0.03412012152372057
Eastern Cape,Ward 29200014,BUF,7078,0.4495620231703871,True,8.864746660905409,0.4504545978368086,2021,-0.08168797682961287,-0.07064075630252098
Eastern Cape,Ward 29200015,BUF,9785,0.488196218702095,True,9.188605879830176,0.4496661448667737,2021,-0.1283661416018836,0.09354045596781413
Eastern Cape,Ward 29200016,BUF,7662,0.4618898459932132,True,8.944028325260595,0.45020300961593457,2021,0.008656952082353175,-0.1983678593848085
Eastern Cape,Ward 29200017,BUF,7785,0.4308285163776493,True,8.959954084268098,0.45083691430196654,2021,-0.13722955984739604,0.009204044594244287
Eastern Cape,Ward 29200018,BUF,8159,0.5960289251133717,True,9.0068768914288,0.44746547738899256,2021,-0.11996874795236423,-0.05072716695753343
Eastern Cape,Ward 29200019,BUF,7315,0.4354066985645933,True,8.897682313454224,0.45074348201243697,2021,-0.15132430264167934,-0.11761158021712903
Eastern Cape,Ward 29200020,BUF,8037,0.4495458504417071,True,8.991811158212718,0.4504549278924959,2021,-0.10377884731304249,-0.13244818652849744
Eastern Cape,Ward 29200021,BUF,6889,0.4324285092175932,True,8.837681215593197,0.4508042613868656,2021,-0.0759567991677152,-0.04518364518364515
Eastern Cape,Ward 29200022,BUF,8320,0.4467548076923077,True,9.026417533815254,0.45051188794860614,2021,-0.0780859566389025,-0.11677282377919318
Eastern Cape,Ward 29200023,BUF,8386,0.4852134509897448,True,9.034318927730707,0.4497270176772299,2021,-0.07551285973656596,0.008417508417508435
Eastern Cape,Ward 29200024,BUF,7729,0.4550394617673696,True,8.952734767106872,0.45034281337564563,2021,-0.07883587698601796,-0.22422964970390447
Eastern Cape,Ward 29200025,BUF,7287,0.465486482777549,True,8.893847217670283,0.45012960886523384,2021,-0.027461331044735915,0.027785613540197485
Eastern Cape,Ward 29200026,BUF,8014,0.4207636635887197,True,8.98894529119609,0.45104231946092427,2021,-0.1926689984995122,-0.06716331044115931
Eastern Cape,Ward 29200027,BUF,8298,0.4713183899734876,True,9.023769800892813,0.450010590351031,2021,-0.12841820006482657,-0.006465517241379337
Eastern Cape,Ward 29200028,BUF,9275,0.561078167115903,True,9.135077887475635,0.44817875816445113,2021,-0.1559823702748384,0.000863278299341852
Eastern Cape,Ward 29200029,BUF,7343,0.5372463570747651,True,8.90150275745161,0.4486651216346784,2021,-0.1540288107104698,0.026705816554809747
Eastern Cape,Ward 29200030,BUF,9161,0.4085798493614234,True,9.122710622015209,0.45129096873086905,2021,-0.15077291950452726,0.27786302134188867
Eastern Cape,Ward 29200031,BUF,9070,0.5119073869900772,True,9.112727543109182,0.4491822434731414,2021,-0.06554256032288386,0.06193654138859617
Eastern Cape,Ward 29200032,BUF,7441,0.5324553151458138,True,8.914760527397261,0.4487628980005754,2021,-0.04284847766135447,-0.0866576653983061
Eastern Cape,Ward 29200033,BUF,7732,0.4887480600103466,True,8.953122840328222,0.44965488279925836,2021,-0.10976099217282703,-0.08507868891255477
Eastern Cape,Ward 29200034,BUF,7972,0.4844455594581033,True,8.983690681332686,0.44974268893297764,2021,-0.04424782446411624,-0.0547782783969647
Eastern Cape,Ward 29200035,BUF,8786,0.4891873435010243,True,9.080914824535725,0.4496459178300609,2021,-0.07776671084798809,-0.041143730219360464
Eastern Cape,Ward 29200036,BUF,6940,0.3661383285302593,True,8.84505705350085,0.4521571222172194,2021,-0.19261789707210974,-0.06582312558890835
Eastern Cape,Ward 29200037,BUF,8891,0.4013046901360926,True,9.09279480812114,0.4514394413681207,2021,-0.12794833231641167,-0.04026338514680483
Eastern Cape,Ward 29200038,BUF,7659,0.4175479827653741,True,8.943636705909594,0.4511079456001762,2021,-0.11868929695664132,-0.04951600893521968
Eastern Cape,Ward 29200039,BUF,8069,0.4595364977072748,True,8.995784837848506,0.4502510371319741,2021,-0.09189904803258342,-0.06207137045216782
Eastern Cape,Ward 29200040,BUF,8360,0.5270334928229665,True,9.031213706078747,0.44887354743573554,2021,-0.02558940391078468,-0.08061145936434622
Eastern Cape,Ward 29200041,BUF,6641,0.3940671585604577,True,8.801017833540714,0.45158714609415407,2021,-0.055765840771539565,-0.11275885103540417
Eastern Cape,Ward 29200042,BUF,6860,0.4399416909620991,True,8.83346272071993,0.45065093114718185,2021,-0.10354901003933148,-0.01859799713876964
Eastern Cape,Ward 29200043,BUF,8395,0.4464562239428231,True,9.035391569511642,0.45051798149451394,2021,-0.04967838269655844,-0.04558890404729421
Eastern Cape,Ward 29200044,BUF,8763,0.5459317585301837,True,9.07829359105585,0.4484878685437515,2021,-0.003203041726171807,-0.06398205511642807
Eastern Cape,Ward 29200045,BUF,8829,0.4503341261751047,True,9.085797036901582,0.4504388406326307,2021,-0.13712311441782576,0.006727480045610079
Eastern Cape,Ward 29200046,BUF,9058,0.4296754250386398,True,9.111403624116159,0.45086044677827286,2021,-0.16077287412783908,0.0202748366749268
Eastern Cape,Ward 29200047,BUF,8780,0.2248291571753986,True,9.080231686629162,0.4550409828571145,2021,-0.16036088214308103,0.15072083879423337
Eastern Cape,Ward 29200048,BUF,6892,0.4075739988392339,True,8.83811659764782,0.4513114962925464,2021,-0.1381106042508034,-0.08204581779435272
Eastern Cape,Ward 29200049,BUF,7623,0.4923258559622196,True,8.938925271988273,0.4495818665553426,2021,-0.023633588273604678,-0.04581299286518958
Eastern Cape,Ward 29200050,BUF,7317,0.5637556375563756,True,8.89795568688403,0.4481241159105639,2021,-0.063284623597052,-0.004760609357997825
Eastern Cape,Ward 21001001,EC101,3417,0.5668715247292947,False,8.136518252115291,0.436981172267856,2021,-0.04388892011591117,0.02705139765554554
Eastern Cape,Ward 21001002,EC101,3218,0.5543816034804226,False,8.076515327552329,0.4390628258093346,2021,-0.12126061255176557,-0.004023522129371737
Eastern Cape,Ward 21001003,EC101,4250,0.2851764705882353,False,8.354674261918463,0.4839303479580325,2021,-0.38509101912369886,1.1862139917695473
Eastern Cape,Ward 21001004,EC101,3121,0.4335148990708106,False,8.045908742270779,0.45920727654427,2021,-0.16330676072907174,-0.08151854031783401
Eastern Cape,Ward 21001005,EC101,3992,0.3917835671342685,False,8.292047637431354,0.4661624985336936,2021,-0.21885593484648985,0.12959818902093945
Eastern Cape,Ward 21001006,EC101,3294,0.4404978749241044,False,8.099857910737585,0.45804344723538765,2021,-0.1984334227858192,0.25725190839694667
Eastern Cape,Ward 21001007,EC101,3357,0.516532618409294,False,8.118802996980035,0.445370989987856,2021,-0.021855555172012653,0.6008583690987124
Eastern Cape,Ward 21002001,EC102,2702,0.5244263508512214,False,7.9017475185201445,0.5225629544010459,2021,0.011491471279410526,-0.1965506987808504
Eastern Cape,Ward 21002002,EC102,3717,0.5700834005918751,False,8.220672170297252,0.5134315444529152,2021,-0.0886467581382836,0.01724137931034475
Eastern Cape,Ward 21002003,EC102,3136,0.4968112244897959,False,8.0507033814703,0.528085979673331,2021,-0.10275250252796658,-0.022748519788096
Eastern Cape,Ward 21002004,EC102,2781,0.5994246673858324,False,7.930565854233965,0.5075632910941238,2021,-0.01953964332095548,-0.026941917424772588
Eastern Cape,Ward 21002005,EC102,3078,0.5155945419103314,False,8.032035314398824,0.524329316189224,2021,-0.15696624116513436,-0.028102305020524132
Eastern Cape,Ward 21002006,EC102,2453,0.430900937627395,False,7.8050670442584895,0.5412680370458112,2021,-0.1428850123961788,0.15652993870815646
Eastern Cape,Ward 21004001,EC104,2278,0.4714661984196663,False,7.731053144007127,0.43625077152565994,2021,-0.1447855629706578,0.0699859088774073
Eastern Cape,Ward 21004002,EC104,2640,0.4803030303030303,False,7.878534196140362,0.4355710152269396,2021,-0.009177574562189927,-0.13214990138067062
Eastern Cape,Ward 21004003,EC104,4045,0.3938195302843016,False,8.305236829492593,0.44222359215145723,2021,-0.09675599120350936,0.01658708218145266
Eastern Cape,Ward 21004004,EC104,5274,0.4518392112248767,False,8.570544366913232,0.437760539771413,2021,-0.14407915612206212,0.07632653061224492
Eastern Cape,Ward 21004005,EC104,3783,0.4594237377742532,False,8.23827262463303,0.43717711465223014,2021,-0.04666091831040292,0.0007936507936507908
Eastern Cape,Ward 21004006,EC104,2746,0.4821558630735615,False,7.917900586327916,0.43542848962920644,2021,-0.10707328159380913,-0.03343892995424147
Eastern Cape,Ward 21004007,EC104,2930,0.4170648464163822,False,7.982757702011113,0.4404354909105279,2021,-0.014681185329649515,-0.15440115440115443
Eastern Cape,Ward 21004008,EC104,3033,0.3910319815364326,False,8.017307507688582,0.4424380189782164,2021,-0.16300090804853218,0.18754894283476897
Eastern Cape,Ward 21004009,EC104,2377,0.4568784181741691,False,7.773594467360194,0.4373729084676213,2021,-0.06325215853965027,-0.13783097569822267
Eastern Cape,Ward 21004010,EC104,3045,0.432512315270936,False,8.021256180143997,0.43924722407556227,2021,-0.08119830316547011,-0.11172695449241543
Eastern Cape,Ward 21004011,EC104,2994,0.4629258517034068,False,8.004365564979574,0.4369077212730645,2021,-0.05346512574020229,-0.09954887218045116
Eastern Cape,Ward 21004012,EC104,2541,0.1849665486029122,False,7.840312983320164,0.4582892061269487,2021,-0.21271405057563328,-0.3860835950712732
Eastern Cape,Ward 21004013,EC104,2913,0.4658427737727428,False,7.976938756959434,0.4366833426523463,2021,0.12092559286985233,-0.05391360831438774
Eastern Cape,Ward 21004014,EC104,3065,0.5924959216965743,False,8.027802848370312,0.4269407928120516,2021,0.009610015656305815,0.028523489932885893
Eastern Cape,Ward 21005001,EC105,3614,0.6123408965135584,False,8.192570471152173,0.5472353391093292,2021,-0.03326419902784283,-0.07923566878980892
Eastern Cape,Ward 21005002,EC105,2655,0.552165725047081,False,7.884199933676039,0.5539214692722711,2021,-0.12868533878270627,0.008738601823708114
Eastern Cape,Ward 21005003,EC105,3608,0.5648558758314856,False,8.190908881182514,0.5525114525184484,2021,-0.14053720171077366,-0.031929165548698735
Eastern Cape,Ward 21005004,EC105,3453,0.6235157833767738,False,8.146998697389993,0.5459936850134164,2021,-0.11753502493731394,-0.003175519630485013
Eastern Cape,Ward 21005005,EC105,3308,0.5477629987908101,False,8.104099056143582,0.5544106610785234,2021,-0.10705933623457053,-0.06711787930062041
Eastern Cape,Ward 21005006,EC105,4012,0.5137088733798604,False,8.297045149081827,0.5581944527908511,2021,-0.13785650415236794,0.47771639042357283
Eastern Cape,Ward 21005007,EC105,2933,0.5332424139106716,False,7.983781068977451,0.5560240593985388,2021,-0.08711883403678322,-0.0367816091954023
Eastern Cape,Ward 21005008,EC105,2868,0.4940725244072524,False,7.961370201719511,0.560376269343363,2021,-0.008972978996545533,0.027588677893228164
Eastern Cape,Ward 21005009,EC105,2992,0.5274064171122995,False,8.003697339094368,0.5566725034872468,2021,-0.11612735554008924,-0.38385502471169686
Eastern Cape,Ward 21005010,EC105,3758,0.5683874401277275,False,8.231642179973411,0.5521190564855325,2021,-0.09144207505607649,0.0010655301012254537
Eastern Cape,Ward 21006001,EC106,3254,0.43700061462815,False,8.087640287778983,0.46220136885628055,2021,-0.13829350301890886,-0.04294117647058826
Eastern Cape,Ward 21006002,EC106,3660,0.5147540983606558,False,8.205218426395412,0.45109372832306543,2021,-0.11557003772292307,-0.01955531743905703
Eastern Cape,Ward 21006003,EC106,3739,0.4027814923776411,False,8.226573474977114,0.4670898148920676,2021,-0.1341554445592958,-0.03758043758043761
Eastern Cape,Ward 21006004,EC106,3282,0.4725776965265082,False,8.096208271650037,0.4571189285850865,2021,-0.10600417481852104,0.19956140350877183
Eastern Cape,Ward 21006005,EC106,2026,0.4299111549851925,False,7.613818684808629,0.4632141488052745,2021,-0.17642237203398237,-0.4113887274840209
Eastern Cape,Ward 21006006,EC106,2024,0.4570158102766798,False,7.6128310304073565,0.4593420551922049,2021,-0.11798418972332014,-0.2666666666666667
Eastern Cape,Ward 21006007,EC106,2752,0.4414970930232558,False,7.920083199053234,0.46155901479983685,2021,-0.10542520768310137,-0.07433568785738309
Eastern Cape,Ward 21006008,EC106,4297,0.5168722364440307,False,8.365672383774996,0.4507911371682976,2021,-0.04051607970717208,0.47663230240549836
Eastern Cape,Ward 21008001,EC108,3653,0.5187517109225295,False,8.203304026795282,0.5757328443365227,2021,-0.1672948007053775,0.2871740662438338
Eastern Cape,Ward 21008002,EC108,5229,0.6148403136354944,False,8.56197533418813,0.568869372714168,2021,0.04536587159085803,0.25485961123110146
Eastern Cape,Ward 21008003,EC108,3124,0.6862996158770807,False,8.046869510959576,0.563765136839769,2021,0.0053032317870846946,0.2551225391723584
Eastern Cape,Ward 21008004,EC108,3687,0.4985082723081095,False,8.212568398234145,0.5771788042375527,2021,-0.07864098560283977,0.03248389806776819
Eastern Cape,Ward 21008005,EC108,3797,0.5791414274427179,False,8.241966560231802,0.5714192931565093,2021,-0.07173625436279896,0.05795486207857348
Eastern Cape,Ward 21008006,EC108,5032,0.4960254372019078,False,8.523572798380277,0.5773561496022814,2021,-0.12045551641301838,0.303964757709251
Eastern Cape,Ward 21008007,EC108,4194,0.5755841678588459,False,8.341410211461865,0.5716733831267858,2021,-0.11785724702693157,0.030213706705969123
Eastern Cape,Ward 21008008,EC108,5269,0.6441449990510534,False,8.569595870209286,0.566776180898771,2021,-0.16971868119609856,0.017377872176095766
Eastern Cape,Ward 21008009,EC108,4052,0.5140671273445212,False,8.306965865368573,0.5760674574492376,2021,-0.11090262828093245,-0.019598354706024668
Eastern Cape,Ward 21008010,EC108,3875,0.5241290322580645,False,8.262300941787448,0.5753487499554131,2021,-0.05361562745380832,-0.03750620963735718
Eastern Cape,Ward 21008011,EC108,3015,0.6268656716417911,False,8.011355109161286,0.5680104185708611,2021,-0.05009132946074479,0.10804851157662632
Eastern Cape,Ward 21008012,EC108,3744,0.6850961538461539,False,8.227909837597483,0.5638510984134066,2021,0.03854676277714164,0.013261163734776815
Eastern Cape,Ward 21008013,EC108,4195,0.5558998808104887,False,8.341648618901306,0.57307940363024,2021,-0.1318107460149438,-0.05751516513143118
Eastern Cape,Ward 21008014,EC108,4895,0.4833503575076608,False,8.49596955496461,0.5782615124375848,2021,-0.2206586346242238,-0.08298988385162986
Eastern Cape,Ward 21008015,EC108,2811,0.576307363927428,False,7.941295570906532,0.5716217262647442,2021,-0.07774938072165116,-0.3003982080637133
Eastern Cape,Ward 21009001,EC109,3481,0.5219764435507038,False,8.15507488781144,0.5143444329837676,2021,-0.01177978662600665,-0.21137290439510648
Eastern Cape,Ward 21009002,EC109,3412,0.4613130128956623,False,8.13505390861157,0.5264771191147759,2021,-0.19332939613821476,0.07026348808030103
Eastern Cape,Ward 21009003,EC109,3001,0.5821392869043652,False,8.006700845440367,0.5023118643130353,2021,0.0013146795745222484,-0.01799738219895286
Eastern Cape,Ward 21009004,EC109,3043,0.5514295103516267,False,8.02059914989697,0.5084538196235832,2021,-0.07085130705114195,0.0029663810151614456
Eastern Cape,Ward 21009005,EC109,3608,0.4675720620842572,False,8.190908881182514,0.5252253092770569,2021,-0.12427033525203574,0.0011098779134295356
Eastern Cape,Ward 21009006,EC109,4100,0.5092682926829268,False,8.318742252692399,0.5168860631573231,2021,-0.08938425784642834,0.3153673403914019
Eastern Cape,Ward 21201001,EC121,4530,0.3105960264900662,False,8.41847721847708,0.46909873063839963,2021,-0.05485476497586633,0.03922918100481754
Eastern Cape,Ward 21201002,EC121,4058,0.4800394282897979,False,8.30844552038576,0.46345061724507525,2021,-0.08724540290373511,-0.03518782691393252
Eastern Cape,Ward 21201003,EC121,3671,0.4745301007899755,False,8.208219383496834,0.4636342614950693,2021,-0.07514340667271113,-0.14388992537313428
Eastern Cape,Ward 21201004,EC121,4115,0.4191980558930741,False,8.32239411311117,0.46547866299163265,2021,-0.11290271615081054,-0.16395774075579028
Eastern Cape,Ward 21201005,EC121,4151,0.4555528788243796,False,8.33110454805304,0.4642668355605892,2021,-0.03771834270771146,0.07427536231884058
Eastern Cape,Ward 21201006,EC121,3988,0.4706619859578736,False,8.291045131081729,0.4637631986561394,2021,-0.05973386701102362,-0.06032045240339301
Eastern Cape,Ward 21201007,EC121,3601,0.4609830602610386,False,8.188966863648876,0.4640858295127005,2021,-0.05742603064805235,-0.18159090909090914
Eastern Cape,Ward 21201008,EC121,3795,0.4329380764163373,False,8.24143968982973,0.465020662307524,2021,-0.12817439003889564,-0.07416443034886555
Eastern Cape,Ward 21201009,EC121,4279,0.3664407571862584,False,8.361474616416817,0.46723723961519326,2021,-0.14018783755165715,-0.12726901896797882
Eastern Cape,Ward 21201010,EC121,3488,0.4383600917431192,False,8.15708378502887,0.46483992846329786,2021,-0.11177841241200548,-0.0337950138504155
Eastern Cape,Ward 21201011,EC121,3896,0.5,False,8.267705664762426,0.46278526485473515,2021,-0.04599532611004886,-0.1722965795623539
Eastern Cape,Ward 21201012,EC121,3181,0.4624331971078277,False,8.064950891749143,0.46403749161780755,2021,-0.09108792965273571,-0.10394366197183103
Eastern Cape,Ward 21201013,EC121,3883,0.4143703322173577,False,8.264363329731667,0.4656395871141566,2021,-0.06266490472067382,-0.05637910085054676
Eastern Cape,Ward 21201014,EC121,3476,0.5863060989643268,False,8.153637486385282,0.4599083948892576,2021,-0.008760950844102333,-0.1676245210727969
Eastern Cape,Ward 21201015,EC121,3498,0.4736992567181246,False,8.159946655578548,0.4636619562974644,2021,-0.05779574193015874,-0.054339010543390076
Eastern Cape,Ward 21201016,EC121,3863,0.4776080766243852,False,8.259199362666282,0.463531662300589,2021,-0.0764250154128433,-0.001292657704239919
Eastern Cape,Ward 21201017,EC121,3999,0.436609152288072,False,8.293799608846818,0.4648982931117994,2021,-0.0587754630965433,-0.12109890109890109
Eastern Cape,Ward 21201018,EC121,4187,0.479818485789348,False,8.339739766019143,0.46345798199509025,2021,-0.039438547808029745,0.14367659109532904
Eastern Cape,Ward 21201019,EC121,4425,0.4153672316384181,False,8.39502555744203,0.46560635713345455,2021,-0.05296290271858761,0.061660268714011535
Eastern Cape,Ward 21201020,EC121,4321,0.4718815089099745,False,8.371242135931933,0.4637225478910693,2021,-0.06630586379878312,0.10005091649694497
Eastern Cape,Ward 21201021,EC121,3408,0.4515845070422535,False,8.133880887949207,0.4643991146199934,2021,-0.08538518992744348,0.032727272727272716
Eastern Cape,Ward 21201022,EC121,3513,0.5015656134358099,False,8.164225652265827,0.46273307774020817,2021,-0.1288141333996332,-0.01181434599156117
Eastern Cape,Ward 21201023,EC121,4072,0.4904223968565815,False,8.311889558230359,0.4631045182928491,2021,-0.10179261704517939,-0.056533827618164945
Eastern Cape,Ward 21201024,EC121,3437,0.4847250509164969,False,8.142354276849835,0.4632944298241853,2021,-0.06463984515740612,-0.007794457274826749
Eastern Cape,Ward 21201025,EC121,4021,0.3964188012932106,False,8.299285906897275,0.4662379714782948,2021,-0.10252679128376108,-0.1520455504006748
Eastern Cape,Ward 21201026,EC121,3345,0.5602391629297458,False,8.11522197256233,0.46077729275707696,2021,0.047448131024025786,-0.038516815176774966
Eastern Cape,Ward 21201027,EC121,3537,0.4594288945433983,False,8.17103418920548,0.46413763503662187,2021,-0.11527746983791831,-0.03387052717836658
Eastern Cape,Ward 21201028,EC121,3952,0.4739372469635627,False,8.281977058867758,0.4636540232892831,2021,-0.03767974435302962,-0.07251818821872802
Eastern Cape,Ward 21201029,EC121,3487,0.5818755377114998,False,8.156797046675651,0.4600560802643518,2021,-0.030587687749853543,-0.06739769991976463
Eastern Cape,Ward 21201030,EC121,3386,0.4459539279385706,False,8.12740456269308,0.4645868005901162,2021,-0.09418248339406321,-0.11175236096537255
Eastern Cape,Ward 21201031,EC121,3845,0.5100130039011703,False,8.254528881939745,0.4624514980580295,2021,-0.05608966314786901,0.1026670490392887
Eastern Cape,Ward 21202001,EC122,4156,0.2596246390760346,False,8.332308352219117,0.4272967078800304,2021,-0.1582094725539409,-0.07582832999777633
Eastern Cape,Ward 21202002,EC122,3964,0.3403128153380423,False,8.285008895449879,0.4246071020046302,2021,-0.13146721360551777,-0.04389773275446218
Eastern Cape,Ward 21202003,EC122,3758,0.3355508249068653,False,8.231642179973411,0.4247658350190027,2021,-0.1208214648868946,-0.0063458487572712885
Eastern Cape,Ward 21202004,EC122,4202,0.3536411232746311,False,8.343315881404946,0.4241628250734105,2021,-0.07070417255466083,0.018913676042676908
Eastern Cape,Ward 21202005,EC122,4305,0.3184668989547038,False,8.367532416861831,0.4253352992174081,2021,-0.08799215525521537,-0.00692041522491349
Eastern Cape,Ward 21202006,EC122,3917,0.226193515445494,False,8.27308133366583,0.42841107866771505,2021,-0.11495506200445332,0.031875658587987354
Eastern Cape,Ward 21202007,EC122,3860,0.3406735751295336,False,8.258422462458876,0.4245950766782471,2021,-0.10850675273931887,-0.02648171500630514
Eastern Cape,Ward 21202008,EC122,3831,0.4586269903419472,False,8.25088114470065,0.42066329617116666,2021,-0.05650843185667198,0.01725969198088162
Eastern Cape,Ward 21202009,EC122,3582,0.387213847012842,False,8.183676582620658,0.4230437342821369,2021,-0.11548885568986067,-0.0318918918918919
Eastern Cape,Ward 21202010,EC122,3309,0.5040797824116047,False,8.104401307921613,0.4191482031021781,2021,-0.020266847574640146,-0.08968363136176061
Eastern Cape,Ward 21202011,EC122,4128,0.4585755813953488,False,8.325548307161398,0.4206650098027199,2021,-0.09262168200259868,-0.05860889395667046
Eastern Cape,Ward 21202012,EC122,3974,0.4821338701560141,False,8.287528423111763,0.41987973351069774,2021,-0.05375600201704395,-0.023107177974434623
Eastern Cape,Ward 21202013,EC122,3565,0.4541374474053296,False,8.178919332848396,0.42081294760238724,2021,-0.09321407747428523,-0.04628143392188333
Eastern Cape,Ward 21202014,EC122,3736,0.48313704496788,False,8.225770799348734,0.41984629435030224,2021,-0.04974448113653762,-0.06224899598393574
Eastern Cape,Ward 21202015,EC122,3397,0.4698263173388284,False,8.130647968160584,0.4202899852712706,2021,-0.096257789706502,-0.07236482796286181
Eastern Cape,Ward 21202016,EC122,3867,0.4471166278769071,False,8.260234291607297,0.4210469749200013,2021,-0.1119200800959711,-0.09586158522328736
Eastern Cape,Ward 21202017,EC122,3493,0.438877755511022,False,8.158516244806831,0.42132160399886415,2021,-0.07746716083389432,-0.10090090090090087
Eastern Cape,Ward 21202018,EC122,3851,0.4829914307971955,False,8.25608813381491,0.4198511481559917,2021,-0.05752784536330807,0.00996590611067405
Eastern Cape,Ward 21202019,EC122,3511,0.4753631444033039,False,8.163656176168432,0.42010542436912146,2021,-0.060825524612689585,-0.04825155868799136
Eastern Cape,Ward 21202020,EC122,3722,0.453788285867813,False,8.222016437202196,0.4208245863203045,2021,-0.09141922401360997,-0.0805335968379447
Eastern Cape,Ward 21202021,EC122,3999,0.3743435858964741,False,8.293799608846818,0.4234727429860158,2021,-0.15154125298361043,0.05625990491283672
Eastern Cape,Ward 21202022,EC122,3780,0.4555555555555555,False,8.237479288613633,0.420765677330713,2021,-0.09125348343128337,-0.06133598212068536
Eastern Cape,Ward 21202023,EC122,3663,0.4332514332514332,False,8.206037762778815,0.42150914807418377,2021,-0.11865297302190514,-0.08812546676624344
Eastern Cape,Ward 21202024,EC122,4002,0.5212393803098451,False,8.294549515143679,0.41857621650557003,2021,-0.03676818589444242,-0.15889029003783106
Eastern Cape,Ward 21202025,EC122,3682,0.4201520912547528,False,8.211211361793023,0.42194579280740646,2021,-0.13545951025848807,-0.07137452711223202
Eastern Cape,Ward 21202026,EC122,3565,0.4330995792426367,False,8.178919332848396,0.421514209874477,2021,-0.0521334618279678,-0.17743424088601756
Eastern Cape,Ward 21202027,EC122,4261,0.4975357897207228,False,8.357259153499912,0.41936633619187413,2021,-0.05760233182623847,-0.05834254143646411
Eastern Cape,Ward 21202028,EC122,3465,0.4675324675324675,False,8.150467911624004,0.4203664469314826,2021,-0.09375337890601537,-0.19865864939870492
Eastern Cape,Ward 21202029,EC122,3628,0.480154355016538,False,8.196436811235028,0.4199457173486803,2021,-0.03937957233096023,-0.17112177290381536
Eastern Cape,Ward 21202030,EC122,3562,0.4135317237507018,False,8.178077463849608,0.4221664717242082,2021,-0.09455141712689641,-0.17736720554272523
Eastern Cape,Ward 21202031,EC122,3492,0.4117983963344788,False,8.158229916959494,0.42222424930474894,2021,-0.11725702210842004,-0.2165133497868521
Eastern Cape,Ward 21203001,EC123,3111,0.6515589842494375,False,8.042699496897637,0.5303634594111318,2021,-0.09488088916828408,0.2306170886075949
Eastern Cape,Ward 21203002,EC123,2493,0.3766546329723225,False,7.821242083523558,0.5761808512906511,2021,-0.23066802148992005,0.14096109839816928
Eastern Cape,Ward 21203003,EC123,2159,0.5497915701713756,False,7.677400430514807,0.5473246950908089,2021,-0.07616555080871634,-0.17343032159264926
Eastern Cape,Ward 21203004,EC123,2234,0.52775290957923,False,7.711548979629146,0.5509978051894998,2021,-0.03929976132103141,-0.16548375046694064
Eastern Cape,Ward 21203005,EC123,2469,0.6439854191980559,False,7.81156848934518,0.5316257202530288,2021,-0.029689569851440445,0.08147174770039411
Eastern Cape,Ward 21203006,EC123,2644,0.5540847201210287,False,7.880048200971577,0.5466091700992001,2021,0.00913672606456517,-0.017830609212481474
Eastern Cape,Ward 21203007,EC123,2825,0.5299115044247787,False,7.946263643580541,0.5506380393819084,2021,-0.034711833832237526,0.043205317577547975
Eastern Cape,Ward 21204001,EC124,3120,0.3717948717948718,False,8.045588280803528,0.47697028031701383,2021,-0.10491660054023288,-0.024695217255392365
Eastern Cape,Ward 21204002,EC124,2825,0.4357522123893805,False,7.946263643580541,0.47240189884597755,2021,-0.07869502379152399,-0.11275125628140703
Eastern Cape,Ward 21204003,EC124,3274,0.4175320708613317,False,8.09376775793108,0.47370333752655247,2021,-0.061055248382272276,-0.08954393770856506
Eastern Cape,Ward 21204004,EC124,2893,0.438299343242309,False,7.970049304976135,0.47221996092791124,2021,-0.1329969530539873,-0.10709876543209873
Eastern Cape,Ward 21204005,EC124,3799,0.4856541195051329,False,8.242493153187626,0.4688374769091381,2021,-0.09868788410032686,-0.021632758176667544
Eastern Cape,Ward 21204006,EC124,3525,0.4921985815602837,False,8.16763571524637,0.46837001533377015,2021,-0.059656278986697064,-0.04549147034930956
Eastern Cape,Ward 21204007,EC124,3171,0.565752128666036,False,8.061802274538348,0.4631161905405022,2021,-0.04384281531557854,-0.08905486929043382
Eastern Cape,Ward 21204008,EC124,3414,0.5240187463386058,False,8.135639903354386,0.4660971464210329,2021,0.17266739498725447,-0.04876010030649203
Eastern Cape,Ward 21204009,EC124,3619,0.5454545454545454,False,8.193953023563742,0.4645660179127515,2021,-0.05149763531266427,-0.049132947976878616
Eastern Cape,Ward 21204010,EC124,2857,0.4595729786489324,False,7.957527402230773,0.47070041554172387,2021,-0.051573518166354304,-0.09012738853503188
Eastern Cape,Ward 21204011,EC124,3222,0.4016139044072005,False,8.07775756373692,0.47484034941613323,2021,-0.10244171552327458,-0.06662804171494785
Eastern Cape,Ward 21204012,EC124,3551,0.4823993241340467,False,8.174984532943087,0.4690699622927871,2021,-0.10309706334253882,-0.049772544822049736
Eastern Cape,Ward 21204013,EC124,3913,0.5320725785842065,False,8.272059622210412,0.46552187268920425,2021,-0.13022727585538585,-0.050703541969917554
Eastern Cape,Ward 21204014,EC124,3277,0.4156240463838877,False,8.094683648698815,0.473839624989227,2021,-0.13230156162755724,-0.062374821173104444
Eastern Cape,Ward 21204015,EC124,3050,0.4816393442622951,False,8.022896869601457,0.46912424656934076,2021,-0.09137748266078177,-0.08353365384615385
Eastern Cape,Ward 21206001,EC126,3132,0.5431034482758621,False,8.049427057110695,0.5231942897054778,2021,-0.0347993953260336,-0.07227488151658767
Eastern Cape,Ward 21206002,EC126,2720,0.5386029411764706,False,7.908387159290043,0.5236034267145133,2021,-0.04803287022069458,-0.2131906277118889
Eastern Cape,Ward 21206003,EC126,3005,0.492179700499168,False,8.008032846969307,0.5278237213215409,2021,-0.0892984829380537,-0.10804392994953993
Eastern Cape,Ward 21206004,EC126,2887,0.431243505368895,False,7.967973179662935,0.5333633754242929,2021,-0.11637554225015267,-0.04530423280423279
Eastern Cape,Ward 21206005,EC126,3066,0.5309849967384214,False,8.028129059431759,0.5242959671179723,2021,-0.03877170175249334,-0.05574376347397603
Eastern Cape,Ward 21206006,EC126,2933,0.4889191953631094,False,7.983781068977451,0.5281201308793644,2021,-0.04195667105150941,-0.07592942659105228
Eastern Cape,Ward 21206007,EC126,2942,0.4687287559483344,False,7.9868449011613825,0.5299556253716167,2021,-0.12956184234226387,-0.06869262424817979
Eastern Cape,Ward 21206008,EC126,3386,0.4731246308328411,False,8.12740456269308,0.529556000382116,2021,-0.022448062683297076,-0.03284775778349047
Eastern Cape,Ward 21206009,EC126,3064,0.5443864229765013,False,8.027476530860483,0.5230776556417833,2021,-0.024951787864868846,0.018955769870302674
Eastern Cape,Ward 21206010,EC126,2748,0.5240174672489083,False,7.91862865334224,0.5249293788897463,2021,-0.08474296183333252,-0.1811680572109654
Eastern Cape,Ward 21206011,EC126,2733,0.5982436882546652,False,7.913155185928068,0.5181815406164957,2021,-0.03155393910053361,-0.04640614096301465
Eastern Cape,Ward 21206012,EC126,3230,0.6647058823529411,False,8.080237416216702,0.5121395229711978,2021,0.06746328921712419,-0.052508066881783555
Eastern Cape,Ward 21301001,EC131,3339,0.515423779574723,False,8.113426639943654,0.488596200195213,2021,-0.0771370215697692,-0.0446351931330472
Eastern Cape,Ward 21301002,EC131,2601,0.4544405997693195,False,7.8636512654486515,0.49621909767088845,2021,-0.11141639646742363,-0.11016079370509746
Eastern Cape,Ward 21301003,EC131,2841,0.4966561070045758,False,7.951911381854188,0.49094215926648144,2021,-0.09976878127318284,-0.023375730491577817
Eastern Cape,Ward 21301004,EC131,3361,0.4683130020827135,False,8.119993827725105,0.4944850473817142,2021,-0.07567606895553786,-0.0816939890710382
Eastern Cape,Ward 21301005,EC131,3221,0.5743557901272897,False,8.0774471493312,0.4812296988761422,2021,-0.054071565687396794,0.015127639457926279
Eastern Cape,Ward 21301006,EC131,3359,0.4352485858886573,False,8.119398589612294,0.49861809940597124,2021,-0.09272760458753321,-0.00029761904761904656
Eastern Cape,Ward 21301007,EC131,3000,0.4663333333333333,False,8.006367567650246,0.4947325059753867,2021,-0.0404951947395043,-0.08952959028831564
Eastern Cape,Ward 21301008,EC131,4218,0.4746325272641062,False,8.34711636103872,0.4936951067340401,2021,-0.061180437666818355,-0.10350690754516467
Eastern Cape,Ward 21301009,EC131,3751,0.5387896560917089,False,8.229777750081887,0.4856754656305898,2021,-0.09746661789707167,0.1074697372305875
Eastern Cape,Ward 21305001,EC135,4086,0.5190895741556535,False,8.315321775377567,0.4900795269197659,2021,-0.07920910259292879,-0.03449905482041593
Eastern Cape,Ward 21305002,EC135,3245,0.484437596302003,False,8.08487062913819,0.4918121258124485,2021,-0.137028070172319,-0.06376226197345647
Eastern Cape,Ward 21305003,EC135,3526,0.505104934770278,False,8.167919362957816,0.4907787588890347,2021,-0.12778355199742164,-0.20244288622483597
Eastern Cape,Ward 21305004,EC135,3976,0.5754527162977867,False,8.288031567776464,0.4872613698126592,2021,-0.04780867458950344,-0.04652278177458036
Eastern Cape,Ward 21305005,EC135,3523,0.4887879648027249,False,8.167068178341237,0.49159460738741234,2021,-0.1097502052026893,-0.046291283161884134
Eastern Cape,Ward 21305006,EC135,3941,0.4889621923369703,False,8.279189777195004,0.49158589601070013,2021,-0.09612778195608879,0.013110539845758273
Eastern Cape,Ward 21305007,EC135,4032,0.5503472222222222,False,8.302017809751204,0.48851664451643756,2021,-0.019434787299201006,0.010273114507642234
Eastern Cape,Ward 21305008,EC135,3864,0.4772256728778468,False,8.259458195332408,0.4921727219836563,2021,-0.10275916411987873,-0.023502653525398043
Eastern Cape,Ward 21305009,EC135,3335,0.4938530734632683,False,8.112227958349724,0.49134135195438516,2021,-0.049323255039147196,0.00694444444444442
Eastern Cape,Ward 21305010,EC135,3168,0.5429292929292929,False,8.060855752934316,0.488887540981084,2021,-0.03452700604599335,-0.0452079566003617
Eastern Cape,Ward 21305011,EC135,3221,0.5125737348649487,False,8.0774471493312,0.49040531888430117,2021,-0.07374548337609366,-0.046194847497779135
Eastern Cape,Ward 21305012,EC135,3527,0.360079387581514,False,8.168202930236053,0.4980300362484729,2021,-0.18483961094573192,0.03888070692194412
Eastern Cape,Ward 21305013,EC135,4197,0.4527043126042411,False,8.34212526333359,0.49339878999733655,2021,-0.10061609456977733,0.017207949587978666
Eastern Cape,Ward 21305014,EC135,4100,0.3570731707317073,False,8.318742252692399,0.49818034709096326,2021,-0.14946977478340095,-0.024506305020223662
Eastern Cape,Ward 21305015,EC135,3176,0.5022040302267002,False,8.063377822367027,0.4909238041162136,2021,-0.062377357884099593,-0.011515717398070335
Eastern Cape,Ward 21305016,EC135,3071,0.4920221426245522,False,8.029758520440822,0.491432898496321,2021,-0.07441790681920551,-0.05098887515451178
Eastern Cape,Ward 21305017,EC135,3389,0.4623782826792564,False,8.128290171607052,0.49291509149358576,2021,-0.09525860492881277,-0.023342939481267977
Eastern Cape,Ward 21305018,EC135,3340,0.4565868263473054,False,8.113726085970747,0.4932046643101834,2021,-0.12302539456926331,-0.018801410105757976
Eastern Cape,Ward 21305019,EC135,3183,0.5303173107131637,False,8.065579427282092,0.48951814009189043,2021,-0.023849355953503015,-0.11583333333333334
Eastern Cape,Ward 21305020,EC135,3933,0.5212306127637936,False,8.27715777243181,0.489972474989359,2021,-0.07670499795136987,-0.03342344556402066
Eastern Cape,Ward 21305021,EC135,3265,0.5473200612557427,False,8.09101504171053,0.4886680025647615,2021,-0.06022266119564201,-0.03800824985268125
Eastern Cape,Ward 21306001,EC136,3537,0.5493355951371218,False,8.17103418920548,0.5264387096486303,2021,-0.22550954356473651,-0.04740102343118768
Eastern Cape,Ward 21306002,EC136,3266,0.5838946723821188,False,8.09132127353041,0.5242787673208179,2021,-0.02244806838017388,-0.04975269130055282
Eastern Cape,Ward 21306003,EC136,3766,0.4800849707912905,False,8.233768709217097,0.5307668736702447,2021,-0.10458036387404418,-0.05944055944055948
Eastern Cape,Ward 21306004,EC136,3494,0.4513451631368059,False,8.158802490694002,0.53256311164865,2021,-0.09375066549904526,-0.015219842164599817
Eastern Cape,Ward 21306005,EC136,3957,0.5476370988122314,False,8.283241441385425,0.5265448656689359,2021,-0.03261283992827335,-0.030384709629992623
Eastern Cape,Ward 21306006,EC136,3738,0.5339753879079722,False,8.226305988015508,0.5273987226004521,2021,-0.08856057373294424,-0.004262120404901482
Eastern Cape,Ward 21306007,EC136,3563,0.4681448217793993,False,8.178358165605836,0.5315131329834879,2021,-0.07648413514846786,-0.07550596782563568
Eastern Cape,Ward 21306008,EC136,3674,0.5117038649972782,False,8.20903626577507,0.5287906927823705,2021,-0.08029613500272181,-0.05187096774193545
Eastern Cape,Ward 21306009,EC136,3512,0.553246013667426,False,8.163940954755008,0.5261943084904862,2021,-0.03362657320516094,-0.09601029601029598
Eastern Cape,Ward 21306010,EC136,3369,0.5672306322350846,False,8.122371243406553,0.5253202698300076,2021,-0.049636837644433496,0.014759036144578408
Eastern Cape,Ward 21306011,EC136,3715,0.5526244952893674,False,8.220133957151859,0.5262331533891149,2021,-0.01777859692487882,0.02567642186637209
Eastern Cape,Ward 21306012,EC136,3362,0.4762046400951814,False,8.120291313968561,0.5310093943387515,2021,-0.13003649465659173,-0.04624113475177305
Eastern Cape,Ward 21306013,EC136,3035,0.5611202635914333,False,8.017966703493599,0.5257021678702357,2021,-0.05416554244581784,-0.02536929993577397
Eastern Cape,Ward 21306014,EC136,3395,0.5885125184094256,False,8.130059039992796,0.5239901519441112,2021,-0.04129374090503035,0.011922503725782407
Eastern Cape,Ward 21306015,EC136,3656,0.4958971553610503,False,8.204124932574041,0.5297786121346347,2021,-0.055537947509155416,-0.07137414274828546
Eastern Cape,Ward 21306016,EC136,3137,0.4823079375199235,False,8.051022208190679,0.5306279382497051,2021,-0.06300696263368633,-0.036251920122887915
Eastern Cape,Ward 21306017,EC136,3054,0.5690897184020957,False,8.024207485778577,0.5252040769445694,2021,-0.005784968314696326,-0.043233082706766957
Eastern Cape,Ward 21307001,EC137,3269,0.4677271336800245,False,8.092239406724211,0.46940555463234096,2021,-0.04548484518080931,-0.040223135642982966
Eastern Cape,Ward 21307002,EC137,3134,0.48085513720485,False,8.050065422915965,0.4687146070784028,2021,-0.08315066831038948,-0.09027576197387521
Eastern Cape,Ward 21307003,EC137,2977,0.5005038629492778,False,7.998671361015776,0.46768046361816973,2021,-0.03655605057759059,-0.0806053119209389
Eastern Cape,Ward 21307004,EC137,3522,0.4673480976717774,False,8.166784289056151,0.46942550389593296,2021,-0.09835528291709944,-0.03980370774263908
Eastern Cape,Ward 21307005,EC137,3038,0.5368663594470046,False,8.018954683155718,0.46576664801302625,2021,0.004213929858641774,-0.05973382853605691
Eastern Cape,Ward 21307006,EC137,3460,0.5644508670520231,False,8.14902386805177,0.4643148318232884,2021,0.07673765514106617,0.00028910089621270174
Eastern Cape,Ward 21307007,EC137,3564,0.4284511784511784,False,8.1786387885907,0.47147271017070136,2021,-0.11996854341987084,-0.09886219974715549
Eastern Cape,Ward 21307008,EC137,3199,0.4992185057830572,False,8.070593539949519,0.4677481139953393,2021,-0.0660625246619077,-0.06352459016393441
Eastern Cape,Ward 21307009,EC137,3904,0.4477459016393442,False,8.269756947532983,0.4704571984239558,2021,-0.044755307842997305,-0.05563618771165946
Eastern Cape,Ward 21307010,EC137,4053,0.3609671848013817,False,8.307212626628308,0.4750244993101643,2021,-0.07970267165794842,-0.030382775119617178
Eastern Cape,Ward 21307011,EC137,3571,0.3856062727527303,False,8.18060094759445,0.47372770520746177,2021,-0.04314854111119781,0.14602053915276003
Eastern Cape,Ward 21307012,EC137,3072,0.4925130208333333,False,8.030084094267563,0.46810103425585103,2021,-0.04278277796632374,-0.12203486710488709
Eastern Cape,Ward 21307013,EC137,3647,0.4272004387167535,False,8.20166019080868,0.4715385385777764,2021,-0.09176730321873039,-0.05883870967741933
Eastern Cape,Ward 21307014,EC137,3076,0.4726918075422627,False,8.031385330625534,0.46914425600801263,2021,-0.07668928279221188,-0.18988675269949962
Eastern Cape,Ward 21307015,EC137,3956,0.4764914054600607,False,8.282988692742602,0.4689442771702338,2021,-0.02614775001018882,-0.050863723608445266
Eastern Cape,Ward 21307016,EC137,3542,0.4669678147939017,False,8.17244681834278,0.4694455187842422,2021,0.007365165787279193,-0.061721854304635726
Eastern Cape,Ward 21307017,EC137,3740,0.4727272727272727,False,8.226840890408578,0.46914238941932795,2021,-0.036967282385609035,-0.006640106241699861
Eastern Cape,Ward 21307018,EC137,3761,0.4777984578569529,False,8.232440158470336,0.4688754849388185,2021,-0.049887176233376296,-0.040316407246746566
Eastern Cape,Ward 21307019,EC137,4070,0.482063882063882,False,8.311398278436641,0.4686509889279275,2021,-0.04654131888174445,-0.0378250591016549
Eastern Cape,Ward 21307020,EC137,3814,0.4782380702674357,False,8.246433786160365,0.4688523474435299,2021,-0.07831879735220382,0.18520820385332515
Eastern Cape,Ward 21308001,EC138,3682,0.4744703965236285,False,8.211211361793023,0.491598561504614,2021,-0.05661768637792591,-0.04611398963730573
Eastern Cape,Ward 21308002,EC138,3587,0.5065514357401728,False,8.185071477532283,0.48758843160254595,2021,-0.051638219432241006,-0.03367456896551724
Eastern Cape,Ward 21308003,EC138,3372,0.494661921708185,False,8.123261319121745,0.4890746208565444,2021,-0.06560365541132473,-0.13891726251276815
Eastern Cape,Ward 21308004,EC138,3266,0.4102878138395591,False,8.09132127353041,0.49962138434012265,2021,-0.04973295459242422,0.13049498096227063
Eastern Cape,Ward 21308005,EC138,3827,0.4115495165926313,False,8.249836485425702,0.49946367149598864,2021,-0.13402512013127887,0.011096433289299767
Eastern Cape,Ward 21308006,EC138,2901,0.4998276456394346,False,7.972810784121404,0.4884289053651382,2021,-0.0851814951283899,-0.11608775137111516
Eastern Cape,Ward 21308007,EC138,2954,0.474949221394719,False,7.9909154630913255,0.49153870839572766,2021,-0.09744896865052982,-0.04524886877828049
Eastern Cape,Ward 21308008,EC138,3379,0.5862681266646937,False,8.12533508671429,0.4776238452369808,2021,-0.04171707346985054,0.13656239488731914
Eastern Cape,Ward 21308009,EC138,3060,0.5486928104575164,False,8.026170194946426,0.482320759762878,2021,0.01937528402368105,-0.019545017622556893
Eastern Cape,Ward 21401001,EC141,3575,0.4945454545454545,False,8.181720455128108,0.47955860274770057,2021,0.019505624487037132,-0.05071694105151359
Eastern Cape,Ward 21401002,EC141,3689,0.4231499051233396,False,8.213110697596676,0.48402082458658274,2021,-0.13787420623634217,-0.08302261993537163
Eastern Cape,Ward 21401003,EC141,3663,0.4613704613704614,False,8.206037762778815,0.4816320398211376,2021,-0.0908491947752918,-0.06004618937644346
Eastern Cape,Ward 21401004,EC141,3757,0.4242746872504658,False,8.231376045573969,0.48395052570363734,2021,-0.11054991874851738,-0.04499237417386881
Eastern Cape,Ward 21401005,EC141,4024,0.4644632206759443,False,8.300031711779575,0.4814387423645449,2021,-0.051497999470662414,-0.04847481674154641
Eastern Cape,Ward 21401006,EC141,3156,0.5076045627376425,False,8.057060681965766,0.4787424084856888,2021,-0.04554270567090857,-0.06294536817102137
Eastern Cape,Ward 21401007,EC141,3407,0.5509245670678016,False,8.133587417660966,0.47603490821505384,2021,-0.042566883566506175,-0.060397131825703276
Eastern Cape,Ward 21401008,EC141,3288,0.4923965936739659,False,8.098034756176071,0.47969290655216856,2021,-0.06698819698396635,-0.06351466818570206
Eastern Cape,Ward 21401009,EC141,3816,0.3611111111111111,False,8.246958032568177,0.48789824921234703,2021,-0.1112749478701221,0.023056300268096575
Eastern Cape,Ward 21401010,EC141,3828,0.4736154649947753,False,8.250097752572845,0.480866727094618,2021,-0.09377638296721519,-0.04276069017254314
Eastern Cape,Ward 21401011,EC141,3416,0.4651639344262295,False,8.13622555490846,0.4813949477551521,2021,-0.08303551155715005,-0.05373961218836565
Eastern Cape,Ward 21401012,EC141,3217,0.496425240907678,False,8.076204527239026,0.47944111610006157,2021,-0.12635270425652806,-0.030732148237420875
Eastern Cape,Ward 21401013,EC141,3504,0.4517694063926941,False,8.161660452056282,0.48223210575724806,2021,-0.0684353349866163,-0.05603448275862066
Eastern Cape,Ward 21401014,EC141,3858,0.4639709694142042,False,8.257904193465674,0.4814695080684037,2021,-0.040262098314879535,-0.03934262948207168
Eastern Cape,Ward 21401015,EC141,3607,0.4826725810923205,False,8.19063168090354,0.48030065733852145,2021,-0.06256738743639711,-0.0540257015473381
Eastern Cape,Ward 21401016,EC141,3641,0.517165613842351,False,8.200013648175434,0.4781448427916445,2021,-0.049699572947037196,-0.014347590687601497
Eastern Cape,Ward 21401017,EC141,3668,0.6368593238822247,False,8.207401833376355,0.4706639859141524,2021,0.06637111762879622,0.0060340098738342896
Eastern Cape,Ward 21402001,EC142,3839,0.4540244855431102,False,8.252967195000798,0.4656652050901693,2021,-0.13825602546531596,0.04349007882576794
Eastern Cape,Ward 21402002,EC142,3598,0.4630350194552529,False,8.188133414510478,0.46510204672066036,2021,-0.08289548982604172,-0.14374107567824845
Eastern Cape,Ward 21402003,EC142,3968,0.4049899193548387,False,8.286017468404763,0.46872986547693624,2021,-0.15258105856314236,0.04311251314405884
Eastern Cape,Ward 21402004,EC142,3361,0.4543290687295447,False,8.119993827725105,0.46564616864101716,2021,-0.0819149838873039,-0.059333893087041734
Eastern Cape,Ward 21402005,EC142,2936,0.4747956403269754,False,7.984803389734406,0.4643670079161777,2021,-0.13315890512757,-0.12200956937799046
Eastern Cape,Ward 21402006,EC142,3025,0.5097520661157025,False,8.014666370464942,0.4621822313043823,2021,-0.07346850221988621,-0.18132611637347762
Eastern Cape,Ward 21402007,EC142,3333,0.4512451245124512,False,8.11162807830774,0.4658389151545855,2021,-0.14836756006755364,-0.19317356572258537
Eastern Cape,Ward 21402008,EC142,3918,0.4795814190913731,False,8.273336598504486,0.4640678967434029,2021,-0.06489875239844467,0.04983922829581999
Eastern Cape,Ward 21402009,EC142,3250,0.5073846153846154,False,8.086410275323782,0.4623301969750752,2021,-0.09232255884671692,-0.04831625183016108
Eastern Cape,Ward 21402010,EC142,4144,0.4128861003861004,False,8.329416783939319,0.4682363541624824,2021,-0.20210929979789227,-0.046918123275068946
Eastern Cape,Ward 21402011,EC142,3563,0.4847039012068481,False,8.178358165605836,0.46374774161118565,2021,-0.09598290488661948,-0.08004131164471984
Eastern Cape,Ward 21402012,EC142,3609,0.4981989470767525,False,8.19118600464279,0.46290430124431664,2021,-0.09147692327138679,-0.1334933973589436
Eastern Cape,Ward 21402013,EC142,4027,0.4658554755401043,False,8.300776960851454,0.46492576821535714,2021,-0.1365375295220218,-0.07340082834790607
Eastern Cape,Ward 21402014,EC142,3590,0.5005571030640669,False,8.185907481482324,0.46275691649510947,2021,-0.0780293948262285,-0.053270042194092815
Eastern Cape,Ward 21402015,EC142,3146,0.4338842975206611,False,8.053887083618223,0.46692396684157234,2021,-0.10947363605867472,-0.032595325953259535
Eastern Cape,Ward 21402016,EC142,3052,0.4695281782437746,False,8.023552392404348,0.46469622429637775,2021,-0.05700813460538745,-0.14748603351955303
Eastern Cape,Ward 21402017,EC142,3828,0.4399164054336468,False,8.250097752572845,0.46654696009701074,2021,-0.2013763296090883,0.022435897435897356
Eastern Cape,Ward 21503001,EC153,3618,0.4889441680486456,False,8.193676665955241,0.4519458856528173,2021,-0.058731166860731876,-0.049645390070921946
Eastern Cape,Ward 21503002,EC153,4169,0.42456224514272,False,8.335431477880796,0.4540919497496815,2021,-0.09785978991305055,-0.0509902117004325
Eastern Cape,Ward 21503003,EC153,4777,0.4938245760937827,False,8.471568013389962,0.45178320538464606,2021,-0.05207953054994985,0.02709094818318647
Eastern Cape,Ward 21503004,EC153,4538,0.3955486998677832,False,8.420241665339788,0.4550590679255127,2021,-0.11507943483486793,0.08383090518270842
Eastern Cape,Ward 21503005,EC153,4517,0.4916980296657073,False,8.415603335654604,0.4518540902655819,2021,-0.0869070387352795,0.01300740076250273
Eastern Cape,Ward 21503006,EC153,4947,0.3879118657772387,False,8.506536611227709,0.4553136290618642,2021,-0.08705294419662013,-0.005228232455258386
Eastern Cape,Ward 21503007,EC153,4910,0.4755600814663951,False,8.499029220788566,0.45239202187222566,2021,-0.051035663214455906,0.044680851063829685
Eastern Cape,Ward 21503008,EC153,4101,0.5047549378200439,False,8.31898612539206,0.4514188599937707,2021,-0.051297759172250434,0.01938851603281133
Eastern Cape,Ward 21503009,EC153,4842,0.449607600165221,False,8.485083137498004,0.45325710458226476,2021,-0.08660995236877161,0.19703337453646474
Eastern Cape,Ward 21503010,EC153,4129,0.470573988859288,False,8.32579052588609,0.45255822495912923,2021,0.12590393809786665,0.04796954314720803
Eastern Cape,Ward 21503011,EC153,4618,0.4367691641403204,False,8.43771698991444,0.45368505244976143,2021,-0.056637429266272965,0.014945054945054936
Eastern Cape,Ward 21503012,EC153,4390,0.3690205011389522,False,8.387084506069217,0.4559433412164738,2021,-0.14926711315863722,-0.08769742310889439
Eastern Cape,Ward 21503013,EC153,4561,0.4148213111159833,False,8.4252971767117,0.4544166475505727,2021,0.013086547363415413,0.0410865099292399
Eastern Cape,Ward 21503014,EC153,3788,0.4023231256599788,False,8.239593454305968,0.4548332537324395,2021,-0.08045082410663601,-0.15803511891531452
Eastern Cape,Ward 21503015,EC153,4763,0.3422212891035062,False,8.46863300080086,0.45683664828432197,2021,-0.1436899211134003,-0.03446178795864585
Eastern Cape,Ward 21503016,EC153,3876,0.4994840041279669,False,8.262558973010657,0.4515945577835066,2021,-0.05042283643631307,0.03167420814479649
Eastern Cape,Ward 21503017,EC153,4685,0.4224119530416222,False,8.452121194672523,0.4541636261530514,2021,-0.08885151414740816,0.14715964740450538
Eastern Cape,Ward 21503018,EC153,5064,0.4346366508688783,False,8.529911963824013,0.4537561362254762,2021,-0.1390784077424833,0.14156898106402171
Eastern Cape,Ward 21503019,EC153,4041,0.4003959415986142,False,8.304247465078474,0.4548974932011517,2021,-0.09364566615739461,-0.18380125227226818
Eastern Cape,Ward 21503020,EC153,4146,0.4059334298118668,False,8.329899292995725,0.4547129102607099,2021,-0.12429589610891151,-0.03961084086170952
Eastern Cape,Ward 21503021,EC153,4473,0.4075564498099709,False,8.405814603432848,0.4546588095941065,2021,-0.004972023994129271,0.018906605922551334
Eastern Cape,Ward 21503022,EC153,4823,0.4781256479369687,False,8.481151420068972,0.4523065029898732,2021,-0.025894313249612944,0.3371222622678125
Eastern Cape,Ward 21503023,EC153,3804,0.4994742376445846,False,8.24380842366528,0.45159488333295267,2021,-0.0399392678706158,0.023405972558514954
Eastern Cape,Ward 21503024,EC153,4359,0.6178022482220693,False,8.379997952238393,0.4476506163137032,2021,0.05545054772114655,0.14922225151595048
Eastern Cape,Ward 21503025,EC153,4001,0.5333666583354162,False,8.294299608857235,0.4504651359765916,2021,-0.04475425242093034,0.04710808688824919
Eastern Cape,Ward 21503026,EC153,4658,0.4783168741949334,False,8.446341450444287,0.4523001287812744,2021,-0.06279784712473668,0.16420894776305928
Eastern Cape,Ward 21503027,EC153,3714,0.4254173397953689,False,8.219864741912652,0.4540634465945932,2021,-0.09000580810866488,-0.020827840759293448
Eastern Cape,Ward 21503028,EC153,4065,0.4447724477244772,False,8.310169021981912,0.4534182763302896,2021,-0.08130610990591558,-0.12749517063747584
Eastern Cape,Ward 21503029,EC153,4750,0.455578947368421,False,8.465899897028686,0.45305805967549145,2021,-0.042766519210003906,0.04787116699757332
Eastern Cape,Ward 21503030,EC153,4007,0.5021212877464437,False,8.295798110636145,0.45150664832955734,2021,-0.0678614325695277,-0.01086151567514193
Eastern Cape,Ward 21503031,EC153,4103,0.4937850353399951,False,8.319473692442186,0.4517845234097723,2021,-0.050044543504275174,0.004652301665034386
Eastern Cape,Ward 21504001,EC154,4405,0.5595913734392736,False,8.39049553837028,0.5109227897301695,2021,0.004798474030989541,0.04260355029585794
Eastern Cape,Ward 21504002,EC154,3907,0.559508574353724,False,8.27052509505507,0.5109271475767773,2021,-0.020649112899889688,-0.14432763907139723
Eastern Cape,Ward 21504003,EC154,3903,0.4765564950038432,False,8.269500767180615,0.515293046489929,2021,-0.058817829668140365,0.004116285052739865
Eastern Cape,Ward 21504004,EC154,4137,0.4573362339859801,False,8.327726166461412,0.5163046391750796,2021,-0.09751608668912537,0.24683544303797467
Eastern Cape,Ward 21504005,EC154,3368,0.4890142517814727,False,8.122074375362217,0.51463737508058,2021,-0.07940680085010626,-0.01520467836257311
Eastern Cape,Ward 21504006,EC154,4028,0.394240317775571,False,8.301025253838453,0.5196254768703643,2021,-0.07858315504790181,-0.03126503126503122
Eastern Cape,Ward 21504007,EC154,4038,0.5094105993065874,False,8.303504798872783,0.513563883105574,2021,-0.040624227719184614,-0.062456466217785
Eastern Cape,Ward 21504008,EC154,4194,0.5526943252265141,False,8.341410211461865,0.5112857922676831,2021,-0.0660487226044092,0.16629588431590658
Eastern Cape,Ward 21504009,EC154,3460,0.4953757225433526,False,8.14902386805177,0.5143025608299547,2021,-0.0712810027772558,0.03191172084700278
Eastern Cape,Ward 21504010,EC154,3411,0.6584579302257403,False,8.134760782418645,0.5057192867414081,2021,0.03920505666252194,-0.019827586206896508
Eastern Cape,Ward 21504011,EC154,4008,0.6082834331337326,False,8.2960476427647,0.5083600497462505,2021,0.03681959704387816,-0.010614663046161432
Eastern Cape,Ward 21504012,EC154,3528,0.4861111111111111,False,8.168486417126681,0.5147901719579675,2021,-0.07125806795753992,-0.15314450312049932
Eastern Cape,Ward 21504013,EC154,4324,0.5048566142460684,False,8.371936178759098,0.5138035665298119,2021,-0.07306115763722065,0.4336870026525199
Eastern Cape,Ward 21504014,EC154,4060,0.4573891625615763,False,8.308938252595778,0.5163018534605746,2021,-0.07268930300076021,0.17988956698634118
Eastern Cape,Ward 21504015,EC154,3259,0.4255906719852715,False,8.089175678837561,0.5179754582277486,2021,-0.11295650307735022,-0.0929585304759254
Eastern Cape,Ward 21504016,EC154,3636,0.5748074807480749,False,8.19863945529737,0.5101219419770747,2021,-0.035665401966325394,-0.028586695164306675
Eastern Cape,Ward 21504017,EC154,3601,0.520410996945293,False,8.188966863648876,0.5129849148088,2021,-0.054445834251870884,-0.01799836378511044
Eastern Cape,Ward 21504018,EC154,3588,0.4760312151616499,False,8.185350223178686,0.5153206927974129,2021,-0.077456002510229,-0.10945644080416972
Eastern Cape,Ward 21504019,EC154,4010,0.5583541147132169,False,8.296546520300614,0.5109879086104883,2021,0.0037628493156804943,0.12262038073908177
Eastern Cape,Ward 21504020,EC154,3383,0.5031037540644399,False,8.12651816878071,0.5138958223288449,2021,-0.05169876988975508,-0.20939471839214774
Eastern Cape,Ward 21505001,EC155,4612,0.4277970511708586,False,8.436416881388949,0.4245036475068762,2021,-0.10702248173784629,-0.020806794055201694
Eastern Cape,Ward 21505002,EC155,4589,0.4944432338200044,False,8.431417414394833,0.422282108085238,2021,-0.021434053585808355,0.23493003229278786
Eastern Cape,Ward 21505003,EC155,4239,0.4326492097192734,False,8.352082671352637,0.4243419088885957,2021,-0.13355329205084693,0.0004720320981825843
Eastern Cape,Ward 21505004,EC155,3773,0.4277763053273257,False,8.235625719964311,0.4245043390349939,2021,-0.11756860543003078,-0.08996623251326585
Eastern Cape,Ward 21505005,EC155,4729,0.4673292450835272,False,8.461469042643875,0.4231859077097872,2021,-0.08817437725814142,0.10516475812105641
Eastern Cape,Ward 21505006,EC155,4279,0.4681000233699462,False,8.361474616416817,0.42316021510023993,2021,-0.07552265156362331,-0.052480070859167394
Eastern Cape,Ward 21505007,EC155,3583,0.4010605637733743,False,8.183955717304954,0.425394863753459,2021,-0.027834877369741995,-0.1873440689498752
Eastern Cape,Ward 21505008,EC155,3892,0.447070914696814,False,8.266678443305896,0.4238611853893443,2021,-0.06192708574753175,-0.13530326594090203
Eastern Cape,Ward 21505009,EC155,4393,0.4591395401775552,False,8.38776764397578,0.42345889787331964,2021,-0.007347282814766876,-0.08840008300477276
Eastern Cape,Ward 21505010,EC155,4635,0.35361380798274,False,8.441391477999955,0.4269764222798135,2021,-0.1314097264631307,-0.008344030808729141
Eastern Cape,Ward 21505011,EC155,4499,0.3720826850411202,False,8.411610428841172,0.4263607930445341,2021,-0.13562912564977359,-0.04944010141559263
Eastern Cape,Ward 21505012,EC155,4446,0.3322087269455691,False,8.399760094524142,0.4276899249810525,2021,-0.04329201098401131,-0.06261859582542695
Eastern Cape,Ward 21505013,EC155,4483,0.3883560115993754,False,8.40804774415544,0.4258183488259256,2021,-0.11898447400197976,0.2656691134952005
Eastern Cape,Ward 21505014,EC155,4118,0.4320058280718795,False,8.323122887587735,0.4243633549435088,2021,-0.10238281821633011,0.12390829694323147
Eastern Cape,Ward 21505015,EC155,4410,0.3802721088435374,False,8.391629968440892,0.42608781225112025,2021,-0.15111224197331558,-0.0520206362854686
Eastern Cape,Ward 21505016,EC155,3977,0.453105355795826,False,8.28828304520769,0.4236600373527106,2021,-0.019527780298848496,-0.019477317554240647
Eastern Cape,Ward 21505017,EC155,3629,0.4152659134747864,False,8.19671240721307,0.4249213520967452,2021,-0.10329895928282723,-0.2430120984564038
Eastern Cape,Ward 21505018,EC155,4009,0.4627089049638314,False,8.296297112642508,0.42333991904711044,2021,-0.11229109503616858,0.06622340425531914
Eastern Cape,Ward 21505019,EC155,3973,0.481500125849484,False,8.287276755814599,0.4227135450175886,2021,-0.10321419519924224,-0.01731387583477617
Eastern Cape,Ward 21505020,EC155,4130,0.447457627118644,False,8.326032685955079,0.42384829497528337,2021,-0.057239213188785554,-0.11827497865072589
Eastern Cape,Ward 21505021,EC155,4777,0.4354197194892191,False,8.471568013389962,0.4242495585629308,2021,-0.04400585355690079,0.31924882629107976
Eastern Cape,Ward 21505022,EC155,3724,0.3791621911922664,False,8.222553638396958,0.42612480950616255,2021,-0.07511822227182047,-0.012987012987012991
Eastern Cape,Ward 21505023,EC155,4180,0.3921052631578947,False,8.338066525518801,0.425693373773975,2021,-0.11483721346437797,0.184471521677529
Eastern Cape,Ward 21505024,EC155,3795,0.4545454545454545,False,8.24143968982973,0.4236120340610563,2021,-0.025722794100405733,-0.021150374000515892
Eastern Cape,Ward 21505025,EC155,4085,0.4230110159118727,False,8.315077007294104,0.424663182015509,2021,-0.10563198125650025,-0.11021563929427136
Eastern Cape,Ward 21505026,EC155,4836,0.4491315136476427,False,8.483843211734683,0.42379249875765,2021,-0.022788776207429695,0.09510869565217384
Eastern Cape,Ward 21505027,EC155,3606,0.4841930116472546,False,8.190354403763262,0.42262378215766294,2021,-0.08447651624974117,-0.03272532188841204
Eastern Cape,Ward 21505028,EC155,4788,0.435672514619883,False,8.473868066677865,0.42424113205857533,2021,-0.13831122521751538,0.29756097560975614
Eastern Cape,Ward 21505029,EC155,4646,0.3491175204476969,False,8.443761913330354,0.42712629853098155,2021,-0.10259158714578781,0.06584078917182845
Eastern Cape,Ward 21505030,EC155,4343,0.403177527055031,False,8.376320632534823,0.4253242983107371,2021,-0.1081375882310493,-0.07280102476515804
Eastern Cape,Ward 21505031,EC155,3679,0.4134275618374558,False,8.210396255104774,0.4249826304846563,2021,-0.10971934744806727,-0.015520470966015498
Eastern Cape,Ward 21506001,EC156,3887,0.4481605351170568,False,8.265392930852224,0.4588727761203749,2021,-0.10360811967251204,0.0036147689129872873
Eastern Cape,Ward 21506002,EC156,3133,0.3329077561442706,False,8.049746290952191,0.4634828872792863,2021,-0.13759194283224951,-0.0568934376881397
Eastern Cape,Ward 21506003,EC156,3384,0.4098699763593381,False,8.126813720726114,0.46040439847068365,2021,-0.08897728588850051,-0.02478386167146973
Eastern Cape,Ward 21506004,EC156,3292,0.3930741190765492,False,8.09925056179696,0.46107623276199516,2021,-0.035705799195488164,-0.03911266783420897
Eastern Cape,Ward 21506005,EC156,3967,0.4776909503403075,False,8.28576542051433,0.4576915595114449,2021,-0.0412538937843927,-0.048681055155875286
Eastern Cape,Ward 21506006,EC156,4077,0.3868040225656119,False,8.313116702819253,0.46132703662243274,2021,-0.018128159925140164,0.005425400739827335
Eastern Cape,Ward 21506007,EC156,3691,0.4508263343267407,False,8.213652703029998,0.4587661441519876,2021,-0.09501188372718661,-0.13458382180539274
Eastern Cape,Ward 21506008,EC156,3485,0.4307030129124821,False,8.156223323194624,0.45957107700855787,2021,-0.08305080759321398,-0.03167546540705757
Eastern Cape,Ward 21506009,EC156,3943,0.5120466649759067,False,8.279697133877628,0.4563173309260209,2021,-0.012896358574359224,-0.001519371992909635
Eastern Cape,Ward 21506010,EC156,3246,0.4340727048675292,False,8.085178748074537,0.4594362893303561,2021,-0.08616132731189546,-0.2086786933203315
Eastern Cape,Ward 21506011,EC156,3357,0.3622281799225499,False,8.118802996980035,0.4623100703281552,2021,-0.21697974086952926,-0.07673267326732669
Eastern Cape,Ward 21506012,EC156,4117,0.5105659460772407,False,8.322880021769905,0.45637655968196755,2021,0.005960304165899322,0.18508923431203228
Eastern Cape,Ward 21506013,EC156,4069,0.4765298599164413,False,8.31115254800169,0.4577380031283995,2021,-0.09496657713819051,-0.03349168646080758
Eastern Cape,Ward 21506014,EC156,3908,0.5496417604912999,False,8.270781013162674,0.4548135271054052,2021,-0.0194314346123724,-0.023732200849363005
Eastern Cape,Ward 21506015,EC156,3787,0.4489041457618167,False,8.239329427901795,0.45884303169458446,2021,-0.040214750204213,0.005042462845010531
Eastern Cape,Ward 21506016,EC156,3972,0.459718026183283,False,8.287025025165063,0.4584104764777258,2021,-0.08974240547139328,0.19064748201438841
Eastern Cape,Ward 21506017,EC156,3637,0.4676931536981028,False,8.19891444498699,0.45809147137713313,2021,-0.07994453881038055,-0.05063951970764813
Eastern Cape,Ward 21506018,EC156,3070,0.462214983713355,False,8.029432840581244,0.458310598176523,2021,-0.058261788902781886,-0.061735941320293364
Eastern Cape,Ward 21506019,EC156,3196,0.5037546933667084,False,8.069655306886165,0.4566490097903888,2021,-0.059906141088204135,-0.13970390309555858
Eastern Cape,Ward 21506020,EC156,3179,0.4680717206668763,False,8.064321960910803,0.45807632869838216,2021,-0.05217367810612983,-0.024846625766871133
Eastern Cape,Ward 21506021,EC156,3539,0.4309126871997739,False,8.171599480345463,0.45956269003706623,2021,-0.1276726259751721,-0.044546436285097246
Eastern Cape,Ward 21506022,EC156,3260,0.5279141104294478,False,8.089482474360754,0.45568263310787926,2021,-0.05384503951152031,-0.037780401416765086
Eastern Cape,Ward 21506023,EC156,3842,0.493492972410203,False,8.253748343328501,0.45705947862864904,2021,-0.06010005928590151,-0.07040890394386645
Eastern Cape,Ward 21506024,EC156,3046,0.4954038082731451,False,8.021584533455107,0.45698304519413135,2021,-0.01614824391494951,-0.17205762435444416
Eastern Cape,Ward 21506025,EC156,3897,0.5491403643828586,False,8.26796230533871,0.4548335829497428,2021,0.041748733212725875,-0.023552994237033276
Eastern Cape,Ward 21506026,EC156,3183,0.4376374489475337,False,8.065579427282092,0.4592936995671558,2021,-0.0737534383426342,-0.045863309352518034
Eastern Cape,Ward 21507001,EC157,5246,0.3171940526115135,False,8.56522116042682,0.39474661144939605,2021,-0.1209064647572965,-0.030672579453067228
Eastern Cape,Ward 21507002,EC157,5300,0.2956603773584905,False,8.575462099540212,0.3953799548391908,2021,-0.1095683808114441,-0.08840729274165804
Eastern Cape,Ward 21507003,EC157,5668,0.3604446012702893,False,8.64259160081057,0.3934745364888438,2021,-0.03023036927339018,-0.045951859956236296
Eastern Cape,Ward 21507004,EC157,6600,0.4416666666666666,False,8.794824928014517,0.39108565221247976,2021,-0.016578094948881517,0.0021257212268448455
Eastern Cape,Ward 21507005,EC157,5670,0.1476190476190476,False,8.642944396721798,0.3997341115962333,2021,-0.14866122919756142,-0.1825259515570934
Eastern Cape,Ward 21507006,EC157,5004,0.324740207833733,False,8.517992871586802,0.39452466570756606,2021,-0.1318892841117441,0.03345724907063197
Eastern Cape,Ward 21507007,EC157,4893,0.5090946249744533,False,8.495560891289124,0.3891024769681331,2021,0.16934062172543973,0.1355302854490601
Eastern Cape,Ward 21507008,EC157,5863,0.3145147535391437,False,8.676416696964216,0.3948254143632893,2021,-0.06820129584357226,0.20637860082304527
Eastern Cape,Ward 21507009,EC157,4871,0.3001437076575652,False,8.491054533806542,0.3952480921833357,2021,-0.0905396229705796,-0.20938159389709465
Eastern Cape,Ward 21507010,EC157,4898,0.4183340138832176,False,8.496582237512113,0.3917719067061106,2021,-0.06667165964571736,-0.20603015075376885
Eastern Cape,Ward 21507011,EC157,5175,0.3227053140096618,False,8.55159461813357,0.3945845155259211,2021,-0.09752470663321638,-0.23695075199056326
Eastern Cape,Ward 21507012,EC157,5295,0.2496694995278564,False,8.574518258035507,0.3967326277165624,2021,-0.11480357916519462,-0.18775885872066267
Eastern Cape,Ward 21507013,EC157,4761,0.4018063432052089,False,8.46821300919452,0.39225801466722854,2021,-0.08290897968359506,-0.09037065341994654
Eastern Cape,Ward 21507014,EC157,5115,0.3442815249266862,False,8.539932678385727,0.3939499210871851,2021,-0.09234627090585062,-0.02217549225769455
Eastern Cape,Ward 21507015,EC157,4760,0.4483193277310924,False,8.468002947225466,0.3908899857105849,2021,0.022999270832088192,-0.03271692745376953
Eastern Cape,Ward 21507016,EC157,5693,0.4180572633058141,False,8.646992628951082,0.39178004642897546,2021,-0.04701820176965099,-0.0008775008775008253
Eastern Cape,Ward 21507017,EC157,5196,0.4451501154734411,False,8.55564437779049,0.3909831978358099,2021,-0.024146425529279425,0.009716284492810034
Eastern Cape,Ward 21507018,EC157,6131,0.4421790898711466,False,8.721113147762688,0.3910705809417598,2021,-0.06340497291182956,-0.07470570479927563
Eastern Cape,Ward 21507019,EC157,6203,0.4102853458004191,False,8.732788324973118,0.3920086322379576,2021,-0.03488194044493409,-0.03918835192069392
Eastern Cape,Ward 21507020,EC157,5944,0.4308546433378196,False,8.690137586397595,0.3914036528986223,2021,-0.06429883000628372,-0.039741518578352175
Eastern Cape,Ward 21507021,EC157,6463,0.4428284078601269,False,8.773848885262895,0.3910514833538486,2021,-0.025951922130167504,0.045454545454545414
Eastern Cape,Ward 21507022,EC157,4976,0.4786977491961415,False,8.512381634419015,0.38999650272631875,2021,-0.020353844127075416,-0.05614567526555392
Eastern Cape,Ward 21507023,EC157,5986,0.5309054460407617,False,8.697178688412643,0.3884609822308887,2021,0.018455399929479865,-0.07992622194897014
Eastern Cape,Ward 21507024,EC157,6249,0.4579932789246279,False,8.740176729929082,0.39060545773430444,2021,-0.05167846785145652,-0.08426143024618993
Eastern Cape,Ward 21507025,EC157,6227,0.3770676088003854,False,8.736649954872451,0.39298562450266455,2021,-0.05281552976388837,0.039565943238731194
Eastern Cape,Ward 21507026,EC157,5906,0.4612258719945817,False,8.683724062303869,0.3905103814675411,2021,-0.05137298767067483,0.08626080559131877
Eastern Cape,Ward 21507027,EC157,5691,0.420312774556317,False,8.646641258603124,0.39171370786278414,2021,-0.0472084449136293,-0.014204053351810186
Eastern Cape,Ward 21507028,EC157,5924,0.4113774476704929,False,8.68676717538769,0.3919765115947202,2021,-0.06186243764330129,-0.05638738451736225
Eastern Cape,Ward 21507029,EC157,6920,0.4501445086705202,False,8.842171048611716,0.39083630391824875,2021,-0.01673389423329108,0.046581972171808816
Eastern Cape,Ward 21507030,EC157,5613,0.2690183502583289,False,8.6328406149422,0.39616354387154856,2021,-0.15355542522083143,-0.14618192881046543
Eastern Cape,Ward 21507031,EC157,5014,0.4521340247307538,False,8.519989278718239,0.3907777887400066,2021,-0.05386418475895072,-0.1022381378692927
Eastern Cape,Ward 21507032,EC157,5475,0.4277625570776255,False,8.607947554684701,0.3914945966121574,2021,-0.044827234982866004,-0.05911668671593062
Eastern Cape,Ward 21507033,EC157,5451,0.4311135571454779,False,8.603554357064281,0.39139603778663234,2021,-0.06963159933738355,0.015461997019374119
Eastern Cape,Ward 21507034,EC157,5835,0.4233076263924593,False,8.671629544720656,0.3916256239852506,2021,-0.04808748903075921,-0.02392104382736704
Eastern Cape,Ward 21507035,EC157,6216,0.3619691119691119,False,8.734881892047483,0.39342969793887844,2021,-0.11779100797091807,0.035482258870564776
Eastern Cape,Ward 24401001,EC441,3493,0.4514743773260807,False,8.158516244806831,0.5233443278016089,2021,-0.0427375549980511,-0.22239536954585926
Eastern Cape,Ward 24401002,EC441,4560,0.4052631578947368,False,8.425077902508432,0.5251927765788627,2021,-0.15713641361035152,0.22121049812533466
Eastern Cape,Ward 24401003,EC441,4122,0.5713245997088792,False,8.324093761450404,0.518550318906297,2021,-0.07291651977443625,0.10925726587728746
Eastern Cape,Ward 24401004,EC441,3740,0.5331550802139038,False,8.226840890408578,0.520077099686096,2021,-0.0566544926116237,-0.0375707668553783
Eastern Cape,Ward 24401005,EC441,3129,0.5314797059763503,False,8.048468743668883,0.5201441146555981,2021,-0.033050087867196765,-0.11635131318836489
Eastern Cape,Ward 24401006,EC441,3535,0.5151343705799152,False,8.170468578330674,0.5207979280714555,2021,-0.10184775350000075,-0.07071503680336488
Eastern Cape,Ward 24401007,EC441,3174,0.5349716446124764,False,8.062747901086354,0.5200044371101531,2021,-0.043578611383212174,-0.14470493128536788
Eastern Cape,Ward 24401008,EC441,3784,0.5036997885835095,False,8.238536930171769,0.5212553113513118,2021,-0.08144745853556856,-0.030985915492957705
Eastern Cape,Ward 24401009,EC441,3220,0.4894409937888199,False,8.077136638538454,0.5218256631430993,2021,-0.032176858372965356,-0.2515109251510925
Eastern Cape,Ward 24401010,EC441,4173,0.5662592858854542,False,8.336390480591552,0.518752931459234,2021,-0.04552016273609971,0.045864661654135386
Eastern Cape,Ward 24401011,EC441,4070,0.5343980343980343,False,8.311398278436641,0.5200273815187307,2021,-0.04843926718926728,0.009424603174603252
Eastern Cape,Ward 24401012,EC441,4423,0.5227221342979878,False,8.394573477868327,0.5204944175227326,2021,-0.0823132708947738,0.1599790191450301
Eastern Cape,Ward 24401013,EC441,3248,0.583743842364532,False,8.085794701281568,0.5180535492000709,2021,-0.0667415945286719,-0.014563106796116498
Eastern Cape,Ward 24401014,EC441,3190,0.4824451410658307,False,8.06777619577889,0.5221054972520188,2021,-0.13569328375517165,-0.04832935560859186
Eastern Cape,Ward 24401015,EC441,3624,0.4856512141280353,False,8.19533366716287,0.5219772543295307,2021,-0.11358438510756391,-0.01064701064701068
Eastern Cape,Ward 24401016,EC441,3284,0.5289281364190013,False,8.096817470572319,0.520246177437892,2021,-0.09004064314580473,-0.22327341532639544
Eastern Cape,Ward 24401017,EC441,3922,0.5351861295257522,False,8.274357006756292,0.5199958577136221,2021,-0.09765194652562026,-0.01233946109292372
Eastern Cape,Ward 24401018,EC441,3229,0.5010839269123568,False,8.079927770758275,0.5213599458181579,2021,-0.09939028766974156,-0.042975696502667415
Eastern Cape,Ward 24401019,EC441,3447,0.4046997389033943,False,8.145259566516865,0.5252153133385163,2021,-0.06728425194852111,-0.014579759862778707
Eastern Cape,Ward 24401020,EC441,4336,0.4347324723247232,False,8.374707543119483,0.5240140040016632,2021,-0.1399139394091689,0.13567312729177572
Eastern Cape,Ward 24401021,EC441,3640,0.6115384615384616,False,8.199738960630786,0.5169417644331137,2021,-0.028322689748781715,0.05293607173850168
Eastern Cape,Ward 24401022,EC441,3271,0.5582390706206053,False,8.092851027538384,0.5190737400698279,2021,0.0002047022154199052,-0.01386795296955079
Eastern Cape,Ward 24401023,EC441,3377,0.5436778205507847,False,8.124743020385568,0.5196561900726206,2021,-0.07139910252613835,0.03907692307692301
Eastern Cape,Ward 24401024,EC441,3281,0.560195062480951,False,8.0959035329611,0.5189955003954141,2021,-0.0600619754627455,0.00397796817625462
Eastern Cape,Ward 24401025,EC441,4228,0.5577105014191107,False,8.349484346990128,0.5190948828378876,2021,-0.055025347637493005,-0.002830188679245338
Eastern Cape,Ward 24401026,EC441,3827,0.5879278808466162,False,8.249836485425702,0.5178861876607875,2021,-0.08269373380388678,-0.012896569512509726
Eastern Cape,Ward 24402001,EC442,3943,0.5521176768957646,False,8.279697133877628,0.4744045168993589,2021,-0.06809049776785558,0.0010154861640010449
Eastern Cape,Ward 24402002,EC442,3559,0.5265524023602135,False,8.177234885510194,0.47538779668918785,2021,-0.04030356046890371,-0.08131130614352089
Eastern Cape,Ward 24402003,EC442,4128,0.4561531007751938,False,8.325548307161398,0.4780954621347655,2021,-0.10572808734361816,0.27722772277227725
Eastern Cape,Ward 24402004,EC442,3664,0.5169213973799127,False,8.20631072579402,0.47575821995766093,2021,-0.09840635027903255,-0.0970921636274027
Eastern Cape,Ward 24402005,EC442,3880,0.5876288659793815,False,8.263590432617319,0.47303870193460446,2021,-0.011453207454743763,0.04751619870410373
Eastern Cape,Ward 24402006,EC442,3273,0.5377329666972197,False,8.09346227450118,0.47495777498391833,2021,-0.08191838037092614,0.03740095087163242
Eastern Cape,Ward 24402007,EC442,3525,0.4902127659574468,False,8.16763571524637,0.4767854750123712,2021,-0.051351020050783625,-0.27469135802469136
Eastern Cape,Ward 24402008,EC442,3554,0.492121553179516,False,8.175829008714597,0.47671206011921463,2021,-0.11562111690303456,0.011670936521491537
Eastern Cape,Ward 24402009,EC442,3528,0.4642857142857143,False,8.168486417126681,0.4777826693074378,2021,-0.04936616284739148,0.0034129692832765013
Eastern Cape,Ward 24402010,EC442,3635,0.4885832187070151,False,8.19836438996762,0.4768481499066185,2021,-0.024024007703174644,-0.055107876267221245
Eastern Cape,Ward 24402011,EC442,3620,0.5441988950276243,False,8.194229304819817,0.4747090854327489,2021,-0.010786442215777403,-0.11534701857282503
Eastern Cape,Ward 24402012,EC442,3211,0.4917471192774836,False,8.074337694089515,0.47672646142313896,2021,-0.039037823821436723,-0.0630288882404435
Eastern Cape,Ward 24402013,EC442,3678,0.4864056552474171,False,8.210124405164267,0.4769319023473723,2021,-0.03917443980430224,0.028235951915012603
Eastern Cape,Ward 24402014,EC442,3963,0.4347716376482463,False,8.284756593190435,0.47891782610118655,2021,-0.09957179669518806,0.0007575757575757347
Eastern Cape,Ward 24402015,EC442,3856,0.5033713692946058,False,8.257385655730436,0.4762793748840189,2021,-0.0444217528283295,0.04413755754129434
Eastern Cape,Ward 24402016,EC442,4280,0.3647196261682243,False,8.361708288575842,0.4816121342350336,2021,-0.13576137431277624,0.029341029341029445
Eastern Cape,Ward 24402017,EC442,4159,0.4063476797307045,False,8.33302993974291,0.4800110552518613,2021,-0.10556969315065146,0.10143008474576276
Eastern Cape,Ward 24402018,EC442,4525,0.2961325966850828,False,8.417372856134026,0.484250096907462,2021,-0.0769282257724399,0.11425757202659437
Eastern Cape,Ward 24402019,EC442,3812,0.4341552990556138,False,8.245909264774093,0.4789415314316724,2021,-0.05691858174636372,0.046965119472672345
Eastern Cape,Ward 24402020,EC442,4364,0.4459211732355637,False,8.381144346952961,0.47848899780936666,2021,-0.06513056346591795,0.05999514209375767
Eastern Cape,Ward 24402021,EC442,4105,0.4479902557856273,False,8.31996102188653,0.47840941771128725,2021,-0.0643539718184169,-0.03479896543616268
Eastern Cape,Ward 24402022,EC442,3328,0.4591346153846153,False,8.1101268019411,0.4779807884959416,2021,-0.10213359369850383,-0.04941445301342473
Eastern Cape,Ward 24402023,EC442,3789,0.5618896806545263,False,8.239857411018601,0.47402867060094506,2021,-0.0005788331993780149,-0.04559193954659946
Eastern Cape,Ward 24402024,EC442,3945,0.5039290240811153,False,8.280204233279974,0.47625792662299926,2021,-0.06432494417285295,-0.03663003663003661
Eastern Cape,Ward 24402025,EC442,4209,0.3889284865763839,False,8.344980368770571,0.48068102421933506,2021,-0.06002600296851157,0.0354243542435424
Eastern Cape,Ward 24402026,EC442,3974,0.5430296930045294,False,8.287528423111763,0.47475405474132953,2021,-0.1083464537844614,-0.014629308207289804
Eastern Cape,Ward 24402027,EC442,4042,0.4616526472043543,False,8.304494897963567,0.47788394111825927,2021,-0.0365412119166571,0.21673690547862723
Eastern Cape,Ward 24403001,EC443,4705,0.326673751328374,False,8.45638105201948,0.4743478838229887,2021,-0.06393141160010668,-0.004443504020313127
Eastern Cape,Ward 24403002,EC443,3901,0.490387080235837,False,8.268988209506656,0.46889077285940656,2021,-0.06325426667097589,0.01827199164708948
Eastern Cape,Ward 24403003,EC443,3662,0.4904423812124522,False,8.205764725234456,0.4688889294935194,2021,-0.07550356473349373,-0.010270270270270276
Eastern Cape,Ward 24403004,EC443,3915,0.5052362707535122,False,8.272570608424903,0.46839579984215074,2021,-0.09487036747629318,0.04372167422020801
Eastern Cape,Ward 24403005,EC443,3607,0.5225949542556141,False,8.19063168090354,0.4678171770587473,2021,-0.0583098472986463,0.0011101859561477578
Eastern Cape,Ward 24403006,EC443,3689,0.4852263486039577,False,8.213110697596676,0.4690627972471359,2021,-0.03731676379994836,-0.23353417826719303
Eastern Cape,Ward 24403007,EC443,3555,0.4379746835443038,False,8.176110342237342,0.47063785274912434,2021,-0.12108251984552676,-0.05852754237288138
Eastern Cape,Ward 24403008,EC443,4677,0.5225571947829806,False,8.450412157725886,0.46781843570783516,2021,-0.0200005468765575,0.00021385799828910201
Eastern Cape,Ward 24403009,EC443,4755,0.4647739221871714,False,8.46695197497949,0.46974454479436206,2021,-0.0864209912090137,0.04253453190089895
Eastern Cape,Ward 24403010,EC443,4521,0.4496792744967927,False,8.416488487294606,0.4702476997173747,2021,-0.06709316430647116,0.024705349048050662
Eastern Cape,Ward 24403011,EC443,4103,0.4762368998293931,False,8.319473692442186,0.46936244553962136,2021,-0.09292631070976276,0.0009758477677481725
Eastern Cape,Ward 24403012,EC443,4243,0.4527456987980203,False,8.353025845202325,0.47014548557400043,2021,-0.17444936527412014,0.006881822496440426
Eastern Cape,Ward 24403013,EC443,4066,0.4240039350713231,False,8.310414994188292,0.4711035443648904,2021,-0.13292107015115445,-0.1506162523501149
Eastern Cape,Ward 24403014,EC443,4292,0.5153774464119292,False,8.36450810375059,0.4680577606535368,2021,-0.0626517850826489,0.011786892975011787
Eastern Cape,Ward 24403015,EC443,4085,0.5292533659730723,False,8.315077007294104,0.4675952300014987,2021,-0.003020715456917844,0.014150943396226356
Eastern Cape,Ward 24403016,EC443,4320,0.4578703703703703,False,8.371010681238156,0.4699746631882554,2021,-0.12383048236067368,-0.004378889144964315
Eastern Cape,Ward 24403017,EC443,3767,0.4568622245818954,False,8.23403420769204,0.47000826804787127,2021,-0.08277560237987525,-0.24205231388329984
Eastern Cape,Ward 24403018,EC443,4407,0.4774222827320172,False,8.390949464841986,0.4693229327762005,2021,-0.09218380500298723,-0.013652641002685817
Eastern Cape,Ward 24403019,EC443,4426,0.4552643470402169,False,8.395251520610994,0.4700615306325939,2021,-0.09507677348903676,-0.08497002274136867
Eastern Cape,Ward 24403020,EC443,4103,0.4294418718011211,False,8.319473692442186,0.47092227980723045,2021,-0.12026296881281046,-0.03116883116883118
Eastern Cape,Ward 24403021,EC443,3817,0.4954152475766308,False,8.247220052745229,0.46872316728138014,2021,-0.07231533799763412,-0.04071374717265641
Eastern Cape,Ward 24403022,EC443,3969,0.4605694129503653,False,8.286269452783065,0.4698846951022556,2021,-0.12077181827451305,-0.16035540511952617
Eastern Cape,Ward 24403023,EC443,4608,0.4524739583333333,False,8.435549202375727,0.47015454358949,2021,-0.15281145392882317,-0.02579281183932347
Eastern Cape,Ward 24403024,EC443,4853,0.4034617762208943,False,8.487352349405215,0.471788282993238,2021,-0.23105030972359986,0.08616830796777086
Eastern Cape,Ward 24403025,EC443,4706,0.5822354441138972,False,8.456593569287309,0.4658291607301379,2021,-0.0411411792627262,0.053739364084191665
Eastern Cape,Ward 24403026,EC443,3939,0.5343995938055344,False,8.278682162970906,0.46742368907375,2021,-0.03298192591911486,0.0428911834789516
Eastern Cape,Ward 24403027,EC443,3953,0.5233999494055148,False,8.282230063296685,0.46779034388708396,2021,-0.07098713028736314,0.046597828964786814
Eastern Cape,Ward 24403028,EC443,4110,0.4673965936739659,False,8.32117830749028,0.46965712241146895,2021,-0.04294466795995344,0.06256463288521208
Eastern Cape,Ward 24403029,EC443,4077,0.4334069168506254,False,8.313116702819253,0.4707901116389136,2021,-0.09392334782141143,0.17289988492520147
Eastern Cape,Ward 24403030,EC443,4389,0.3757120072909546,False,8.386856689688234,0.4727132752909026,2021,-0.20629606296776842,0.04177545691906004
Eastern Cape,Ward 24403031,EC443,4289,0.4586150617859641,False,8.36380888451688,0.469949840141069,2021,-0.08104896061254263,0.0006999533364442367
Eastern Cape,Ward 24404001,EC444,3351,0.5574455386451805,False,8.11701408773731,0.48139860635896087,2021,-0.02660682672226966,-0.002975304968759307
Eastern Cape,Ward 24404002,EC444,3885,0.4651222651222651,False,8.264878262801748,0.48716881095414305,2021,-0.04382405694532926,0.1033797216699801
Eastern Cape,Ward 24404003,EC444,3173,0.5250551528521904,False,8.062432791583195,0.48342300547102274,2021,0.03523442966774798,-0.03585536311151627
Eastern Cape,Ward 24404004,EC444,4012,0.4798105682951146,False,8.297045149081827,0.48625079200584,2021,-0.11624405992946807,0.21760242792109263
Eastern Cape,Ward 24404005,EC444,3611,0.5054001661589588,False,8.191740021277457,0.48465144213934974,2021,-0.07759959838071628,-0.14975276665881798
Eastern Cape,Ward 24404006,EC444,3130,0.5226837060702876,False,8.048788283534199,0.4835712208948917,2021,0.04988546259626958,-0.23639912173700905
Eastern Cape,Ward 24404007,EC444,3452,0.4747972190034762,False,8.146709052203319,0.48656412633656737,2021,-0.06858620319720238,-0.16335433834222002
Eastern Cape,Ward 24404008,EC444,3624,0.4437086092715231,False,8.19533366716287,0.48850716444481446,2021,-0.07423665766432253,-0.18707940780619114
Eastern Cape,Ward 24404009,EC444,2690,0.3591078066914498,False,7.897296472595885,0.49379471460606905,2021,-0.22292724686259113,-0.34518013631937683
Eastern Cape,Ward 24404010,EC444,3831,0.4306969459671104,False,8.25088114470065,0.48932039340134026,2021,-0.05386426746734241,0.03764897074756224
Eastern Cape,Ward 24404011,EC444,3617,0.4885264030964888,False,8.193400231952097,0.4857060523307541,2021,-0.02791626204506109,0.0343151272519302
Eastern Cape,Ward 24404012,EC444,3624,0.4933774834437086,False,8.19533366716287,0.48540285980905284,2021,-0.050812606385326475,0.050130396986380665
Eastern Cape,Ward 24404013,EC444,3843,0.4405412438199323,False,8.254008590564844,0.48870512478553885,2021,-0.08036216800130747,-0.07664584334454594
Eastern Cape,Ward 24404014,EC444,3505,0.5018544935805992,False,8.16194579946869,0.4848730466754972,2021,-0.10446646376828084,0.07548327707885849
Eastern Cape,Ward 24404015,EC444,3522,0.498580352072686,False,8.166784289056151,0.48507768051974176,2021,-0.058901167172789426,-0.10221769054295182
Eastern Cape,Ward 24404016,EC444,3195,0.6028169014084507,False,8.069342366811636,0.47856289618625647,2021,0.13224580583735518,-0.06905594405594406
Eastern Cape,Ward 24404017,EC444,3653,0.4702983848891322,False,8.203304026795282,0.4868453034687139,2021,-0.09577516196733282,-0.1333333333333333
Eastern Cape,Ward 29300001,NMA,12638,0.4355910745371103,True,9.444463427333401,0.4517868606420449,2021,-0.22407501294494758,-0.045251945304827346
Eastern Cape,Ward 29300002,NMA,9982,0.4879783610498898,True,9.208538750029554,0.4508989405316588,2021,-0.2486923756208469,0.015669515669515688
Eastern Cape,Ward 29300003,NMA,11467,0.58044824278364,True,9.347228624038305,0.4493316544005783,2021,-0.1683264741337167,-0.031012337333108042
Eastern Cape,Ward 29300004,NMA,11127,0.3747640873550822,True,9.3171298661577,0.45281782652648606,2021,-0.14907019934971927,-0.035621424856994266
Eastern Cape,Ward 29300005,NMA,9982,0.3575435784411941,True,9.208538750029554,0.45310969955892477,2021,-0.20072173771575352,-0.018389222145737016
Eastern Cape,Ward 29300006,NMA,9950,0.6022110552763819,True,9.205327830152639,0.44896279317188775,2021,-0.1933782856308105,-0.16882465959401893
Eastern Cape,Ward 29300007,NMA,11121,0.5889758115277403,True,9.316590491818841,0.44918711933711897,2021,-0.15684462190879223,-0.1392414860681115
Eastern Cape,Ward 29300008,NMA,12046,0.5786153079860534,True,9.396487933603666,0.4493627210920628,2021,-0.20856507121032852,0.04766046268916324
Eastern Cape,Ward 29300009,NMA,10647,0.6020475251244481,True,9.273033441314606,0.44896556486937816,2021,-0.1944941532892348,0.0005638567803778471
Eastern Cape,Ward 29300010,NMA,9995,0.5496748374187094,True,9.209840246934501,0.44985323754235673,2021,-0.13809070493800613,-0.13335645538888408
Eastern Cape,Ward 29300011,NMA,10659,0.459986865559621,True,9.274159884689137,0.4513733726586125,2021,-0.18912057064670906,0.16734202168437196
Eastern Cape,Ward 29300012,NMA,11221,0.5372961411638891,True,9.325542301664866,0.4500630459534554,2021,-0.1813448416967206,-0.14902168967086304
Eastern Cape,Ward 29300013,NMA,9627,0.4466604341954918,True,9.172326929777967,0.45159924437664856,2021,-0.18129897955873592,-0.013323767551501442
Eastern Cape,Ward 29300014,NMA,9206,0.4248316315446448,True,9.127610724377186,0.45196922408259516,2021,-0.1599141311672196,-0.09282617264485615
Eastern Cape,Ward 29300015,NMA,8139,0.4850718761518614,True,9.004422601327041,0.4509482029875576,2021,-0.11713116722765249,-0.07574381103792871
Eastern Cape,Ward 29300016,NMA,7449,0.4430124848973016,True,8.915835074176277,0.45166107402577044,2021,-0.14973044253197265,-0.08376383763837636
Eastern Cape,Ward 29300017,NMA,8599,0.509594138853355,True,9.059401196410896,0.4505325714163458,2021,-0.04580097797520888,0.12877395641900757
Eastern Cape,Ward 29300018,NMA,7825,0.4042172523961661,True,8.965079015408355,0.45231862033934905,2021,-0.17320779169554468,-0.07995296884185776
Eastern Cape,Ward 29300019,NMA,8344,0.3892617449664429,True,9.029297996680608,0.452572103516124,2021,-0.1842115374763052,-0.11535199321458867
Eastern Cape,Ward 29300020,NMA,8134,0.3882468650110646,True,9.00380808646717,0.4525893048712999,2021,-0.17194889355337256,-0.11538879825992387
Eastern Cape,Ward 29300021,NMA,8845,0.4193329564725834,True,9.087607606593886,0.45206242196517243,2021,-0.17851105113680155,0.12175015852885229
Eastern Cape,Ward 29300022,NMA,7664,0.4375,True,8.944289319650697,0.45175450597318234,2021,-0.17570058997050142,-0.058013765978367715
Eastern Cape,Ward 29300023,NMA,8096,0.400197628458498,True,8.999125391527247,0.45238674955863156,2021,-0.21652947942908135,-0.08250226654578419
Eastern Cape,Ward 29300024,NMA,8476,0.4168239735724398,True,9.04499391938819,0.4521049470990732,2021,-0.1974489704084899,0.26281287246722296
Eastern Cape,Ward 29300025,NMA,9624,0.4205112219451372,True,9.172015257654515,0.4520424513639427,2021,-0.18969089547545953,-0.0737247353224254
Eastern Cape,Ward 29300026,NMA,8410,0.390487514863258,True,9.037176752966994,0.45255132775516105,2021,-0.2169191110071788,-0.11268200042202992
Eastern Cape,Ward 29300027,NMA,7724,0.3957793889176592,True,8.952087643548404,0.4524616349745779,2021,-0.19007919694092668,-0.14263514263514265
Eastern Cape,Ward 29300028,NMA,8686,0.42746949113516,True,9.069467813094768,0.45192451459801014,2021,-0.18120005737588707,0.042987512007685025
Eastern Cape,Ward 29300029,NMA,10876,0.3698050753953659,True,9.294313805752362,0.45290187757665074,2021,-0.200450218489455,0.07619236097367899
Eastern Cape,Ward 29300030,NMA,8830,0.4090600226500566,True,9.085910293598007,0.4522365394875882,2021,-0.2136969965604142,-0.06797551192738016
Eastern Cape,Ward 29300031,NMA,10869,0.4768607967614316,True,9.293669979563187,0.4510873738246835,2021,-0.15366365815901623,0.28096641131408373
Eastern Cape,Ward 29300032,NMA,11001,0.4855922188891919,True,9.305741456739435,0.4509393836191282,2021,-0.18919920921484867,-0.10019630296090298
Eastern Cape,Ward 29300033,NMA,10502,0.4236335936012188,True,9.259320994197804,0.4519895298104498,2021,-0.1408825354310393,0.0928199791883455
Eastern Cape,Ward 29300034,NMA,10961,0.4801569199890521,True,9.302098797215724,0.4510315073293001,2021,-0.19847814772299355,-0.023431931575195963
Eastern Cape,Ward 29300035,NMA,10905,0.461164603392939,True,9.29697667863573,0.4513534110004207,2021,-0.21559614122402931,-0.06451059449257956
Eastern Cape,Ward 29300036,NMA,8853,0.4040438269513159,True,9.08851166361105,0.4523215597536685,2021,-0.20186801762775242,-0.07530812617505744
Eastern Cape,Ward 29300037,NMA,11157,0.4327328134803263,True,9.31982238259318,0.45183530574470226,2021,-0.21810803015063168,0.03660689398866479
Eastern Cape,Ward 29300038,NMA,10456,0.3976664116296863,True,9.254931255304058,0.4524296515387809,2021,-0.14449468150228062,-0.060050341603739676
Eastern Cape,Ward 29300039,NMA,10960,0.5749087591240876,True,9.302007560502007,0.44942554395413,2021,-0.16803944804722715,-0.12669322709163344
Eastern Cape,Ward 29300040,NMA,12069,0.5403098848289005,True,9.398395460617898,0.4500119655523535,2021,-0.11378979362769115,-0.029823151125401903
Eastern Cape,Ward 29300041,NMA,10599,0.4716482687045947,True,9.268514936027255,0.45117572175785026,2021,-0.08926620797776902,-0.1949718973112563
Eastern Cape,Ward 29300042,NMA,7552,0.4141949152542373,True,8.929567707825337,0.4521495074095512,2021,-0.2216120011722757,-0.09317963496637849
Eastern Cape,Ward 29300043,NMA,9076,0.4492066989863376,True,9.113388845899733,0.45155608734629527,2021,-0.11104287855168404,0.17977382035616785
Eastern Cape,Ward 29300044,NMA,8285,0.4273989136994569,True,9.022201929860664,0.45192571082573396,2021,-0.13897954750225044,-0.09324723651088984
Eastern Cape,Ward 29300045,NMA,9586,0.4054871687878155,True,9.168058979719577,0.4522970963327109,2021,-0.18542192212127545,-0.05070310952663892
Eastern Cape,Ward 29300046,NMA,9168,0.4345549738219895,True,9.12347443895452,0.45180442167111473,2021,-0.14881887158394147,-0.10860476421973753
Eastern Cape,Ward 29300047,NMA,8332,0.4297887662025924,True,9.027858802380862,0.4518852048511045,2021,-0.17624803810620476,-0.06508078994614008
Eastern Cape,Ward 29300048,NMA,7847,0.3765770358098636,True,8.967886572127473,0.4527870985865745,2021,-0.23641286505180598,-0.2729546928564811
Eastern Cape,Ward 29300049,NMA,9112,0.4390913081650571,True,9.117347505127018,0.45172753464835086,2021,-0.20287261147413932,-0.06601066010660106
Eastern Cape,Ward 29300050,NMA,9752,0.3778712059064807,True,9.185227671161108,0.45276516350019114,2021,-0.21495864349787985,0.09597662396044049
Eastern Cape,Ward 29300051,NMA,11358,0.5101250220109174,True,9.337677620437377,0.4505235733967261,2021,-0.23518510136241377,-0.040223086023322585
Eastern Cape,Ward 29300052,NMA,11032,0.5832124728063814,True,9.308555419473137,0.44928480304426066,2021,-0.15405669339395434,0.02891251632158176
Eastern Cape,Ward 29300053,NMA,10360,0.4314671814671815,True,9.245707515813473,0.45185675713475554,2021,-0.2390495358580465,-0.10030395136778114
Eastern Cape,Ward 29300054,NMA,11917,0.4434840983468994,True,9.385721231090805,0.45165308057747217,2021,-0.15615043002066065,0.03698224852071008
Eastern Cape,Ward 29300055,NMA,8810,0.4162315550510783,True,9.083642718930225,0.4521149880909607,2021,-0.1553712324053677,-0.23257839721254359
Eastern Cape,Ward 29300056,NMA,8657,0.3941319163682569,True,9.066123521215774,0.45248955823812714,2021,-0.21221559663347672,0.1544205894119215
Eastern Cape,Ward 29300057,NMA,8590,0.4167636786961583,True,9.0583540149783,0.4521059690461288,2021,-0.1704102343473199,-0.06630434782608696
Eastern Cape,Ward 29300058,NMA,8964,0.4129852744310575,True,9.100971834920818,0.4521700097963847,2021,-0.21037015647154322,-0.08577256501784802
Eastern Cape,Ward 29300059,NMA,8587,0.401886572726214,True,9.058004710672485,0.45235812338460246,2021,-0.19022597850896938,-0.04874266090617041
Eastern Cape,Ward 29300060,NMA,12564,0.4448424068767908,True,9.438590860658538,0.45163005839899945,2021,-0.18250665349905892,0.004718112754898085
Free State,Ward 41601001,FS161,2371,0.4504428511176718,False,7.771067086065406,0.5031767117559635,2021,-0.10965167960481303,-0.19952734638757597
Free State,Ward 41601002,FS161,3006,0.5182967398536261,False,8.00836557031292,0.4896059340087725,2021,-0.06971495605280664,-0.12105263157894741
Free State,Ward 41601003,FS161,2843,0.5149489975378122,False,7.952615111651,0.4902754824719353,2021,-0.09001960743079274,-0.22386022386022386
Free State,Ward 41601004,FS161,3244,0.4901356350184956,False,8.084562415235304,0.49523815497579865,2021,-0.11315504139832339,-0.011578305911029818
Free State,Ward 41601005,FS161,2964,0.48582995951417,False,7.994294986415977,0.49609929007666376,2021,-0.06052112529845327,-0.02564102564102566
Free State,Ward 41601006,FS161,2398,0.5066722268557131,False,7.7823903355874595,0.4919308366083552,2021,-0.14370006191087803,-0.22369698931693105
Free State,Ward 41602001,FS162,2888,0.4300554016620498,False,7.968319500012717,0.49706756328979695,2021,-0.17947430130824726,-0.10643564356435642
Free State,Ward 41602002,FS162,2899,0.4991376336667816,False,7.972121128921655,0.4871986730034067,2021,-0.11586784278447798,-0.20618838992332966
Free State,Ward 41602003,FS162,3619,0.4918485769549599,False,8.193953023563742,0.4882399668193812,2021,-0.10335745590256767,-0.025316455696202556
Free State,Ward 41602004,FS162,2529,0.5061289047054172,False,7.835579246669965,0.4861999199978873,2021,-0.13502386876839756,-0.21629996901146575
Free State,Ward 41602005,FS162,2395,0.5177453027139874,False,7.781138509845015,0.4845404345680916,2021,-0.1193105348494643,-0.13161711385061636
Free State,Ward 41602006,FS162,2995,0.47779632721202,False,8.00469951054955,0.49024743106837265,2021,-0.15928516362815687,-0.054011370814908366
Free State,Ward 41602007,FS162,2379,0.4888608659100462,False,7.774435510302958,0.48866678268294034,2021,-0.11772492265147894,-0.17538994800693242
Free State,Ward 41602008,FS162,3179,0.4979553318653664,False,8.064321960910803,0.4873675732607517,2021,-0.14204466813463362,-0.029312977099236637
Free State,Ward 41603001,FS163,3281,0.4148125571472112,False,8.0959035329611,0.5226689005712547,2021,-0.08266784598828708,-0.0814669652855543
Free State,Ward 41603002,FS163,1277,0.5019577133907596,False,7.152268856032539,0.505239869322545,2021,-0.07661371518066906,-0.5853896103896103
Free State,Ward 41603003,FS163,2399,0.4118382659441434,False,7.782807262839695,0.5232637588118683,2021,-0.11307148134827538,-0.13393501805054153
Free State,Ward 41603004,FS163,2968,0.6438679245283019,False,7.995643604287271,0.4768578270950366,2021,0.08500894501845857,0.19244676576938535
Free State,Ward 41603005,FS163,2382,0.4878253568429891,False,7.775695749915245,0.5080663406320992,2021,-0.05356754723059831,-0.2174770039421814
Free State,Ward 41603006,FS163,3758,0.5678552421500799,False,8.231642179973411,0.49206036357068106,2021,-0.05657786442588386,0.06519274376417239
Free State,Ward 41801001,FS181,2959,0.4866508955728286,False,7.99260665240021,0.4464091633042426,2021,-0.136966443739578,-0.11539611360239166
Free State,Ward 41801002,FS181,2418,0.4466501240694789,False,7.790696031174738,0.4508536934712814,2021,-0.19236424964715348,-0.00698151950718684
Free State,Ward 41801003,FS181,2097,0.4706723891273247,False,7.64826303090192,0.44818455290929854,2021,-0.16002767509875115,-0.3265895953757225
Free State,Ward 41801004,FS181,3217,0.5355921666148585,False,8.076204527239026,0.4409712442995726,2021,-0.04681865749338254,-0.010762607626076282
Free State,Ward 41801005,FS181,3560,0.3786516853932584,False,8.177515823846075,0.458409075546417,2021,-0.1151126312267467,-0.09391702723339268
Free State,Ward 41801006,FS181,3824,0.3765690376569037,False,8.249052274171293,0.4586404808504565,2021,-0.1231178753048997,0.19724483406386972
Free State,Ward 41801007,FS181,2650,0.4422641509433962,False,7.882314918980268,0.45134102381862395,2021,-0.1554763488854295,-0.09277644642245808
Free State,Ward 41801008,FS181,2945,0.4577249575551783,False,7.987864096085687,0.4496231564173148,2021,-0.14481876263560078,-0.06359300476947538
Free State,Ward 41801009,FS181,3053,0.4615132656403538,False,8.023879992734878,0.4492022332967398,2021,-0.10502544197320984,-0.023352527191298766
Free State,Ward 41801010,FS181,2685,0.4480446927374302,False,7.895436006942965,0.45069874139706456,2021,-0.19682900711398144,-0.002600297176820199
Free State,Ward 41802001,FS182,2420,0.6479338842975206,False,7.791522819150732,0.5756567342541876,2021,-0.040809720023116114,-0.31210915292779984
Free State,Ward 41802002,FS182,1781,0.5929253228523301,False,7.484930283289661,0.5939929214025844,2021,-0.04718059915055861,-0.5712566201251805
Free State,Ward 41802003,FS182,1586,0.6141235813366961,False,7.368970402194793,0.5869268352411291,2021,0.0291670335392733,-0.524722804914594
Free State,Ward 41802004,FS182,2033,0.5199212985735366,False,7.617267813628347,0.6183275961621822,2021,-0.058567073519486645,-0.2612645348837209
Free State,Ward 41803001,FS183,3358,0.4219773674806432,False,8.119100837637486,0.46818552573854355,2021,-0.1045126987445224,0.23546725533480495
Free State,Ward 41803002,FS183,3270,0.4247706422018348,False,8.0925452638913,0.467786486492659,2021,-0.18158632601332414,-0.20048899755501226
Free State,Ward 41803003,FS183,2591,0.4187572365881898,False,7.85979918056211,0.4686455444374655,2021,-0.15241975196478935,-0.23950689756383914
Free State,Ward 41803004,FS183,3142,0.5248249522597072,False,8.052614818815567,0.4534930136272487,2021,-0.14372070726678665,-0.11443066516347233
Free State,Ward 41803005,FS183,2298,0.4682332463011314,False,7.739794458408701,0.46157754304990245,2021,-0.05717808825097104,-0.15978062157221207
Free State,Ward 41803006,FS183,3354,0.4764460345855694,False,8.117908942383155,0.460404287580697,2021,-0.12631735056123544,-0.0345423143350605
Free State,Ward 41803007,FS183,2620,0.4748091603053435,False,7.8709295967551425,0.46063812676358634,2021,-0.15304545532669256,-0.15728530073978775
Free State,Ward 41803008,FS183,3557,0.4894574079280292,False,8.176672771948455,0.45854551996034554,2021,-0.16758573928009263,0.12848984771573613
Free State,Ward 41804001,FS184,6304,0.4287753807106599,False,8.748939631537715,0.4398636795699902,2021,-0.07076022300451029,-0.0241486068111455
Free State,Ward 41804002,FS184,5845,0.4314798973481608,False,8.67334187390617,0.4397864076660616,2021,-0.1643578345173195,-0.11853415774393006
Free State,Ward 41804003,FS184,6923,0.5793731041456016,False,8.842604480678025,0.435560887471849,2021,-0.012499405814557774,0.10326693227091632
Free State,Ward 41804004,FS184,5469,0.5145364783324191,False,8.606851063346772,0.4374133624950828,2021,-0.07903969249119469,-0.018661403193970916
Free State,Ward 41804005,FS184,4120,0.4446601941747573,False,8.323608442343572,0.43940982775673026,2021,-0.07815749831295632,-0.03580622513456588
Free State,Ward 41804006,FS184,5355,0.4435107376283846,False,8.585785982881848,0.4394426693723409,2021,-0.10774250351249698,-0.0743301642178047
Free State,Ward 41804007,FS184,5717,0.4397411229665908,False,8.651199471263972,0.43955037264839214,2021,-0.16232864835706134,-0.04573526957102325
Free State,Ward 41804008,FS184,4833,0.45747982619491,False,8.483222671845084,0.43904355255615446,2021,-0.07938745160501026,-0.03686727779992027
Free State,Ward 41804009,FS184,6046,0.4598081376116441,False,8.707152175339404,0.43897702937281924,2021,-0.1070650677684375,-0.08629288197068152
Free State,Ward 41804010,FS184,5604,0.4373661670235546,False,8.631235907456897,0.4396182285324789,2021,-0.160510986273818,-0.02488254741604312
Free State,Ward 41804011,FS184,6582,0.4922515952597994,False,8.792093929503284,0.43805007344001473,2021,-0.051468595519214955,0.04642289348171702
Free State,Ward 41804012,FS184,4604,0.4161598609904431,False,8.434680769841773,0.4402241229905678,2021,-0.08455369660384848,-0.061365953109072335
Free State,Ward 41804013,FS184,5720,0.4111888111888112,False,8.651724084373843,0.4403661529849001,2021,-0.1898070753667203,0.2383632820956918
Free State,Ward 41804014,FS184,5745,0.4457789382071366,False,8.656085190282855,0.43937786364151943,2021,-0.06455293405335177,-0.10065748278021291
Free State,Ward 41804015,FS184,4521,0.3735899137358991,False,8.416488487294606,0.4414404071978405,2021,-0.12055859312447209,-0.08777239709443097
Free State,Ward 41804016,FS184,6614,0.4080737828847898,False,8.796943893541737,0.44045515379358646,2021,-0.13548972947667648,0.12770673486786022
Free State,Ward 41804017,FS184,5705,0.5661700262927257,False,8.649098262296176,0.43593811826764545,2021,0.022907234972072144,-0.23586927404232516
Free State,Ward 41804018,FS184,5628,0.4170220326936745,False,8.63550941823428,0.4401994895133326,2021,-0.1339498038791141,0.11622372074573573
Free State,Ward 41804019,FS184,6056,0.4040620871862616,False,8.708804795117285,0.4405697736706873,2021,-0.1729804726149189,-0.05933519726623171
Free State,Ward 41804020,FS184,4671,0.3960608006850781,False,8.449128460502108,0.4407983818564354,2021,-0.096519107990721,-0.11130136986301364
Free State,Ward 41804021,FS184,5558,0.4285714285714285,False,8.62299361030245,0.4398695067739682,2021,-0.13798998076877422,-0.07628386238989526
Free State,Ward 41804022,FS184,5300,0.3671698113207547,False,8.575462099540212,0.44162383869541605,2021,-0.1541171565050496,-0.1387715307117322
Free State,Ward 41804023,FS184,5969,0.4104540123973865,False,8.69433468816865,0.44038714723608374,2021,-0.105149154812674,-0.07328054649899085
Free State,Ward 41804024,FS184,4561,0.2788862091646569,False,8.4252971767117,0.4441462273284474,2021,-0.15399050316411023,-0.1669406392694064
Free State,Ward 41804025,FS184,7437,0.4860830980233965,False,8.9142228207033,0.4382263162181977,2021,-0.1169220423482919,-0.019770660340055368
Free State,Ward 41804026,FS184,4573,0.4100153072381369,False,8.427924723658055,0.4403996816692051,2021,-0.1400617343643284,-0.11922187981510013
Free State,Ward 41804027,FS184,5731,0.5027045890769499,False,8.653645314551737,0.43775141647381044,2021,-0.06986112732438288,0.060903369122547124
Free State,Ward 41804028,FS184,3837,0.4010946051602814,False,8.252446090246952,0.44065455887142957,2021,-0.14906026736771483,-0.08577555396711933
Free State,Ward 41804029,FS184,4474,0.4061242735806884,False,8.406038142050075,0.4405108540594179,2021,-0.12538468768352434,-0.1377914819811139
Free State,Ward 41804030,FS184,4354,0.3162609095084979,False,8.378850241794492,0.4430783787471948,2021,-0.152662167414579,-0.10687179487179488
Free State,Ward 41804031,FS184,4675,0.3908021390374331,False,8.449984441722787,0.4409486293320824,2021,-0.0926744607715449,-0.10697230181470874
Free State,Ward 41804032,FS184,6067,0.4695895829899456,False,8.710619527942297,0.4386975595048677,2021,-0.10032377225355604,-0.09366596952494777
Free State,Ward 41804033,FS184,5665,0.4859664607237423,False,8.642062173462106,0.4382296487124735,2021,-0.09067465890304882,-0.05614795068310563
Free State,Ward 41804034,FS184,6319,0.5511948093052699,False,8.751316246773456,0.43636598161014417,2021,-0.05555715616413048,-0.025897949745645188
Free State,Ward 41804035,FS184,6005,0.4814321398834305,False,8.700347734514084,0.43835920073648244,2021,-0.05194592116990737,0.007212344850721308
Free State,Ward 41804036,FS184,5266,0.4705658944170148,False,8.569026340056254,0.4386696648926658,2021,-0.09806872448263793,-0.03747029793456402
Free State,Ward 41805001,FS185,3133,0.4005745292052346,False,8.049746290952191,0.4676207495909345,2021,-0.08997020689411617,-0.11572114027660174
Free State,Ward 41805002,FS185,3433,0.5758811535100495,False,8.141189793457691,0.45168378374504226,2021,-0.036072459335623974,0.020814748736247335
Free State,Ward 41805003,FS185,3036,0.4924242424242424,False,8.01829613851552,0.45927077566193386,2021,-0.07030193369155985,-0.08443908323281057
Free State,Ward 41805004,FS185,2941,0.398503910234614,False,7.9865049385539955,0.46780898767917284,2021,-0.12643215114646017,-0.05978260869565222
Free State,Ward 41805005,FS185,3060,0.5042483660130719,False,8.026170194946426,0.45819585533567664,2021,-0.117677559912854,-0.09333333333333338
Free State,Ward 41805006,FS185,3015,0.4971807628524046,False,8.011355109161286,0.4588383647139191,2021,-0.057951201956979614,-0.11583577712609971
Free State,Ward 41805007,FS185,2550,0.532156862745098,False,7.843848638152472,0.45565871926912876,2021,-0.08017139570272969,-0.05310063126624587
Free State,Ward 41805008,FS185,2753,0.4318924809298947,False,7.920446505142607,0.46477366307051093,2021,-0.09657974129232755,-0.04409722222222223
Free State,Ward 41805009,FS185,3729,0.4314829713059802,False,8.22389538017882,0.46481089121813945,2021,-0.12222718138622451,-0.0010715242432359773
Free State,Ward 41805010,FS185,2361,0.313426514188903,False,7.766840537085513,0.47554329641060106,2021,-0.1193640954286661,-0.10602044680045442
Free State,Ward 41805011,FS185,3405,0.419676945668135,False,8.133000218583613,0.46588416627612544,2021,-0.11056930700852446,-0.0885974304068522
Free State,Ward 41805012,FS185,4547,0.5469540356278865,False,8.42222295382501,0.4543135217343298,2021,-0.11509402672327174,-0.01558778956484086
Free State,Ward 41901001,FS191,3640,0.4447802197802197,False,8.199738960630786,0.4471250070346826,2021,-0.1494273949285339,0.184510250569476
Free State,Ward 41901002,FS191,2683,0.4345881475959746,False,7.894690850425624,0.44776201154619794,2021,-0.12575223404404606,-0.30814853017019084
Free State,Ward 41901003,FS191,2778,0.4373650107991361,False,7.9294865233142895,0.4475884575960003,2021,-0.08286818535998602,-0.04732510288065839
Free State,Ward 41901004,FS191,3205,0.58003120124805,False,8.07246736935477,0.4386718206929432,2021,-0.019192910957261833,-0.04356908385556546
Free State,Ward 41901005,FS191,3003,0.3906093906093906,False,8.00736706798333,0.4505106838578594,2021,-0.09185179397945359,-0.13657274295572164
Free State,Ward 41901006,FS191,4511,0.5287076036355576,False,8.414274137408396,0.441879545543724,2021,-0.07038935453934736,0.07200570342205315
Free State,Ward 41901007,FS191,2651,0.5190494153149755,False,7.8826922062890254,0.4424831823137604,2021,-0.04252693936482743,-0.06720619282195639
Free State,Ward 41901008,FS191,3344,0.50627990430622,False,8.114922974204593,0.44328127675180756,2021,-0.04246809782484018,-0.10921683537559934
Free State,Ward 41901009,FS191,3214,0.492221530802738,False,8.075271546297458,0.4441599250957752,2021,-0.12467661734541013,0.23996913580246915
Free State,Ward 41901010,FS191,3793,0.3698919061428948,False,8.2409125416889,0.4518055266370154,2021,-0.07524369972921269,-0.056232893754665336
Free State,Ward 41901011,FS191,2784,0.461566091954023,False,7.931644021454311,0.44607589002381987,2021,-0.09230975236891048,-0.10453522032807971
Free State,Ward 41901012,FS191,2959,0.4420412301453194,False,7.99260665240021,0.44729619388686387,2021,-0.090714068505933,-0.04977520873474628
Free State,Ward 41901013,FS191,3908,0.4083930399181167,False,8.270781013162674,0.449399205776064,2021,-0.1160291664197437,-0.06885870860138199
Free State,Ward 41901014,FS191,3132,0.3840996168582375,False,8.049427057110695,0.4509175447173065,2021,-0.11083482891053481,-0.06674612634088195
Free State,Ward 41901015,FS191,3678,0.4970092441544317,False,8.210124405164267,0.4438606930112943,2021,-0.10220535506016748,-0.1503811503811504
Free State,Ward 41901016,FS191,3549,0.3674274443505212,False,8.174421152646497,0.45195955549903877,2021,-0.07162925941206488,-0.05961844197138311
Free State,Ward 41901017,FS191,2886,0.3347193347193347,False,7.9676267393338165,0.4540038123509879,2021,-0.13312265026270903,-0.057786483839373126
Free State,Ward 41902001,FS192,2981,0.4270379067427038,False,8.000014093678072,0.49579008152983906,2021,-0.1159728459454682,-0.05724225173940545
Free State,Ward 41902002,FS192,2932,0.4082537517053206,False,7.983440063006542,0.49677872126864875,2021,-0.12546680331242704,-0.05388835108099388
Free State,Ward 41902003,FS192,4205,0.5717003567181926,False,8.344029572407049,0.4881762683732344,2021,-0.08241091851568227,0.035204332840965025
Free State,Ward 41902004,FS192,3511,0.4263742523497579,False,8.163656176168432,0.49582501070841517,2021,-0.17411328827862782,-0.04902491874322856
Free State,Ward 41902005,FS192,2997,0.3983983983983984,False,8.005367067316664,0.4972974240742762,2021,-0.11245671901409604,0.3278688524590163
Free State,Ward 41902006,FS192,3789,0.4639746634996041,False,8.239857411018601,0.49384604170052854,2021,-0.1271342764124624,-0.07449926722032241
Free State,Ward 41902007,FS192,3536,0.458710407239819,False,8.170751423757535,0.4941231078194646,2021,-0.13240447674433492,0.0005659309564232107
Free State,Ward 41902008,FS192,3696,0.4396645021645021,False,8.215006432761575,0.4951255238760602,2021,-0.10177722536804795,0.17370593839314075
Free State,Ward 41902009,FS192,3012,0.5056440903054449,False,8.010359588919783,0.4916529139739053,2021,-0.0807525088443426,-0.2468117029257314
Free State,Ward 41902010,FS192,3565,0.6673211781206171,False,8.178919332848396,0.4831435935625805,2021,-0.045575590538233346,0.01944523877609372
Free State,Ward 41902011,FS192,3517,0.5135058288313904,False,8.165363632473982,0.4912391382620135,2021,-0.03889763846569394,-0.07617546624638827
Free State,Ward 41902012,FS192,3717,0.4635458703255313,False,8.220672170297252,0.4938686097623219,2021,-0.12439905043310728,-0.034294621979734985
Free State,Ward 41902013,FS192,2874,0.4791231732776618,False,7.96346006663897,0.4930487517122097,2021,-0.10469782500116781,-0.010671256454388933
Free State,Ward 41902014,FS192,3843,0.4506895654436638,False,8.254008590564844,0.4945452573876833,2021,-0.12092071183947029,-0.022386161282116457
Free State,Ward 41902015,FS192,4104,0.5955165692007798,False,8.319717386850606,0.4869227835057299,2021,-0.03655400682412946,0.06486766995329529
Free State,Ward 41902016,FS192,4100,0.4521951219512195,False,8.318742252692399,0.4944660175714961,2021,-0.08584211086882182,-0.057687887841875396
Free State,Ward 41902017,FS192,3781,0.5482676540597725,False,8.237743803890933,0.48940956851315126,2021,0.009289853337005383,-0.024006195147134757
Free State,Ward 41902018,FS192,3688,0.5138286334056399,False,8.212839584676484,0.49122214854757934,2021,-0.1164302662707355,-0.005393743257820938
Free State,Ward 41902019,FS192,4243,0.4918689606410558,False,8.353025845202325,0.4923779207983468,2021,-0.07364664957654121,0.0035477767265845728
Free State,Ward 41902020,FS192,4207,0.5714285714285714,False,8.344505083590521,0.48819057286216183,2021,-0.10949406192077993,0.010812109562710281
Free State,Ward 41903001,FS193,3422,0.4523670368205728,False,8.137980454452139,0.4679675067074578,2021,-0.1362139875287135,-0.04226140498180797
Free State,Ward 41903002,FS193,3523,0.4439398240136247,False,8.167068178341237,0.4690209083083263,2021,-0.05580415960132662,-0.09805427547363033
Free State,Ward 41903003,FS193,3246,0.5129390018484289,False,8.085178748074537,0.4603960110789758,2021,-0.05896182459785215,-0.10578512396694217
Free State,Ward 41903004,FS193,3219,0.5464429947188568,False,8.076826031298808,0.4562080119701723,2021,0.0780845987288819,0.008458646616541277
Free State,Ward 41903005,FS193,2853,0.4738871363477042,False,7.9561263512135,0.4652774942665664,2021,-0.09707956265003259,-0.07759456838021339
Free State,Ward 41903006,FS193,3357,0.5490020851951147,False,8.118802996980035,0.4558881256606401,2021,-0.042264015967310664,0.05466540999057501
Free State,Ward 41903007,FS193,2532,0.4142969984202211,False,7.836764783264067,0.4727262615075018,2021,-0.11791488418536228,-0.09377236936292055
Free State,Ward 41903008,FS193,2538,0.4058313632781717,False,7.839131648274333,0.47378446590025797,2021,-0.11972659208539915,-0.08639308855291572
Free State,Ward 41903009,FS193,4001,0.3974006498375406,False,8.294299608857235,0.47483830508033686,2021,-0.10214583542323041,-0.09274376417233565
Free State,Ward 41904001,FS194,6227,0.462662598361972,False,8.736649954872451,0.46391739649703784,2021,-0.11973165282208809,0.01698513800424628
Free State,Ward 41904002,FS194,5443,0.3942678669851185,False,8.6020856584342,0.46592900624341593,2021,-0.09506524237150837,-0.08567109020661856
Free State,Ward 41904003,FS194,5636,0.4817246273953158,False,8.636929873018572,0.46335674858429243,2021,-0.10496855647740161,0.018983908877237443
Free State,Ward 41904004,FS194,5102,0.4108192865542924,False,8.537387898701757,0.465442199785499,2021,-0.10318107014269357,-0.09006598894239348
Free State,Ward 41904005,FS194,5354,0.4964512514008218,False,8.585599224080298,0.4629236125841305,2021,-0.04208830235171368,-0.09499661933739012
Free State,Ward 41904006,FS194,5420,0.4771217712177121,False,8.597851094433691,0.4634921267071631,2021,-0.09038057494129043,-0.2733610403539348
Free State,Ward 41904007,FS194,4431,0.5062062739787858,False,8.39638057119949,0.46263670015536684,2021,-0.034334266561754756,-0.09957325746799428
Free State,Ward 41904008,FS194,3947,0.4682036990119078,False,8.280711075662847,0.4637544229485103,2021,-0.014795835221906806,-0.08081043316255243
Free State,Ward 41904009,FS194,4293,0.4805497321220591,False,8.36474106822456,0.46339130432762354,2021,-0.014094655195850014,-0.08033419023136246
Free State,Ward 41904010,FS194,4754,0.494741270509045,False,8.46674164792014,0.46297390613977096,2021,-0.011920247158458352,-0.0820621741648967
Free State,Ward 41904011,FS194,4572,0.4448818897637795,False,8.427706024914702,0.4644403585146317,2021,-0.02260599391958068,-0.07673667205169632
Free State,Ward 41904012,FS194,5112,0.4857198748043818,False,8.53934599605737,0.4632392413075552,2021,-0.042510309777594346,-0.07491856677524433
Free State,Ward 41904013,FS194,4401,0.4510338559418314,False,8.38958706681109,0.46425941833292433,2021,-0.0675712897098803,-0.06421433127790777
Free State,Ward 41904014,FS194,4411,0.4291543867603718,False,8.39185670010494,0.46490293213237904,2021,-0.1097943149495712,-0.06881992822461469
Free State,Ward 41904015,FS194,4408,0.4392014519056261,False,8.391176350832751,0.4646074302163421,2021,-0.056823652696884386,-0.07782426778242679
Free State,Ward 41904016,FS194,4961,0.4478935698447893,False,8.509362612301048,0.4643517796887197,2021,-0.06437005119995892,-0.07114772514510392
Free State,Ward 41904017,FS194,5312,0.4132153614457831,False,8.57772369115627,0.4653717269945728,2021,-0.10343961751634878,-0.06872370266479666
Free State,Ward 41904018,FS194,5475,0.5501369863013699,False,8.607947554684701,0.4613446203811732,2021,-0.01735417977636866,-0.032685512367491176
Free State,Ward 41904019,FS194,4901,0.5464190981432361,False,8.497194544909547,0.461453970032883,2021,-0.05036135181797419,-0.04945694336695117
Free State,Ward 41904020,FS194,4200,0.449047619047619,False,8.34283980427146,0.46431783706510704,2021,-0.06241431866864405,-0.09169550173010377
Free State,Ward 41904021,FS194,4290,0.6836829836829836,False,8.364042011922063,0.4574167969287728,2021,0.17906695346896773,-0.09987410826689047
Free State,Ward 41904022,FS194,5357,0.4730259473585962,False,8.58615939588096,0.46361259211478417,2021,-0.1150528179420956,0.4254922831293242
Free State,Ward 41904023,FS194,4953,0.479911164950535,False,8.507748732588238,0.4634100857150213,2021,-0.08822379287514448,-0.07160262417994379
Free State,Ward 41904024,FS194,5617,0.4345736158091507,False,8.633552992532433,0.46474354304270904,2021,-0.0958040524995521,0.024812990330231655
Free State,Ward 41904025,FS194,4761,0.4438143247216971,False,8.46821300919452,0.4644717574864577,2021,-0.09532416531998894,0.10259379342288089
Free State,Ward 41904026,FS194,4702,0.4683113568694173,False,8.455743229100015,0.4637512565409365,2021,-0.03988864313058271,-0.059599999999999986
Free State,Ward 41904027,FS194,5186,0.4431160817585808,False,8.55371796609861,0.46449229404419645,2021,-0.051499855068411315,-0.06927494615936824
Free State,Ward 41904028,FS194,5552,0.4243515850144092,False,8.62191350218664,0.46504419100726024,2021,-0.13024372826463354,-0.07728103706165868
Free State,Ward 41904029,FS194,5013,0.3847995212447636,False,8.519789817263504,0.46620748700048514,2021,-0.09095863985239694,-0.031678578327216544
Free State,Ward 41904030,FS194,5821,0.4662429135887304,False,8.669227347271736,0.4638120931080155,2021,-0.030241211704259197,0.24035797997016828
Free State,Ward 41904031,FS194,5414,0.5127447358699667,False,8.596743470174246,0.46244439245268504,2021,-0.027372344019840456,-0.06783746556473824
Free State,Ward 41904032,FS194,5269,0.4556841905484912,False,8.569595870209286,0.46412264378566964,2021,-0.08698002062400723,-0.19137507673419274
Free State,Ward 41904033,FS194,4613,0.3986559722523303,False,8.43663368355782,0.465799944323792,2021,-0.10861851853331472,-0.10514064015518909
Free State,Ward 41904034,FS194,6082,0.401677079907925,False,8.71308886823731,0.4657110882162745,2021,-0.07492603967613037,0.054072790294627415
Free State,Ward 41904035,FS194,4993,0.435810134187863,False,8.51579221050061,0.4647071748550999,2021,-0.04070944759487666,-0.1151869572922205
Free State,Ward 41905001,FS195,2845,0.5451669595782074,False,7.953318346560431,0.450689953500068,2021,-0.10117850092654512,-0.06751884627990823
Free State,Ward 41905002,FS195,3406,0.4386376981796829,False,8.133293861222633,0.465908419414143,2021,-0.1492460290683475,-0.0747079597935344
Free State,Ward 41905003,FS195,2461,0.4550995530272247,False,7.8083230503910555,0.4635567258644942,2021,-0.11143536133377663,-0.35151515151515156
Free State,Ward 41905004,FS195,4071,0.4116924588553181,False,8.31164394850298,0.46975773931762366,2021,-0.14028322503525942,0.23738601823708216
Free State,Ward 41905005,FS195,2666,0.4403600900225056,False,7.888334500738654,0.4656623634365969,2021,-0.1459917857860326,-0.1377749029754204
Free State,Ward 41905006,FS195,2820,0.4301418439716312,False,7.944492163932159,0.4671221128724361,2021,-0.11962590652604627,-0.06436629064366295
Free State,Ward 41905007,FS195,3194,0.4342517219787101,False,8.069029328774958,0.46653498744285343,2021,-0.14257304371285484,-0.09287134336836123
Free State,Ward 41905008,FS195,2587,0.544646308465404,False,7.8582541821860294,0.4507643322304685,2021,-0.14505218399690756,0.08333333333333326
Free State,Ward 41906001,FS196,3614,0.4656889872717211,False,8.192570471152173,0.4500835830359285,2021,-0.10894773663845064,-0.04517833553500661
Free State,Ward 41906002,FS196,3199,0.5270396999062207,False,8.070593539949519,0.442414743956616,2021,-0.07185950890010884,0.10044719642242872
Free State,Ward 41906003,FS196,2521,0.3665212217374058,False,7.83241092718792,0.4624795537277179,2021,-0.07120506356310108,-0.08725561187545261
Free State,Ward 41906004,FS196,3420,0.4350877192982456,False,8.13739583005665,0.4539087415326129,2021,-0.11375215466337002,-0.02033801203093666
Free State,Ward 41906005,FS196,2530,0.4035573122529644,False,7.835974581721566,0.45785004241327304,2021,-0.10161312053140942,-0.031022596706242855
Free State,Ward 41906006,FS196,2998,0.3819212808539026,False,8.005700678662542,0.4605545463381558,2021,-0.0439130825577167,-0.07354758961681085
Free State,Ward 41906007,FS196,3937,0.4696469392938786,False,8.278174290943738,0.44958883903315877,2021,-0.08067579558539473,-0.05880946688979205
Free State,Ward 41906008,FS196,2745,0.5387978142076503,False,7.917536353943631,0.4409449796689373,2021,-0.094999839751294,0.006231671554252305
Free State,Ward 41906009,FS196,2648,0.4780966767371601,False,7.881559917056899,0.4485326218527486,2021,-0.10215023684308683,-0.009352787130564866
Free State,Ward 42001001,FS201,3088,0.4417098445595855,False,8.035278911144667,0.4203549792017674,2021,-0.08373071140963761,-0.2335567138247704
Free State,Ward 42001002,FS201,3485,0.4760401721664275,False,8.156223323194624,0.4187202016966797,2021,0.005913849189302212,0.1898258791396381
Free State,Ward 42001003,FS201,3632,0.503579295154185,False,8.197538739721184,0.41740881488773884,2021,-0.09507299595093632,-0.021024258760107828
Free State,Ward 42001004,FS201,3222,0.4140285536933581,False,8.07775756373692,0.42167313590968303,2021,-0.11576882413739276,-0.03992848629320622
Free State,Ward 42001005,FS201,3663,0.4589134589134589,False,8.206037762778815,0.4195357594706306,2021,-0.06540662476854942,-0.04210251046025104
Free State,Ward 42001006,FS201,3759,0.3865389731311519,False,8.231908243564177,0.42298216355550233,2021,-0.09830216196465213,-0.0882852292020373
Free State,Ward 42001007,FS201,4006,0.3866699950074888,False,8.295548516225763,0.42297592441853393,2021,-0.11388218610791712,0.10601877415792371
Free State,Ward 42001008,FS201,2810,0.4359430604982206,False,7.940939762327791,0.4206295879665943,2021,-0.07339950005541263,-0.02768166089965396
Free State,Ward 42001009,FS201,2934,0.4342194955691888,False,7.984121958702927,0.42071166248702446,2021,-0.06378449644677919,-0.0239520958083832
Free State,Ward 42001010,FS201,3854,0.3175921120913337,False,8.256866848974312,0.42626534741454136,2021,-0.2802100857108641,-0.058852258852258865
Free State,Ward 42001011,FS201,3049,0.3417513938996392,False,8.022568946988255,0.42511490542366964,2021,-0.13302747294234019,-0.271097298589529
Free State,Ward 42001012,FS201,3098,0.4357650096836669,False,8.038512020976814,0.42063806657681113,2021,-0.09862652470786754,0.024470899470899532
Free State,Ward 42001013,FS201,3471,0.4923653125900317,False,8.152198015861787,0.4179428140574605,2021,-0.09609746536678432,0.1185949081533999
Free State,Ward 42001014,FS201,2697,0.421579532814238,False,7.89989532313973,0.42131356547535537,2021,-0.12133670296652721,-0.07032057911065148
Free State,Ward 42001015,FS201,2908,0.3968363136176066,False,7.97522083865341,0.4224918140085283,2021,-0.11780522121914877,-0.021204981487714547
Free State,Ward 42001016,FS201,3032,0.4689973614775725,False,8.016977746762262,0.41905557363424417,2021,0.01806897951470776,0.0053050397877985045
Free State,Ward 42001017,FS201,3905,0.6002560819462228,False,8.270013062273787,0.41280515837383236,2021,-0.06265701474900365,-0.044063647490820035
Free State,Ward 42001018,FS201,4248,0.4241996233521657,False,8.354203562921775,0.42118879925926356,2021,-0.10262581501475393,0.11175085056267986
Free State,Ward 42001019,FS201,3549,0.378698224852071,False,8.174421152646497,0.42335553252117286,2021,-0.12958763739546914,-0.08104609010875197
Free State,Ward 42001020,FS201,4063,0.3630322421855771,False,8.309676895987726,0.4241015316957678,2021,-0.1307995335153574,0.5188785046728972
Free State,Ward 42001021,FS201,4016,0.3767430278884462,False,8.298041661371565,0.42344863713848835,2021,-0.1127183304253711,0.04501691386937279
Free State,Ward 42001022,FS201,3889,0.3137053227050655,False,8.265907334155747,0.42645043262341126,2021,-0.1151529675990079,0.11560527825588074
Free State,Ward 42003001,FS203,3325,0.4333834586466165,False,8.109224953089955,0.4576275412388662,2021,-0.16720219289071875,-0.026354319180087793
Free State,Ward 42003002,FS203,3183,0.5595350298460572,False,8.065579427282092,0.45020686058007553,2021,-0.08251861884156897,-0.08191520046149414
Free State,Ward 42003003,FS203,2252,0.3809946714031971,False,7.719573989259581,0.4607092346061261,2021,-0.11000494560178181,-0.13749521256223673
Free State,Ward 42003004,FS203,2811,0.4759871931696905,False,7.941295570906532,0.4551214392080971,2021,-0.05908891536770189,-0.0698213103904699
Free State,Ward 42003005,FS203,4017,0.36420214090117,False,8.298290634359283,0.46169703051801003,2021,-0.18812897232432957,-0.044481446241674605
Free State,Ward 42003006,FS203,3566,0.3766124509254066,False,8.179199798423086,0.4609670122812903,2021,-0.16576885655657203,-0.11359681829480484
Free State,Ward 42003007,FS203,3888,0.4246399176954732,False,8.265650165580329,0.4581418671771687,2021,-0.14473402477491598,-0.17766497461928932
Free State,Ward 42003008,FS203,2650,0.5332075471698113,False,7.882314918980268,0.4517555360316194,2021,-0.02557165403591588,-0.0015071590052750938
Free State,Ward 42003009,FS203,3600,0.4541666666666666,False,8.1886891244442,0.4564049995906279,2021,-0.13836352148272968,0.010951979780960297
Free State,Ward 42003010,FS203,4221,0.5034352049277422,False,8.347827345782498,0.4535068502811529,2021,-0.10553602861687017,0.029010238907849928
Free State,Ward 42003011,FS203,3105,0.4756843800322061,False,8.040768994367578,0.4551392517455962,2021,-0.09505322577190517,-0.06136638452236998
Free State,Ward 42003012,FS203,3674,0.5849210669569951,False,8.20903626577507,0.44871356427943215,2021,-0.10158856901730895,-0.21327623126338324
Free State,Ward 42003013,FS203,2814,0.4353233830845771,False,7.942362237674335,0.4575134280366332,2021,-0.17188846495148213,-0.09401159047005792
Free State,Ward 42003014,FS203,3468,0.5020184544405998,False,8.151333337900432,0.45359018854510247,2021,-0.1035386925086984,-0.006588370094528839
Free State,Ward 42003015,FS203,3314,0.3853349426674713,False,8.105911197986508,0.46045392453175704,2021,-0.22651941804379033,-0.43878069432684164
Free State,Ward 42003016,FS203,3305,0.4526475037821482,False,8.103191752285786,0.4564943621132467,2021,-0.10447559441978821,-0.08575380359612728
Free State,Ward 42003017,FS203,3881,0.5060551404277248,False,8.263848131368906,0.4533527364282128,2021,-0.10804800881919441,-0.11433135554541307
Free State,Ward 42003018,FS203,3590,0.3649025069637883,False,8.185907481482324,0.4616558325143267,2021,-0.1800739668806623,-0.006365900913368416
Free State,Ward 42004001,FS204,3982,0.4261677548970367,False,8.289539484624141,0.4531096546989429,2021,-0.13653815329536395,-0.12541181638480126
Free State,Ward 42004002,FS204,3786,0.4051769677760169,False,8.239065331769268,0.4541591940549939,2021,-0.13438451935458368,-0.09771210676835085
Free State,Ward 42004003,FS204,3479,0.4639264156366772,False,8.154500175151941,0.45122172166196084,2021,-0.13623869168308061,-0.04265272427077604
Free State,Ward 42004004,FS204,3620,0.5088397790055249,False,8.194229304819817,0.44897605349351843,2021,-0.038846717689470345,0.1394397230091282
Free State,Ward 42004005,FS204,3358,0.5273972602739726,False,8.119100837637486,0.4480481794300961,2021,-0.14044830412331588,-0.010315355142941351
Free State,Ward 42004006,FS204,3161,0.4318253717178108,False,8.058643712215618,0.4528267738579042,2021,-0.06952882629603213,-0.04875112849834484
Free State,Ward 42004007,FS204,3572,0.3882978723404255,False,8.18088094199639,0.45500314882677345,2021,-0.20924813992951313,0.09570552147239253
Free State,Ward 42004008,FS204,3860,0.4256476683937824,False,8.258422462458876,0.4531356590241056,2021,-0.11806459204202752,0.013389341034392155
Free State,Ward 42004009,FS204,3885,0.4025740025740025,False,8.264878262801748,0.45428934231509455,2021,-0.1260488302686537,0.2708537782139353
Free State,Ward 42004010,FS204,3634,0.4482663731425426,False,8.198089248956116,0.45200472378666756,2021,-0.15992596879868626,0.07865835559513212
Free State,Ward 42004011,FS204,3072,0.4462890625,False,8.030084094267563,0.4521035893187947,2021,-0.12463081880563798,-0.08842729970326413
Free State,Ward 42004012,FS204,3024,0.3994708994708995,False,8.014335737299424,0.4544444974702498,2021,-0.10367167413148232,0.0003307972213033583
Free State,Ward 42004013,FS204,4087,0.3621238071935405,False,8.315566483564277,0.4563118520841177,2021,-0.06926106605179783,-0.14372512046930652
Free State,Ward 42004014,FS204,3236,0.6161928306551298,False,8.082093278178382,0.4436084009110382,2021,-0.1475519826228785,-0.16078838174273857
Free State,Ward 42004015,FS204,3928,0.4676680244399185,False,8.275885669474356,0.4510346412217988,2021,-0.12235899594819255,-0.035126504544337966
Free State,Ward 42004016,FS204,3564,0.5984848484848485,False,8.1786387885907,0.4444938000195523,2021,-0.13489630885613668,-0.14777618364418943
Free State,Ward 42004017,FS204,3687,0.3070246813127203,False,8.212568398234145,0.4590668083781587,2021,-0.2471410546711975,-0.17645744918472195
Free State,Ward 42004018,FS204,2932,0.4328103683492497,False,7.983440063006542,0.4527775240263322,2021,-0.21786768288128777,-0.2636865896534405
Free State,Ward 42004019,FS204,2764,0.45767004341534,False,7.92443418488756,0.45153454027302775,2021,0.029521557876738325,-0.3705306308358005
Free State,Ward 42004020,FS204,4080,0.5299019607843137,False,8.313852267398207,0.447922944404579,2021,-0.07196871835354723,-0.17039446929646196
Free State,Ward 42004021,FS204,2718,0.4426048565121412,False,7.907651594711089,0.45228779961818766,2021,-0.08867791175070394,-0.04998252359314925
Free State,Ward 42005001,FS205,2821,0.4548032612548741,False,7.944846711001996,0.4538425746399372,2021,-0.16915680530086635,-0.06123128119800336
Free State,Ward 42005002,FS205,2795,0.4050089445438282,False,7.9355873855892,0.460066864228818,2021,-0.14309297953313493,-0.2732709308372335
Free State,Ward 42005003,FS205,2930,0.4825938566552901,False,7.982757702011113,0.4503687502148852,2021,-0.12463035421356772,-0.046534331272372276
Free State,Ward 42005004,FS205,3376,0.4979265402843602,False,8.124446855715847,0.4484521647612515,2021,-0.05453399824860178,0.04487774682760759
Free State,Ward 42005005,FS205,3467,0.5589847130083646,False,8.151044945685024,0.44081989317075093,2021,-0.02807728160079981,-0.06549865229110508
Free State,Ward 42005006,FS205,3718,0.4090909090909091,False,8.220941168281389,0.45955661866043285,2021,-0.1399286987522282,0.215032679738562
Free State,Ward 42005007,FS205,4016,0.3762450199203187,False,8.298041661371565,0.46366235480675666,2021,0.08843089000092563,-0.04788999525841631
Free State,Ward 42005008,FS205,3525,0.4368794326241135,False,8.16763571524637,0.4560830532187823,2021,-0.11861581839352558,-0.04341926729986434
Free State,Ward 42005009,FS205,2862,0.4640111809923131,False,7.959275960116396,0.4526915846727574,2021,-0.06807788253093516,-0.06286836935166995
Free State,Ward 49400001,MAN,6950,0.4525179856115108,True,8.846496938558838,0.43021202629003263,2021,-0.1321588584461294,-0.008417748608931408
Free State,Ward 49400002,MAN,7707,0.3307382898663553,True,8.949884285777994,0.4327491032847233,2021,-0.2411102519962976,-0.0937206020696143
Free State,Ward 49400003,MAN,8158,0.4282912478548664,True,9.006754319877503,0.43071674999329607,2021,-0.14341937123976056,0.15047242984064302
Free State,Ward 49400004,MAN,8949,0.3845122360040228,True,9.099297073182859,0.4316288127401886,2021,-0.17109121227183927,0.28577586206896544
Free State,Ward 49400005,MAN,7618,0.4238645313730638,True,8.938269147038548,0.4308089732533336,2021,-0.17056517684974792,0.010344827586206806
Free State,Ward 49400006,MAN,7672,0.5254171011470281,True,8.945332616563274,0.428693294716376,2021,-0.041586922752496314,-0.06450432874039747
Free State,Ward 49400007,MAN,7110,0.3781997187060478,True,8.869257522797287,0.4317603235172298,2021,-0.12931749360250916,-0.000983560488970081
Free State,Ward 49400008,MAN,7029,0.3114241001564945,True,8.857799727175905,0.43315148223701216,2021,-0.19410580427816676,-0.24524857725759686
Free State,Ward 49400009,MAN,7536,0.3846868365180467,True,8.927446816256198,0.4316251752294798,2021,-0.15334027191568822,-0.054216867469879526
Free State,Ward 49400010,MAN,7911,0.384907091391733,True,8.976009475021396,0.43162058658627805,2021,-0.22392247739676802,-0.32315195071868585
Free State,Ward 49400011,MAN,9171,0.4033366045142296,True,9.123801610558944,0.431236638396226,2021,-0.08766463669387958,-0.05140670252378987
Free State,Ward 49400012,MAN,8979,0.3722018042098229,True,9.102643796520809,0.4318852800692345,2021,-0.19942529480581112,0.039837869137232085
Free State,Ward 49400013,MAN,6548,0.4008857666463042,True,8.786914938491025,0.43128769751847446,2021,-0.1870643718578509,-0.09307479224376736
Free State,Ward 49400014,MAN,6972,0.4109294320137693,True,8.849657406639912,0.43107845448998555,2021,-0.16269855290453816,-0.2697947214076246
Free State,Ward 49400015,MAN,7234,0.3762786839922588,True,8.886547412512042,0.4318003450737671,2021,-0.17284752959997424,-0.06355987055016177
Free State,Ward 49400016,MAN,9132,0.5514673674989049,True,9.119540007649686,0.4281505808340453,2021,-0.05386070354204231,0.12629501726689685
Free State,Ward 49400017,MAN,8619,0.3850794755772131,True,9.061724347647399,0.4316169952490805,2021,-0.13646378421255234,-0.004389511378075528
Free State,Ward 49400018,MAN,9632,0.4973006644518272,True,9.172846167548602,0.4292790538141927,2021,-0.08794360274657764,0.06702115874598435
Free State,Ward 49400019,MAN,9535,0.3091767173571054,True,9.16272451803452,0.43319830271199944,2021,-0.14759708248016062,-0.03020748576078114
Free State,Ward 49400020,MAN,9338,0.5739987149282502,True,9.141847375530883,0.42768117776260056,2021,-0.0210854997211819,-0.0855855855855856
Free State,Ward 49400021,MAN,8976,0.4471925133689839,True,9.102309627762478,0.43032297362841865,2021,-0.10227706879165688,-0.028361117124918844
Free State,Ward 49400022,MAN,8802,0.5994092251760963,True,9.082734247371036,0.4271517921324371,2021,-0.12206799917469124,-0.06321839080459768
Free State,Ward 49400023,MAN,8846,0.3444494686864119,True,9.087720658428273,0.43246345372597217,2021,-0.168958835811858,-0.04346885813148793
Free State,Ward 49400024,MAN,9079,0.6083269082498073,True,9.113719333371757,0.42696600706840143,2021,-0.09261884672355936,-0.013044896184367882
Free State,Ward 49400025,MAN,9365,0.6591564335290977,True,9.144734614878189,0.4259070586250829,2021,-0.0700414274334692,0.0016042780748664054
Free State,Ward 49400026,MAN,8148,0.5852970054000982,True,9.005527777346696,0.4274457967111038,2021,-0.08373887675053804,-0.06591768886850857
Free State,Ward 49400027,MAN,8305,0.3796508127633955,True,9.024613022047395,0.43173009239103505,2021,-0.18640979329721052,0.006666666666666599
Free State,Ward 49400028,MAN,7997,0.4351631861948231,True,8.98682175033189,0.4305735846112136,2021,-0.1330129770298597,-0.005100771336153276
Free State,Ward 49400029,MAN,8206,0.3909334633195223,True,9.012620873002131,0.4314950371711157,2021,-0.17351763678415244,-0.0547171984794379
Free State,Ward 49400030,MAN,7378,0.3849281648143128,True,8.906257878156621,0.43162014755664097,2021,-0.16507837198788355,-0.03542946790430124
Free State,Ward 49400031,MAN,6858,0.3804316127150773,True,8.833171133022866,0.431713825725375,2021,-0.18398378307286756,-0.0039215686274509665
Free State,Ward 49400032,MAN,6507,0.4473643768249577,True,8.780633799494984,0.4303193931397525,2021,-0.12719638983686893,-0.055176419340786986
Free State,Ward 49400033,MAN,6942,0.3863439930855661,True,8.845345196421732,0.4315906511343231,2021,-0.12706650945537123,-0.020045172219085305
Free State,Ward 49400034,MAN,7791,0.4297266076241817,True,8.960724500330858,0.43068684666476864,2021,-0.17700701806544905,0.10213608714103839
Free State,Ward 49400035,MAN,6635,0.441748304446119,True,8.800113946766308,0.430436394647645,2021,-0.13834500815108164,-0.14009849663037843
Free State,Ward 49400036,MAN,7036,0.4088971006253553,True,8.85879510585745,0.4311207947272442,2021,-0.1777464610915202,-0.06211676886163686
Free State,Ward 49400037,MAN,7982,0.4092959158105738,True,8.984944285608679,0.43111248607755215,2021,-0.1717746815517226,0.03206620118955272
Free State,Ward 49400038,MAN,6874,0.4007855688100087,True,8.835501457409778,0.43128978497339726,2021,-0.17930733099092033,-0.0877239548772395
Free State,Ward 49400039,MAN,9087,0.3773522614724331,True,9.114600099695346,0.43177797887626346,2021,-0.1595506359433852,-0.11051292090837905
Free State,Ward 49400040,MAN,8281,0.3814756671899529,True,9.0217190130337,0.43169207459048176,2021,-0.13150985338003102,-0.04837968283153293
Free State,Ward 49400041,MAN,7883,0.375491564125333,True,8.972463821059907,0.431816743404328,2021,-0.16964979961902427,-0.06355428842955568
Free State,Ward 49400042,MAN,7251,0.3676734243552613,True,8.888894669371593,0.43197962131620454,2021,-0.19560782564473866,0.13296875000000008
Free State,Ward 49400043,MAN,8425,0.4502077151335311,True,9.038958755220563,0.4302601569249906,2021,-0.1040671608512953,0.2292092208929093
Free State,Ward 49400044,MAN,9398,0.5551181102362205,True,9.14825217966276,0.4280745236936845,2021,-0.0922336759911524,-0.09989464610669474
Free State,Ward 49400045,MAN,7726,0.3653895935801191,True,8.952346543226227,0.43202720112402,2021,-0.17984939306658004,-0.03581679770373147
Free State,Ward 49400046,MAN,8471,0.3850785031283201,True,9.044403844431551,0.43161701550843246,2021,-0.18656711457180336,-0.19561295223625486
Free State,Ward 49400047,MAN,8611,0.4879804900708396,True,9.060795734696166,0.4294732241137966,2021,-0.09555923178094167,-0.17974852352829107
Free State,Ward 49400048,MAN,8898,0.5567543268150146,True,9.093581811365986,0.428040435848293,2021,-0.10908455269228645,-0.1161219827158041
Free State,Ward 49400049,MAN,7862,0.3758585601628084,True,8.969796305981806,0.4318090976535473,2021,-0.1668816036079126,-0.2148991412023168
Gauteng,Ward 79700001,EKU,13516,0.6763095590411364,True,9.511629447834181,0.42446315609759794,2021,-0.036533665050980435,-0.20188957779746086
Gauteng,Ward 79700002,EKU,12616,0.3265694356372859,True,9.442721128642875,0.4279605573316364,2021,-0.1330662578916672,-0.10581898079240204
Gauteng,Ward 79700003,EKU,16364,0.2987044732339281,True,9.702839079049289,0.42823920695567,2021,-0.10214366893085375,0.1015078082929457
Gauteng,Ward 79700004,EKU,14647,0.3631460367310712,True,9.591990815318308,0.42759479132069855,2021,-0.14683291063734988,0.23343157894736843
Gauteng,Ward 79700005,EKU,15419,0.3530060315195538,True,9.643355794171352,0.4276961913728137,2021,-0.13059986552386843,0.24216547168291314
Gauteng,Ward 79700006,EKU,12520,0.351038338658147,True,9.43508264465409,0.4277158683014278,2021,-0.1399995938137163,0.043768236765318935
Gauteng,Ward 79700007,EKU,13731,0.3570752312286068,True,9.527411329321751,0.4276554993757232,2021,-0.1572730177986305,0.11308365758754868
Gauteng,Ward 79700008,EKU,14999,0.3566237749183278,True,9.61573881119536,0.427660013938826,2021,-0.1482697576831799,-0.008133844729533157
Gauteng,Ward 79700009,EKU,12748,0.3380922497646689,True,9.453129675537227,0.4278453291903626,2021,-0.1033116764697154,0.08336874309509645
Gauteng,Ward 79700010,EKU,11577,0.3759177679882525,True,9.356775650205728,0.4274670740081267,2021,-0.1306802899418662,-0.03917337538384924
Gauteng,Ward 79700011,EKU,13856,0.3445438799076212,True,9.536473630802217,0.4277808128889331,2021,-0.1507623941519452,-0.06422637941514153
Gauteng,Ward 79700012,EKU,14479,0.3393880792872435,True,9.58045460278142,0.4278323708951368,2021,-0.11834521099367351,-0.06496609622215044
Gauteng,Ward 79700013,EKU,13864,0.384665320253895,True,9.537050831395442,0.42737959848547036,2021,-0.14946738535151916,0.01986170369280571
Gauteng,Ward 79700014,EKU,13430,0.3539091586001489,True,9.505246289517283,0.42768716010200786,2021,-0.17216362792891143,-0.08813145029875069
Gauteng,Ward 79700015,EKU,15778,0.5007605526682722,True,9.666371843655035,0.42621864616132654,2021,-0.18143997536021672,-0.03125191870817212
Gauteng,Ward 79700016,EKU,16144,0.4593037661050545,True,9.68930374259339,0.4266332140269588,2021,-0.1805368156317655,0.12879317577961125
Gauteng,Ward 79700017,EKU,15730,0.4481881754609027,True,9.663324996052323,0.42674436993340026,2021,-0.2020369175122818,0.026293469041560602
Gauteng,Ward 79700018,EKU,15750,0.5418412698412698,True,9.66459564425378,0.42580783898959657,2021,-0.14169271561145158,-0.01241534988713322
Gauteng,Ward 79700019,EKU,13988,0.5674864169287961,True,9.545955098183267,0.42555138751872135,2021,-0.12750470207653253,-0.006181172291296666
Gauteng,Ward 79700020,EKU,15609,0.5767185598052406,True,9.655602949958412,0.42545906608995687,2021,-0.12027212264250564,-0.01731301939058172
Gauteng,Ward 79700021,EKU,13730,0.2579024034959942,True,9.527338498762017,0.4286472276530493,2021,-0.13724015194223171,-0.03343892995424147
Gauteng,Ward 79700022,EKU,15189,0.5183356376324972,True,9.62832676063802,0.4260428953116843,2021,-0.17412415672553072,0.0011204851041393127
Gauteng,Ward 79700023,EKU,15182,0.5233829534975629,True,9.627865794576714,0.4259924221530337,2021,-0.19416401566230945,0.07635590216235388
Gauteng,Ward 79700024,EKU,16323,0.5116093855296208,True,9.700330435154035,0.42611015783271305,2021,-0.15197481966781423,0.10178872764090441
Gauteng,Ward 79700025,EKU,15640,0.5168158567774936,True,9.657587014099303,0.4260580931202344,2021,-0.13967167489339583,0.0428057074276571
Gauteng,Ward 79700026,EKU,14696,0.3367583015786609,True,9.595330626894961,0.42785866867222266,2021,-0.16754439828339002,-0.03461866911909606
Gauteng,Ward 79700027,EKU,15888,0.577920443101712,True,9.673319386284954,0.4254470472569922,2021,-0.14608770152715211,-0.019682853088171748
Gauteng,Ward 79700028,EKU,12235,0.5621577441765427,True,9.412055975876772,0.4256046742462438,2021,-0.1342751023640366,-0.02362141888117464
Gauteng,Ward 79700029,EKU,12562,0.3804330520617736,True,9.438431663014326,0.4274219211673915,2021,-0.1295497899285556,-0.020277647792856013
Gauteng,Ward 79700030,EKU,14247,0.3908191198146978,True,9.564301637217232,0.4273180604898623,2021,-0.15074259303164977,0.15763386690501346
Gauteng,Ward 79700031,EKU,13431,0.5060680515225969,True,9.505320746909074,0.4261655711727833,2021,-0.13396673972988815,-0.1655690854870775
Gauteng,Ward 79700032,EKU,13993,0.5463446008718645,True,9.546312483555713,0.4257628056792907,2021,-0.13020467962564075,0.011859136597006215
Gauteng,Ward 79700033,EKU,14282,0.4695420809410446,True,9.566755282109055,0.42653083087859883,2021,-0.12601895481727848,-0.021646800931634513
Gauteng,Ward 79700034,EKU,11606,0.5431673272445287,True,9.359277484750553,0.42579457841556406,2021,-0.09822274833877731,-0.0465001643115347
Gauteng,Ward 79700035,EKU,15223,0.3046048742035078,True,9.630562721059254,0.42818020294597425,2021,-0.1281961903340837,0.012840984697272129
Gauteng,Ward 79700036,EKU,13410,0.5095451155853841,True,9.503755976275723,0.42613080053215546,2021,-0.14790773897416132,-0.13394471712735723
Gauteng,Ward 79700037,EKU,15706,0.5716286769387495,True,9.66179808393482,0.4255099649186218,2021,-0.12765757400039401,-0.01665414475331828
Gauteng,Ward 79700038,EKU,16065,0.6078431372549019,True,9.68439827154996,0.4251478203154603,2021,-0.13973334518246427,0.011267782953543914
Gauteng,Ward 79700039,EKU,17073,0.5082293680079658,True,9.745253547271233,0.42614395800792965,2021,-0.15878160681450026,0.10219496449322141
Gauteng,Ward 79700040,EKU,12230,0.3841373671300082,True,9.411647228681218,0.4273848780167092,2021,-0.1539788716477521,-0.03685619782642935
Gauteng,Ward 79700041,EKU,15439,0.3520305719282336,True,9.644652054641927,0.42770594596872696,2021,-0.14557096308935508,-0.012535976974736185
Gauteng,Ward 79700042,EKU,16992,0.4189030131826742,True,9.740497924041666,0.42703722155618257,2021,-0.1697688855823073,0.03376528563606507
Gauteng,Ward 79700043,EKU,17082,0.5253483198688678,True,9.745780556506093,0.42597276848932064,2021,-0.17884109385057212,0.013648231663897503
Gauteng,Ward 79700044,EKU,14775,0.393502538071066,True,9.6006918422743,0.4272912263072986,2021,-0.17640365808744335,-0.05717567481334951
Gauteng,Ward 79700045,EKU,14704,0.3764281828073993,True,9.595874844595468,0.4274619698599353,2021,-0.17414272456372426,-0.006553611242483659
Gauteng,Ward 79700046,EKU,12859,0.3704020530367836,True,9.461799234270439,0.42752223115764143,2021,-0.18063334129424885,-0.05573505654281097
Gauteng,Ward 79700047,EKU,14000,0.3897857142857143,True,9.546812608597396,0.42732839454515215,2021,-0.18468237082066874,-0.03288201160541582
Gauteng,Ward 79700048,EKU,11151,0.4487489911218725,True,9.319284458965361,0.42673876177679054,2021,-0.12953719856198775,-0.07229617304492508
Gauteng,Ward 79700049,EKU,13589,0.4394731032452719,True,9.517015920920498,0.42683152065555663,2021,-0.14072424279079476,-0.07526369513439946
Gauteng,Ward 79700050,EKU,12461,0.4143327180804109,True,9.430359045942868,0.4270829245072052,2021,-0.13954165147483905,-0.04776096591777468
Gauteng,Ward 79700051,EKU,13739,0.3778295363563578,True,9.527993782923948,0.4274479563244457,2021,-0.13054750327068182,0.0008012820512821595
Gauteng,Ward 79700052,EKU,13781,0.3078151077570568,True,9.531046110875145,0.42814810061043873,2021,-0.16899569568040052,-0.06008730050470601
Gauteng,Ward 79700053,EKU,17677,0.4718560841771794,True,9.780019638535883,0.4265076908462375,2021,-0.10830741828887025,0.19431119518951423
Gauteng,Ward 79700054,EKU,13139,0.4167744881650049,True,9.483340185641822,0.42705850680635926,2021,-0.13764058495085557,-0.0762795275590551
Gauteng,Ward 79700055,EKU,12689,0.4535424383324139,True,9.448490755396914,0.42669082730468516,2021,-0.11972517973438024,-0.06657348830366339
Gauteng,Ward 79700056,EKU,12802,0.4307139509451648,True,9.45735668770195,0.42691911217855766,2021,-0.14275168668805832,-0.059022418228592444
Gauteng,Ward 79700057,EKU,13576,0.4913818503241013,True,9.516058806914062,0.42631243318476825,2021,-0.1014137643979034,-0.03353029116537343
Gauteng,Ward 79700058,EKU,13049,0.3862364932178711,True,9.476466781462246,0.4273638867558306,2021,-0.1836759709544118,0.01084514679680848
Gauteng,Ward 79700059,EKU,12240,0.3628267973856209,True,9.412464556066316,0.4275979837141531,2021,-0.16305853834677458,0.001063220740983084
Gauteng,Ward 79700060,EKU,11848,0.3732275489534098,True,9.379914355947635,0.42749397619847523,2021,-0.23432140872189022,-0.06443461781427673
Gauteng,Ward 79700061,EKU,16709,0.4048716260697828,True,9.723702775394143,0.42717753542731146,2021,-0.17919516140109482,0.08134869272586065
Gauteng,Ward 79700062,EKU,11825,0.4482875264270613,True,9.377971213360134,0.4267433764237387,2021,-0.14208567464619665,-0.038539718676315116
Gauteng,Ward 79700063,EKU,14647,0.3887485491909606,True,9.591990815318308,0.42733876619609973,2021,-0.15137315466299484,0.1883975659229209
Gauteng,Ward 79700064,EKU,14794,0.4089495741516831,True,9.601976972147813,0.4271367559464925,2021,-0.14628223108012217,-0.04208754208754206
Gauteng,Ward 79700065,EKU,13134,0.3675194152581087,True,9.482959566750917,0.4275510575354282,2021,-0.19833634982034243,-0.054699870447675214
Gauteng,Ward 79700066,EKU,11595,0.3983613626563174,True,9.358329249689632,0.42724263806144613,2021,-0.19867078903370738,-0.044105523495465815
Gauteng,Ward 79700067,EKU,13501,0.3852307236500999,True,9.510519035757246,0.4273739444515083,2021,-0.1902952230539674,-0.0532258064516129
Gauteng,Ward 79700068,EKU,14072,0.394968732234224,True,9.551942286417393,0.427276564365667,2021,-0.13456900222154322,0.03913749815389167
Gauteng,Ward 79700069,EKU,13081,0.3940065744209158,True,9.478916074688227,0.4272861859438002,2021,-0.14581237073783515,-0.14189189189189189
Gauteng,Ward 79700070,EKU,14690,0.3993192648059904,True,9.594922269167922,0.4272330590399494,2021,-0.1579483263599059,0.07784870496734908
Gauteng,Ward 79700071,EKU,13855,0.4531937928545651,True,9.536401457297078,0.42669431375946365,2021,-0.0629213460442935,-0.0054554590481659115
Gauteng,Ward 79700072,EKU,13453,0.4748383260239351,True,9.506957408485542,0.42647786842776997,2021,-0.09772875740079251,-0.01637786064195368
Gauteng,Ward 79700073,EKU,16237,0.4351789123606577,True,9.695047867587114,0.42687446256440276,2021,-0.1729481026645871,-0.012287852059127635
Gauteng,Ward 79700074,EKU,12216,0.433366077275704,True,9.410501846898468,0.4268925909152522,2021,-0.12003641505808604,-0.20297514190643962
Gauteng,Ward 79700075,EKU,15882,0.5015741090542752,True,9.672941671455156,0.42621051059746656,2021,-0.1208838927140714,0.0030314513073133043
Gauteng,Ward 79700076,EKU,16581,0.5208974127012846,True,9.716012740501373,0.42601727756099644,2021,-0.14472715309001727,0.1519383076281784
Gauteng,Ward 79700077,EKU,12117,0.4539902616159115,True,9.402364704231523,0.42668634907185016,2021,-0.13844225897448237,-0.011905732691837256
Gauteng,Ward 79700078,EKU,11053,0.41907174522754,True,9.310457163310955,0.42703553423573387,2021,-0.12093642804585603,-0.09660809154066208
Gauteng,Ward 79700079,EKU,12816,0.3913077403245942,True,9.458449669308141,0.4273131742847634,2021,-0.09599207345566652,-0.045363128491620164
Gauteng,Ward 79700080,EKU,10875,0.4146206896551724,True,9.294221855956884,0.42708004479145756,2021,-0.11679653803341727,-0.061367167270844125
Gauteng,Ward 79700081,EKU,15190,0.3986175115207373,True,9.628392595589819,0.4272400765728019,2021,-0.110046583163105,-0.006735107565552845
Gauteng,Ward 79700082,EKU,16312,0.4320132417851888,True,9.699656312254291,0.42690611927015737,2021,-0.18382275882447435,0.24310318549001675
Gauteng,Ward 79700083,EKU,14410,0.4317834836918806,True,9.575677688993569,0.4269084168510905,2021,-0.13060528435241447,-0.0501614923208753
Gauteng,Ward 79700084,EKU,13053,0.3303455144411246,True,9.47677327138879,0.42792279654359805,2021,-0.1953997430114499,-0.01738934056007224
Gauteng,Ward 79700085,EKU,13950,0.3798566308243727,True,9.543234787249512,0.4274276853797656,2021,-0.18342111403298778,0.18090239566579203
Gauteng,Ward 79700086,EKU,12463,0.4103345903875471,True,9.430519533826377,0.4271229057841338,2021,-0.19531232242660118,-0.03327645051194539
Gauteng,Ward 79700087,EKU,10230,0.3813294232649071,True,9.233079858945672,0.42741295745536023,2021,-0.2209136248223567,-0.21416500230450142
Gauteng,Ward 79700088,EKU,14241,0.5404114879573063,True,9.563880407219427,0.4258221368084362,2021,-0.09545976896854813,-0.11342837577040399
Gauteng,Ward 79700089,EKU,14473,0.3711739100393836,True,9.580040123637605,0.42751451258761547,2021,-0.13649843136072326,0.10489350332086422
Gauteng,Ward 79700090,EKU,14141,0.3009688140866982,True,9.556833658307777,0.42821656354714227,2021,-0.14176431388865884,-0.010011201344161336
Gauteng,Ward 79700091,EKU,13474,0.5276087279204393,True,9.508517181520606,0.4259501644088049,2021,-0.14842457567753864,0.0016354445435622367
Gauteng,Ward 79700092,EKU,15317,0.5417509956257753,True,9.636718601664555,0.42580874173175154,2021,-0.12767905618769615,-0.007966321243523367
Gauteng,Ward 79700093,EKU,14190,0.2880197322057787,True,9.560292770154089,0.4283460543659515,2021,-0.1273126307248375,-0.016427531711374455
Gauteng,Ward 79700094,EKU,14442,0.5265198725938236,True,9.577895907011127,0.42596105296207104,2021,-0.1949917973245231,0.04357251246477345
Gauteng,Ward 79700095,EKU,14434,0.3611611472911182,True,9.577341813632218,0.4276146402150981,2021,-0.18813462735676917,-0.10046117412439237
Gauteng,Ward 79700096,EKU,16270,0.3714812538414259,True,9.697078200213083,0.42751143914959505,2021,-0.16513959131094885,0.18335878973016229
Gauteng,Ward 79700097,EKU,15400,0.5206493506493507,True,9.642122788401721,0.4260197581815158,2021,-0.09910455689970155,0.024276687728633117
Gauteng,Ward 79700098,EKU,13549,0.412281349177061,True,9.51406802284643,0.42710343819623864,2021,-0.1651484295949997,0.1226282210622256
Gauteng,Ward 79700099,EKU,16266,0.3594614533382516,True,9.69683231872672,0.4276316371546268,2021,-0.18899149721996217,0.03770334928229668
Gauteng,Ward 79700100,EKU,13245,0.2511136277840695,True,9.49137540170617,0.4287151154101686,2021,-0.1511058027016926,-0.07558626465661644
Gauteng,Ward 79700101,EKU,6655,0.455747558226897,True,8.803123730829212,0.42666877610574033,2021,-0.10252111665519642,-0.4937623611745018
Gauteng,Ward 74201001,GT421,8370,0.6136200716845878,False,9.032409163483521,0.42903971354801484,2021,-0.1095358573536942,-0.02310924369747902
Gauteng,Ward 74201002,GT421,8250,0.4458181818181818,False,9.017968479328726,0.4328533928631604,2021,-0.11968475630833053,-0.049429657794676785
Gauteng,Ward 74201003,GT421,8244,0.4617903930131004,False,9.01724094201035,0.4324903880632759,2021,-0.0711458368397378,-0.03714085494043451
Gauteng,Ward 74201004,GT421,9899,0.429437316900697,False,9.200189020919808,0.4332256852476487,2021,-0.1005190521532564,0.053421304671703806
Gauteng,Ward 74201005,GT421,8394,0.6785799380509888,False,9.035272443893536,0.42756335294877845,2021,-0.058666164924920494,-0.008738781294284403
Gauteng,Ward 74201006,GT421,9075,0.4180716253443526,False,9.113278659133051,0.4334839964193838,2021,-0.06103133082282369,0.02786272511043153
Gauteng,Ward 74201007,GT421,8798,0.4419186178676972,False,9.082279701908664,0.43294201931658055,2021,-0.09913775141770004,-0.02374611628939194
Gauteng,Ward 74201008,GT421,7735,0.4221073044602456,False,8.953510763007166,0.43339227643947714,2021,-0.09804115789394319,0.025318133616118788
Gauteng,Ward 74201009,GT421,8525,0.526217008797654,False,9.050758302151717,0.4310261467954451,2021,-0.10046639681750236,-0.0270486190367496
Gauteng,Ward 74201010,GT421,9669,0.4344813320922536,False,9.176680170483548,0.43311104853874965,2021,-0.09560971831858367,0.07361758827448361
Gauteng,Ward 74201011,GT421,8596,0.4139134481154025,False,9.059052257762401,0.4335785004473145,2021,-0.11577115299777002,-0.0032467532467532756
Gauteng,Ward 74201012,GT421,6476,0.3980852378011118,False,8.775858314797526,0.433938232499912,2021,-0.10611522569830878,-0.06199304750869061
Gauteng,Ward 74201013,GT421,6613,0.4200816573415998,False,8.796792687674662,0.4334383138739918,2021,-0.11412666435624991,-0.07665456576375318
Gauteng,Ward 74201014,GT421,6317,0.4031977204369162,False,8.7509996908987,0.4338220397127346,2021,-0.12318636260806654,-0.08924452133794691
Gauteng,Ward 74201015,GT421,8478,0.3529134229771172,False,9.045229851912582,0.4349648646550028,2021,-0.11792819398776022,-0.06361829025844934
Gauteng,Ward 74201016,GT421,9415,0.5345724907063197,False,9.150059441091253,0.4308362494793391,2021,-0.0995408097862911,0.15948275862068972
Gauteng,Ward 74201017,GT421,8454,0.4399101017269931,False,9.042394981126735,0.4329876674106874,2021,-0.11623759526577437,0.07270650932622758
Gauteng,Ward 74201018,GT421,7233,0.3709387529379234,False,8.886409166849282,0.43455519806498444,2021,-0.13880403739722863,-0.060405300077942314
Gauteng,Ward 74201019,GT421,7154,0.3950237629298295,False,8.875426919818963,0.4340078114742594,2021,-0.09158577108195409,-0.04204606320299942
Gauteng,Ward 74201020,GT421,6773,0.3974605049461095,False,8.820699399214904,0.4339524309738893,2021,-0.15145253853215135,-0.0561594202898551
Gauteng,Ward 74201021,GT421,10328,0.3965917893106119,False,9.242613932526478,0.4339721745110597,2021,-0.15887178684832848,0.06870860927152322
Gauteng,Ward 74201022,GT421,7870,0.4006353240152477,False,8.970813341411448,0.43388027599504525,2021,-0.12389697390215437,-0.07400870690669492
Gauteng,Ward 74201023,GT421,8826,0.4769997733967822,False,9.085457189829492,0.4321447203272832,2021,-0.10787107531170487,-0.04210983286303449
Gauteng,Ward 74201024,GT421,6826,0.3918839730442426,False,8.828494129466652,0.43407917033529536,2021,-0.0967640421893885,-0.00014647722279181874
Gauteng,Ward 74201025,GT421,8690,0.4924050632911392,False,9.069928218259438,0.4317946001024114,2021,-0.07915782847651642,-0.09214375261178442
Gauteng,Ward 74201026,GT421,8237,0.5092873619036057,False,9.016391478941248,0.4314109114975826,2021,-0.03554102941089354,-0.03840765818351621
Gauteng,Ward 74201027,GT421,8753,0.3596481206443505,False,9.077151777732437,0.4348118033443838,2021,-0.14994581063632784,-0.023538598839803693
Gauteng,Ward 74201028,GT421,8016,0.4126746506986028,False,8.989194823324645,0.43360665493406,2021,-0.1777530758864611,0.10246183468573777
Gauteng,Ward 74201029,GT421,6561,0.3830208809632678,False,8.788898309344878,0.4342806042462266,2021,-0.13593281885488862,-0.08224926563155688
Gauteng,Ward 74201030,GT421,7862,0.4286441109132536,False,8.969796305981806,0.4332437126564542,2021,-0.14560266096622987,-0.06001912960306077
Gauteng,Ward 74201031,GT421,7475,0.4468227424749164,False,8.919319398258887,0.43283056193914365,2021,-0.08471552728324871,-0.06818748441785094
Gauteng,Ward 74201032,GT421,7613,0.4330750032838565,False,8.937612591306213,0.43314301055712234,2021,-0.09445736994620524,-0.07866392351446205
Gauteng,Ward 74201033,GT421,7458,0.4253150978814695,False,8.917042560738766,0.4333193720435402,2021,-0.0890142869102768,-0.05005731753916698
Gauteng,Ward 74201034,GT421,6428,0.4261045426260112,False,8.768418726857403,0.4333014301175279,2021,-0.09907633409409095,-0.08809760249680809
Gauteng,Ward 74201035,GT421,6266,0.428183849345675,False,8.742893471512136,0.43325417314662645,2021,-0.13131541427729998,-0.07717231222385856
Gauteng,Ward 74201036,GT421,8192,0.395263671875,False,9.010913347279288,0.4340023589982327,2021,-0.12773644698866338,-0.026268869606561274
Gauteng,Ward 74201037,GT421,6561,0.4063404968754763,False,8.788898309344878,0.4337506129754946,2021,-0.08096914779457448,-0.12356398610740049
Gauteng,Ward 74201038,GT421,6963,0.3840298721815309,False,8.848365694942547,0.4342576726276297,2021,-0.13733302668272002,-0.05854515954570039
Gauteng,Ward 74201039,GT421,6355,0.3532651455546813,False,8.756997183623554,0.4349568709600582,2021,-0.17314103735643932,-0.09045369972806638
Gauteng,Ward 74201040,GT421,6595,0.4274450341167551,False,8.794067065151415,0.4332709644018292,2021,-0.07560581334087196,-0.10576271186440678
Gauteng,Ward 74201041,GT421,7115,0.4338721011946592,False,8.869960510523953,0.4331248946955132,2021,-0.10160655775242572,-0.042008886495220166
Gauteng,Ward 74201042,GT421,6819,0.3597301657134477,False,8.827468112520654,0.43480993868372253,2021,-0.11895075661039611,-0.12160247327064277
Gauteng,Ward 74201043,GT421,6915,0.393058568329718,False,8.841448244098858,0.43405247498789823,2021,-0.14459325353263014,-0.0668016194331984
Gauteng,Ward 74201044,GT421,7118,0.3685023883113234,False,8.870382066070137,0.43461056998831626,2021,-0.10468582512111618,-0.055216352535173874
Gauteng,Ward 74201045,GT421,9234,0.5604288499025342,False,9.130647603066935,0.43024860495215234,2021,-0.11867061246305721,0.03427419354838701
Gauteng,Ward 74202001,GT422,3570,0.5638655462184874,False,8.180320874773685,0.543300766305821,2021,-0.08880519521122299,-0.0512888652670741
Gauteng,Ward 74202002,GT422,3288,0.7019464720194647,False,8.098034756176071,0.5326791566288227,2021,-0.06718738624825182,0.035590551181102326
Gauteng,Ward 74202003,GT422,3785,0.6597093791281374,False,8.23880116587155,0.5359281637743094,2021,-0.08942457006354854,0.0926674364896074
Gauteng,Ward 74202004,GT422,4009,0.5562484410077326,False,8.296297112642508,0.543886697475879,2021,-0.11548564814454776,0.0329811904148416
Gauteng,Ward 74202005,GT422,4309,0.5031329774889766,False,8.368461137615839,0.5479725023619372,2021,-0.13252109681636215,0.3453012800499531
Gauteng,Ward 74202006,GT422,4481,0.423566168266012,False,8.407601514786142,0.5540930261483191,2021,-0.2192909745911309,0.01933575978161972
Gauteng,Ward 74202007,GT422,4232,0.5510396975425331,False,8.350429973538136,0.5442873700501252,2021,-0.05834327033100084,0.07904130545639987
Gauteng,Ward 74202008,GT422,3945,0.4773130544993663,False,8.280204233279974,0.5499586502842149,2021,-0.08251701394528793,-0.06891668633467074
Gauteng,Ward 74202009,GT422,2976,0.4946236559139785,False,7.998335395952982,0.548627065560014,2021,-0.0781369168465943,-0.00899100899100902
Gauteng,Ward 74202010,GT422,3929,0.4601679816747264,False,8.27614021955846,0.5512775020399564,2021,-0.12284849487787186,-0.004055766793409354
Gauteng,Ward 74202011,GT422,4760,0.4651260504201681,False,8.468002947225466,0.550896112136461,2021,-0.14947131020466364,0.28198222461621336
Gauteng,Ward 74202012,GT422,3386,0.4633786178381571,False,8.12740456269308,0.5510305300273848,2021,-0.14178948441246814,-0.059183106418449594
Gauteng,Ward 74202013,GT422,3782,0.5893707033315706,False,8.238008249218403,0.5413388311432761,2021,-0.12146188395580626,0.1286183228886899
Gauteng,Ward 74202014,GT422,3951,0.7172867628448494,False,8.281723990411392,0.5314991342576393,2021,-0.08809129892298873,0.051916932907348334
Gauteng,Ward 74203001,GT423,4908,0.4881825590872045,False,8.498621805830801,0.5096088537145075,2021,-0.14949492569981376,0.2444219066937119
Gauteng,Ward 74203002,GT423,3122,0.4833440102498398,False,8.046229101075378,0.5100120661176212,2021,-0.15304643504653298,-0.07932763196697135
Gauteng,Ward 74203003,GT423,3941,0.501649327581832,False,8.279189777195004,0.5084866230066217,2021,-0.1275215520946088,-0.0037917087967643814
Gauteng,Ward 74203004,GT423,3288,0.4552919708029197,False,8.098034756176071,0.5123497360715311,2021,-0.19467924393513436,-0.05354058721934374
Gauteng,Ward 74203005,GT423,3536,0.4708710407239819,False,8.170751423757535,0.511051480244776,2021,-0.19142199270307214,0.10465479537644495
Gauteng,Ward 74203006,GT423,2042,0.5073457394711067,False,7.621684998724611,0.5080119220158489,2021,-0.08958258817394449,-0.3030716723549488
Gauteng,Ward 74203007,GT423,3662,0.4440196613872201,False,8.205764725234456,0.513289095189506,2021,-0.16405024352154368,-0.05885376509894624
Gauteng,Ward 74203008,GT423,4667,0.5247482322691236,False,8.448271745949816,0.5065617142826808,2021,-0.08030097611769715,-0.001497646555412957
Gauteng,Ward 74203009,GT423,3985,0.5937264742785445,False,8.290292591224315,0.5008135274485624,2021,-0.04689121406960706,-0.06761815629386991
Gauteng,Ward 74203010,GT423,4160,0.5725961538461538,False,8.333270353255308,0.502574387484595,2021,-0.09894431612773658,0.08616187989556146
Gauteng,Ward 74203011,GT423,2487,0.4893445918777643,False,7.818832443803404,0.5095120176486274,2021,-0.15239329986012745,-0.11431623931623935
Gauteng,Ward 74203012,GT423,3793,0.5489058792512523,False,8.2409125416889,0.5045485770341701,2021,-0.10463037858223023,0.13190092509698603
Gauteng,Ward 74203013,GT423,4262,0.52346316283435,False,8.357493812658563,0.5066688034022453,2021,-0.12267734020120935,-0.0758889852558543
Gauteng,Ward 74801001,GT481,3758,0.4260244811069718,False,8.231642179973411,0.4768920748168809,2021,-0.1970845434105034,-0.019822639540949427
Gauteng,Ward 74801002,GT481,4455,0.4004489337822671,False,8.40178233990491,0.477667091402478,2021,-0.17313999060537932,-0.051118210862619806
Gauteng,Ward 74801003,GT481,5800,0.3946551724137931,False,8.66561319653451,0.4778426599287954,2021,-0.12932655579328722,0.10392082223068133
Gauteng,Ward 74801004,GT481,4370,0.4347826086956521,False,8.382518288089635,0.4766266770111633,2021,-0.18041877718568178,-0.0537029016890429
Gauteng,Ward 74801005,GT481,5086,0.4298073141958317,False,8.534246945982066,0.4767774435111578,2021,-0.14060490593390257,0.06423938062356149
Gauteng,Ward 74801006,GT481,4313,0.4530489218641317,False,8.369388996647842,0.47607315236969416,2021,-0.17030367929193768,-0.002774566473988438
Gauteng,Ward 74801007,GT481,5220,0.4312260536398467,False,8.560252680876685,0.47673445140679377,2021,-0.13292726649691777,-0.06064423249955009
Gauteng,Ward 74801008,GT481,4261,0.4686693264491903,False,8.357259153499912,0.4755998067762076,2021,-0.11096156897117876,-0.029163818637502836
Gauteng,Ward 74801009,GT481,6000,0.4851666666666667,False,8.699514748210191,0.475099887375678,2021,-0.16110129809921186,-0.07278627723690312
Gauteng,Ward 74801010,GT481,4575,0.4673224043715847,False,8.428361977709622,0.4756406225967411,2021,-0.14186589393908688,-0.05747836835599507
Gauteng,Ward 74801011,GT481,5762,0.4692814994793474,False,8.659039915644474,0.475581256078324,2021,-0.1752853698215645,0.09460486322188455
Gauteng,Ward 74801012,GT481,3871,0.3143890467579436,False,8.261268150577648,0.48027496676685144,2021,-0.2537088295116778,-0.10641735918744233
Gauteng,Ward 74801013,GT481,5647,0.4046396316628298,False,8.638879709672837,0.4775401005576124,2021,-0.1511070992387531,-0.028389538885065346
Gauteng,Ward 74801014,GT481,4770,0.4723270440251572,False,8.470101583882387,0.47548896684966313,2021,-0.12115494568324764,0.022727272727272707
Gauteng,Ward 74801015,GT481,4379,0.4644896094998858,False,8.384575666801398,0.47572646486558046,2021,-0.10721665399903424,-0.054211663066954685
Gauteng,Ward 74801016,GT481,5146,0.4057520404197435,False,8.545974992841689,0.47750639120134236,2021,-0.15328719683731556,-0.056472313898056514
Gauteng,Ward 74801017,GT481,4727,0.5832451872223398,False,8.461046030793236,0.472127810995203,2021,-0.1292648368353988,-0.05232558139534882
Gauteng,Ward 74801018,GT481,5860,0.6418088737201365,False,8.675904882571059,0.47035315382860315,2021,-0.12507348898104154,-0.027708644433383056
Gauteng,Ward 74801019,GT481,3787,0.4436229205175601,False,8.239329427901795,0.4763587887741358,2021,-0.1386256001924991,-0.10366863905325441
Gauteng,Ward 74801020,GT481,4533,0.4639311714096625,False,8.41913925094085,0.47574338723195086,2021,-0.13632840029702148,-0.0194678780012979
Gauteng,Ward 74801021,GT481,5310,0.6487758945386064,False,8.577347114235984,0.47014203198561927,2021,-0.12600519127575438,-0.07005253940455336
Gauteng,Ward 74801022,GT481,5429,0.6347393626818936,False,8.599510233905452,0.47056738143582266,2021,-0.0995015921856931,0.012495337560611608
Gauteng,Ward 74801023,GT481,5891,0.4522152435919199,False,8.681181041521688,0.47609841534764,2021,-0.13905762226173868,0.12252286585365857
Gauteng,Ward 74801024,GT481,5138,0.4480342545737641,False,8.544419177669829,0.4762251119845538,2021,-0.09484378528727078,-0.06052294752239895
Gauteng,Ward 74801025,GT481,4647,0.4234990316333118,False,8.443977129084978,0.47696860358880994,2021,-0.14120211547878314,-0.06480177098007645
Gauteng,Ward 74801026,GT481,4474,0.4481448368350469,False,8.406038142050075,0.4762217610069392,2021,-0.11899111609624113,-0.05988653078377815
Gauteng,Ward 74801027,GT481,4507,0.4530729975593521,False,8.413387022690648,0.4760724228031724,2021,-0.15703062938365303,-0.026986183074265924
Gauteng,Ward 74801028,GT481,5042,0.5811186037286791,False,8.525558107747866,0.4721922529192534,2021,-0.1611045401950041,0.04562422231439234
Gauteng,Ward 74801029,GT481,4102,0.666747927840078,False,8.319229938632326,0.4695974249158777,2021,-0.09018767918461024,0.04403156019343335
Gauteng,Ward 74801030,GT481,5785,0.4743301642178046,False,8.663023639627777,0.47542826623776474,2021,-0.10742511619006134,0.05335032774945381
Gauteng,Ward 74801031,GT481,5405,0.4910268270120259,False,8.595079730073309,0.4749223067591519,2021,-0.14894494931536867,-0.046569059798906354
Gauteng,Ward 74801032,GT481,3743,0.5046753940689287,False,8.22764270790443,0.47450871381803367,2021,-0.1218863828861847,-0.13396575659416932
Gauteng,Ward 74801033,GT481,4460,0.4719730941704035,False,8.40290404501411,0.4754996926028375,2021,-0.0904997908621345,-0.03253796095444683
Gauteng,Ward 74801034,GT481,5272,0.4104704097116843,False,8.570165076182343,0.47736341031370777,2021,-0.18155751093489908,-0.031594415870683346
Gauteng,Ward 74804001,GT484,4534,0.4422143802382002,False,8.419359831067474,0.4138203931285368,2021,-0.15367884358110168,-0.06899383983572893
Gauteng,Ward 74804002,GT484,4584,0.4729493891797556,False,8.430327258394575,0.41268205946403475,2021,-0.09336860245204359,-0.041004184100418395
Gauteng,Ward 74804003,GT484,2693,0.4430003713330858,False,7.898411092811599,0.4137912823472447,2021,-0.04989580353030221,-0.01894353369763202
Gauteng,Ward 74804004,GT484,3075,0.4390243902439024,False,8.031060180240619,0.4139385409061034,2021,-0.03383074337072489,-0.13502109704641352
Gauteng,Ward 74804005,GT484,2953,0.2604131391804944,False,7.990576881743923,0.42055377242697034,2021,-0.05480844078096997,0.1379576107899807
Gauteng,Ward 74804006,GT484,2958,0.45368492224476,False,7.992268643270745,0.41339555823940494,2021,-0.09463312056869566,-0.09541284403669725
Gauteng,Ward 74804007,GT484,2188,0.5150822669104205,False,7.690743163541872,0.41112158251104713,2021,-0.04947817265001908,-0.3989010989010989
Gauteng,Ward 74804008,GT484,2721,0.4355016538037486,False,7.908754738783246,0.41406901262610907,2021,-0.12016209173341463,-0.1168451801363194
Gauteng,Ward 74804009,GT484,2881,0.4817771607080874,False,7.9658927350845286,0.4123551049629854,2021,-0.03984233614725852,0.13246855345911945
Gauteng,Ward 74804010,GT484,3531,0.3848768054375531,False,8.169336395928386,0.41594400701004225,2021,-0.19833068474668125,0.06644518272425248
Gauteng,Ward 74804011,GT484,2697,0.3292547274749722,False,7.89989532313973,0.4180040839716193,2021,-0.11066648066685308,-0.11457649376231127
Gauteng,Ward 74804012,GT484,4325,0.5292485549132948,False,8.37216741936598,0.4105969051776074,2021,-0.0779299096928866,0.07801595214356927
Gauteng,Ward 74804013,GT484,2923,0.4505644885391721,False,7.980365765111246,0.41351112985813043,2021,-0.05920611468937509,-0.17218918153497598
Gauteng,Ward 74804014,GT484,3841,0.4480604009372559,False,8.253488028345904,0.41360387384338654,2021,-0.15240471534181382,-0.10674418604651159
Gauteng,Ward 74804015,GT484,3386,0.370939161252215,False,8.12740456269308,0.4164602160539437,2021,-0.06690494190628982,-0.01883512025499856
Gauteng,Ward 74804016,GT484,3587,0.424310008363535,False,8.185071477532283,0.4144835180127836,2021,-0.12119576791147207,0.010707241476472174
Gauteng,Ward 74804017,GT484,3270,0.4235474006116208,False,8.0925452638913,0.414511762744336,2021,-0.11851404067462668,-0.06115417743324725
Gauteng,Ward 74804018,GT484,3488,0.3523509174311927,False,8.15708378502887,0.41714866952879637,2021,-0.11711270444878602,-0.07381837493361654
Gauteng,Ward 74804019,GT484,3131,0.3040562120728202,False,8.049107721326406,0.41893736231984713,2021,-0.10101815363146671,0.36964129483814534
Gauteng,Ward 74804020,GT484,3912,0.3341002044989775,False,8.271804031154709,0.4178246218596191,2021,-0.2205891411187877,-0.07583274273564844
Gauteng,Ward 74804021,GT484,4683,0.5714285714285714,False,8.451694209183541,0.40903468234370827,2021,-0.09608120093289096,0.07679926419866634
Gauteng,Ward 74804022,GT484,4145,0.4407720144752714,False,8.329658067569396,0.41387381408271934,2021,-0.1512885757571652,0.0825280752154609
Gauteng,Ward 74804023,GT484,3504,0.3715753424657534,False,8.161660452056282,0.4164366537867756,2021,-0.11743283749334676,-0.10429447852760731
Gauteng,Ward 74804024,GT484,2849,0.4931554931554932,False,7.954723334497908,0.4119336852427111,2021,-0.10045328670247972,-0.08037443511943188
Gauteng,Ward 74804025,GT484,2897,0.3596824301001035,False,7.9714309977693505,0.41687713202254034,2021,-0.22766503296990293,-0.06968529222864484
Gauteng,Ward 74804026,GT484,3561,0.4231957315360853,False,8.177796683277778,0.41452478752491145,2021,-0.1504476793166279,-0.07984496124031004
Gauteng,Ward 74804027,GT484,2617,0.1723347344287352,False,7.869783902530146,0.42381593556592434,2021,-0.20136389570825108,-0.28301369863013703
Gauteng,Ward 74804028,GT484,3877,0.4882641217436162,False,8.262816937670928,0.4121148471468547,2021,-0.11750041171998904,-0.053004396678065446
Gauteng,Ward 79800001,JHB,14294,0.3940114733454596,True,9.567595147779924,0.41640330070949655,2021,-0.1276434318710894,-0.01106960011069602
Gauteng,Ward 79800002,JHB,14308,0.3786692759295499,True,9.568574100378909,0.41652223247241055,2021,-0.1720321268760613,-0.0442217768871076
Gauteng,Ward 79800003,JHB,13533,0.3953299342348333,True,9.512886426076506,0.41639308008244713,2021,-0.11684074159563629,-0.031142611683848798
Gauteng,Ward 79800004,JHB,17574,0.4008762945260043,True,9.774175816055788,0.4163500850414303,2021,-0.14158092019322582,-0.03909453770025695
Gauteng,Ward 79800005,JHB,16037,0.3582964394836939,True,9.682653831508809,0.4166801614371071,2021,-0.3130668268448176,0.004258250360072546
Gauteng,Ward 79800006,JHB,18848,0.4649830220713073,True,9.844162086451313,0.4158531336651101,2021,-0.016847972474927086,0.1549727311722533
Gauteng,Ward 79800007,JHB,19786,0.4871120994642676,True,9.892729895883168,0.41568159042950575,2021,-0.13045163991250297,0.019108936389389708
Gauteng,Ward 79800008,JHB,18048,0.3606493794326241,True,9.800790154297786,0.4166619215925418,2021,-0.19113251856310165,0.04245364754808523
Gauteng,Ward 79800009,JHB,18174,0.4684164190601959,True,9.807747280255292,0.4158265181845761,2021,-0.12950334319834794,0.08017830609212484
Gauteng,Ward 79800010,JHB,14394,0.4278866194247603,True,9.57456673206775,0.41614070267787406,2021,-0.14872012051264422,0.047674503238954724
Gauteng,Ward 79800011,JHB,15888,0.4273036253776435,True,9.673319386284954,0.4161452220115726,2021,-0.12617704391594337,-0.09268459825252695
Gauteng,Ward 79800012,JHB,15492,0.3931061192873741,True,9.648079040634643,0.41641031895800884,2021,-0.0977065802728403,-0.06669076450388578
Gauteng,Ward 79800013,JHB,15430,0.4040829552819183,True,9.644068945357207,0.4163252272061131,2021,-0.13806139073163048,0.0050807712350182666
Gauteng,Ward 79800014,JHB,14188,0.440583591767691,True,9.560151815893512,0.41604227653568077,2021,-0.11150750834753975,-0.03829729546532912
Gauteng,Ward 79800015,JHB,14312,0.3570430408049189,True,9.568853625188556,0.41668987770593485,2021,-0.16865966874180183,-0.0939478348949101
Gauteng,Ward 79800016,JHB,14048,0.4209851936218678,True,9.550235315874898,0.4161942021027027,2021,-0.22456461585009735,-0.0440936309199782
Gauteng,Ward 79800017,JHB,18261,0.5184820108427797,True,9.812522917162035,0.4154384128219204,2021,-0.09651825778667289,-0.018911513458335527
Gauteng,Ward 79800018,JHB,18900,0.5445502645502646,True,9.846917201047734,0.4152363333358159,2021,-0.11275250156748384,0.017113335485954062
Gauteng,Ward 79800019,JHB,13334,0.3827058647067646,True,9.498072443178005,0.41649094108654067,2021,-0.16658326675337964,-0.1015430227073647
Gauteng,Ward 79800020,JHB,13868,0.3740265359100087,True,9.537339306804913,0.41655822270512016,2021,-0.2019708045155233,-0.0779255319148936
Gauteng,Ward 79800021,JHB,15015,0.5064935064935064,True,9.616804980417431,0.41553134696416283,2021,-0.0005399414589787321,-0.06126914660831506
Gauteng,Ward 79800022,JHB,18658,0.436917140100761,True,9.834030287520907,0.416070698641626,2021,-0.1418200015057175,0.020901729043554473
Gauteng,Ward 79800023,JHB,17898,0.5531344284277573,True,9.792444253742804,0.4151697894297888,2021,-0.1698370747264737,-0.026647813791603192
Gauteng,Ward 79800024,JHB,16251,0.3500092302012184,True,9.69590972432601,0.41674440336952945,2021,-0.1522089044016814,-0.12080718459207962
Gauteng,Ward 79800025,JHB,16917,0.403676774841875,True,9.736074312475292,0.41632837589169486,2021,-0.14935858206272806,-0.05953969312875251
Gauteng,Ward 79800026,JHB,16075,0.3741835147744946,True,9.68502054910582,0.41655700581469784,2021,-0.18581384217013347,0.06217787762653626
Gauteng,Ward 79800027,JHB,16988,0.4256534024016953,True,9.740262491433162,0.4161580144377428,2021,-0.1617133826782336,-0.05706039076376557
Gauteng,Ward 79800028,JHB,13314,0.4237644584647739,True,9.496571392160648,0.416172657413998,2021,-0.13486813822030902,-0.08052486187845309
Gauteng,Ward 79800029,JHB,15751,0.4457494762237318,True,9.664659134301736,0.4160022309197425,2021,-0.12713612558946158,-0.060539186448765325
Gauteng,Ward 79800030,JHB,15999,0.4002125132820801,True,9.680281499268713,0.4163552306324685,2021,-0.10426509865821842,-0.08157290470723311
Gauteng,Ward 79800031,JHB,12745,0.3886229894076108,True,9.452894316810216,0.4164450719028132,2021,-0.10646388043004229,-0.0924950156650527
Gauteng,Ward 79800032,JHB,19336,0.4406805957798924,True,9.869723922383319,0.41604152456659393,2021,-0.23500071316700977,0.007555625032567459
Gauteng,Ward 79800033,JHB,13706,0.466802860061287,True,9.52558897214577,0.41583902639387,2021,-0.15127439071974114,-0.026838966202783254
Gauteng,Ward 79800034,JHB,14050,0.4257651245551601,True,9.550377674761892,0.4161571483745376,2021,-0.11738599184436399,-0.016588507034366873
Gauteng,Ward 79800035,JHB,15000,0.438,True,9.615805480084347,0.4160623043788412,2021,-0.132825307452956,0.11127574455474876
Gauteng,Ward 79800036,JHB,12967,0.4357985655895735,True,9.470162947548884,0.41607936976186777,2021,-0.1414445982680389,-0.09315336736834745
Gauteng,Ward 79800037,JHB,12953,0.3897166679533699,True,9.469082700530256,0.4164365937745515,2021,-0.1528018319839185,-0.1876959739119528
Gauteng,Ward 79800038,JHB,13671,0.4300343793431351,True,9.523032079931992,0.41612405337618125,2021,-0.10996281875156927,-0.04237881759596529
Gauteng,Ward 79800039,JHB,13389,0.4325939203824034,True,9.50218875329738,0.41610421197277603,2021,-0.13662403812151724,-0.07091804871278884
Gauteng,Ward 79800040,JHB,14623,0.4398550229091157,True,9.590350910611878,0.4160479243562899,2021,-0.09446884393308852,-0.08325496834054291
Gauteng,Ward 79800041,JHB,16876,0.3887769613652524,True,9.733647773244229,0.41644387832174623,2021,-0.1978904350553048,-0.07635050079360739
Gauteng,Ward 79800042,JHB,13986,0.4172029172029172,True,9.545812108263812,0.4162235220749426,2021,-0.15012395655028882,-0.0035622684525505877
Gauteng,Ward 79800043,JHB,14257,0.4493231395104159,True,9.56500329315396,0.4159745281035666,2021,-0.12738487514348218,-0.08368147053152519
Gauteng,Ward 79800044,JHB,17094,0.4054639054639055,True,9.746482803725963,0.4163145221659427,2021,-0.11156817030397687,-0.10554131128669353
Gauteng,Ward 79800045,JHB,15560,0.4293701799485861,True,9.652458797732383,0.41612920220869715,2021,-0.11595651211118535,-0.08819220627014357
Gauteng,Ward 79800046,JHB,16015,0.4199812675616609,True,9.681281062043258,0.4162019844752624,2021,-0.12328600738458195,-0.06927413262044513
Gauteng,Ward 79800047,JHB,16924,0.3746159300401796,True,9.736488011839958,0.41655365375837466,2021,-0.15228867262292006,0.02900224965039211
Gauteng,Ward 79800048,JHB,17479,0.4333771954917329,True,9.768755439335086,0.41609814007270374,2021,-0.11998469685321023,0.085180356366797
Gauteng,Ward 79800049,JHB,19977,0.3565600440506583,True,9.902336890778733,0.4166936218668206,2021,-0.1858172573627877,0.04193396964481311
Gauteng,Ward 79800050,JHB,13563,0.381184103811841,True,9.515100775962715,0.41650273768262536,2021,-0.17334609753044095,-0.05180369127516782
Gauteng,Ward 79800051,JHB,14386,0.3910051438898929,True,9.574010790427302,0.4164266055889971,2021,-0.14690924706654046,-0.08637114187730222
Gauteng,Ward 79800052,JHB,12978,0.4207890275851441,True,9.471010895181113,0.416195722769654,2021,-0.10240352789087598,-0.07100930565497499
Gauteng,Ward 79800053,JHB,19531,0.3682351134094516,True,9.879758225836891,0.4166031174531865,2021,-0.22094273360523653,0.24187702676925027
Gauteng,Ward 79800054,JHB,19395,0.4773910801753029,True,9.872770579874068,0.41575694716817996,2021,-0.17478508562780587,0.004922279792746176
Gauteng,Ward 79800055,JHB,14435,0.4234153100103914,True,9.577411092097035,0.4161753639911637,2021,-0.15572695081233806,-0.02814246280212751
Gauteng,Ward 79800056,JHB,15367,0.4164768660115832,True,9.639977632055333,0.41622915037875136,2021,-0.15375545785670364,-0.03248756532141284
Gauteng,Ward 79800057,JHB,18371,0.4379728920581351,True,9.818528613308937,0.4160625145179254,2021,-0.16407014206488163,-0.0017930884590307006
Gauteng,Ward 79800058,JHB,16994,0.3460633164646345,True,9.740615619563487,0.41677499184810757,2021,-0.19979491499197422,-0.06836248012718604
Gauteng,Ward 79800059,JHB,11049,0.2183908045977011,True,9.310095205113175,0.4177647012424249,2021,-0.0668077513589776,-0.1859574154571576
Gauteng,Ward 79800060,JHB,16499,0.2339535729438147,True,9.711055051991444,0.41764405962733875,2021,-0.1333160672312,0.07745053222751919
Gauteng,Ward 79800061,JHB,15844,0.3104014137843979,True,9.670546158741807,0.4170514407060939,2021,-0.1642912155609182,-0.011171441053485665
Gauteng,Ward 79800062,JHB,11274,0.2390455916267518,True,9.33025446864152,0.4176045866142927,2021,-0.11536595427415583,-0.16128552298765064
Gauteng,Ward 79800063,JHB,13750,0.2290909090909091,True,9.528794103094718,0.41768175469596597,2021,-0.09213564643156782,0.02337005061030073
Gauteng,Ward 79800064,JHB,13875,0.232072072072072,True,9.537843938614635,0.41765864490541427,2021,-0.12450187719885067,-0.14992035289792915
Gauteng,Ward 79800065,JHB,17870,0.3128147733631785,True,9.790878608153474,0.41703273249230494,2021,-0.1180992516960051,0.03181476990588372
Gauteng,Ward 79800066,JHB,14365,0.3784893839192482,True,9.57254997141339,0.4165236269841184,2021,-0.16590189731413835,-0.04538809144072298
Gauteng,Ward 79800067,JHB,13029,0.2690920254816179,True,9.474932921202932,0.41737166852239455,2021,-0.09455095116783285,-0.05222957736233358
Gauteng,Ward 79800068,JHB,16952,0.4704459650778669,True,9.738141099948136,0.41581078526971044,2021,-0.12745940241792514,0.05679197057540053
Gauteng,Ward 79800069,JHB,15713,0.3856679182842232,True,9.662243674190131,0.4164679794309015,2021,-0.16188676345576203,-0.034590808552469876
Gauteng,Ward 79800070,JHB,20771,0.4991574791776997,True,9.941313062076109,0.4155882153929676,2021,-0.15247859424608323,0.036063447725458886
Gauteng,Ward 79800071,JHB,16924,0.456097849208225,True,9.736488011839958,0.41592201097412623,2021,-0.19473866385311928,-0.006515996477839736
Gauteng,Ward 79800072,JHB,13942,0.550638358915507,True,9.542661146046344,0.4151891388058528,2021,-0.09766830278899608,-0.1352189554645825
Gauteng,Ward 79800073,JHB,15457,0.4493109917836579,True,9.645817254152318,0.41597462227199117,2021,-0.1705874719863691,0.019120458891013437
Gauteng,Ward 79800074,JHB,16153,0.5114839348727791,True,9.689861069913759,0.41549266147285063,2021,-0.15028172352478553,0.04624651855690143
Gauteng,Ward 79800075,JHB,15737,0.3328461587341933,True,9.663769906600864,0.4168774504351653,2021,-0.1196897616882554,-0.03370993491342256
Gauteng,Ward 79800076,JHB,13812,0.3739501882421083,True,9.533293058509884,0.41655881454750704,2021,-0.10582359751970138,-0.08103792415169664
Gauteng,Ward 79800077,JHB,15778,0.3250095069083534,True,9.666371843655035,0.41693819967412526,2021,-0.15894157026306271,-0.02042590178183401
Gauteng,Ward 79800078,JHB,16008,0.3255872063968016,True,9.68084387626357,0.41693372138351714,2021,-0.1884973006454519,0.024839948783610843
Gauteng,Ward 79800079,JHB,15829,0.3261103038726388,True,9.669598979685738,0.4169296663643246,2021,-0.1417619994360778,-0.07954875850439025
Gauteng,Ward 79800080,JHB,13594,0.4204796233632485,True,9.517383797906584,0.4161981212519943,2021,-0.05582035438320948,0.008382167494992876
Gauteng,Ward 79800081,JHB,17769,0.4073386234453261,True,9.785210644945074,0.4162999894684123,2021,-0.1478694729840575,0.010291107573345393
Gauteng,Ward 79800082,JHB,17675,0.496973125884017,True,9.779906490764773,0.4156051483642364,2021,-0.1279989536335171,-0.01301094482912668
Gauteng,Ward 79800083,JHB,15797,0.5956194214091283,True,9.667575327569097,0.4148404483989255,2021,-0.15696169953482453,-0.02919124877089474
Gauteng,Ward 79800084,JHB,18072,0.4842850818946436,True,9.80211905814784,0.4157035052943866,2021,-0.1489327266897339,-0.03641695547853907
Gauteng,Ward 79800085,JHB,17196,0.4896487555245405,True,9.752432077616172,0.41566192642903854,2021,-0.19419791713732998,-0.03349820143884896
Gauteng,Ward 79800086,JHB,18928,0.5321745562130178,True,9.848397586218168,0.41533226905936044,2021,-0.15490450295183555,-0.01937623044244119
Gauteng,Ward 79800087,JHB,16269,0.4866310160427807,True,9.69701673550917,0.41568531975835454,2021,-0.13024890521706178,0.000799704724409489
Gauteng,Ward 79800088,JHB,15625,0.555072,True,9.656627474604603,0.41515476949512026,2021,-0.13353064941090287,-0.04615102863073073
Gauteng,Ward 79800089,JHB,17975,0.5404728789986092,True,9.796737182589247,0.4152679409757512,2021,-0.165071740423963,-0.01711504811898512
Gauteng,Ward 79800090,JHB,15805,0.5297057893071813,True,9.668081624649718,0.41535140678731264,2021,-0.19760627795295727,-0.022935212660731952
Gauteng,Ward 79800091,JHB,15745,0.4287075261987932,True,9.664278133535126,0.4161343390594707,2021,-0.13267930272939338,-0.002028268999175964
Gauteng,Ward 79800092,JHB,17488,0.364535681610247,True,9.76927021041632,0.4166317952190718,2021,-0.14368889696506565,0.18868950516585103
Gauteng,Ward 79800093,JHB,19644,0.5212787619629403,True,9.885527227159136,0.41541673258067885,2021,-0.17704464416986354,0.08338848444738578
Gauteng,Ward 79800094,JHB,17305,0.4696908407974574,True,9.758750756069444,0.4158166389463028,2021,-0.17140926169656379,-0.014633868579888354
Gauteng,Ward 79800095,JHB,17995,0.2979160878021673,True,9.79784922051313,0.4171482261788244,2021,-0.14596590653704455,-0.020520357065099026
Gauteng,Ward 79800096,JHB,21882,0.4734027968193035,True,9.993419660036736,0.4157878640934203,2021,-0.1313464375800138,0.09854912395200555
Gauteng,Ward 79800097,JHB,22293,0.5247387072175123,True,10.01202800682558,0.4153899112996357,2021,-0.23247639213376725,0.13873422894212606
Gauteng,Ward 79800098,JHB,17173,0.4917020904908868,True,9.751093661983862,0.415646009103718,2021,-0.15102131376443234,-0.025645390070922036
Gauteng,Ward 79800099,JHB,14914,0.5683921147914711,True,9.61005564810374,0.4150515127913104,2021,-0.13181711758723946,-0.024846344971884426
Gauteng,Ward 79800100,JHB,19490,0.4033350436121087,True,9.877656792501606,0.4163310249709954,2021,-0.13365139386615654,-0.03174524318147942
Gauteng,Ward 79800101,JHB,21370,0.5097332709405709,True,9.969743348313193,0.4155062325110848,2021,-0.16213406298151722,0.04847414385241877
Gauteng,Ward 79800102,JHB,18726,0.5268076471216491,True,9.837668211498835,0.41537387300580514,2021,-0.153077765449266,0.05184519463011861
Gauteng,Ward 79800103,JHB,19553,0.5088221756252238,True,9.880884006326275,0.4155132952654673,2021,-0.1701188339876354,0.02710511109943803
Gauteng,Ward 79800104,JHB,17499,0.5128864506543231,True,9.769899015421748,0.41548178925748985,2021,-0.15196872654403493,0.011678325721223404
Gauteng,Ward 79800105,JHB,19144,0.3880589218554116,True,9.85974462958821,0.4164494445194969,2021,-0.11612849945938397,0.04789534183589694
Gauteng,Ward 79800106,JHB,20114,0.52441085810878,True,9.909171369004426,0.41539245276559483,2021,-0.15768790732331883,0.05220757480644478
Gauteng,Ward 79800107,JHB,15589,0.3795625120277118,True,9.654320816312682,0.4165153081615721,2021,-0.20359320321496527,-0.05066682906034958
Gauteng,Ward 79800108,JHB,14113,0.3569049812229859,True,9.554851637414007,0.41669094793525213,2021,-0.1364556629357936,-0.0031784150303715286
Gauteng,Ward 79800109,JHB,20924,0.4074746702351366,True,9.948652104490503,0.4162989348421347,2021,-0.13122603341402062,0.14132984236077029
Gauteng,Ward 79800110,JHB,15691,0.2554967815945446,True,9.660842578559068,0.4174770580098912,2021,-0.2277216972211777,0.0012123532414496374
Gauteng,Ward 79800111,JHB,16300,0.3076687116564417,True,9.698920386794853,0.41707262444351995,2021,-0.16454089986181497,0.0571372981386602
Gauteng,Ward 79800112,JHB,19568,0.4482318070318888,True,9.881650857926953,0.4159829880452607,2021,-0.2254256059878712,0.18608316159534488
Gauteng,Ward 79800113,JHB,18165,0.2680979906413432,True,9.807251944655302,0.41737937421883076,2021,-0.15946968863123379,-0.06153130812151275
Gauteng,Ward 79800114,JHB,16275,0.3796006144393241,True,9.69738546707677,0.4165150127940402,2021,-0.14441715593413146,0.129737609329446
Gauteng,Ward 79800115,JHB,21648,0.454360679970436,True,9.982668350410568,0.41593547740232617,2021,-0.21164702982495792,0.0698823761984777
Gauteng,Ward 79800116,JHB,13565,0.3646148175451529,True,9.515248225093032,0.4166311817622121,2021,-0.09795035450907019,-0.05700382342718113
Gauteng,Ward 79800117,JHB,14228,0.5293084059600787,True,9.562967133068346,0.41535448727837543,2021,-0.16894578398405546,-0.006424581005586627
Gauteng,Ward 79800118,JHB,17383,0.3193349824541218,True,9.76324799612154,0.416982188235786,2021,-0.21321531776709385,-0.0844306330980723
Gauteng,Ward 79800119,JHB,18420,0.404071661237785,True,9.821192309809298,0.41632531475684287,2021,-0.16033370761040983,-0.041723025699719085
Gauteng,Ward 79800120,JHB,21344,0.4089673913043478,True,9.96852594871535,0.416287363360978,2021,-0.1744957795977099,0.14672540697362058
Gauteng,Ward 79800121,JHB,19635,0.4680417621594092,True,9.88506896701211,0.41582942250163646,2021,-0.11029876642856595,0.033747499210276866
Gauteng,Ward 79800122,JHB,18908,0.4114131584514491,True,9.847340391913127,0.41626840392572917,2021,-0.17064234109755072,0.0032365893776198362
Gauteng,Ward 79800123,JHB,14090,0.2112845990063875,True,9.553220604892726,0.41781978810747383,2021,-0.1310728817006078,-0.12310181727657454
Gauteng,Ward 79800124,JHB,17415,0.3179443008900373,True,9.765087182800102,0.41699296871302693,2021,-0.1498157390201647,0.08599401346969326
Gauteng,Ward 79800125,JHB,17920,0.4782924107142857,True,9.793672686528922,0.4157499601097382,2021,-0.17248465602203406,0.17017108528144176
Gauteng,Ward 79800126,JHB,18639,0.5306615161757605,True,9.833011438731804,0.4153439980518973,2021,-0.17645233711749475,-0.0170859041290935
Gauteng,Ward 79800127,JHB,13592,0.386183048852266,True,9.517236663351769,0.4164639861706841,2021,-0.10857715334228457,-0.16212550856861052
Gauteng,Ward 79800128,JHB,17690,0.3562464669304692,True,9.780754787153832,0.4166960526972096,2021,-0.15317791230203642,-0.0016930022573363734
Gauteng,Ward 79800129,JHB,14995,0.4014004668222741,True,9.61547209118311,0.41634602169029644,2021,-0.15437088036488195,-0.029261345245031434
Gauteng,Ward 79800130,JHB,13131,0.4384281471327393,True,9.482731125859004,0.41605898540881997,2021,-0.1250962910486743,-0.026106949491952802
Gauteng,Ward 79900001,TSH,16561,0.4921804238874464,True,9.714805812589491,0.44291054081307835,2021,-0.14742580630606716,0.1166475625379273
Gauteng,Ward 79900002,TSH,15964,0.4986218992733651,True,9.678091466168624,0.4428486035497522,2021,-0.16895676009735994,0.09192886456908345
Gauteng,Ward 79900003,TSH,16187,0.3216161116945697,True,9.69196372993396,0.44455058227647143,2021,-0.22738604923081485,0.02879115291724932
Gauteng,Ward 79900004,TSH,17491,0.4290778114458864,True,9.769441741907062,0.4435172967019395,2021,-0.170035353680269,0.09236822383212595
Gauteng,Ward 79900005,TSH,15496,0.5903458957150233,True,9.648337205086833,0.4419666420455055,2021,-0.13605286227148172,-0.07469994625903142
Gauteng,Ward 79900006,TSH,14080,0.4084517045454545,True,9.552510629712033,0.4437156246529052,2021,-0.1390856148446628,0.12397222000478969
Gauteng,Ward 79900007,TSH,15779,0.4479371316306483,True,9.66643522103567,0.4433359570847784,2021,-0.00042634169172500735,0.1791212075922881
Gauteng,Ward 79900008,TSH,12938,0.3945741227392178,True,9.46792399660393,0.44384906293950366,2021,-0.14136505711026764,-0.006450622024266606
Gauteng,Ward 79900009,TSH,12245,0.3867701102490812,True,9.412872969386267,0.4439241015211396,2021,-0.1931211940987449,-0.049301242236024834
Gauteng,Ward 79900010,TSH,13002,0.3299492385786802,True,9.472858470764415,0.44447045605643193,2021,-0.1440623392018346,-0.19928562630865865
Gauteng,Ward 79900011,TSH,12533,0.405329928987473,True,9.436120444611522,0.4437456417255782,2021,-0.155843918383598,-0.09853988347838594
Gauteng,Ward 79900012,TSH,12175,0.3592607802874743,True,9.40713994795079,0.444188614309232,2021,-0.13651575228758628,0.018231997992807614
Gauteng,Ward 79900013,TSH,13557,0.4265692999926237,True,9.51465829807939,0.44354141700437477,2021,-0.1446722280418803,0.04413123844731981
Gauteng,Ward 79900014,TSH,12653,0.4008535525171896,True,9.445649620189263,0.44378868380702313,2021,-0.15963603625809214,-0.05567579670124634
Gauteng,Ward 79900015,TSH,14077,0.4455494778717056,True,9.552297538827965,0.44335891529399896,2021,-0.1228949147061914,-0.17860893919943988
Gauteng,Ward 79900016,TSH,14696,0.4269188894937398,True,9.595330626894961,0.443538055566864,2021,-0.1321419522595494,0.06825616050010908
Gauteng,Ward 79900017,TSH,14907,0.3783457436103843,True,9.60958618027043,0.4440051050465117,2021,-0.10844504305530117,0.09699021267201413
Gauteng,Ward 79900018,TSH,14945,0.4278353964536634,True,9.612132074718039,0.4435292429999417,2021,-0.13969933894987463,0.13468984891048508
Gauteng,Ward 79900019,TSH,12834,0.4266012155212716,True,9.45985317831046,0.4435411101242916,2021,-0.1690067494554266,-0.09377206609235988
Gauteng,Ward 79900020,TSH,13802,0.393855962903927,True,9.532568788180548,0.44385596832253527,2021,-0.14643953743186888,-0.0730691739422431
Gauteng,Ward 79900021,TSH,13534,0.3978129156199202,True,9.51296031679217,0.4438179207002661,2021,-0.13557606601613986,-0.05856983861992204
Gauteng,Ward 79900022,TSH,13266,0.405548017488316,True,9.492959650085501,0.44374354472076233,2021,-0.09624724302393167,0.058485598021223995
Gauteng,Ward 79900023,TSH,12666,0.3979156797726196,True,9.446676517076376,0.44381693258341326,2021,-0.12093284661531739,0.08516106922549693
Gauteng,Ward 79900024,TSH,14807,0.3597622745998514,True,9.602855320908718,0.444183792248536,2021,-0.1829492161689555,0.020046844860843294
Gauteng,Ward 79900025,TSH,12789,0.3610133708655876,True,9.45634070543332,0.4441717624767501,2021,-0.18135107947432283,0.06027192837008788
Gauteng,Ward 79900026,TSH,12022,0.4022625187156879,True,9.394493583599107,0.44377513605511454,2021,-0.14662885151879929,-0.041154889137023476
Gauteng,Ward 79900027,TSH,12056,0.4106668878566689,True,9.397317740306331,0.4436943248133743,2021,-0.09051077028599602,0.014131897711978425
Gauteng,Ward 79900028,TSH,12168,0.3952169625246548,True,9.406564833939129,0.4438428817877206,2021,-0.16664621069223023,0.0418700231184177
Gauteng,Ward 79900029,TSH,13035,0.4297660145761411,True,9.475393326367602,0.4435106793641487,2021,-0.1410987145232489,-0.0645855758880517
Gauteng,Ward 79900030,TSH,15853,0.4062322588784457,True,9.671114035843228,0.44373696547662644,2021,-0.15536951797026088,0.03560229945126725
Gauteng,Ward 79900031,TSH,13885,0.3932301044292401,True,9.538564399740899,0.4438619861924842,2021,-0.13703887258808756,0.006670050025375129
Gauteng,Ward 79900032,TSH,16183,0.3828091206821973,True,9.691716587516886,0.4439621879592827,2021,-0.14925467044895135,0.08895767444990232
Gauteng,Ward 79900033,TSH,14557,0.399464175310847,True,9.585827256564661,0.443802043203238,2021,-0.16384022456942837,0.08926967973660571
Gauteng,Ward 79900034,TSH,13429,0.3645096433092561,True,9.505171826581176,0.44413814447248406,2021,-0.14207762874135793,-0.00044659471529584494
Gauteng,Ward 79900035,TSH,14466,0.3555924236139914,True,9.579556347409227,0.4442238869695539,2021,-0.13282097969646478,0.1680258377069035
Gauteng,Ward 79900036,TSH,13909,0.3619239341433604,True,9.54029139160713,0.4441630070606176,2021,-0.11663024850115034,-0.01228518676324386
Gauteng,Ward 79900037,TSH,13714,0.3854455301152107,True,9.52617248784431,0.4439368378685806,2021,-0.13581219301441555,-0.16106930935339814
Gauteng,Ward 79900038,TSH,11473,0.2571254249106598,True,9.347751727799142,0.44517068503400903,2021,-0.19427312245450779,-0.11350641322824906
Gauteng,Ward 79900039,TSH,12941,0.3628776756046673,True,9.46815584482167,0.44415383646964357,2021,-0.17190783228597506,-0.04119433948284801
Gauteng,Ward 79900040,TSH,14813,0.318639033281577,True,9.603260452582052,0.4445792080304425,2021,-0.13874569063300007,-0.05002244596934524
Gauteng,Ward 79900041,TSH,16210,0.5531153608883406,True,9.693383614729722,0.44232462795730054,2021,-0.14958920177080193,0.11554607391094907
Gauteng,Ward 79900042,TSH,14721,0.5942531078051763,True,9.597030324758013,0.44192907269848486,2021,-0.12896571709133042,0.06914082358922213
Gauteng,Ward 79900043,TSH,14533,0.4378999518337576,True,9.58417720462617,0.44343246842897927,2021,-0.16779455610067723,-0.050937112257558925
Gauteng,Ward 79900044,TSH,14391,0.6240705996803558,True,9.574358290170174,0.44164236604583884,2021,-0.15056916977209378,0.036815561959654186
Gauteng,Ward 79900045,TSH,14598,0.6315248664200576,True,9.588639812011577,0.44157069040411095,2021,-0.11878063256161253,-0.008961303462321824
Gauteng,Ward 79900046,TSH,14960,0.5921122994652407,True,9.613135251528469,0.4419496573940611,2021,-0.1335388449704341,0.180741910023678
Gauteng,Ward 79900047,TSH,15116,0.6254300079386081,True,9.62350906446938,0.4416292948125864,2021,-0.10660844860290153,-0.018058984019747926
Gauteng,Ward 79900048,TSH,17159,0.5205431551955242,True,9.750278096285621,0.4426378222428084,2021,-0.14699373470231913,-0.026163450624290596
Gauteng,Ward 79900049,TSH,14533,0.3915227413472786,True,9.58417720462617,0.44387840314519533,2021,-0.15099472238189926,-0.023844707146695288
Gauteng,Ward 79900050,TSH,14391,0.6564519491348759,True,9.574358290170174,0.4413310069164685,2021,-0.09128728692937027,-0.02881630449453365
Gauteng,Ward 79900051,TSH,11862,0.3831562974203338,True,9.381095292398673,0.44395884972141597,2021,-0.19768853737682218,-0.007779171894604753
Gauteng,Ward 79900052,TSH,16421,0.5994762803726935,True,9.706316282491837,0.44187884988533566,2021,-0.162824084878327,0.17603666833774967
Gauteng,Ward 79900053,TSH,13282,0.5217587712693872,True,9.494165014100659,0.44262613362671355,2021,-0.1903142476768167,-0.08159314064444756
Gauteng,Ward 79900054,TSH,14986,0.597891365274256,True,9.614871710924255,0.4418940894535898,2021,-0.11760866692356742,-0.034966836241870025
Gauteng,Ward 79900055,TSH,16633,0.496422774003487,True,9.719143952790535,0.44286974898503956,2021,-0.16171050073144677,-0.0862495193100038
Gauteng,Ward 79900056,TSH,11662,0.3930715143200137,True,9.364090971782101,0.44386351109738065,2021,-0.19008910744164437,0.007081174438687388
Gauteng,Ward 79900057,TSH,13148,0.5036507453605111,True,9.48402493478411,0.44280024926045275,2021,-0.19094242257554195,-0.008521227660055808
Gauteng,Ward 79900058,TSH,13616,0.2545534665099882,True,9.519000850813155,0.44519541540324625,2021,-0.15756231982244978,0.015816174276335415
Gauteng,Ward 79900059,TSH,13015,0.2935074913561275,True,9.473857817428666,0.4448208574720333,2021,-0.13635865476768727,-0.09265197992191854
Gauteng,Ward 79900060,TSH,12476,0.4521481243988458,True,9.431562077727694,0.44329546676969955,2021,0.02675836938770998,0.029118205064752933
Gauteng,Ward 79900061,TSH,16861,0.4705533479627543,True,9.732758541777981,0.4431184934662004,2021,-0.1308652682642243,0.04909158785465406
Gauteng,Ward 79900062,TSH,11697,0.4542190305206463,True,9.367087677650707,0.4432755542108361,2021,-0.11518808410385956,-0.07533596837944667
Gauteng,Ward 79900063,TSH,13473,0.3807615230460922,True,9.508442961755847,0.44398187639809145,2021,-0.10879373301859785,0.1348551212938005
Gauteng,Ward 79900064,TSH,12398,0.583561864816906,True,9.425290448261865,0.44203187311183356,2021,-0.11490253723055799,-0.17582928937047126
Gauteng,Ward 79900065,TSH,17238,0.55012182387748,True,9.754871528207344,0.4423534119670203,2021,-0.2010217115286922,-0.001910717387528238
Gauteng,Ward 79900066,TSH,16113,0.5517904797368585,True,9.68738167857357,0.44233736719914174,2021,-0.11947422187487378,0.16981269057644832
Gauteng,Ward 79900067,TSH,11633,0.4106421387432304,True,9.361601165816767,0.4436945627856189,2021,-0.08105161351390211,0.05028891296496929
Gauteng,Ward 79900068,TSH,12009,0.4247647597635107,True,9.393411647660683,0.4435587683527316,2021,-0.13273693745305415,-0.18472505091649694
Gauteng,Ward 79900069,TSH,16486,0.6253184520198957,True,9.710266814873172,0.441630367465651,2021,-0.09379755467279816,0.1493307306190741
Gauteng,Ward 79900070,TSH,16659,0.5555555555555556,True,9.720705889909716,0.4423011645470388,2021,-0.2149825021872266,0.09311023622047254
Gauteng,Ward 79900071,TSH,14194,0.309708327462308,True,9.560574619084928,0.44466508020178164,2021,-0.12925880868792672,0.1489396146996924
Gauteng,Ward 79900072,TSH,12951,0.4006640413867655,True,9.468928284223587,0.44379050602943104,2021,-0.09582147207114633,0.11014915138007897
Gauteng,Ward 79900073,TSH,15491,0.4006842682848105,True,9.648014489106362,0.4437903115400268,2021,-0.1441016196413878,-0.034407529763759936
Gauteng,Ward 79900074,TSH,12010,0.4206494587843464,True,9.39349491507403,0.44359833855445435,2021,-0.11806200805137751,-0.04826055947380936
Gauteng,Ward 79900075,TSH,13823,0.4033856615785285,True,9.534089150464357,0.4437643366045103,2021,-0.1251755409984221,-0.010522548317823954
Gauteng,Ward 79900076,TSH,12091,0.4081548259035646,True,9.400216653174247,0.44371847925523106,2021,-0.1519316986918528,-0.0313251081557443
Gauteng,Ward 79900077,TSH,22916,0.3836184325362192,True,10.039590635528468,0.4439544061145325,2021,-0.26541563841565996,0.609834913944503
Gauteng,Ward 79900078,TSH,13012,0.554180756225023,True,9.473627287593242,0.4423143837713709,2021,-0.13307168900980038,0.05181472799288667
Gauteng,Ward 79900079,TSH,15643,0.6127341302819153,True,9.657778811561771,0.44175137055928543,2021,-0.1339592816155335,-0.019432081740111573
Gauteng,Ward 79900080,TSH,14754,0.2314626541954724,True,9.599269511444248,0.44541744244473197,2021,-0.11435104941639629,0.21943962310934784
Gauteng,Ward 79900081,TSH,12319,0.2116243201558568,True,9.418898064961974,0.4456081956566514,2021,-0.12660862440397702,-0.0158971081642435
Gauteng,Ward 79900082,TSH,13481,0.592018396261405,True,9.509036565691064,0.44195056030948265,2021,-0.13251431401896885,0.04992211838006222
Gauteng,Ward 79900083,TSH,15007,0.5980542413540347,True,9.616272037895989,0.4418925233374381,2021,-0.09532351791293736,0.25006247396917947
Gauteng,Ward 79900084,TSH,16300,0.6045398773006135,True,9.698920386794853,0.44183016145333637,2021,-0.1286384854561874,0.024062323302129762
Gauteng,Ward 79900085,TSH,15294,0.6218778605989277,True,9.63521587360417,0.441663450075468,2021,-0.11788890324946877,-0.10822157434402335
Gauteng,Ward 79900086,TSH,12300,0.3677235772357723,True,9.417354541360508,0.4441072412616522,2021,-0.17065260179141462,-0.24172369151100426
Gauteng,Ward 79900087,TSH,14644,0.5205544933078394,True,9.591785974240127,0.4426377132224977,2021,-0.1296285392526898,-0.05953374863528349
Gauteng,Ward 79900088,TSH,14097,0.3975313896573739,True,9.553717287770926,0.4438206276806752,2021,-0.14807161516013245,0.1510574018126889
Gauteng,Ward 79900089,TSH,14712,0.3378874388254486,True,9.596418766284158,0.4443941272079053,2021,-0.19244308101363006,0.16052693855013023
Gauteng,Ward 79900090,TSH,16139,0.3622901047152859,True,9.688993982035823,0.4441594861897338,2021,-0.1829416116388155,-0.08003192156415662
Gauteng,Ward 79900091,TSH,15610,0.6062780269058295,True,9.655667013509477,0.44181344847636317,2021,-0.18224454911546661,-0.2008805160233439
Gauteng,Ward 79900092,TSH,13153,0.3169619098304569,True,9.48440514846878,0.44459533421747255,2021,-0.14447977163786752,-0.026568975725281274
Gauteng,Ward 79900093,TSH,13861,0.3642594329413462,True,9.536834420213353,0.44414055034140626,2021,-0.13080910600883766,0.15855901036442654
Gauteng,Ward 79900094,TSH,11869,0.4615384615384615,True,9.381685238056505,0.44320517506643403,2021,-0.10418905063330003,-0.052677787532923626
Gauteng,Ward 79900095,TSH,12283,0.4397134250590246,True,9.415971471539095,0.44341503118642855,2021,-0.13729576200188792,-0.051725469003319646
Gauteng,Ward 79900096,TSH,15210,0.4925706771860618,True,9.62970838525334,0.4429067883775148,2021,-0.13334231106417643,-0.03397904096538584
Gauteng,Ward 79900097,TSH,14969,0.3594094461887901,True,9.613736674915236,0.4441871848294116,2021,-0.1027106087982268,0.14319535665190153
Gauteng,Ward 79900098,TSH,15510,0.5103803997421019,True,9.649240256170584,0.44273554104524515,2021,-0.19854121661622326,-0.05611002921129504
Gauteng,Ward 79900099,TSH,13176,0.421903460837887,True,9.486152271857476,0.44358628084240104,2021,-0.17427143402932888,-0.24097010196439883
Gauteng,Ward 79900100,TSH,14250,0.4578947368421052,True,9.564512185696797,0.44324021088082205,2021,-0.15837499823951112,-0.046695210061546644
Gauteng,Ward 79900101,TSH,20202,0.574052074052074,True,9.91353688838913,0.44212331340764927,2021,-0.14809341397739184,0.16263812154696122
Gauteng,Ward 79900102,TSH,14630,0.4589883800410116,True,9.59082949401417,0.44322969508083254,2021,-0.15458275567034552,-0.00027333606669399657
Gauteng,Ward 79900103,TSH,13194,0.4131423374261028,True,9.487517459782817,0.4436705224136682,2021,-0.18763004973296066,0.06154960173787116
Gauteng,Ward 79900104,TSH,15210,0.3938198553583169,True,9.62970838525334,0.4438563155104739,2021,-0.1733007672097765,0.23297665369649811
Gauteng,Ward 79900105,TSH,14585,0.4763112787110045,True,9.587748882301822,0.4430631287474673,2021,-0.13580300700328124,0.11123809523809514
KwaZulu-Natal,Ward 59500001,ETH,18289,0.5762480179342775,True,9.814055065204576,0.4098224788739002,2021,-0.18060309046160317,0.06411822889393148
KwaZulu-Natal,Ward 59500002,ETH,18664,0.4893377625375054,True,9.834351813701266,0.41067454020131955,2021,-0.15846453891505075,0.17361504118719728
KwaZulu-Natal,Ward 59500003,ETH,15086,0.4425957841707543,True,9.621522440413576,0.41113279489118965,2021,-0.19147524001864358,-0.029464745239320633
KwaZulu-Natal,Ward 59500004,ETH,19776,0.443921925566343,True,9.892224360257417,0.41111979350495836,2021,-0.22666873944811383,0.02106567534076831
KwaZulu-Natal,Ward 59500005,ETH,14605,0.4484765491270113,True,9.58911921482184,0.411075140332795,2021,-0.21919875675379386,-0.039271148533087774
KwaZulu-Natal,Ward 59500006,ETH,18104,0.4447083517454706,True,9.803888187313373,0.4111120834443787,2021,-0.15385934935928708,0.00505190695608726
KwaZulu-Natal,Ward 59500007,ETH,16364,0.4951723295037888,True,9.702839079049289,0.4106173385643952,2021,-0.17234161965926137,0.014507129572225663
KwaZulu-Natal,Ward 59500008,ETH,19179,0.5119662130455185,True,9.861571209434837,0.41045269264731943,2021,-0.1218312672992764,-0.09164535379369143
KwaZulu-Natal,Ward 59500009,ETH,18734,0.54200918116793,True,9.838095333769076,0.41015815374415854,2021,-0.14652578863530408,-0.08757062146892658
KwaZulu-Natal,Ward 59500010,ETH,19912,0.5748292486942547,True,9.899077844047428,0.40983638837625336,2021,-0.13290892047727687,0.23661656937026465
KwaZulu-Natal,Ward 59500011,ETH,19677,0.386491843268791,True,9.887205719961845,0.41168283352748336,2021,-0.1624182235512331,0.07771935589878409
KwaZulu-Natal,Ward 59500012,ETH,16467,0.3667334669338677,True,9.709113657218,0.4118765430993944,2021,-0.25156398332577407,-0.039208821984946574
KwaZulu-Natal,Ward 59500013,ETH,15059,0.4096553556013015,True,9.61973109808682,0.4114557402693215,2021,-0.18219291419710326,-0.054261131696288434
KwaZulu-Natal,Ward 59500014,ETH,18563,0.3774174433011905,True,9.828925631209223,0.4117717982330481,2021,-0.2438952980115508,-0.04437580437580435
KwaZulu-Natal,Ward 59500015,ETH,19106,0.3846435674657176,True,9.857757700829954,0.4117009538784939,2021,-0.18790605555320838,-0.020054367338564916
KwaZulu-Natal,Ward 59500016,ETH,19531,0.4187189596026829,True,9.879758225836891,0.41136688140656286,2021,-0.2138250847755594,0.0031845497971134673
KwaZulu-Natal,Ward 59500017,ETH,18977,0.4371080781999262,True,9.85098299855398,0.4111865959301193,2021,-0.1640799714186167,0.10517733387688555
KwaZulu-Natal,Ward 59500018,ETH,19154,0.4757752949775504,True,9.860266850081565,0.41080750556955437,2021,-0.16183748112947022,-0.00684434304676973
KwaZulu-Natal,Ward 59500019,ETH,18843,0.425675317093881,True,9.843896771122491,0.4112986818233158,2021,-0.21367819752900247,-0.03319651103129806
KwaZulu-Natal,Ward 59500020,ETH,15835,0.4249447426586675,True,9.66997795897274,0.4113058443177787,2021,-0.2219054617173844,-0.04814859341187783
KwaZulu-Natal,Ward 59500021,ETH,17447,0.4075199174643205,True,9.766922993079902,0.41147667593733117,2021,-0.1973080514590979,-0.03179800221975582
KwaZulu-Natal,Ward 59500022,ETH,17191,0.378861031935315,True,9.752141270041493,0.4117576454033018,2021,-0.21826569398564205,-0.03901839119011685
KwaZulu-Natal,Ward 59500023,ETH,19508,0.4053721550133278,True,9.878579916829944,0.41149773243194876,2021,-0.17017260423435132,-0.06161912549906201
KwaZulu-Natal,Ward 59500024,ETH,19057,0.4418323975442095,True,9.855189767128376,0.4111402790738028,2021,-0.16889620177754566,-0.020809783167197615
KwaZulu-Natal,Ward 59500025,ETH,16073,0.3914639457475269,True,9.684896124569141,0.4116340874247507,2021,-0.160805962463835,-0.20253038948151825
KwaZulu-Natal,Ward 59500026,ETH,14552,0.2647746014293567,True,9.585483720197958,0.41287613982002686,2021,-0.14201730608509416,-0.044140830267997866
KwaZulu-Natal,Ward 59500027,ETH,18725,0.4256875834445928,True,9.83761480838542,0.4112985615649755,2021,-0.1516534415084525,0.2560370270995438
KwaZulu-Natal,Ward 59500028,ETH,16768,0.208611641221374,True,9.727227587120769,0.41342675707696785,2021,-0.1837386846206383,0.02125586211096908
KwaZulu-Natal,Ward 59500029,ETH,22962,0.31299538367738,True,10.041595954653758,0.41240338705288937,2021,-0.2502211246750602,0.2535211267605635
KwaZulu-Natal,Ward 59500030,ETH,15378,0.4506437768240343,True,9.640693195592126,0.41105389300243195,2021,-0.123651997823853,-0.2264587525150905
KwaZulu-Natal,Ward 59500031,ETH,19694,0.4193663044582106,True,9.888069299807748,0.4113605348883715,2021,-0.16518051629112868,0.020573146084883698
KwaZulu-Natal,Ward 59500032,ETH,17479,0.171405686824189,True,9.768755439335086,0.41379152133576386,2021,-0.24003952287400232,-0.0212777871101405
KwaZulu-Natal,Ward 59500033,ETH,17205,0.3630340017436791,True,9.752955318231582,0.4119128123659649,2021,-0.19082460591956968,-0.07150566648677825
KwaZulu-Natal,Ward 59500034,ETH,16737,0.4182947959610444,True,9.725377116513638,0.41137103987363777,2021,-0.1918896732756727,-0.07561029492985749
KwaZulu-Natal,Ward 59500035,ETH,17729,0.5497207964352191,True,9.782956995898381,0.4100825496729106,2021,-0.14226815384102398,-0.020497237569060744
KwaZulu-Natal,Ward 59500036,ETH,18040,0.5210643015521065,True,9.800346793616615,0.41036349570117636,2021,-0.13182503356614428,0.006247211066488179
KwaZulu-Natal,Ward 59500037,ETH,19327,0.3786412790396854,True,9.869258360985468,0.411759799843455,2021,-0.1940817812496623,-0.0049425938320547536
KwaZulu-Natal,Ward 59500038,ETH,16391,0.3763650783966811,True,9.70448768268936,0.4117821155360335,2021,-0.20430463241001606,-0.04045193771221167
KwaZulu-Natal,Ward 59500039,ETH,16983,0.2706235647412118,True,9.73996812270477,0.41281879704245966,2021,-0.2034670145934343,-0.11996061768058863
KwaZulu-Natal,Ward 59500040,ETH,17792,0.3788781474820143,True,9.78650419705031,0.41175747760382436,2021,-0.23232385949878853,-0.029668411867364797
KwaZulu-Natal,Ward 59500041,ETH,14599,0.3572847455305158,True,9.58870831219998,0.4119691776229567,2021,-0.20853202486364864,-0.023020812420531334
KwaZulu-Natal,Ward 59500042,ETH,14208,0.3564893018018018,True,9.56156046523195,0.41197697609088524,2021,-0.2712785430613532,-0.022967954889286157
KwaZulu-Natal,Ward 59500043,ETH,14556,0.3748282495190986,True,9.585758558732051,0.4117971824858137,2021,-0.2543739916762056,-0.029082177161152578
KwaZulu-Natal,Ward 59500044,ETH,15610,0.379308135810378,True,9.655667013509477,0.41175326203197765,2021,-0.24200558074453377,0.016209882169129664
KwaZulu-Natal,Ward 59500045,ETH,18280,0.3862144420131291,True,9.813562845008141,0.41168555314763694,2021,-0.2330644297271583,0.21607237892496012
KwaZulu-Natal,Ward 59500046,ETH,12636,0.309749920861032,True,9.444305161921976,0.41243520531579475,2021,-0.1623258679692835,-0.03460921384368554
KwaZulu-Natal,Ward 59500047,ETH,18087,0.3459390722618455,True,9.802948727157515,0.41208040971382603,2021,-0.256369789897701,0.25031107424305277
KwaZulu-Natal,Ward 59500048,ETH,16271,0.4674574396164956,True,9.69713966113932,0.41088905317113333,2021,-0.11007745920397832,-0.1196299101828806
KwaZulu-Natal,Ward 59500049,ETH,19376,0.4850330305532617,True,9.871790465792873,0.410716743456067,2021,-0.09584633581554419,-0.01624695369618201
KwaZulu-Natal,Ward 59500050,ETH,18502,0.5133499081180413,True,9.825634113331263,0.4104391270093535,2021,-0.09489341195017931,0.05184764070494596
KwaZulu-Natal,Ward 59500051,ETH,17143,0.470746077116024,True,9.749345206007481,0.4108568116270203,2021,-0.1437045598266512,-0.14694466560509556
KwaZulu-Natal,Ward 59500052,ETH,16063,0.472452219386167,True,9.684273769557766,0.4108400847420189,2021,-0.11334851543120927,-0.132105035660255
KwaZulu-Natal,Ward 59500053,ETH,18634,0.3198991091553075,True,9.83274314801037,0.41233570346977244,2021,-0.24476370615099008,0.06583538294343083
KwaZulu-Natal,Ward 59500054,ETH,16614,0.3397736848441073,True,9.718000992399016,0.41214085468850975,2021,-0.2537239195364539,0.1371663244353183
KwaZulu-Natal,Ward 59500055,ETH,16766,0.3824406537039246,True,9.727108305197802,0.411722551072237,2021,-0.23748838236940478,-0.00851567120047314
KwaZulu-Natal,Ward 59500056,ETH,19783,0.3720871455289895,True,9.892578262028092,0.41182405605434425,2021,-0.2757580260591988,0.315708965150306
KwaZulu-Natal,Ward 59500057,ETH,15986,0.4413862129363193,True,9.679468618185965,0.4111446534327037,2021,-0.1753146399191271,-0.13710460973766603
KwaZulu-Natal,Ward 59500058,ETH,17162,0.4513459969700501,True,9.750452916367067,0.4110470084911966,2021,-0.18500752039415286,-0.04485752448797864
KwaZulu-Natal,Ward 59500059,ETH,19645,0.4342580809366251,True,9.88557813199256,0.4112145370797596,2021,-0.20524318397121732,0.18329116973858572
KwaZulu-Natal,Ward 59500060,ETH,19601,0.4049793377888883,True,9.883335864325275,0.4115015835812079,2021,-0.1917008670495366,0.1537465418800401
KwaZulu-Natal,Ward 59500061,ETH,14990,0.4777184789859907,True,9.615138591096644,0.4107884547459422,2021,-0.0742922137150786,-0.12889353788935376
KwaZulu-Natal,Ward 59500062,ETH,18511,0.4173734536221706,True,9.826120428959685,0.411380072641666,2021,-0.15086001127437287,0.10698481042937447
KwaZulu-Natal,Ward 59500063,ETH,19013,0.4867196128964393,True,9.852878234709586,0.4107002083350555,2021,-0.1529723109523431,0.031241525193903552
KwaZulu-Natal,Ward 59500064,ETH,18756,0.4063233098741736,True,9.839268980209477,0.4114884073842934,2021,-0.16887236171273606,-0.014760729106476855
KwaZulu-Natal,Ward 59500065,ETH,20450,0.4605867970660147,True,9.925738161470948,0.41095641241182435,2021,-0.16365012337190465,0.031734019474294994
KwaZulu-Natal,Ward 59500066,ETH,17931,0.4595951146059896,True,9.794286337492364,0.41096613478888344,2021,-0.15888592620352887,-0.0030579339486267454
KwaZulu-Natal,Ward 59500067,ETH,16092,0.4164802386278896,True,9.686077533069678,0.41138882965141377,2021,-0.1888425246790187,0.01245753114382775
KwaZulu-Natal,Ward 59500068,ETH,18449,0.4718412922109599,True,9.822765447457765,0.4108460742241288,2021,-0.12628714626916765,-0.0514165252712222
KwaZulu-Natal,Ward 59500069,ETH,16608,0.4659802504816955,True,9.717639785965615,0.410903535417553,2021,-0.22433538390375246,-0.058876862922876416
KwaZulu-Natal,Ward 59500070,ETH,17235,0.4883086742094575,True,9.754697478950966,0.41068462930257493,2021,-0.10933147418295802,-0.11196413849958775
KwaZulu-Natal,Ward 59500071,ETH,18914,0.4105953262133869,True,9.847657667575458,0.4114465248711638,2021,-0.13634364360476026,-0.09959059316385799
KwaZulu-Natal,Ward 59500072,ETH,18662,0.399367699067624,True,9.834244649793968,0.41155659964710267,2021,-0.17879752442874858,0.09185583898900074
KwaZulu-Natal,Ward 59500073,ETH,16717,0.4860920021534964,True,9.72418144470263,0.4107063613815549,2021,-0.08577760173954946,-0.12526817016378
KwaZulu-Natal,Ward 59500074,ETH,16849,0.3752151462994836,True,9.732046586838385,0.41179338938012366,2021,-0.19348917263739351,0.11953488372093024
KwaZulu-Natal,Ward 59500075,ETH,15275,0.402684124386252,True,9.633972784039797,0.4115240856733906,2021,-0.14936397783095956,-0.04327946887135159
KwaZulu-Natal,Ward 59500076,ETH,13534,0.2820304418501552,True,9.51296031679217,0.4127069649139406,2021,-0.17141285130555073,-0.04602805385211817
KwaZulu-Natal,Ward 59500077,ETH,18331,0.4530576618842398,True,9.816348894719365,0.4110302274626261,2021,-0.14188608888841447,0.13308196315984677
KwaZulu-Natal,Ward 59500078,ETH,16856,0.3567275747508305,True,9.732461955484025,0.4119746400815811,2021,-0.1774130967094063,-0.08871708925771749
KwaZulu-Natal,Ward 59500079,ETH,16593,0.3127222322666184,True,9.716736198662788,0.4124060650078969,2021,-0.2363798307621255,-0.17909266313758476
KwaZulu-Natal,Ward 59500080,ETH,14872,0.3708310919849381,True,9.60723552940128,0.41183637030477604,2021,-0.21060464711193577,-0.043355203910973916
KwaZulu-Natal,Ward 59500081,ETH,14519,0.3202699910462153,True,9.583213415483687,0.41233206737280276,2021,-0.2151723822801171,-0.047059595694407985
KwaZulu-Natal,Ward 59500082,ETH,15512,0.3284553893759669,True,9.649369196922487,0.4122518183695699,2021,-0.2034050012740491,-0.17216351798484364
KwaZulu-Natal,Ward 59500083,ETH,13906,0.3663886092334244,True,9.540075680658964,0.4118799240572419,2021,-0.19313996791629806,-0.2044167286458035
KwaZulu-Natal,Ward 59500084,ETH,15589,0.3744306883058567,True,9.654320816312682,0.4118010801447671,2021,-0.15178098330640843,-0.1433674030113199
KwaZulu-Natal,Ward 59500085,ETH,14086,0.3355104358937952,True,9.552936675305356,0.4121826512468461,2021,-0.21287076037472502,-0.14114992988232422
KwaZulu-Natal,Ward 59500086,ETH,15418,0.3532883642495784,True,9.643290937019207,0.41200835783159334,2021,-0.20940503839926433,-0.04579774724594632
KwaZulu-Natal,Ward 59500087,ETH,14462,0.3339787028073572,True,9.579279798734897,0.4121976682378896,2021,-0.17244768277577782,-0.01652499149948994
KwaZulu-Natal,Ward 59500088,ETH,16706,0.2980964922782234,True,9.723523215315852,0.4125494546156262,2021,-0.1896091404602524,-0.028890309829680882
KwaZulu-Natal,Ward 59500089,ETH,16438,0.4044895972746076,True,9.707351006708445,0.41150638495879893,2021,-0.14015668646595786,0.05142637840603803
KwaZulu-Natal,Ward 59500090,ETH,18496,0.4540441176470588,True,9.825309771472105,0.41102055632769646,2021,-0.11259603085466491,-0.019040042429063875
KwaZulu-Natal,Ward 59500091,ETH,14578,0.4178213746741666,True,9.587268821942159,0.4113756812588032,2021,-0.21605200680803782,-0.05146723924783658
KwaZulu-Natal,Ward 59500092,ETH,18318,0.4104705753903264,True,9.815639461962933,0.41144774791844874,2021,-0.20010812953899004,-0.030126542065971318
KwaZulu-Natal,Ward 59500093,ETH,16703,0.4227982997066395,True,9.723343622989947,0.4113268878761319,2021,-0.17174163962601974,-0.00654255635520129
KwaZulu-Natal,Ward 59500094,ETH,17391,0.3460410557184751,True,9.763708110007842,0.41207940987601593,2021,-0.2674171201515684,-0.019064809069885502
KwaZulu-Natal,Ward 59500095,ETH,19498,0.4458918863473177,True,9.878067175189218,0.41110048016396844,2021,-0.1792953650602963,0.007180122940234623
KwaZulu-Natal,Ward 59500096,ETH,18738,0.4475931262674778,True,9.838308826511133,0.41108380134122174,2021,-0.1938540582093996,0.047810770005032754
KwaZulu-Natal,Ward 59500097,ETH,15464,0.4784014485256078,True,9.646270020888167,0.41078175896614205,2021,-0.16610833033160816,-0.011632366099961655
KwaZulu-Natal,Ward 59500098,ETH,17670,0.4061120543293718,True,9.779623565313742,0.4114904785170856,2021,-0.22604435068959516,0.031222643711701137
KwaZulu-Natal,Ward 59500099,ETH,15935,0.4972074050831503,True,9.676273226851437,0.4105973868430289,2021,-0.04161657994234502,0.028529013102691625
KwaZulu-Natal,Ward 59500100,ETH,17627,0.5226073637034095,True,9.777187096419954,0.4103483676408695,2021,-0.18448352675667856,-0.0968849267342965
KwaZulu-Natal,Ward 59500101,ETH,16200,0.3234567901234568,True,9.692766521220475,0.4123008242445945,2021,-0.19391219638722718,-0.03306673033305474
KwaZulu-Natal,Ward 59500102,ETH,15895,0.4862535388486945,True,9.673759873344903,0.41070477768846475,2021,-0.16540399934675087,-0.08359757855289707
KwaZulu-Natal,Ward 59500103,ETH,17742,0.5276744448202006,True,9.783689989080532,0.4102986903750186,2021,-0.14782067785198383,0.04889151640555722
KwaZulu-Natal,Ward 52102001,KZN212,3606,0.4811425402107598,False,8.190354403763262,0.48361959345636585,2021,-0.15881975950648802,-0.1503298774740811
KwaZulu-Natal,Ward 52102002,KZN212,3933,0.4937706585303839,False,8.27715777243181,0.48221646919862987,2021,-0.08709781220592822,0.23757079924480795
KwaZulu-Natal,Ward 52102003,KZN212,4140,0.5657004830917874,False,8.32845106681936,0.474224266469585,2021,-0.06299046179010237,0.01870078740157477
KwaZulu-Natal,Ward 52102004,KZN212,3482,0.546812176909822,False,8.155362120328135,0.47632296715647005,2021,-0.06960737278814622,-0.04393190554640303
KwaZulu-Natal,Ward 52102005,KZN212,3892,0.5650051387461459,False,8.266678443305896,0.474301526952434,2021,-0.07913451212667211,-0.029426433915211936
KwaZulu-Natal,Ward 52102006,KZN212,3973,0.2368487289202114,False,8.287276755814599,0.5107633502664268,2021,-0.3382795958581367,-0.07302846476901537
KwaZulu-Natal,Ward 52102007,KZN212,4475,0.5698324022346368,False,8.406261630708956,0.47376516434260174,2021,-0.0538131551937282,0.07753431254514798
KwaZulu-Natal,Ward 52102008,KZN212,3824,0.4597280334728033,False,8.249052274171293,0.4859989830939166,2021,-0.10128949832506545,-0.3427294602956342
KwaZulu-Natal,Ward 52102009,KZN212,3804,0.4203470031545741,False,8.24380842366528,0.4903746531292754,2021,-0.16081440516732803,0.7393689986282579
KwaZulu-Natal,Ward 52102010,KZN212,5029,0.4945317160469278,False,8.522976436171964,0.48213190725234717,2021,-0.18801987869978887,0.8870544090056285
KwaZulu-Natal,Ward 52103001,KZN213,3694,0.547103410936654,False,8.214465160759186,0.5081273133701948,2021,-0.0371883141685353,0.036185133239831746
KwaZulu-Natal,Ward 52103002,KZN213,4213,0.4471872774744837,False,8.345930261979017,0.5136782096736486,2021,-0.0448844667417887,0.09513906940473094
KwaZulu-Natal,Ward 52103003,KZN213,4009,0.4622100274382639,False,8.296297112642508,0.5128436124534387,2021,-0.1345090429650171,-0.08658008658008653
KwaZulu-Natal,Ward 52103004,KZN213,3962,0.4626451287228672,False,8.284504227258497,0.5128194401598496,2021,-0.13328144909961204,-0.0037716872014080804
KwaZulu-Natal,Ward 52103005,KZN213,3627,0.47808105872622,False,8.196161139282902,0.5119618884929966,2021,-0.032421224378802904,-0.17191780821917813
KwaZulu-Natal,Ward 52103006,KZN213,3840,0.5276041666666667,False,8.253227645581772,0.5092106047185274,2021,-0.059969797830374816,0.13609467455621305
KwaZulu-Natal,Ward 52103007,KZN213,3301,0.520448348985156,False,8.101980731853192,0.509608150145278,2021,-0.07415253535275412,-0.23178962066558062
KwaZulu-Natal,Ward 52103008,KZN213,4341,0.5367426860170468,False,8.375860015299594,0.5087029091990618,2021,-0.06589983906247365,0.06214827501835085
KwaZulu-Natal,Ward 52103009,KZN213,4220,0.3881516587677725,False,8.347590407030058,0.5169579662684659,2021,-0.12265384221454573,0.036345776031434074
KwaZulu-Natal,Ward 52103010,KZN213,3906,0.4321556579621096,False,8.270269111436624,0.5145132996465583,2021,-0.10811537246489117,-0.0012784454103810239
KwaZulu-Natal,Ward 52103011,KZN213,3602,0.5219322598556357,False,8.189244525735901,0.5095257106524735,2021,-0.12777744431909466,-0.004147083218136616
KwaZulu-Natal,Ward 52103012,KZN213,3224,0.5880893300248139,False,8.07837810362652,0.5058503178652969,2021,0.009791904906579552,-0.1529164477141356
KwaZulu-Natal,Ward 52103013,KZN213,3478,0.5051753881541116,False,8.154212694914229,0.510456647969225,2021,-0.05238908937845954,-0.07524594522733319
KwaZulu-Natal,Ward 52103014,KZN213,3722,0.5870499731327243,False,8.222016437202196,0.5059080599148574,2021,-0.00017493293276149569,-0.0010735373054213682
KwaZulu-Natal,Ward 52103015,KZN213,4509,0.4650698602794411,False,8.413830678421084,0.512684732851151,2021,-0.09593780675232233,-0.012267250821467734
KwaZulu-Natal,Ward 52103016,KZN213,3938,0.5223463687150838,False,8.278428259199071,0.5095027046047265,2021,-0.08963026224888893,-0.041382667964946496
KwaZulu-Natal,Ward 52103017,KZN213,3539,0.5911274371291325,False,8.171599480345463,0.5056815341372792,2021,0.02715727074932761,0.01520367183017779
KwaZulu-Natal,Ward 52103018,KZN213,3849,0.5941803065731359,False,8.255568653283746,0.5055119302792791,2021,-0.026591363617138875,0.017177589852008346
KwaZulu-Natal,Ward 52103019,KZN213,3759,0.5160947060388401,False,8.231908243564177,0.509850019197851,2021,-0.07154222666851517,-0.019561815336463173
KwaZulu-Natal,Ward 52104001,KZN214,4742,0.5729649936735555,False,8.464214266625351,0.5433722445006937,2021,0.058672473425818494,0.12958551691281572
KwaZulu-Natal,Ward 52104002,KZN214,3883,0.546227143960855,False,8.264363329731667,0.5463431166909937,2021,-0.11197187495995786,-0.3197266993693062
KwaZulu-Natal,Ward 52104003,KZN214,4151,0.3888219706094917,False,8.33110454805304,0.5638325803967007,2021,-0.12831880254878697,-0.2430707512764405
KwaZulu-Natal,Ward 52104004,KZN214,3743,0.561848784397542,False,8.22764270790443,0.5446073788646951,2021,-0.09552784562035621,-0.04295576578880078
KwaZulu-Natal,Ward 52104005,KZN214,4613,0.5055278560589638,False,8.43663368355782,0.5508652597912038,2021,-0.0872653120310175,-0.039158508644032475
KwaZulu-Natal,Ward 52104006,KZN214,3958,0.6035876705406771,False,8.28349412616251,0.5399697248487912,2021,-0.059652662303180004,-0.03132648066568766
KwaZulu-Natal,Ward 52104007,KZN214,4013,0.5746324445551956,False,8.297294370266917,0.5431869721805114,2021,-0.06589188337193175,-0.10842035103310377
KwaZulu-Natal,Ward 52104008,KZN214,3730,0.5361930294906166,False,8.224163512637862,0.5474580182987979,2021,-0.10387249824165579,-0.12707699508542003
KwaZulu-Natal,Ward 52104009,KZN214,5082,0.5855962219598583,False,8.53346016388011,0.5419687746911044,2021,-0.09207585414534603,-0.052042529378847235
KwaZulu-Natal,Ward 52104010,KZN214,3674,0.587915078933043,False,8.20903626577507,0.5417111239163062,2021,-0.07036414184617779,-0.005952380952380931
KwaZulu-Natal,Ward 52106001,KZN216,5843,0.4629471162074277,False,8.672999642554437,0.47645803166779893,2021,-0.13836820551315532,0.038570920725204516
KwaZulu-Natal,Ward 52106002,KZN216,4616,0.5301126516464472,False,8.437283808187935,0.47405926254497677,2021,-0.05800889531487885,0.27513812154696127
KwaZulu-Natal,Ward 52106003,KZN216,4903,0.4727717723842545,False,8.497602541651233,0.4761071510900551,2021,-0.12276962888963083,0.04097664543524426
KwaZulu-Natal,Ward 52106004,KZN216,4985,0.4413239719157472,False,8.514188682395938,0.4772302868210732,2021,-0.15542276536437388,-0.057121240779269944
KwaZulu-Natal,Ward 52106005,KZN216,4937,0.4356896900951995,False,8.504513138258863,0.4774315111718071,2021,-0.13593271734810347,-0.043031595270401235
KwaZulu-Natal,Ward 52106006,KZN216,4911,0.4333129708816942,False,8.499232866039245,0.4775163940008608,2021,-0.11468472982725386,-0.05901513699942518
KwaZulu-Natal,Ward 52106007,KZN216,5058,0.5614867536575722,False,8.52872642722991,0.4729387589017223,2021,-0.14506497048035882,-0.12793103448275867
KwaZulu-Natal,Ward 52106008,KZN216,5497,0.4797162088411861,False,8.61195776786066,0.4758591355023075,2021,-0.18442458802999456,0.34368125152774387
KwaZulu-Natal,Ward 52106009,KZN216,4514,0.5369960124058485,False,8.414938957377482,0.473813428232141,2021,-0.1354687069902788,-0.2592714145060715
KwaZulu-Natal,Ward 52106010,KZN216,4772,0.4767393126571668,False,8.470520783217808,0.47596545322316536,2021,-0.10753818429245848,-0.16820637964092733
KwaZulu-Natal,Ward 52106011,KZN216,4902,0.4761321909424724,False,8.497398564088058,0.4759871361415473,2021,-0.14210746971500376,0.29957582184517495
KwaZulu-Natal,Ward 52106012,KZN216,4231,0.4814464665563696,False,8.350193650720067,0.47579734058390816,2021,-0.1191528485121236,-0.09439212328767121
KwaZulu-Natal,Ward 52106013,KZN216,4162,0.4987986544930322,False,8.33375100695358,0.47517761958617016,2021,-0.1103218666796063,0.04284640440992238
KwaZulu-Natal,Ward 52106014,KZN216,4885,0.4847492323439099,False,8.493924564476883,0.47567938466292453,2021,-0.16830077681527678,-0.10514746290529398
KwaZulu-Natal,Ward 52106015,KZN216,4655,0.6324382384532761,False,8.445697189711167,0.47040477730187574,2021,0.031406617013491345,0.04395604395604402
KwaZulu-Natal,Ward 52106016,KZN216,5137,0.5353319057815846,False,8.544224530467268,0.473872860611579,2021,-0.09297525704913168,0.10496881049688112
KwaZulu-Natal,Ward 52106017,KZN216,5193,0.4615829000577701,False,8.555066843844319,0.4765067536731438,2021,-0.15308607441215633,0.12353959324967545
KwaZulu-Natal,Ward 52106018,KZN216,4150,0.4125301204819277,False,8.330863613224745,0.47825863865799534,2021,-0.11863394917893388,-0.04903758020164983
KwaZulu-Natal,Ward 52106019,KZN216,4646,0.5316401205337925,False,8.443761913330354,0.47400471008471445,2021,-0.11514674955404847,0.07397133610725848
KwaZulu-Natal,Ward 52106020,KZN216,5642,0.4707550514002127,False,8.637993891561942,0.47617917683948513,2021,-0.07191585961994795,-0.14476277095649537
KwaZulu-Natal,Ward 52106021,KZN216,4632,0.4270293609671848,False,8.440744019252831,0.47774080864066476,2021,-0.1808733745951252,0.005644811115935733
KwaZulu-Natal,Ward 52106022,KZN216,4873,0.4494151446747383,False,8.491465042843506,0.47694131636539494,2021,-0.15581883181672318,0.08072743402084726
KwaZulu-Natal,Ward 52106023,KZN216,5306,0.3839050131926121,False,8.576593534697684,0.47928096391832803,2021,-0.16705408086793788,0.22625375548879134
KwaZulu-Natal,Ward 52106024,KZN216,5282,0.4180234759560772,False,8.572060092857077,0.4780624473910614,2021,-0.19523109299352587,-0.02492154328964369
KwaZulu-Natal,Ward 52106025,KZN216,4924,0.4928919577579204,False,8.501876487304344,0.4753885730409956,2021,-0.16725222349851632,0.014212152420185475
KwaZulu-Natal,Ward 52106026,KZN216,3465,0.4776334776334776,False,8.150467911624004,0.4759335187597257,2021,-0.21551801955003863,0.027275422472576416
KwaZulu-Natal,Ward 52106027,KZN216,5103,0.3550852439741329,False,8.537583881063972,0.4803102413904166,2021,-0.17865583655593853,0.04036697247706411
KwaZulu-Natal,Ward 52106028,KZN216,4277,0.4620060790273556,False,8.361007108226909,0.47649164013851575,2021,-0.19127952567732354,0.09358220403988748
KwaZulu-Natal,Ward 52106029,KZN216,4934,0.5212809079854074,False,8.503905297089302,0.4743746819614425,2021,-0.062393356577226555,-0.038768751217611586
KwaZulu-Natal,Ward 52201001,KZN221,4729,0.5844787481497146,False,8.461469042643875,0.5257687112190265,2021,-0.14955665404611784,0.05960116513555902
KwaZulu-Natal,Ward 52201002,KZN221,3956,0.5166835187057633,False,8.282988692742602,0.531418313672689,2021,-0.09290376660569521,0.01409894898743902
KwaZulu-Natal,Ward 52201003,KZN221,5085,0.5624385447394297,False,8.53405030848266,0.5276053948365501,2021,-0.1135103001450588,0.048886138613861485
KwaZulu-Natal,Ward 52201004,KZN221,4138,0.4770420492991784,False,8.327967858305488,0.5347217694565711,2021,-0.1854974659800629,0.09009483667017903
KwaZulu-Natal,Ward 52201005,KZN221,3657,0.5151763740771124,False,8.204398418149381,0.5315439090584099,2021,-0.11193289286617947,0.011618257261410747
KwaZulu-Natal,Ward 52201006,KZN221,4157,0.5503969208563868,False,8.332548939252638,0.5286088634934704,2021,-0.13496658419898155,0.0007221954742417935
KwaZulu-Natal,Ward 52201007,KZN221,3514,0.5441092771770063,False,8.164510268747042,0.5291328338000855,2021,-0.1689144482142103,-0.11307420494699649
KwaZulu-Natal,Ward 52201008,KZN221,3770,0.5392572944297083,False,8.234830280442056,0.5295371656956936,2021,-0.12839922623349387,-0.06706260826528088
KwaZulu-Natal,Ward 52201009,KZN221,4405,0.4192962542565266,False,8.39049553837028,0.5395339190434587,2021,-0.2746461004088373,0.07596482657547621
KwaZulu-Natal,Ward 52201010,KZN221,5203,0.5806265615990774,False,8.556990661290303,0.5260897267649128,2021,-0.07244845529661981,0.17211083577382302
KwaZulu-Natal,Ward 52201011,KZN221,4176,0.5795019157088123,False,8.337109129562474,0.5261834472557683,2021,-0.13796753073259682,0.0007189072609632419
KwaZulu-Natal,Ward 52201012,KZN221,3795,0.5562582345191041,False,8.24143968982973,0.5281204206882439,2021,-0.1419620388881696,-0.021150374000515892
KwaZulu-Natal,Ward 52201013,KZN221,3501,0.4684375892602114,False,8.160803920954665,0.5354388077931517,2021,-0.20106090347752492,-0.04055905727596598
KwaZulu-Natal,Ward 52202001,KZN222,3635,0.5226960110041265,False,8.19836438996762,0.5796548368266468,2021,-0.0813412560766188,-0.05926501035196685
KwaZulu-Natal,Ward 52202002,KZN222,5066,0.5981050138176076,False,8.53030683056162,0.572799472934512,2021,-0.055648012816775005,0.3629270917406511
KwaZulu-Natal,Ward 52202003,KZN222,3951,0.4816502151354087,False,8.281723990411392,0.583386272814712,2021,-0.1446095832968422,0.10610302351623746
KwaZulu-Natal,Ward 52202004,KZN222,3606,0.5554631170271769,False,8.190354403763262,0.5766760090063694,2021,-0.06015087050331924,-0.02249932230956897
KwaZulu-Natal,Ward 52202005,KZN222,4689,0.7425890381744509,False,8.452974619089586,0.5596645616293445,2021,-0.04851405770772521,0.40937781785392247
KwaZulu-Natal,Ward 52202006,KZN222,4631,0.6240552796372274,False,8.440528106480752,0.5704403578600012,2021,-0.14074472036277264,-0.07379999999999998
KwaZulu-Natal,Ward 52202007,KZN222,4796,0.6244787322768974,False,8.475537516147405,0.5704018621654857,2021,-0.11340570388340077,0.11742777260018644
KwaZulu-Natal,Ward 52202008,KZN222,3910,0.5754475703324808,False,8.271292652979412,0.574859240524069,2021,-0.0821974208801729,-0.312829525483304
KwaZulu-Natal,Ward 52202009,KZN222,3568,0.5257847533632287,False,8.1797604936999,0.5793740420667284,2021,-0.13711507425600133,-0.31660601417352996
KwaZulu-Natal,Ward 52202010,KZN222,3601,0.4987503471257984,False,8.188966863648876,0.5818317153610402,2021,-0.19089550310399345,-0.026493646931603165
KwaZulu-Natal,Ward 52202011,KZN222,4152,0.546242774566474,False,8.331345424845724,0.5775142219573425,2021,-0.1321197985329412,-0.02877192982456145
KwaZulu-Natal,Ward 52202012,KZN222,4400,0.6036363636363636,False,8.389359819906353,0.5722966229509888,2021,-0.06673542632147467,-0.15676504407819092
KwaZulu-Natal,Ward 52203001,KZN223,2833,0.4507589128132721,False,7.949091499830517,0.5122326388059193,2021,-0.18943785457955997,-0.004567814476458154
KwaZulu-Natal,Ward 52203002,KZN223,3183,0.4853911404335532,False,8.065579427282092,0.5006885629324923,2021,-0.10965018188049641,0.195717505634861
KwaZulu-Natal,Ward 52203003,KZN223,3374,0.5420865441612329,False,8.123854263105914,0.4817900950232657,2021,-0.11532915264569044,0.006863622799164526
KwaZulu-Natal,Ward 52203004,KZN223,3796,0.5092202318229716,False,8.241703159729818,0.4927455324693528,2021,-0.1558400091408838,0.1433734939759037
KwaZulu-Natal,Ward 52204001,KZN224,4055,0.5689272503082614,False,8.307705966549513,0.5543865958125609,2021,-0.15045657510894017,0.04107830551989733
KwaZulu-Natal,Ward 52204002,KZN224,3441,0.5762859633827376,False,8.14351740579748,0.5519336914544022,2021,-0.09424346174791454,-0.21813224267211995
KwaZulu-Natal,Ward 52204003,KZN224,2929,0.5373847729600546,False,7.982416346827733,0.5649007549286299,2021,-0.12755733100643962,-0.27839369302783934
KwaZulu-Natal,Ward 52204004,KZN224,3425,0.5494890510948905,False,8.138856750696325,0.5608659955503512,2021,-0.14300021929137552,-0.2650214592274678
KwaZulu-Natal,Ward 52205001,KZN225,8400,0.5684523809523809,False,9.035986984831405,0.47333987333161776,2021,-0.13482676966304707,-0.21074884900873814
KwaZulu-Natal,Ward 52205002,KZN225,7243,0.5588844401491095,False,8.887790764195326,0.4736056494650419,2021,-0.1565848939925496,-0.2681620693139335
KwaZulu-Natal,Ward 52205003,KZN225,7551,0.5911799761620977,False,8.929435283803425,0.4727085512424589,2021,-0.17737540923861694,-0.22909647779479325
KwaZulu-Natal,Ward 52205004,KZN225,7315,0.5391660970608338,False,8.897682313454224,0.47415338121749406,2021,-0.1853321441971839,-0.24322367059797223
KwaZulu-Natal,Ward 52205005,KZN225,9356,0.5476699444206926,False,9.143773127704069,0.4739171632352757,2021,-0.21612482808656774,0.00634613316123489
KwaZulu-Natal,Ward 52205006,KZN225,8171,0.5299228980540938,False,9.008346579384707,0.47441013674545907,2021,-0.20200666727037364,0.006156877231868085
KwaZulu-Natal,Ward 52205007,KZN225,7688,0.6110822060353798,False,8.947415950650129,0.4721557115237566,2021,-0.11982548231638157,-0.011571097968629429
KwaZulu-Natal,Ward 52205008,KZN225,7447,0.5506915536457634,False,8.915566545710645,0.47383322964569047,2021,-0.16539145543335465,-0.03411154345006484
KwaZulu-Natal,Ward 52205009,KZN225,8463,0.5295994328252392,False,9.043458999670106,0.474419121890705,2021,-0.1872284663745697,0.010748835542816249
KwaZulu-Natal,Ward 52205010,KZN225,7391,0.4782843999458801,False,8.908018322784887,0.47584453947068717,2021,-0.24471599277568024,-0.03246498232752981
KwaZulu-Natal,Ward 52205011,KZN225,9387,0.5076169170128901,False,9.147081032336992,0.47502974732993697,2021,-0.19784932092923202,0.006109324758842405
KwaZulu-Natal,Ward 52205012,KZN225,7481,0.4769415853495522,False,8.920121751872404,0.4758818398761407,2021,-0.1884818156726884,0.03343003177234416
KwaZulu-Natal,Ward 52205013,KZN225,9086,0.4339643407440017,False,9.114490046319348,0.47707565222629494,2021,-0.21574146848778752,-0.24703737465815856
KwaZulu-Natal,Ward 52205014,KZN225,7882,0.4724689165186501,False,8.97233695775495,0.4760060806769991,2021,-0.2543307365602745,-0.02341717259323506
KwaZulu-Natal,Ward 52205015,KZN225,8133,0.4251813598917988,False,9.003685138166775,0.4773196239166339,2021,-0.2531128512743847,-0.23940895913214255
KwaZulu-Natal,Ward 52205016,KZN225,7891,0.416170320618426,False,8.973478148521036,0.4775699305631165,2021,-0.2565883852348711,-0.025561867127685822
KwaZulu-Natal,Ward 52205017,KZN225,8223,0.4059345737565365,False,9.014690384970896,0.4778542568648356,2021,-0.2776738093557445,-0.16745975498633192
KwaZulu-Natal,Ward 52205018,KZN225,8192,0.4725341796875,False,9.010913347279288,0.47600426781119776,2021,-0.2160490697813583,-0.08397629430839759
KwaZulu-Natal,Ward 52205019,KZN225,8792,0.4195859872611465,False,9.081597496083457,0.477475050934152,2021,-0.2323530858726982,-0.050232256670627584
KwaZulu-Natal,Ward 52205020,KZN225,7471,0.4698166242805515,False,8.918784137975802,0.4760797554613908,2021,-0.21761008581716834,-0.026579804560260545
KwaZulu-Natal,Ward 52205021,KZN225,7767,0.5111368610789236,False,8.957639268419648,0.4749319711058804,2021,-0.14817470114526,-0.020678350775438115
KwaZulu-Natal,Ward 52205022,KZN225,8496,0.4350282485875706,False,9.04735074348172,0.47704609923064023,2021,-0.25358963759129116,-0.013240418118466879
KwaZulu-Natal,Ward 52205023,KZN225,8213,0.4390600267868014,False,9.013473543740192,0.4769341053917727,2021,-0.12083739658601583,0.002930760776651553
KwaZulu-Natal,Ward 52205024,KZN225,8905,0.366535654126895,False,9.094368195723762,0.4789486712989923,2021,-0.21010125063500978,-0.053465136054421714
KwaZulu-Natal,Ward 52205025,KZN225,7674,0.5587698722960647,False,8.945593270806897,0.4736088319054043,2021,-0.12855126743268985,-0.04516610675625232
KwaZulu-Natal,Ward 52205026,KZN225,9108,0.519433465085639,False,9.11690842718363,0.47470150988347165,2021,-0.1411529270361157,0.019247985675917567
KwaZulu-Natal,Ward 52205027,KZN225,6988,0.3188322839152833,False,8.851949671253948,0.4802737649159815,2021,-0.17774305855047012,-0.042739726027397285
KwaZulu-Natal,Ward 52205028,KZN225,8971,0.4488908705829896,False,9.101752431559284,0.4766610263974342,2021,-0.14770189997505345,-0.02031232936551275
KwaZulu-Natal,Ward 52205029,KZN225,8566,0.4796871351856175,False,9.055556158175316,0.4758055746029167,2021,-0.14987772439673003,-0.11881493673490384
KwaZulu-Natal,Ward 52205030,KZN225,9605,0.5068193649141073,False,9.170039075202657,0.47505190155490307,2021,-0.14382474198841144,-0.07661988079215531
KwaZulu-Natal,Ward 52205031,KZN225,9393,0.4242521026296178,False,9.147720009994515,0.4773454366183611,2021,-0.15320188510044358,0.029031551270815026
KwaZulu-Natal,Ward 52205032,KZN225,8811,0.4259448416751787,False,9.08375621986673,0.4772984160893178,2021,-0.21030886833911172,-0.03143893591293834
KwaZulu-Natal,Ward 52205033,KZN225,9207,0.3788421852937982,False,9.127719343287845,0.47860682321102277,2021,-0.15025370511716074,0.008986301369863003
KwaZulu-Natal,Ward 52205034,KZN225,9356,0.3941855493800769,False,9.143773127704069,0.47818061865307065,2021,-0.24679781143539303,0.4024883825513417
KwaZulu-Natal,Ward 52205035,KZN225,9249,0.5176775867661368,False,9.13227071655426,0.4747502842812356,2021,-0.1573936232771167,-0.024264162886380447
KwaZulu-Natal,Ward 52205036,KZN225,7807,0.3760727552196746,False,8.962776046120291,0.4786837518241929,2021,-0.25008402213470754,0.06246597713663582
KwaZulu-Natal,Ward 52205037,KZN225,7803,0.5023708829937203,False,8.962263554116761,0.4751754704971361,2021,-0.14126454836123414,0.00025637738751438377
KwaZulu-Natal,Ward 52206001,KZN226,4943,0.5092049362735181,False,8.505727713306959,0.38827443609216766,2021,-0.16984795000370267,-0.14569650881437957
KwaZulu-Natal,Ward 52206002,KZN226,5060,0.1705533596837944,False,8.52912176228151,0.4447163655237883,2021,-0.5583142639206713,0.3450292397660819
KwaZulu-Natal,Ward 52206003,KZN226,4866,0.4551993423756679,False,8.490027523343468,0.39727536840847605,2021,-0.17722831390884725,0.07488402915838299
KwaZulu-Natal,Ward 52206004,KZN226,3963,0.4890234670704012,False,8.284756593190435,0.3916380142926872,2021,-0.10731456109861287,0.11633802816901406
KwaZulu-Natal,Ward 52206005,KZN226,4179,0.1916726489590811,False,8.337827262447915,0.4411964839779072,2021,-0.4715799116204842,0.04396702473145142
KwaZulu-Natal,Ward 52206006,KZN226,4433,0.5296638845025942,False,8.396831834745054,0.3848646113873217,2021,-0.07475766518618021,-0.04850826357587468
KwaZulu-Natal,Ward 52206007,KZN226,3789,0.4935339139614674,False,8.239857411018601,0.39088627314417607,2021,-0.046166252612658054,0.05191560244308713
KwaZulu-Natal,Ward 52207001,KZN227,4919,0.4580199227485261,False,8.50086053679534,0.5132282376897842,2021,-0.13239664358906122,0.18444497953286776
KwaZulu-Natal,Ward 52207002,KZN227,5171,0.4184877199767937,False,8.550821372396221,0.5198169381517396,2021,-0.14723709574802202,0.05876330876330882
KwaZulu-Natal,Ward 52207003,KZN227,4547,0.5262810644380911,False,8.42222295382501,0.5018513807415234,2021,-0.14365851260118379,0.14476334340382668
KwaZulu-Natal,Ward 52207004,KZN227,4528,0.5265017667844523,False,8.41803561988302,0.5018145970171298,2021,-0.10157872157186698,0.023739543296405152
KwaZulu-Natal,Ward 52207005,KZN227,4892,0.5353638593622241,False,8.495356496807062,0.5003375815875012,2021,-0.04414932522195447,-0.007707910750507141
KwaZulu-Natal,Ward 52207006,KZN227,4238,0.5986314299197735,False,8.351846738828245,0.48979298649457625,2021,0.01091006038022213,0.0007083825265643551
KwaZulu-Natal,Ward 52207007,KZN227,4267,0.4741035856573705,False,8.358666283188,0.5105476272049768,2021,-0.11030733388285935,-0.23365660919540232
KwaZulu-Natal,Ward 52305001,KZN235,3953,0.5562863647862383,False,8.282230063296685,0.5541220144875304,2021,-0.03448365051207891,0.007904130545639987
KwaZulu-Natal,Ward 52305002,KZN235,4499,0.601911535896866,False,8.411610428841172,0.5506123859405591,2021,0.023486651714205498,-0.007500551511140485
KwaZulu-Natal,Ward 52305003,KZN235,4027,0.598957039980134,False,8.300776960851454,0.5508396548572307,2021,-0.009171409593373259,0.010286001003512402
KwaZulu-Natal,Ward 52305004,KZN235,4333,0.5905838910685437,False,8.374015421739909,0.5514837432350453,2021,-0.009829118740439236,0.11848218895198759
KwaZulu-Natal,Ward 52305005,KZN235,4447,0.5376658421407691,False,8.399984990510696,0.5555543623833358,2021,-0.018354613461276537,0.03370525337052532
KwaZulu-Natal,Ward 52305006,KZN235,4159,0.5157489781197403,False,8.33302993974291,0.557240275000338,2021,-0.08598363719283286,-0.02622336689299931
KwaZulu-Natal,Ward 52305007,KZN235,3946,0.459706031424227,False,8.28045768658256,0.5615512708999928,2021,-0.1244038263491914,-0.03236880823933297
KwaZulu-Natal,Ward 52305008,KZN235,4211,0.5385894086915222,False,8.345455428161928,0.5554833188025086,2021,-0.04591595483648736,0.0038140643623361115
KwaZulu-Natal,Ward 52305009,KZN235,4220,0.5407582938388625,False,8.347590407030058,0.5553164814834823,2021,-0.0391177195135457,0.006199332379589917
KwaZulu-Natal,Ward 52305010,KZN235,4078,0.5424227562530652,False,8.3133619511344,0.5551884459131592,2021,-0.03845031969949597,0.02901842038859459
KwaZulu-Natal,Ward 52305011,KZN235,3709,0.5341062280938258,False,8.21851757748959,0.5558281788484852,2021,-0.08035160323147539,0.015607886089813894
KwaZulu-Natal,Ward 52305012,KZN235,4257,0.5719990603711534,False,8.356319965828153,0.552913345596383,2021,-0.07592993371168677,0.04955621301775137
KwaZulu-Natal,Ward 52305013,KZN235,3474,0.5561312607944733,False,8.153061946801051,0.55413394556382,2021,-0.056079960327638956,-0.044554455445544594
KwaZulu-Natal,Ward 52305014,KZN235,4265,0.6150058616647128,False,8.35819745992578,0.5496051301122631,2021,-0.022203440660868545,0.044063647490820035
KwaZulu-Natal,Ward 52401001,KZN241,4221,0.587775408670931,False,8.347827345782498,0.48380125483747405,2021,-0.02351948735931475,-0.0025992438563327003
KwaZulu-Natal,Ward 52401002,KZN241,4042,0.4574468085106383,False,8.304494897963567,0.5098669748695326,2021,-0.14848020593952088,-0.010041636051922653
KwaZulu-Natal,Ward 52401003,KZN241,4618,0.5807708964919879,False,8.43771698991444,0.48520215727326266,2021,-0.0402669058090217,0.08429208734444704
KwaZulu-Natal,Ward 52401004,KZN241,3981,0.4669680984677217,False,8.289288323000317,0.5079627168781159,2021,-0.07243175515511313,-0.028787509148572865
KwaZulu-Natal,Ward 52401005,KZN241,4785,0.4574712643678161,False,8.473241303887054,0.509862083698097,2021,-0.13298999850723986,0.0714285714285714
KwaZulu-Natal,Ward 52401006,KZN241,4284,0.4563492063492063,False,8.36264243156764,0.510086495301819,2021,-0.0978896268321976,-0.02370100273473108
KwaZulu-Natal,Ward 52402001,KZN242,4145,0.6041013268998794,False,8.329658067569396,0.5279390593358246,2021,0.006558124734566073,-0.13699770976473036
KwaZulu-Natal,Ward 52402002,KZN242,3711,0.5842091080571274,False,8.219056661060598,0.5291823230134967,2021,-0.037482952889143606,-0.25601443464314355
KwaZulu-Natal,Ward 52402003,KZN242,4781,0.5513490901485045,False,8.472405008626103,0.5312360741327856,2021,-0.008593821364340393,0.1372502378686964
KwaZulu-Natal,Ward 52402004,KZN242,4104,0.4951267056530214,False,8.319717386850606,0.5347499731637533,2021,-0.03558640331379426,-0.034125676629795265
KwaZulu-Natal,Ward 52402005,KZN242,4205,0.4594530321046373,False,8.344029572407049,0.5369795777605273,2021,-0.12210725158330593,0.06509625126646412
KwaZulu-Natal,Ward 52402006,KZN242,4622,0.5103851146689745,False,8.438582790834326,0.5337963226002562,2021,-0.08532594627910672,0.043340857787810494
KwaZulu-Natal,Ward 52402007,KZN242,3983,0.5257343710770775,False,8.289790583181643,0.5328369940747497,2021,-0.024778449435742922,0.021282051282051295
KwaZulu-Natal,Ward 52402008,KZN242,4148,0.5185631629701061,False,8.330381569349418,0.5332851945814355,2021,-0.07618970655437274,-0.028343874443663597
KwaZulu-Natal,Ward 52402009,KZN242,3711,0.4583670169765562,False,8.219056661060598,0.5370474537060324,2021,-0.08190803213935732,-0.1899148657498363
KwaZulu-Natal,Ward 52402010,KZN242,4199,0.544891640866873,False,8.342601680684194,0.5316396647128876,2021,-0.08050455564659764,-0.16818541996830427
KwaZulu-Natal,Ward 52402011,KZN242,3953,0.5519858335441437,False,8.282230063296685,0.5311962776705581,2021,-0.06974217275382921,-0.22200354260972255
KwaZulu-Natal,Ward 52402012,KZN242,4411,0.5488551348900476,False,8.39185670010494,0.5313919463364392,2021,-0.020618112725049875,-0.08523434259643303
KwaZulu-Natal,Ward 52402013,KZN242,4787,0.5719657405473156,False,8.473659189392508,0.5299475334828598,2021,-0.00706954865711118,-0.00041762372102738254
KwaZulu-Natal,Ward 52402014,KZN242,4193,0.5282613880276652,False,8.341171747170762,0.532679055515338,2021,0.011041342657485798,-0.1352856259022479
KwaZulu-Natal,Ward 52402015,KZN242,4123,0.5365025466893039,False,8.3243363327069,0.5321639830989856,2021,-0.035184200298647994,-0.17208835341365458
KwaZulu-Natal,Ward 52402016,KZN242,4651,0.539453880885831,False,8.444837529224097,0.5319795247117026,2021,-0.049831833399883285,0.15352182539682535
KwaZulu-Natal,Ward 52402017,KZN242,4060,0.5219211822660098,False,8.308938252595778,0.5330753183754415,2021,-0.07046485071168174,-0.015518913676042634
KwaZulu-Natal,Ward 52404001,KZN244,4089,0.5316703350452433,False,8.316055720364643,0.5833644402143949,2021,-0.07359282284949353,-0.21456012293507487
KwaZulu-Natal,Ward 52404002,KZN244,4399,0.5285292111843601,False,8.389132521348719,0.5835492122062116,2021,-0.10919181042664183,-0.1357563850687623
KwaZulu-Natal,Ward 52404003,KZN244,5023,0.610989448536731,False,8.521782643750045,0.5786986100090132,2021,-0.08344929556341263,0.030781859224297214
KwaZulu-Natal,Ward 52404004,KZN244,4546,0.5519137703475583,False,8.422003004412488,0.582173649902494,2021,-0.13896522928465949,-0.16403089371092316
KwaZulu-Natal,Ward 52404005,KZN244,3785,0.5955085865257596,False,8.23880116587155,0.5796092489508351,2021,-0.0946349912778881,-0.26561893674815673
KwaZulu-Natal,Ward 52404006,KZN244,4034,0.545612295488349,False,8.302513718514158,0.5825443248942123,2021,-0.1602941014051723,-0.17555691804618845
KwaZulu-Natal,Ward 52404007,KZN244,4523,0.5496351978775149,False,8.416930769477844,0.5823076835772024,2021,-0.13098154221059077,-0.0943131758109732
KwaZulu-Natal,Ward 52404008,KZN244,4394,0.5928538916704598,False,8.387995252944556,0.5797654074717351,2021,-0.1314622832164668,-0.05362911910402757
KwaZulu-Natal,Ward 52404009,KZN244,3948,0.5460992907801419,False,8.280964400553373,0.5825156781123421,2021,-0.11898562430477322,-0.013986013986013957
KwaZulu-Natal,Ward 52404010,KZN244,4075,0.7371779141104294,False,8.312626025674962,0.5712757590929134,2021,0.026767216880247968,-0.22158548233046804
KwaZulu-Natal,Ward 52404011,KZN244,4287,0.6342430604152087,False,8.363342466597977,0.5773307504867499,2021,-0.04088056891181768,-0.0782627391958719
KwaZulu-Natal,Ward 52404012,KZN244,4230,0.6137115839243499,False,8.349957272040324,0.5785384843979768,2021,0.007128511824036399,-0.052843708016121815
KwaZulu-Natal,Ward 52404013,KZN244,4183,0.579010279703562,False,8.338783971442199,0.580579737587435,2021,-0.1442061949225718,0.025496445207158658
KwaZulu-Natal,Ward 52404014,KZN244,3687,0.5926227285055601,False,8.212568398234145,0.5797790053049645,2021,-0.1014972876039848,-0.2575513491743858
KwaZulu-Natal,Ward 52404015,KZN244,4067,0.6395377428079666,False,8.310660905907225,0.5770192985812935,2021,-0.03119099226393196,-0.008774067755300985
KwaZulu-Natal,Ward 52404016,KZN244,3790,0.5353562005277045,False,8.240121298076472,0.5831476245977795,2021,-0.11892882010837225,-0.07987375576596256
KwaZulu-Natal,Ward 52404017,KZN244,3513,0.5465414175918019,False,8.164225652265827,0.5824896706528326,2021,-0.09989198662238719,-0.32089696501063214
KwaZulu-Natal,Ward 52404018,KZN244,4173,0.5178528636472561,False,8.336390480591552,0.5841772326495706,2021,-0.12498759418969785,-0.02522775052557813
KwaZulu-Natal,Ward 52405001,KZN245,4782,0.5727728983688833,False,8.47261414801827,0.5548903435643068,2021,-0.07471845111208553,0.03416955017301038
KwaZulu-Natal,Ward 52405002,KZN245,3758,0.5191591271953166,False,8.231642179973411,0.5602517206816634,2021,-0.13090640360415906,-0.014941022280471783
KwaZulu-Natal,Ward 52405003,KZN245,3635,0.6242090784044017,False,8.19836438996762,0.5497467255607549,2021,-0.0486270674856365,-0.010615133369624385
KwaZulu-Natal,Ward 52405004,KZN245,4537,0.5402248181617809,False,8.420021279663963,0.5581451515850169,2021,-0.09242824306270891,0.15739795918367339
KwaZulu-Natal,Ward 52405005,KZN245,4449,0.5459653854798832,False,8.400434630806041,0.5575710948532067,2021,-0.06654253761329243,-0.060004225649693654
KwaZulu-Natal,Ward 52405006,KZN245,4399,0.5601273016594681,False,8.389132521348719,0.5561549032352483,2021,-0.05113335334277502,-0.013234634365186237
KwaZulu-Natal,Ward 52405007,KZN245,5885,0.5675446049277825,False,8.680162019694377,0.5554131729084169,2021,-0.11422974415611342,0.13500482160077154
KwaZulu-Natal,Ward 52405008,KZN245,3510,0.6786324786324787,False,8.163371316459912,0.5443043855379471,2021,-0.056594794094794065,-0.0028409090909090606
KwaZulu-Natal,Ward 52405009,KZN245,4202,0.5380771061399333,False,8.343315881404946,0.5583599227872017,2021,-0.02205116751052094,0.12292891501870651
KwaZulu-Natal,Ward 52405010,KZN245,3317,0.3973470003014772,False,8.106816038947052,0.5724329333710474,2021,-0.15261406899517482,-0.13911237996366466
KwaZulu-Natal,Ward 52405011,KZN245,4548,0.5776165347405453,False,8.422442854870427,0.5544059799271406,2021,-0.12012718599168115,-0.03192848020434225
KwaZulu-Natal,Ward 52502001,KZN252,4913,0.4392428251577447,False,8.499640032168648,0.45748965747220904,2021,-0.17537792278225106,0.03803084724276351
KwaZulu-Natal,Ward 52502002,KZN252,5015,0.5535393818544367,False,8.520188700396035,0.453679772248986,2021,-0.13301541408507023,0.038947586492645625
KwaZulu-Natal,Ward 52502003,KZN252,4485,0.4659977703455964,False,8.408493774492896,0.45659782596594733,2021,0.034309568693404124,-0.04998940902351201
KwaZulu-Natal,Ward 52502004,KZN252,4547,0.5051682427974489,False,8.42222295382501,0.4552921435508856,2021,-0.09063565358448222,-0.026546777991864667
KwaZulu-Natal,Ward 52502005,KZN252,5874,0.3057541709227102,False,8.678291111758565,0.4619392792800435,2021,-0.16343638824092044,-0.06953904641216535
KwaZulu-Natal,Ward 52502006,KZN252,5617,0.5155777105216308,False,8.633552992532433,0.45494516129341284,2021,-0.09818633442218938,0.1270064205457464
KwaZulu-Natal,Ward 52502007,KZN252,6261,0.4056859926529308,False,8.74209519574531,0.4586082185557029,2021,-0.197159396445458,0.07319163524168659
KwaZulu-Natal,Ward 52502008,KZN252,4431,0.4904084856691492,False,8.39638057119949,0.4557841354551622,2021,-0.1489286272833148,-0.033798517226341085
KwaZulu-Natal,Ward 52502009,KZN252,5519,0.4669324152926254,False,8.615951963439501,0.4565666711343797,2021,-0.17216395927469108,0.005465476407360281
KwaZulu-Natal,Ward 52502010,KZN252,4224,0.4552556818181818,False,8.348537825386098,0.45695589558352784,2021,-0.14532110260863867,0.015140591204037435
KwaZulu-Natal,Ward 52502011,KZN252,4633,0.4752859917979711,False,8.440959885416648,0.4562882185842015,2021,-0.1736095052283671,-0.015930331350892057
KwaZulu-Natal,Ward 52502012,KZN252,5738,0.5013942140118508,False,8.65486599654131,0.4554179445104055,2021,-0.1110527449697617,0.014497878359264416
KwaZulu-Natal,Ward 52502013,KZN252,4308,0.4410399257195914,False,8.36822903827628,0.45742975412014747,2021,-0.1917015207940509,-0.06712862711130363
KwaZulu-Natal,Ward 52502014,KZN252,6010,0.4875207986688852,False,8.701180027529253,0.45588039168850436,2021,-0.03437917173656024,-0.11068363421130512
KwaZulu-Natal,Ward 52502015,KZN252,5739,0.5033978044955567,False,8.655040258108363,0.4553511581609487,2021,-0.1091218667756445,0.0034971148802238616
KwaZulu-Natal,Ward 52502016,KZN252,5487,0.5000911244760342,False,8.610136937058975,0.4554613808282661,2021,-0.12747115871538806,-0.13481551561021765
KwaZulu-Natal,Ward 52502017,KZN252,5838,0.4952038369304556,False,8.67214355141406,0.4556242904131187,2021,-0.15552107363252693,0.09922801732253816
KwaZulu-Natal,Ward 52502018,KZN252,6025,0.5429045643153527,False,8.703672758358856,0.4540342661669554,2021,-0.06478917290821162,0.11968035681100164
KwaZulu-Natal,Ward 52502019,KZN252,5866,0.4602795772246846,False,8.676928249537397,0.4567884324033111,2021,-0.1461427496078641,-0.013786146603900429
KwaZulu-Natal,Ward 52502020,KZN252,4488,0.4569964349376114,False,8.409162447202533,0.45689787047954683,2021,-0.14168921676008855,-0.016867469879518038
KwaZulu-Natal,Ward 52502021,KZN252,5054,0.4908982983775227,False,8.52793528794814,0.4557678083648831,2021,-0.11689117530668786,0.06400000000000006
KwaZulu-Natal,Ward 52502022,KZN252,5201,0.3758892520669102,False,8.556606193773073,0.45960144324190355,2021,-0.0612204713942851,-0.07207850133809102
KwaZulu-Natal,Ward 52502023,KZN252,4929,0.4311219314262527,False,8.502891406705377,0.4577603539299255,2021,-0.16368700873236303,-0.1115717375630858
KwaZulu-Natal,Ward 52502024,KZN252,5885,0.3870858113848768,False,8.680162019694377,0.45922822459797136,2021,-0.1886500105821009,0.056173725771715644
KwaZulu-Natal,Ward 52502025,KZN252,4366,0.4535043518094365,False,8.38160253710989,0.457014273250486,2021,-0.1011348234482955,-0.09979381443298974
KwaZulu-Natal,Ward 52502026,KZN252,5957,0.3777068994460298,False,8.692322277628687,0.4595408549959329,2021,-0.17170153248198222,-0.0073321113147808425
KwaZulu-Natal,Ward 52502027,KZN252,5919,0.4260854874134144,False,8.685922794690725,0.45792823539702004,2021,-0.159722016664889,-0.03442088091354001
KwaZulu-Natal,Ward 52502028,KZN252,5368,0.393070044709389,False,8.588210678651517,0.4590287501538209,2021,-0.12634994493328322,-0.07336440531676158
KwaZulu-Natal,Ward 52502029,KZN252,5380,0.4576208178438661,False,8.59044365315583,0.456877057716005,2021,-0.14912677230251015,-0.03962870403427343
KwaZulu-Natal,Ward 52502030,KZN252,5069,0.4673505622410732,False,8.53089883847235,0.45655273290276477,2021,-0.15375206010045062,0.04666529010943621
KwaZulu-Natal,Ward 52502031,KZN252,5189,0.4359221429947967,False,8.55429627936774,0.4576003468776407,2021,-0.14138958245801547,-0.010676835081029568
KwaZulu-Natal,Ward 52503001,KZN253,2484,0.4935587761674718,False,7.81762544305337,0.5332222930611096,2021,-0.1276088004809952,0.0432591348173037
KwaZulu-Natal,Ward 52503002,KZN253,2676,0.5056053811659192,False,7.892078421248119,0.5292067580616271,2021,-0.06763030458641095,-0.10918774966711053
KwaZulu-Natal,Ward 52503003,KZN253,2732,0.5439238653001464,False,7.912789220690681,0.5164339300168848,2021,-0.09424335246083615,0.29050543221539904
KwaZulu-Natal,Ward 52503004,KZN253,2543,0.5501376327172631,False,7.841099765422119,0.5143626742111792,2021,-0.16154278413032697,0.10421189752496751
KwaZulu-Natal,Ward 52504001,KZN254,4016,0.4113545816733068,False,8.298041661371565,0.48414182020081276,2021,-0.20088506862239902,0.03265620982257644
KwaZulu-Natal,Ward 52504002,KZN254,4502,0.486228342958685,False,8.412277021466677,0.476654444072275,2021,-0.1191557673499164,-0.01466404027139423
KwaZulu-Natal,Ward 52504003,KZN254,3696,0.5462662337662337,False,8.215006432761575,0.47065065499152003,2021,-0.055981573251310146,0.013157894736842035
KwaZulu-Natal,Ward 52504004,KZN254,3478,0.3944795859689476,False,8.154212694914229,0.4858293197712487,2021,-0.1544826279746394,-0.07450771687067592
KwaZulu-Natal,Ward 52504005,KZN254,3360,0.5318452380952381,False,8.11969625295725,0.47209275455861965,2021,-0.06844294634280224,-0.03170028818443804
KwaZulu-Natal,Ward 52504006,KZN254,3709,0.471286060932866,False,8.21851757748959,0.47814867227485686,2021,-0.10211731202815139,0.025435443737904295
KwaZulu-Natal,Ward 52504007,KZN254,3880,0.4881443298969072,False,8.263590432617319,0.47646284537845274,2021,-0.06600225899479967,-0.01597768196804461
KwaZulu-Natal,Ward 52504008,KZN254,3958,0.4886306215260232,False,8.28349412616251,0.47641421621554114,2021,-0.11429234106996389,-0.019568986871439153
KwaZulu-Natal,Ward 52504009,KZN254,4422,0.4979647218453188,False,8.394347361417392,0.47548080618361155,2021,-0.11221279294758058,0.046627218934911285
KwaZulu-Natal,Ward 52504010,KZN254,4161,0.4275414563806777,False,8.333510708982942,0.4825231327300757,2021,-0.1890889521279034,0.005801305293691161
KwaZulu-Natal,Ward 52504011,KZN254,3986,0.5090316106372303,False,8.29054350077274,0.4743741173044205,2021,-0.06884427849693697,-0.02232033357861174
KwaZulu-Natal,Ward 52601001,KZN261,3424,0.6504088785046729,False,8.138564737261632,0.5614843925632808,2021,0.014444842540636937,-0.3158841158841159
KwaZulu-Natal,Ward 52601002,KZN261,4367,0.5607968857339134,False,8.381831553485561,0.5742861058162464,2021,-0.010203114266086555,-0.12660000000000005
KwaZulu-Natal,Ward 52601003,KZN261,4216,0.5384250474383302,False,8.346642090221199,0.5774820827156155,2021,-0.07741017553974994,-0.2033257747543462
KwaZulu-Natal,Ward 52601004,KZN261,4239,0.5293701344656758,False,8.352082671352637,0.5787756417117089,2021,-0.1007894692767568,-0.22234452394056137
KwaZulu-Natal,Ward 52601005,KZN261,4715,0.5891834570519618,False,8.458504195067558,0.5702308813422395,2021,0.0004815339750388059,0.13341346153846145
KwaZulu-Natal,Ward 52601006,KZN261,4269,0.5767158585148747,False,8.359134886757962,0.5720119668475377,2021,-0.0031939016371081985,0.013773450486820327
KwaZulu-Natal,Ward 52601007,KZN261,4100,0.5265853658536586,False,8.318742252692399,0.57917346579914,2021,-0.06169588414634142,0.06770833333333326
KwaZulu-Natal,Ward 52601008,KZN261,3586,0.6093139988845511,False,8.184792654165078,0.5673550896518696,2021,-0.011926407670105665,-0.25617091889649446
KwaZulu-Natal,Ward 52602001,KZN262,3939,0.5582635186595583,False,8.278682162970906,0.5394862322753287,2021,-0.08545894830079415,0.08452643171806162
KwaZulu-Natal,Ward 52602002,KZN262,4335,0.522722029988466,False,8.374476889214643,0.5422201929423357,2021,-0.0463441178714562,0.054231517509727656
KwaZulu-Natal,Ward 52602003,KZN262,4044,0.5682492581602374,False,8.304989580140361,0.5387180984675841,2021,-0.010685066498994256,0.0022304832713755385
KwaZulu-Natal,Ward 52602004,KZN262,5038,0.5333465660976578,False,8.524764456912555,0.5414029209339364,2021,-0.09930188727782197,0.13750282230751854
KwaZulu-Natal,Ward 52602005,KZN262,3710,0.5401617250673855,False,8.21878715560148,0.540878677936265,2021,-0.024079065588499482,0.11111111111111116
KwaZulu-Natal,Ward 52602006,KZN262,4585,0.6355507088331516,False,8.430545384690566,0.5335410638004368,2021,-0.019040314178924045,0.04465709728867617
KwaZulu-Natal,Ward 52602007,KZN262,4449,0.4998876151944257,False,8.400434630806041,0.5439766863880311,2021,0.031764221878230414,0.14370179948586115
KwaZulu-Natal,Ward 52602008,KZN262,4001,0.538365408647838,False,8.294299608857235,0.541016856122384,2021,-0.0925034526581523,0.07960064759848895
KwaZulu-Natal,Ward 52602009,KZN262,5096,0.5076530612244898,False,8.536211197252,0.5433793443857184,2021,-0.04425950708152104,0.0710382513661203
KwaZulu-Natal,Ward 52602010,KZN262,4700,0.5591489361702128,False,8.45531778769815,0.5394181232360474,2021,-0.021845961788970913,-0.0008503401360544505
KwaZulu-Natal,Ward 52602011,KZN262,4917,0.5901972747610331,False,8.50045386741194,0.537029789498292,2021,-0.007866280353167499,0.22070506454816297
KwaZulu-Natal,Ward 52602012,KZN262,3920,0.5163265306122449,False,8.273846932784508,0.5427121544328142,2021,-0.030868015795725734,0.02779234399580499
KwaZulu-Natal,Ward 52602013,KZN262,3809,0.4943554738776581,False,8.245121966478605,0.5444022357200902,2021,-0.13963642075253435,-0.03520770010131713
KwaZulu-Natal,Ward 52602014,KZN262,4214,0.5073564309444708,False,8.346167594364134,0.543402162099566,2021,-0.06670343091278164,0.07802507035047324
KwaZulu-Natal,Ward 52603001,KZN263,4723,0.4698284988354859,False,8.460199469896118,0.47201839214559205,2021,-0.07066153438710548,-0.01931063122923593
KwaZulu-Natal,Ward 52603002,KZN263,4302,0.4690841469084147,False,8.366835309827675,0.4720538374754526,2021,-0.10532445524212297,-0.07483870967741935
KwaZulu-Natal,Ward 52603003,KZN263,4081,0.4778240627297231,False,8.314097335405807,0.4716376510077712,2021,-0.0949428218018673,-0.11089324618736385
KwaZulu-Natal,Ward 52603004,KZN263,4264,0.5293151969981238,False,8.357962965845681,0.46918569223308554,2021,-0.1166061188498424,-0.05223382973994217
KwaZulu-Natal,Ward 52603005,KZN263,4572,0.4391951006124234,False,8.427706024914702,0.47347712539430936,2021,-0.17542220228418126,-0.12296182620372142
KwaZulu-Natal,Ward 52603006,KZN263,3743,0.5402083889927866,False,8.22764270790443,0.4686669688047682,2021,-0.025701143136896976,-0.27334498155697917
KwaZulu-Natal,Ward 52603007,KZN263,4340,0.4539170506912442,False,8.375629627094451,0.47277608015246075,2021,-0.12791257582994753,-0.08938313050776336
KwaZulu-Natal,Ward 52603008,KZN263,4368,0.4441391941391941,False,8.38206051742474,0.47324169236922503,2021,-0.09915084915084915,-0.14049586776859502
KwaZulu-Natal,Ward 52603009,KZN263,4209,0.4749346638156331,False,8.344980368770571,0.47177524143225175,2021,-0.08059544838954213,-0.03618044424089761
KwaZulu-Natal,Ward 52603010,KZN263,3601,0.4057206331574562,False,8.188966863648876,0.47507114765406966,2021,-0.1106848516613489,-0.11826640548481882
KwaZulu-Natal,Ward 52603011,KZN263,4521,0.4242424242424242,False,8.416488487294606,0.47418915760240454,2021,-0.04930921303717278,0.42348866498740545
KwaZulu-Natal,Ward 52603012,KZN263,4142,0.5439401255432158,False,8.328934041955529,0.4684892670642716,2021,-0.032464093245108905,0.015943095413294195
KwaZulu-Natal,Ward 52603013,KZN263,3661,0.4282982791586998,False,8.205491613120236,0.47399602165401045,2021,-0.11827465581493823,-0.19573813708260102
KwaZulu-Natal,Ward 52603014,KZN263,4379,0.5167846540306006,False,8.384575666801398,0.46978238475534856,2021,-0.06303796237738168,-0.029046563192904662
KwaZulu-Natal,Ward 52603015,KZN263,4169,0.5034780522907172,False,8.335431477880796,0.4704160324572477,2021,-0.04743103861837372,-0.05249999999999999
KwaZulu-Natal,Ward 52603016,KZN263,3815,0.4414154652686762,False,8.246695943718557,0.47337139374401155,2021,-0.1086987189485275,-0.03197158081705154
KwaZulu-Natal,Ward 52603017,KZN263,4920,0.5225609756097561,False,8.501063809486354,0.46950732182300775,2021,-0.07409675081896272,0.015060862389106644
KwaZulu-Natal,Ward 52603018,KZN263,4056,0.4686883629191321,False,8.30795254527102,0.47207268433208516,2021,-0.09937843870030116,0.026315789473684292
KwaZulu-Natal,Ward 52603019,KZN263,3896,0.4938398357289528,False,8.267705664762426,0.4708749951506651,2021,-0.07674983884897718,-0.046733545387815045
KwaZulu-Natal,Ward 52603020,KZN263,4500,0.3662222222222222,False,8.411832675758411,0.4769520243652713,2021,-0.136502002421533,-0.05699916177703268
KwaZulu-Natal,Ward 52603021,KZN263,3999,0.5236309077269318,False,8.293799608846818,0.4694563726745708,2021,-0.035384662338362016,0.004269211451531918
KwaZulu-Natal,Ward 52603022,KZN263,4205,0.4449464922711058,False,8.344029572407049,0.47320324960103877,2021,-0.08310480152326111,-0.0370964048545912
KwaZulu-Natal,Ward 52605001,KZN265,4391,0.5463447961739922,False,8.387312270561717,0.5106364039752599,2021,-0.010257003365660378,-0.08118853316593433
KwaZulu-Natal,Ward 52605002,KZN265,4567,0.5485001094810598,False,8.426611813185,0.5105286383099065,2021,-0.07157391621020959,-0.00566078815588944
KwaZulu-Natal,Ward 52605003,KZN265,4302,0.5827522082752208,False,8.366835309827675,0.5088160333701984,2021,-0.022631640179415324,-0.1421734795613161
KwaZulu-Natal,Ward 52605004,KZN265,3813,0.5192761605035405,False,8.246171559857563,0.5119898357587824,2021,-0.05602178099158406,-0.3114842903575298
KwaZulu-Natal,Ward 52605005,KZN265,4186,0.5590062111801242,False,8.339500903005945,0.5100033332249533,2021,-0.0014938947745272158,-0.11294765840220389
KwaZulu-Natal,Ward 52605006,KZN265,4629,0.4679196370706416,False,8.44009614103127,0.5145576619304274,2021,-0.09730743327664243,0.030498664292074817
KwaZulu-Natal,Ward 52605007,KZN265,4297,0.5375843611822202,False,8.365672383774996,0.5110744257248484,2021,-0.06701612307928106,0.04043583535108963
KwaZulu-Natal,Ward 52605008,KZN265,4399,0.4989770402364173,False,8.389132521348719,0.5130047917721386,2021,-0.08337196800962676,-0.019612213059950978
KwaZulu-Natal,Ward 52605009,KZN265,3750,0.4013333333333333,False,8.229511118964457,0.5178869771172928,2021,-0.1116200345423144,-0.28036845135290733
KwaZulu-Natal,Ward 52605010,KZN265,4363,0.5674994269997709,False,8.38091517312361,0.5095786724339709,2021,-0.05703217429925489,0.08993255058705962
KwaZulu-Natal,Ward 52605011,KZN265,4529,0.5294767056745419,False,8.418256443556213,0.5114798085002323,2021,-0.07507344944438266,-0.06328852119958639
KwaZulu-Natal,Ward 52605012,KZN265,4486,0.5485956308515382,False,8.408716715080153,0.5105238622413826,2021,-0.054596323674041214,-0.01923917796239616
KwaZulu-Natal,Ward 52605013,KZN265,4209,0.5034449988120694,False,8.344980368770571,0.512781393843356,2021,-0.08068274189336433,0.0030981887511916106
KwaZulu-Natal,Ward 52605014,KZN265,5040,0.5696428571428571,False,8.525161361065415,0.5094715009268166,2021,-0.0415591052447144,0.030253475061324586
KwaZulu-Natal,Ward 52605015,KZN265,4359,0.5097499426473961,False,8.379997952238393,0.5124661466515896,2021,-0.11203763979517833,-0.0086422560836934
KwaZulu-Natal,Ward 52605016,KZN265,3074,0.5250487963565387,False,8.03073492409854,0.5117012039661326,2021,-0.005894438812048652,-0.3440034144259496
KwaZulu-Natal,Ward 52605017,KZN265,4274,0.5236312587739822,False,8.360305435879093,0.5117720808452604,2021,-0.07437010393326282,-0.02929820576879405
KwaZulu-Natal,Ward 52605018,KZN265,3760,0.5390957446808511,False,8.23217423638394,0.5109988565499168,2021,-0.06852545886564954,-0.29069986794944347
KwaZulu-Natal,Ward 52605019,KZN265,4587,0.2694571615434925,False,8.430981494597171,0.5244807857067848,2021,-0.09876113701188471,0.47255216693418944
KwaZulu-Natal,Ward 52605020,KZN265,3847,0.4967507148427346,False,8.255048902752295,0.5131161080418227,2021,-0.058804840712820994,-0.11502185415228894
KwaZulu-Natal,Ward 52605021,KZN265,4571,0.5149857799168672,False,8.427487278331744,0.5122043547881161,2021,-0.08804047731499753,0.017133956386292892
KwaZulu-Natal,Ward 52606001,KZN266,3774,0.4798622151563328,False,8.235890725928495,0.5044228225773051,2021,-0.1111863781940508,-0.034782608695652195
KwaZulu-Natal,Ward 52606002,KZN266,4236,0.5639754485363551,False,8.351374706721296,0.5007657254738259,2021,-0.05684503996257784,0.0045055726820013575
KwaZulu-Natal,Ward 52606003,KZN266,3449,0.5410263844592635,False,8.145839612936841,0.501763510868482,2021,-0.030728904277157243,-0.014008004574042277
KwaZulu-Natal,Ward 52606004,KZN266,4142,0.5014485755673588,False,8.328934041955529,0.50348428516813,2021,-0.10789374374474903,-0.03741575644898909
KwaZulu-Natal,Ward 52606005,KZN266,3898,0.5764494612621858,False,8.268218880067506,0.500223377094442,2021,-0.06297724228320023,-0.019864219260749327
KwaZulu-Natal,Ward 52606006,KZN266,3840,0.4296875,False,8.253227645581772,0.5066043319319283,2021,-0.15886435909980434,-0.0606653620352251
KwaZulu-Natal,Ward 52606007,KZN266,3850,0.492987012987013,False,8.25582842728183,0.5038521791933624,2021,-0.11781073076802329,0.03411227504700509
KwaZulu-Natal,Ward 52606008,KZN266,4233,0.5445310654382235,False,8.350666240520924,0.5016111334346143,2021,-0.03259863525249029,0.08288564850345348
KwaZulu-Natal,Ward 52606009,KZN266,4297,0.5205957644868513,False,8.365672383774996,0.5026517986933695,2021,-0.10494193078143033,-0.027167760923703876
KwaZulu-Natal,Ward 52606010,KZN266,3455,0.5180897250361794,False,8.14757773620177,0.5027607569303553,2021,-0.054559847613393164,-0.1562881562881563
KwaZulu-Natal,Ward 52606011,KZN266,3658,0.44313832695462,False,8.204671828950811,0.506019513368684,2021,-0.11788731407102099,-0.062051282051282075
KwaZulu-Natal,Ward 52606012,KZN266,4197,0.4650941148439361,False,8.34212526333359,0.5050649138952354,2021,-0.08764180902600843,0.1094369547977796
KwaZulu-Natal,Ward 52606013,KZN266,4003,0.4823882088433674,False,8.294799358992574,0.5043129967648253,2021,-0.10533108940224667,-0.07594644506001846
KwaZulu-Natal,Ward 52606014,KZN266,4357,0.5836584806059215,False,8.379539026117442,0.4999099414708013,2021,-0.031583585643788936,0.009265693768820915
KwaZulu-Natal,Ward 52606015,KZN266,4530,0.5543046357615894,False,8.41847721847708,0.5011861955944679,2021,-0.1058288985911997,-0.02433771268576357
KwaZulu-Natal,Ward 52606016,KZN266,3605,0.5073509015256588,False,8.190077049719049,0.503227662300378,2021,-0.08388997438675005,-0.025412273587456125
KwaZulu-Natal,Ward 52606017,KZN266,4187,0.5220921901122522,False,8.339739766019143,0.5025867367096565,2021,-0.08135207332735683,-0.025599255294391443
KwaZulu-Natal,Ward 52606018,KZN266,3827,0.4510060099294486,False,8.249836485425702,0.5056774401958652,2021,-0.12034649273295817,0.018903088391906353
KwaZulu-Natal,Ward 52606019,KZN266,3397,0.4180158963791581,False,8.130647968160584,0.5071117929589214,2021,-0.11122722288689696,-0.02608944954128445
KwaZulu-Natal,Ward 52606020,KZN266,3877,0.4929068867681196,False,8.262816937670928,0.50385566294201,2021,-0.0728859358330512,-0.013234919826927927
KwaZulu-Natal,Ward 52606021,KZN266,4384,0.5298813868613139,False,8.385716828627851,0.5022480759814364,2021,-0.07531462334513472,0.016933426119229766
KwaZulu-Natal,Ward 52606022,KZN266,3799,0.44248486443801,False,8.242493153187626,0.5060479247824496,2021,-0.11662909339492306,0.013877768881772168
KwaZulu-Natal,Ward 52606023,KZN266,3642,0.4703459637561779,False,8.200288260287554,0.5048365726381815,2021,-0.08389678597529371,-0.022019334049409256
KwaZulu-Natal,Ward 52606024,KZN266,3382,0.5502661147250147,False,8.126222529458525,0.5013617834656233,2021,-0.05231638168818464,-0.029555236728837864
KwaZulu-Natal,Ward 52701001,KZN271,4169,0.5145118733509235,False,8.335431477880796,0.5810861739958334,2021,-0.02912224284190712,0.030655129789864066
KwaZulu-Natal,Ward 52701002,KZN271,4986,0.6546329723225031,False,8.514389264083503,0.5723286053101097,2021,-0.06354884585931508,0.10554323725055426
KwaZulu-Natal,Ward 52701003,KZN271,5130,0.5514619883040935,False,8.542860938164814,0.5787767918112602,2021,-0.09336032732448885,-0.019870080244554833
KwaZulu-Natal,Ward 52701004,KZN271,6053,0.548488352882868,False,8.708309295891688,0.5789626440250868,2021,-0.07304658411598652,0.3867124856815578
KwaZulu-Natal,Ward 52701005,KZN271,3990,0.4766917293233083,False,8.29154650988391,0.5834499329975593,2021,-0.1296647310007466,-0.17116742833402576
KwaZulu-Natal,Ward 52701006,KZN271,3791,0.6125032972830388,False,8.240385115516334,0.5749617100000761,2021,-0.06127165734491047,-0.13997277676951003
KwaZulu-Natal,Ward 52701007,KZN271,4068,0.6015240904621436,False,8.31090675716845,0.5756479104263821,2021,-0.09671379500041144,-0.004405286343612369
KwaZulu-Natal,Ward 52701008,KZN271,3865,0.6253557567917206,False,8.259716961021523,0.5741584312807836,2021,-0.028860827657421928,-0.09208362696734784
KwaZulu-Natal,Ward 52701009,KZN271,3933,0.6531909483854564,False,8.27715777243181,0.5724187318061751,2021,-0.02610060474805853,0.07166212534059935
KwaZulu-Natal,Ward 52701010,KZN271,3998,0.5815407703851926,False,8.293549515060345,0.5768968679311915,2021,-0.023254279885495777,0.03067800979633928
KwaZulu-Natal,Ward 52701011,KZN271,3790,0.503957783641161,False,8.240121298076472,0.5817458046026935,2021,-0.0777253846756707,-0.1471647164716472
KwaZulu-Natal,Ward 52701012,KZN271,3846,0.5761830473218928,False,8.254788926148725,0.5772317256226478,2021,-0.05425173528680283,-0.11054579093432004
KwaZulu-Natal,Ward 52701013,KZN271,4651,0.5897656417974629,False,8.444837529224097,0.5763828134679246,2021,-0.06525730567831478,0.18587455379908202
KwaZulu-Natal,Ward 52701014,KZN271,4555,0.6164654226125137,False,8.423980809694058,0.574714077166984,2021,-0.044542343325720046,-0.17735235687195228
KwaZulu-Natal,Ward 52701015,KZN271,3982,0.544952285283777,False,8.289539484624141,0.57918364825003,2021,-0.07549911959876554,-0.08291110087517273
KwaZulu-Natal,Ward 52701016,KZN271,3783,0.6190853819719799,False,8.23827262463303,0.5745503297070174,2021,-0.020478742085019208,-0.20725062866722543
KwaZulu-Natal,Ward 52701017,KZN271,4293,0.5415793151642209,False,8.36474106822456,0.5793944588825023,2021,-0.09871627275144967,-0.06694196913714412
KwaZulu-Natal,Ward 52702001,KZN272,4074,0.5927835051546392,False,8.31238059678675,0.6000531542541705,2021,-0.04093296994114626,0.0406130268199234
KwaZulu-Natal,Ward 52702002,KZN272,3716,0.5917653390742734,False,8.22040309993373,0.6001067419426108,2021,-0.018744707293578244,-0.04276146316331786
KwaZulu-Natal,Ward 52702003,KZN272,6088,0.665407358738502,False,8.714074899541522,0.5962308461708092,2021,-0.042096161679924915,0.2247032790183061
KwaZulu-Natal,Ward 52702004,KZN272,4257,0.6551562132957481,False,8.356319965828153,0.5967703801414805,2021,-0.06385205116706183,-0.022727272727272707
KwaZulu-Natal,Ward 52702005,KZN272,5139,0.563922942206655,False,8.54461378699223,0.6015721312514328,2021,-0.07240699291846087,-0.047451343836885984
KwaZulu-Natal,Ward 52702006,KZN272,4908,0.6297881010594947,False,8.498621805830801,0.5981055439433887,2021,-0.011169345749015958,0.0877659574468086
KwaZulu-Natal,Ward 52702007,KZN272,3611,0.5699252284685683,False,8.191740021277457,0.6012562214481743,2021,-0.025039194082061123,-0.34117861704068597
KwaZulu-Natal,Ward 52702008,KZN272,4954,0.6039563988696003,False,8.507950610049305,0.5994651072165409,2021,-0.08765275478096268,-0.10025426807119509
KwaZulu-Natal,Ward 52702009,KZN272,4098,0.5832113225963885,False,8.318254328798846,0.6005569533361836,2021,-0.03829763947113962,-0.14589412255106293
KwaZulu-Natal,Ward 52702010,KZN272,4670,0.60406852248394,False,8.448914350662942,0.599459205973681,2021,-0.042488108136435554,-0.11402011003604628
KwaZulu-Natal,Ward 52702011,KZN272,4190,0.5715990453460621,False,8.340456012916183,0.601168125823043,2021,-0.040858540693685885,0.01551139117789635
KwaZulu-Natal,Ward 52702012,KZN272,5485,0.6298997265268915,False,8.609772372709331,0.5980996689187887,2021,-0.07453994407819264,-0.018080916577157158
KwaZulu-Natal,Ward 52702013,KZN272,4879,0.6120106579217053,False,8.492695559815838,0.5990411988453775,2021,-0.03861935353304846,-0.06853760977472323
KwaZulu-Natal,Ward 52702014,KZN272,4128,0.5276162790697675,False,8.325548307161398,0.6034830082586374,2021,-0.09351883317080856,-0.12579415501905977
KwaZulu-Natal,Ward 52702015,KZN272,4582,0.5796595373199476,False,8.42989086301344,0.6007438894033648,2021,-0.0441711976466449,0.02048997772828498
KwaZulu-Natal,Ward 52702016,KZN272,4144,0.7171814671814671,False,8.329416783939319,0.5935058930948638,2021,0.0688024148123898,-0.20506426242087095
KwaZulu-Natal,Ward 52702017,KZN272,4568,0.5989492119089317,False,8.426830751335846,0.5997286433723655,2021,-0.019071092659596278,-0.03384094754653133
KwaZulu-Natal,Ward 52702018,KZN272,4407,0.5908781484002723,False,8.390949464841986,0.6001534361886108,2021,-0.038127310892393296,0.0460479468312367
KwaZulu-Natal,Ward 52702019,KZN272,4837,0.5722555302873682,False,8.484049972822984,0.6011335739840269,2021,-0.10274981501945246,0.03420996365191353
KwaZulu-Natal,Ward 52702020,KZN272,4073,0.5337589000736558,False,8.312135107648412,0.6031597124163275,2021,-0.051808110235622595,-0.06689576174112255
KwaZulu-Natal,Ward 52705001,KZN275,2755,0.5989110707803993,False,7.9211727215870145,0.5671988409988723,2021,0.09662919158576844,-0.26040268456375837
KwaZulu-Natal,Ward 52705002,KZN275,5338,0.6425627575871112,False,8.58260632996447,0.5647737472873884,2021,0.0934708913065111,0.40510660700184253
KwaZulu-Natal,Ward 52705003,KZN275,4914,0.548026048026048,False,8.499843553081124,0.5700257867074474,2021,-0.011990508265342648,0.01697019867549665
KwaZulu-Natal,Ward 52705004,KZN275,4260,0.4028169014084507,False,8.357024439263416,0.5780929615195362,2021,-0.253328851734993,0.09314857582755964
KwaZulu-Natal,Ward 52705005,KZN275,5099,0.5214747989801922,False,8.536799721055155,0.5715008560988839,2021,0.0031382487082146637,-0.10528162835585186
KwaZulu-Natal,Ward 52705006,KZN275,3858,0.4375324002073613,False,8.257904193465674,0.5761643226973745,2021,-0.16956572087823374,-0.19457202505219207
KwaZulu-Natal,Ward 52705007,KZN275,4287,0.4557965943550268,False,8.363342466597977,0.5751496452447263,2021,-0.21326642984818428,0.027318475916606744
KwaZulu-Natal,Ward 52705008,KZN275,3517,0.6016491327836224,False,8.165363632473982,0.5670467264431377,2021,-0.04866946153960605,-0.32091137285190197
KwaZulu-Natal,Ward 52705009,KZN275,4407,0.572952121624688,False,8.390949464841986,0.5686410048408563,2021,-0.10284424634196876,0.31199761833879136
KwaZulu-Natal,Ward 52705010,KZN275,4847,0.6216216216216216,False,8.486115235845377,0.5659371437299155,2021,0.004308058603741061,0.05691234191016137
KwaZulu-Natal,Ward 52705011,KZN275,3832,0.5561064718162839,False,8.251142139090751,0.5695768742746565,2021,-0.13486176392807125,-0.2667432070417145
KwaZulu-Natal,Ward 52705012,KZN275,4129,0.5933640106563333,False,8.32579052588609,0.5675070110057648,2021,-0.06844701296571398,-0.1872047244094488
KwaZulu-Natal,Ward 52705013,KZN275,4811,0.5849095822074413,False,8.478660241699453,0.5679767014751478,2021,-0.049783859364872285,0.027771843623157544
KwaZulu-Natal,Ward 52705014,KZN275,4603,0.5783184879426461,False,8.434463543817241,0.5683428733787476,2021,-0.045371494996666595,0.12186205215695822
KwaZulu-Natal,Ward 52705015,KZN275,4644,0.609603789836348,False,8.443331342817782,0.5666048010513197,2021,-0.046858051405725076,0.015525912967417455
KwaZulu-Natal,Ward 52705016,KZN275,4665,0.5845659163987138,False,8.447843113281444,0.5679957940200772,2021,-0.06943866026032508,0.06750572082379858
KwaZulu-Natal,Ward 52705017,KZN275,4097,0.6560898218208445,False,8.318010277546872,0.5640222437188477,2021,0.043276451347306955,0.03747784249177011
KwaZulu-Natal,Ward 52705018,KZN275,4253,0.6339054784857747,False,8.355379895253634,0.5652547072374626,2021,-0.013297461489725437,-0.13168640261331155
KwaZulu-Natal,Ward 52705019,KZN275,4322,0.6082832022211939,False,8.371473537066832,0.5666781670299392,2021,-0.04671583084784492,-0.16418487719976793
KwaZulu-Natal,Ward 52801001,KZN281,3648,0.6071820175438597,False,8.201934351194222,0.5363421275413959,2021,-0.05191526308411898,0.02270815811606397
KwaZulu-Natal,Ward 52801002,KZN281,3493,0.4760950472373318,False,8.158516244806831,0.5457054825632908,2021,-0.09977451798005949,-0.2406521739130435
KwaZulu-Natal,Ward 52801003,KZN281,4667,0.5881722734090422,False,8.448271745949816,0.5376999664081686,2021,-0.08602127497805456,0.25456989247311834
KwaZulu-Natal,Ward 52801004,KZN281,3858,0.6179367547952307,False,8.257904193465674,0.5355739320234408,2021,-0.07681818931482953,-0.17067927773000857
KwaZulu-Natal,Ward 52801005,KZN281,4281,0.5589815463676711,False,8.361941906144946,0.539785018339695,2021,-0.12882621412080641,-0.15678550324995078
KwaZulu-Natal,Ward 52801006,KZN281,4516,0.4712134632418069,False,8.415381925269553,0.5460541671343997,2021,-0.14052214826898446,0.015287769784172678
KwaZulu-Natal,Ward 52801007,KZN281,4413,0.5304781327894856,False,8.392310009269547,0.5418209764524227,2021,-0.15017294469790543,0.011691884456671353
KwaZulu-Natal,Ward 52801008,KZN281,3453,0.562699102229945,False,8.146998697389993,0.539519478635247,2021,-0.14228414735129447,-0.27701005025125625
KwaZulu-Natal,Ward 52801009,KZN281,4294,0.5854680950163018,False,8.364973978438726,0.53789312200765,2021,-0.07276500328315894,-0.10949813355454163
KwaZulu-Natal,Ward 52801010,KZN281,4490,0.5138084632516704,False,8.4096079807363,0.5430116671336951,2021,-0.11165233792798057,0.10346522487097576
KwaZulu-Natal,Ward 52801011,KZN281,4689,0.5749626786095117,False,8.452974619089586,0.5386435088938494,2021,-0.07000642995182993,0.034642541924095216
KwaZulu-Natal,Ward 52801012,KZN281,4497,0.5388036468756949,False,8.411165786770708,0.5412262968748363,2021,-0.16747052587892475,-0.03373442200257848
KwaZulu-Natal,Ward 52801013,KZN281,3896,0.5007700205338809,False,8.267705664762426,0.5439429844706801,2021,-0.15298060042985484,-0.03229011425732742
KwaZulu-Natal,Ward 52801014,KZN281,4208,0.4712452471482889,False,8.344742754417545,0.5460518968553653,2021,-0.18332999273001677,-0.015211794991809025
KwaZulu-Natal,Ward 52801015,KZN281,3773,0.5181553140736814,False,8.235625719964311,0.5427011777892659,2021,-0.07395874250907641,-0.15950100245043441
KwaZulu-Natal,Ward 52802001,KZN282,5656,0.490983026874116,False,8.640472207576408,0.43552646294647746,2021,-0.1456345927943511,0.0534550195567145
KwaZulu-Natal,Ward 52802002,KZN282,6544,0.500458435207824,False,8.786303878282583,0.4351997247280737,2021,-0.09099885122433682,0.09614740368509223
KwaZulu-Natal,Ward 52802003,KZN282,6302,0.4942875277689622,False,8.74862232231722,0.43541251463975855,2021,-0.1027454725337929,-0.04601877081441119
KwaZulu-Natal,Ward 52802004,KZN282,7006,0.4523265772195261,False,8.854522203757432,0.43685944396904947,2021,-0.1824973716736547,0.040855742088842684
KwaZulu-Natal,Ward 52802005,KZN282,5251,0.4900019043991621,False,8.566173813637858,0.4355602947559586,2021,-0.1726110212436454,-0.08773453787352326
KwaZulu-Natal,Ward 52802006,KZN282,4764,0.5170025188916877,False,8.46884293047519,0.4346292390838025,2021,-0.09070231019132913,-0.13836136733586546
KwaZulu-Natal,Ward 52802007,KZN282,4932,0.4387672343876723,False,8.503499864284235,0.4373270075149755,2021,-0.10169519335799249,0.09648732770120061
KwaZulu-Natal,Ward 52802008,KZN282,4792,0.4046327212020033,False,8.474703139795285,0.4385040596937917,2021,-0.1524566564301914,0.12119794103883952
KwaZulu-Natal,Ward 52802009,KZN282,7538,0.4156274873971876,False,8.92771217382708,0.4381249298249922,2021,-0.18809720895908777,0.2207287449392712
KwaZulu-Natal,Ward 52802010,KZN282,5373,0.4600781686208822,False,8.589141690728821,0.4365921477138303,2021,-0.1651648930725949,-0.05020328796181717
KwaZulu-Natal,Ward 52802011,KZN282,4973,0.5250351900261412,False,8.511778558714738,0.4343522504239938,2021,-0.12178620250665395,0.003632694248234092
KwaZulu-Natal,Ward 52802012,KZN282,6236,0.423348300192431,False,8.738094230177667,0.43785869490101825,2021,-0.1765909464661352,-0.05285540704738756
KwaZulu-Natal,Ward 52802013,KZN282,6697,0.5126175899656563,False,8.80941494391005,0.43478044352952777,2021,-0.17378192430271044,0.016545233758348488
KwaZulu-Natal,Ward 52802014,KZN282,6262,0.4268604279782817,False,8.742254901886351,0.43773758704633375,2021,-0.17844427678963748,-0.011367224502683904
KwaZulu-Natal,Ward 52802015,KZN282,6545,0.4466004583651642,False,8.786456678344,0.43705689634333783,2021,-0.18153630449556352,0.02650564617314921
KwaZulu-Natal,Ward 52802016,KZN282,5052,0.371931908155186,False,8.527539483470381,0.4396316739367853,2021,-0.18561284887806212,-0.07709170624771644
KwaZulu-Natal,Ward 52802017,KZN282,4771,0.3605114231817229,False,8.470311205516108,0.44002548376345646,2021,-0.21785941927993813,-0.04979087831109341
KwaZulu-Natal,Ward 52802018,KZN282,5384,0.5299034175334324,False,8.591186871324563,0.43418438050994923,2021,-0.1740592864292716,0.04584304584304588
KwaZulu-Natal,Ward 52802019,KZN282,5771,0.3760180211401837,False,8.660600654710967,0.4394907734890268,2021,-0.21684730368390404,-0.055637375225004115
KwaZulu-Natal,Ward 52802020,KZN282,5343,0.3801235261089276,False,8.583542571957771,0.43934920435217356,2021,-0.20244448636724638,-0.07416392306359387
KwaZulu-Natal,Ward 52802021,KZN282,5735,0.3553618134263295,False,8.65434302956347,0.4402030565136425,2021,-0.21370528968332675,-0.06137479541734858
KwaZulu-Natal,Ward 52802022,KZN282,6818,0.4755060134936931,False,8.827321452697849,0.43606015306304374,2021,-0.14024304711731822,0.1138702826335567
KwaZulu-Natal,Ward 52802023,KZN282,5128,0.4321372854914196,False,8.542470998600505,0.43755562644243245,2021,-0.15954513416831573,-0.030623818525519875
KwaZulu-Natal,Ward 52802024,KZN282,4844,0.4106110652353427,False,8.485496104672983,0.4382979098995386,2021,-0.1598288754468125,-0.20184544405997695
KwaZulu-Natal,Ward 52802025,KZN282,6291,0.4086790653314258,False,8.74687531957003,0.43836453058588054,2021,-0.16593333776934943,0.21918604651162799
KwaZulu-Natal,Ward 52802026,KZN282,5950,0.454453781512605,False,8.691146498539675,0.43678609209687436,2021,-0.12738238133559016,-0.019284654689302738
KwaZulu-Natal,Ward 52802027,KZN282,5850,0.3965811965811965,False,8.674196940225903,0.4387816984738194,2021,-0.17407097733184695,-0.0365612648221344
KwaZulu-Natal,Ward 52802028,KZN282,5881,0.3427988437340588,False,8.679482094459956,0.44063626236510006,2021,-0.1664771372214493,-0.03447709735675586
KwaZulu-Natal,Ward 52802029,KZN282,5620,0.4823843416370106,False,8.634086942887738,0.4358229693339638,2021,-0.16415727618245013,-0.1764361078546307
KwaZulu-Natal,Ward 52802030,KZN282,4910,0.3456211812627291,False,8.499029220788566,0.44053894038135283,2021,-0.05236652136443687,0.3722750139742874
KwaZulu-Natal,Ward 52804001,KZN284,3357,0.5278522490318737,False,8.118802996980035,0.507108938945274,2021,-0.08920154069917763,0.02597799511002452
KwaZulu-Natal,Ward 52804002,KZN284,4177,0.5118506104859948,False,8.337348564497175,0.5077490044871091,2021,-0.12392772936224616,-0.03954932168314551
KwaZulu-Natal,Ward 52804003,KZN284,3569,0.5505743905855982,False,8.18004072349016,0.506200053283125,2021,-0.09178672052551295,-0.046741452991452936
KwaZulu-Natal,Ward 52804004,KZN284,4145,0.5186972255729795,False,8.329658067569396,0.5074751398836298,2021,-0.12063175858359088,-0.034249767008387666
KwaZulu-Natal,Ward 52804005,KZN284,3916,0.5163432073544433,False,8.272826003650401,0.5075693006123712,2021,-0.10636465499170089,-0.01632755589047974
KwaZulu-Natal,Ward 52804006,KZN284,3770,0.5095490716180371,False,8.234830280442056,0.5078410660418274,2021,-0.11932765499129316,-0.017461558509252018
KwaZulu-Natal,Ward 52804007,KZN284,3668,0.529989094874591,False,8.207401833376355,0.5070234651115654,2021,-0.10002173936159531,-0.00650054171180936
KwaZulu-Natal,Ward 52804008,KZN284,4426,0.4765024853140533,False,8.395251520610994,0.5091629294939868,2021,-0.1567263548113385,-0.07502612330198533
KwaZulu-Natal,Ward 52804009,KZN284,4129,0.4550738677645919,False,8.32579052588609,0.5100200741959653,2021,-0.1815627688720447,0.1272181272181272
KwaZulu-Natal,Ward 52804010,KZN284,3634,0.4738580077050082,False,8.198089248956116,0.5092687085983486,2021,-0.12403719071639063,-0.20324490243367688
KwaZulu-Natal,Ward 52804011,KZN284,3775,0.5035761589403973,False,8.236155661683124,0.508079982548933,2021,-0.06710901018362703,-0.1814830875975716
KwaZulu-Natal,Ward 52804012,KZN284,3316,0.436670687575392,False,8.106514516255185,0.5107562014035333,2021,-0.10787274226870597,-0.07683741648106901
KwaZulu-Natal,Ward 52804013,KZN284,3534,0.4394453876627051,False,8.170185652879642,0.5106452134000408,2021,-0.14805204190751903,-0.2732880937692782
KwaZulu-Natal,Ward 52804014,KZN284,4331,0.5123528053567306,False,8.373553741214627,0.5077289166922797,2021,-0.1325090730963081,-0.042872928176795555
KwaZulu-Natal,Ward 52804015,KZN284,3672,0.5561002178649237,False,8.20849175174038,0.5059790201919521,2021,-0.09730017574977123,-0.19702602230483268
KwaZulu-Natal,Ward 52804016,KZN284,4022,0.4952759820984584,False,8.299534570332597,0.5084119896226106,2021,-0.1563087173550935,-0.1208743169398907
KwaZulu-Natal,Ward 52804017,KZN284,4007,0.5011230346892938,False,8.295798110636145,0.5081781075189773,2021,-0.11956662048312006,-0.047086801426872715
KwaZulu-Natal,Ward 52804018,KZN284,3424,0.4480140186915888,False,8.138564737261632,0.5103024681588854,2021,-0.10677459217985213,-0.015243025596778814
KwaZulu-Natal,Ward 52804019,KZN284,4160,0.5572115384615385,False,8.333270353255308,0.5059345673680874,2021,-0.0870604101465986,0.1134903640256959
KwaZulu-Natal,Ward 52804020,KZN284,4234,0.4888993859234766,False,8.350902451694811,0.5086670534696099,2021,-0.1743572210671458,-0.09761295822676896
KwaZulu-Natal,Ward 52804021,KZN284,3718,0.4556213017751479,False,8.220941168281389,0.509998176835543,2021,-0.19081442682490934,0.06441454337245922
KwaZulu-Natal,Ward 52804022,KZN284,3256,0.5571253071253072,False,8.08825472712243,0.5059380166215367,2021,-0.0877981188531387,-0.07657402155416904
KwaZulu-Natal,Ward 52804023,KZN284,3290,0.5610942249240122,False,8.098642843759418,0.5057792599095885,2021,-0.0858496768342909,-0.08177504884175268
KwaZulu-Natal,Ward 52804024,KZN284,3862,0.571206628689798,False,8.258940462988459,0.5053747637589571,2021,-0.06638087804148907,0.039849219170705386
KwaZulu-Natal,Ward 52804025,KZN284,3687,0.5820450230539734,False,8.212568398234145,0.50494122798439,2021,-0.1010319000229496,0.03132867132867134
KwaZulu-Natal,Ward 52804026,KZN284,4200,0.4695238095238095,False,8.34283980427146,0.5094420765255966,2021,-0.1771279761904762,-0.0625
KwaZulu-Natal,Ward 52805001,KZN285,3521,0.5234308435103664,False,8.166500319155052,0.5013632716237424,2021,-0.14077861251403623,-0.104982206405694
KwaZulu-Natal,Ward 52805002,KZN285,3586,0.4495259341885109,False,8.184792654165078,0.5161442534881134,2021,-0.17881956459494414,0.09063260340632606
KwaZulu-Natal,Ward 52805003,KZN285,3545,0.4643159379407616,False,8.173293438966228,0.5131862527376633,2021,-0.11204275771141231,-0.036684782608695676
KwaZulu-Natal,Ward 52805004,KZN285,2975,0.5058823529411764,False,7.99799931797973,0.5048729697375803,2021,-0.08904150492684382,0.006768189509306355
KwaZulu-Natal,Ward 52805005,KZN285,3368,0.5418646080760094,False,8.122074375362217,0.4976765187106137,2021,-0.10131515705497518,0.014152363745859597
KwaZulu-Natal,Ward 52805006,KZN285,3604,0.545227524972253,False,8.189799618728228,0.497003935331365,2021,-0.11318186225069349,0.17470664928292057
KwaZulu-Natal,Ward 52806001,KZN286,4772,0.586756077116513,False,8.470520783217808,0.5551866825665633,2021,-0.058692681635874044,0.012518565669424886
KwaZulu-Natal,Ward 52806002,KZN286,3641,0.5124965668772316,False,8.200013648175434,0.5608989525849696,2021,-0.11722778663228817,0.034668940039783935
KwaZulu-Natal,Ward 52806003,KZN286,3628,0.5118522601984564,False,8.196436811235028,0.5609485146371831,2021,-0.13096674674228037,-0.031500266951414835
KwaZulu-Natal,Ward 52806004,KZN286,3786,0.5187533016376122,False,8.239065331769268,0.5604176652957096,2021,-0.10898016890522289,-0.02598404939542065
KwaZulu-Natal,Ward 52806005,KZN286,4917,0.5265405735204393,False,8.50045386741194,0.559818644381646,2021,-0.1188786140335798,0.06244598098530685
KwaZulu-Natal,Ward 52806006,KZN286,4624,0.6055363321799307,False,8.439015410352214,0.5537420475616851,2021,-0.08853890999172953,0.041676053165127236
KwaZulu-Natal,Ward 52806007,KZN286,3845,0.659817945383615,False,8.254528881939745,0.5495665388537093,2021,-0.03949567658048214,0.01504751847940855
KwaZulu-Natal,Ward 52806008,KZN286,3967,0.4965969246281825,False,8.28576542051433,0.5621220019887426,2021,-0.12338646867378267,0.09797951840575703
KwaZulu-Natal,Ward 52806009,KZN286,4609,0.5615100889563897,False,8.435766192720509,0.5571286816558035,2021,-0.1203399460821527,0.07661761270731127
KwaZulu-Natal,Ward 52806010,KZN286,3566,0.5715086932136848,False,8.179199798423086,0.5563595582513963,2021,-0.09499497426797776,-0.1281173594132029
KwaZulu-Natal,Ward 52806011,KZN286,4569,0.5797767564018385,False,8.427049641563272,0.5557235533907691,2021,-0.13362475059493228,0.22954790096878375
KwaZulu-Natal,Ward 52806012,KZN286,4205,0.5564803804994055,False,8.344029572407049,0.5575155823063408,2021,-0.13311811680043018,-0.012679032636769172
KwaZulu-Natal,Ward 52806013,KZN286,5007,0.585180746954264,False,8.518592212329946,0.5553078618098133,2021,-0.058735519944994596,0.09180113388573918
KwaZulu-Natal,Ward 52806014,KZN286,4701,0.5313763029142735,False,8.45553053102413,0.5594466651975049,2021,-0.09055569438363231,0.05854537266381454
KwaZulu-Natal,Ward 52901001,KZN291,4634,0.586965904186448,False,8.441175704992322,0.45800197142559196,2021,-0.06599798407155788,0.05246422893481717
KwaZulu-Natal,Ward 52901002,KZN291,4714,0.5214255409418753,False,8.458292083496076,0.46209824412837774,2021,-0.14881449634547028,0.09857841994872985
KwaZulu-Natal,Ward 52901003,KZN291,4465,0.4109742441209406,False,8.4040244933106,0.46900145017968614,2021,-0.15786953346070104,-0.01478375992939096
KwaZulu-Natal,Ward 52901004,KZN291,4574,0.4921294271972016,False,8.428143374582726,0.46392925123741985,2021,-0.1835209126200002,0.07194750410124207
KwaZulu-Natal,Ward 52901005,KZN291,4486,0.5499331252786447,False,8.408716715080153,0.46031652010732965,2021,-0.08455283434075656,0.041076815966581526
KwaZulu-Natal,Ward 52901006,KZN291,3761,0.5293804839138527,False,8.232440158470336,0.46160106019262914,2021,-0.08809018101443933,-0.019295958279009096
KwaZulu-Natal,Ward 52901007,KZN291,4556,0.4190079016681299,False,8.424200324567073,0.4684993465829868,2021,-0.16068027503174015,-0.013425725422260726
KwaZulu-Natal,Ward 52901008,KZN291,4470,0.525503355704698,False,8.405143687607614,0.4618433807057013,2021,-0.09133781159314114,-0.004232568500779688
KwaZulu-Natal,Ward 52901009,KZN291,4596,0.4275456919060052,False,8.432941638968646,0.46796573469311964,2021,-0.23736584979576392,-0.03201347935973042
KwaZulu-Natal,Ward 52901010,KZN291,5008,0.4838258785942492,False,8.518791912779934,0.46444822302510436,2021,-0.15306591516028967,0.2122972645848462
KwaZulu-Natal,Ward 52901011,KZN291,4174,0.4935313847628174,False,8.336630087637147,0.46384162888956887,2021,-0.1825009694304564,0.7769263516389953
KwaZulu-Natal,Ward 52901012,KZN291,4027,0.4566674944127142,False,8.300776960851454,0.4661456220364503,2021,-0.19502819761295037,-0.2617781851512374
KwaZulu-Natal,Ward 52901013,KZN291,3205,0.4209048361934477,False,8.07246736935477,0.46838078817515444,2021,-0.1753843512665651,0.025271912987843814
KwaZulu-Natal,Ward 52901014,KZN291,3744,0.422542735042735,False,8.227909837597483,0.468278419497074,2021,-0.1761669423766199,-0.03380645161290319
KwaZulu-Natal,Ward 52901015,KZN291,3311,0.4032014497130776,False,8.105005537547246,0.4694872498301776,2021,-0.15433192600211632,0.0524475524475525
KwaZulu-Natal,Ward 52901016,KZN291,3440,0.3962209302325581,False,8.143226750367445,0.46992353229771006,2021,-0.18965431021811519,-0.0546853531189887
KwaZulu-Natal,Ward 52901017,KZN291,3691,0.375237063126524,False,8.213652703029998,0.4712350239918372,2021,-0.1764674823280215,0.04857954545454546
KwaZulu-Natal,Ward 52902001,KZN292,4425,0.5801129943502825,False,8.39502555744203,0.5341799096016897,2021,-0.09151321290630843,0.15505090054815973
KwaZulu-Natal,Ward 52902002,KZN292,4416,0.6281702898550725,False,8.392989587956931,0.5323315520822747,2021,-0.06831098142756087,0.0024971623155505274
KwaZulu-Natal,Ward 52902003,KZN292,4672,0.5299657534246576,False,8.449342524508063,0.5361086496372907,2021,-0.10527253830218375,-0.036104807097173564
KwaZulu-Natal,Ward 52902004,KZN292,5931,0.3776766143989209,False,8.687948111838727,0.5419659242152036,2021,-0.27289451748062216,0.026479750778816147
KwaZulu-Natal,Ward 52902005,KZN292,4776,0.5981993299832495,False,8.471358655072438,0.5334842813081141,2021,-0.11672115645267189,0.11693171188026197
KwaZulu-Natal,Ward 52902006,KZN292,4370,0.4869565217391304,False,8.382518288089635,0.5377628508559648,2021,-0.18949230686752805,0.07768187422934658
KwaZulu-Natal,Ward 52902007,KZN292,3750,0.6104,False,8.229511118964457,0.5330150247690082,2021,-0.08211870324189519,-0.06483790523690769
KwaZulu-Natal,Ward 52902008,KZN292,4193,0.4994037681850704,False,8.341171747170762,0.537284110608044,2021,-0.04363939554774854,0.011092355919942065
KwaZulu-Natal,Ward 52902009,KZN292,4385,0.5491448118586089,False,8.385944904806284,0.5353709935436771,2021,-0.1733618938229322,0.06925140209704961
KwaZulu-Natal,Ward 52902010,KZN292,4801,0.5319725057279734,False,8.476579508530941,0.5360314668563939,2021,-0.08069317910265994,0.414138438880707
KwaZulu-Natal,Ward 52902011,KZN292,5021,0.5887273451503684,False,8.521384396034705,0.533848588417071,2021,-0.14082154325886964,0.0837470321605871
KwaZulu-Natal,Ward 52902012,KZN292,4227,0.4572983203217411,False,8.34924780056679,0.5389035509104798,2021,-0.1966326128156578,0.03526818515797214
KwaZulu-Natal,Ward 52902013,KZN292,5343,0.50945161894067,False,8.583542571957771,0.5368976548097517,2021,-0.06561006259282776,0.014044410704118437
KwaZulu-Natal,Ward 52902014,KZN292,4348,0.4882704691812327,False,8.3774712482411,0.537712314415884,2021,-0.16582943656806043,0.024505183788878337
KwaZulu-Natal,Ward 52902015,KZN292,5691,0.4860305745914602,False,8.646641258603124,0.5377984642077982,2021,-0.15395500319833605,0.025959978366684622
KwaZulu-Natal,Ward 52902016,KZN292,6026,0.5262197145701958,False,8.703838719690246,0.53625272805477,2021,-0.06555243732853844,0.05942334739803101
KwaZulu-Natal,Ward 52902017,KZN292,4192,0.5104961832061069,False,8.340933226000878,0.5368574792610811,2021,-0.08769181226388179,-0.05050962627406563
KwaZulu-Natal,Ward 52902018,KZN292,4231,0.5454975183171827,False,8.350193650720067,0.5355112740645013,2021,-0.14711925717252095,0.06253139126067309
KwaZulu-Natal,Ward 52902019,KZN292,5159,0.4485365380887769,False,8.54849804124465,0.5392405425348245,2021,-0.11426346191122305,0.03180000000000005
KwaZulu-Natal,Ward 52902020,KZN292,4456,0.5866247755834829,False,8.40200678160712,0.5339294564773358,2021,-0.04955199728393744,0.14491264131551906
KwaZulu-Natal,Ward 52902021,KZN292,4031,0.5241875465145125,False,8.301769763117166,0.5363308883646039,2021,-0.20723203665497236,-0.2074321667322061
KwaZulu-Natal,Ward 52902022,KZN292,6010,0.6670549084858569,False,8.701180027529253,0.5308359898272446,2021,-0.11131653840450428,0.284462491985467
KwaZulu-Natal,Ward 52902023,KZN292,4604,0.5682015638575152,False,8.434680769841773,0.5346380415437192,2021,-0.12224828864985948,-0.15117994100294985
KwaZulu-Natal,Ward 52902024,KZN292,4525,0.4974585635359116,False,8.417372856134026,0.5373589261714732,2021,-0.2010122527466643,-0.025414602627611416
KwaZulu-Natal,Ward 52902025,KZN292,4186,0.534878165312948,False,8.339500903005945,0.5359197107185103,2021,-0.135088831386722,0.06270627062706269
KwaZulu-Natal,Ward 52902026,KZN292,3474,0.5089234312032239,False,8.153061946801051,0.5369179697227304,2021,-0.13668519745625218,0.07057010785824347
KwaZulu-Natal,Ward 52902027,KZN292,4134,0.6289308176100629,False,8.327000740241713,0.532302301014775,2021,-0.05291200081812142,0.12032520325203255
KwaZulu-Natal,Ward 52903001,KZN293,3369,0.5126150192935589,False,8.122371243406553,0.5481084283799841,2021,-0.09909801145314678,-0.013469985358711578
KwaZulu-Natal,Ward 52903002,KZN293,3486,0.4997131382673551,False,8.156510226079966,0.5488251995481065,2021,-0.13140731832621655,0.04716130970261334
KwaZulu-Natal,Ward 52903003,KZN293,4185,0.5665471923536439,False,8.339261982923576,0.5451121965433127,2021,-0.053781233467420586,0.184881087202718
KwaZulu-Natal,Ward 52903004,KZN293,3231,0.5215103683070257,False,8.080546965824498,0.5476142423236804,2021,-0.097262414196012,-0.018529769137302532
KwaZulu-Natal,Ward 52903005,KZN293,3888,0.5694444444444444,False,8.265650165580329,0.5449512380938237,2021,-0.009529914529914585,-0.003076923076923088
KwaZulu-Natal,Ward 52903006,KZN293,3220,0.458695652173913,False,8.077136638538454,0.5511039487755199,2021,-0.17610686642940693,-0.07842014882655979
KwaZulu-Natal,Ward 52903007,KZN293,3079,0.5972718415069828,False,8.0323601479245,0.5434052715903495,2021,-0.03411622311550322,0.01516650181338619
KwaZulu-Natal,Ward 52903008,KZN293,3849,0.5723564562223954,False,8.255568653283746,0.5447894596617153,2021,-0.10155658725586547,0.020413573700954313
KwaZulu-Natal,Ward 52903009,KZN293,3985,0.5091593475533249,False,8.290292591224315,0.5483004101433304,2021,-0.1287586811114978,0.002011566507417628
KwaZulu-Natal,Ward 52903010,KZN293,3478,0.6135710178263369,False,8.154212694914229,0.5424997617948297,2021,-0.045249092606676755,0.010752688172043001
KwaZulu-Natal,Ward 52903011,KZN293,3428,0.6837806301050176,False,8.13973227971767,0.5385992277793474,2021,-0.04248295043348027,-0.19036372224846476
KwaZulu-Natal,Ward 52903012,KZN293,4980,0.5897590361445784,False,8.513185170018698,0.5438226496660385,2021,-0.1440413141181187,0.0901926444833625
KwaZulu-Natal,Ward 52903013,KZN293,3841,0.5243426191096069,False,8.253488028345904,0.5474568950568703,2021,-0.11679181590602505,-0.14225100491290754
KwaZulu-Natal,Ward 52903014,KZN293,4288,0.482509328358209,False,8.363575702750637,0.5497809667652813,2021,-0.16867464249789305,-0.023679417122040025
KwaZulu-Natal,Ward 52903015,KZN293,4376,0.4849177330895795,False,8.383890344101816,0.5496471665024274,2021,-0.14222882066247883,0.02940484591860737
KwaZulu-Natal,Ward 52903016,KZN293,3750,0.66,False,8.229511118964457,0.5399203738962929,2021,0.01266370699223085,0.040510543840177604
KwaZulu-Natal,Ward 52903017,KZN293,4082,0.5024497795198433,False,8.31434234336979,0.5486731639229683,2021,-0.09350224446816269,0.019990004997501254
KwaZulu-Natal,Ward 52903018,KZN293,4578,0.4491044124071647,False,8.429017500512511,0.5516367954292282,2021,-0.16805643776339418,0.20125951193912361
KwaZulu-Natal,Ward 52903019,KZN293,4275,0.5808187134502923,False,8.360539381370861,0.5443193342601655,2021,-0.06966672344291158,-0.011789181692094308
KwaZulu-Natal,Ward 52904001,KZN294,4133,0.5206871521896927,False,8.326758814511733,0.5499156760434631,2021,-0.0761221298987772,-0.0009668842156151936
KwaZulu-Natal,Ward 52904002,KZN294,4706,0.5648108797280068,False,8.456593569287309,0.5455033032896318,2021,-0.06631366160590213,0.01575652924670834
KwaZulu-Natal,Ward 52904003,KZN294,3607,0.5528139728306072,False,8.19063168090354,0.5467029939793717,2021,-0.06276462061293442,0.010647240123283774
KwaZulu-Natal,Ward 52904004,KZN294,3863,0.5819311415997929,False,8.259199362666282,0.5437912771024531,2021,-0.08718650545903062,-0.25251547987616096
KwaZulu-Natal,Ward 52904005,KZN294,4480,0.5287946428571428,False,8.40737832540903,0.5491049269767181,2021,-0.1440485529986053,-0.10739191073919108
KwaZulu-Natal,Ward 52904006,KZN294,3696,0.5633116883116883,False,8.215006432761575,0.5456532224312636,2021,-0.061291318251936455,-0.2174465382172348
KwaZulu-Natal,Ward 52904007,KZN294,4126,0.5227823557925352,False,8.325063693631197,0.5497061556831789,2021,-0.07369543900072673,0.05308831036242978
KwaZulu-Natal,Ward 52904008,KZN294,4581,0.5802226588081205,False,8.429672593886743,0.5439621253816205,2021,-0.011057409920401828,-0.016108247422680466
KwaZulu-Natal,Ward 52904009,KZN294,4674,0.5682498930252461,False,8.449770515098804,0.5451594019599078,2021,-0.05516306156911588,0.005810200129115595
KwaZulu-Natal,Ward 52904010,KZN294,4282,0.5032695002335358,False,8.362175469149628,0.5516574412390789,2021,-0.10034721146881298,-0.10995635003117854
KwaZulu-Natal,Ward 52904011,KZN294,3670,0.5329700272479564,False,8.207946941048617,0.5486873885376368,2021,-0.09146111047659455,-0.1209580838323353
KwaZulu-Natal,Ward 54303001,KZN433,4078,0.4644433545855811,False,8.3133619511344,0.4632879527493711,2021,-0.050808477998954216,-0.035705840624261076
KwaZulu-Natal,Ward 54303002,KZN433,4306,0.5582907570831398,False,8.367764677924308,0.4498811809640056,2021,-0.04788394171204091,0.08082329317269066
KwaZulu-Natal,Ward 54303003,KZN433,4628,0.3977960242005185,False,8.439880088313567,0.4728089999472372,2021,-0.05790563563996437,-0.0023712006898037874
KwaZulu-Natal,Ward 54303004,KZN433,4061,0.4988918985471559,False,8.309184527686298,0.4583667321834319,2021,-0.025622912484509097,0.03702757916241062
KwaZulu-Natal,Ward 54303005,KZN433,3526,0.4665343165059558,False,8.167919362957816,0.4629892439036033,2021,-0.032448537315607706,0.02470212147631501
KwaZulu-Natal,Ward 54303006,KZN433,3782,0.5343733474352195,False,8.238008249218403,0.4532979537708513,2021,-0.09855927766961703,0.057310595471065096
KwaZulu-Natal,Ward 54303007,KZN433,6816,0.369131455399061,False,8.827028068509152,0.47690393834744543,2021,-0.1286541956195395,0.5093002657218777
KwaZulu-Natal,Ward 54303008,KZN433,3756,0.4179978700745474,False,8.231109840328154,0.4699230219652331,2021,-0.10721998046677822,-0.008185899128597796
KwaZulu-Natal,Ward 54304001,KZN434,3689,0.5855245323936026,False,8.213110697596676,0.5280710674474854,2021,-0.0754732000327013,0.045634920634920695
KwaZulu-Natal,Ward 54304002,KZN434,4152,0.4655587668593449,False,8.331345424845724,0.5389770461324179,2021,-0.10715986431936236,-0.013307984790874472
KwaZulu-Natal,Ward 54304003,KZN434,4824,0.5536898839137645,False,8.481358738407021,0.5309651264001979,2021,-0.1497737579740216,-0.02288839376139351
KwaZulu-Natal,Ward 54304004,KZN434,4725,0.484021164021164,False,8.460622839927844,0.5372986463904343,2021,-0.13651083930385677,-0.01807980049875313
KwaZulu-Natal,Ward 54304005,KZN434,3874,0.5699535363964894,False,8.262042843966942,0.5294866125381321,2021,-0.08006003949273133,0.05185989682324199
KwaZulu-Natal,Ward 54304006,KZN434,4065,0.5107011070110701,False,8.310169021981912,0.5348731970277156,2021,-0.11420907262964852,-0.026347305389221587
KwaZulu-Natal,Ward 54304007,KZN434,4288,0.4342350746268656,False,8.363575702750637,0.5418246545171888,2021,-0.16737968892561417,-0.010841983852364456
KwaZulu-Natal,Ward 54304008,KZN434,4449,0.4598786244099798,False,8.400434630806041,0.5394934227187238,2021,-0.1753555914759673,-0.09389002036659877
KwaZulu-Natal,Ward 54304009,KZN434,3731,0.6588046100241223,False,8.224431573221159,0.5214092422083472,2021,-0.03189912585771959,0.08050970170865912
KwaZulu-Natal,Ward 54304010,KZN434,4247,0.5837061455144809,False,8.353968130313271,0.5282363753455873,2021,-0.03477534597430598,0.14752769521750886
KwaZulu-Natal,Ward 54304011,KZN434,4289,0.5700629517370016,False,8.36380888451688,0.5294766656889945,2021,-0.12003513327000448,0.0016347501167679468
KwaZulu-Natal,Ward 54304012,KZN434,4568,0.5181698774080561,False,8.426830751335846,0.5341942179007169,2021,-0.1498993138027901,0.06778868630201029
KwaZulu-Natal,Ward 54305001,KZN435,4318,0.5900880037054191,False,8.370547611074752,0.49589720354398087,2021,0.09125005737117026,-0.08768223114303819
KwaZulu-Natal,Ward 54305002,KZN435,4474,0.4472507822977201,False,8.406038142050075,0.5034149520391229,2021,-0.007926122412503511,-0.02886911222053401
KwaZulu-Natal,Ward 54305003,KZN435,4366,0.5027485112230875,False,8.38160253710989,0.5004940189377878,2021,-0.08129267281809649,0.12380952380952381
KwaZulu-Natal,Ward 54305004,KZN435,4308,0.5659238625812442,False,8.36822903827628,0.4971690004452533,2021,0.018901558603318214,-0.009427454587261463
KwaZulu-Natal,Ward 54305005,KZN435,3551,0.5468882005068995,False,8.174984532943087,0.49817087739653454,2021,-0.09364354121854823,-0.03662506782419972
KwaZulu-Natal,Ward 54305006,KZN435,4035,0.5234200743494424,False,8.302761580704049,0.4994060419311376,2021,-0.05742141810887991,0.06774278909764497
KwaZulu-Natal,Ward 54305007,KZN435,3857,0.558983666061706,False,8.257644958208228,0.4975342739462815,2021,-0.06352087114337568,0.0
KwaZulu-Natal,Ward 54305008,KZN435,4144,0.4756274131274131,False,8.329416783939319,0.5019214451533497,2021,-0.14383101006932786,-0.00694943685597893
KwaZulu-Natal,Ward 54305009,KZN435,3483,0.481768590295722,False,8.155649270366002,0.501598225302386,2021,-0.11834111897471139,-0.04470652770159078
KwaZulu-Natal,Ward 54305010,KZN435,4382,0.5447284345047924,False,8.385260520155413,0.4982845492913823,2021,-0.05706666181744935,-0.04071803852889666
KwaZulu-Natal,Ward 54305011,KZN435,3903,0.4363310274148091,False,8.269500767180615,0.5039896759803287,2021,-0.12584830314956907,-0.04642071829953576
KwaZulu-Natal,Ward 54305012,KZN435,3747,0.5014678409394182,False,8.228710798793687,0.5005614226369284,2021,-0.08169384804101432,-0.03527291452111225
KwaZulu-Natal,Ward 54305013,KZN435,4409,0.475391245180313,False,8.391403185357937,0.5019338750453022,2021,-0.12530400395062563,0.02178447276940898
KwaZulu-Natal,Ward 54305014,KZN435,4191,0.4946313528990694,False,8.340694647925071,0.5009212377969466,2021,-0.11858253287920612,-0.061366181410974274
KwaZulu-Natal,Ward 54305015,KZN435,4739,0.5357670394598016,False,8.463581421967588,0.4987562016621712,2021,-0.0903518496841047,0.087675005737893
KwaZulu-Natal,Ward 54305016,KZN435,4932,0.3388077858880778,False,8.503499864284235,0.5091224781659462,2021,-0.17623613113677739,-0.07830312091197911
KwaZulu-Natal,Ward 54305017,KZN435,4610,0.4362255965292841,False,8.435983135990694,0.5039952249743037,2021,-0.17561381354855282,-0.055714870954526874
KwaZulu-Natal,Ward 54305018,KZN435,3655,0.53406292749658,False,8.203851372183879,0.49884589176549876,2021,-0.07792529835303197,-0.02194273481402198
KwaZulu-Natal,Ward 54305019,KZN435,2641,0.5308595229079894,False,7.878912912297133,0.49901449200700343,2021,-0.06866022095540436,-0.2953575240128068
KwaZulu-Natal,Ward 54305020,KZN435,4583,0.491162993672267,False,8.430109084509125,0.5011037830194099,2021,-0.12529218438749556,-0.0620139173147769
Limpopo,Ward 93301001,LIM331,4274,0.5301824988301357,False,8.360305435879093,0.4847707530527988,2021,0.03454467756156698,0.007781183683093662
Limpopo,Ward 93301002,LIM331,3615,0.5103734439834025,False,8.192847134592865,0.48545382390958275,2021,-0.00609810515898801,-0.015790906615845368
Limpopo,Ward 93301003,LIM331,3763,0.3988838692532553,False,8.232971790593437,0.48929829200372577,2021,-0.0968703765009904,-0.06018981018981018
Limpopo,Ward 93301004,LIM331,3755,0.485219707057257,False,8.230843564198235,0.4863211941484154,2021,-0.00897860517902993,-0.009757383966244704
Limpopo,Ward 93301005,LIM331,4105,0.5059683313032887,False,8.31996102188653,0.4856057243468281,2021,-0.05750948352102525,0.052834060015388484
Limpopo,Ward 93301006,LIM331,4178,0.5689325035902346,False,8.33758794211651,0.4834345459921058,2021,-0.011840308327828675,-0.02746741154562382
Limpopo,Ward 93301007,LIM331,4553,0.5049417966176147,False,8.423541635334782,0.4856411220946099,2021,-0.06524730238127296,0.012903225806451646
Limpopo,Ward 93301008,LIM331,4054,0.5357671435619141,False,8.307459327011946,0.4845781790965306,2021,-0.019841907954696314,-0.02407318247472312
Limpopo,Ward 93301009,LIM331,3781,0.4120603015075377,False,8.237743803890933,0.48884393227081946,2021,-0.11980616283237122,-0.043753161355589265
Limpopo,Ward 93301010,LIM331,4125,0.526060606060606,False,8.324821298768782,0.48491288728623094,2021,-0.06252648589055276,0.027909294791926165
Limpopo,Ward 93301011,LIM331,3946,0.4460212873796249,False,8.28045768658256,0.48767286379247166,2021,-0.0970799943494528,-0.00829354109072633
Limpopo,Ward 93301012,LIM331,4343,0.4681096016578402,False,8.376320632534823,0.486911197782878,2021,-0.05209612942224795,0.06367866764633856
Limpopo,Ward 93301013,LIM331,5048,0.4057052297939778,False,8.52674740422105,0.48906307267473537,2021,-0.15978672376071773,0.028315339172947596
Limpopo,Ward 93301014,LIM331,4650,0.4419354838709677,False,8.444622498581403,0.48781375356863227,2021,-0.08753776027618954,-0.028010033444816007
Limpopo,Ward 93301015,LIM331,3825,0.4920261437908497,False,8.249313746260636,0.4860864894334639,2021,-0.057199374717945284,0.004200577579417164
Limpopo,Ward 93301016,LIM331,3617,0.5142383190489356,False,8.193400231952097,0.48532055235559884,2021,-0.07513712962299546,-0.1344819334769084
Limpopo,Ward 93301017,LIM331,4149,0.5545914678235719,False,8.330622620332868,0.48392906446681827,2021,-0.0012497204083617985,0.18508997429305918
Limpopo,Ward 93301018,LIM331,5115,0.5098729227761486,False,8.539932678385727,0.485471083261557,2021,-0.0730867184794568,-0.002729576915578069
Limpopo,Ward 93301019,LIM331,4128,0.4256298449612403,False,8.325548307161398,0.48837601697931254,2021,-0.10300315996486814,0.270935960591133
Limpopo,Ward 93301020,LIM331,3880,0.4461340206185567,False,8.263590432617319,0.48766897643940504,2021,-0.08071829166388983,-0.03530581800099453
Limpopo,Ward 93301021,LIM331,4296,0.5162942271880819,False,8.3654396361887,0.48524965897149036,2021,-0.07745577281191807,0.009398496240601517
Limpopo,Ward 93301022,LIM331,3885,0.4401544401544401,False,8.264878262801748,0.4878751688692021,2021,-0.09247929416856987,-0.005630918863578138
Limpopo,Ward 93301023,LIM331,3939,0.4869256156384869,False,8.278682162970906,0.48626236971457987,2021,-0.12565414735148572,-0.10232452142206017
Limpopo,Ward 93301024,LIM331,4275,0.4912280701754385,False,8.360539381370861,0.48611400921330566,2021,-0.05943964388583406,0.11940298507462677
Limpopo,Ward 93301025,LIM331,4399,0.5526255967265288,False,8.389132521348719,0.483996853125337,2021,0.02428962923951139,-0.006773538044705374
Limpopo,Ward 93301026,LIM331,4088,0.5244618395303327,False,8.31581113188354,0.4849680171665852,2021,-0.07138982608877487,-0.14351560863188773
Limpopo,Ward 93301027,LIM331,4085,0.5140758873929009,False,8.315077007294104,0.48532615344718627,2021,-0.039083963908214336,0.012391573729863659
Limpopo,Ward 93301028,LIM331,3975,0.4213836477987421,False,8.287780027088433,0.4885224375711228,2021,-0.11196646546579353,0.0005033979360684615
Limpopo,Ward 93301029,LIM331,4830,0.5037267080745341,False,8.482601746646619,0.48568302169954375,2021,-0.01973473969721784,0.13888233907097391
Limpopo,Ward 93301030,LIM331,3967,0.4550037811948575,False,8.28576542051433,0.4873631226264291,2021,-0.11027286094196453,0.08122104115562823
Limpopo,Ward 93302001,LIM332,3824,0.5086297071129707,False,8.249052274171293,0.5070864214897066,2021,-0.031233618627348192,-0.03214376107314609
Limpopo,Ward 93302002,LIM332,3104,0.4919458762886597,False,8.04044688130311,0.5076822725905749,2021,-0.04439872436943182,-0.07149267125336523
Limpopo,Ward 93302003,LIM332,3460,0.507514450867052,False,8.14902386805177,0.507126252069918,2021,-0.016234353723320938,0.10296461587503991
Limpopo,Ward 93302004,LIM332,3599,0.5143095304251181,False,8.188411308079031,0.50688357065713,2021,-0.02132458854233421,0.009820426487093137
Limpopo,Ward 93302005,LIM332,3606,0.4844703272323905,False,8.190354403763262,0.5079492564854416,2021,0.01690192883091496,0.108515216723025
Limpopo,Ward 93302006,LIM332,3768,0.4843418259023354,False,8.234299635696253,0.5079538458186579,2021,-0.015398028416082898,-0.019771071800208095
Limpopo,Ward 93302007,LIM332,3699,0.4922952149229521,False,8.215817791832453,0.5076697962107787,2021,-0.045672699515550585,-0.010962566844919808
Limpopo,Ward 93302008,LIM332,3162,0.497786211258697,False,8.058960017769417,0.5074736891987878,2021,-0.03916860723177046,-0.17419691825541916
Limpopo,Ward 93302009,LIM332,3813,0.5040650406504065,False,8.246171559857563,0.507249445291941,2021,0.00285698695913128,0.023624161073825478
Limpopo,Ward 93302010,LIM332,3720,0.439247311827957,False,8.221478947267192,0.5095643641784571,2021,-0.06611256566055751,-0.050535987748851485
Limpopo,Ward 93302011,LIM332,3507,0.4947248360422013,False,8.162516250140179,0.5075830240279484,2021,-0.02631549125177879,0.024839275277615425
Limpopo,Ward 93302012,LIM332,3726,0.4675254965110038,False,8.223090551161533,0.5085544290112055,2021,-0.017345352197483233,-0.08339483394833946
Limpopo,Ward 93302013,LIM332,3805,0.5474375821287779,False,8.244071270295786,0.5057004259534278,2021,0.012499512486338071,-0.11077354522084604
Limpopo,Ward 93302014,LIM332,4006,0.4755366949575637,False,8.295548516225763,0.5082683147809711,2021,-0.013804997832404908,0.2557993730407524
Limpopo,Ward 93302015,LIM332,4204,0.5418648905803997,False,8.343791731996841,0.5058994506515841,2021,0.013572451922412632,0.05257886830245373
Limpopo,Ward 93302016,LIM332,3335,0.5637181409295352,False,8.112227958349724,0.5051189774248294,2021,0.045111017059253466,-0.11350345560871877
Limpopo,Ward 93302017,LIM332,3907,0.4714614793959559,False,8.27052509505507,0.5084138581938857,2021,-0.0165670483676712,-0.0048395313295975795
Limpopo,Ward 93302018,LIM332,3462,0.5797227036395147,False,8.149601735736155,0.5045473858994729,2021,0.05429897482595536,0.011689070718877925
Limpopo,Ward 93302019,LIM332,4198,0.5014292520247737,False,8.342363500380579,0.5073435805999994,2021,-0.007522154624842625,0.19295254333617495
Limpopo,Ward 93302020,LIM332,3943,0.5155972609688054,False,8.279697133877628,0.5068375802805697,2021,0.04879440090751841,0.006894790602655743
Limpopo,Ward 93302021,LIM332,3599,0.5198666296193387,False,8.188411308079031,0.5066851028287649,2021,0.010415410107143641,0.09725609756097553
Limpopo,Ward 93302022,LIM332,3784,0.5644820295983086,False,8.238536930171769,0.5050916956866588,2021,-0.010381854249241318,-0.14156079854809434
Limpopo,Ward 93302023,LIM332,4147,0.4704605739088497,False,8.330140460246382,0.5084496048184252,2021,-0.05952054034988491,-0.021010387157695987
Limpopo,Ward 93302024,LIM332,4056,0.5325443786982249,False,8.30795254527102,0.5062323260759476,2021,0.1686852669064945,0.24226646248085748
Limpopo,Ward 93302025,LIM332,3856,0.4745850622406639,False,8.257385655730436,0.5083023016637176,2021,-0.05056983243095947,-0.044361833952912044
Limpopo,Ward 93302026,LIM332,3367,0.4692604692604692,False,8.121777419161074,0.5084924656987245,2021,-0.07458164915072235,-0.15888083937047215
Limpopo,Ward 93302027,LIM332,3717,0.5986010223298359,False,8.220672170297252,0.5038731602319614,2021,0.02672845045726402,-0.037296037296037254
Limpopo,Ward 93302028,LIM332,3264,0.5174632352941176,False,8.090708716083997,0.5067709383403799,2021,0.0009268552580382616,-0.01864101022248943
Limpopo,Ward 93302029,LIM332,3377,0.4761622742078768,False,8.124743020385568,0.5082459726648886,2021,-0.019430560594511592,-0.03980665339778222
Limpopo,Ward 93303001,LIM333,5818,0.4202475077346167,False,8.668711839055147,0.43709274680796256,2021,-0.06584173111052766,0.018022747156605456
Limpopo,Ward 93303002,LIM333,5724,0.4743186582809224,False,8.652423140676342,0.4354542270944382,2021,-0.053226601598384604,0.11426902861592358
Limpopo,Ward 93303003,LIM333,5093,0.4934223443942666,False,8.535622326884605,0.43487532751524594,2021,-0.0962884720300824,-0.18629173989455183
Limpopo,Ward 93303004,LIM333,5341,0.4787492978842913,False,8.58316818033977,0.43531996528827543,2021,-0.009878728528034453,-0.020359501100513544
Limpopo,Ward 93303005,LIM333,5679,0.4053530551153372,False,8.644530439877432,0.43754409385703164,2021,-0.11370699710398396,-0.011488250652741505
Limpopo,Ward 93303006,LIM333,5194,0.4341547939930689,False,8.555259392222693,0.4366713138910398,2021,-0.10433635304311284,-0.00038491147036179285
Limpopo,Ward 93303007,LIM333,5316,0.4189240030097818,False,8.578476419833136,0.4371328530117455,2021,-0.07244730892193091,-0.013546112451289671
Limpopo,Ward 93303008,LIM333,5047,0.4034079651277987,False,8.526549286340263,0.43760303597786615,2021,-0.07223008591628483,-0.024168600154679032
Limpopo,Ward 93303009,LIM333,5771,0.4377057702304626,False,8.660600654710967,0.43656370855051274,2021,-0.06211107958638723,0.05695970695970698
Limpopo,Ward 93303010,LIM333,4999,0.4492898579715943,False,8.51699317141357,0.4362126755886602,2021,-0.08261269423258205,-0.03344934261407584
Limpopo,Ward 93303011,LIM333,5209,0.474947206757535,False,8.558143177745192,0.43543518017090443,2021,-0.07945892351066419,-0.0021072796934865634
Limpopo,Ward 93303012,LIM333,5198,0.434397845325125,False,8.556029215201436,0.4366639486991593,2021,-0.059034814937568625,0.019015879239364875
Limpopo,Ward 93303013,LIM333,5153,0.3700756840675335,False,8.547334348328224,0.4386131051009045,2021,-0.10953022726251571,0.015369458128078772
Limpopo,Ward 93303014,LIM333,5914,0.4761582685153872,False,8.685077700412423,0.4353984813297574,2021,-0.12996898992923184,-0.07085624509033783
Limpopo,Ward 93303015,LIM333,5471,0.4713946262109303,False,8.607216694063826,0.4355428341268622,2021,-0.08543719275015316,-0.06206068918223895
Limpopo,Ward 93303016,LIM333,5724,0.4046121593291404,False,8.652423140676342,0.4375665452444922,2021,-0.1148543150760507,0.03172314347512617
Limpopo,Ward 93303017,LIM333,5104,0.4088949843260188,False,8.537779825024625,0.4374367626688292,2021,-0.004634646684044508,-0.048825941110696935
Limpopo,Ward 93303018,LIM333,5347,0.3775949130353469,False,8.584290934948731,0.4383852496776374,2021,-0.16568526919699927,0.01499620349278663
Limpopo,Ward 93303019,LIM333,4773,0.4106432013408758,False,8.470730317005897,0.43738378639565173,2021,-0.10232339983790611,-0.062278978388997985
Limpopo,Ward 93303020,LIM333,4767,0.3387874973778057,False,8.469472455204826,0.4395612319702902,2021,-0.1316273267957045,0.0037902716361339905
Limpopo,Ward 93303021,LIM333,4556,0.3933274802458297,False,8.424200324567073,0.4379085052167137,2021,-0.10367051841994751,0.013119857682899694
Limpopo,Ward 93303022,LIM333,5674,0.4497708847373987,False,8.643649615368796,0.43619809901999945,2021,-0.033167694146583604,0.13890004014452018
Limpopo,Ward 93303023,LIM333,4567,0.4184366104663893,False,8.426611813185,0.4371476224827573,2021,-0.08620401116106596,-0.014245629181955488
Limpopo,Ward 93303024,LIM333,5452,0.4057226705796038,False,8.603737792816423,0.4375328933884175,2021,-0.12185865898192377,-0.036067892503536036
Limpopo,Ward 93303025,LIM333,4734,0.3888888888888889,False,8.46252579007393,0.4380430079851058,2021,-0.10350144235551578,-0.1523724261414503
Limpopo,Ward 93303026,LIM333,4515,0.4790697674418605,False,8.415160465851086,0.43531025408956125,2021,-0.06728216388861163,-0.0311158798283262
Limpopo,Ward 93303027,LIM333,5232,0.3922018348623853,False,8.562548893137034,0.4379426156828787,2021,-0.13226355114703842,-0.05183037332366802
Limpopo,Ward 93303028,LIM333,5634,0.410010649627263,False,8.636574948436317,0.4374029546293975,2021,-0.04616912565363579,-0.02610198789974072
Limpopo,Ward 93303029,LIM333,4783,0.3888772736776082,False,8.472823243680297,0.43804335996120525,2021,-0.12115197830734786,-0.0006268282490597965
Limpopo,Ward 93303030,LIM333,4585,0.4495092693565976,False,8.430545384690566,0.4362060267588116,2021,-0.05940519690384022,0.034755134281200695
Limpopo,Ward 93303031,LIM333,5655,0.4870026525198939,False,8.640295388550221,0.4350698636326511,2021,-0.04269018024461119,-0.03498293515358364
Limpopo,Ward 93303032,LIM333,4761,0.5101869355177484,False,8.46821300919452,0.43436730960241315,2021,0.0391839789564567,0.08278371617011593
Limpopo,Ward 93303033,LIM333,4817,0.4942910525223168,False,8.479906606630221,0.4348490030265171,2021,-0.03708465141975886,-0.03117457763475462
Limpopo,Ward 93303034,LIM333,5307,0.5939325419257584,False,8.576781982827894,0.43182956395368555,2021,0.016835889048737007,-0.002068446784505462
Limpopo,Ward 93304001,LIM334,4288,0.3805970149253731,False,8.363575702750637,0.43455428743534497,2021,-0.11457983394922489,0.1489817792068595
Limpopo,Ward 93304002,LIM334,4001,0.4266433391652087,False,8.294299608857235,0.4318456801271194,2021,-0.14854463075960334,-0.11521450685537371
Limpopo,Ward 93304003,LIM334,3973,0.3730178706267304,False,8.287276755814599,0.43500011945291217,2021,-0.09672938492598848,0.014296655603778463
Limpopo,Ward 93304004,LIM334,3285,0.3582952815829528,False,8.09712193091871,0.43586615410254614,2021,-0.05931645957782106,0.09573048699132758
Limpopo,Ward 93304005,LIM334,3444,0.3254936120789779,False,8.144388865547622,0.43779566407336823,2021,-0.09168251601418076,0.0026200873362445254
Limpopo,Ward 93304006,LIM334,3844,0.4284599375650364,False,8.254268770090183,0.4317388213977177,2021,-0.06816267623819405,0.12892804698972093
Limpopo,Ward 93304007,LIM334,3855,0.4031128404669261,False,8.25712628599743,0.43322982710937125,2021,-0.11927922174814498,0.03378921962992765
Limpopo,Ward 93304008,LIM334,4572,0.4175415573053368,False,8.427706024914702,0.43238107906005296,2021,-0.09328967695159018,0.15163727959697737
Limpopo,Ward 93304009,LIM334,4043,0.4857778877071481,False,8.304742269640771,0.42836717727171114,2021,-0.09378743829834785,0.009992505620784353
Limpopo,Ward 93304010,LIM334,3724,0.6232545649838883,False,8.222553638396958,0.4202803139024911,2021,0.05012584591091618,0.1663012840588789
Limpopo,Ward 93304011,LIM334,4084,0.3702252693437806,False,8.314832179284556,0.4351643901166151,2021,-0.10588517483389043,-0.019447779111644636
Limpopo,Ward 93304012,LIM334,3542,0.4946357989836251,False,8.17244681834278,0.42784612366721253,2021,-0.12258908139915003,-0.003095975232198178
Limpopo,Ward 93304013,LIM334,3894,0.4424756034925526,False,8.267192185932146,0.430914370460805,2021,-0.04838445044811268,0.16691639196883434
Limpopo,Ward 93304014,LIM334,4370,0.3997711670480549,False,8.382518288089635,0.43342639613401074,2021,-0.04454336086775923,0.27740426775796556
Limpopo,Ward 93304015,LIM334,4447,0.4333258376433551,False,8.399984990510696,0.431452591981346,2021,-0.07777294149094016,0.23390677025527196
Limpopo,Ward 93304016,LIM334,4203,0.3556983107304306,False,8.343553835005117,0.436018917093871,2021,-0.1411184777628492,-0.008960150907804776
Limpopo,Ward 93304017,LIM334,4148,0.5658148505303761,False,8.330381569349418,0.4236591206350506,2021,-0.022626953412373085,0.12017283283823921
Limpopo,Ward 93304018,LIM334,3939,0.4838791571464839,False,8.278682162970906,0.42847886730469137,2021,-0.043883789997135936,0.051521623064602284
Limpopo,Ward 93305001,LIM335,4091,0.4505010999755561,False,8.316544717929398,0.5932377100782568,2021,-0.04675164727719111,0.02172827172827163
Limpopo,Ward 93305002,LIM335,4125,0.5156363636363637,False,8.324821298768782,0.5882273051812716,2021,-0.03200906572651718,0.14265927977839343
Limpopo,Ward 93305003,LIM335,4243,0.6170162620787178,False,8.353025845202325,0.5804288514549367,2021,-0.013338695081624885,0.03867809057527549
Limpopo,Ward 93305004,LIM335,3647,0.6161228406909789,False,8.20166019080868,0.5804975761770704,2021,-0.01289589008900438,0.019569471624266255
Limpopo,Ward 93305005,LIM335,3657,0.616078753076292,False,8.204398418149381,0.5805009675320464,2021,0.008790123338682676,0.06618075801749268
Limpopo,Ward 93305006,LIM335,4156,0.6318575553416746,False,8.332308352219117,0.5792872135116323,2021,0.09331561648617426,0.08596812124379416
Limpopo,Ward 93305007,LIM335,3657,0.5942028985507246,False,8.204398418149381,0.5821837255724746,2021,0.016481955100880907,0.03921568627450989
Limpopo,Ward 93305008,LIM335,4587,0.6723348593852191,False,8.430981494597171,0.576173574739052,2021,0.05106927481688217,0.07904022582921666
Limpopo,Ward 93305009,LIM335,3621,0.5382491024578846,False,8.19450550976564,0.5864878637334623,2021,0.015477918356311293,-0.0005520287054926465
Limpopo,Ward 93305010,LIM335,3776,0.6099046610169492,False,8.236420527265391,0.5809758976904573,2021,0.10920023723560235,0.06396167934629471
Limpopo,Ward 93305011,LIM335,3452,0.5362108922363847,False,8.146709052203319,0.5866446491351162,2021,0.009676714468313086,-0.24612360777462328
Limpopo,Ward 93305012,LIM335,3892,0.5503597122302158,False,8.266678443305896,0.5855562783663599,2021,-0.006449726087301433,-0.0017953321364452268
Limpopo,Ward 93305013,LIM335,3867,0.6576157227825188,False,8.260234291607297,0.5773058160161827,2021,0.08371991304299442,0.0948471121177803
Limpopo,Ward 93305014,LIM335,4115,0.5565006075334143,False,8.32239411311117,0.5850839018045754,2021,0.014861263271119252,0.34918032786885256
Limpopo,Ward 93401001,LIM341,3187,0.4232820834640728,False,8.066835314417336,0.42327229977392006,2021,-0.1011273653548248,0.0037795275590550848
Limpopo,Ward 93401002,LIM341,3233,0.3229198886483143,False,8.081165777725433,0.4433447387370718,2021,-0.11702345412788961,-0.08413597733711053
Limpopo,Ward 93401003,LIM341,4120,0.4480582524271844,False,8.323608442343572,0.4183170659812977,2021,-0.12543777481458634,0.16912599318955723
Limpopo,Ward 93401004,LIM341,2755,0.4370235934664246,False,7.9211727215870145,0.4205239977734497,2021,-0.0970031524473941,-0.18127786032689452
Limpopo,Ward 93401005,LIM341,3349,0.4266945356822932,False,8.116417072794205,0.422589809330276,2021,-0.1577955065627279,0.010561255280627568
Limpopo,Ward 93401006,LIM341,4636,0.4816652286453839,False,8.441607204459642,0.41159567073765785,2021,-0.08199152962719042,0.3000560852495793
Limpopo,Ward 93403001,LIM343,4945,0.4084934277047523,False,8.506132244056813,0.41009596343473986,2021,-0.023838223973247308,0.08466769028295684
Limpopo,Ward 93403002,LIM343,4854,0.4732179645653069,False,8.487558386286548,0.4084363599254948,2021,0.005710078129975704,0.020820189274447953
Limpopo,Ward 93403003,LIM343,4972,0.4382542236524537,False,8.511577452630602,0.4093328661027475,2021,-0.044574885096524186,0.01635322976287812
Limpopo,Ward 93403004,LIM343,6139,0.4469783352337514,False,8.722417141427496,0.4091091709339963,2021,-0.009703315767474574,0.2543931344503474
Limpopo,Ward 93403005,LIM343,5044,0.4791831879460745,False,8.52595469708481,0.40828340547983416,2021,-0.02425535904740106,-0.11056251102098391
Limpopo,Ward 93403006,LIM343,5854,0.5030748206354629,False,8.674880467251832,0.40767079951343954,2021,0.026292497141591042,0.01052994993958234
Limpopo,Ward 93403007,LIM343,5547,0.3802055164954029,False,8.621012520055235,0.4108212944913899,2021,-0.013976443676404993,0.08297540023428351
Limpopo,Ward 93403008,LIM343,5802,0.4098586694243364,False,8.665957964681349,0.4100609572368018,2021,-0.07075374528693001,-0.03444832750873694
Limpopo,Ward 93403009,LIM343,5064,0.4443127962085308,False,8.529911963824013,0.4091775180884891,2021,-0.04231821983424988,0.04154668860551203
Limpopo,Ward 93403010,LIM343,4849,0.4916477624252423,False,8.486527777105353,0.4079638010060093,2021,0.017009478706632664,-0.19358057541992346
Limpopo,Ward 93403011,LIM343,5968,0.4058310991957105,False,8.694167141883597,0.410164228268305,2021,-0.057598913414630026,-0.059268600252206816
Limpopo,Ward 93403012,LIM343,4937,0.4051043143609479,False,8.504513138258863,0.4101828637768887,2021,-0.09997576140967374,-0.14981918374375758
Limpopo,Ward 93403013,LIM343,5943,0.5021033148241629,False,8.68996933536666,0.4076957099188575,2021,0.06310435757703053,0.03284671532846706
Limpopo,Ward 93403014,LIM343,5776,0.4439058171745152,False,8.661466680572662,0.40918795344833564,2021,-0.02073220322341157,-0.03427520481524826
Limpopo,Ward 93403015,LIM343,5215,0.3961649089165868,False,8.559294367434873,0.41041207930110307,2021,-0.058778990101646,-0.08572931276297335
Limpopo,Ward 93403016,LIM343,5717,0.4322196956445688,False,8.651199471263972,0.40948759759012915,2021,-0.044757122392903415,-0.09225150841537
Limpopo,Ward 93403017,LIM343,5711,0.4211171423568552,False,8.650149418664864,0.40977227844366026,2021,-0.039247029061206196,0.05039543866102636
Limpopo,Ward 93403018,LIM343,6289,0.3585625695659087,False,8.746557354543503,0.41137624184855637,2021,-0.08155600750919012,0.2428853754940712
Limpopo,Ward 93403019,LIM343,5332,0.4724306076519129,False,8.5814816812986,0.40845654856429986,2021,-0.05652372722565158,-0.11780277961614827
Limpopo,Ward 93403020,LIM343,5277,0.3888573052870949,False,8.571113033405668,0.41059945375314133,2021,-0.12555653199669753,-0.1548686739269699
Limpopo,Ward 93403021,LIM343,6056,0.3814398943196829,False,8.708804795117285,0.41078964377794674,2021,-0.0459428590842505,0.14523449319213322
Limpopo,Ward 93403022,LIM343,6203,0.1554086732226342,False,8.732788324973118,0.4165853161137685,2021,-0.28242837677007815,-0.0959043871155808
Limpopo,Ward 93403023,LIM343,6148,0.346779440468445,False,8.723882104658486,0.4116783733638759,2021,-0.0623515696771218,0.35597706219673575
Limpopo,Ward 93403024,LIM343,6483,0.3799167052290606,False,8.776938645174996,0.41082869990847554,2021,-0.04318722735520897,0.1381671348314606
Limpopo,Ward 93403025,LIM343,4946,0.3681763040841084,False,8.506334448081361,0.41112973583526913,2021,-0.04691115947274288,-0.09876093294460642
Limpopo,Ward 93403026,LIM343,5884,0.4022773623385452,False,8.679992081721329,0.41025534972618105,2021,-0.03139699174503369,0.020287844633258167
Limpopo,Ward 93403027,LIM343,5570,0.4244165170556553,False,8.62515033292133,0.409687679092409,2021,-0.0316265686405271,-0.11769364802787896
Limpopo,Ward 93403028,LIM343,4781,0.4059820121313532,False,8.472405008626103,0.4101603587058526,2021,0.01919146476718442,-0.0343364976772369
Limpopo,Ward 93403029,LIM343,5303,0.3686592494814256,False,8.57602797713713,0.41111735261995336,2021,-0.10252852002073043,0.039396315170521445
Limpopo,Ward 93403030,LIM343,5494,0.3889697852202403,False,8.611411866655219,0.4105965696522914,2021,-0.04590453364071939,-0.0342766742837054
Limpopo,Ward 93403031,LIM343,6061,0.422537535060221,False,8.709630081951286,0.40973585811793295,2021,-0.03681426649690367,0.09741082744885032
Limpopo,Ward 93403032,LIM343,4952,0.4143780290791599,False,8.507546814364431,0.4099450762200115,2021,-0.02209298022649503,-0.11381531853972804
Limpopo,Ward 93403033,LIM343,5887,0.3979955834890437,False,8.68050180902826,0.41036513892745025,2021,-0.036364488986660504,-0.0303080217427113
Limpopo,Ward 93403034,LIM343,5275,0.4866350710900474,False,8.570733958344267,0.4080923315530656,2021,-0.008099597503799405,0.08920090852777207
Limpopo,Ward 93403035,LIM343,6158,0.4152322182526794,False,8.725507328484445,0.4099231739335109,2021,-0.03573187749200141,0.023603723404255428
Limpopo,Ward 93403036,LIM343,5688,0.415436005625879,False,8.646113971483077,0.4099179486162494,2021,-0.10354456824687097,0.013723044020673703
Limpopo,Ward 93403037,LIM343,6260,0.3650159744408945,False,8.741935464094144,0.41121076992868494,2021,-0.07135353460303306,0.010981912144702788
Limpopo,Ward 93403038,LIM343,5492,0.3843772760378732,False,8.61104776688786,0.41071432629799315,2021,-0.1135779333097412,0.06952288218111002
Limpopo,Ward 93403039,LIM343,5035,0.4256206554121152,False,8.524168805152662,0.4096568037499356,2021,-0.05608546863405972,-0.014869888475836479
Limpopo,Ward 93403040,LIM343,6069,0.3514582303509639,False,8.710949125835855,0.4115584043925293,2021,-0.06389255917532027,0.21307215670597635
Limpopo,Ward 93404001,LIM344,4522,0.4471472799646174,False,8.416709652837914,0.4280250522048194,2021,-0.0617297728538469,0.003550821127385806
Limpopo,Ward 93404002,LIM344,5226,0.4045158821278224,False,8.561401446080557,0.42917725214635444,2021,-0.0622498066950517,-0.029706646862235453
Limpopo,Ward 93404003,LIM344,4569,0.4615889691398555,False,8.427049641563272,0.42763473628116433,2021,0.0730775423331847,-0.0592958616429895
Limpopo,Ward 93404004,LIM344,4726,0.5226407109606432,False,8.460834457746854,0.4259846892049268,2021,0.3653980887484334,0.06465420139671108
Limpopo,Ward 93404005,LIM344,4433,0.3997293029551094,False,8.396831834745054,0.42930661915102236,2021,0.07492863153253287,-0.06986991187578684
Limpopo,Ward 93404006,LIM344,4199,0.4286734936889735,False,8.342601680684194,0.42852434372578274,2021,-0.04763461320525508,-0.057040197619582345
Limpopo,Ward 93404007,LIM344,4948,0.5470897332255457,False,8.506738733512378,0.4253239048193889,2021,-0.08190481081186662,-0.03585346843335935
Limpopo,Ward 93404008,LIM344,4487,0.4809449520837976,False,8.408939605975984,0.42711160160700373,2021,-0.05708527707271138,0.09385665529010234
Limpopo,Ward 93404009,LIM344,4433,0.448229190164674,False,8.396831834745054,0.42799581138860165,2021,-0.10062850320168992,0.22020368841178084
Limpopo,Ward 93404010,LIM344,4358,0.3848095456631482,False,8.379768515504566,0.42970985583458887,2021,-0.05128580053435461,-0.010669693530079405
Limpopo,Ward 93404011,LIM344,4742,0.4403205398566006,False,8.464214266625351,0.4282095586942253,2021,-0.02558399283493573,-0.04893702366626551
Limpopo,Ward 93404012,LIM344,5090,0.4827111984282907,False,8.53503310954457,0.4270638652193147,2021,-0.06966243216944135,-0.021718239477224732
Limpopo,Ward 93404013,LIM344,4061,0.3893129770992366,False,8.309184527686298,0.4295881414714513,2021,-0.06139124825287606,-0.06234126067882706
Limpopo,Ward 93404014,LIM344,5236,0.4322001527883881,False,8.56331312702979,0.4284290286149878,2021,0.04535295743055451,0.012765957446808418
Limpopo,Ward 93404015,LIM344,5471,0.4160116980442332,False,8.607216694063826,0.4288665544188839,2021,-0.05895523942034259,0.03362932174570177
Limpopo,Ward 93404016,LIM344,4790,0.4327766179540709,False,8.474285690404962,0.42841344847537477,2021,-0.01979790779118651,0.08175248419150849
Limpopo,Ward 93404017,LIM344,4947,0.4065089953507176,False,8.506536611227709,0.42912338422141133,2021,-0.03608020867489997,0.1315187557182067
Limpopo,Ward 93404018,LIM344,4608,0.3947482638888889,False,8.435549202375727,0.42944124182848775,2021,-0.038161868050369196,0.1471247199402539
Limpopo,Ward 93404019,LIM344,4427,0.4700700248475265,False,8.395477432732141,0.4274055185593354,2021,0.011202398096688104,-0.12665219964490038
Limpopo,Ward 93404020,LIM344,4506,0.4525077674212162,False,8.41316512099219,0.4278801741654519,2021,-0.044520124668404326,0.030178326474622708
Limpopo,Ward 93404021,LIM344,4095,0.3916971916971917,False,8.31752199628717,0.4295237032390742,2021,-0.04512820512820509,-0.1333333333333333
Limpopo,Ward 93404022,LIM344,5152,0.4361413043478261,False,8.54714026778419,0.42832251100527324,2021,-0.03502900963885319,-0.019600380589914312
Limpopo,Ward 93404023,LIM344,4393,0.4661962212610972,False,8.38776764397578,0.42751021595356326,2021,-0.05182917816536731,-0.10016386726751336
Limpopo,Ward 93404024,LIM344,4883,0.4390743395453614,False,8.49351506406166,0.4282432397837182,2021,-0.041679141208119275,-0.00020475020475019257
Limpopo,Ward 93404025,LIM344,4938,0.4100850546780072,False,8.504715669905124,0.42902673396932245,2021,-0.09993721703691488,-0.00020247013565499739
Limpopo,Ward 93404026,LIM344,4782,0.4335006273525721,False,8.47261414801827,0.42839388065379364,2021,-0.11380769238641653,-0.02487765089722671
Limpopo,Ward 93404027,LIM344,4817,0.3684866099231887,False,8.479906606630221,0.4301510162599932,2021,-0.05821297230240946,-0.08526395746297
Limpopo,Ward 93404028,LIM344,4620,0.4755411255411255,False,8.438149984075784,0.42725765097302193,2021,-0.065512252717431,-0.1807057989005143
Limpopo,Ward 93404029,LIM344,4985,0.3921765295887663,False,8.514188682395938,0.4295107481609235,2021,-0.08745942035435089,0.1342434584755403
Limpopo,Ward 93404030,LIM344,5033,0.3965825551361017,False,8.52377150677636,0.4293916663893739,2021,-0.05387302572950192,-0.0446089597570235
Limpopo,Ward 93404031,LIM344,4632,0.532167530224525,False,8.440744019252831,0.4257272076032003,2021,0.02481915514690136,-0.04119229973090455
Limpopo,Ward 93404032,LIM344,4692,0.3290707587382779,False,8.453614209773367,0.4312163095352611,2021,-0.07173276144538387,-0.1023531662521523
Limpopo,Ward 93404033,LIM344,5537,0.4079826620913852,False,8.619208116822968,0.42908355539058246,2021,-0.010606512708969729,0.2282608695652173
Limpopo,Ward 93404034,LIM344,5354,0.3675756443780351,False,8.585599224080298,0.43017563695040273,2021,-0.0363615125403825,0.013439333711906087
Limpopo,Ward 93404035,LIM344,4279,0.3830334190231362,False,8.361474616416817,0.42975785925729193,2021,-0.05568688208248601,0.006586685485768129
Limpopo,Ward 93404036,LIM344,5082,0.3744588744588744,False,8.53346016388011,0.4299896037049747,2021,0.011726905834424484,-0.027740577769274966
Limpopo,Ward 93404037,LIM344,4004,0.4517982017982018,False,8.295049140435111,0.4278993516147226,2021,0.0056857214038482096,-0.10284561953842708
Limpopo,Ward 93404038,LIM344,5231,0.385968266105907,False,8.562357743370612,0.4296785390658657,2021,-0.0870834454745737,-0.04752367079388198
Limpopo,Ward 93501001,LIM351,3454,0.4528083381586566,False,8.147288258706624,0.4512664666064836,2021,-0.05445017663754659,-0.0357342266890005
Limpopo,Ward 93501002,LIM351,3386,0.4279385705847607,False,8.12740456269308,0.4525099549851784,2021,-0.06234585633723311,-0.046465784286116585
Limpopo,Ward 93501003,LIM351,3650,0.4054794520547945,False,8.202482446576537,0.4536329109116767,2021,-0.04531842028563099,-0.0292553191489362
Limpopo,Ward 93501004,LIM351,3339,0.4618149146451033,False,8.113426639943654,0.45081613778216123,2021,-0.01706248565031765,-0.013589364844904028
Limpopo,Ward 93501005,LIM351,4174,0.4520843315764254,False,8.336630087637147,0.4513026669355951,2021,-0.12375581374600869,-0.052225249772933746
Limpopo,Ward 93501006,LIM351,3358,0.4136390708755211,False,8.119100837637486,0.4532249299706404,2021,-0.12342467299526061,-0.031439284684165014
Limpopo,Ward 93501007,LIM351,3837,0.4636434714620797,False,8.252446090246952,0.4507247099413124,2021,-0.024627818696002945,-0.021672616012238688
Limpopo,Ward 93501008,LIM351,4304,0.3775557620817844,False,8.36730010184162,0.4550290954103272,2021,-0.07720489020648491,0.13203577064702787
Limpopo,Ward 93501009,LIM351,4070,0.4309582309582309,False,8.311398278436641,0.4523589719665049,2021,-0.03154759111908623,-0.0521658127619935
Limpopo,Ward 93501010,LIM351,3880,0.4469072164948454,False,8.263590432617319,0.4515615226896742,2021,-0.05087981813155401,0.010153605831814572
Limpopo,Ward 93501011,LIM351,4021,0.5118129818453121,False,8.299285906897275,0.44831623442215085,2021,0.03755317923128171,0.07255268071485732
Limpopo,Ward 93501012,LIM351,3843,0.4665625813166796,False,8.254008590564844,0.4505787544485824,2021,-0.05031987615983724,-0.02437166793602441
Limpopo,Ward 93501013,LIM351,3212,0.4937733499377335,False,8.074649075066652,0.44921821601752976,2021,-0.07320945978366544,-0.048014226437463
Limpopo,Ward 93501014,LIM351,3840,0.4294270833333333,False,8.253227645581772,0.4524355293477497,2021,-0.0681621162809386,-0.07425265188042429
Limpopo,Ward 93501015,LIM351,3527,0.517436915225404,False,8.168202930236053,0.4480350377531462,2021,-9.967687622536303e-05,-0.025959679646506473
Limpopo,Ward 93501016,LIM351,4470,0.5304250559284116,False,8.405143687607614,0.44738563071799586,2021,-0.03446735630261899,0.01245753114382775
Limpopo,Ward 93501017,LIM351,3584,0.4994419642857143,False,8.18423477409482,0.44893478530013076,2021,-0.048893159237379136,-0.03759398496240607
Limpopo,Ward 93501018,LIM351,4347,0.4159190246146768,False,8.377241230988792,0.45311093228368254,2021,-0.08098960831410723,-0.004579803068468058
Limpopo,Ward 93501019,LIM351,4449,0.3627781523937963,False,8.400434630806041,0.4557679758947266,2021,-0.12599094014888118,-0.0006738544474393926
Limpopo,Ward 93501020,LIM351,3850,0.4854545454545454,False,8.25582842728183,0.4496341562416891,2021,-0.05223252937538653,0.04761904761904767
Limpopo,Ward 93501021,LIM351,3123,0.4322766570605187,False,8.046549357283078,0.4522930506613905,2021,-0.0930416728180718,-0.0752146875925378
Limpopo,Ward 93503001,LIM353,4348,0.4551517939282428,False,8.3774712482411,0.4661302927943653,2021,-0.07813985971352022,0.3591747421069085
Limpopo,Ward 93503002,LIM353,3700,0.5227027027027027,False,8.216088098632316,0.46093406904248374,2021,-0.04961851923666316,-0.14371673223790793
Limpopo,Ward 93503003,LIM353,3744,0.4767628205128205,False,8.227909837597483,0.4644679061340132,2021,-0.023390506687424817,0.14811407543698252
Limpopo,Ward 93503004,LIM353,3299,0.4295240982115793,False,8.101374671228582,0.4681016540033394,2021,-0.08664321119215851,-0.02135864728567194
Limpopo,Ward 93503005,LIM353,3587,0.484248675773627,False,8.185071477532283,0.4638920711139511,2021,-0.04944176685394558,0.01127713560755561
Limpopo,Ward 93503006,LIM353,3563,0.4005051922537188,False,8.178358165605836,0.4703338775385595,2021,-0.11353599522956553,-0.04707140946777211
Limpopo,Ward 93503007,LIM353,4459,0.5117739403453689,False,8.402679804627477,0.46177474306997096,2021,-0.05941573953996315,0.0652173913043479
Limpopo,Ward 93503008,LIM353,3729,0.4899436846339501,False,8.22389538017882,0.46345399350931094,2021,-0.026210976382999074,-0.012447033898305038
Limpopo,Ward 93503009,LIM353,4033,0.4969005702950657,False,8.302265794873367,0.4629188484584559,2021,-0.07197289473429896,0.07661505605979713
Limpopo,Ward 93503010,LIM353,3673,0.430166076776477,False,8.208764045819667,0.46805227103680885,2021,-0.06905185857284518,-0.042492179353493253
Limpopo,Ward 93503011,LIM353,3161,0.4201202151217969,False,8.058643712215618,0.4688250296256304,2021,-0.07056646822543688,-0.12121212121212122
Limpopo,Ward 93503012,LIM353,3668,0.5310796074154853,False,8.207401833376355,0.4602896917568851,2021,0.023621121628826125,0.03236701379116247
Limpopo,Ward 93503013,LIM353,3456,0.4476273148148148,False,8.147867129923947,0.4667090988800136,2021,-0.044726508273640886,0.03628185907046477
Limpopo,Ward 93503014,LIM353,3588,0.4183389074693422,False,8.185350223178686,0.4689620532912038,2021,-0.05207687078225687,-0.04371002132196167
Limpopo,Ward 93504001,LIM354,6724,0.4738251041046996,False,8.813438494528507,0.43952149425964104,2021,-0.015120360185800208,-0.09902184108267453
Limpopo,Ward 93504002,LIM354,7433,0.4563433337817839,False,8.913684824725294,0.4399939745386387,2021,-0.035343127025817045,0.17703879651623122
Limpopo,Ward 93504003,LIM354,6421,0.4164460364429216,False,8.76732914779405,0.4410722798721215,2021,-0.082003095070726,-0.004187344913151314
Limpopo,Ward 93504004,LIM354,6388,0.4773011897307451,False,8.762176509334903,0.4394275459994776,2021,-0.02894500161599467,-0.026812918951858666
Limpopo,Ward 93504005,LIM354,7022,0.4099971518086015,False,8.856803356728378,0.4412465740514275,2021,-0.06600023210245137,-0.08149117069980383
Limpopo,Ward 93504006,LIM354,6626,0.451705402958044,False,8.798756582859841,0.4401193240203614,2021,-0.035591425194078374,0.04560517595076541
Limpopo,Ward 93504007,LIM354,6159,0.4474752394869297,False,8.725669705687043,0.44023365276282395,2021,-0.034023963064904406,-0.017703349282296665
Limpopo,Ward 93504008,LIM354,8961,0.3809842651489789,False,9.10063710688422,0.44203070612330914,2021,-0.17193870187090443,0.06691272770567935
Limpopo,Ward 93504009,LIM354,8302,0.4594073717176584,False,9.024251728612985,0.43991116270253394,2021,-0.07264304161748186,0.12508469982382442
Limpopo,Ward 93504010,LIM354,6666,0.4521452145214521,False,8.804775258867686,0.44010743722135043,2021,-0.1035370355735688,-0.15545419992398324
Limpopo,Ward 93504011,LIM354,7117,0.4506112125895742,False,8.87024156729927,0.44014889673302277,2021,-0.08514895871663569,0.015988579586009966
Limpopo,Ward 93504012,LIM354,6002,0.3950349883372209,False,8.699848026000312,0.4416509568479512,2021,-0.09551104453077691,0.06061141544442483
Limpopo,Ward 93504013,LIM354,8525,0.4939589442815249,False,9.050758302151717,0.43897733641702413,2021,-0.08328034606897267,0.2296264243473245
Limpopo,Ward 93504014,LIM354,8523,0.4710782588290508,False,9.050523670522297,0.43959573332114504,2021,-0.09972447277770086,0.09818322381136446
Limpopo,Ward 93504015,LIM354,7021,0.4201680672268907,False,8.85666093701725,0.44097168444552776,2021,-0.13841984859116763,-0.046707399864222676
Limpopo,Ward 93504016,LIM354,8242,0.4712448434845911,False,9.016998311898762,0.43959123103315745,2021,-0.11043201686199405,0.050203873598368975
Limpopo,Ward 93504017,LIM354,7472,0.4680139186295503,False,8.918917979908679,0.4396785533265369,2021,-0.0481558242320998,0.178734816217069
Limpopo,Ward 93504018,LIM354,7698,0.4538841257469472,False,8.948715833843691,0.4400604396206614,2021,-0.05083532889384984,0.009176717357105346
Limpopo,Ward 93504019,LIM354,6640,0.4036144578313253,False,8.80086724247048,0.44141907929405655,2021,-0.10880325611242092,-0.006582884500299202
Limpopo,Ward 93504020,LIM354,6705,0.43027591349739,False,8.81060879571578,0.44069849941118994,2021,-0.15704559913402377,0.052094774831319635
Limpopo,Ward 93504021,LIM354,7306,0.5368190528332877,False,8.896451207355227,0.4378189551048143,2021,-0.08370825413469729,0.1465787821720026
Limpopo,Ward 93504022,LIM354,7488,0.4714209401709401,False,8.921057018157429,0.4395864716632561,2021,-0.10985015094267064,0.052868391451068586
Limpopo,Ward 93504023,LIM354,8254,0.4382117761085534,False,9.018453210312527,0.44048401663791525,2021,-0.18837706954644012,0.07055771725032423
Limpopo,Ward 93504024,LIM354,6634,0.4493518239372927,False,8.799963219506997,0.44018293426416555,2021,-0.14134983036960974,-0.053907586993725
Limpopo,Ward 93504025,LIM354,8229,0.4038157734840199,False,9.015419779605713,0.4414136383304702,2021,-0.09241425846486179,0.05162939297124591
Limpopo,Ward 93504026,LIM354,7603,0.1683545968696567,False,8.936298185228436,0.4477774539146422,2021,-0.12880971751594472,-0.01553800336656741
Limpopo,Ward 93504027,LIM354,8418,0.423616060822048,False,9.038127549330516,0.44087849542944235,2021,-0.06649654560475782,0.1560010985992859
Limpopo,Ward 93504028,LIM354,6683,0.4276522519826425,False,8.80732226751107,0.44076940918185875,2021,-0.08507502074463019,0.012575757575757684
Limpopo,Ward 93504029,LIM354,6432,0.4586442786069651,False,8.769040810858803,0.43993178684066087,2021,-0.02003429884120611,0.08410584864318227
Limpopo,Ward 93504030,LIM354,6766,0.4568430387230269,False,8.819665349340653,0.43998046899968624,2021,-0.021411651441839485,-0.0383740761796475
Limpopo,Ward 93504031,LIM354,6656,0.4293870192307692,False,8.803273982501045,0.440722523580558,2021,-0.08120299589782382,0.0069591527987897805
Limpopo,Ward 93504032,LIM354,7010,0.4790299572039942,False,8.855092980028635,0.43938082255425465,2021,-0.08312831617730077,0.008633093525179936
Limpopo,Ward 93504033,LIM354,6443,0.4316312276889648,False,8.770749549138642,0.44066186929790413,2021,-0.08178441017111748,0.06057613168724285
Limpopo,Ward 93504034,LIM354,6983,0.4362022053558642,False,8.851233902846035,0.4405383293609608,2021,-0.037839384685160016,-0.01216579431319842
Limpopo,Ward 93504035,LIM354,7444,0.4558033315421816,False,8.915163617762142,0.44000856919376313,2021,-0.03225262728057138,-0.01755312128810871
Limpopo,Ward 93504036,LIM354,8110,0.4644882860665845,False,9.000853147109458,0.4397738406931036,2021,-0.08106587799102355,0.2695679398872888
Limpopo,Ward 93504037,LIM354,6873,0.45598719627528,False,8.835355971121606,0.44000359987665233,2021,-0.0717862835328586,0.06343803187374286
Limpopo,Ward 93504038,LIM354,6262,0.4653465346534653,False,8.742254901886351,0.43975064478535,2021,-0.10228631558808055,0.008373590982286627
Limpopo,Ward 93505001,LIM355,4119,0.4180626365622724,False,8.323365694436081,0.4297727733854556,2021,-0.03467242771804013,0.03831610789009332
Limpopo,Ward 93505002,LIM355,3854,0.3806434872859366,False,8.256866848974312,0.43110917157389617,2021,-0.10526491734415899,-0.030196275792652272
Limpopo,Ward 93505003,LIM355,2999,0.4434811603867956,False,8.00603417874901,0.42886496896315124,2021,-0.0326457177434214,0.0013355592654424875
Limpopo,Ward 93505004,LIM355,3207,0.4106641721234799,False,8.073091199693154,0.43003700425826963,2021,-0.09801364422237052,0.011991164405175114
Limpopo,Ward 93505005,LIM355,3189,0.4321103794292882,False,8.067462667010057,0.4292710682830622,2021,-0.03861770378022139,-0.05230312035661222
Limpopo,Ward 93505006,LIM355,3419,0.4205908160280784,False,8.137103389639302,0.42968248126167685,2021,-0.07694755640169282,-0.0098465102809151
Limpopo,Ward 93505007,LIM355,3826,0.4064296915838996,False,8.249575150000199,0.4301882357061118,2021,-0.149125863971656,0.05486628067273225
Limpopo,Ward 93505008,LIM355,3860,0.4132124352331606,False,8.258422462458876,0.4299459948614953,2021,-0.05441746196050429,0.07252014448457911
Limpopo,Ward 93505009,LIM355,3111,0.3828351012536162,False,8.042699496897637,0.431030899646479,2021,-0.0557672281972989,0.03527454242928463
Limpopo,Ward 93505010,LIM355,3824,0.372907949790795,False,8.249052274171293,0.43138544077015123,2021,-0.0881034694587971,0.2476345840130505
Limpopo,Ward 93505011,LIM355,3030,0.3920792079207921,False,8.016317898503415,0.4307007529797942,2021,-0.07750645179122673,-0.10960916838084045
Limpopo,Ward 93505012,LIM355,3453,0.4306400231682595,False,8.146998697389993,0.4293235810066704,2021,-0.055407997597477,0.12037637897469167
Limpopo,Ward 93505013,LIM355,4561,0.4593290944968208,False,8.4252971767117,0.4282989713163646,2021,-0.13845483902118472,0.2634349030470915
Limpopo,Ward 93505014,LIM355,3360,0.4324404761904762,False,8.11969625295725,0.42925927911301975,2021,-0.017582661245895803,-0.22258213789912074
Limpopo,Ward 93505015,LIM355,4416,0.416893115942029,False,8.392989587956931,0.42981454197903574,2021,-0.13163738541633113,0.09063966411459612
Limpopo,Ward 93505016,LIM355,3006,0.3968729208250166,False,8.00836557031292,0.43052954894750045,2021,-0.10081379431047582,-0.006609385327164596
Limpopo,Ward 93505017,LIM355,3200,0.4353125,False,8.070906088787819,0.42915670683410817,2021,-0.08759586653386453,-0.20318725099601598
Limpopo,Ward 93505018,LIM355,4046,0.4409293129016312,False,8.305484017727691,0.4289561063733357,2021,-0.034772261362571444,0.3846680355920602
Limpopo,Ward 93505019,LIM355,3936,0.4565548780487805,False,8.277920258172143,0.42839805047522317,2021,-0.0411484453773206,0.06349635233720607
Limpopo,Ward 93505020,LIM355,3810,0.3908136482939632,False,8.245384468120747,0.4307459515378952,2021,-0.0786509737130317,0.025020177562550483
Limpopo,Ward 93505021,LIM355,3429,0.3826188393117527,False,8.14002395246292,0.4310386232872599,2021,0.017347695732095547,-0.03652711435796574
Limpopo,Ward 93505022,LIM355,3423,0.3771545427987146,False,8.138272638530186,0.4312337767341541,2021,-0.06784050179989792,-0.15188305252725476
Limpopo,Ward 93505023,LIM355,3622,0.3655438983986747,False,8.19478163844336,0.4316484426055841,2021,-0.06331381703218703,0.2097528390113561
Limpopo,Ward 93505024,LIM355,3278,0.4032946918852959,False,8.094988759303774,0.4303001999810619,2021,-0.0995899234993195,0.05064102564102568
Limpopo,Ward 93505025,LIM355,3677,0.4745716616807179,False,8.209852481301272,0.4277545939169397,2021,-0.03369395894130506,0.030260577192490867
Limpopo,Ward 93505026,LIM355,4092,0.439149560117302,False,8.316789127071518,0.429019668972776,2021,-0.07478772211266316,0.018417122946739584
Limpopo,Ward 93505027,LIM355,4111,0.483580637314522,False,8.321421586897879,0.427432844787161,2021,-0.015523075873698222,0.052752880921894896
Limpopo,Ward 93505028,LIM355,3703,0.5679179044018363,False,8.216898580913613,0.4244207995340426,2021,0.013407178571686496,0.08815750808110501
Limpopo,Ward 93505029,LIM355,3814,0.6250655479811221,False,8.246433786160365,0.4223798122633538,2021,0.00033552638284994885,0.02969762419006483
Limpopo,Ward 93601001,LIM361,3370,0.4712166172106825,False,8.122668023346407,0.40582800993537976,2021,-0.05762633043853388,0.12370790263421139
Limpopo,Ward 93601002,LIM361,3426,0.5598365440747227,False,8.139148678884066,0.39777165294773975,2021,-0.1382541480493823,-0.18233890214797133
Limpopo,Ward 93601003,LIM361,3608,0.2951773835920177,False,8.190908881182514,0.42183157662798565,2021,-0.1709071322352082,-0.4373927958833619
Limpopo,Ward 93601004,LIM361,4066,0.5381210034431874,False,8.310414994188292,0.39974579300515206,2021,0.02209726457078376,0.2065281899109792
Limpopo,Ward 93601005,LIM361,5049,0.4081996434937611,False,8.526945482858915,0.41155682572782715,2021,-0.0037511473673987883,0.7746924428822495
Limpopo,Ward 93601006,LIM361,2748,0.3631732168850072,False,7.91862865334224,0.4156501372377139,2021,-0.05711135079102342,0.002553812477197992
Limpopo,Ward 93601007,LIM361,3547,0.3171694389625035,False,8.173857454773621,0.4198322988670324,2021,-0.132636574616546,-0.13991270611057227
Limpopo,Ward 93601008,LIM361,5384,0.3538261515601783,False,8.591186871324563,0.41649987044906195,2021,-0.15184080571968223,0.5646614356291775
Limpopo,Ward 93601009,LIM361,4261,0.4524759446139404,False,8.357259153499912,0.4075317074441745,2021,-0.11108230658646395,0.07682587819054842
Limpopo,Ward 93601010,LIM361,3365,0.3952451708766716,False,8.121183242078828,0.41273450505665343,2021,-0.10620902204625621,-0.18444013572467277
Limpopo,Ward 93601011,LIM361,2485,0.3054325955734406,False,7.818027938530729,0.42089928462967446,2021,-0.1171395829042497,-0.06824146981627299
Limpopo,Ward 93601012,LIM361,4379,0.4754510162137474,False,8.384575666801398,0.4054430645714648,2021,-0.06329437124012716,0.009916974169741799
Limpopo,Ward 93602001,LIM362,4170,0.303357314148681,False,8.335671314792847,0.510002380985257,2021,-0.11548036120202038,-0.35717589024202245
Limpopo,Ward 93602002,LIM362,4637,0.2697864998921717,False,8.441822884391462,0.5130542731903942,2021,-0.051360344768022426,-0.2965716019417476
Limpopo,Ward 93602003,LIM362,5110,0.3532289628180039,False,8.53895468319775,0.5054685947425913,2021,-0.22093606665154425,0.25491159135559927
Limpopo,Ward 93602004,LIM362,5406,0.3736588975212727,False,8.595264726836392,0.503611327951385,2021,-0.08308577773510384,0.42150933473573504
Limpopo,Ward 93602005,LIM362,4099,0.5833130031715053,False,8.318498320504338,0.4845518638013639,2021,0.05910633108037422,-0.16619202603742877
Limpopo,Ward 93602006,LIM362,4429,0.5231429216527432,False,8.395929103923198,0.49002187121216045,2021,0.016611330077163422,0.180751799520128
Limpopo,Ward 93602007,LIM362,4530,0.5538631346578367,False,8.41847721847708,0.4872291245753338,2021,-0.0004393904708713814,0.11056631527335137
Limpopo,Ward 93602008,LIM362,3749,0.628700986929848,False,8.229244416735913,0.48042568345969633,2021,0.060477072544171895,-0.2284420662687796
Limpopo,Ward 93602009,LIM362,4192,0.5918416030534351,False,8.340933226000878,0.48377653653937025,2021,0.0614671919450791,0.03942474584676425
Limpopo,Ward 93602010,LIM362,3889,0.6042684494728722,False,8.265907334155747,0.4826468232285123,2021,-0.004273443889478257,0.057943416757344934
Limpopo,Ward 93602011,LIM362,4285,0.5703617269544924,False,8.36287583103188,0.4857292525483651,2021,-0.01970992094724766,0.09646878198567044
Limpopo,Ward 93602012,LIM362,4243,0.557860004713646,False,8.353025845202325,0.4868657727520784,2021,0.011460778034090735,0.025374577090381933
Limpopo,Ward 93606001,LIM366,3580,0.5600558659217877,False,8.183118079394745,0.49389959762171265,2021,-0.06089763613824761,0.053560918187169015
Limpopo,Ward 93606002,LIM366,3253,0.4586535505687058,False,8.087332926473351,0.5065748870408479,2021,-0.08055294740067875,0.01624492346141837
Limpopo,Ward 93606003,LIM366,2970,0.4609427609427609,False,7.996317231796746,0.5062887357440911,2021,-0.05407601252407268,-0.07071339173967461
Limpopo,Ward 93606004,LIM366,3203,0.4960974086793631,False,8.071843149609158,0.5018944047770157,2021,-0.031956282595804686,-0.14013422818791943
Limpopo,Ward 93606005,LIM366,2936,0.5470027247956403,False,7.984803389734406,0.4955312402624811,2021,-0.05082336216088146,-0.0027173913043477826
Limpopo,Ward 93606006,LIM366,3802,0.5165702261967385,False,8.243282523048375,0.4993353025873438,2021,-0.017080351641466818,0.29231815091774305
Limpopo,Ward 93606007,LIM366,3482,0.5413555427914991,False,8.155362120328135,0.49623713801299874,2021,-0.03644024327008921,-0.05942733657482446
Limpopo,Ward 93606008,LIM366,4061,0.4853484363457276,False,8.309184527686298,0.5032380263187202,2021,-0.035857660407088876,0.34559310801855525
Limpopo,Ward 93606009,LIM366,3980,0.4452261306532663,False,8.289037098278483,0.5082533145302779,2021,-0.09882673278285703,-0.025942241801272692
Limpopo,Ward 93607001,LIM367,4209,0.4739843193157519,False,8.344980368770571,0.40633368141744586,2021,-0.0511434489977064,-0.10370528109028965
Limpopo,Ward 93607002,LIM367,4438,0.4294727354664263,False,8.39795910349254,0.4077695389609725,2021,-0.043736813605191716,0.17718832891246694
Limpopo,Ward 93607003,LIM367,4371,0.5282544040265386,False,8.382747094863314,0.4045830335235495,2021,-0.036708072521303814,0.02509380863039401
Limpopo,Ward 93607004,LIM367,3852,0.4190031152647975,False,8.256347772918016,0.40810726864489605,2021,-0.1247425333775789,-0.10605708981202133
Limpopo,Ward 93607005,LIM367,3716,0.4577502691065662,False,8.22040309993373,0.40685736045645193,2021,-0.01891236692729109,-0.10133010882708582
Limpopo,Ward 93607006,LIM367,3842,0.452628839146278,False,8.253748343328501,0.4070225678745257,2021,-0.0636491006010495,-0.0665694849368319
Limpopo,Ward 93607007,LIM367,3870,0.4842377260981912,False,8.261009786023827,0.40600292635994784,2021,0.048245603990854924,-0.04726735598227472
Limpopo,Ward 93607008,LIM367,4024,0.4174950298210735,False,8.300031711779575,0.4081559165624355,2021,-0.04710321998004019,0.06709095730575454
Limpopo,Ward 93607009,LIM367,4623,0.381786718581008,False,8.438799123988225,0.40930779757017954,2021,-0.0871359333526936,0.06422651933701662
Limpopo,Ward 93607010,LIM367,3904,0.4390368852459016,False,8.269756947532983,0.4074610180003443,2021,-0.03683558351756239,-0.15898319689788887
Limpopo,Ward 93607011,LIM367,3962,0.4207470974255426,False,8.284504227258497,0.40805101115583975,2021,-0.07270484228288338,-0.02100321225599211
Limpopo,Ward 93607012,LIM367,4515,0.374750830564784,False,8.415160465851086,0.4095347616997352,2021,-0.08094266258590094,-0.033604452054794565
Limpopo,Ward 93607013,LIM367,4192,0.3862118320610687,False,8.340933226000878,0.40916505197404857,2021,-0.1332292371977406,-0.15107330903199678
Limpopo,Ward 93607014,LIM367,4451,0.3987867894855089,False,8.400884069015854,0.4087594081861634,2021,-0.10512808704530824,-0.1064043364786188
Limpopo,Ward 93607015,LIM367,4567,0.376833807751259,False,8.426611813185,0.40946756888726826,2021,-0.08127806266129478,0.1559098962288028
Limpopo,Ward 93607016,LIM367,3921,0.3830655445039531,False,8.27410200229233,0.4092665451210523,2021,-0.013200015662022002,0.016856846473028986
Limpopo,Ward 93607017,LIM367,4564,0.3466257668711656,False,8.425954710981966,0.4104420218188842,2021,-0.1378040124647799,-0.05877500515570222
Limpopo,Ward 93607018,LIM367,4891,0.2999386628501329,False,8.495152060539358,0.4119480574324659,2021,-0.19243473556353402,-0.005287777099857616
Limpopo,Ward 93607019,LIM367,4558,0.3225098727512067,False,8.42463920980563,0.41121995388726995,2021,-0.13890091563053603,-0.054356846473029075
Limpopo,Ward 93607020,LIM367,5290,0.4323251417769376,False,8.573573524852344,0.4076775258541818,2021,-0.05897429325131098,0.19548022598870052
Limpopo,Ward 93607021,LIM367,4881,0.4023765621798811,False,8.493105395887147,0.4086436090669901,2021,-0.004341452368685383,0.04428754813863933
Limpopo,Ward 93607022,LIM367,4193,0.4109229668495111,False,8.341171747170762,0.4083679185937762,2021,-0.08920913354679011,0.10779392338177018
Limpopo,Ward 93607023,LIM367,5210,0.4297504798464491,False,8.558335134747413,0.40776057946484273,2021,-0.036296031781457905,-0.030697674418604604
Limpopo,Ward 93607024,LIM367,3815,0.418610747051114,False,8.246695943718557,0.40811992568404715,2021,-0.10285860018144988,-0.05311491685281711
Limpopo,Ward 93607025,LIM367,4303,0.4062282128747385,False,8.3670677328386,0.4085193622703818,2021,-0.0776031420167883,-0.11932050757265655
Limpopo,Ward 93607026,LIM367,4995,0.3621621621621622,False,8.516192691082654,0.4099408477772391,2021,-0.08505735003295972,-0.025365853658536608
Limpopo,Ward 93607027,LIM367,4030,0.3364764267990074,False,8.301521654940728,0.41076941988572796,2021,-0.12690450364779127,-0.07185628742514971
Limpopo,Ward 93607028,LIM367,4876,0.3162428219852338,False,8.492080490601163,0.4114221168152045,2021,-0.1779762236317517,0.0250157662392263
Limpopo,Ward 93607029,LIM367,5691,0.3619750483219118,False,8.646641258603124,0.40994688370756976,2021,-0.12903489812032232,0.08856159143075737
Limpopo,Ward 93607030,LIM367,4784,0.37688127090301,False,8.473032295630468,0.40946603781785695,2021,-0.1104426727589618,-0.1015962441314554
Limpopo,Ward 93607031,LIM367,5220,0.563984674329502,False,8.560252680876685,0.4034304441589378,2021,-0.06023892815497012,0.15794143744454314
Limpopo,Ward 93607032,LIM367,4174,0.4592716818399616,False,8.336630087637147,0.40680828262634233,2021,-0.07886008711310699,-0.05821299638989175
Limpopo,Ward 94701001,LIM471,3230,0.4325077399380805,False,8.080237416216702,0.44365607108018495,2021,-0.08382350387584231,0.06565489937314428
Limpopo,Ward 94701002,LIM471,3397,0.4598174860170739,False,8.130647968160584,0.44183542134158543,2021,-0.02573923667200173,-0.10793067226890751
Limpopo,Ward 94701003,LIM471,3290,0.4468085106382978,False,8.098642843759418,0.44270268636683713,2021,-0.06764576664783789,-0.029498525073746285
Limpopo,Ward 94701004,LIM471,3260,0.5352760736196319,False,8.089482474360754,0.4368048488347482,2021,0.08872383031942122,-0.01836796145739239
Limpopo,Ward 94701005,LIM471,4151,0.463743676222597,False,8.33110454805304,0.4415736753278839,2021,-0.05903536705758522,0.18194760820045563
Limpopo,Ward 94701006,LIM471,3185,0.4703296703296703,False,8.066207568006265,0.441134609054079,2021,-0.01491513181654025,0.068075117370892
Limpopo,Ward 94701007,LIM471,3473,0.417506478548805,False,8.152774052744075,0.4446561551728033,2021,-0.11739948256053517,0.10710870258208471
Limpopo,Ward 94701008,LIM471,4172,0.4074784276126558,False,8.336150816120663,0.44532469190187995,2021,-0.10541914313615458,0.04482844978712741
Limpopo,Ward 94701009,LIM471,3919,0.3983158969124776,False,8.273591798199632,0.4459355272818918,2021,-0.11458320909007669,0.0010217113665389466
Limpopo,Ward 94701010,LIM471,3875,0.4513548387096774,False,8.262300941787448,0.4423995978287452,2021,-0.10791808015228255,0.02081138040042152
Limpopo,Ward 94701011,LIM471,3324,0.4121540312876053,False,8.10892415597534,0.44501298499021663,2021,-0.05085884681961239,-0.004492362982928988
Limpopo,Ward 94701012,LIM471,4100,0.401219512195122,False,8.318742252692399,0.4457419529297155,2021,-0.08385876569137501,0.0029354207436398383
Limpopo,Ward 94701013,LIM471,4302,0.498837749883775,False,8.366835309827675,0.4392340704171387,2021,-0.005155404708352795,0.22703936109526524
Limpopo,Ward 94701014,LIM471,3610,0.4390581717451524,False,8.191463051326927,0.44321937562638014,2021,-0.06885782179281208,0.16639741518578344
Limpopo,Ward 94701015,LIM471,3611,0.4430905566325118,False,8.191740021277457,0.4429505499672229,2021,-0.050543841637966214,-0.13259668508287292
Limpopo,Ward 94701016,LIM471,3533,0.4098499858477215,False,8.169902647359145,0.44516658801954223,2021,-0.06371144494543562,-0.08424053913945051
Limpopo,Ward 94702001,LIM472,4424,0.4070976491862568,False,8.39479954320217,0.4104210931673982,2021,-0.1287899625634239,0.13001277139208178
Limpopo,Ward 94702002,LIM472,4345,0.3636363636363636,False,8.376781037699493,0.4119197581863601,2021,-0.1419633105644102,-0.11525147627774379
Limpopo,Ward 94702003,LIM472,3630,0.3501377410468319,False,8.196987927258897,0.4123852279308267,2021,-0.14221535796041251,-0.026026294606922407
Limpopo,Ward 94702004,LIM472,4372,0.4025617566331198,False,8.382975849296429,0.41057750325543746,2021,-0.093242439171076,0.019114219114219066
Limpopo,Ward 94702005,LIM472,3791,0.4125560538116592,False,8.240385115516334,0.41023287231824646,2021,-0.11793662261976551,0.009587217043941498
Limpopo,Ward 94702006,LIM472,3409,0.4502786740979759,False,8.134174272137903,0.4089320923083734,2021,-0.10302226902863171,-0.02572163475278655
Limpopo,Ward 94702007,LIM472,4471,0.371057928874972,False,8.405367376233981,0.4116638421436494,2021,-0.1265509309287028,0.12534608608104714
Limpopo,Ward 94702008,LIM472,3520,0.4744318181818182,False,8.166216268592143,0.40809922527099957,2021,-0.06133376642030769,0.011203677104280274
Limpopo,Ward 94702009,LIM472,4567,0.4556601707904532,False,8.426611813185,0.4087465234569087,2021,-0.1329059023117024,0.07005623242736636
Limpopo,Ward 94702010,LIM472,4016,0.3700199203187251,False,8.298041661371565,0.41169963554214073,2021,-0.1396407771365058,-0.05372290292177195
Limpopo,Ward 94702011,LIM472,3383,0.3845699083653562,False,8.12651816878071,0.4111979118163948,2021,-0.09342090989011231,-0.08641641911963271
Limpopo,Ward 94702012,LIM472,4117,0.3893611853291231,False,8.322880021769905,0.4110326953693684,2021,-0.17245785777840883,-0.024869729985788736
Limpopo,Ward 94702013,LIM472,3816,0.4934486373165618,False,8.246958032568177,0.4074434728870429,2021,-0.05431217034587671,-0.012166709811027743
Limpopo,Ward 94702014,LIM472,4114,0.3974234321827904,False,8.322151070212902,0.4107546868571729,2021,-0.12320996513006943,-0.012955854126679434
Limpopo,Ward 94702015,LIM472,3701,0.3596325317481761,False,8.216358332386156,0.4120578213549183,2021,-0.051516382148709516,-0.03140539125883279
Limpopo,Ward 94702016,LIM472,4305,0.3804878048780488,False,8.367532416861831,0.4113386740056123,2021,-0.11786057653573673,-0.05197093151288268
Limpopo,Ward 94702017,LIM472,3251,0.3645032297754537,False,8.086717920303906,0.4118898662505294,2021,-0.122488877795432,-0.049693072201110744
Limpopo,Ward 94702018,LIM472,3523,0.4689185353391995,False,8.167068178341237,0.4082893384724692,2021,-0.11611357859545562,-0.016196593130410553
Limpopo,Ward 94702019,LIM472,3425,0.418978102189781,False,8.138856750696325,0.41001142237417326,2021,-0.12068112225205213,0.006169212690951831
Limpopo,Ward 94702020,LIM472,3942,0.432775240994419,False,8.279443487712665,0.4095356589671168,2021,-0.12068062232424526,0.02045042712917411
Limpopo,Ward 94702021,LIM472,3883,0.4869945918104558,False,8.264363329731667,0.4076660261803569,2021,-0.06153087735844498,0.04101876675603222
Limpopo,Ward 94702022,LIM472,4134,0.3773584905660377,False,8.327000740241713,0.41144658139568163,2021,-0.08552154714313032,-0.025689370728258276
Limpopo,Ward 94702023,LIM472,3595,0.4089012517385257,False,8.187299270155147,0.4103588999759407,2021,-0.08510232060135692,-0.08267415156927793
Limpopo,Ward 94702024,LIM472,3307,0.4094345328091926,False,8.103796712981794,0.4103405109735039,2021,-0.011407766606731096,0.016600061481709227
Limpopo,Ward 94702025,LIM472,3732,0.3772775991425509,False,8.224699561967235,0.4114493707551123,2021,-0.18204443475575416,0.020229633679606396
Limpopo,Ward 94702026,LIM472,3317,0.4422671088332831,False,8.106816038947052,0.4092083531795698,2021,-0.07146754926139837,-0.030683810637054387
Limpopo,Ward 94702027,LIM472,3915,0.356066411238825,False,8.272570608424903,0.41218079102765454,2021,-0.1097348868140956,-0.02271592611083373
Limpopo,Ward 94702028,LIM472,4210,0.3714964370546318,False,8.345217926676428,0.41164872117193707,2021,-0.14714601036410618,0.006214149139579295
Limpopo,Ward 94702029,LIM472,3528,0.4648526077097505,False,8.168486417126681,0.4084295428734847,2021,-0.1022373978120606,-0.025952512424075147
Limpopo,Ward 94702030,LIM472,3939,0.4671236354404671,False,8.278682162970906,0.4083512315724255,2021,-0.07670507992477216,-0.0078085642317380355
Limpopo,Ward 94703001,LIM473,4033,0.3796181502603521,False,8.302265794873367,0.4370410295413843,2021,-0.1100661649273188,0.002485707183693675
Limpopo,Ward 94703002,LIM473,4233,0.5308291991495393,False,8.350666240520924,0.432000661245078,2021,-0.003942432707242927,-0.028459949506541182
Limpopo,Ward 94703003,LIM473,4285,0.4212368728121353,False,8.36287583103188,0.4356537387896582,2021,-0.06669573192374811,-0.02436247723132967
Limpopo,Ward 94703004,LIM473,4620,0.4504329004329004,False,8.438149984075784,0.43468053786896604,2021,-0.0398376263824769,0.09634551495016619
Limpopo,Ward 94703005,LIM473,4173,0.4174454828660436,False,8.336390480591552,0.43578011845452796,2021,-0.11427364546325419,0.010411622276029098
Limpopo,Ward 94703006,LIM473,3987,0.6157511913719589,False,8.290794347381356,0.4291699281709974,2021,0.020050595671363136,0.03263403263403264
Limpopo,Ward 94703007,LIM473,3489,0.4763542562338779,False,8.157370441186774,0.43381649267560013,2021,-0.10243608821960731,-0.05370219690805533
Limpopo,Ward 94703008,LIM473,4791,0.3859319557503652,False,8.474494436883122,0.4368305693583839,2021,-0.10579736755790548,0.02921589688506976
Limpopo,Ward 94703009,LIM473,5055,0.3984174085064292,False,8.528133131454572,0.4364143875998484,2021,-0.07262106894495679,0.04571783202316926
Limpopo,Ward 94703010,LIM473,3771,0.3839830283744365,False,8.235095497258357,0.4368955336042482,2021,-0.0679547863836103,-0.17429384716444052
Limpopo,Ward 94703011,LIM473,4519,0.4323965479088293,False,8.41604600941128,0.4352817496197684,2021,-0.013614165369997877,0.27403439526360307
Limpopo,Ward 94703012,LIM473,4586,0.5946358482337549,False,8.43076346341785,0.42987377294227086,2021,0.012624067535975114,0.03896692342546437
Limpopo,Ward 94703013,LIM473,4410,0.4290249433106576,False,8.391629968440892,0.4353941364397074,2021,-0.07752724828446217,-0.0036150022593763875
Limpopo,Ward 94703014,LIM473,4216,0.4314516129032258,False,8.346642090221199,0.43531324745328853,2021,-0.10404256650786753,-0.03766263410180326
Limpopo,Ward 94703015,LIM473,3589,0.3583170799665645,False,8.185628891147607,0.4377510652178439,2021,-0.19584847765920077,-0.044716529145594874
Limpopo,Ward 94703016,LIM473,4562,0.3682595352915388,False,8.425516402844334,0.4374196500403447,2021,-0.122505019302803,0.06663549216740705
Limpopo,Ward 94703017,LIM473,3820,0.3782722513089005,False,8.24800570160062,0.43708589283976607,2021,-0.06524976126971577,-0.03899371069182389
Limpopo,Ward 94703018,LIM473,4107,0.3873873873873873,False,8.320448113956559,0.43678205497048317,2021,-0.05901186196752706,-0.03659394792399717
Limpopo,Ward 94703019,LIM473,4943,0.4466922921302853,False,8.505727713306959,0.43480522481238654,2021,-0.0264951810571879,0.06027456027456024
Limpopo,Ward 94703020,LIM473,3483,0.4605225380419179,False,8.155649270366002,0.4343442166153321,2021,-0.09503301751363769,-0.020253164556962022
Limpopo,Ward 94703021,LIM473,3794,0.5129151291512916,False,8.24117615049496,0.4325977969116863,2021,-0.08599791432696935,0.030978260869565233
Limpopo,Ward 94703022,LIM473,4372,0.3723696248856358,False,8.382975849296429,0.4372826470538749,2021,-0.09096444250040248,-0.03721647214269985
Limpopo,Ward 94703023,LIM473,3864,0.4751552795031056,False,8.259458195332408,0.43385645856662586,2021,-0.015350203246292604,0.03343139876972456
Limpopo,Ward 94703024,LIM473,4100,0.5092682926829268,False,8.318742252692399,0.43271935812729845,2021,0.02894199709751416,-0.016314779270633406
Limpopo,Ward 94703025,LIM473,4160,0.475,False,8.333270353255308,0.4338616345500627,2021,-0.053293545534924824,-0.08045977011494254
Limpopo,Ward 94703026,LIM473,3904,0.4257172131147541,False,8.269756947532983,0.4355043941129042,2021,-0.06023277399532584,0.006444960041247727
Limpopo,Ward 94703027,LIM473,3667,0.3316062176165803,False,8.207129168071326,0.4386414272961767,2021,-0.08159400423588775,0.016916250693288948
Limpopo,Ward 94703028,LIM473,4090,0.4828850855745721,False,8.316300249036848,0.43359879836424364,2021,-0.017715731536699253,-0.0170632059601058
Limpopo,Ward 94703029,LIM473,3724,0.3643931256713211,False,8.222553638396958,0.4375485303610187,2021,-0.0982512902465223,-0.04390243902439028
Limpopo,Ward 94703030,LIM473,3617,0.3558197401161183,False,8.193400231952097,0.43783430987952543,2021,-0.13507042125816593,-0.05856324830817283
Limpopo,Ward 94703031,LIM473,3674,0.4387588459444747,False,8.20903626577507,0.4350696730185802,2021,-0.060016664259606944,-0.00027210884353745524
Mpumalanga,Ward 83001001,MP301,4084,0.4201762977473066,False,8.314832179284556,0.43766827042131023,2021,-0.18354042751638,0.025615268709191286
Mpumalanga,Ward 83001002,MP301,4211,0.4086915222037521,False,8.345455428161928,0.43814680273562506,2021,-0.16559352778462272,-0.02092536619390839
Mpumalanga,Ward 83001003,MP301,3665,0.4676671214188267,False,8.206583614320753,0.4356894861016636,2021,-0.08682262012127451,-0.02344790833999466
Mpumalanga,Ward 83001004,MP301,3573,0.4240134340890008,False,8.181160858023409,0.43750838974040634,2021,-0.11342784803313238,-0.012710693561757358
Mpumalanga,Ward 83001005,MP301,3277,0.351235886481538,False,8.094683648698815,0.44054078755738396,2021,-0.18740511672639432,-0.04432779235928841
Mpumalanga,Ward 83001006,MP301,3385,0.3704579025110783,False,8.127109185346375,0.43973987022281985,2021,-0.19818547685529048,-0.08340102897373414
Mpumalanga,Ward 83001007,MP301,4479,0.4567983924983255,False,8.4071550862073,0.4361423498066845,2021,-0.104274363741717,0.18932554434413174
Mpumalanga,Ward 83001008,MP301,3433,0.3952810952519662,False,8.141189793457691,0.43870557052528275,2021,-0.14666901812671862,0.1120829284094591
Mpumalanga,Ward 83001009,MP301,3265,0.4823889739663093,False,8.09101504171053,0.43507607557885186,2021,-0.10822510491536819,-0.1849725411882177
Mpumalanga,Ward 83001010,MP301,4367,0.411037325395008,False,8.381831553485561,0.43804906093598944,2021,-0.23613858901156087,0.08658870365762628
Mpumalanga,Ward 83001011,MP301,3812,0.385099685204617,False,8.245909264774093,0.4391297959439224,2021,-0.15081040251468125,0.04495614035087714
Mpumalanga,Ward 83001012,MP301,3541,0.5261225642473878,False,8.172164452111904,0.43325384265047356,2021,-0.08029305639417428,-0.012273361227336133
Mpumalanga,Ward 83001013,MP301,3760,0.4954787234042553,False,8.23217423638394,0.43453066935227075,2021,-0.0952114852634815,0.2070626003210272
Mpumalanga,Ward 83001014,MP301,3542,0.4339356295878035,False,8.17244681834278,0.43709496492795624,2021,-0.18655092611001978,-0.09295774647887323
Mpumalanga,Ward 83001015,MP301,3895,0.4454428754813864,False,8.267448958304849,0.43661549634905694,2021,-0.16233466999216573,-0.18565753711060007
Mpumalanga,Ward 83001016,MP301,4710,0.4078556263269639,False,8.457443187010464,0.43818163173049124,2021,-0.1885140894599957,0.12491043706711258
Mpumalanga,Ward 83001017,MP301,3147,0.4207181442643787,False,8.054204897064407,0.43764569348309895,2021,-0.18630159876288543,-0.013788780946411783
Mpumalanga,Ward 83001018,MP301,3663,0.5432705432705432,False,8.206037762778815,0.4325393435245088,2021,-0.11541490273884647,-0.14014084507042257
Mpumalanga,Ward 83001019,MP301,3640,0.4579670329670329,False,8.199738960630786,0.43609365645382164,2021,-0.2406213977000028,0.007473014115693344
Mpumalanga,Ward 83001020,MP301,2964,0.395748987854251,False,7.994294986415977,0.4386860750001876,2021,-0.17096003374676555,-0.05844980940279543
Mpumalanga,Ward 83001021,MP301,3787,0.4386057565355162,False,8.239329427901795,0.4369003763051349,2021,-0.13415826569793504,-0.04320363820111173
Mpumalanga,Ward 83001022,MP301,3603,0.4254787676935886,False,8.189522110748094,0.43744733417354853,2021,-0.13572497366468717,0.46522976819845474
Mpumalanga,Ward 83001023,MP301,3056,0.4954188481675393,False,8.024862150286411,0.4345331641538006,2021,-0.13970310305197292,-0.006178861788617929
Mpumalanga,Ward 83001024,MP301,4383,0.4398813597992242,False,8.38548870041881,0.436847226169147,2021,-0.162082558903676,0.0009134505594885489
Mpumalanga,Ward 83001025,MP301,3561,0.4254422914911541,False,8.177796683277778,0.4374488540153167,2021,-0.17604490211942148,-0.019278435692646645
Mpumalanga,Ward 83002001,MP302,3096,0.3856589147286822,False,8.037866234709618,0.4060197617299404,2021,-0.15436649823192772,-0.016518424396442133
Mpumalanga,Ward 83002002,MP302,4284,0.3837535014005602,False,8.36264243156764,0.40612561802594727,2021,-0.1983909992897297,-0.014265991716520987
Mpumalanga,Ward 83002003,MP302,4714,0.4734832414085702,False,8.458292083496076,0.4011406324699467,2021,-0.14670589428529396,0.03672751264570051
Mpumalanga,Ward 83002004,MP302,2833,0.3582774444052241,False,7.949091499830517,0.4075409545256881,2021,-0.14328342968426605,-0.01734304543877907
Mpumalanga,Ward 83002005,MP302,3511,0.4212475078325263,False,8.163656176168432,0.40404261766861577,2021,-0.1143593126288579,0.1738548980274155
Mpumalanga,Ward 83002006,MP302,3148,0.3230622617534943,False,8.054522609537294,0.4094973535618953,2021,-0.13292865249977093,-0.10618966496308913
Mpumalanga,Ward 83002007,MP302,3912,0.4299591002044989,False,8.271804031154709,0.4035586403146173,2021,-0.06735962210839452,-0.08789927722079738
Mpumalanga,Ward 83002008,MP302,4537,0.4333259863345823,False,8.420021279663963,0.40337159108516824,2021,-0.19072344332321234,0.07818441064638781
Mpumalanga,Ward 83002009,MP302,4459,0.3785602152949092,False,8.402679804627477,0.40641413392070563,2021,-0.19604787450574884,-0.13702341784401006
Mpumalanga,Ward 83002010,MP302,3377,0.5193959135327213,False,8.124743020385568,0.39858992846304936,2021,-0.10976231614619103,-0.023141452126120954
Mpumalanga,Ward 83002011,MP302,1364,0.4266862170087976,False,7.218176838403408,0.40374046715882295,2021,-0.1413495471711409,-0.6188879575300363
Mpumalanga,Ward 83002012,MP302,3491,0.4457175594385563,False,8.157943507105037,0.40268317035716966,2021,-0.16699920356722409,-0.03908615469309107
Mpumalanga,Ward 83002013,MP302,3922,0.2656807751147373,False,8.274357006756292,0.41268521393071517,2021,-0.259206102713317,-0.06596808763991424
Mpumalanga,Ward 83002014,MP302,3007,0.3774526105753242,False,8.008698182988528,0.4064756675162381,2021,-0.20531305699960767,0.024182561307901862
Mpumalanga,Ward 83002015,MP302,4221,0.4517886756692726,False,8.347827345782498,0.40234588612212985,2021,-0.2204505520208616,-0.006121968448316473
Mpumalanga,Ward 83002016,MP302,3834,0.3221178925404278,False,8.251663923605589,0.4095498185181768,2021,-0.2323013916085861,-0.29985390796201605
Mpumalanga,Ward 83002017,MP302,3168,0.3983585858585858,False,8.060855752934316,0.4053142244449458,2021,-0.12747113997114007,-0.08571428571428574
Mpumalanga,Ward 83002018,MP302,6176,0.3711139896373057,False,8.728426091704613,0.4068278131239058,2021,-0.21416772749569546,1.367190494442315
Mpumalanga,Ward 83002019,MP302,2608,0.5283742331288344,False,7.866338923046544,0.39809113292993203,2021,-0.15170166819943887,-0.010246679316888052
Mpumalanga,Ward 83003001,MP303,3625,0.4082758620689655,False,8.195609567288775,0.4398285793719693,2021,-0.07826552950035903,-0.0794819705434231
Mpumalanga,Ward 83003002,MP303,3234,0.4604205318491032,False,8.081475040137052,0.4369316532730727,2021,-0.11144070163107306,-0.10958149779735682
Mpumalanga,Ward 83003003,MP303,4201,0.3680076172339919,False,8.343077871169383,0.4420657040850233,2021,-0.17583687520661284,-0.0926565874730022
Mpumalanga,Ward 83003004,MP303,3496,0.4631006864988558,False,8.159374736775426,0.43678275579253095,2021,-0.15713433786342573,0.0020063055316710265
Mpumalanga,Ward 83003005,MP303,3929,0.4054466785441588,False,8.27614021955846,0.4399857562344585,2021,-0.18284624332701432,-0.03771736468283127
Mpumalanga,Ward 83003006,MP303,3404,0.4858989424206815,False,8.132706489693264,0.43551618601909614,2021,-0.1256426017951881,-0.09056906224953243
Mpumalanga,Ward 83003007,MP303,3759,0.5493482309124768,False,8.231908243564177,0.43199122554732977,2021,-0.05987695696002904,-0.025913449080072537
Mpumalanga,Ward 83003008,MP303,4184,0.4263862332695984,False,8.339023005744759,0.4388224476386008,2021,-0.1637152895730412,0.061928934010152314
Mpumalanga,Ward 83003009,MP303,4810,0.4478170478170478,False,8.478452363099807,0.4376318468304092,2021,-0.12870741590915125,0.15931549771029174
Mpumalanga,Ward 83003010,MP303,3750,0.4384,False,8.229511118964457,0.4381550161535785,2021,-0.13436702061211736,0.17114303560274835
Mpumalanga,Ward 83003011,MP303,3749,0.3963723659642571,False,8.229244416735913,0.4404898847111197,2021,-0.1696481585511363,-0.14503990877993156
Mpumalanga,Ward 83003012,MP303,3111,0.4506589521054323,False,8.042699496897637,0.43747396325883225,2021,-0.10253253725626987,-0.0544072948328268
Mpumalanga,Ward 83003013,MP303,5581,0.2693065758824583,False,8.627123250788433,0.44754909527121967,2021,-0.2817473523956693,0.5277853818779086
Mpumalanga,Ward 83003014,MP303,2355,0.4590233545647558,False,7.764296006450518,0.43700927423331426,2021,-0.14259854102571562,-0.40319310694374044
Mpumalanga,Ward 83003015,MP303,2942,0.4989802855200544,False,7.9868449011613825,0.43478944473579767,2021,-0.13844226714413393,-0.2708798017348203
Mpumalanga,Ward 83003016,MP303,3876,0.3431372549019608,False,8.262558973010657,0.44344739088124735,2021,-0.11078093139670853,-0.04484967964514541
Mpumalanga,Ward 83003017,MP303,4052,0.4740868706811451,False,8.306965865368573,0.4361724122268482,2021,-0.14953031480895007,0.04244918960638033
Mpumalanga,Ward 83003018,MP303,2999,0.4774924974991664,False,8.00603417874901,0.4359832107369581,2021,-0.003007870418419989,0.10338484179543772
Mpumalanga,Ward 83003019,MP303,3465,0.503030303030303,False,8.150467911624004,0.43456444376300607,2021,-0.11343256604216934,0.03340292275574108
Mpumalanga,Ward 83004001,MP304,4137,0.4367899444041576,False,8.327726166461412,0.44520246366403066,2021,-0.2356445665307138,-0.005767844268204758
Mpumalanga,Ward 83004002,MP304,2500,0.4708,False,7.824046010856292,0.44180145810444643,2021,-0.1274142857142857,0.014610389610389518
Mpumalanga,Ward 83004003,MP304,3205,0.5017160686427458,False,8.07246736935477,0.4387098512401718,2021,-0.1324713892129521,0.08057990559676331
Mpumalanga,Ward 83004004,MP304,4153,0.4481098001444739,False,8.331586243630754,0.444070478089999,2021,-0.08301739737362335,-0.14105480868665976
Mpumalanga,Ward 83004005,MP304,4019,0.4608111470515053,False,8.2987883944492,0.4428003433992959,2021,-0.1376715728136254,0.12924978926664799
Mpumalanga,Ward 83004006,MP304,3529,0.4182487956928308,False,8.16876982367527,0.44705657853516334,2021,-0.19374999839821527,0.06391317455532097
Mpumalanga,Ward 83004007,MP304,4025,0.4834782608695652,False,8.300280189852664,0.4405336320174899,2021,-0.11714902611422989,0.05201254573967584
Mpumalanga,Ward 83004008,MP304,2782,0.4180445722501797,False,7.930925372483388,0.4470770008794284,2021,-0.20454678987606617,-0.0757475083056478
Mpumalanga,Ward 83004009,MP304,2991,0.4209294550317619,False,8.003363058629947,0.4467885126012702,2021,-0.14596178654667896,-0.04042348411934549
Mpumalanga,Ward 83004010,MP304,3267,0.4573002754820937,False,8.09162741160107,0.443151430556237,2021,-0.09612230597787091,-0.1747916140439505
Mpumalanga,Ward 83004011,MP304,3159,0.3725862614751503,False,8.058010800802085,0.4516228319569314,2021,-0.17958897430215426,-0.03894128384545181
Mpumalanga,Ward 83005001,MP305,3140,0.4471337579617834,False,8.0519780789023,0.4582583417903159,2021,-0.15553629925372842,-0.00190718372536558
Mpumalanga,Ward 83005002,MP305,2996,0.4382510013351134,False,8.005033344637111,0.4588928244065066,2021,-0.07400624158115532,-0.04616364215218083
Mpumalanga,Ward 83005003,MP305,3576,0.4614093959731543,False,8.182000136293405,0.4572386533609322,2021,-0.11159265320717354,-0.0840163934426229
Mpumalanga,Ward 83005004,MP305,2783,0.5831836148041681,False,7.931284761525891,0.4485404948730026,2021,-0.10493701778134124,0.023538065465244618
Mpumalanga,Ward 83005005,MP305,3797,0.4511456412957598,False,8.241966560231802,0.4579717786950318,2021,-0.07999165132265812,-0.08704015388314501
Mpumalanga,Ward 83005006,MP305,3097,0.4394575395544075,False,8.038189179973203,0.4588066431051284,2021,-0.06068263426112375,-0.13176338659938325
Mpumalanga,Ward 83005007,MP305,4391,0.4691414256433614,False,8.387312270561717,0.45668636552734604,2021,-0.09270854116345423,-0.028324850630670473
Mpumalanga,Ward 83005008,MP305,3191,0.4763397054214979,False,8.068089626278244,0.4561722026860506,2021,-0.05401420829588782,-0.17566520278997677
Mpumalanga,Ward 83005009,MP305,3095,0.4778675282714055,False,8.037543185118697,0.45606307248248573,2021,-0.12402074867588014,0.2175452399685287
Mpumalanga,Ward 83005010,MP305,4512,0.4802748226950354,False,8.414495793177895,0.45589112288079786,2021,-0.11641597358211042,0.5553257497414685
Mpumalanga,Ward 83005011,MP305,4490,0.3968819599109131,False,8.4096079807363,0.4618477559368066,2021,-0.16608398810440023,-0.09530525891597819
Mpumalanga,Ward 83005012,MP305,3204,0.416354556803995,False,8.07215530818825,0.46045685615872933,2021,-0.1169787765293383,0.05221674876847282
Mpumalanga,Ward 83005013,MP305,2446,0.4035159443990188,False,7.802209316247118,0.4613738999019419,2021,-0.24406440284885705,-0.09641669745105286
Mpumalanga,Ward 83005014,MP305,3658,0.5101148168398032,False,8.204671828950811,0.45375969472760014,2021,-0.12468102389060509,-0.07227998985544004
Mpumalanga,Ward 83005015,MP305,2740,0.4116788321167883,False,7.9157131993821155,0.4607908364935298,2021,-0.17832601989679736,-0.3352741387675886
Mpumalanga,Ward 83006001,MP306,3819,0.4689709347996857,False,8.247743887225516,0.4595287721705662,2021,-0.11476112261658228,-0.038277511961722466
Mpumalanga,Ward 83006002,MP306,3839,0.4529825475384215,False,8.252967195000798,0.4627264496228191,2021,-0.09418163156605608,0.1459701492537313
Mpumalanga,Ward 83006003,MP306,2714,0.5062638172439204,False,7.906178840394815,0.45207019568171936,2021,-0.12024220685246512,-0.03827072997873848
Mpumalanga,Ward 83006004,MP306,3901,0.4360420405024353,False,8.268988209506656,0.4661145510300163,2021,-0.1990456787958103,-0.08748538011695906
Mpumalanga,Ward 83006005,MP306,3175,0.4192125984251968,False,8.063062911326792,0.469480439445464,2021,-0.1667709115865817,-0.06507656065959955
Mpumalanga,Ward 83006006,MP306,3500,0.4831428571428571,False,8.160518247477505,0.45669438770193194,2021,-0.13508442821418654,-0.027507641011392026
Mpumalanga,Ward 83007001,MP307,3709,0.4405500134807226,False,8.21851757748959,0.4004742291515708,2021,-0.109107085833476,-0.057912115824231614
Mpumalanga,Ward 83007002,MP307,3712,0.3752693965517241,False,8.21932609390609,0.4025800555041191,2021,-0.17852059700636047,-0.2029203349796006
Mpumalanga,Ward 83007003,MP307,3642,0.4071938495332235,False,8.200288260287554,0.40155023444019977,2021,-0.11292863515619028,-0.2034120734908137
Mpumalanga,Ward 83007004,MP307,3869,0.4443008529335746,False,8.260751354700513,0.40035323433051107,2021,-0.014590602031783417,-0.10646651270207852
Mpumalanga,Ward 83007005,MP307,3693,0.5840779853777417,False,8.214194414852564,0.39584429457424763,2021,-0.042839525476093376,0.06888567293777137
Mpumalanga,Ward 83007006,MP307,4133,0.4212436486813453,False,8.326758814511733,0.401097015112841,2021,-0.2565598577692005,0.36718491564670863
Mpumalanga,Ward 83007007,MP307,3364,0.4051724137931034,False,8.120886021092838,0.40161544204471983,2021,-0.12582489078910686,0.007487271638215054
Mpumalanga,Ward 83007008,MP307,4643,0.2972216239500323,False,8.443115988019922,0.4050977255880447,2021,-0.13425609012431566,-0.14129831699648598
Mpumalanga,Ward 83007009,MP307,4964,0.3319903303787268,False,8.509967146324497,0.4039761544129255,2021,-0.12767102420294651,0.2360557768924303
Mpumalanga,Ward 83007010,MP307,5416,0.348781388478582,False,8.59711281459211,0.4034345073774463,2021,-0.10878192432087042,-0.0732375085557837
Mpumalanga,Ward 83007011,MP307,5532,0.2915762834417932,False,8.61830469278465,0.40527983334637496,2021,-0.14355613358804248,-0.07274555816292327
Mpumalanga,Ward 83007012,MP307,3655,0.3373461012311901,False,8.203851372183879,0.40380338761123313,2021,-0.12162825774316882,-0.06282051282051282
Mpumalanga,Ward 83007013,MP307,3882,0.3433797011849562,False,8.264105763728956,0.40360875535466006,2021,-0.1501267923215373,-0.06637806637806642
Mpumalanga,Ward 83007014,MP307,4410,0.3526077097505669,False,8.391629968440892,0.40331107765899515,2021,-0.1134477366585141,-0.037328094302554016
Mpumalanga,Ward 83007015,MP307,3244,0.3914919852034525,False,8.084562415235304,0.40205674619277304,2021,-0.2038420550934722,-0.311983032873807
Mpumalanga,Ward 83007016,MP307,6112,0.3722185863874345,False,8.718009330846357,0.4026784687352252,2021,-0.3020075351156279,0.011753021023009458
Mpumalanga,Ward 83007017,MP307,4361,0.3290529695024077,False,8.380456667842767,0.40407090798958095,2021,-0.1473835745240495,-0.09859446052087639
Mpumalanga,Ward 83007018,MP307,4930,0.4391480730223123,False,8.503094267036737,0.40051945303732595,2021,-0.09372064048305595,-0.07138820870220386
Mpumalanga,Ward 83007019,MP307,3445,0.3544267053701015,False,8.144679183447758,0.4032524003809457,2021,-0.13947896500615709,-0.08717541070482249
Mpumalanga,Ward 83007020,MP307,3830,0.3869451697127937,False,8.250620082174692,0.40220341766021367,2021,-0.17103148398370438,-0.006485084306095956
Mpumalanga,Ward 83007021,MP307,4724,0.5124894157493649,False,8.460411177317253,0.3981536032719372,2021,-0.05167470472204494,0.03099083369707545
Mpumalanga,Ward 83007022,MP307,2635,0.4990512333965844,False,7.876638460975463,0.39858709302525264,2021,-0.09067127431153477,-0.45837615621788286
Mpumalanga,Ward 83007023,MP307,7092,0.3629441624365482,False,8.866722667194098,0.4029776437013829,2021,-0.21044293433764533,0.9064516129032258
Mpumalanga,Ward 83007024,MP307,6081,0.3774050320670942,False,8.71292443512011,0.40251116403588144,2021,-0.18296931169003883,0.38803926044282133
Mpumalanga,Ward 83007025,MP307,6640,0.4734939759036145,False,8.80086724247048,0.3994115206863162,2021,-0.15492132464283365,0.13387978142076506
Mpumalanga,Ward 83007026,MP307,2893,0.4078810922917387,False,7.970049304976135,0.4015280653189574,2021,-0.14463122297919723,-0.4299507389162561
Mpumalanga,Ward 83007027,MP307,2877,0.4313521028849496,False,7.964503363551548,0.40077093594498286,2021,-0.0866217533242008,-0.05980392156862746
Mpumalanga,Ward 83007028,MP307,5636,0.4934350603264726,False,8.636929873018572,0.3987682598984821,2021,-0.11503434573848342,0.011304503857886283
Mpumalanga,Ward 83007029,MP307,4770,0.330607966457023,False,8.470101583882387,0.40402074679749655,2021,-0.12676109566234361,-0.03166869671132766
Mpumalanga,Ward 83007030,MP307,4376,0.626599634369287,False,8.383890344101816,0.39447262847774617,2021,-0.032679027730249555,-0.1182752367519645
Mpumalanga,Ward 83007031,MP307,3708,0.3249730312837109,False,8.218247926685745,0.4042025188998615,2021,-0.09933955916491427,0.07322720694645435
Mpumalanga,Ward 83007032,MP307,5080,0.3610236220472441,False,8.533066540572527,0.4030395966171669,2021,-0.13214310969816784,-0.00819992190550567
Mpumalanga,Ward 83101001,MP311,3398,0.5076515597410242,False,8.130942302231878,0.5197743909847825,2021,-0.0033247545281843705,-0.018486424032351234
Mpumalanga,Ward 83101002,MP311,3112,0.5086760925449871,False,8.043020885298283,0.5196463243842872,2021,0.04223625338631104,-0.03742653881843494
Mpumalanga,Ward 83101003,MP311,4987,0.4559855624624022,False,8.514589805546123,0.5262326406446103,2021,-0.08486411074021216,0.018586601307189587
Mpumalanga,Ward 83101004,MP311,3507,0.5061305959509552,False,8.162516250140179,0.5199645114585412,2021,-0.04542747770343569,-0.006515580736543902
Mpumalanga,Ward 83101005,MP311,4151,0.5538424476029873,False,8.33110454805304,0.5140005300020372,2021,0.009348565511774876,0.15433815350389324
Mpumalanga,Ward 83101006,MP311,3505,0.5392296718972895,False,8.16194579946869,0.5158271269652493,2021,-0.046109496592863675,-0.04130196936542674
Mpumalanga,Ward 83101007,MP311,3983,0.497614863168466,False,8.289790583181643,0.5210289780563523,2021,-0.035890958306307674,0.030530401034928767
Mpumalanga,Ward 83101008,MP311,3879,0.5467904098994586,False,8.263332667439967,0.5148820347149782,2021,-0.03404622096543686,0.09638213680045227
Mpumalanga,Ward 83101009,MP311,4026,0.5499254843517138,False,8.300528606199737,0.5144901504084463,2021,-0.11293165850542897,0.09551020408163269
Mpumalanga,Ward 83102001,MP312,4330,0.3452655889145496,False,8.373322820996535,0.392301228746838,2021,-0.16096596241375472,-0.289931124959003
Mpumalanga,Ward 83102002,MP312,5913,0.3767968882124133,False,8.68490859582083,0.3913457348287209,2021,-0.0816594593202733,0.24694221847321796
Mpumalanga,Ward 83102003,MP312,5750,0.328,False,8.656955133791396,0.3928244284109153,2021,-0.13609921671018277,-0.0616840731070496
Mpumalanga,Ward 83102004,MP312,4745,0.3723919915700737,False,8.464846711044029,0.39147921654515544,2021,-0.13254056329201608,-0.04469498691362994
Mpumalanga,Ward 83102005,MP312,4686,0.4107981220657277,False,8.452334619067742,0.3903153944089235,2021,-0.10535008478983005,-0.07152764018228652
Mpumalanga,Ward 83102006,MP312,3963,0.3838001514004542,False,8.284756593190435,0.39113351473211366,2021,-0.06388919391405151,-0.36408857509627723
Mpumalanga,Ward 83102007,MP312,6115,0.3746524938675388,False,8.718500048121273,0.3914107164755353,2021,-0.1788521790296575,0.42873831775700944
Mpumalanga,Ward 83102008,MP312,4962,0.3345425231761386,False,8.509564164251746,0.3926261701328505,2021,-0.1419378310020573,-0.0846707249584947
Mpumalanga,Ward 83102009,MP312,5154,0.3936748156771439,False,8.54752839121231,0.39083428248130486,2021,-0.0742490149754721,-0.047143649473100346
Mpumalanga,Ward 83102010,MP312,4477,0.3073486709850346,False,8.406708458240965,0.39345022625985365,2021,-0.12795362227417317,-0.3777623349548297
Mpumalanga,Ward 83102011,MP312,5441,0.363168535195736,False,8.601718146485926,0.3917587152231657,2021,-0.0826639007293124,0.17187163471893174
Mpumalanga,Ward 83102012,MP312,7355,0.433718558803535,False,8.903135633035538,0.38962083571989903,2021,-0.13713858405360785,0.40095238095238095
Mpumalanga,Ward 83102013,MP312,5119,0.4235202187927329,False,8.540714386457584,0.389929876326287,2021,-0.10061149072463288,0.15448804691023899
Mpumalanga,Ward 83102014,MP312,7792,0.2954312114989733,False,8.960852845322371,0.39381136139579487,2021,-0.1366937402943163,0.5025067489394524
Mpumalanga,Ward 83102015,MP312,5137,0.4124975666731555,False,8.544224530467268,0.39026389608748635,2021,-0.05033216953787567,-0.31561417532640557
Mpumalanga,Ward 83102016,MP312,4097,0.3624603368318281,False,8.318010277546872,0.39178017577964774,2021,-0.14365522622173577,-0.1360185575706453
Mpumalanga,Ward 83102017,MP312,4501,0.451233059320151,False,8.412054873292933,0.3890900932800016,2021,-0.05751987336348008,-0.18769175239126512
Mpumalanga,Ward 83102018,MP312,6812,0.4440692894891368,False,8.826441041782578,0.38930717721427477,2021,-0.16340472006410844,-0.04298960382129813
Mpumalanga,Ward 83102019,MP312,5450,0.3544954128440367,False,8.60337088765729,0.3920215371126111,2021,-0.1503266106523687,-0.044362616166929714
Mpumalanga,Ward 83102020,MP312,6335,0.4806629834254143,False,8.75384509275524,0.3881982773980239,2021,-0.16360515128961156,0.02574481865284972
Mpumalanga,Ward 83102021,MP312,6801,0.3761211586531392,False,8.824824939175638,0.39136621148203227,2021,-0.13076024691055044,-0.004245973645680801
Mpumalanga,Ward 83102022,MP312,4690,0.229637526652452,False,8.453187861440325,0.39580510942144703,2021,-0.12497871361451132,0.04338153503893216
Mpumalanga,Ward 83102023,MP312,6223,0.4329101719427928,False,8.736007384569218,0.3896453322914367,2021,-0.10015700389473536,0.08019441069258804
Mpumalanga,Ward 83102024,MP312,5643,0.5362395888711678,False,8.63817111796914,0.38651413783906174,2021,-0.13560076589601622,0.04268292682926833
Mpumalanga,Ward 83102025,MP312,6334,0.4663719608462267,False,8.753687227098585,0.38863133868830235,2021,-0.08457383473476199,0.006835161341599116
Mpumalanga,Ward 83102026,MP312,5451,0.4402861860209136,False,8.603554357064281,0.38942181671331183,2021,-0.07023718890924097,0.015272862730489889
Mpumalanga,Ward 83102027,MP312,3873,0.3787761425251743,False,8.261784679514752,0.3912857574253039,2021,-0.06596713375844432,-0.05305623471882637
Mpumalanga,Ward 83102028,MP312,4981,0.4039349528207187,False,8.513385953073284,0.3905233692345299,2021,-0.10201198222045238,-0.08856358645928641
Mpumalanga,Ward 83102029,MP312,7487,0.3670361960731935,False,8.920923462230686,0.39164151337839426,2021,-0.1501141997051706,0.09747874523600109
Mpumalanga,Ward 83102030,MP312,5643,0.3058656742867269,False,8.63817111796914,0.39349516555374175,2021,-0.37809223599571723,0.04172050950710715
Mpumalanga,Ward 83102031,MP312,5628,0.3066808813077469,False,8.63550941823428,0.3934704623106805,2021,-0.15008883269456752,-0.06959828070755492
Mpumalanga,Ward 83102032,MP312,4374,0.3388203017832647,False,8.383433201236713,0.3924965404780891,2021,-0.032211861344757065,-0.08051292831616563
Mpumalanga,Ward 83102033,MP312,5423,0.4956666052000738,False,8.59840444684106,0.38774362219273123,2021,-0.1297721724171057,0.11976047904191622
Mpumalanga,Ward 83102034,MP312,6078,0.5643303718328397,False,8.712430973476739,0.3856629019917383,2021,-0.11052630302383515,-0.004422604422604448
Mpumalanga,Ward 83103001,MP313,3761,0.3608082956660463,False,8.232440158470336,0.448203710981686,2021,-0.11425302894556444,0.5376124284546198
Mpumalanga,Ward 83103002,MP313,3162,0.5003162555344719,False,8.058960017769417,0.443221283843528,2021,0.047437238928908,-0.31809359499676515
Mpumalanga,Ward 83103003,MP313,3587,0.4502369668246445,False,8.185071477532283,0.445009829868879,2021,-0.028477892613106515,-0.039625167336010736
Mpumalanga,Ward 83103004,MP313,3516,0.3407281001137656,False,8.165079258805068,0.44892086082283894,2021,-0.07898734704070592,-0.10670731707317072
Mpumalanga,Ward 83103005,MP313,3204,0.2893258426966292,False,8.07215530818825,0.4507566557305938,2021,-0.09779862082268409,-0.08326180257510729
Mpumalanga,Ward 83103006,MP313,3276,0.4331501831501831,False,8.09437844497296,0.4456200721429669,2021,-0.14117414117414123,-0.18018018018018023
Mpumalanga,Ward 83103007,MP313,3266,0.3940600122473974,False,8.09132127353041,0.4470161496752092,2021,-0.1128569838000334,0.07575757575757569
Mpumalanga,Ward 83103008,MP313,4451,0.3370029206919793,False,8.400884069015854,0.44905390294504555,2021,-0.07043426523766894,-0.10532663316582913
Mpumalanga,Ward 83103009,MP313,2264,0.5008833922261484,False,7.724888439323074,0.4432010289616824,2021,-0.15716054824160497,-0.1977321048901488
Mpumalanga,Ward 83103010,MP313,4317,0.3685429696548529,False,8.370315995555478,0.447927472624943,2021,-0.08085547337416332,0.01840056617126673
Mpumalanga,Ward 83103011,MP313,4487,0.3262759081791843,False,8.408939605975984,0.44943701053478824,2021,-0.186424626580174,0.4996657754010696
Mpumalanga,Ward 83103012,MP313,4990,0.5995991983967935,False,8.515191188745565,0.4396754644555879,2021,-0.1015150685903159,0.09023377758356999
Mpumalanga,Ward 83103013,MP313,4541,0.5276370843426558,False,8.420902531097951,0.4422455399575214,2021,-0.06878438683030641,0.003092555776452288
Mpumalanga,Ward 83103014,MP313,3520,0.5960227272727273,False,8.166216268592143,0.4398031955671617,2021,-0.0676842649581273,-0.023307436182020025
Mpumalanga,Ward 83103015,MP313,2452,0.5831973898858075,False,7.804659297056102,0.44026124333098027,2021,-0.06162537130822232,-0.4281716417910447
Mpumalanga,Ward 83103016,MP313,4978,0.6054640417838489,False,8.512783482927537,0.43946600576319306,2021,-0.09733215308498933,0.43499567598731614
Mpumalanga,Ward 83103017,MP313,5608,0.3853423680456491,False,8.631949428714426,0.44732749411098593,2021,-0.069594936029586,1.1974921630094042
Mpumalanga,Ward 83103018,MP313,3634,0.4554210236653825,False,8.198089248956116,0.44482468498170974,2021,-0.047263540093006706,0.2194630872483221
Mpumalanga,Ward 83103019,MP313,2907,0.4551083591331269,False,7.9748769005588755,0.4448358515721474,2021,-0.05214268824038254,-0.06316467934257175
Mpumalanga,Ward 83103020,MP313,3726,0.4473966720343532,False,8.223090551161533,0.4451112689685322,2021,-0.10763967272161779,-0.032710280373831724
Mpumalanga,Ward 83103021,MP313,3081,0.4394677052904901,False,8.033009498596668,0.4453944463522416,2021,-0.062368280021627365,-0.05722154222766218
Mpumalanga,Ward 83103022,MP313,2772,0.4953102453102453,False,7.927324360309794,0.44340006992296466,2021,-0.030281809693574357,-0.2941176470588235
Mpumalanga,Ward 83103023,MP313,4486,0.4440481497993758,False,8.408716715080153,0.44523085904835286,2021,-0.13180463296543565,0.006732495511669656
Mpumalanga,Ward 83103024,MP313,4072,0.4029960707269155,False,8.311889558230359,0.4466970047295121,2021,-0.13603738652215508,-0.05390334572490707
Mpumalanga,Ward 83103025,MP313,3009,0.3911598537720173,False,8.009363076630045,0.44711972676361567,2021,-0.1788557630941982,-0.2168141592920354
Mpumalanga,Ward 83103026,MP313,6543,0.3594681338835396,False,8.78615105486974,0.4482515739024898,2021,-0.14879359777541612,0.44150693985459344
Mpumalanga,Ward 83103027,MP313,3475,0.4097841726618705,False,8.153349757998892,0.44645457251754944,2021,-0.05085722675503912,0.013119533527696792
Mpumalanga,Ward 83103028,MP313,882,0.5351473922902494,False,6.782192056006791,0.44197731467367873,2021,0.07190936778226575,-0.8362421091719272
Mpumalanga,Ward 83103029,MP313,4532,0.4766107678729038,False,8.418918622147897,0.4440679084028697,2021,-0.06558037431823838,0.05641025641025643
Mpumalanga,Ward 83104001,MP314,3997,0.4953715286464848,False,8.293299358711323,0.4670414250123192,2021,-0.13421896012498147,0.05601056803170401
Mpumalanga,Ward 83104002,MP314,2757,0.437069278200943,False,7.921898411023797,0.4753703179331109,2021,-0.08394188397896507,-0.09487852921864737
Mpumalanga,Ward 83104003,MP314,3125,0.4512,False,8.047189562170502,0.4733516433903885,2021,-0.10806493108728948,-0.04287901990811638
Mpumalanga,Ward 83104004,MP314,3533,0.5225021228417775,False,8.169902647359145,0.4631656258415631,2021,-0.07644320049988218,-0.019428254232583986
Mpumalanga,Ward 83104005,MP314,3251,0.3857274684712396,False,8.086717920303906,0.48270486218021136,2021,-0.05145201870824756,0.38931623931623927
Mpumalanga,Ward 83104006,MP314,2892,0.4401798063623789,False,7.969703583278656,0.4749259567671915,2021,-0.12392275774018519,-0.2584615384615384
Mpumalanga,Ward 83104007,MP314,3773,0.517095149748211,False,8.235625719964311,0.4639380505692155,2021,-0.05574226924305414,0.0631163708086786
Mpumalanga,Ward 83104008,MP314,3158,0.5155161494616846,False,8.057694194815587,0.46416362203871925,2021,-0.08296630390537207,-0.0015807777426494196
Mpumalanga,Ward 83105001,MP315,4207,0.420251961017352,False,8.344505083590521,0.4086538868109452,2021,-0.1666671439740421,0.2068273092369477
Mpumalanga,Ward 83105002,MP315,5510,0.4368421052631579,False,8.61431990214696,0.4081187208675321,2021,-0.12034906243129206,0.09608116172667591
Mpumalanga,Ward 83105003,MP315,5018,0.3826225587883619,False,8.520786726926367,0.4098677384957513,2021,-0.12836447291192626,-0.09618155619596547
Mpumalanga,Ward 83105004,MP315,4507,0.3605502551586421,False,8.413387022690648,0.4105797482902584,2021,-0.19354247523632068,-0.14004960885327222
Mpumalanga,Ward 83105005,MP315,4179,0.399617133285475,False,8.337827262447915,0.4093195264151993,2021,-0.17633223380313257,-0.020393811533052086
Mpumalanga,Ward 83105006,MP315,5266,0.4105582985187998,False,8.569026340056254,0.40896658560122107,2021,-0.1662865322561216,-0.02607730719437762
Mpumalanga,Ward 83105007,MP315,3328,0.4296875,False,8.1101268019411,0.40834951458569846,2021,-0.1191110760901809,-0.012755858795609587
Mpumalanga,Ward 83105008,MP315,5477,0.4203030856308198,False,8.608312784783722,0.4086522376298656,2021,-0.11206567712191623,0.01595251344833981
Mpumalanga,Ward 83105009,MP315,5282,0.3780764861794775,False,8.572060092857077,0.4100143859992637,2021,-0.17984215928820785,0.09064629361965726
Mpumalanga,Ward 83105010,MP315,4820,0.3821576763485477,False,8.480529207044645,0.40988273470348724,2021,-0.16631611900564702,-0.0746784411595316
Mpumalanga,Ward 83105011,MP315,5597,0.4111130963015901,False,8.62998601889136,0.4089486888985504,2021,-0.12435403172609161,-0.031660899653979224
Mpumalanga,Ward 83105012,MP315,4567,0.4738340267133786,False,8.426611813185,0.4069254330788153,2021,-0.11511017029998272,0.19648938957296314
Mpumalanga,Ward 83105013,MP315,4700,0.4089361702127659,False,8.45531778769815,0.40901891232077053,2021,-0.14579786141590528,-0.0347093859108647
Mpumalanga,Ward 83105014,MP315,6062,0.3665456944902672,False,8.709795057617749,0.41038634702149634,2021,-0.20020909731409497,0.0016523463317912324
Mpumalanga,Ward 83105015,MP315,4344,0.3968692449355432,False,8.37655086161377,0.4094081679748745,2021,-0.16512329401552106,-0.04674127715602372
Mpumalanga,Ward 83105016,MP315,4941,0.4389799635701275,False,8.50532301884575,0.40804975769633955,2021,-0.09034190844515433,-0.056160458452722106
Mpumalanga,Ward 83105017,MP315,3764,0.4104675876726886,False,8.23323750070527,0.40896951175754725,2021,-0.12797695496982137,-0.16836058329650905
Mpumalanga,Ward 83105018,MP315,5355,0.3718020541549953,False,8.585785982881848,0.4102167870323115,2021,-0.16540139659985736,-0.03756290438533427
Mpumalanga,Ward 83105019,MP315,5546,0.4067796610169492,False,8.620832226175724,0.4090884771335388,2021,-0.12353894124409914,-0.05001712915381984
Mpumalanga,Ward 83105020,MP315,5429,0.3720758887456253,False,8.599510233905452,0.4102079536584202,2021,-0.1598313555470226,-0.024087722451914484
Mpumalanga,Ward 83105021,MP315,4350,0.4245977011494253,False,8.37793112408273,0.40851370164539447,2021,-0.16375041680789904,0.042915368017262034
Mpumalanga,Ward 83105022,MP315,5829,0.4041859667181334,False,8.67060073804555,0.40917214469156515,2021,-0.13958692705476033,0.06758241758241756
Mpumalanga,Ward 83105023,MP315,4308,0.3950789229340761,False,8.36822903827628,0.4094659202975025,2021,-0.15515833722684824,-0.11120280585929443
Mpumalanga,Ward 83105024,MP315,4238,0.4872581406323737,False,8.351846738828245,0.4064923971459445,2021,-0.0726579768032165,-0.36518873576992206
Mpumalanga,Ward 83105025,MP315,3844,0.5234131113423517,False,8.254268770090183,0.40532610776820327,2021,-0.05080471975621337,-0.09574217831098564
Mpumalanga,Ward 83105026,MP315,4118,0.3984944147644487,False,8.323122887587735,0.40935574314168405,2021,-0.1356101887544715,-0.007471679922873009
Mpumalanga,Ward 83105027,MP315,4410,0.3693877551020408,False,8.391629968440892,0.41029466764692296,2021,-0.1280204522413717,-0.04751619870410362
Mpumalanga,Ward 83105028,MP315,4637,0.3832219107181367,False,8.441822884391462,0.4098484045625328,2021,-0.22203364804594072,0.33901241697949747
Mpumalanga,Ward 83105029,MP315,3819,0.3807279392511128,False,8.247743887225516,0.40992885525501743,2021,-0.2140416746965833,-0.048816936488169316
Mpumalanga,Ward 83105030,MP315,4353,0.39421088904204,False,8.378620541552298,0.409493921390794,2021,-0.17028043154684153,-0.043506921555702016
Mpumalanga,Ward 83105031,MP315,4457,0.4931568319497419,False,8.402231172946555,0.4063021167808681,2021,-0.05246934803767156,-0.06503041745332494
Mpumalanga,Ward 83105032,MP315,5217,0.3567184205482078,False,8.559677803022392,0.4107033558583369,2021,-0.1560588214961509,0.2577145612343299
Mpumalanga,Ward 83106001,MP316,3635,0.4184319119669876,False,8.19836438996762,0.4296784653046752,2021,-0.1657136370908422,-0.21269222438813085
Mpumalanga,Ward 83106002,MP316,4343,0.3545935988947732,False,8.376320632534823,0.431806409073749,2021,-0.19478628167481798,-0.0025264124942581123
Mpumalanga,Ward 83106003,MP316,4180,0.3909090909090909,False,8.338066525518801,0.43059589267327175,2021,-0.14843662085041398,-0.07603890362511057
Mpumalanga,Ward 83106004,MP316,3304,0.4918280871670702,False,8.102889134640868,0.42723192613133915,2021,-0.0786609033962698,-0.05519016299685442
Mpumalanga,Ward 83106005,MP316,3711,0.431959040689841,False,8.219056661060598,0.4292275610139134,2021,-0.0881616836562355,-0.06664989939637822
Mpumalanga,Ward 83106006,MP316,4828,0.4304059652029826,False,8.482187582217422,0.4292793301968087,2021,-0.11923374656643293,-0.033626901521216945
Mpumalanga,Ward 83106007,MP316,3976,0.4481891348088531,False,8.288031567776464,0.42868655787661303,2021,-0.11170737230628275,0.028719275549806023
Mpumalanga,Ward 83106008,MP316,3762,0.5334928229665071,False,8.232706009860976,0.42584310160469124,2021,-0.00296170032049603,-0.08266276517922455
Mpumalanga,Ward 83106009,MP316,4157,0.4404618715419774,False,8.332548939252638,0.42894413331884224,2021,-0.17718518728155203,0.1320806100217864
Mpumalanga,Ward 83106010,MP316,4144,0.4259169884169884,False,8.329416783939319,0.42942896275634185,2021,-0.17252524438266542,-0.10341843357853742
Mpumalanga,Ward 83106011,MP316,4016,0.5241533864541833,False,8.298041661371565,0.426154416155102,2021,-0.13709782596094766,-0.026188166828322035
Mpumalanga,Ward 83106012,MP316,4280,0.4813084112149532,False,8.361708288575842,0.42758258199640964,2021,-0.10022739551498644,-0.0767903364969802
Mpumalanga,Ward 83106013,MP316,3907,0.5313539800358331,False,8.27052509505507,0.425914396369047,2021,-0.07855614869868233,-0.05100801554529999
Mpumalanga,Ward 83106014,MP316,3817,0.4448519779931884,False,8.247220052745229,0.42879779643713517,2021,-0.322315139899994,-0.06054639428993358
Mpumalanga,Ward 83106015,MP316,4935,0.4678824721377912,False,8.504107951867582,0.4280301132989817,2021,-0.10323694552894103,-0.029116663387763086
Mpumalanga,Ward 83106016,MP316,3322,0.3663455749548465,False,8.10832229017324,0.4314146765384132,2021,-0.10313663505383153,-0.03905120046282906
Mpumalanga,Ward 83106017,MP316,4466,0.3947604120017913,False,8.404248432400102,0.43046751530351507,2021,-0.14958406100592075,-0.04327335047129388
Mpumalanga,Ward 83106018,MP316,4068,0.4183874139626352,False,8.31090675716845,0.42967994857148695,2021,-0.2048812840983067,-0.06094182825484762
Mpumalanga,Ward 83106019,MP316,4747,0.3985675163261007,False,8.465268118551318,0.4303406118260381,2021,-0.17527300442247534,-0.034377542717656584
Mpumalanga,Ward 83106020,MP316,3460,0.4190751445086705,False,8.14902386805177,0.4296570242199524,2021,-0.1493066203540328,-0.07757931218341774
Mpumalanga,Ward 83106021,MP316,3663,0.4198744198744198,False,8.206037762778815,0.4296303817077608,2021,-0.0734362617989715,-0.22212784030579746
Mpumalanga,Ward 83106022,MP316,4697,0.3653395784543325,False,8.454679286026995,0.43144820975509707,2021,-0.11973504841133908,0.09538246268656714
Mpumalanga,Ward 83106023,MP316,3487,0.3722397476340694,False,8.156797046675651,0.4312182041157725,2021,-0.1204312621379175,-0.05347448425624324
Mpumalanga,Ward 83106024,MP316,2271,0.4020255394099515,False,7.7279755421055585,0.4302253443899097,2021,-0.07672534107842599,-0.46677623855365113
Mpumalanga,Ward 83106025,MP316,2935,0.4374787052810903,False,7.984462732262196,0.4290435721942051,2021,-0.040228301088336416,-0.28098971092601666
Mpumalanga,Ward 83106026,MP316,2834,0.4477769936485533,False,7.949444420250626,0.4287002959152897,2021,-0.04866428749023671,-0.27961362480935437
Mpumalanga,Ward 83106027,MP316,5358,0.4525942515864128,False,8.586346050104554,0.42853972065069434,2021,-0.00674349675795799,0.41933774834437076
Mpumalanga,Ward 83106028,MP316,3857,0.4080891884884625,False,8.257644958208228,0.4300232227539594,2021,-0.05709599669672272,0.14281481481481473
Mpumalanga,Ward 83106029,MP316,3570,0.4103641456582633,False,8.180320874773685,0.4299473908482993,2021,-0.07422771508038639,-0.160197600564573
Mpumalanga,Ward 83106030,MP316,4918,0.3621390809272062,False,8.500657222776137,0.43155489300600125,2021,-0.08815024048257808,0.2935297211993688
Mpumalanga,Ward 83106031,MP316,4725,0.4179894179894179,False,8.460622839927844,0.42969321510392755,2021,-0.11873864268230472,0.02383531960996743
Mpumalanga,Ward 83201001,MP321,2997,0.3293293293293293,False,8.005367067316664,0.4353660066552831,2021,-0.14951682451682452,-0.1766483516483517
Mpumalanga,Ward 83201002,MP321,3333,0.4206420642064206,False,8.11162807830774,0.42834195012627607,2021,-0.17460447712029104,0.18233416105001776
Mpumalanga,Ward 83201003,MP321,4075,0.3538650306748466,False,8.312626025674962,0.43347864501332023,2021,-0.2023407727877235,-0.006339917093391878
Mpumalanga,Ward 83201004,MP321,2441,0.5522326915198689,False,7.80016307039296,0.4182195941790878,2021,0.011288280282570562,-0.27047220561864915
Mpumalanga,Ward 83201005,MP321,4010,0.4167082294264339,False,8.296546520300614,0.4286445528016597,2021,-0.1251730909322763,-0.23487883991604652
Mpumalanga,Ward 83201006,MP321,3731,0.4138300723666577,False,8.224431573221159,0.42886594949856555,2021,-0.09069737528472888,0.055744199207696576
Mpumalanga,Ward 83201007,MP321,4419,0.4433129667345553,False,8.39366870513074,0.4265980345471888,2021,-0.10503105035946186,0.18028846153846145
Mpumalanga,Ward 83201008,MP321,3798,0.545550289626119,False,8.242229891372231,0.4187336250939916,2021,0.005332609774778341,0.008229360233607652
Mpumalanga,Ward 83201009,MP321,4379,0.501941082438913,False,8.384575666801398,0.4220881794930075,2021,-0.06474006438993152,-0.0488705473501303
Mpumalanga,Ward 83201010,MP321,3473,0.3987906708897207,False,8.152774052744075,0.43002282653525303,2021,-0.146639436637161,-0.0663978494623656
Mpumalanga,Ward 83201011,MP321,2769,0.249909714698447,False,7.926241523170962,0.4414752077807356,2021,-0.1337380840436914,-0.032494758909853205
Mpumalanga,Ward 83201012,MP321,3952,0.5242914979757085,False,8.281977058867758,0.4203689167594078,2021,-0.1566412866607798,0.08422496570644711
Mpumalanga,Ward 83201013,MP321,4408,0.4262704174228675,False,8.391176350832751,0.4279089998788571,2021,-0.09523851705760905,0.4586366644606221
Mpumalanga,Ward 83201014,MP321,3174,0.4124133585381222,False,8.062747901086354,0.4289749274853759,2021,-0.06989257753493716,-0.09417808219178081
Mpumalanga,Ward 83204001,MP324,5931,0.4382060360816051,False,8.687948111838727,0.4538269372453902,2021,-0.1828339088219762,0.02117768595041314
Mpumalanga,Ward 83204002,MP324,4651,0.4119544184046441,False,8.444837529224097,0.4546473002977952,2021,-0.21609861718502799,-0.18859036985345434
Mpumalanga,Ward 83204003,MP324,5256,0.3637747336377473,False,8.567125560164447,0.45615291544676073,2021,-0.23650454721405928,-0.08256240181532548
Mpumalanga,Ward 83204004,MP324,6940,0.4374639769452449,False,8.84505705350085,0.4538501265934014,2021,-0.14378482962340128,0.3251861752911973
Mpumalanga,Ward 83204005,MP324,6215,0.3671761866452132,False,8.734721003944811,0.4560466200402774,2021,-0.23092153808436539,0.159082431928385
Mpumalanga,Ward 83204006,MP324,5522,0.514668598333937,False,8.6164953924901,0.4514374821750048,2021,-0.08270361188924513,-0.006119510439164921
Mpumalanga,Ward 83204007,MP324,5718,0.4856593214410633,False,8.651374372882257,0.4523440220779071,2021,-0.10814834720769617,0.17244207504613485
Mpumalanga,Ward 83204008,MP324,4839,0.4542260797685472,False,8.48446336679332,0.4533263108801732,2021,-0.15200203889738245,-0.10834715312327248
Mpumalanga,Ward 83204009,MP324,7044,0.4626632595116411,False,8.859931469616097,0.45306264901320153,2021,-0.18470338464771063,0.18906144496961508
Mpumalanga,Ward 83204010,MP324,5938,0.4206803637588414,False,8.689127655323706,0.45437461450547656,2021,-0.1856468545114694,0.1115687008611006
Mpumalanga,Ward 83204011,MP324,4839,0.535234552593511,False,8.48446336679332,0.4507947961043931,2021,-0.06824297073134056,0.026081424936386766
Mpumalanga,Ward 83204012,MP324,5596,0.5318084345961401,False,8.629807335785372,0.45090186229181095,2021,-0.13081971079062593,0.043056849953401644
Mpumalanga,Ward 83204013,MP324,5090,0.493713163064833,False,8.53503310954457,0.4520923395271643,2021,-0.12469753717120163,0.001180173092053538
Mpumalanga,Ward 83204014,MP324,5320,0.4892857142857142,False,8.57922858233569,0.4522306973015118,2021,-0.1126784682677231,0.024455998459464556
Mpumalanga,Ward 83204015,MP324,6584,0.419501822600243,False,8.792397742356906,0.45441144391668276,2021,-0.1273938180866791,0.24249858463861096
Mpumalanga,Ward 83204016,MP324,4354,0.534680753330271,False,8.378850241794492,0.45081210233136937,2021,-0.12903772615787357,-0.18065487391795254
Mpumalanga,Ward 83204017,MP324,6105,0.4661752661752661,False,8.716863386544805,0.45295289880496326,2021,-0.1764914004914006,0.08533333333333326
Mpumalanga,Ward 83204018,MP324,3984,0.5409136546184738,False,8.290041618704489,0.450617324166113,2021,-0.09456629677885298,-0.19319562575941673
Mpumalanga,Ward 83204019,MP324,5007,0.4801278210505292,False,8.518592212329946,0.4525168814651113,2021,-0.15027664198991708,-0.002390914524805776
Mpumalanga,Ward 83204020,MP324,4262,0.4702017832003754,False,8.357493812658563,0.4528270701479286,2021,-0.12559051760535422,-0.04610564010743057
Mpumalanga,Ward 83204021,MP324,5804,0.4097174362508615,False,8.666302614004078,0.4547172059901009,2021,-0.1921144603008626,0.04238505747126431
Mpumalanga,Ward 83204022,MP324,4512,0.3585992907801418,False,8.414495793177895,0.4563146480360609,2021,-0.1709014656495102,-0.024854117138534693
Mpumalanga,Ward 83204023,MP324,6387,0.4607797087834664,False,8.76201995356159,0.453121509973457,2021,-0.13731122314318522,0.6043707611152977
Mpumalanga,Ward 83204024,MP324,3704,0.4244060475161987,False,8.21716859576607,0.45425818688805913,2021,-0.21702821543200845,-0.2621513944223107
Mpumalanga,Ward 83204025,MP324,5369,0.5067982864593034,False,8.58839695042257,0.4516834294210871,2021,-0.10149922802397082,0.0033638572229490737
Mpumalanga,Ward 83204026,MP324,4461,0.4059627886124187,False,8.403128235128264,0.45483453872880225,2021,-0.18271191018276206,0.07493975903614447
Mpumalanga,Ward 83204027,MP324,4935,0.4089159067882472,False,8.504107951867582,0.4547422537858076,2021,-0.17407821351930597,0.11601085481682505
Mpumalanga,Ward 83204028,MP324,4344,0.4212707182320442,False,8.37655086161377,0.45435616592818895,2021,-0.15700555095331592,0.02573789846517127
Mpumalanga,Ward 83204029,MP324,5911,0.4645576044662494,False,8.684570300824369,0.45300345073337006,2021,-0.18679177554833848,0.07786287381473378
Mpumalanga,Ward 83204030,MP324,4951,0.5021207836800646,False,8.507344855361422,0.4518296013829383,2021,-0.09448047061894405,0.0016184503338054768
Mpumalanga,Ward 83204031,MP324,4107,0.4772339907475043,False,8.320448113956559,0.45260731366208085,2021,-0.18100001557699097,-0.0009729992702505186
Mpumalanga,Ward 83204032,MP324,4313,0.380477625782518,False,8.369388996647842,0.45563095006723664,2021,-0.20594212730390182,-0.04916225749559078
Mpumalanga,Ward 83204033,MP324,4790,0.4217118997912317,False,8.474285690404962,0.45434237900446434,2021,-0.1503424147072352,0.04905825667980723
Mpumalanga,Ward 83205001,MP325,8471,0.4027859756817377,False,9.044403844431551,0.4283991614546301,2021,-0.15424360650795432,0.2917047880451358
Mpumalanga,Ward 83205002,MP325,5151,0.3772083090662007,False,8.546946149565585,0.42910965219395053,2021,-0.13314696960024147,-0.13268226974238084
Mpumalanga,Ward 83205003,MP325,6768,0.4236111111111111,False,8.81996090128606,0.4278206854704808,2021,-0.09719156447417315,-0.09458193979933105
Mpumalanga,Ward 83205004,MP325,6214,0.34872867718056,False,8.734560089952993,0.4299007530796628,2021,-0.15150765494485363,-0.020954781786670873
Mpumalanga,Ward 83205005,MP325,5922,0.3240459304289091,False,8.686429508661536,0.4305863849338753,2021,-0.1847873737516051,0.035857967465454
Mpumalanga,Ward 83205006,MP325,6841,0.3707060371290747,False,8.830689198760998,0.42929027085887067,2021,-0.17495770514044928,-0.01610815475334393
Mpumalanga,Ward 83205007,MP325,5506,0.4422448238285507,False,8.613593685702552,0.4273030823394408,2021,-0.03634324282617063,-0.013438451890342207
Mpumalanga,Ward 83205008,MP325,5826,0.3863714383796773,False,8.67008593751938,0.42885512082413174,2021,-0.13239867245335807,0.041473006792992484
Mpumalanga,Ward 83205009,MP325,6968,0.3626578645235361,False,8.849083518532339,0.42951383120902453,2021,-0.14137327253512388,-0.03141506811231587
Mpumalanga,Ward 83205010,MP325,4776,0.4126884422110553,False,8.471358655072438,0.4281240929399268,2021,-0.10997780324779793,-0.24561680619175486
Mpumalanga,Ward 83205011,MP325,6457,0.3335914511382995,False,8.772920092626467,0.4303212315808367,2021,-0.14947852628833697,-0.028291948833709557
Mpumalanga,Ward 83205012,MP325,5707,0.4154547047485544,False,8.649448770536708,0.42804725231388513,2021,-0.10083771463351554,-0.03646800607800105
Mpumalanga,Ward 83205013,MP325,6784,0.4520931603773584,False,8.822322177471738,0.42702951743530726,2021,-0.03136453355478286,-0.04491060115444179
Mpumalanga,Ward 83205014,MP325,6288,0.3692748091603053,False,8.746398334109042,0.4293300271913365,2021,-0.12932504345575957,-0.07324981577008105
Mpumalanga,Ward 83205015,MP325,7421,0.5647486861608948,False,8.912069097970134,0.42390019727465345,2021,-0.08120609842605242,0.05516849139769664
Mpumalanga,Ward 83205016,MP325,5115,0.4744868035190616,False,8.539932678385727,0.4264074717924822,2021,-0.1556520112166565,-0.3172717565403097
Mpumalanga,Ward 83205017,MP325,8017,0.4065111637769739,False,8.989319566042951,0.42829568400754015,2021,-0.17547562841074565,0.12645777715329487
Mpumalanga,Ward 83205018,MP325,6192,0.3606266149870801,False,8.731013415269564,0.42957025480725947,2021,-0.23288004991987515,-0.18279002243632048
Mpumalanga,Ward 83205019,MP325,6895,0.3881073241479333,False,8.838551790227402,0.4288069017750135,2021,-0.1543637183231092,0.023908523908523938
Mpumalanga,Ward 83205020,MP325,6577,0.4269423749429831,False,8.79133399330135,0.4277281503640399,2021,-0.15822624171221306,0.13162422573984855
Mpumalanga,Ward 83205021,MP325,6636,0.4752863170584689,False,8.800264651310336,0.4263852630830542,2021,-0.08832004357759471,-0.004500450045004545
Mpumalanga,Ward 83205022,MP325,6299,0.4148277504365772,False,8.74814616962193,0.4280646677114401,2021,-0.14148139782840702,-0.006466876971608859
Mpumalanga,Ward 83205023,MP325,5846,0.4551830311323982,False,8.673512945671192,0.4269436876921117,2021,-0.07691038237620196,-0.18249195916655014
Mpumalanga,Ward 83205024,MP325,6959,0.3986204914499209,False,8.84779106484485,0.4285148693499583,2021,-0.08449300325945719,0.008696912596028339
Mpumalanga,Ward 83205025,MP325,6709,0.4464152630794455,False,8.811205187562887,0.4271872368046937,2021,-0.04786083119664869,0.1294612794612795
Mpumalanga,Ward 83205026,MP325,6965,0.4147882268485283,False,8.848652886213905,0.42806576558888587,2021,-0.1221153090251415,0.19550291795399932
Mpumalanga,Ward 83205027,MP325,7196,0.4887437465258477,False,8.881280595070423,0.42601144559784926,2021,-0.023719161486021767,0.06765578635014835
Mpumalanga,Ward 83205028,MP325,5617,0.4717820900836745,False,8.633552992532433,0.42648260272124294,2021,-0.05001721787480301,-0.028200692041522535
Mpumalanga,Ward 83205029,MP325,5396,0.5296515937731653,False,8.593413217327646,0.424875116507646,2021,-0.034883584225822384,-0.08959001181035942
Mpumalanga,Ward 83205030,MP325,6234,0.4268527430221366,False,8.737773460327283,0.427730640139619,2021,-0.05187066123318257,0.036236702127659504
Mpumalanga,Ward 83205031,MP325,8538,0.4646287186694776,False,9.052282067317908,0.4266813074827484,2021,-0.09405519031726334,0.3976100834833851
Mpumalanga,Ward 83205032,MP325,6065,0.4633140972794723,False,8.71028982137815,0.4267178247435819,2021,-0.11265939070727166,0.004971002485501197
Mpumalanga,Ward 83205033,MP325,7042,0.4981539335416075,False,8.859647499714997,0.42575005151407813,2021,-0.04075179765515885,0.016601703479139696
Mpumalanga,Ward 83205034,MP325,5655,0.4670203359858532,False,8.640295388550221,0.4266148736684046,2021,-0.06439512465657532,-0.0019414048711613452
Mpumalanga,Ward 83205035,MP325,6883,0.5166351881447043,False,8.836809882398365,0.4252366833306588,2021,-0.02683588623546096,0.13768595041322307
Mpumalanga,Ward 83205036,MP325,7353,0.4569563443492452,False,8.902863672196222,0.4268944289916437,2021,-0.11504817105149662,0.18577648766328014
Mpumalanga,Ward 83205037,MP325,6070,0.3934102141680395,False,8.711113884053544,0.428659599274455,2021,-0.09525879317316699,-0.03127992339610597
North West,Ward 63701001,NW371,3156,0.4458174904942966,False,8.057060681965766,0.4343866702508901,2021,-0.10050079929192673,-0.06294536817102137
North West,Ward 63701002,NW371,3388,0.4731404958677686,False,8.127995055771946,0.43329375003595116,2021,-0.04875512500805629,0.016196760647870345
North West,Ward 63701003,NW371,3571,0.3752450294035284,False,8.18060094759445,0.4372095686945208,2021,-0.128874024542791,-0.051023119851182575
North West,Ward 63701004,NW371,3455,0.4743849493487699,False,8.14757773620177,0.43324397189671116,2021,-0.06171510750171333,-0.01790790221716887
North West,Ward 63701005,NW371,3174,0.4757403906742281,False,8.062747901086354,0.4331897542436928,2021,-0.04438441431797163,-0.009672386895475782
North West,Ward 63701006,NW371,3264,0.5055147058823529,False,8.090708716083997,0.4319987816353678,2021,-0.007918129938542573,-0.025671641791044753
North West,Ward 63701007,NW371,3628,0.4346747519294377,False,8.196436811235028,0.43483237979348444,2021,-0.1311147217547728,-0.045263157894736894
North West,Ward 63701008,NW371,4843,0.4484823456535205,False,8.48528964240323,0.4342800760445211,2021,0.016773561056649344,0.45697954271961483
North West,Ward 63701009,NW371,4757,0.391212949337818,False,8.467372496432281,0.43657085189714917,2021,-0.19762212585973488,0.212592403772623
North West,Ward 63701010,NW371,3789,0.4721562417524412,False,8.239857411018601,0.43333312020056425,2021,-0.06422930041623354,-0.08698795180722896
North West,Ward 63701011,NW371,3413,0.4160562554937005,False,8.135346948906706,0.43557711965091395,2021,-0.12216245927518332,-0.2304396843291996
North West,Ward 63701012,NW371,2754,0.3442265795206972,False,7.9208096792886,0.43845030668983404,2021,-0.1303204437752476,-0.20793787748058667
North West,Ward 63701013,NW371,3298,0.446331109763493,False,8.101071503119543,0.4343661254801222,2021,-0.06348219803928346,-0.21062709430349447
North West,Ward 63701014,NW371,3394,0.4207424867413082,False,8.129764445794171,0.4353896704010096,2021,-0.05619261880990367,-0.1154547823820693
North West,Ward 63701015,NW371,3451,0.5018835120254999,False,8.146419323098003,0.4321440293896419,2021,-0.034344286113772715,-0.027065125458133665
North West,Ward 63701016,NW371,4014,0.3432984554060787,False,8.297543529356284,0.43848743165441884,2021,-0.208873404839436,-0.052407932011331426
North West,Ward 63701017,NW371,3847,0.4299454120093579,False,8.255048902752295,0.4350215533902876,2021,-0.09680355918405781,-0.0687484870491406
North West,Ward 63701018,NW371,3902,0.3692977960020502,False,8.269244521183056,0.43744745803057994,2021,-0.15131776729643992,0.1329849012775841
North West,Ward 63701019,NW371,3697,0.4354882337030024,False,8.215276958936633,0.43479984052254184,2021,-0.13263728239939232,0.01761629507294238
North West,Ward 63701020,NW371,3216,0.3889925373134328,False,8.075893630298857,0.43665966837812464,2021,-0.15057258261483436,-0.2790854068594486
North West,Ward 63701021,NW371,3759,0.3889332269220537,False,8.231908243564177,0.4366620407937798,2021,-0.1252106936734798,-0.06724565756823819
North West,Ward 63701022,NW371,3877,0.4152695383028114,False,8.262816937670928,0.4356085883385495,2021,-0.0652619820927387,0.19808405438813348
North West,Ward 63701023,NW371,2992,0.5681818181818182,False,8.003697339094368,0.4294920971433892,2021,0.03674214835904577,-0.27361009953872295
North West,Ward 63701024,NW371,3704,0.3512419006479482,False,8.21716859576607,0.43816969384474397,2021,-0.1429767977332873,0.22365378262305913
North West,Ward 63701025,NW371,4039,0.5251299826689775,False,8.303752415563412,0.4312141705639029,2021,-0.08109521056269164,-0.15625652809692914
North West,Ward 63701026,NW371,4331,0.464096051720157,False,8.373553741214627,0.4336555278018557,2021,-0.03732844970434446,0.2339031339031339
North West,Ward 63702001,NW372,4535,0.4676957001102536,False,8.419580362549237,0.4072362739551773,2021,-0.06950507625377494,-0.021996980806555988
North West,Ward 63702002,NW372,4537,0.362574388362354,False,8.420021279663963,0.41023974000511726,2021,-0.13963474271275644,-0.1647643593519882
North West,Ward 63702003,NW372,4312,0.5162337662337663,False,8.369157112588834,0.4058494720659341,2021,-0.022396130899085542,-0.05624863208579556
North West,Ward 63702004,NW372,4391,0.4138009565019357,False,8.387312270561717,0.4087761237725578,2021,-0.11222528133132714,-0.07088446889547184
North West,Ward 63702005,NW372,5324,0.375281743050338,False,8.579980179515003,0.40987667272831774,2021,-0.20354049542808184,-0.02633504023408928
North West,Ward 63702006,NW372,4802,0.3912952936276551,False,8.4767877767812,0.40941914271182295,2021,-0.14518539306762385,-0.06320717908700746
North West,Ward 63702007,NW372,5978,0.367514218802275,False,8.695841342843883,0.4100986019925481,2021,-0.165764335018596,-0.01758422350041089
North West,Ward 63702008,NW372,5966,0.3348977539389876,False,8.693831965074693,0.411030500988642,2021,-0.18690433777460858,-0.040064360418342715
North West,Ward 63702009,NW372,4935,0.3136778115501519,False,8.504107951867582,0.4116367850568945,2021,-0.1705247008213745,-0.060715645222687464
North West,Ward 63702010,NW372,7350,0.3420408163265306,False,8.902455592206882,0.4108264134918551,2021,-0.1512064825930372,0.10294117647058831
North West,Ward 63702011,NW372,5611,0.381928355016931,False,8.632484235750972,0.4096867695292722,2021,-0.16573097944443393,0.05489753713103962
North West,Ward 63702012,NW372,4536,0.3932980599647266,False,8.419800845407588,0.4093619208164781,2021,-0.14643873716396932,-0.22474790634079644
North West,Ward 63702013,NW372,5531,0.3615982643283312,False,8.618123909994678,0.41026762926323224,2021,-0.07065763920541518,-0.07368949924635737
North West,Ward 63702014,NW372,4112,0.4815175097276264,False,8.321664807135,0.4068413651089667,2021,-0.042574268475050414,-0.2137667304015296
North West,Ward 63702015,NW372,5912,0.3726319350473613,False,8.684739462628038,0.4099523815284028,2021,-0.12094039882915508,0.0704327358319754
North West,Ward 63702016,NW372,4759,0.3933599495692372,False,8.46779284112111,0.4093601525420635,2021,-0.16528453095024337,-0.034293831168831224
North West,Ward 63702017,NW372,5196,0.3916474210931486,False,8.55564437779049,0.4094090819270946,2021,-0.09749799586067631,-0.10475534114403862
North West,Ward 63702018,NW372,5849,0.3680971106171995,False,8.674025985443025,0.41008194794069314,2021,-0.1726838004457072,0.26876355748373104
North West,Ward 63702019,NW372,6123,0.4385105340519353,False,8.719807451477955,0.4080701358425578,2021,-0.07716344713928724,0.06635318704284221
North West,Ward 63702020,NW372,4610,0.4164859002169197,False,8.435983135990694,0.40869941109498686,2021,-0.14689726586950252,-0.05590825312308012
North West,Ward 63702021,NW372,5476,0.4360847333820307,False,8.60813018640834,0.40813944443312655,2021,-0.06165585239202781,-0.08351464435146438
North West,Ward 63702022,NW372,4563,0.4970414201183432,False,8.425735580927402,0.406397824812089,2021,-0.1592211654636141,-0.08115183246073299
North West,Ward 63702023,NW372,6516,0.4972375690607735,False,8.782015969721936,0.406392220556591,2021,-0.07384676828862408,0.308433734939759
North West,Ward 63702024,NW372,4654,0.4742157284056725,False,8.445482343862237,0.407049987432451,2021,-0.06122704948625268,-0.04376412574481203
North West,Ward 63702025,NW372,6866,0.3933877075444217,False,8.834336974017637,0.4093593594570582,2021,-0.059964800095341,0.23422613697645156
North West,Ward 63702026,NW372,6019,0.2654926067453065,False,8.70267641154777,0.4130135051941758,2021,-0.18431739958781568,-0.04702343255224828
North West,Ward 63702027,NW372,6471,0.4745788904342451,False,8.775085935057266,0.40703961137449185,2021,-0.06665396363946169,0.06941001487357457
North West,Ward 63702028,NW372,4899,0.3182282098387426,False,8.496786381638575,0.41150677367722044,2021,-0.19494354990835955,0.032455216016859856
North West,Ward 63702029,NW372,6054,0.5117277832837793,False,8.708474489581665,0.4059782144359337,2021,-0.10731983576383974,-0.09910714285714284
North West,Ward 63702030,NW372,7175,0.4689895470383275,False,8.878358040627822,0.40719930690008943,2021,-0.20397491539981916,0.07587344429449683
North West,Ward 63702031,NW372,6399,0.3597437099546804,False,8.76389700713946,0.41032061653105084,2021,-0.14312306913469564,0.07908937605396282
North West,Ward 63702032,NW372,5717,0.3179989504985132,False,8.651199471263972,0.4115133239440842,2021,-0.11946589105408384,0.07200450028126748
North West,Ward 63702033,NW372,6328,0.5009481668773704,False,8.75273950944749,0.4062862034761168,2021,-0.11945317091527174,0.17577108881456716
North West,Ward 63702034,NW372,5350,0.5198130841121495,False,8.584851839890053,0.4057472058408374,2021,-0.010910033160237087,0.0022480329711502822
North West,Ward 63702035,NW372,3297,0.4334243251440703,False,8.10076824307173,0.4082154560970682,2021,-0.11396705214162,-0.4469048817312532
North West,Ward 63702036,NW372,4389,0.3679653679653679,False,8.386856689688234,0.4100857120164597,2021,-0.12302562302562303,-0.011486486486486536
North West,Ward 63703001,NW373,7054,0.4427275304791607,False,8.861350110795998,0.3605607990503712,2021,-0.08599159645938037,0.012923607122343528
North West,Ward 63703002,NW373,7630,0.3647444298820446,False,8.939843124278502,0.36266845041786083,2021,-0.09650965798941852,0.08488553959903311
North West,Ward 63703003,NW373,4860,0.2541152263374485,False,8.48879371689454,0.3656584288920391,2021,-0.1967891664274094,-0.10299003322259137
North West,Ward 63703004,NW373,6579,0.2612859097127223,False,8.791638037085997,0.36546462663865337,2021,-0.2025572061799646,-0.10404466839166548
North West,Ward 63703005,NW373,6029,0.3826505224747056,False,8.704336438489406,0.36218450196941054,2021,-0.0762333575190764,-0.0628011814083631
North West,Ward 63703006,NW373,5860,0.3517064846416382,False,8.675904882571059,0.3630208273162502,2021,-0.10721388895342271,-0.0723444673104322
North West,Ward 63703007,NW373,5409,0.3767794416712886,False,8.595819511871428,0.36234317982896236,2021,-0.13361753375404223,-0.2134651737676312
North West,Ward 63703008,NW373,5572,0.3311198851399856,False,8.625509334899697,0.36357722189737596,2021,-0.20319216675485907,-0.048822123591669486
North West,Ward 63703009,NW373,8410,0.3171224732461355,False,9.037176752966994,0.3639555303269395,2021,-0.1718487340278163,0.41606331032160293
North West,Ward 63703010,NW373,6200,0.2483870967741935,False,8.732304571033183,0.36581324320455955,2021,-0.1853478429848426,-0.11072862880091794
North West,Ward 63703011,NW373,6098,0.2866513611020007,False,8.7157161275482,0.3647790738984026,2021,-0.1694320291919159,0.042036910457962984
North West,Ward 63703012,NW373,7326,0.3198198198198198,False,8.89918494333876,0.36388262906819124,2021,-0.13900993924822364,-0.030182684670373328
North West,Ward 63703013,NW373,7100,0.2664788732394366,False,8.867850063029406,0.36532427627306646,2021,-0.14390026771030512,-0.10568081622370573
North West,Ward 63703014,NW373,7335,0.4993865030674846,False,8.900412690577083,0.359029475466903,2021,-0.11070108376428828,0.10767139836907269
North West,Ward 63703015,NW373,5706,0.4956186470382054,False,8.649273531773446,0.3591313094136403,2021,-0.1073979911207123,-0.112735188928627
North West,Ward 63703016,NW373,5763,0.4875932673954538,False,8.659213451436667,0.3593482115661471,2021,-0.10725098609541622,-0.3809881847475832
North West,Ward 63703017,NW373,5893,0.482267096555235,False,8.681520484837913,0.3594921621293962,2021,-0.09758169221193064,-0.09072673970066347
North West,Ward 63703018,NW373,6358,0.3482227115445108,False,8.757469141470748,0.3631149833459023,2021,-0.06369438690108509,0.3726252158894645
North West,Ward 63703019,NW373,5514,0.2794704388828437,False,8.615045591583742,0.3649731528772987,2021,-0.1363685574579822,-0.27940407736539463
North West,Ward 63703020,NW373,5922,0.3149273893954745,False,8.686429508661536,0.36401485691749785,2021,-0.173273200575027,-0.1265486725663717
North West,Ward 63703021,NW373,7647,0.3808029292533019,False,8.942068693044225,0.3622344369213404,2021,-0.12347956511183705,0.14906085649887313
North West,Ward 63703022,NW373,7159,0.2855147366950691,False,8.876125585396185,0.3648097934769683,2021,-0.1810009925708984,-0.1469256434699714
North West,Ward 63703023,NW373,6578,0.4042262085740347,False,8.791486026749002,0.36160137531807734,2021,-0.15874179687184686,0.11946902654867264
North West,Ward 63703024,NW373,9810,0.282874617737003,False,9.191157552559408,0.36488114804340255,2021,-0.15846194107763262,0.48321741759903225
North West,Ward 63703025,NW373,6146,0.5315652456882525,False,8.72355674269043,0.35815977972039575,2021,-0.05436472540072923,-0.012849341471249609
North West,Ward 63703026,NW373,5777,0.4741215163579713,False,8.661639795781266,0.3597123129455385,2021,-0.09158117263238896,-0.02300016911889058
North West,Ward 63703027,NW373,7054,0.4237312163311596,False,8.861350110795998,0.36107421294626313,2021,-0.1513442709046351,-0.031841888553390096
North West,Ward 63703028,NW373,6340,0.421608832807571,False,8.754634047431272,0.36113157466311685,2021,-0.1581410909496721,-0.03324184202500757
North West,Ward 63703029,NW373,6197,0.557366467645635,False,8.731820582962108,0.35746244939722327,2021,-0.004030158482258295,0.2155747351902706
North West,Ward 63703030,NW373,5697,0.3803756362998069,False,8.647694999480395,0.36224598537954295,2021,-0.15527211983905848,-0.035224386113463124
North West,Ward 63703031,NW373,4967,0.2677672639420173,False,8.51057131510735,0.36528945490272646,2021,-0.2359694191554545,-0.2102083002067101
North West,Ward 63703032,NW373,6840,0.3304093567251462,False,8.830543010616596,0.36359642536804726,2021,-0.14025500910746808,-0.016393442622950838
North West,Ward 63703033,NW373,5341,0.2441490357610934,False,8.58316818033977,0.36592778539410276,2021,-0.1286833341811031,0.10260115606936426
North West,Ward 63703034,NW373,5730,0.343804537521815,False,8.653470809708786,0.3632343934546238,2021,-0.0893513798232069,-0.10300563556668751
North West,Ward 63703035,NW373,6733,0.3879399970295559,False,8.814776088545281,0.36204154319765786,2021,-0.12178762942958804,-0.12671854734111543
North West,Ward 63703036,NW373,6491,0.4310583885379757,False,8.778171881033469,0.3608761812649979,2021,-0.12256731706341378,-0.0605007960631061
North West,Ward 63703037,NW373,5853,0.2614044079958995,False,8.67470962929122,0.36546142398235126,2021,-0.1860266910173703,-0.004253147329023488
North West,Ward 63703038,NW373,4623,0.263681592039801,False,8.438799123988225,0.3653998784676512,2021,-0.17656998028724297,-0.32382623957876266
North West,Ward 63704001,NW374,2691,0.4790040876997399,False,7.897668150726906,0.48559518610438274,2021,-0.10938348626475713,-0.004807692307692291
North West,Ward 63704002,NW374,3204,0.5227840199750312,False,8.07215530818825,0.47683919964932453,2021,-0.014259225080282212,0.07408649011062685
North West,Ward 63704003,NW374,2773,0.4994590695997115,False,7.927685045615778,0.48150418972438846,2021,-0.07351390337326152,0.15301455301455302
North West,Ward 63704004,NW374,2791,0.4589752776782515,False,7.934155233536322,0.48960094810868043,2021,-0.10148223866161776,-0.08790849673202616
North West,Ward 63704005,NW374,2928,0.460724043715847,False,7.982074875081202,0.4892511949011614,2021,-0.23978877679697347,0.0010256410256410664
North West,Ward 63704006,NW374,3222,0.4860335195530726,False,8.07775756373692,0.48418929973371627,2021,-0.07849917472970724,0.10304690174597742
North West,Ward 63705001,NW375,3961,0.4549356223175965,False,8.284251797621916,0.41145447739708735,2021,-0.0708779328573485,-0.030829459261071723
North West,Ward 63705002,NW375,3793,0.4769311890324281,False,8.2409125416889,0.41072129183992634,2021,-0.07074729324415702,-0.05317024463305042
North West,Ward 63705003,NW375,3071,0.4229892543145555,False,8.029758520440822,0.41251935633052206,2021,-0.1797853776220244,-0.13052095130237829
North West,Ward 63705004,NW375,3951,0.4011642622120982,False,8.281723990411392,0.41324685606727063,2021,-0.09662900143482389,-0.08222996515679437
North West,Ward 63705005,NW375,3500,0.4365714285714285,False,8.160518247477505,0.41206661718862636,2021,-0.1220029214139644,0.02249488752556239
North West,Ward 63705006,NW375,3730,0.4611260053619302,False,8.224163512637862,0.4112481312956096,2021,-0.09973803529880682,-0.05209656925031769
North West,Ward 63705007,NW375,3184,0.3473618090452261,False,8.065893546964274,0.41504027117283304,2021,-0.059585381014079175,-0.1008189776899181
North West,Ward 63705008,NW375,3533,0.4760826493065384,False,8.169902647359145,0.41074957649745597,2021,-0.05002176836414435,-0.05408299866131194
North West,Ward 63705009,NW375,4048,0.3478260869565217,False,8.305978210967302,0.41502479524245656,2021,-0.14085790298480272,0.1310421905560213
North West,Ward 63705010,NW375,3455,0.6790159189580318,False,8.14757773620177,0.40398513417573956,2021,0.19236472917277353,0.0026117237376668268
North West,Ward 63705011,NW375,3396,0.4469964664310954,False,8.130353547431238,0.41171911592663746,2021,-0.17024883806520513,-0.03357996585088219
North West,Ward 63705012,NW375,3146,0.5193897012078831,False,8.053887083618223,0.4093060081007445,2021,-0.006703813120925384,-0.050980392156862786
North West,Ward 63705013,NW375,3038,0.2811059907834101,False,8.018954683155718,0.417248798448227,2021,-0.13900465028395081,-0.011389521640091105
North West,Ward 63705014,NW375,3133,0.2409830833067347,False,8.049746290952191,0.4185862286974495,2021,-0.2375506022943221,0.034676354029061995
North West,Ward 63705015,NW375,2726,0.4196625091709464,False,7.9105906122564775,0.41263024783530905,2021,-0.1260510365425993,-0.2939652939652939
North West,Ward 63705016,NW375,4427,0.3440252992997515,False,8.395477432732141,0.4151514881643489,2021,-0.17293600027024375,0.05757286192068811
North West,Ward 63705017,NW375,3195,0.3881064162754303,False,8.069342366811636,0.41368211759849294,2021,-0.1539140815283765,-0.06442166910688141
North West,Ward 63705018,NW375,4354,0.4108865411116215,False,8.378850241794492,0.4129227801039532,2021,-0.1076861409591594,0.2734717753729161
North West,Ward 63705019,NW375,2476,0.4632471728594507,False,7.814399633804487,0.41117742571235893,2021,-0.10099265583433947,-0.3372591006423983
North West,Ward 63705020,NW375,3271,0.3955976765515133,False,8.092851027538384,0.41343240892262345,2021,-0.16749516621939792,-0.059787295199769996
North West,Ward 63705021,NW375,4416,0.3987771739130434,False,8.392989587956931,0.41332642567723915,2021,-0.1533785979923808,0.02364394993045904
North West,Ward 63705022,NW375,3488,0.3457568807339449,False,8.15708378502887,0.41509376878320914,2021,-0.1512761794525484,-0.014410850522746488
North West,Ward 63705023,NW375,3146,0.396694214876033,False,8.053887083618223,0.4133958576451395,2021,-0.09622613910626787,-0.07197640117994097
North West,Ward 63705024,NW375,3599,0.3651014170602945,False,8.188411308079031,0.4144489509056641,2021,-0.14024331837530152,-0.038214858364510995
North West,Ward 63705025,NW375,3797,0.3887279431129839,False,8.241966560231802,0.4136614000372411,2021,-0.06620233577147816,-0.054531872509960166
North West,Ward 63705026,NW375,3275,0.482442748091603,False,8.094073148069352,0.4105375732046205,2021,0.036357422259441774,-0.23230192217533985
North West,Ward 63705027,NW375,4253,0.3900775922877968,False,8.355379895253634,0.413616411731414,2021,-0.13771503197730206,0.13655799037947625
North West,Ward 63705028,NW375,4205,0.3605231866825208,False,8.344029572407049,0.41460155858492326,2021,-0.18167090614448345,-0.01429910923581812
North West,Ward 63705029,NW375,3399,0.4683730508973227,False,8.131236549696116,0.4110065631110965,2021,-0.07966965372901186,-0.06953189159594853
North West,Ward 63705030,NW375,4168,0.3773992322456814,False,8.335191583433202,0.4140390237328179,2021,-0.1910810679419359,0.11712677566336094
North West,Ward 63705031,NW375,3124,0.4106914212548015,False,8.046869510959576,0.41292928409918056,2021,-0.08823504143977706,-0.16156736446591524
North West,Ward 63801001,NW381,3878,0.4953584321815368,False,8.263074835802596,0.42628031738135125,2021,-0.06782293550924617,-0.03914767096134786
North West,Ward 63801002,NW381,3754,0.44832179009057,False,8.230577217146454,0.42989852061911793,2021,-0.09619963664794678,-0.03669489350782651
North West,Ward 63801003,NW381,3311,0.388100271821202,False,8.105005537547246,0.434530945101377,2021,-0.10854214563822723,-0.07358701734750983
North West,Ward 63801004,NW381,4102,0.538517796196977,False,8.319229938632326,0.42296036630324046,2021,-0.06990274408046271,-0.0017035775127768327
North West,Ward 63801005,NW381,3122,0.4080717488789238,False,8.046229101075378,0.4329946776353984,2021,-0.03878225234282334,-0.04642638973732438
North West,Ward 63801006,NW381,3387,0.4325361677000295,False,8.127699852817772,0.4311127992645441,2021,-0.10523303834304348,0.0887174541947926
North West,Ward 63801007,NW381,3130,0.4447284345047923,False,8.048788283534199,0.43017493258725464,2021,-0.05674562209898121,-0.07724056603773588
North West,Ward 63801008,NW381,2834,0.4760056457304163,False,7.949444420250626,0.4277689932622067,2021,-0.005700132720252382,-0.2848851879888973
North West,Ward 63801009,NW381,3602,0.3767351471404775,False,8.189244525735901,0.43540518546143275,2021,-0.14187882765906434,0.03150057273768625
North West,Ward 63801010,NW381,4218,0.3492176386913229,False,8.34711636103872,0.43752191688059844,2021,-0.2415958255443012,0.4789621318373072
North West,Ward 63801011,NW381,2202,0.4659400544959128,False,7.697121317282625,0.4285432695110147,2021,-0.08418684905738671,-0.30139593908629436
North West,Ward 63801012,NW381,2966,0.4366149696561024,False,7.994969522697877,0.4307990452679231,2021,-0.1144661114249787,-0.19837837837837835
North West,Ward 63801013,NW381,2929,0.4298395356777057,False,7.982416346827733,0.43132023249703055,2021,-0.10922071223235486,-0.15566445661573935
North West,Ward 63801014,NW381,3752,0.3470149253731343,False,8.230044310126114,0.437691356366613,2021,-0.17038410942493531,-0.04699009398018794
North West,Ward 63802001,NW382,3329,0.3754881345749474,False,8.110427237575024,0.43358677638082255,2021,0.01822462106143391,-0.06278153153153154
North West,Ward 63802002,NW382,3191,0.3707301786273895,False,8.068089626278244,0.43395277299217316,2021,-0.13447350855667234,-0.05114481118049363
North West,Ward 63802003,NW382,2991,0.4730859244399866,False,8.003363058629947,0.4260792540835118,2021,-0.029974051080209285,-0.08476132190942476
North West,Ward 63802004,NW382,3606,0.4148641153632834,False,8.190354403763262,0.4305578547817198,2021,-0.10783367970805258,-0.06459143968871595
North West,Ward 63802005,NW382,3189,0.4079648792724992,False,8.067462667010057,0.4310885652502417,2021,-0.04911364591748113,-0.1024486349563749
North West,Ward 63802006,NW382,3415,0.4465592972181552,False,8.13593277200489,0.42811976386980655,2021,-0.10109207394665615,-0.07276676622318767
North West,Ward 63802007,NW382,3770,0.4840848806366047,False,8.234830280442056,0.42523318052992587,2021,-0.1076783111265871,-0.029601029601029616
North West,Ward 63802008,NW382,3594,0.558708959376739,False,8.187021067343505,0.41949286678068476,2021,-0.026950591800053547,-0.016420361247947435
North West,Ward 63802009,NW382,3734,0.419121585431173,False,8.225235324101668,0.4302303570841898,2021,-0.0766119681058487,0.027800715661987274
North West,Ward 63802010,NW382,2977,0.420557608330534,False,7.998671361015776,0.430119893784239,2021,-0.07417923377472907,-0.020723684210526283
North West,Ward 63802011,NW382,4554,0.3726394378568292,False,8.423761246623686,0.4338059068976009,2021,-0.11679234913191633,0.2500686247598134
North West,Ward 63802012,NW382,3441,0.3780877651845394,False,8.14351740579748,0.4333868047954693,2021,-0.05885534653581698,0.17923235092529133
North West,Ward 63802013,NW382,3090,0.4540453074433657,False,8.035926369891792,0.4275439169294058,2021,-0.05624927602194951,-0.021222679759265173
North West,Ward 63802014,NW382,4019,0.4361781537695944,False,8.2987883944492,0.42891831336584973,2021,-0.13241141288787178,0.10930168368755178
North West,Ward 63803001,NW383,3702,0.3354943273905997,False,8.216628493133443,0.3798658826008017,2021,-0.17932048742421514,-0.020634920634920673
North West,Ward 63803002,NW383,3905,0.4153649167733674,False,8.270013062273787,0.3772035296213761,2021,-0.08362242499878442,-0.011392405063291089
North West,Ward 63803003,NW383,4418,0.5022634676324128,False,8.393442383980062,0.37430691125940796,2021,-0.04838646513316314,-0.009861048857014776
North West,Ward 63803004,NW383,3533,0.4545711859609397,False,8.169902647359145,0.37589665398179034,2021,-0.09329971178790764,-0.041768375372931876
North West,Ward 63803005,NW383,3280,0.3054878048780488,False,8.09559870137819,0.38086610001788673,2021,-0.1440486189630108,-0.1311258278145695
North West,Ward 63803006,NW383,2923,0.3821416353061923,False,7.980365765111246,0.3783109723369486,2021,-0.16010435399862055,-0.21844919786096262
North West,Ward 63803007,NW383,3910,0.3511508951406649,False,8.271292652979412,0.37934399700913285,2021,-0.1379264628649891,0.004883063479825145
North West,Ward 63803008,NW383,5375,0.276093023255814,False,8.589513852995864,0.3818459260719612,2021,-0.09981126166349591,0.49554813578185875
North West,Ward 63803009,NW383,4175,0.4629940119760479,False,8.336869637284956,0.37561589311462007,2021,-0.08983357423084865,0.15172413793103456
North West,Ward 63803010,NW383,2849,0.3155493155493155,False,7.954723334497908,0.3805307163288445,2021,-0.0753597753597754,-0.3358974358974359
North West,Ward 63803011,NW383,3360,0.3288690476190476,False,8.11969625295725,0.38008672525985343,2021,-0.13837377368008807,-0.06328408140507391
North West,Ward 63803012,NW383,4219,0.2621474283005451,False,8.347353412124338,0.3823107792371368,2021,-0.1599364813352317,-0.027431996311664375
North West,Ward 63803013,NW383,4098,0.365544167886774,False,8.318254328798846,0.37886422125092917,2021,-0.11984985385235636,0.39198369565217384
North West,Ward 63803014,NW383,4095,0.3135531135531135,False,8.31752199628717,0.38059725639538455,2021,-0.11046705605495433,-0.061425624570249804
North West,Ward 63803015,NW383,3474,0.3822682786413356,False,8.153061946801051,0.3783067508924438,2021,-0.14221660227918886,-0.07037730800107034
North West,Ward 63803016,NW383,3369,0.315227070347284,False,8.122371243406553,0.3805414578355789,2021,-0.21057445637027322,0.028702290076335846
North West,Ward 63803017,NW383,3492,0.4948453608247423,False,8.158229916959494,0.3745541814863303,2021,-0.07957112902066543,0.0585025765383449
North West,Ward 63803018,NW383,3896,0.3683264887063655,False,8.267705664762426,0.3787714772236095,2021,-0.12382516548344374,-0.05916445303066897
North West,Ward 63803019,NW383,3464,0.3741339491916859,False,8.150179269682326,0.3785778952074322,2021,-0.12860256370901774,-0.09721136304404487
North West,Ward 63803020,NW383,4952,0.3374394184168013,False,8.507546814364431,0.3798010462332616,2021,-0.17374041031773718,0.17792578496669842
North West,Ward 63803021,NW383,3467,0.3293914046726276,False,8.151044945685024,0.38006931335806743,2021,-0.1733186224276434,-0.06043360433604339
North West,Ward 63803022,NW383,4465,0.4073908174692049,False,8.4040244933106,0.37746933293151486,2021,-0.09173176964536006,0.11932815241915273
North West,Ward 63803023,NW383,3968,0.4508568548387097,False,8.286017468404763,0.376020465019198,2021,-0.11496132697947209,-0.03806060606060602
North West,Ward 63803024,NW383,3810,0.44750656167979,False,8.245384468120747,0.3761321414578287,2021,-0.08887075894238755,-0.04415454089312598
North West,Ward 63803025,NW383,3807,0.4496979248752298,False,8.244596756382498,0.3760590960179807,2021,-0.0759365928912677,-0.033756345177665015
North West,Ward 63803026,NW383,4008,0.4209081836327345,False,8.2960476427647,0.37701875405939717,2021,-0.11002463415363573,-0.03141614306428231
North West,Ward 63803027,NW383,3516,0.45193401592719,False,8.165079258805068,0.375984559649582,2021,-0.13231973655086154,-0.004248088360237934
North West,Ward 63803028,NW383,4291,0.3094849685388021,False,8.364275084991524,0.3807328612291949,2021,-0.1564391895094609,0.13789445770352682
North West,Ward 63803029,NW383,3529,0.4125814678379144,False,8.16876982367527,0.3772963112525579,2021,-0.13217773896095242,-0.0002832861189802083
North West,Ward 63803030,NW383,2856,0.3872549019607843,False,7.957177323459475,0.3781405301151289,2021,-0.05304712729830008,-0.32609721566776784
North West,Ward 63803031,NW383,3324,0.3209987966305656,False,8.10892415597534,0.3803490669594695,2021,-0.20140619486120975,-0.05728871242200795
North West,Ward 63804001,NW384,2801,0.3880756872545519,False,7.937731775260109,0.4477873269186178,2021,-0.05754066080082054,-0.07679630850362562
North West,Ward 63804002,NW384,2707,0.439970446989287,False,7.903596289614301,0.4450560237746844,2021,-0.05193490792976657,-0.1572229140722291
North West,Ward 63804003,NW384,3951,0.4978486459124272,False,8.281723990411392,0.44200980277872964,2021,-0.06252369451310474,0.05079787234042543
North West,Ward 63804004,NW384,5680,0.4320422535211267,False,8.644706511715198,0.44547329711511385,2021,-0.0800936688089704,0.5318230852211434
North West,Ward 63804005,NW384,1713,0.4646818447168709,False,7.44600149832412,0.4437554238942852,2021,-0.04098423435641041,-0.5686225132208511
North West,Ward 63804006,NW384,3887,0.5762799073835864,False,8.265392930852224,0.4378818416486686,2021,-0.059948380457604755,-0.03548387096774197
North West,Ward 63804007,NW384,3223,0.5001551349674217,False,8.078067881815437,0.44188840861794043,2021,-0.03997989879101793,-0.19404851212803198
North West,Ward 63804008,NW384,3512,0.4407744874715262,False,8.163940954755008,0.44501370585456657,2021,-0.11683811269426542,-0.02956617850234866
North West,Ward 63804009,NW384,3921,0.4129048712063249,False,8.27410200229233,0.44648052776326136,2021,-0.12778140330347898,-0.03897058823529409
North West,Ward 63804010,NW384,3453,0.4155806545033304,False,8.146998697389993,0.44633969706341897,2021,-0.06028517587572596,-0.058358331060812674
North West,Ward 63804011,NW384,3632,0.4140969162995594,False,8.197538739721184,0.44641778854782793,2021,-0.07083391373996628,-0.1027667984189723
North West,Ward 63804012,NW384,3280,0.3774390243902439,False,8.09559870137819,0.4483471512798972,2021,-0.06574647253432708,0.0618323081903529
North West,Ward 63804013,NW384,3345,0.3312406576980568,False,8.11522197256233,0.45077864426369646,2021,-0.171145977146812,-0.0020883054892600894
North West,Ward 63804014,NW384,3551,0.2613348352576738,False,8.174984532943087,0.45445789807634823,2021,-0.20292906211556988,0.084605986560782
North West,Ward 63804015,NW384,3813,0.4788880146865985,False,8.246171559857563,0.4430077307379838,2021,-0.026982826800681425,-0.06727005870841485
North West,Ward 63804016,NW384,3021,0.5187024164184045,False,8.013343181386672,0.44091223590999395,2021,0.00895940596937883,-0.14685117198531483
North West,Ward 63804017,NW384,3457,0.4006363899334683,False,8.148156439921625,0.44712623730393797,2021,-0.023081760428280695,0.08744888329663425
North West,Ward 63804018,NW384,3958,0.4530065689742294,False,8.28349412616251,0.44436991209126636,2021,-0.04131947586385526,0.09548851370052591
North West,Ward 63804019,NW384,2743,0.4801312431644185,False,7.916807490937603,0.44294229766020377,2021,0.010695041384003123,-0.18605341246290796
North West,Ward 63804020,NW384,3773,0.6122448979591837,False,8.235625719964311,0.43598894740784777,2021,0.020446962054783913,0.024714828897338448
North West,Ward 63805001,NW385,3017,0.428239973483593,False,8.012018239159062,0.48061405631525855,2021,-0.12267015165861406,-0.14192263936291238
North West,Ward 63805002,NW385,4031,0.4056065492433639,False,8.301769763117166,0.48187146877304904,2021,-0.12838245856687613,0.16603991900491755
North West,Ward 63805003,NW385,3182,0.4811439346323067,False,8.065265208897733,0.4776749473625522,2021,-0.10983132009840652,-0.2280446385249879
North West,Ward 63805004,NW385,3396,0.4555359246171967,False,8.130353547431238,0.47909761458561395,2021,-0.025370389028424478,-0.13543788187372707
North West,Ward 63805005,NW385,3880,0.572680412371134,False,8.263590432617319,0.4725895874881729,2021,0.03416243731610835,-0.05111274150158962
North West,Ward 63805006,NW385,3879,0.4153132250580046,False,8.263332667439967,0.481332209005569,2021,-0.07821237823805188,0.14155385520894637
North West,Ward 63805007,NW385,3720,0.5897849462365592,False,8.221478947267192,0.47163933560676047,2021,0.07695100176301284,-0.02566788894709271
North West,Ward 63805008,NW385,4305,0.5765389082462253,False,8.367532416861831,0.4723752266062234,2021,0.01948137916731929,0.3533480037723986
North West,Ward 63805009,NW385,3271,0.4209721797615408,False,8.092851027538384,0.4810178226331503,2021,-0.0969573493934327,0.01995634549423131
North West,Ward 63805010,NW385,3179,0.3661528782636049,False,8.064321960910803,0.48406333938303564,2021,-0.11435830384502133,0.01565495207667733
North West,Ward 63805011,NW385,3609,0.4014962593516209,False,8.19118600464279,0.48209981821147924,2021,-0.09180800723199789,0.12394892556835879
North West,Ward 63805012,NW385,3296,0.4469053398058252,False,8.100464891029363,0.479577091519579,2021,-0.044740851840366413,-0.19017199017199016
North West,Ward 63805013,NW385,3989,0.5104036099273,False,8.291295851905407,0.47604940984616373,2021,0.017999677845083772,0.18826333035448317
North West,Ward 63805014,NW385,3341,0.4735109248727925,False,8.114025442356757,0.47809900346030304,2021,-0.006674355621288819,-0.14024704065877514
North West,Ward 63805015,NW385,3973,0.5190032720865845,False,8.287276755814599,0.4755716508373146,2021,-0.08725377413663993,0.11978579481397977
North West,Ward 63805016,NW385,4282,0.4810836057916861,False,8.362175469149628,0.477678298964809,2021,-0.02692962239452612,0.08929025693207837
North West,Ward 63805017,NW385,3274,0.450519242516799,False,8.09376775793108,0.4793763191467471,2021,-0.060445669763902754,0.025689223057644206
North West,Ward 63805018,NW385,3758,0.4262905800957956,False,8.231642179973411,0.480722355947914,2021,-0.11491272757457788,0.07157114342743087
North West,Ward 63805019,NW385,3039,0.6581112207963146,False,8.019283792916793,0.4678434314645518,2021,0.009720279199175064,-0.2755661501787843
North West,Ward 63902001,NW392,3908,0.5051177072671443,False,8.270781013162674,0.42348350595699674,2021,-0.06737497695738348,0.039638201649374816
North West,Ward 63902002,NW392,3580,0.4477653631284916,False,8.183118079394745,0.4306525489743283,2021,-0.09723876569066614,-0.01458849435728049
North West,Ward 63902003,NW392,3711,0.4659121530584748,False,8.219056661060598,0.42838420023308044,2021,-0.08024886652498808,0.15355921666148586
North West,Ward 63902004,NW392,3700,0.4775675675675676,False,8.216088098632316,0.4269272734194438,2021,-0.10692401985013544,0.35332845647403066
North West,Ward 63902005,NW392,4620,0.3538961038961039,False,8.438149984075784,0.4423862063783768,2021,-0.10028449811058504,0.5451505016722409
North West,Ward 63902006,NW392,2647,0.3944087646392142,False,7.881182202227102,0.437322123785488,2021,-0.14357216268732315,-0.129562643867149
North West,Ward 63902007,NW392,3396,0.3963486454652532,False,8.130353547431238,0.4370796386822331,2021,-0.2745291589346596,-0.2602918754084077
North West,Ward 63902008,NW392,2945,0.4220713073005093,False,7.987864096085687,0.4338643059528261,2021,-0.1060499531701728,0.17471080973274833
North West,Ward 63902009,NW392,3338,0.4298981426003595,False,8.11312710422178,0.4328859515403448,2021,-0.16949640835826818,0.6841574167507569
North West,Ward 63903001,NW393,3846,0.5946437857514301,False,8.254788926148725,0.5070053337505736,2021,-0.0935345656712745,0.12819008506893526
North West,Ward 63903002,NW393,3037,0.4975304576885084,False,8.01862546504575,0.5208786663309909,2021,-0.084146874746655,0.022903334456045865
North West,Ward 63903003,NW393,3459,0.5946805435096849,False,8.148734808937169,0.5070000826422515,2021,-0.02140778456602488,0.09116719242902205
North West,Ward 63903004,NW393,3285,0.4861491628614916,False,8.09712193091871,0.5225045655919933,2021,-0.07105788864213786,0.13549948150708602
North West,Ward 63903005,NW393,3519,0.5052571753339017,False,8.165932137321585,0.5197748495245061,2021,-0.0832757083085941,0.18684654300168635
North West,Ward 63903006,NW393,3049,0.4611347982945228,False,8.022568946988255,0.5260780462444175,2021,-0.0992255620658376,-0.08438438438438434
North West,Ward 63903007,NW393,4171,0.4627187724766243,False,8.335911094196945,0.525851764218403,2021,-0.10465530065045314,0.0664791613398108
North West,Ward 63903008,NW393,3741,0.541566426089281,False,8.227108234348146,0.5145878137023091,2021,-0.02423183710377186,0.24949899799599207
North West,Ward 63904001,NW394,3789,0.5911850092372658,False,8.239857411018601,0.48483538985373836,2021,-0.022504998630554773,-0.006294256490952055
North West,Ward 63904002,NW394,3301,0.5404422902150864,False,8.101980731853192,0.48704159502861577,2021,-0.06791206919057668,-0.07457246986262966
North West,Ward 63904003,NW394,3957,0.4111700783421784,False,8.283241441385425,0.49266212597961173,2021,-0.19196308092675113,-0.06076430097317831
North West,Ward 63904004,NW394,3376,0.553021327014218,False,8.124446855715847,0.48649468038517524,2021,-0.017159056300325437,-0.04847801578354005
North West,Ward 63904005,NW394,4144,0.4222972972972973,False,8.329416783939319,0.49217833385112836,2021,-0.15194619320235087,-0.02791461412151064
North West,Ward 63904006,NW394,3525,0.558581560283688,False,8.16763571524637,0.4862529311125896,2021,0.0001508424205828307,-0.019198664440734592
North West,Ward 63904007,NW394,4189,0.4690857006445452,False,8.340217320947035,0.4901440554447262,2021,-0.12683477443936914,0.08159049832171439
North West,Ward 63904008,NW394,4167,0.4703623710103192,False,8.334951631422454,0.49008854803751867,2021,-0.11239542846574657,-0.007620862110026216
North West,Ward 63904009,NW394,3930,0.4854961832061069,False,8.276394704863307,0.4894305562029192,2021,-0.05511475688387657,-0.06938195595548191
North West,Ward 63904010,NW394,4194,0.4113018597997139,False,8.341410211461865,0.49265639635102326,2021,-0.07338179322061239,0.2006870884626395
North West,Ward 63904011,NW394,3361,0.4123772686700386,False,8.119993827725105,0.49260963944361785,2021,-0.03425809909208971,0.05195618153364623
North West,Ward 63904012,NW394,3830,0.4127937336814621,False,8.250620082174692,0.4925915322692081,2021,-0.16921684832911987,0.013227513227513255
North West,Ward 63904013,NW394,3674,0.4126292868807839,False,8.20903626577507,0.4925986821301072,2021,-0.15326404007448996,-0.12126285577613016
North West,Ward 63904014,NW394,3075,0.463739837398374,False,8.031060180240619,0.4903764842815163,2021,-0.09763827493515231,-0.10972785176606836
North West,Ward 63904015,NW394,3015,0.4839137645107794,False,8.011355109161286,0.48949935701575953,2021,-0.0574953825843999,-0.06829419035846729
North West,Ward 63904016,NW394,3086,0.5262475696694751,False,8.034631032923107,0.48765875679146836,2021,-0.04119095981250154,-0.2633086655526379
North West,Ward 63904017,NW394,4377,0.5177061914553347,False,8.384118837190895,0.48803012106164845,2021,-0.038172596423453165,0.061090909090909085
North West,Ward 63904018,NW394,3763,0.5083709806005846,False,8.232971790593437,0.4884359997944636,2021,-0.07166476103842478,-0.03931580291039061
North West,Ward 63904019,NW394,3643,0.4331594839418062,False,8.200562797008564,0.49170606486658447,2021,-0.09747036938002301,0.04774230658613754
North West,Ward 63904020,NW394,3276,0.485042735042735,False,8.09437844497296,0.48945027134045715,2021,-0.06181882987557974,-0.061049011177988
North West,Ward 63904021,NW394,3154,0.5890932149651237,False,8.056426767522984,0.48492633743078806,2021,-0.002911861177008257,0.0006345177664974777
North West,Ward 63904022,NW394,3423,0.5001460706982179,False,8.138272638530186,0.48879360457282744,2021,-0.031068777445764084,-0.03740157480314965
North West,Ward 63904023,NW394,3098,0.5516462233699161,False,8.038512020976814,0.48655446750014486,2021,-0.06900092609079267,-0.045300462249614815
North West,Ward 63904024,NW394,3851,0.5325889379381978,False,8.25608813381491,0.4873830451276109,2021,-0.05827184845925171,0.023113708820403867
North West,Ward 63906001,NW396,3350,0.5041791044776119,False,8.116715624819111,0.48037660601027626,2021,-0.09288601322339696,0.02415163558544786
North West,Ward 63906002,NW396,2697,0.4860956618464961,False,7.89989532313973,0.4833905131154623,2021,-0.052064109908140144,-0.03815977175463625
North West,Ward 63906003,NW396,2955,0.5387478849407783,False,7.991253929840199,0.4746151425997485,2021,0.01270965158547177,-0.026038233355306528
North West,Ward 63906004,NW396,3631,0.5769760396584963,False,8.197263371414335,0.4682437834801289,2021,-0.05160458473802765,0.16865143224975854
North West,Ward 63906005,NW396,3573,0.42261404981808,False,8.181160858023409,0.4939707817868649,2021,-0.1362309794216861,0.305921052631579
North West,Ward 63906006,NW396,3583,0.4298074239464136,False,8.183955717304954,0.4927718860988093,2021,-0.10480386465848524,0.27192048278310255
North West,Ward 63906007,NW396,3876,0.4280185758513932,False,8.262558973010657,0.4930700274479794,2021,-0.20664637260221502,0.24871134020618557
North West,Ward 63907001,NW397,3556,0.5081552305961755,False,8.176391596633795,0.41894990463739895,2021,-0.07597575177158267,-0.10428211586901759
North West,Ward 63907002,NW397,3235,0.4216383307573416,False,8.081784206935001,0.4251296831973157,2021,0.011500081909415372,0.1467564693371144
North West,Ward 63907003,NW397,2994,0.3734134936539746,False,8.004365564979574,0.42857431441898475,2021,-0.08480412815869892,-0.24413027013380462
North West,Ward 63907004,NW397,3607,0.3202107014139174,False,8.19063168090354,0.4323745138647031,2021,-0.19495737729611262,-0.014211533205793936
North West,Ward 63907005,NW397,3196,0.4083229036295369,False,8.069655306886165,0.426080785135016,2021,-0.07454030534832173,-0.03063390961480128
North West,Ward 63907006,NW397,3411,0.5098211668132513,False,8.134760782418645,0.4188309091933221,2021,-0.04483357179452063,-0.04640760413754541
North West,Ward 63907007,NW397,4015,0.4057285180572851,False,8.297792626380861,0.4262660983901769,2021,-0.10721443243278778,0.00904749937170135
North West,Ward 63907008,NW397,3257,0.5032238256063862,False,8.088561805276234,0.4193021478509554,2021,0.02068706090050393,-0.002144607843137303
North West,Ward 63907009,NW397,3075,0.4022764227642276,False,8.031060180240619,0.4265126766253952,2021,-0.09681996277794108,-0.0737951807228916
North West,Ward 63907010,NW397,4269,0.458421175919419,False,8.359134886757962,0.4225023371143101,2021,-0.0685081782423903,-0.004663091629750538
North West,Ward 63907011,NW397,3513,0.4323939652718474,False,8.164225652265827,0.4243614235891367,2021,-0.05329578859191897,0.005437893531768712
North West,Ward 63907012,NW397,3169,0.2726412117387188,False,8.06117135969092,0.43577233455578873,2021,-0.1919565586740561,-0.045194335643266026
North West,Ward 63907013,NW397,4539,0.5117867371667768,False,8.420462002456466,0.4186905113109275,2021,-0.05173721955656163,0.4030911901081917
North West,Ward 63907014,NW397,3748,0.4276947705442903,False,8.228977643358313,0.4246970803553908,2021,-0.11465136306959711,-0.014203051025775904
North West,Ward 63907015,NW397,3227,0.4177254415866129,False,8.079308192051961,0.4254091752809392,2021,-0.1999661670168406,-0.022417449257800648
North West,Ward 64003001,NW403,5389,0.3748376322137688,False,8.592115117933497,0.4191933719920776,2021,-0.1756710887164637,-0.020893895348837233
North West,Ward 64003002,NW403,4671,0.3937058445728966,False,8.449128460502108,0.41863842456975037,2021,-0.21732809073172732,-0.07303036316729505
North West,Ward 64003003,NW403,5393,0.4928611162618209,False,8.592857095337227,0.4157220930494879,2021,-0.08477514521036494,0.010114253605544077
North West,Ward 64003004,NW403,6368,0.4365577889447236,False,8.75904072752422,0.4173780732646966,2021,-0.1430943849683199,0.10747826086956525
North West,Ward 64003005,NW403,4487,0.4562068197013594,False,8.408939605975984,0.41680016059538383,2021,-0.136651979278469,0.04034314862044974
North West,Ward 64003006,NW403,4234,0.4501653282947567,False,8.350902451694811,0.4169778515191074,2021,-0.12129617470201598,-0.023974181650530224
North West,Ward 64003007,NW403,4239,0.4236848313281434,False,8.352082671352637,0.41775668966518426,2021,-0.20794351217256046,-0.005396527451900557
North West,Ward 64003008,NW403,5613,0.4099412079102084,False,8.6328406149422,0.41816091388335885,2021,-0.12667187862981433,-0.08865075499269359
North West,Ward 64003009,NW403,4332,0.4053554939981533,False,8.37378460812088,0.4182957878219487,2021,-0.15325855797489774,-0.16612127045235803
North West,Ward 64003010,NW403,4093,0.3928658685560713,False,8.317033476492403,0.41866312974671577,2021,-0.20332130648725621,-0.11330155979202772
North West,Ward 64003011,NW403,4510,0.3813747228381374,False,8.414052432496725,0.41900110462077267,2021,-0.14694659539049287,-0.07106076210092693
North West,Ward 64003012,NW403,4594,0.4407923378319547,False,8.432506383249043,0.41725352770918983,2021,-0.17194509233564303,0.02659217877094977
North West,Ward 64003013,NW403,4463,0.4015236388079767,False,8.40357646462927,0.41840848944518916,2021,-0.06967064210034962,-0.06160639192598827
North West,Ward 64003014,NW403,4675,0.4207486631016043,False,8.449984441722787,0.41784304755420015,2021,-0.13491976436690445,-0.05018285249898413
North West,Ward 64003015,NW403,6086,0.510515938218863,False,8.713746330456916,0.41520283358016313,2021,-0.10316542991795075,0.09558955895589549
North West,Ward 64003016,NW403,4801,0.6082066236200792,False,8.476579508530941,0.4123295781271862,2021,-0.10458483421387155,0.04619742863368925
North West,Ward 64003017,NW403,6182,0.6137172436104821,False,8.729397122692061,0.4121675010686449,2021,-0.09706858073466429,-0.0474576271186441
North West,Ward 64003018,NW403,4158,0.4567099567099567,False,8.332789468417959,0.41678536244807207,2021,-0.10857666749386502,-0.05414012738853502
North West,Ward 64003019,NW403,5337,0.4794828555368184,False,8.582418976333944,0.41611557130610555,2021,-0.07118356768757456,-0.025561438743837872
North West,Ward 64003020,NW403,3608,0.3860864745011086,False,8.190908881182514,0.4188625236895088,2021,-0.13056747922378337,-0.08263412153572336
North West,Ward 64003021,NW403,3549,0.2586644125105664,False,8.174421152646497,0.422610231395113,2021,-0.08947454530581073,-0.11935483870967745
North West,Ward 64003022,NW403,4903,0.3765041811136039,False,8.497602541651233,0.41914435584796483,2021,-0.08099068541617022,0.00677618069815189
North West,Ward 64003023,NW403,5408,0.3394970414201183,False,8.5956346177228,0.4202328011330674,2021,-0.19439184746877058,0.001481481481481417
North West,Ward 64003024,NW403,4464,0.3640232974910394,False,8.403800504061147,0.4195114406603932,2021,-0.1695405755764952,-0.09194467046379173
North West,Ward 64003025,NW403,4621,0.3789223111880545,False,8.438366410870266,0.4190732343751869,2021,-0.12117827219557059,-0.07040836853751764
North West,Ward 64003026,NW403,4348,0.390064397424103,False,8.3774712482411,0.41874552595647957,2021,-0.12834051055135715,-0.11083844580777091
North West,Ward 64003027,NW403,4686,0.3557405036278275,False,8.452334619067742,0.4197550522446053,2021,-0.1827964644051201,-0.0809962737791724
North West,Ward 64003028,NW403,4658,0.4237870330613997,False,8.446341450444287,0.4177536837318532,2021,-0.11332115702960127,-0.0580384226491405
North West,Ward 64003029,NW403,4002,0.4212893553223388,False,8.294549515143679,0.4178271448418256,2021,-0.11125103965073124,-0.10188509874326745
North West,Ward 64003030,NW403,4770,0.4987421383647799,False,8.470101583882387,0.41554912181116554,2021,-0.033740239230952596,-0.09125547723375882
North West,Ward 64003031,NW403,5372,0.4037602382725242,False,8.588955557643128,0.4183427071079966,2021,-0.1178033513769528,-0.014131033217104072
North West,Ward 64003032,NW403,3748,0.3770010672358591,False,8.228977643358313,0.41912974155025146,2021,-0.14668251054726184,-0.098821832171195
North West,Ward 64003033,NW403,3613,0.2967063382230833,False,8.19229373114764,0.4214913512270978,2021,-0.12936992253952428,-0.11119311193111936
North West,Ward 64003034,NW403,3874,0.3892617449664429,False,8.262042843966942,0.41876913338170485,2021,-0.0991267138653657,-0.09125029322073652
North West,Ward 64003035,NW403,3932,0.4181078331637843,False,8.276903481267057,0.4179207190229595,2021,-0.43975002469407354,-0.016016016016015988
North West,Ward 64004001,NW404,3001,0.4821726091302899,False,8.006700845440367,0.4731552548031547,2021,-0.09548318680125678,-0.03099773974814335
North West,Ward 64004002,NW404,2884,0.409500693481276,False,7.96693349840484,0.48042244636805603,2021,-0.21076053620970842,-0.0812360624402676
North West,Ward 64004003,NW404,2932,0.4826057298772169,False,7.983440063006542,0.47311194272846196,2021,-0.08229732631732795,-0.036477160696680944
North West,Ward 64004004,NW404,2998,0.4709806537691794,False,8.005700678662542,0.47427445033926574,2021,-0.08050538645898031,-0.0999699789852897
North West,Ward 64004005,NW404,4036,0.4913280475718533,False,8.3030093814735,0.4722397109589983,2021,-0.03196847814858844,0.08699165095610017
North West,Ward 64004006,NW404,3350,0.4844776119402985,False,8.116715624819111,0.4729247545221538,2021,-0.1072628010390525,-0.01179941002949858
North West,Ward 64004007,NW404,2495,0.4605210420841683,False,7.822044008185619,0.4753204115077668,2021,-0.1097361327201552,-0.07007081625046585
North West,Ward 64004008,NW404,3932,0.4793997965412004,False,8.276903481267057,0.47343253606206365,2021,-0.10493453779313394,-0.016016016016015988
North West,Ward 64004009,NW404,3172,0.5242749054224464,False,8.06211758275474,0.468945025173939,2021,-0.0620308270616301,0.010191082802547768
North West,Ward 64004010,NW404,4017,0.4386357978590988,False,8.298290634359283,0.4775089359302738,2021,-0.12140508103717107,0.026315789473684292
North West,Ward 64004011,NW404,3785,0.4898282694848084,False,8.23880116587155,0.4723896887677029,2021,-0.06986396183810051,-0.060560933234053094
Northern Cape,Ward 30601001,NC061,1250,0.66,False,7.1308988302963465,0.6494466606870063,2021,0.08240824211204123,-0.19510624597553128
Northern Cape,Ward 30601002,NC061,1054,0.5464895635673624,False,6.960347729101308,0.6872834728312189,2021,0.04894992442028756,-0.423728813559322
Northern Cape,Ward 30601003,NC061,1559,0.5644644002565747,False,7.351799869057777,0.6812918606014815,2021,-0.04910823014163057,-0.12563095905776778
Northern Cape,Ward 30601004,NC061,658,0.837386018237082,False,6.489204931325317,0.5903179879413124,2021,0.14748108387764336,-0.7021276595744681
Northern Cape,Ward 30602001,NC062,3458,0.5352805089647195,False,8.148445666243235,0.5464546016422303,2021,-0.03708044449725556,-0.018728717366628844
Northern Cape,Ward 30602002,NC062,3372,0.5602016607354685,False,8.123261319121745,0.5433394576708866,2021,-0.012688364839979038,0.07800511508951402
Northern Cape,Ward 30602003,NC062,3363,0.5191793041926851,False,8.12058871174027,0.5484672522387346,2021,-0.0765914589087553,0.03064664419246088
Northern Cape,Ward 30602004,NC062,2790,0.5939068100358423,False,7.933796874815411,0.5391263140083399,2021,-0.032557697200546354,-0.038594073053066835
Northern Cape,Ward 30602005,NC062,2824,0.5191218130311614,False,7.945909598613133,0.548474438633925,2021,-0.05205874252439413,-0.019444444444444486
Northern Cape,Ward 30602006,NC062,3557,0.5116671352263144,False,8.176672771948455,0.5494062733595309,2021,-0.06116697245337954,-0.027876468980595814
Northern Cape,Ward 30602007,NC062,2994,0.6112224448897795,False,8.004365564979574,0.5369618596515977,2021,-0.028956433679191984,0.029927760577915352
Northern Cape,Ward 30602008,NC062,3213,0.4973544973544973,False,8.074960359115858,0.551195353093508,2021,-0.017351384998443797,-0.015625
Northern Cape,Ward 30602009,NC062,3501,0.5589831476720937,False,8.160803920954665,0.5434917718038085,2021,-0.007218942920240834,0.016550522648083543
Northern Cape,Ward 30604001,NC064,1193,0.6957250628667225,False,7.084226422097916,0.7230159732622788,2021,0.031695527001743606,-0.37078059071729963
Northern Cape,Ward 30604002,NC064,1421,0.7220267417311752,False,7.259116128097101,0.7142487469741279,2021,0.037638148207733924,-0.3131947800869985
Northern Cape,Ward 30604003,NC064,1092,0.7106227106227107,False,6.9957661563048505,0.7180500906769494,2021,0.08455693717569479,-0.33495736906211937
Northern Cape,Ward 30604004,NC064,1305,0.7363984674329502,False,7.173958319756794,0.7094581717402028,2021,0.004338282247765002,-0.24479166666666663
Northern Cape,Ward 30605001,NC065,2425,0.5220618556701031,False,7.793586803371584,0.6469962354161839,2021,-0.12576994459270896,-0.20335085413929044
Northern Cape,Ward 30605002,NC065,2836,0.5377291960507757,False,7.950149887652018,0.6430794003210157,2021,-0.08194726482740189,-0.06371739848134694
Northern Cape,Ward 30605003,NC065,2354,0.6427357689039932,False,7.763871287820222,0.6168277571077114,2021,-0.04761330707136613,-0.033264887063655046
Northern Cape,Ward 30605004,NC065,1651,0.7504542701393095,False,7.409136443920128,0.5898981317988823,2021,0.06740956615219718,-0.33507853403141363
Northern Cape,Ward 30605005,NC065,2222,0.6570657065706571,False,7.706162970199576,0.6132452726910453,2021,-0.01925456600174491,-0.053662691652470174
Northern Cape,Ward 30606001,NC066,1779,0.5890949971894323,False,7.483806687665835,0.5856355254016073,2021,-0.03936542048905245,-0.13598834385624092
Northern Cape,Ward 30606002,NC066,1925,0.6207792207792208,False,7.562681246721884,0.5750741175383444,2021,-0.045721525860898726,-0.04181184668989546
Northern Cape,Ward 30606003,NC066,729,0.5308641975308642,False,6.591673732008658,0.6050457919544633,2021,-0.0043240185084156835,-0.4034369885433715
Northern Cape,Ward 30606004,NC066,1520,0.6052631578947368,False,7.326465613840322,0.5802461384998391,2021,-0.02250033824922204,-0.21850899742930596
Northern Cape,Ward 30607001,NC067,1231,0.7010560519902518,False,7.115582126184454,0.5261109345485651,2021,0.08291909949179399,-0.24059222702035776
Northern Cape,Ward 30607002,NC067,1526,0.6055045871559633,False,7.330405211844402,0.5579614228266613,2021,0.03980440208501945,-0.05860579888957429
Northern Cape,Ward 30607003,NC067,1461,0.5776865160848734,False,7.2868764117507,0.5672341131836912,2021,-0.05337132654149446,-0.23866597186034388
Northern Cape,Ward 30607004,NC067,1235,0.3951417004048583,False,7.118826249062078,0.6280823850770295,2021,-0.1043501695138409,-0.3724593495934959
Northern Cape,Ward 30701001,NC071,1240,0.625,False,7.122866658599083,0.633640724639815,2021,-0.06492805755395681,-0.5539568345323741
Northern Cape,Ward 30701002,NC071,1898,0.5800842992623815,False,7.5485559791698735,0.6486126248856879,2021,-0.1261863278003248,-0.21699669966996704
Northern Cape,Ward 30701003,NC071,1209,0.7799834574028123,False,7.097548850614793,0.581979572172211,2021,0.16682798362176354,-0.44388224471021154
Northern Cape,Ward 30701004,NC071,2411,0.5408544172542513,False,7.787796878181171,0.6616892522217313,2021,-0.12252042173243827,0.03520824388149424
Northern Cape,Ward 30702001,NC072,1717,0.6779266161910309,False,7.448333860897476,0.6440613240416211,2021,0.01533920360361829,-0.3996503496503496
Northern Cape,Ward 30702002,NC072,2629,0.5637124381894256,False,7.874358824729881,0.6726148685420223,2021,-0.10480505209375035,0.45974458634092175
Northern Cape,Ward 30702003,NC072,1942,0.6627188465499485,False,7.571473648851271,0.6478632664518917,2021,0.03105979023335792,-0.014713343480466823
Northern Cape,Ward 30702004,NC072,1649,0.6973923590054578,False,7.407924322559599,0.6391948883380143,2021,-0.024335722316016106,-0.4761753494282084
Northern Cape,Ward 30702005,NC072,2106,0.6524216524216524,False,7.652545692693921,0.6504375649839658,2021,-0.025693715257783967,-0.07265521796565388
Northern Cape,Ward 30703001,NC073,2699,0.4879585031493145,False,7.900636613018005,0.5002542412648181,2021,-0.1790831166482108,0.011998500187476502
Northern Cape,Ward 30703002,NC073,3206,0.462882096069869,False,8.072779333169498,0.5044336424447257,2021,-0.13287359751191147,-0.17028985507246375
Northern Cape,Ward 30703003,NC073,2824,0.5262039660056658,False,7.945909598613133,0.4938799974554262,2021,-0.0731456274902692,-0.08162601626016264
Northern Cape,Ward 30703004,NC073,2495,0.524248496993988,False,7.822044008185619,0.4942059089573725,2021,-0.17664671101022478,0.3138493944181149
Northern Cape,Ward 30703005,NC073,3159,0.4510921177587844,False,8.058010800802085,0.5063986388299064,2021,-0.07909011458745713,-0.1005125284738041
Northern Cape,Ward 30703006,NC073,2804,0.5570613409415122,False,7.938802248154481,0.4887371016327851,2021,-0.10494582751726922,0.00501792114695343
Northern Cape,Ward 30703007,NC073,3206,0.4800374298190892,False,8.072779333169498,0.501574420153189,2021,-0.17349144277486134,-0.020470516345860057
Northern Cape,Ward 30704001,NC074,1620,0.6080246913580247,False,7.3901814282264295,0.6556019903816933,2021,-0.054232439687861955,-0.3303017775940471
Northern Cape,Ward 30704002,NC074,635,0.647244094488189,False,6.453624998892692,0.6425288560049719,2021,0.015533106028580379,-0.6813848469643753
Northern Cape,Ward 30704003,NC074,1402,0.8131241084165478,False,7.2456550675945355,0.5872355180288523,2021,0.09973334882375218,0.09788566953797972
Northern Cape,Ward 30704004,NC074,1398,0.5064377682403434,False,7.242797922793756,0.6894642980875871,2021,-0.14473836486350056,-0.19793459552495696
Northern Cape,Ward 30705001,NC075,1627,0.7246465888137676,False,7.394493107219038,0.7359455952237454,2021,0.0049097467085045254,0.07039473684210518
Northern Cape,Ward 30705002,NC075,743,0.8304172274562585,False,6.610696044717759,0.7006887156762484,2021,0.14258653962557066,-0.6426166426166426
Northern Cape,Ward 30705003,NC075,1215,0.7193415637860082,False,7.102499355774649,0.7377139368996651,2021,-0.09123112343866135,-0.10792951541850215
Northern Cape,Ward 30705004,NC075,1436,0.6580779944289693,False,7.269616749608169,0.7581351266853447,2021,0.051784288135263035,0.00419580419580412
Northern Cape,Ward 30706001,NC076,1800,0.6716666666666666,False,7.495541943884256,0.6029629604544519,2021,0.02541136756162654,-0.15214319359397077
Northern Cape,Ward 30706002,NC076,1841,0.6355241716458446,False,7.518064181233078,0.6150104587947258,2021,-0.002790613727764235,-0.26828298887122415
Northern Cape,Ward 30706003,NC076,1678,0.600715137067938,False,7.425357887027151,0.6266134703206947,2021,-0.048597240142278064,-0.17583497053045183
Northern Cape,Ward 30706004,NC076,1872,0.5726495726495726,False,7.534762657037537,0.6359686584601498,2021,-0.09674560697753065,-0.14870395634379263
Northern Cape,Ward 30707001,NC077,3346,0.5436341900777047,False,8.11552088154677,0.6317792156622005,2021,-0.129401137968438,0.20620043258832021
Northern Cape,Ward 30707002,NC077,1885,0.6519893899204244,False,7.541683099882111,0.5956608157146274,2021,0.0802027805398301,-0.32509846043680635
Northern Cape,Ward 30707003,NC077,1805,0.6371191135734072,False,7.498315870766981,0.6006175744969663,2021,-0.10772937127507765,0.09393939393939399
Northern Cape,Ward 30707004,NC077,1798,0.6062291434927698,False,7.494430215031565,0.6109142311905121,2021,-0.022751013406168807,-0.17028149515459157
Northern Cape,Ward 30708001,NC078,2507,0.5121659353809334,False,7.826842098158293,0.5222052984394301,2021,-0.09969390289399926,-0.03465537158259535
Northern Cape,Ward 30708002,NC078,2827,0.4538379908029713,False,7.946971357693591,0.5338708873550224,2021,-0.15535037060591078,-0.13415007656967837
Northern Cape,Ward 30708003,NC078,2968,0.5768194070080862,False,7.995643604287271,0.5092746041139995,2021,-0.09719344882295144,-0.09152127333945514
Northern Cape,Ward 30708004,NC078,3046,0.628693368351937,False,8.021584533455107,0.4988998118452293,2021,-0.10158652986689254,0.29177268871925355
Northern Cape,Ward 30708005,NC078,3032,0.479221635883905,False,8.016977746762262,0.5287941583388357,2021,-0.1265994205300368,0.08947179302910535
Northern Cape,Ward 30708006,NC078,2396,0.4724540901502504,False,7.78155595923534,0.5301476674855666,2021,-0.0767705762760027,-0.13595384060584204
Northern Cape,Ward 30802001,NC082,2905,0.6161790017211703,False,7.974188669286011,0.631408474602536,2021,0.05380543462744147,-0.020566419420094406
Northern Cape,Ward 30802002,NC082,2625,0.7055238095238096,False,7.872836175025724,0.6202403736272062,2021,-0.011704654895666078,-0.016853932584269704
Northern Cape,Ward 30802003,NC082,3649,0.5957796656618252,False,8.202208436436448,0.6339583916099542,2021,-0.22240215251999307,0.514736405147364
Northern Cape,Ward 30802004,NC082,2319,0.5454937473048728,False,7.7488913372555315,0.6402441314045733,2021,-0.010319307928808197,-0.104287369640788
Northern Cape,Ward 30802005,NC082,3320,0.6641566265060241,False,8.107720061910534,0.6254112715044293,2021,-0.026431184528955987,0.1972592859718716
Northern Cape,Ward 30802006,NC082,3567,0.6075133165124754,False,8.17948018535889,0.6324916852536229,2021,-0.08678860085182383,-0.03672697812584391
Northern Cape,Ward 30802007,NC082,3111,0.6695596271295403,False,8.042699496897637,0.6247358964264897,2021,0.08260804722501658,-0.29279381677654015
Northern Cape,Ward 30802008,NC082,3628,0.5931642778390298,False,8.196436811235028,0.6342853150878036,2021,0.016286001776129377,0.05649388468258598
Northern Cape,Ward 30802009,NC082,3128,0.670076726342711,False,8.048149101665201,0.6246712590248434,2021,0.006233268398785796,-0.08644859813084116
Northern Cape,Ward 30804001,NC084,1398,0.6638054363376252,False,7.242797922793756,0.7005721377931419,2021,-0.084446311914123,-0.4249280131633073
Northern Cape,Ward 30804002,NC084,1958,0.7400408580183861,False,7.579678823090456,0.6751603305662215,2021,-0.021171766566331462,-0.18687707641196016
Northern Cape,Ward 30804003,NC084,1927,0.6839647119875454,False,7.563719668414366,0.6938523792431684,2021,-0.04509932742132161,-0.2697991663508905
Northern Cape,Ward 30804004,NC084,1992,0.677710843373494,False,7.596894438144544,0.6959370021145189,2021,-0.12211161557013672,-0.11584553928095875
Northern Cape,Ward 30805001,NC085,2788,0.4967718794835007,False,7.933079771880415,0.4729532133836439,2021,-0.1627193142542684,0.3639921722113504
Northern Cape,Ward 30805002,NC085,2022,0.420375865479723,False,7.611842399580417,0.4882324161843994,2021,-0.15649834036525795,-0.1435832274459975
Northern Cape,Ward 30805003,NC085,2782,0.4787922358015816,False,7.930925372483388,0.47654914212002764,2021,-0.22845094789436993,-0.23381988432938583
Northern Cape,Ward 30805004,NC085,2580,0.5546511627906977,False,7.855544677915663,0.4613773567222045,2021,-0.10244909811127767,-0.0383898620946701
Northern Cape,Ward 30805005,NC085,2628,0.4668949771689498,False,7.873978379604501,0.47892859384655406,2021,-0.1156788471110356,-0.041924899744804955
Northern Cape,Ward 30805006,NC085,2547,0.4440518256772673,False,7.842671474979457,0.4834972241448905,2021,-0.10670575008030847,-0.035227272727272774
Northern Cape,Ward 30806001,NC086,1906,0.5131164742917104,False,7.552762084214147,0.4951307090841974,2021,-0.07345273539307717,-0.12928277752398354
Northern Cape,Ward 30806002,NC086,1505,0.5009966777408638,False,7.316548177182976,0.49917064126781296,2021,-0.14671851885849863,-0.20031880977683314
Northern Cape,Ward 30806003,NC086,1419,0.4129668780831571,False,7.257707677160043,0.5285139078203819,2021,-0.22568076459674363,-0.559863523573201
Northern Cape,Ward 30806004,NC086,2100,0.5714285714285714,False,7.649692623711514,0.4756933433719104,2021,0.09165510864539989,-0.15048543689320393
Northern Cape,Ward 30901001,NC091,4205,0.5510107015457788,False,8.344029572407049,0.48605081941628553,2021,-0.030129649331414154,0.02461013645224175
Northern Cape,Ward 30901002,NC091,4878,0.4466994669946699,False,8.492490578775866,0.4895278605679892,2021,-0.11225159639579052,0.007226925459425937
Northern Cape,Ward 30901003,NC091,4003,0.582063452410692,False,8.294799358992574,0.48501572772078844,2021,-0.0511332689007834,0.025358606557376984
Northern Cape,Ward 30901004,NC091,3727,0.4553259994633754,False,8.223358899479258,0.489240309485699,2021,-0.15670560899953567,-0.049961763956156036
Northern Cape,Ward 30901005,NC091,3932,0.5030518819938963,False,8.276903481267057,0.48764944673468164,2021,-0.13033882368596605,-0.03319400049176302
Northern Cape,Ward 30901006,NC091,3180,0.4959119496855346,False,8.064636475774222,0.4878874444782937,2021,-0.12263877495214653,-0.07826086956521738
Northern Cape,Ward 30901007,NC091,3441,0.4812554489973845,False,8.14351740579748,0.48837599450123204,2021,-0.0754196139749077,-0.13324937027707806
Northern Cape,Ward 30901008,NC091,3242,0.4904380012338063,False,8.08394570229562,0.4880699094266846,2021,-0.12846326653415374,-0.3772570111409912
Northern Cape,Ward 30901009,NC091,4071,0.4450994841562269,False,8.31164394850298,0.4895811933292706,2021,-0.1545638964641145,-0.021158932435681677
Northern Cape,Ward 30901010,NC091,3290,0.5188449848024316,False,8.098642843759418,0.4871230099743971,2021,-0.13853824699333284,-0.04554685233536404
Northern Cape,Ward 30901011,NC091,3061,0.4658608297941849,False,8.026496938945412,0.488889148474672,2021,-0.1214975482618676,-0.08735837805605251
Northern Cape,Ward 30901012,NC091,3266,0.4595835884874464,False,8.09132127353041,0.48909838985156334,2021,-0.14628829763355,-0.03143534994068797
Northern Cape,Ward 30901013,NC091,3422,0.4494447691408533,False,8.137980454452139,0.48943635049644973,2021,-0.13419639180901477,-0.09709762532981525
Northern Cape,Ward 30901014,NC091,3422,0.5,False,8.137980454452139,0.48775117613447816,2021,-0.11403995560488345,-0.05049944506104331
Northern Cape,Ward 30901015,NC091,3265,0.4735068912710566,False,8.09101504171053,0.48863427975877627,2021,-0.13000400461272066,-0.01180387409200967
Northern Cape,Ward 30901016,NC091,4347,0.4722797331492984,False,8.377241230988792,0.4886751850295016,2021,-0.17009360740881596,0.17772961257111897
Northern Cape,Ward 30901017,NC091,3886,0.4637159032424086,False,8.265135629937385,0.4889606460263979,2021,-0.15341995967068817,-0.048714810281517695
Northern Cape,Ward 30901018,NC091,3279,0.4669106434888685,False,8.095293776844649,0.4888541546848492,2021,-0.1314069169738024,0.14931650893796
Northern Cape,Ward 30901019,NC091,3361,0.4980660517703064,False,8.119993827725105,0.48781564107546793,2021,-0.1141318768833185,-0.03308400460299199
Northern Cape,Ward 30901020,NC091,4147,0.4820352061731372,False,8.330140460246382,0.4883500025953736,2021,-0.17487672247792185,0.1557971014492754
Northern Cape,Ward 30901021,NC091,4397,0.4910166022287923,False,8.388677769180811,0.4880506227268518,2021,-0.11784178828898684,-0.08567269702640878
Northern Cape,Ward 30901022,NC091,4531,0.5279187817258884,False,8.418697944667139,0.4868205500769485,2021,0.01121979443866572,-0.023701788407670787
Northern Cape,Ward 30901023,NC091,4254,0.5486600846262342,False,8.355614995760183,0.48612917331360367,2021,-0.09391633458773962,-0.07117903930131009
Northern Cape,Ward 30901024,NC091,4247,0.6192606545797034,False,8.353968130313271,0.4837758209818214,2021,-0.08480255083790389,-0.041309255079006735
Northern Cape,Ward 30901025,NC091,3194,0.4414527238572323,False,8.069029328774958,0.4897027520059038,2021,-0.06422242291380492,-0.3749510763209394
Northern Cape,Ward 30901026,NC091,6052,0.5308988764044944,False,8.708144074908246,0.4867212135876617,2021,-0.12226079556849156,0.4597202122527737
Northern Cape,Ward 30901027,NC091,3735,0.5049531459170014,False,8.225503097566918,0.4875860712705781,2021,-0.03994008793944326,-0.039104708001029054
Northern Cape,Ward 30901028,NC091,4520,0.5778761061946903,False,8.416267272826277,0.4851553059279885,2021,-0.05917672488799153,0.07083629471689168
Northern Cape,Ward 30901029,NC091,3810,0.2965879265091863,False,8.245384468120747,0.49453157858417196,2021,-0.1730715162152719,0.17956656346749233
Northern Cape,Ward 30901030,NC091,4092,0.449902248289345,False,8.316789127071518,0.4894211011915,2021,-0.1934563588434829,0.1491154170176916
Northern Cape,Ward 30901031,NC091,4037,0.4429031459004211,False,8.30325712085294,0.48965440460446413,2021,-0.14311482473293413,-0.1152750383519614
Northern Cape,Ward 30902001,NC092,2652,0.5535444947209653,False,7.883069351305753,0.5689109269199827,2021,0.03242807900300726,-0.02607418288652219
Northern Cape,Ward 30902002,NC092,3242,0.5842072794571253,False,8.08394570229562,0.5638004627972893,2021,-0.0291810300262606,-0.21367935968954643
Northern Cape,Ward 30902003,NC092,2807,0.6319914499465622,False,7.939871576361883,0.5558364343823832,2021,-0.057940606878638556,-0.13310685608400252
Northern Cape,Ward 30902004,NC092,2863,0.5351030387705205,False,7.959625305098115,0.5719845029117234,2021,-0.12146261779513612,-0.14943553178847302
Northern Cape,Ward 30902005,NC092,2636,0.5447647951441578,False,7.877017895622398,0.5703742101827839,2021,-0.043504658978954946,-0.23461091753774677
Northern Cape,Ward 30902006,NC092,2971,0.5476270615954224,False,7.9966538754626075,0.5698971657742398,2021,-0.052303300521569285,0.034470752089136525
Northern Cape,Ward 30902007,NC092,2587,0.5697719366061075,False,7.8582541821860294,0.5662063532724589,2021,-0.05083370209907878,-0.09954751131221717
Northern Cape,Ward 30903001,NC093,2040,0.5397058823529411,False,7.620705086838262,0.518224612046279,2021,-0.0509553310076587,-0.30470347648261764
Northern Cape,Ward 30903002,NC093,2037,0.5768286696121747,False,7.619233416226805,0.5089439152314705,2021,-0.051468692498137014,-0.02302158273381294
Northern Cape,Ward 30903003,NC093,1562,0.4468629961587708,False,7.3537223303996315,0.5414353335948215,2021,-0.1410063662051484,-0.1902540176257128
Northern Cape,Ward 30903004,NC093,2149,0.5323406235458352,False,7.67275789664251,0.5200659267480554,2021,-0.03198686183428179,-0.30181936322287195
Northern Cape,Ward 30903005,NC093,1838,0.5168661588683352,False,7.516433302915632,0.5239345429174305,2021,-0.09187266933424676,-0.08738828202581927
Northern Cape,Ward 30904001,NC094,3602,0.4955580233203775,False,8.189244525735901,0.49412421860055855,2021,-0.07274366444333552,-0.05010548523206748
Northern Cape,Ward 30904002,NC094,3305,0.4544629349470499,False,8.103191752285786,0.4992611046472245,2021,-0.10258604952128936,-0.012843488649940227
Northern Cape,Ward 30904003,NC094,2728,0.4314516129032258,False,7.911324018963353,0.5021375199027025,2021,-0.14380164324728067,-0.013024602026049159
Northern Cape,Ward 30904004,NC094,2825,0.4892035398230088,False,7.946263643580541,0.49491852903772965,2021,-0.05149603520150903,-0.07649558679306967
Northern Cape,Ward 30904005,NC094,4122,0.4902959728287239,False,8.324093761450404,0.49478197491201525,2021,-0.14917069383794274,0.09919999999999995
Northern Cape,Ward 30904006,NC094,2813,0.5538570920725204,False,7.9420068084898565,0.4868368350065407,2021,-0.011619098403670036,0.046502976190476275
Northern Cape,Ward 30904007,NC094,3075,0.5154471544715448,False,8.031060180240619,0.49163807720666264,2021,-0.06568703980133561,0.7265581134194272
Northern Cape,Ward 30904008,NC094,2919,0.4898937992463172,False,7.978996370854115,0.4948322466098161,2021,-0.09772693799003213,-0.4246008279124778
Northern Cape,Ward 30904009,NC094,3312,0.5283816425120773,False,8.10530751550515,0.4900212662015961,2021,-0.03642377203953018,0.12081218274111682
Northern Cape,Ward 34501001,NC451,3209,0.8557182923028981,False,8.073714641109857,0.485895703651143,2021,0.28276346934807517,-0.02045177045177049
Northern Cape,Ward 34501002,NC451,3268,0.5257037943696451,False,8.091933455979893,0.5094681677892325,2021,-0.061005619795321375,-0.04750801515593117
Northern Cape,Ward 34501003,NC451,3379,0.4714412548091151,False,8.12533508671429,0.5133440634721275,2021,-0.047872049911914905,-0.03319027181688128
Northern Cape,Ward 34501004,NC451,3698,0.4653866955110871,False,8.21554741194707,0.5137765319934152,2021,-0.0865013425137347,-0.02350145233694212
Northern Cape,Ward 34501005,NC451,3423,0.4855390008764242,False,8.138272638530186,0.5123370816101768,2021,-0.11350567459421357,-0.03821298117448724
Northern Cape,Ward 34501006,NC451,3162,0.6445287792536369,False,8.058960017769417,0.5009806688689473,2021,-0.01803658524959284,-0.027376191940941208
Northern Cape,Ward 34501007,NC451,3618,0.5201768933112216,False,8.193676665955241,0.5098629464362627,2021,-0.04034801295551649,-0.031065881092662062
Northern Cape,Ward 34501008,NC451,2909,0.5644551392231008,False,7.975564658495202,0.5067002145854141,2021,0.021225122909887095,-0.05089722675367048
Northern Cape,Ward 34501009,NC451,3630,0.4322314049586777,False,8.196987927258897,0.516144767032873,2021,-0.10414443396749679,-0.025503355704697972
Northern Cape,Ward 34501010,NC451,3109,0.4158893534898681,False,8.042056410058754,0.5173120564235022,2021,-0.11169154019272054,-0.04191063174114018
Northern Cape,Ward 34501011,NC451,3002,0.4953364423717522,False,8.007034012193408,0.5116372643605105,2021,0.02862539044099316,-0.0006657789613848664
Northern Cape,Ward 34501012,NC451,3318,0.3990355635925256,False,8.10711747075039,0.5185158985590267,2021,-0.06568392744275486,-0.04048582995951422
Northern Cape,Ward 34501013,NC451,3559,0.4231525709468952,False,8.177234885510194,0.5167932551765718,2021,-0.08261924113364172,-0.04456375838926174
Northern Cape,Ward 34501014,NC451,3413,0.4227951948432464,False,8.135346948906706,0.5168187820411181,2021,-0.11354360297096128,-0.06748633879781418
Northern Cape,Ward 34501015,NC451,3282,0.5368677635588056,False,8.096208271650037,0.5086707414185782,2021,-0.027777545365679557,-0.06121281464530892
Northern Cape,Ward 34502001,NC452,3463,0.5264221773029165,False,8.149890544402423,0.41425050918756057,2021,-0.07374808376405284,-0.0173098751418842
Northern Cape,Ward 34502002,NC452,4147,0.4195804195804196,False,8.330140460246382,0.4231539889977687,2021,-0.2028007761272963,0.059529892692897324
Northern Cape,Ward 34502003,NC452,3379,0.3998224326723882,False,8.12533508671429,0.4248004879067713,2021,-0.23711406756997727,-0.18104701890450803
Northern Cape,Ward 34502004,NC452,3056,0.4456806282722513,False,8.024862150286411,0.42097897160678266,2021,-0.0801860383944154,-0.1850666666666667
Northern Cape,Ward 34502005,NC452,3268,0.366891064871481,False,8.091933455979893,0.4275447685568468,2021,-0.13028761851409892,0.024451410658307138
Northern Cape,Ward 34502006,NC452,3304,0.4963680387409201,False,8.102889134640868,0.4167550207343936,2021,-0.05052562912048969,-0.01314217443249699
Northern Cape,Ward 34502007,NC452,3276,0.3836996336996337,False,8.09437844497296,0.4261440544878341,2021,-0.25524559956608633,-0.05070993914807298
Northern Cape,Ward 34502008,NC452,3536,0.3987556561085973,False,8.170751423757535,0.42488938595375386,2021,-0.14196710548795066,-0.04638619201726002
Northern Cape,Ward 34502009,NC452,2626,0.3754760091393754,False,7.873217054862741,0.4268293565345223,2021,-0.128416418319931,-0.07077140835102613
Northern Cape,Ward 34502010,NC452,3509,0.4194927329723568,False,8.163086375583216,0.42316129621510723,2021,-0.15618145524998772,-0.03439735828288393
Northern Cape,Ward 34502011,NC452,3563,0.39264664608476,False,8.178358165605836,0.42539847012240695,2021,-0.13353789256860654,-0.012745912995289599
Northern Cape,Ward 34502012,NC452,3900,0.4174358974358974,False,8.268731832117737,0.4233326991764788,2021,-0.15699387447286617,0.17046818727490987
Northern Cape,Ward 34502013,NC452,3568,0.4551569506726457,False,8.1797604936999,0.42018927807341644,2021,-0.15031808958500326,-0.04240472356414382
Northern Cape,Ward 34503001,NC453,3191,0.5531181447821999,False,8.068089626278244,0.5444752314993015,2021,-0.055722303295305364,-0.03390856796851349
Northern Cape,Ward 34503002,NC453,1946,0.6027749229188079,False,7.57353126274595,0.5320610369651496,2021,-0.018933678602549686,-0.430661205383265
Northern Cape,Ward 34503003,NC453,2034,0.5722713864306784,False,7.617759576608505,0.539686921087182,2021,-0.015261081101789142,0.056623376623376576
Northern Cape,Ward 34503004,NC453,3465,0.6571428571428571,False,8.150467911624004,0.5184690534091373,2021,0.04384724186704381,-0.01980198019801982
Northern Cape,Ward 34503005,NC453,4524,0.3457117595048629,False,8.41715183723601,0.5963268278186358,2021,-0.14365455993958154,-0.01822916666666663
Western Cape,Ward 19100001,CPT,15635,0.6475855452510393,True,9.65726726989194,0.4617783426799567,2021,-0.1479088356129673,-0.19398907103825136
Western Cape,Ward 19100002,CPT,20838,0.5885401670025914,True,9.94453352197213,0.4623151188458517,2021,-0.16816440283220802,0.11767860974039901
Western Cape,Ward 19100003,CPT,15898,0.6265567995974336,True,9.673948594133059,0.4619695130949895,2021,-0.15386948366653408,0.00252238617732381
Western Cape,Ward 19100004,CPT,15091,0.4429129945000331,True,9.62185381861855,0.4636390022322386,2021,-0.15293789691001558,-0.021653160453808717
Western Cape,Ward 19100005,CPT,23528,0.6195596735804149,True,10.065946480233832,0.4620331233315079,2021,-0.16277628733887017,0.3060952592428112
Western Cape,Ward 19100006,CPT,18129,0.3336091345358266,True,9.805268145029668,0.46463267368645866,2021,-0.21851123440321601,-0.06585252743855308
Western Cape,Ward 19100007,CPT,16835,0.4822690822690822,True,9.731215331595175,0.4632812196161563,2021,-0.19400738099368237,0.04825653798256546
Western Cape,Ward 19100008,CPT,20877,0.595775255065383,True,9.94640335351296,0.46224934531800815,2021,-0.18679752036349395,0.014579384749963564
Western Cape,Ward 19100009,CPT,17153,0.407100798694106,True,9.749928364409826,0.4639645676486562,2021,-0.1335833012358496,0.0012257763250058673
Western Cape,Ward 19100010,CPT,16882,0.4699680132685701,True,9.734003244543665,0.463393047516161,2021,-0.1645927059751663,0.11601771666556493
Western Cape,Ward 19100011,CPT,19752,0.5450587282300526,True,9.891010031025015,0.4627104046528748,2021,-0.20204116731120858,0.08593105723239325
Western Cape,Ward 19100012,CPT,15763,0.4574636807714267,True,9.665420700626543,0.46350672326613507,2021,-0.17502900928705284,-0.039778265107212496
Western Cape,Ward 19100013,CPT,16230,0.3756623536660505,True,9.694616660508636,0.4642503716943657,2021,-0.23305785997404815,-0.1664954806902219
Western Cape,Ward 19100014,CPT,18845,0.4406473865746882,True,9.844002905701236,0.46365959866792356,2021,-0.22571237864570542,0.08441707906548501
Western Cape,Ward 19100015,CPT,19473,0.6837672674985877,True,9.876784169701578,0.46144941793225175,2021,-0.07905191456493732,0.010639402117500474
Western Cape,Ward 19100016,CPT,15930,0.4034526051475204,True,9.675959402904095,0.4639977330445342,2021,-0.20167640026238393,-0.1713483146067416
Western Cape,Ward 19100017,CPT,17753,0.4807638145665521,True,9.784309794706799,0.46329490386799754,2021,-0.16956677645954193,-0.10397213950436579
Western Cape,Ward 19100018,CPT,16275,0.3536712749615975,True,9.69738546707677,0.4644502905916789,2021,-0.20169903603551692,0.04360371914075034
Western Cape,Ward 19100019,CPT,19314,0.3988298643471057,True,9.868585500526864,0.4640397579609016,2021,-0.22453442438231602,0.01910088644997887
Western Cape,Ward 19100020,CPT,15090,0.3548707753479125,True,9.621787551761894,0.46443938604271245,2021,-0.23882063305619033,-0.16786147568104115
Western Cape,Ward 19100021,CPT,16798,0.6665674485057745,True,9.729015110685573,0.46160577992309554,2021,-0.1390668640960231,0.013331724678771861
Western Cape,Ward 19100022,CPT,16360,0.4868581907090464,True,9.702594610156739,0.46323950044852036,2021,-0.15982830843646917,0.035508576492182975
Western Cape,Ward 19100023,CPT,19228,0.6162887455793634,True,9.864122829013851,0.46206285904060834,2021,-0.12558881460244453,0.07895179844004274
Western Cape,Ward 19100024,CPT,13868,0.3179982693971733,True,9.537339306804913,0.4647745906422646,2021,-0.28101472410607503,-0.1336831584207896
Western Cape,Ward 19100025,CPT,18791,0.4620296950667873,True,9.841133310789152,0.4634652140452681,2021,-0.15618297461647063,0.0628393665158371
Western Cape,Ward 19100026,CPT,13366,0.4734400718240311,True,9.500469448071016,0.463361483347475,2021,-0.2152426544423755,-0.29545095145221656
Western Cape,Ward 19100027,CPT,15273,0.5581090813854515,True,9.633841842570446,0.4625917650787348,2021,-0.16983372100269623,0.1257462961597995
Western Cape,Ward 19100028,CPT,18524,0.5007557762902181,True,9.826822467600643,0.46311315876141873,2021,-0.13178390624946446,0.050113378684807364
Western Cape,Ward 19100029,CPT,16378,0.4769202588838686,True,9.703694249830134,0.4633298452832947,2021,-0.12311513099462612,-0.033974283354960444
Western Cape,Ward 19100030,CPT,16481,0.4371093987015351,True,9.70996348123418,0.4636917621940431,2021,-0.2113110493168452,-0.053360137851809264
Western Cape,Ward 19100031,CPT,18704,0.4532720273738237,True,9.83649268371185,0.4635448292061133,2021,-0.15747554351651932,0.23630114349923992
Western Cape,Ward 19100032,CPT,19232,0.3943947587354409,True,9.864330837334935,0.4640800771028258,2021,-0.18194172340081965,0.01493482505673116
Western Cape,Ward 19100033,CPT,16925,0.3021565731166913,True,9.736547097780475,0.4649186060629963,2021,-0.19943379380367676,-0.03867999545609446
Western Cape,Ward 19100034,CPT,17103,0.3359059814067707,True,9.74700916569969,0.46461179326035923,2021,-0.1604989489744208,-0.024024195389180547
Western Cape,Ward 19100035,CPT,18288,0.2755905511811024,True,9.814000386034591,0.4651601153533198,2021,-0.29191679207829196,-0.07383773928896997
Western Cape,Ward 19100036,CPT,15449,0.369797397889831,True,9.64529955531205,0.4643036894741495,2021,-0.2159545810019896,0.0451931533725729
Western Cape,Ward 19100037,CPT,17540,0.3432155074116305,True,9.772239265926174,0.4645453430239514,2021,-0.2465704428828674,0.25987645453239483
Western Cape,Ward 19100038,CPT,16415,0.3848309473042948,True,9.705950829935693,0.46416702084310896,2021,-0.15864569378057225,0.22308322777736378
Western Cape,Ward 19100039,CPT,15804,0.3554796254112883,True,9.66801835153128,0.46443385104213625,2021,-0.21824777553755126,0.013206821387357293
Western Cape,Ward 19100040,CPT,18049,0.324062274918278,True,9.800845560564248,0.4647194633193455,2021,-0.21014003627072464,-0.011501177501506143
Western Cape,Ward 19100041,CPT,15020,0.361051930758988,True,9.617137925318126,0.46438319372079356,2021,-0.21195355539343452,-0.0072047061934034096
Western Cape,Ward 19100042,CPT,16385,0.4784864205065608,True,9.704121561132915,0.46331560745036104,2021,-0.11192918007431191,0.13304750708802993
Western Cape,Ward 19100043,CPT,18496,0.5001081314878892,True,9.825309771472105,0.4631190464414399,2021,-0.17612938479521978,0.0039079461571862595
Western Cape,Ward 19100044,CPT,14889,0.4734367653972731,True,9.608377964255551,0.46336151340590004,2021,-0.20302116444994012,-0.19899935442220784
Western Cape,Ward 19100045,CPT,11673,0.4166024158314058,True,9.365033761652663,0.4638781893110443,2021,-0.14125951135209447,-0.22587704754957227
Western Cape,Ward 19100046,CPT,18177,0.4812675358970127,True,9.807912337613098,0.46329032458317515,2021,-0.15810688912598642,0.19444079379681956
Western Cape,Ward 19100047,CPT,16018,0.4734049194656012,True,9.681468368883628,0.4633618029143698,2021,-0.13601226854888676,0.05485676654593341
Western Cape,Ward 19100048,CPT,13409,0.52904765456037,True,9.503681402279643,0.4628559598680537,2021,-0.059322207442434216,-0.010478931444173889
Western Cape,Ward 19100049,CPT,15600,0.5183333333333333,True,9.655026193237628,0.4629533627882995,2021,-0.14516877637130798,-0.13391072618254496
Western Cape,Ward 19100050,CPT,14671,0.5042601049689864,True,9.593628035139645,0.4630813012279754,2021,-0.1389598036140507,-0.06862620619603865
Western Cape,Ward 19100051,CPT,14840,0.3954177897574124,True,9.605081516721372,0.46407077682080794,2021,-0.16434734375300286,0.03732699566615416
Western Cape,Ward 19100052,CPT,15265,0.3057320668195218,True,9.633317905168978,0.4648861015747887,2021,-0.20464627403434843,0.05970149253731338
Western Cape,Ward 19100053,CPT,14676,0.6148814390842191,True,9.593968785475173,0.4620756527360187,2021,-0.13113409013523325,-0.000408663669799747
Western Cape,Ward 19100054,CPT,19515,0.5105303612605688,True,9.878938679614715,0.4630242988980519,2021,-0.11323437263632363,0.16174544588641515
Western Cape,Ward 19100055,CPT,15798,0.5434232181288771,True,9.667638628724365,0.4627252729265218,2021,-0.13905736221393605,0.014187584258843255
Western Cape,Ward 19100056,CPT,16033,0.4693444770161541,True,9.682404377188837,0.46339871602754656,2021,-0.2059442338016635,-0.05532641998585908
Western Cape,Ward 19100057,CPT,19135,0.3788345962895218,True,9.859274397859803,0.4642215331250614,2021,-0.17071402377754036,-0.012896569512509726
Western Cape,Ward 19100058,CPT,19814,0.57888361764409,True,9.894144037532975,0.46240290565820175,2021,-0.12684697846964366,0.08760566472719278
Western Cape,Ward 19100059,CPT,19637,0.4919285023170545,True,9.885170820750231,0.46319340670662934,2021,-0.1660546446785946,0.08151126287382282
Western Cape,Ward 19100060,CPT,14717,0.5635659441462254,True,9.596758567164112,0.46254215723545505,2021,-0.15401314492714235,-0.17450078528157953
Western Cape,Ward 19100061,CPT,16543,0.5028713050837212,True,9.713718330607016,0.4630939266814778,2021,-0.1713484469470612,0.01038294753557678
Western Cape,Ward 19100062,CPT,15822,0.5800783718872456,True,9.669156655581341,0.46239204425599123,2021,-0.12522181293359735,-0.056698265068860665
Western Cape,Ward 19100063,CPT,16381,0.5527745558879189,True,9.703877405604631,0.462640260765076,2021,-0.17936641141020793,-0.13318869721663673
Western Cape,Ward 19100064,CPT,19786,0.5796522793894673,True,9.892729895883168,0.4623959178241529,2021,-0.1285717601106099,0.01764131049735118
Western Cape,Ward 19100065,CPT,18608,0.4891981943250215,True,9.831346874758445,0.4632182276883751,2021,-0.2170760028965681,0.05943976315190169
Western Cape,Ward 19100066,CPT,16526,0.6246520634152245,True,9.71269017726113,0.46198682887846415,2021,-0.04646984828991929,-0.04380026615749577
Western Cape,Ward 19100067,CPT,15626,0.4826571099449635,True,9.65669147255669,0.4632776920918301,2021,-0.1416238895835607,-0.2632720414898633
Western Cape,Ward 19100068,CPT,14852,0.5195259897656881,True,9.60588981529697,0.4629425204570963,2021,-0.15591732028267302,-0.002418054809242398
Western Cape,Ward 19100069,CPT,18763,0.5113254809998401,True,9.839642124487375,0.46301707053678587,2021,-0.11602910111362175,0.03645804562779653
Western Cape,Ward 19100070,CPT,18215,0.6580290968981608,True,9.810000709442663,0.46168340130134655,2021,-0.1394897085357676,0.022510385090378282
Western Cape,Ward 19100071,CPT,15518,0.5521974481247583,True,9.649755919453895,0.46264550719928654,2021,-0.15433399721265717,-0.01020538333971166
Western Cape,Ward 19100072,CPT,13722,0.6081475003643784,True,9.526755663250837,0.4621368703607445,2021,-0.1328812422195742,-0.20960774148954553
Western Cape,Ward 19100073,CPT,14561,0.6084746926722066,True,9.586102000710904,0.46213389588521886,2021,-0.1542763852539687,-0.23435692501840366
Western Cape,Ward 19100074,CPT,17235,0.4453147664635915,True,9.754697478950966,0.4636171679416608,2021,-0.20727782612900109,-0.017948717948717996
Western Cape,Ward 19100075,CPT,16438,0.5187370726365738,True,9.707351006708445,0.4629496924309973,2021,-0.1532364929987522,-0.012436167017122246
Western Cape,Ward 19100076,CPT,15782,0.4629958180205297,True,9.666625329080981,0.463456431109325,2021,-0.1926135744505847,-0.01962976767300284
Western Cape,Ward 19100077,CPT,18766,0.5288287328146648,True,9.839802000849994,0.46285795006574193,2021,-0.12723432974473592,0.04914183485212731
Western Cape,Ward 19100078,CPT,15053,0.5253437852919683,True,9.619332585860503,0.4628896314068574,2021,-0.167735920624708,-0.12165947018321854
Western Cape,Ward 19100079,CPT,14406,0.5038872691933917,True,9.575400065449308,0.46308469064411717,2021,-0.11172073545310501,-0.23934737842547127
Western Cape,Ward 19100080,CPT,17997,0.3278324165138634,True,9.797960356321203,0.46468518930484015,2021,-0.25248820261272586,-0.005140961857379778
Western Cape,Ward 19100081,CPT,14132,0.5429521652986131,True,9.556197008479035,0.4627295552249788,2021,-0.1449484558193993,-0.29778881987577643
Western Cape,Ward 19100082,CPT,13173,0.451985121080999,True,9.485924559229828,0.4635565283542298,2021,-0.14765245064959598,-0.2042887345212927
Western Cape,Ward 19100083,CPT,18398,0.6449614088487879,True,9.819997242037102,0.46180219846543175,2021,-0.06785490814028339,0.0752147741219098
Western Cape,Ward 19100084,CPT,19475,0.5606161745827984,True,9.876886870738948,0.46256897332239527,2021,-0.09197719632177692,-0.06987295825771322
Western Cape,Ward 19100085,CPT,19347,0.4190830619734326,True,9.870292647678488,0.4638556379824804,2021,-0.2134411255012213,0.12085047216267886
Western Cape,Ward 19100086,CPT,16916,0.3412745329865216,True,9.73601519859238,0.4645629882459978,2021,-0.2683212070699878,-0.08085198869810906
Western Cape,Ward 19100087,CPT,14708,0.3834647810715257,True,9.596146842421163,0.46417944053613414,2021,-0.18758491183746373,0.026521496370742526
Western Cape,Ward 19100088,CPT,18040,0.3345343680709534,True,9.800346793616615,0.46462426247250294,2021,-0.185674098212816,-0.04062965326526269
Western Cape,Ward 19100089,CPT,15495,0.3301710229106163,True,9.648272670221848,0.4646639292466878,2021,-0.19167395669196297,0.019542045005921826
Western Cape,Ward 19100090,CPT,13066,0.346395224246135,True,9.477768715400696,0.46451643650727403,2021,-0.19685613406098534,-0.06591364026308266
Western Cape,Ward 19100091,CPT,14668,0.3622852467957458,True,9.593423529191217,0.4643719817568231,2021,-0.1962533462518069,-0.07123409105299816
Western Cape,Ward 19100092,CPT,17604,0.4172915246534878,True,9.775881427930981,0.463871924685389,2021,-0.14958785867879248,0.11227648954318559
Western Cape,Ward 19100093,CPT,15134,0.348685079952425,True,9.624699147254466,0.46449561963721686,2021,-0.22281250458863783,-0.08611111111111114
Western Cape,Ward 19100094,CPT,15202,0.3540323641626102,True,9.629182277125986,0.4644470079625788,2021,-0.20430906024769313,-0.1317608087269404
Western Cape,Ward 19100095,CPT,22171,0.3602453655676333,True,10.00654040759221,0.464390526131624,2021,-0.20182523381639894,0.31313669746505557
Western Cape,Ward 19100096,CPT,18907,0.3216798011318559,True,9.847287502847928,0.4647411221719493,2021,-0.2543525344591425,0.03271793751365526
Western Cape,Ward 19100097,CPT,16735,0.3586495368987152,True,9.725257613645427,0.4644050336649778,2021,-0.19588913844532924,0.13449935597586604
Western Cape,Ward 19100098,CPT,18648,0.3303303303303303,True,9.833494180715594,0.4646624809974177,2021,-0.19875982240040002,0.10821893385630244
Western Cape,Ward 19100099,CPT,18644,0.3255739111778588,True,9.833279657492632,0.46470572117153114,2021,-0.24657752453512055,0.13662134975309392
Western Cape,Ward 19100100,CPT,19837,0.4283913898270908,True,9.89530415972811,0.46377101682017446,2021,-0.23221109097621695,0.17170702894270518
Western Cape,Ward 19100101,CPT,19581,0.3351207803482968,True,9.882314987303326,0.46461893145179983,2021,-0.23168175588358725,0.10852581521739135
Western Cape,Ward 19100102,CPT,16404,0.6041209461107047,True,9.705280486511949,0.46217347539941434,2021,-0.17063799054690554,-0.12609876937829634
Western Cape,Ward 19100103,CPT,18890,0.6789306511381683,True,9.846387960495555,0.4614933871718919,2021,-0.1385823580130967,0.12985226389138105
Western Cape,Ward 19100104,CPT,15809,0.3125434878866468,True,9.668334677096187,0.46482417956508754,2021,-0.1971963790220041,-0.04361766485178464
Western Cape,Ward 19100105,CPT,16886,0.4992301314698567,True,9.734240155229445,0.46312702825978563,2021,-0.18403019764107026,-0.0004735409020953929
Western Cape,Ward 19100106,CPT,16776,0.322484501669051,True,9.727704572581755,0.46473380671252024,2021,-0.22119649848218154,-0.15430760699702573
Western Cape,Ward 19100107,CPT,20779,0.5490639588045623,True,9.94169814029988,0.4626739934658338,2021,-0.1668716524694489,0.24343246963078213
Western Cape,Ward 19100108,CPT,17472,0.3607486263736263,True,9.768354878544631,0.46438595103338776,2021,-0.19519220908175644,-0.053367286124505586
Western Cape,Ward 19100109,CPT,19197,0.4389748398187216,True,9.86250929580757,0.4636748036384324,2021,-0.184943334846896,0.07884680229290764
Western Cape,Ward 19100110,CPT,16796,0.4791021671826625,True,9.728896041804084,0.46331000975330566,2021,-0.19581555086451252,0.1516730663741086
Western Cape,Ward 19100111,CPT,19806,0.4863677673432293,True,9.893740201081249,0.463243958842755,2021,-0.17780163393223358,0.2263017769797535
Western Cape,Ward 10101001,WC011,3856,0.5365663900414938,False,8.257385655730436,0.5399968540933336,2021,-0.07501703185011088,0.02444208289054206
Western Cape,Ward 10101002,WC011,3884,0.6078784757981462,False,8.264620829411216,0.5298094132709548,2021,-0.005366156799374133,0.17447837919564568
Western Cape,Ward 10101003,WC011,4096,0.4443359375,False,8.317766166719343,0.5531726330278328,2021,-0.06370878570698113,0.11698936460321785
Western Cape,Ward 10101004,WC011,4560,0.4785087719298245,False,8.425077902508432,0.5482907995378579,2021,-0.07632833326788752,0.13404625714996277
Western Cape,Ward 10101005,WC011,3421,0.5173925752703887,False,8.137688184977605,0.5427359704892059,2021,-0.1605239806690213,-0.090884932234919
Western Cape,Ward 10101006,WC011,4225,0.5718343195266272,False,8.348774539791274,0.5349585784526003,2021,-0.045910685230746706,0.004995242626070429
Western Cape,Ward 10101007,WC011,4062,0.5888724766125062,False,8.30943074214033,0.5325245560117605,2021,-0.06941154705613284,0.0014792899408284654
Western Cape,Ward 10101008,WC011,3661,0.5711554220158427,False,8.205491613120236,0.5350555638112838,2021,0.027619801963072232,0.07329228965112877
Western Cape,Ward 10102001,WC012,4545,0.4798679867986798,False,8.421783006611578,0.5612962380196631,2021,-0.12641160452950362,0.13256915026164973
Western Cape,Ward 10102002,WC012,5015,0.5519441674975075,False,8.520188700396035,0.5468810018798975,2021,-0.10911405698777032,0.11025016603940663
Western Cape,Ward 10102003,WC012,5385,0.5595171773444754,False,8.591372589590488,0.545366399910504,2021,-0.04846217954317844,0.06887653830885276
Western Cape,Ward 10102004,WC012,4410,0.609297052154195,False,8.391629968440892,0.5354104249485601,2021,-0.019371468080590204,0.3623725671918443
Western Cape,Ward 10102005,WC012,4056,0.6116863905325444,False,8.30795254527102,0.5349325572728902,2021,-0.05859313028890456,-0.22875071306332007
Western Cape,Ward 10102006,WC012,3736,0.4740364025695932,False,8.225770799348734,0.5624625548654805,2021,-0.029625962271704387,0.30310429019881413
Western Cape,Ward 10103001,WC013,3546,0.5256627185561196,False,8.173575486634153,0.5494883630231765,2021,-0.08989534232324914,-0.0005636978579481866
Western Cape,Ward 10103002,WC013,3759,0.5368449055599893,False,8.231908243564177,0.5476246651891982,2021,-0.12056504769819054,0.033544129777288934
Western Cape,Ward 10103003,WC013,3701,0.5160767360172926,False,8.216358332386156,0.5510860267796476,2021,-0.10147077765102286,-0.03644884144753968
Western Cape,Ward 10103004,WC013,4370,0.4892448512585812,False,8.382518288089635,0.5555580075727662,2021,-0.09597275146449202,0.06248480427911507
Western Cape,Ward 10103005,WC013,3880,0.5319587628865979,False,8.263590432617319,0.54843902230143,2021,-0.0735721528452048,0.012261935820506054
Western Cape,Ward 10103006,WC013,4479,0.5691002455905336,False,8.4071550862073,0.5422487751841074,2021,-0.02403086496348994,0.12283780396089239
Western Cape,Ward 10103007,WC013,3806,0.6537046768260641,False,8.244334047856094,0.5281480366448523,2021,-0.060239784207080094,0.13645864437145416
Western Cape,Ward 10104001,WC014,5098,0.4807767752059631,False,8.53660358493606,0.508059906289046,2021,-0.2262455211057685,0.06230464680141701
Western Cape,Ward 10104002,WC014,4999,0.4096819363872774,False,8.51699317141357,0.5139844761906031,2021,-0.1850964751967507,0.09675296182536197
Western Cape,Ward 10104003,WC014,3406,0.4492072812683499,False,8.133293861222633,0.5106906974505137,2021,-0.06968060026685713,0.0293139921426413
Western Cape,Ward 10104004,WC014,4225,0.5247337278106509,False,8.348774539791274,0.504396826905322,2021,-0.07963397152911555,0.07287963433214828
Western Cape,Ward 10104005,WC014,3535,0.5541725601131542,False,8.170468578330674,0.5019435908801133,2021,-0.1636135453927553,0.01902565580859039
Western Cape,Ward 10104006,WC014,4791,0.5871425589647256,False,8.474494436883122,0.49919609097581574,2021,-0.12878283558333758,0.14562410329985642
Western Cape,Ward 10104007,WC014,4293,0.568600046587468,False,8.36474106822456,0.5007413003405872,2021,-0.09915696275832642,0.0030373831775700744
Western Cape,Ward 10104008,WC014,3956,0.5366531850353893,False,8.282988692742602,0.5034035388032604,2021,-0.12634681496461075,-0.01100000000000001
Western Cape,Ward 10104009,WC014,4263,0.4391273750879662,False,8.35772841676521,0.5115306896322124,2021,-0.07750188424686344,-0.1301775147928994
Western Cape,Ward 10104010,WC014,4699,0.5064907427112152,False,8.455104999102815,0.5059170756636082,2021,-0.14285423545472364,0.025982532751091636
Western Cape,Ward 10104011,WC014,4223,0.5699739521667061,False,8.348301054933943,0.500626808208984,2021,-0.1357018816542418,0.23551784669397313
Western Cape,Ward 10104012,WC014,4792,0.5025041736227045,False,8.474703139795285,0.5062492897543175,2021,-0.13053134609836758,0.04423621704074954
Western Cape,Ward 10104013,WC014,5323,0.4484313357129438,False,8.579792333172758,0.5107553595801309,2021,-0.07139358704709742,0.3704943357363544
Western Cape,Ward 10105001,WC015,3853,0.4889696340513885,False,8.256607344626158,0.47562409858215965,2021,-0.11810769229199292,0.009960681520314596
Western Cape,Ward 10105002,WC015,4331,0.4255368275225121,False,8.373553741214627,0.48139071735751204,2021,-0.12330664878559483,-0.0273972602739726
Western Cape,Ward 10105003,WC015,3541,0.4789607455521039,False,8.172164452111904,0.47653399753664,2021,-0.10943478700033415,-0.0354126940888041
Western Cape,Ward 10105004,WC015,3927,0.4466513878278584,False,8.27563105457801,0.47947121187520786,2021,-0.09600397940378003,0.1093220338983052
Western Cape,Ward 10105005,WC015,4348,0.6067157313707452,False,8.3774712482411,0.4649199079167636,2021,-0.05525977032328655,0.13317696116757882
Western Cape,Ward 10105006,WC015,3915,0.448786717752235,False,8.272570608424903,0.47927709097299176,2021,-0.09100995965912129,-0.02925861641457972
Western Cape,Ward 10105007,WC015,4451,0.4926982700516737,False,8.400884069015854,0.4752851316730428,2021,-0.07912303579025065,0.01970217640320726
Western Cape,Ward 10105008,WC015,3747,0.5537763544168668,False,8.228710798793687,0.46973257854893435,2021,-0.0957783862850714,-0.01859612362493457
Western Cape,Ward 10105009,WC015,4800,0.3497916666666666,False,8.476371196895983,0.4882766410716798,2021,-0.21863162275109793,0.01997450063748407
Western Cape,Ward 10105010,WC015,4541,0.6003083021360933,False,8.420902531097951,0.4655024014835501,2021,-0.10677831203713506,0.02159730033745788
Western Cape,Ward 10105011,WC015,4289,0.3993937980881324,False,8.36380888451688,0.4837673563970011,2021,-0.13879289239869202,-0.04220634211701657
Western Cape,Ward 10105012,WC015,4028,0.4292452830188679,False,8.301025253838453,0.4810535850396615,2021,-0.13660958775648002,0.0009940357852882276
Western Cape,Ward 10202001,WC022,3614,0.4125622578859989,False,8.192570471152173,0.4301386923171361,2021,-0.14119971201824189,-0.011217510259917907
Western Cape,Ward 10202002,WC022,4381,0.4880164346039717,False,8.385032287813898,0.42327922170641136,2021,-0.03718041578972908,0.14986876640419955
Western Cape,Ward 10202003,WC022,3679,0.4824680619733623,False,8.210396255104774,0.4237836192182849,2021,-0.038238875510151316,-0.029543656027433363
Western Cape,Ward 10202004,WC022,3882,0.440236991241628,False,8.264105763728956,0.4276228074666244,2021,-0.043939435371878055,-0.03264390730127087
Western Cape,Ward 10202005,WC022,3981,0.4820396885204722,False,8.289288323000317,0.42382256225945675,2021,-0.13384844001270246,0.18446890806307636
Western Cape,Ward 10202006,WC022,4225,0.4111242603550296,False,8.348774539791274,0.430269419365406,2021,-0.07648699776380613,0.01635795044503241
Western Cape,Ward 10202007,WC022,4133,0.5117348173239777,False,8.326758814511733,0.42112300509550166,2021,-0.08357204188179845,-0.25397111913357395
Western Cape,Ward 10202008,WC022,3939,0.343995938055344,False,8.278682162970906,0.4363719941199229,2021,-0.100504822208214,-0.001773948302077999
Western Cape,Ward 10202009,WC022,3692,0.3128385698808234,False,8.213923595622743,0.4392044821357884,2021,-0.06827389955682939,0.1283618581907091
Western Cape,Ward 10202010,WC022,4000,0.35375,False,8.294049640102028,0.4354852612158633,2021,-0.14763923970699666,0.010356150543066489
Western Cape,Ward 10202011,WC022,4371,0.515442690459849,False,8.382747094863314,0.4207859257195134,2021,-0.02648985284005978,-0.003874202370100277
Western Cape,Ward 10202012,WC022,3201,0.3898781630740394,False,8.071218539969863,0.432200882754587,2021,-0.11109333951663419,0.03659326424870457
Western Cape,Ward 10203001,WC023,4451,0.4612446641204223,False,8.400884069015854,0.5118168620367529,2021,-0.12490838116848968,0.15851119208745446
Western Cape,Ward 10203002,WC023,4120,0.7148058252427184,False,8.323608442343572,0.5033648233326764,2021,-0.05277431953494449,0.06514994829369192
Western Cape,Ward 10203003,WC023,4557,0.5053763440860215,False,8.424419791263883,0.5103458060378996,2021,-0.14437888510845998,0.014018691588784993
Western Cape,Ward 10203004,WC023,4539,0.6754791804362195,False,8.420462002456466,0.504675711492893,2021,-0.08742545648416544,-0.007217847769028896
Western Cape,Ward 10203005,WC023,3967,0.413158558104361,False,8.28576542051433,0.5134197322372883,2021,-0.20787695287422403,0.075359175928436
Western Cape,Ward 10203006,WC023,3575,0.4226573426573426,False,8.181720455128108,0.5131031060855222,2021,-0.17854780661682884,-0.020816214735688843
Western Cape,Ward 10203007,WC023,3635,0.4632737276478679,False,8.19836438996762,0.511749226585838,2021,-0.14474349053884183,-0.02206080172181868
Western Cape,Ward 10203008,WC023,3764,0.4117959617428268,False,8.23323750070527,0.5134651521160061,2021,-0.1139062110181695,-0.002649708532061479
Western Cape,Ward 10203009,WC023,4034,0.4474467030242935,False,8.302513718514158,0.5122767940732905,2021,-0.20267262871794994,-0.03723150357995231
Western Cape,Ward 10203010,WC023,3283,0.5102040816326531,False,8.096512917501594,0.5101848814530119,2021,-0.11364092581891172,-0.02146050670640831
Western Cape,Ward 10203011,WC023,3945,0.5313054499366286,False,8.280204233279974,0.509481502509546,2021,-0.12452325743847048,0.04282315622521815
Western Cape,Ward 10203012,WC023,3641,0.4625102993683054,False,8.200013648175434,0.5117746741951568,2021,-0.18684391882350554,0.0005496015388843922
Western Cape,Ward 10203013,WC023,3126,0.4686500319897633,False,8.047509510981422,0.5115700164411082,2021,-0.12536571604173274,-0.015433070866141763
Western Cape,Ward 10203014,WC023,4934,0.4077827320632347,False,8.503905297089302,0.5135989264386592,2021,-0.2128712414466991,0.021109271523178874
Western Cape,Ward 10203015,WC023,4198,0.6560266793711291,False,8.342363500380579,0.5053241281950627,2021,-0.10390337308952535,0.04871346490132411
Western Cape,Ward 10203016,WC023,4748,0.3483572030328559,False,8.465478755729558,0.5155797774063384,2021,-0.24545809157642118,-0.007939824488090275
Western Cape,Ward 10203017,WC023,4299,0.6601535240753663,False,8.366137716496281,0.5051865667049215,2021,-0.08132230289664388,0.0938931297709924
Western Cape,Ward 10203018,WC023,5434,0.4775487670224512,False,8.600430789986293,0.5112733919400186,2021,-0.16336032388663968,0.37222222222222223
Western Cape,Ward 10203019,WC023,4100,0.6480487804878049,False,8.318742252692399,0.5055900581578402,2021,-0.08508614014711569,0.016865079365079305
Western Cape,Ward 10203020,WC023,3752,0.4973347547974414,False,8.230044310126114,0.5106138590141857,2021,-0.1182235889917681,-0.058469259723964884
Western Cape,Ward 10203021,WC023,3771,0.4712277910368602,False,8.235095497258357,0.5114840911395383,2021,-0.08846821288566986,-0.07550870311350821
Western Cape,Ward 10203022,WC023,4043,0.5008656937917388,False,8.304742269640771,0.510496161047709,2021,-0.17619137703108945,-0.07334402933761175
Western Cape,Ward 10203023,WC023,2744,0.6184402332361516,False,7.917171988845776,0.5065770097328952,2021,-0.09440306240197438,0.10823909531502429
Western Cape,Ward 10203024,WC023,3296,0.4189927184466019,False,8.100464891029363,0.5132252602258803,2021,-0.18631008360220802,-0.0069297981319674795
Western Cape,Ward 10203025,WC023,3636,0.5165016501650165,False,8.19863945529737,0.5099749625019331,2021,-0.09206895667996484,0.04572907679033644
Western Cape,Ward 10203026,WC023,4466,0.4664128974473802,False,8.404248432400102,0.511644587592521,2021,-0.1608211451058113,-0.04978723404255314
Western Cape,Ward 10203027,WC023,3972,0.4841389728096676,False,8.287025025165063,0.5110537184137781,2021,-0.14408523353953878,-0.014880952380952328
Western Cape,Ward 10203028,WC023,4699,0.5224515854437114,False,8.455104999102815,0.5097766313259766,2021,-0.1460015205246199,0.14470158343483552
Western Cape,Ward 10203029,WC023,4208,0.5791349809885932,False,8.344742754417545,0.5078871848078139,2021,-0.12657221504118354,0.04416873449131509
Western Cape,Ward 10203030,WC023,3851,0.5151908595170086,False,8.25608813381491,0.5100186555235333,2021,-0.10171605472682232,-0.05912533593940872
Western Cape,Ward 10203031,WC023,3492,0.5392325315005727,False,8.158229916959494,0.5092172664574145,2021,-0.06709360656311614,-0.25368668518914295
Western Cape,Ward 10204001,WC024,4227,0.4407381121362668,False,8.34924780056679,0.460146812600775,2021,-0.14536599242690684,-0.030726897500573225
Western Cape,Ward 10204002,WC024,4859,0.4488577896686561,False,8.488587934405903,0.4597601612897088,2021,-0.12587454437845313,0.04047109207708788
Western Cape,Ward 10204003,WC024,3460,0.4046242774566474,False,8.14902386805177,0.46186651901409015,2021,-0.17671206311284793,-0.024527769946433575
Western Cape,Ward 10204004,WC024,4472,0.5516547406082289,False,8.405591014834934,0.4548650683878244,2021,-0.12319462337302522,-0.0020084802499441556
Western Cape,Ward 10204005,WC024,3349,0.4938787697820245,False,8.116417072794205,0.4576163050938341,2021,-0.1698430882972004,-0.04559703619264743
Western Cape,Ward 10204006,WC024,3133,0.4506862432173635,False,8.049746290952191,0.4596730920731037,2021,-0.13129630042353424,-0.023379052369077336
Western Cape,Ward 10204007,WC024,4265,0.5317702227432591,False,8.35819745992578,0.45581195019091825,2021,-0.1763819511697844,0.1589673913043479
Western Cape,Ward 10204008,WC024,5559,0.3326137794567368,False,8.62317351495347,0.46529559034741924,2021,-0.2727494384740216,0.11246748048829303
Western Cape,Ward 10204009,WC024,2521,0.4038080126933756,False,7.83241092718792,0.4619053887647222,2021,-0.16097604046277064,-0.2385986106916339
Western Cape,Ward 10204010,WC024,4422,0.3550429669832655,False,8.394347361417392,0.46422753379853693,2021,-0.2179357564209899,-0.059148936170212774
Western Cape,Ward 10204011,WC024,4014,0.5104633781763827,False,8.297543529356284,0.45682656183695997,2021,-0.1538368246633739,0.01774847870182561
Western Cape,Ward 10204012,WC024,5826,0.3529007895640233,False,8.67008593751938,0.4643295422470723,2021,-0.271680449966965,0.21984924623115587
Western Cape,Ward 10204013,WC024,3096,0.3811369509043927,False,8.037866234709618,0.4629849631356261,2021,-0.18920787668181416,0.06758620689655181
Western Cape,Ward 10204014,WC024,4094,0.373229115779189,False,8.317277766221235,0.4633615267130168,2021,0.09010706755646969,0.017648521004225648
Western Cape,Ward 10204015,WC024,5029,0.3461920859017697,False,8.522976436171964,0.46464900432622724,2021,-0.19092109306382216,0.08829257736420693
Western Cape,Ward 10204016,WC024,4584,0.4288830715532286,False,8.430327258394575,0.46071133834282446,2021,-0.12833596044020867,-0.05988515176374076
Western Cape,Ward 10204017,WC024,5014,0.5580374950139609,False,8.519989278718239,0.45456112770183715,2021,-0.13483419541373765,0.02118126272912413
Western Cape,Ward 10204018,WC024,5179,0.4072214713265109,False,8.552367266423891,0.4617428431155253,2021,-0.242373670373894,0.04838056680161951
Western Cape,Ward 10204019,WC024,3785,0.4816380449141347,False,8.23880116587155,0.45819919675420984,2021,-0.13271301283314946,0.08204688393367632
Western Cape,Ward 10204020,WC024,4042,0.5111331024245424,False,8.304494897963567,0.45679467020609515,2021,-0.06640168882794273,0.004473161033797135
Western Cape,Ward 10204021,WC024,4954,0.6677432377876463,False,8.507950610049305,0.44933704471261404,2021,-0.09347719113121289,0.09529073623701079
Western Cape,Ward 10204022,WC024,4421,0.6715675186609364,False,8.394121193826242,0.4491549360996003,2021,-0.08242609156270575,0.00890004564125979
Western Cape,Ward 10205001,WC025,3813,0.5709415158667716,False,8.246171559857563,0.4728318385779452,2021,0.01730270185059901,0.02776280323450142
Western Cape,Ward 10205002,WC025,3958,0.3612935826174835,False,8.28349412616251,0.48331423524040956,2021,-0.13244874867085998,-0.028711656441717803
Western Cape,Ward 10205003,WC025,3697,0.4176359210170408,False,8.215276958936633,0.4804971183204317,2021,-0.13911695254617756,-0.11470306513409967
Western Cape,Ward 10205004,WC025,4358,0.4678751720972923,False,8.379768515504566,0.4779851557664191,2021,-0.13076428368502063,0.2352607709750567
Western Cape,Ward 10205005,WC025,3877,0.4779468661336085,False,8.262816937670928,0.4774815710646033,2021,-0.16133115110777085,0.04445043103448265
Western Cape,Ward 10205006,WC025,3501,0.6578120536989431,False,8.160803920954665,0.46848831168633653,2021,-0.07428420608650188,0.01507683386488834
Western Cape,Ward 10205007,WC025,3490,0.6573065902578796,False,8.157657015196472,0.46851358485838973,2021,-0.07944093894247972,0.04522312069481882
Western Cape,Ward 10205008,WC025,3623,0.4234060171128899,False,8.195057690895077,0.4802086135156392,2021,-0.21587781648373988,0.9078462348604528
Western Cape,Ward 10205009,WC025,3479,0.4607645875251509,False,8.154500175151941,0.47834068499502613,2021,-0.11423541247484903,-0.3460526315789474
Western Cape,Ward 10205010,WC025,4090,0.4635696821515892,False,8.316300249036848,0.47820043026370423,2021,-0.12389161815800831,0.05521155830753344
Western Cape,Ward 10205011,WC025,3842,0.4711087975013014,False,8.253748343328501,0.47782347449621865,2021,-0.12191824713864641,0.25187357445421954
Western Cape,Ward 10205012,WC025,4813,0.4834822356118844,False,8.47907586930311,0.47720480259068954,2021,-0.1430205696245569,0.28586695164306697
Western Cape,Ward 10205013,WC025,3108,0.4485199485199485,False,8.041734711487537,0.4789529169452863,2021,-0.14668843680573163,-0.2243573745944597
Western Cape,Ward 10205014,WC025,3326,0.4969933854479855,False,8.109525659752872,0.4765292450988844,2021,-0.12372733527273522,-0.001201201201201152
Western Cape,Ward 10205015,WC025,3562,0.6664795058955643,False,8.178077463849608,0.4680549390765055,2021,-0.061602876514677885,-0.008627887559142788
Western Cape,Ward 10205016,WC025,3257,0.3567700337734111,False,8.088561805276234,0.48354041268261316,2021,-0.21945972485781406,-0.00488848151542931
Western Cape,Ward 10205017,WC025,2930,0.4081911262798635,False,7.982757702011113,0.4809693580572906,2021,-0.18618508574340736,-0.0530058177117001
Western Cape,Ward 10205018,WC025,4135,0.4210399032648125,False,8.327242607457793,0.4803269192080431,2021,-0.14769194571873062,0.0007260406582769718
Western Cape,Ward 10205019,WC025,3701,0.390975412050797,False,8.216358332386156,0.4818301437687439,2021,-0.13293311185772694,-0.03820166320166318
Western Cape,Ward 10205020,WC025,3419,0.4978063761333723,False,8.137103389639302,0.4764885955646151,2021,-0.09215299705293067,-0.007835171213000591
Western Cape,Ward 10205021,WC025,3760,0.4276595744680851,False,8.23217423638394,0.47999593564787946,2021,-0.11181410974244121,-0.22697368421052633
Western Cape,Ward 10206001,WC026,3497,0.5776379754074922,False,8.159660737063376,0.46095613183256473,2021,-0.0650930428385349,0.029134785167745703
Western Cape,Ward 10206002,WC026,3230,0.4130030959752322,False,8.080237416216702,0.4759229390536792,2021,-0.28996095699933155,-0.3210006306495691
Western Cape,Ward 10206003,WC026,4065,0.4506765067650676,False,8.310169021981912,0.4724980835273305,2021,-0.11502737041421945,0.05776736924277914
Western Cape,Ward 10206004,WC026,3397,0.4239034442154842,False,8.130647968160584,0.4749319983045654,2021,-0.15062707221644067,-0.0032276995305163814
Western Cape,Ward 10206005,WC026,3361,0.4305266289794704,False,8.119993827725105,0.47432989059874847,2021,-0.15531354118157487,0.02127013065937411
Western Cape,Ward 10206006,WC026,3559,0.4076987917954481,False,8.177234885510194,0.4764051485245687,2021,-0.1467732059755188,-0.008358874338255773
Western Cape,Ward 10206007,WC026,4075,0.5170552147239263,False,8.312626025674962,0.4664636555310706,2021,-0.08534556920552006,-0.001714845663890241
Western Cape,Ward 10206008,WC026,3277,0.450717119316448,False,8.094683648698815,0.472494391477205,2021,-0.12038379811474464,-0.06049311926605505
Western Cape,Ward 10206009,WC026,3867,0.4972847168347556,False,8.260234291607297,0.46826097352099527,2021,-0.08138119929246079,0.08837602026456515
Western Cape,Ward 10206010,WC026,3073,0.5519036771884153,False,8.030409562130485,0.4632956134888444,2021,-0.007511907227169101,-0.002272727272727315
Western Cape,Ward 10206011,WC026,4057,0.5333990633473009,False,8.308199063206446,0.4649778511107639,2021,-0.0886392969385208,0.5257615644979317
Western Cape,Ward 10206012,WC026,4141,0.3943491910166626,False,8.328692583545568,0.47761874859536735,2021,-0.11554940869362224,-0.0002414292612265001
Western Cape,Ward 10301001,WC031,4554,0.5294246815985947,False,8.423761246623686,0.4289087765201072,2021,-0.12562366560176508,0.024061164830222692
Western Cape,Ward 10301002,WC031,4929,0.4315276932440657,False,8.502891406705377,0.4370668588829847,2021,-0.12592784711161142,0.1238030095759235
Western Cape,Ward 10301003,WC031,5187,0.4146905725853094,False,8.553910774351401,0.4384699522712144,2021,-0.20162216872743188,0.25168918918918926
Western Cape,Ward 10301004,WC031,3908,0.5573183213920164,False,8.270781013162674,0.4265843065373221,2021,-0.09839310145367497,-0.21683366733466936
Western Cape,Ward 10301005,WC031,4154,0.4841116995666827,False,8.331827004436057,0.4326848583561,2021,-0.1266137014388236,-0.005506344266219765
Western Cape,Ward 10301006,WC031,3848,0.4033264033264033,False,8.255308811785596,0.4394169663761232,2021,-0.16572816662643747,-0.1358634628340445
Western Cape,Ward 10301007,WC031,4969,0.4906419802777219,False,8.51097389160232,0.43214066829684666,2021,-0.09785018514740018,0.27639352684305174
Western Cape,Ward 10301008,WC031,4629,0.4106718513717866,False,8.44009614103127,0.43880484570567463,2021,-0.16107305562555624,0.02502214348981391
Western Cape,Ward 10301009,WC031,4101,0.3811265544989027,False,8.31898612539206,0.4412669537784149,2021,-0.08785688168167538,0.331925949983761
Western Cape,Ward 10301010,WC031,3711,0.3874966316356777,False,8.219056661060598,0.440736114017017,2021,-0.0846477816852062,0.1549953314659196
Western Cape,Ward 10301011,WC031,4961,0.4440636968353154,False,8.509362612301048,0.4360221919170472,2021,-0.09577639139186961,0.36779707747449675
Western Cape,Ward 10301012,WC031,3476,0.3325661680092059,False,8.153637486385282,0.44531365265255635,2021,-0.2190635224865487,-0.04793207340454675
Western Cape,Ward 10301013,WC031,4165,0.4093637454981992,False,8.334471554600944,0.4389138545284736,2021,-0.3064619425751953,-0.044724770642201817
Western Cape,Ward 10302001,WC032,3095,0.5195476575121163,False,8.037543185118697,0.5930818830593061,2021,-0.22382378495930189,-0.24714181464363905
Western Cape,Ward 10302002,WC032,3649,0.5226089339545081,False,8.202208436436448,0.5928267766891068,2021,-0.11339106604549187,-0.23178947368421055
Western Cape,Ward 10302003,WC032,4294,0.7058686539357243,False,8.364973978438726,0.5775551333573388,2021,-0.03545787667652056,0.0954081632653061
Western Cape,Ward 10302004,WC032,3969,0.5553036029226506,False,8.286269452783065,0.5901022209417616,2021,-0.10705120172360072,0.04778247096092936
Western Cape,Ward 10302005,WC032,4547,0.371233780514625,False,8.42222295382501,0.605441372809097,2021,-0.16931157681918357,-0.18962751737658168
Western Cape,Ward 10302006,WC032,4700,0.4993617021276595,False,8.45531778769815,0.5947640460080108,2021,-0.12469844824828036,0.4135338345864661
Western Cape,Ward 10302007,WC032,4290,0.6853146853146853,False,8.364042011922063,0.5792679640757586,2021,-0.05796417604535686,0.13073273589878753
Western Cape,Ward 10302008,WC032,4888,0.5781505728314239,False,8.494538500851432,0.5881983067826971,2021,-0.06465677088226418,0.13595166163142003
Western Cape,Ward 10302009,WC032,5989,0.595257972950409,False,8.697679732264463,0.586772690106115,2021,-0.14014719695955324,0.7394713912285797
Western Cape,Ward 10302010,WC032,3039,0.6962816716025009,False,8.019283792916793,0.5783540485517741,2021,0.022196501476243635,-0.3496683072972394
Western Cape,Ward 10302011,WC032,3628,0.7047960308710033,False,8.196436811235028,0.5776445186127321,2021,0.06490253186945016,-0.1950299534058132
Western Cape,Ward 10302012,WC032,4122,0.4808345463367297,False,8.324093761450404,0.596307975657255,2021,-0.10021948968728639,0.3749166110740494
Western Cape,Ward 10302013,WC032,5075,0.7219704433497537,False,8.532081803909987,0.5762133175728362,2021,-0.08096154415325041,0.21965873588079798
Western Cape,Ward 10303001,WC033,4012,0.589481555333998,False,8.297045149081827,0.5623456162637702,2021,-0.07389797558284628,0.06929637526652455
Western Cape,Ward 10303002,WC033,3764,0.5706695005313497,False,8.23323750070527,0.5670486299644323,2021,-0.08120113992521338,0.19340519974635373
Western Cape,Ward 10303003,WC033,3575,0.4039160839160839,False,8.181720455128108,0.6087369841182487,2021,-0.19395625650944803,-0.049202127659574435
Western Cape,Ward 10303004,WC033,3082,0.6288124594419209,False,8.033334015880062,0.5525128902367895,2021,-0.07162549676245866,-0.1001459854014598
Western Cape,Ward 10303005,WC033,3723,0.6459844211657265,False,8.222285073872717,0.5482198998058381,2021,-0.09180627650869211,0.0822674418604652
Western Cape,Ward 10304001,WC034,2926,0.595352016404648,False,7.98139158158007,0.5951308806483522,2021,-0.011034325675655543,-0.0749288650015808
Western Cape,Ward 10304002,WC034,3649,0.6881337352699369,False,8.202208436436448,0.5719354509320299,2021,-0.043082863283976924,0.1471235460546998
Western Cape,Ward 10304003,WC034,3851,0.6312646065956894,False,8.25608813381491,0.5861527331005918,2021,-0.033101940464757784,0.06293127242616614
Western Cape,Ward 10304004,WC034,3715,0.6158815612382235,False,8.220133957151859,0.5899984944399583,2021,-0.11996749536555007,0.2516846361185985
Western Cape,Ward 10304005,WC034,4310,0.4452436194895591,False,8.368693183097793,0.6326579798771244,2021,-0.16211985963077696,0.06498640968618741
Western Cape,Ward 10401001,WC041,3628,0.5826901874310915,False,8.196436811235028,0.6134955175218862,2021,-0.14530981256890851,0.0008275862068964912
Western Cape,Ward 10401002,WC041,4335,0.6544405997693195,False,8.374476889214643,0.5895787134091436,2021,-0.05231990353628946,-0.07549584133077414
Western Cape,Ward 10401003,WC041,3574,0.6289871292669278,False,8.181440695719374,0.5980632035766075,2021,-0.043637829356044766,0.18305196954650782
Western Cape,Ward 10401004,WC041,3400,0.5570588235294117,False,8.131530710604252,0.6220393054891128,2021,-0.1485294117647059,0.0
Western Cape,Ward 10402001,WC042,3182,0.6681332495285983,False,8.065265208897733,0.6335962667263202,2021,-0.07227868228958345,0.12997159090909083
Western Cape,Ward 10402002,WC042,3963,0.5485743123896039,False,8.284756593190435,0.6506761148890335,2021,-0.0621721014202673,-0.036469730123997124
Western Cape,Ward 10402003,WC042,4216,0.7362428842504743,False,8.346642090221199,0.6238663189089093,2021,-0.018067460577111838,0.06896551724137923
Western Cape,Ward 10402004,WC042,3450,0.6197101449275362,False,8.146129510025405,0.6405138530979004,2021,-0.11590508080276773,0.017999409855414594
Western Cape,Ward 10402005,WC042,3927,0.6440030557677616,False,8.27563105457801,0.6370434372635826,2021,-0.1058151260504202,0.42799999999999994
Western Cape,Ward 10402006,WC042,4116,0.607871720116618,False,8.32263709695394,0.6422050566423173,2021,-0.060650406240186805,0.14556081269134435
Western Cape,Ward 10402007,WC042,3508,0.6470923603192702,False,8.162801353492073,0.6366021080419385,2021,-0.07852953022799347,-0.127363184079602
Western Cape,Ward 10402008,WC042,3668,0.6316793893129771,False,8.207401833376355,0.6388039610428375,2021,-0.12743663278647044,0.013259668508287303
Western Cape,Ward 10403001,WC043,4328,0.3726894639556377,False,8.372860820526318,0.567828031968983,2021,-0.24944972334001853,0.010742643624474635
Western Cape,Ward 10403002,WC043,4077,0.3168996811380917,False,8.313116702819253,0.5721195537241788,2021,-0.18089875330417832,-0.0026908023483366295
Western Cape,Ward 10403003,WC043,3144,0.3549618320610687,False,8.053251153549096,0.5691916959608729,2021,-0.1488503669758494,-0.3691813804173355
Western Cape,Ward 10403004,WC043,4249,0.7959519887032243,False,8.354438940114811,0.5352693762191686,2021,0.05252626020286888,0.0066334991708125735
Western Cape,Ward 10403005,WC043,4913,0.6547934052513739,False,8.499640032168648,0.5461277287923879,2021,-0.08250285553481984,0.17761265580057528
Western Cape,Ward 10403006,WC043,4875,0.6746666666666666,False,8.491875383431948,0.5445990163758269,2021,-0.05643508460799529,0.08069164265129691
Western Cape,Ward 10403007,WC043,5929,0.5834036093776354,False,8.687610843707368,0.5516192515519063,2021,-0.10414472782267403,0.528486723382315
Western Cape,Ward 10403008,WC043,3395,0.6927835051546392,False,8.130059039992796,0.5432054134152137,2021,-0.011352585572512286,0.13242161440960643
Western Cape,Ward 10403009,WC043,4303,0.4887287938647455,False,8.3670677328386,0.5589019296682823,2021,-0.03494944162017183,-0.3021407719753487
Western Cape,Ward 10403010,WC043,4900,0.7626530612244898,False,8.496990484098719,0.5378308321790712,2021,0.04441090054698926,0.12153810940718701
Western Cape,Ward 10403011,WC043,4609,0.6652202213061401,False,8.435766192720509,0.5453256660189443,2021,-0.01509508414601668,0.009196409021239305
Western Cape,Ward 10403012,WC043,3636,0.4716721672167216,False,8.19863945529737,0.5602139778719766,2021,-0.20948725307313348,0.6467391304347827
Western Cape,Ward 10403013,WC043,4372,0.4467063129002744,False,8.382975849296429,0.5621344282040109,2021,-0.1795096404071186,0.0632295719844358
Western Cape,Ward 10403014,WC043,3936,0.4733231707317073,False,8.277920258172143,0.560086977601593,2021,-0.10719878980298397,-0.1648631444939529
Western Cape,Ward 10404001,WC044,3420,0.4868421052631579,False,8.13739583005665,0.501882871966946,2021,-0.12650399946225716,0.09195402298850586
Western Cape,Ward 10404002,WC044,3484,0.6521239954075775,False,8.155936337972394,0.4949961265442619,2021,-0.047468079184497136,0.015151515151515138
Western Cape,Ward 10404003,WC044,3424,0.7161214953271028,False,8.138564737261632,0.492329564047615,2021,-0.0521711875997265,0.01844140392623439
Western Cape,Ward 10404004,WC044,4824,0.6598258706467661,False,8.481358738407021,0.49467521507596235,2021,-0.038629633153184795,0.18264280460897275
Western Cape,Ward 10404005,WC044,4865,0.5523124357656731,False,8.489821994620105,0.49915494152934126,2021,-0.08335145134144684,0.04019670729099856
Western Cape,Ward 10404006,WC044,4077,0.4782928623988227,False,8.313116702819253,0.5022390904196267,2021,-0.08635901212298297,0.03978576893649577
Western Cape,Ward 10404007,WC044,3946,0.4285352255448555,False,8.28045768658256,0.504312325288542,2021,-0.1318727242459395,0.03190376569037667
Western Cape,Ward 10404008,WC044,3489,0.4846660934365147,False,8.157370441186774,0.5019735391263895,2021,-0.06381875504833379,-0.03884297520661162
Western Cape,Ward 10404009,WC044,3817,0.3646843070474194,False,8.247220052745229,0.5069727802259352,2021,-0.17769302173767643,0.0015743899239044623
Western Cape,Ward 10404010,WC044,2538,0.3246650906225374,False,7.839131648274333,0.5086402475769719,2021,-0.1682051104743547,-0.07202925045703834
Western Cape,Ward 10404011,WC044,3711,0.4672594987873888,False,8.219056661060598,0.5026988139034364,2021,-0.13671495117712507,-0.12207239176721074
Western Cape,Ward 10404012,WC044,3138,0.3693435309114085,False,8.051340933292979,0.5067786458982689,2021,-0.1552791855302118,0.2462271644162033
Western Cape,Ward 10404013,WC044,3872,0.4393078512396694,False,8.261526448396468,0.5038634658845914,2021,-0.14239640941195963,-0.029573934837092697
Western Cape,Ward 10404014,WC044,3502,0.4777270131353512,False,8.161089512845797,0.5022626674722713,2021,-0.07896471618795703,0.053233082706766854
Western Cape,Ward 10404015,WC044,4597,0.333913421796824,False,8.433159195806228,0.50825490044471,2021,-0.17444508777014484,-0.07411883182275936
Western Cape,Ward 10404016,WC044,4381,0.480483907783611,False,8.385032287813898,0.5021477968619271,2021,-0.06899795750136312,0.1349740932642487
Western Cape,Ward 10404017,WC044,3908,0.503582395087001,False,8.270781013162674,0.5011853598909526,2021,-0.055657000329868866,-0.0472940029254022
Western Cape,Ward 10404018,WC044,3277,0.717424473603906,False,8.094683648698815,0.49227527328608156,2021,-0.02841251149688273,-0.04265264387963774
Western Cape,Ward 10404019,WC044,3391,0.642288410498378,False,8.128880142125638,0.49540594258214526,2021,-0.0550996492031145,-0.3673507462686567
Western Cape,Ward 10404020,WC044,3770,0.4716180371352785,False,8.234830280442056,0.502517208138941,2021,-0.09188249648265101,0.005869797225186657
Western Cape,Ward 10404021,WC044,4617,0.3530431015811133,False,8.43750042250699,0.507457830453698,2021,-0.15935725271472378,0.022364924712134693
Western Cape,Ward 10404022,WC044,4031,0.5653683949392211,False,8.301769763117166,0.49861094323044347,2021,-0.05920162963080344,-0.009582309582309545
Western Cape,Ward 10404023,WC044,4598,0.5713353632013919,False,8.433376705323127,0.498362319552853,2021,-0.08449423321116412,0.28867713004484297
Western Cape,Ward 10404024,WC044,3525,0.4181560283687943,False,8.16763571524637,0.5047447918375445,2021,-0.1161854965209348,0.11058601134215507
Western Cape,Ward 10404025,WC044,3823,0.5731101229400994,False,8.248790733696413,0.49828837123040687,2021,-0.10426743601299726,-0.009328841668826082
Western Cape,Ward 10405001,WC045,3484,0.1360505166475315,False,8.155936337972394,0.46925649989381163,2021,-0.17306518261230489,-0.32138683287884695
Western Cape,Ward 10405002,WC045,4155,0.5872442839951865,False,8.332067707289548,0.43165701928150707,2021,-0.05530337631677196,-0.09987001733102252
Western Cape,Ward 10405003,WC045,5529,0.4083921143063845,False,8.617762246337932,0.4465613667555739,2021,-0.1866363683450914,0.43164163645779396
Western Cape,Ward 10405004,WC045,2703,0.5275619681834998,False,7.902117546276448,0.43663054559914766,2021,0.04538728012645876,-0.19696969696969702
Western Cape,Ward 10405005,WC045,4119,0.4469531439669822,False,8.323365694436081,0.4433479476171908,2021,-0.11470250420778066,0.18396090830698486
Western Cape,Ward 10405006,WC045,5025,0.3986069651741293,False,8.522180732927277,0.44737679584992857,2021,-0.1948590668466409,0.08719169190826492
Western Cape,Ward 10405007,WC045,3915,0.5228607918263091,False,8.272570608424903,0.4370223102955802,2021,-0.1071220890736665,-0.04255319148936165
Western Cape,Ward 10405008,WC045,4391,0.4028695058073331,False,8.387312270561717,0.4470215841304949,2021,-0.12183196925705458,0.02809646452821357
Western Cape,Ward 10405009,WC045,4156,0.4583734359961501,False,8.332308352219117,0.4423962566147601,2021,-0.14280824790340674,0.22776957163958644
Western Cape,Ward 10405010,WC045,3790,0.4881266490765171,False,8.240121298076472,0.4399168221913962,2021,-0.12233846720255265,0.001585623678646897
Western Cape,Ward 10405011,WC045,3663,0.5757575757575758,False,8.206037762778815,0.4326142449679746,2021,0.014662539033783228,-0.18473180503004671
Western Cape,Ward 10405012,WC045,3463,0.352873231302339,False,8.149890544402423,0.4511879403392444,2021,-0.14994525798740171,-0.023957158962795932
Western Cape,Ward 10405013,WC045,3840,0.4614583333333333,False,8.253227645581772,0.4421391818366615,2021,-0.1355369223335091,0.01212440695835526
Western Cape,Ward 10407001,WC047,4881,0.6738373284163082,False,8.493105395887147,0.6333666951943832,2021,-0.044693556391705136,0.6297161936560935
Western Cape,Ward 10407002,WC047,5624,0.7382645803698435,False,8.6347984334905,0.6226288198687939,2021,-0.029527126476829535,0.0846673095467696
Western Cape,Ward 10407003,WC047,4112,0.5873054474708171,False,8.321664807135,0.647788675351965,2021,0.01407312423849394,0.4834054834054835
Western Cape,Ward 10407004,WC047,3648,0.6584429824561403,False,8.201934351194222,0.6359324195210778,2021,-0.017119986684810518,0.014178482068390341
Western Cape,Ward 10407005,WC047,4240,0.6139150943396227,False,8.352318548226004,0.6433537342071641,2021,-0.050962385240307384,-0.010501750291715295
Western Cape,Ward 10407006,WC047,4603,0.5996089506843363,False,8.434463543817241,0.6457380914830452,2021,-0.026611411937700002,0.06996745699674567
Western Cape,Ward 10407007,WC047,3755,0.6026631158455393,False,8.230843564198235,0.6452290639561781,2021,-0.09338423143833297,-0.20629887972944405
Western Cape,Ward 10408001,WC048,4161,0.639269406392694,False,8.333510708982942,0.5469610910887253,2021,-0.04675448913384117,0.1561544873575993
Western Cape,Ward 10408002,WC048,3879,0.5898427429749935,False,8.263332667439967,0.5524529425795809,2021,-0.05911673128568562,0.0621577217962761
Western Cape,Ward 10408003,WC048,3740,0.4823529411764706,False,8.226840890408578,0.5643962538905279,2021,-0.11525218274444277,0.0414926204399888
Western Cape,Ward 10408004,WC048,4575,0.5245901639344263,False,8.428361977709622,0.559703229139644,2021,-0.10538585525022603,0.09712230215827344
Western Cape,Ward 10408005,WC048,4180,0.6110047846889952,False,8.338066525518801,0.5501016046113585,2021,-0.04357943705940559,0.11407249466950953
Western Cape,Ward 10408006,WC048,3941,0.4798274549606698,False,8.279189777195004,0.5646768634700613,2021,-0.0696622198553758,-0.06456206978400192
Western Cape,Ward 10408007,WC048,3599,0.4623506529591553,False,8.188411308079031,0.5666187303591186,2021,-0.15125058351688797,0.11251931993817621
Western Cape,Ward 10408008,WC048,4198,0.5338256312529777,False,8.342363500380579,0.5586770661042494,2021,-0.082794302471213,0.07009941371399431
Western Cape,Ward 10408009,WC048,3416,0.6419789227166276,False,8.13622555490846,0.5466600337193994,2021,-0.06409769551322708,0.12813738441215317
Western Cape,Ward 10408010,WC048,4098,0.5968765251342119,False,8.318254328798846,0.5516714112285567,2021,-0.08092409151532565,0.052929085303186074
Western Cape,Ward 10501001,WC051,1158,0.6865284974093264,False,7.05444965813294,0.6676600584745342,2021,-0.06387407908020659,-0.06763285024154586
Western Cape,Ward 10501002,WC051,948,0.6360759493670886,False,6.854354502255021,0.6844775744886135,2021,-0.07360146998775019,-0.013527575442247697
Western Cape,Ward 10501003,WC051,1116,0.6550179211469535,False,7.017506142941256,0.6781635838953252,2021,0.12077134580448767,0.5287671232876712
Western Cape,Ward 10501004,WC051,1548,0.7118863049095607,False,7.344719054149673,0.6592074559744561,2021,-0.06261721847288637,-0.00832799487508007
Western Cape,Ward 10502001,WC052,2025,0.6582716049382716,False,7.613324979540639,0.7249732365048946,2021,-0.026617513163842865,0.044352759154203225
Western Cape,Ward 10502002,WC052,1608,0.7761194029850746,False,7.382746449738912,0.6856906371559602,2021,-0.07412609619659472,0.31587561374795414
Western Cape,Ward 10502003,WC052,1775,0.7211267605633803,False,7.4815557019095165,0.7040215179631918,2021,-0.05863847140978906,-0.007825600894354356
Western Cape,Ward 10502004,WC052,2665,0.6776735459662289,False,7.887959336599945,0.7185059228289088,2021,-0.06822136372178422,0.09400656814449926
Western Cape,Ward 10503001,WC053,3745,0.5684913217623498,False,8.22817689595132,0.5769754509839301,2021,-0.08568199030569912,-0.004518872939925589
Western Cape,Ward 10503002,WC053,3595,0.560778859527121,False,8.187299270155147,0.5782608613564683,2021,-0.09021623709820348,0.03691952696856071
Western Cape,Ward 10503003,WC053,4285,0.5738623103850642,False,8.36287583103188,0.5760802862134776,2021,-0.019986079055478334,0.03778154516832166
Western Cape,Ward 10503004,WC053,3523,0.6505818904342889,False,8.167068178341237,0.5632936895386069,2021,0.015966505818904353,0.11065573770491799
Western Cape,Ward 10503005,WC053,3635,0.5705639614855571,False,8.19836438996762,0.5766300110300623,2021,-0.04757569324260569,-0.0633857253285236
Western Cape,Ward 10503006,WC053,3255,0.5680491551459294,False,8.08794755464267,0.5770491454200002,2021,-0.00987103127993727,-0.051849694145062575
Western Cape,Ward 10503007,WC053,4840,0.5380165289256198,False,8.484669999710677,0.5820545831233851,2021,-0.01134995445951048,0.1570643079129812
