Province,Ward,MunicipalityCode,RegisteredVoters_prior,Turnout_prior,IsMetro,LogRegisteredVoters_prior,MunicipalityAvgTurnout_prior,SpoiltRatio_prior,SnapshotYear
Eastern Cape,Ward 29200001,BUF,9589,0.4004588591093961,True,9.16837188715368,0.4514567032258084,0.009635416666666667,2021
Eastern Cape,Ward 29200002,BUF,7655,0.4416721097322011,True,8.943114308091785,0.4506156164784042,0.024253179532682637,2021
Eastern Cape,Ward 29200003,BUF,9961,0.3385202288926814,True,9.206432747145165,0.45272075690370056,0.013641755634638196,2021
Eastern Cape,Ward 29200004,BUF,9327,0.4914763589578643,True,9.140668698726863,0.4495992032289009,0.013089005235602094,2021
Eastern Cape,Ward 29200005,BUF,8732,0.4038021071919377,True,9.074749717669835,0.45138847367310353,0.005672149744753261,2021
Eastern Cape,Ward 29200006,BUF,8023,0.4326311853421413,True,8.990067695753655,0.4508001251394258,0.014405070584845865,2021
Eastern Cape,Ward 29200007,BUF,7409,0.4702388986367931,True,8.910450756416656,0.45003262078647377,0.010907003444316877,2021
Eastern Cape,Ward 29200008,BUF,9402,0.4256541161455009,True,9.148677711584076,0.4509425143067042,0.02123938030984508,2021
Eastern Cape,Ward 29200009,BUF,8816,0.385095281306715,True,9.084323531392696,0.4517702456299448,0.010603829160530192,2021
Eastern Cape,Ward 29200010,BUF,7641,0.4118570867687475,True,8.941283763647567,0.4512240863348012,0.02986971719097553,2021
Eastern Cape,Ward 29200011,BUF,6731,0.4210369930173823,True,8.814479000010714,0.4510367413093189,0.027875793930839804,2021
Eastern Cape,Ward 29200012,BUF,7749,0.4049554781262098,True,8.95531908176395,0.4513649354907714,0.017845761631612493,2021
Eastern Cape,Ward 29200013,BUF,8850,0.4258757062146893,True,9.088172738001974,0.45093799206039425,0.023613690634120457,2021
Eastern Cape,Ward 29200014,BUF,7078,0.4495620231703871,True,8.864746660905409,0.4504545978368086,0.016656191074795726,2021
Eastern Cape,Ward 29200015,BUF,9785,0.488196218702095,True,9.188605879830176,0.4496661448667737,0.00816411974042286,2021
Eastern Cape,Ward 29200016,BUF,7662,0.4618898459932132,True,8.944028325260595,0.45020300961593457,0.010172365074879909,2021
Eastern Cape,Ward 29200017,BUF,7785,0.4308285163776493,True,8.959954084268098,0.45083691430196654,0.033392963625521764,2021
Eastern Cape,Ward 29200018,BUF,8159,0.5960289251133717,True,9.0068768914288,0.44746547738899256,0.003701418877236274,2021
Eastern Cape,Ward 29200019,BUF,7315,0.4354066985645933,True,8.897682313454224,0.45074348201243697,0.0075353218210361065,2021
Eastern Cape,Ward 29200020,BUF,8037,0.4495458504417071,True,8.991811158212718,0.4504549278924959,0.0066426792139496265,2021
Eastern Cape,Ward 29200021,BUF,6889,0.4324285092175932,True,8.837681215593197,0.4508042613868656,0.00872776099362202,2021
Eastern Cape,Ward 29200022,BUF,8320,0.4467548076923077,True,9.026417533815254,0.45051188794860614,0.006725854183481302,2021
Eastern Cape,Ward 29200023,BUF,8386,0.4852134509897448,True,9.034318927730707,0.4497270176772299,0.01646596215286311,2021
Eastern Cape,Ward 29200024,BUF,7729,0.4550394617673696,True,8.952734767106872,0.45034281337564563,0.011088996303667898,2021
Eastern Cape,Ward 29200025,BUF,7287,0.465486482777549,True,8.893847217670283,0.45012960886523384,0.021816037735849055,2021
Eastern Cape,Ward 29200026,BUF,8014,0.4207636635887197,True,8.98894529119609,0.45104231946092427,0.021648873072360617,2021
Eastern Cape,Ward 29200027,BUF,8298,0.4713183899734876,True,9.023769800892813,0.450010590351031,0.012017386857581181,2021
Eastern Cape,Ward 29200028,BUF,9275,0.561078167115903,True,9.135077887475635,0.44817875816445113,0.002498078401229823,2021
Eastern Cape,Ward 29200029,BUF,7343,0.5372463570747651,True,8.90150275745161,0.4486651216346784,0.002788339670468948,2021
Eastern Cape,Ward 29200030,BUF,9161,0.4085798493614234,True,9.122710622015209,0.45129096873086905,0.011488111140796153,2021
Eastern Cape,Ward 29200031,BUF,9070,0.5119073869900772,True,9.112727543109182,0.4491822434731414,0.01421494723239285,2021
Eastern Cape,Ward 29200032,BUF,7441,0.5324553151458138,True,8.914760527397261,0.4487628980005754,0.018425037859666836,2021
Eastern Cape,Ward 29200033,BUF,7732,0.4887480600103466,True,8.953122840328222,0.44965488279925836,0.01799417835406192,2021
Eastern Cape,Ward 29200034,BUF,7972,0.4844455594581033,True,8.983690681332686,0.44974268893297764,0.02252718798549974,2021
Eastern Cape,Ward 29200035,BUF,8786,0.4891873435010243,True,9.080914824535725,0.4496459178300609,0.02791996277338297,2021
Eastern Cape,Ward 29200036,BUF,6940,0.3661383285302593,True,8.84505705350085,0.4521571222172194,0.04132231404958678,2021
Eastern Cape,Ward 29200037,BUF,8891,0.4013046901360926,True,9.09279480812114,0.4514394413681207,0.00952914798206278,2021
Eastern Cape,Ward 29200038,BUF,7659,0.4175479827653741,True,8.943636705909594,0.4511079456001762,0.040337711069418386,2021
Eastern Cape,Ward 29200039,BUF,8069,0.4595364977072748,True,8.995784837848506,0.4502510371319741,0.021574973031283712,2021
Eastern Cape,Ward 29200040,BUF,8360,0.5270334928229665,True,9.031213706078747,0.44887354743573554,0.024058102587380843,2021
Eastern Cape,Ward 29200041,BUF,6641,0.3940671585604577,True,8.801017833540714,0.45158714609415407,0.020252197172334733,2021
Eastern Cape,Ward 29200042,BUF,6860,0.4399416909620991,True,8.83346272071993,0.45065093114718185,0.007620941020543406,2021
Eastern Cape,Ward 29200043,BUF,8395,0.4464562239428231,True,9.035391569511642,0.45051798149451394,0.018943436499466382,2021
Eastern Cape,Ward 29200044,BUF,8763,0.5459317585301837,True,9.07829359105585,0.4484878685437515,0.03762541806020067,2021
Eastern Cape,Ward 29200045,BUF,8829,0.4503341261751047,True,9.085797036901582,0.4504388406326307,0.016348088531187122,2021
Eastern Cape,Ward 29200046,BUF,9058,0.4296754250386398,True,9.111403624116159,0.45086044677827286,0.008992805755395683,2021
Eastern Cape,Ward 29200047,BUF,8780,0.2248291571753986,True,9.080231686629162,0.4550409828571145,0.004559270516717325,2021
Eastern Cape,Ward 29200048,BUF,6892,0.4075739988392339,True,8.83811659764782,0.4513114962925464,0.019223923104307584,2021
Eastern Cape,Ward 29200049,BUF,7623,0.4923258559622196,True,8.938925271988273,0.4495818665553426,0.010658140154543033,2021
Eastern Cape,Ward 29200050,BUF,7317,0.5637556375563756,True,8.89795568688403,0.4481241159105639,0.010424242424242424,2021
Eastern Cape,Ward 21001001,EC101,3417,0.5668715247292947,False,8.136518252115291,0.4699461149393978,0.006711409395973154,2021
Eastern Cape,Ward 21001002,EC101,3218,0.5543816034804226,False,8.076515327552329,0.47108156232565895,0.005044843049327354,2021
Eastern Cape,Ward 21001003,EC101,4250,0.2851764705882353,False,8.354674261918463,0.4955547562249487,0.01485148514851485,2021
Eastern Cape,Ward 21001004,EC101,3121,0.4335148990708106,False,8.045908742270779,0.48206944454471456,0.04582409460458241,2021
Eastern Cape,Ward 21001005,EC101,3992,0.3917835671342685,False,8.292047637431354,0.4858632019934911,0.014066496163682864,2021
Eastern Cape,Ward 21001006,EC101,3294,0.4404978749241044,False,8.099857910737585,0.48143462855805147,0.010337698139214336,2021
Eastern Cape,Ward 21001007,EC101,3357,0.516532618409294,False,8.118802996980035,0.474522379150307,0.01787773933102653,2021
Eastern Cape,Ward 21001008,EC101,2771,0.5546734031035727,False,7.9269635448629785,0.4710550350871907,0.08132726089785296,2021
Eastern Cape,Ward 21001009,EC101,3699,0.5155447418221141,False,8.215817791832453,0.4746121861127779,0.012585212375458836,2021
Eastern Cape,Ward 21001010,EC101,2784,0.5176005747126436,False,7.931644021454311,0.4744252922136388,0.009021512838306732,2021
Eastern Cape,Ward 21001011,EC101,3142,0.4583068109484405,False,8.052614818815567,0.47981563437402097,0.008333333333333333,2021
Eastern Cape,Ward 21001012,EC101,2868,0.50139470013947,False,7.961370201719511,0.47589855353847277,0.01321279554937413,2021
Eastern Cape,Ward 21002001,EC102,2702,0.5244263508512214,False,7.9017475185201445,0.5225629544010459,0.015525758645024701,2021
Eastern Cape,Ward 21002002,EC102,3717,0.5700834005918751,False,8.220672170297252,0.5134315444529152,0.015101462954223691,2021
Eastern Cape,Ward 21002003,EC102,3136,0.4968112244897959,False,8.0507033814703,0.528085979673331,0.009627727856225931,2021
Eastern Cape,Ward 21002004,EC102,2781,0.5994246673858324,False,7.930565854233965,0.5075632910941238,0.007798440311937612,2021
Eastern Cape,Ward 21002005,EC102,3078,0.5155945419103314,False,8.032035314398824,0.524329316189224,0.014492753623188406,2021
Eastern Cape,Ward 21002006,EC102,2453,0.430900937627395,False,7.8050670442584895,0.5412680370458112,0.013245033112582781,2021
Eastern Cape,Ward 21004001,EC104,2278,0.4714661984196663,False,7.731053144007127,0.43625077152565994,0.01303538175046555,2021
Eastern Cape,Ward 21004002,EC104,2640,0.4803030303030303,False,7.878534196140362,0.4355710152269396,0.018138801261829655,2021
Eastern Cape,Ward 21004003,EC104,4045,0.3938195302843016,False,8.305236829492593,0.44222359215145723,0.028876333961079723,2021
Eastern Cape,Ward 21004004,EC104,5274,0.4518392112248767,False,8.570544366913232,0.437760539771413,0.008812421317666807,2021
Eastern Cape,Ward 21004005,EC104,3783,0.4594237377742532,False,8.23827262463303,0.43717711465223014,0.020713463751438434,2021
Eastern Cape,Ward 21004006,EC104,2746,0.4821558630735615,False,7.917900586327916,0.43542848962920644,0.015861027190332326,2021
Eastern Cape,Ward 21004007,EC104,2930,0.4170648464163822,False,7.982757702011113,0.4404354909105279,0.022913256955810146,2021
Eastern Cape,Ward 21004008,EC104,3033,0.3910319815364326,False,8.017307507688582,0.4424380189782164,0.010961214165261383,2021
Eastern Cape,Ward 21004009,EC104,2377,0.4568784181741691,False,7.773594467360194,0.4373729084676213,0.03867403314917127,2021
Eastern Cape,Ward 21004010,EC104,3045,0.432512315270936,False,8.021256180143997,0.43924722407556227,0.018982536066818528,2021
Eastern Cape,Ward 21004011,EC104,2994,0.4629258517034068,False,8.004365564979574,0.4369077212730645,0.018037518037518036,2021
Eastern Cape,Ward 21004012,EC104,2541,0.1849665486029122,False,7.840312983320164,0.4582892061269487,0.00851063829787234,2021
Eastern Cape,Ward 21004013,EC104,2913,0.4658427737727428,False,7.976938756959434,0.4366833426523463,0.026529108327192335,2021
Eastern Cape,Ward 21004014,EC104,3065,0.5924959216965743,False,8.027802848370312,0.4269407928120516,0.014317180616740088,2021
Eastern Cape,Ward 21005001,EC105,3614,0.6123408965135584,False,8.192570471152173,0.5472353391093292,0.015363759602349751,2021
Eastern Cape,Ward 21005002,EC105,2655,0.552165725047081,False,7.884199933676039,0.5539214692722711,0.007503410641200546,2021
Eastern Cape,Ward 21005003,EC105,3608,0.5648558758314856,False,8.190908881182514,0.5525114525184484,0.01717369970559372,2021
Eastern Cape,Ward 21005004,EC105,3453,0.6235157833767738,False,8.146998697389993,0.5459936850134164,0.0013934045517882026,2021
Eastern Cape,Ward 21005005,EC105,3308,0.5477629987908101,False,8.104099056143582,0.5544106610785234,0.009381898454746136,2021
Eastern Cape,Ward 21005006,EC105,4012,0.5137088733798604,False,8.297045149081827,0.5581944527908511,0.0077632217370208634,2021
Eastern Cape,Ward 21005007,EC105,2933,0.5332424139106716,False,7.983781068977451,0.5560240593985388,0.02237851662404092,2021
Eastern Cape,Ward 21005008,EC105,2868,0.4940725244072524,False,7.961370201719511,0.560376269343363,0.021877205363443897,2021
Eastern Cape,Ward 21005009,EC105,2992,0.5274064171122995,False,8.003697339094368,0.5566725034872468,0.008871989860583017,2021
Eastern Cape,Ward 21005010,EC105,3758,0.5683874401277275,False,8.231642179973411,0.5521190564855325,0.004213483146067416,2021
Eastern Cape,Ward 21006001,EC106,3254,0.43700061462815,False,8.087640287778983,0.46220136885628055,0.007032348804500703,2021
Eastern Cape,Ward 21006002,EC106,3660,0.5147540983606558,False,8.205218426395412,0.45109372832306543,0.015392781316348195,2021
Eastern Cape,Ward 21006003,EC106,3739,0.4027814923776411,False,8.226573474977114,0.4670898148920676,0.01859229747675963,2021
Eastern Cape,Ward 21006004,EC106,3282,0.4725776965265082,False,8.096208271650037,0.4571189285850865,0.029013539651837523,2021
Eastern Cape,Ward 21006005,EC106,2026,0.4299111549851925,False,7.613818684808629,0.4632141488052745,0.016073478760045924,2021
Eastern Cape,Ward 21006006,EC106,2024,0.4570158102766798,False,7.6128310304073565,0.4593420551922049,0.011891891891891892,2021
Eastern Cape,Ward 21006007,EC106,2752,0.4414970930232558,False,7.920083199053234,0.46155901479983685,0.01646090534979424,2021
Eastern Cape,Ward 21006008,EC106,4297,0.5168722364440307,False,8.365672383774996,0.4507911371682976,0.03556956325979289,2021
Eastern Cape,Ward 21008001,EC108,3653,0.5187517109225295,False,8.203304026795282,0.5757328443365227,0.018469656992084433,2021
Eastern Cape,Ward 21008002,EC108,5229,0.6148403136354944,False,8.56197533418813,0.568869372714168,0.013063763608087092,2021
Eastern Cape,Ward 21008003,EC108,3124,0.6862996158770807,False,8.046869510959576,0.563765136839769,0.008395522388059701,2021
Eastern Cape,Ward 21008004,EC108,3687,0.4985082723081095,False,8.212568398234145,0.5771788042375527,0.006528835690968444,2021
Eastern Cape,Ward 21008005,EC108,3797,0.5791414274427179,False,8.241966560231802,0.5714192931565093,0.01409731696225557,2021
Eastern Cape,Ward 21008006,EC108,5032,0.4960254372019078,False,8.523572798380277,0.5773561496022814,0.011217948717948718,2021
Eastern Cape,Ward 21008007,EC108,4194,0.5755841678588459,False,8.341410211461865,0.5716733831267858,0.02444076222038111,2021
Eastern Cape,Ward 21008008,EC108,5269,0.6441449990510534,False,8.569595870209286,0.566776180898771,0.0038302887448438423,2021
Eastern Cape,Ward 21008009,EC108,4052,0.5140671273445212,False,8.306965865368573,0.5760674574492376,0.031204992798847815,2021
Eastern Cape,Ward 21008010,EC108,3875,0.5241290322580645,False,8.262300941787448,0.5753487499554131,0.013293943870014771,2021
Eastern Cape,Ward 21008011,EC108,3015,0.6268656716417911,False,8.011355109161286,0.5680104185708611,0.0021164021164021165,2021
Eastern Cape,Ward 21008012,EC108,3744,0.6850961538461539,False,8.227909837597483,0.5638510984134066,0.006237816764132553,2021
Eastern Cape,Ward 21008013,EC108,4195,0.5558998808104887,False,8.341648618901306,0.57307940363024,0.007289879931389366,2021
Eastern Cape,Ward 21008014,EC108,4895,0.4833503575076608,False,8.49596955496461,0.5782615124375848,0.01014370245139476,2021
Eastern Cape,Ward 21008015,EC108,2811,0.576307363927428,False,7.941295570906532,0.5716217262647442,0.011728395061728396,2021
Eastern Cape,Ward 21009001,EC109,3481,0.5219764435507038,False,8.15507488781144,0.5143444329837676,0.01926252063841497,2021
Eastern Cape,Ward 21009002,EC109,3412,0.4613130128956623,False,8.13505390861157,0.5264771191147759,0.043202033036848796,2021
Eastern Cape,Ward 21009003,EC109,3001,0.5821392869043652,False,8.006700845440367,0.5023118643130353,0.024613623354321695,2021
Eastern Cape,Ward 21009004,EC109,3043,0.5514295103516267,False,8.02059914989697,0.5084538196235832,0.021454112038140644,2021
Eastern Cape,Ward 21009005,EC109,3608,0.4675720620842572,False,8.190908881182514,0.5252253092770569,0.014226437462951986,2021
Eastern Cape,Ward 21009006,EC109,4100,0.5092682926829268,False,8.318742252692399,0.5168860631573231,0.014846743295019157,2021
Eastern Cape,Ward 21201001,EC121,4530,0.3105960264900662,False,8.41847721847708,0.4696587595639091,0.014214641080312722,2021
Eastern Cape,Ward 21201002,EC121,4058,0.4800394282897979,False,8.30844552038576,0.464192843376821,0.030287474332648872,2021
Eastern Cape,Ward 21201003,EC121,3671,0.4745301007899755,False,8.208219383496834,0.46437056361875073,0.02123995407577497,2021
Eastern Cape,Ward 21201004,EC121,4115,0.4191980558930741,False,8.32239411311117,0.4661554682928443,0.015072463768115942,2021
Eastern Cape,Ward 21201005,EC121,4151,0.4555528788243796,False,8.33110454805304,0.46498273206925383,0.03648863035430989,2021
Eastern Cape,Ward 21201006,EC121,3988,0.4706619859578736,False,8.291045131081729,0.46449534151656047,0.019179541822056473,2021
Eastern Cape,Ward 21201007,EC121,3601,0.4609830602610386,False,8.188966863648876,0.4648075649261358,0.018072289156626505,2021
Eastern Cape,Ward 21201008,EC121,3795,0.4329380764163373,False,8.24143968982973,0.465712241824352,0.021911138161898967,2021
Eastern Cape,Ward 21201009,EC121,4279,0.3664407571862584,False,8.361474616416817,0.4678573166382255,0.026785714285714284,2021
Eastern Cape,Ward 21201010,EC121,3488,0.4383600917431192,False,8.15708378502887,0.46553733810413317,0.017004578155657292,2021
Eastern Cape,Ward 21201011,EC121,3896,0.5,False,8.267705664762426,0.46354895396681445,0.023100616016427104,2021
Eastern Cape,Ward 21201012,EC121,3181,0.4624331971078277,False,8.064950891749143,0.46476078631817486,0.01971447994561523,2021
Eastern Cape,Ward 21201013,EC121,3883,0.4143703322173577,False,8.264363329731667,0.46631120131464165,0.019888129272840272,2021
Eastern Cape,Ward 21201014,EC121,3476,0.5863060989643268,False,8.153637486385282,0.46076488625828776,0.04612365063788027,2021
Eastern Cape,Ward 21201015,EC121,3498,0.4736992567181246,False,8.159946655578548,0.46439736504042334,0.016294508147254073,2021
Eastern Cape,Ward 21201016,EC121,3863,0.4776080766243852,False,8.259199362666282,0.46427127407570523,0.01842818428184282,2021
Eastern Cape,Ward 21201017,EC121,3999,0.436609152288072,False,8.293799608846818,0.4655938200220379,0.029209621993127148,2021
Eastern Cape,Ward 21201018,EC121,4187,0.479818485789348,False,8.339739766019143,0.4641999705542548,0.024390243902439025,2021
Eastern Cape,Ward 21201019,EC121,4425,0.4153672316384181,False,8.39502555744203,0.46627904326880093,0.011969532100108813,2021
Eastern Cape,Ward 21201020,EC121,4321,0.4718815089099745,False,8.371242135931933,0.4644560020664927,0.025993133889161354,2021
Eastern Cape,Ward 21201021,EC121,3408,0.4515845070422535,False,8.133880887949207,0.46511074406222563,0.023391812865497075,2021
Eastern Cape,Ward 21201022,EC121,3513,0.5015656134358099,False,8.164225652265827,0.4634984503075948,0.026106696935300794,2021
Eastern Cape,Ward 21201023,EC121,4072,0.4904223968565815,False,8.311889558230359,0.4638579089069247,0.02754131196795193,2021
Eastern Cape,Ward 21201024,EC121,3437,0.4847250509164969,False,8.142354276849835,0.46404169425983066,0.027611044417767107,2021
Eastern Cape,Ward 21201025,EC121,4021,0.3964188012932106,False,8.299285906897275,0.4668902829573561,0.026976160602258468,2021
Eastern Cape,Ward 21201026,EC121,3345,0.5602391629297458,False,8.11522197256233,0.46160575516262914,0.03255069370330843,2021
Eastern Cape,Ward 21201027,EC121,3537,0.4594288945433983,False,8.17103418920548,0.4648576993041242,0.014769230769230769,2021
Eastern Cape,Ward 21201028,EC121,3952,0.4739372469635627,False,8.281977058867758,0.4643896879357318,0.02189001601708489,2021
Eastern Cape,Ward 21201029,EC121,3487,0.5818755377114998,False,8.156797046675651,0.4609078075890241,0.013799901429275506,2021
Eastern Cape,Ward 21201030,EC121,3386,0.4459539279385706,False,8.12740456269308,0.46529237564621545,0.027152317880794703,2021
Eastern Cape,Ward 21201031,EC121,3845,0.5100130039011703,False,8.254528881939745,0.46322595384097026,0.030596634370219276,2021
Eastern Cape,Ward 21201032,EC121,4025,0.4864596273291925,False,8.300280189852664,0.4639857401820018,0.018386108273748723,2021
Eastern Cape,Ward 21202001,EC122,4156,0.2596246390760346,False,8.332308352219117,0.4272967078800304,0.017608897126969416,2021
Eastern Cape,Ward 21202002,EC122,3964,0.3403128153380423,False,8.285008895449879,0.4246071020046302,0.018532246108228317,2021
Eastern Cape,Ward 21202003,EC122,3758,0.3355508249068653,False,8.231642179973411,0.4247658350190027,0.010309278350515464,2021
Eastern Cape,Ward 21202004,EC122,4202,0.3536411232746311,False,8.343315881404946,0.4241628250734105,0.016823687752355317,2021
Eastern Cape,Ward 21202005,EC122,4305,0.3184668989547038,False,8.367532416861831,0.4253352992174081,0.027716994894237783,2021
Eastern Cape,Ward 21202006,EC122,3917,0.226193515445494,False,8.27308133366583,0.42841107866771505,0.020316027088036117,2021
Eastern Cape,Ward 21202007,EC122,3860,0.3406735751295336,False,8.258422462458876,0.4245950766782471,0.013688212927756654,2021
Eastern Cape,Ward 21202008,EC122,3831,0.4586269903419472,False,8.25088114470065,0.42066329617116666,0.01593625498007968,2021
Eastern Cape,Ward 21202009,EC122,3582,0.387213847012842,False,8.183676582620658,0.4230437342821369,0.022350396539293438,2021
Eastern Cape,Ward 21202010,EC122,3309,0.5040797824116047,False,8.104401307921613,0.4191482031021781,0.0341726618705036,2021
Eastern Cape,Ward 21202011,EC122,4128,0.4585755813953488,False,8.325548307161398,0.4206650098027199,0.018489170628631802,2021
Eastern Cape,Ward 21202012,EC122,3974,0.4821338701560141,False,8.287528423111763,0.41987973351069774,0.010960334029227558,2021
Eastern Cape,Ward 21202013,EC122,3565,0.4541374474053296,False,8.178919332848396,0.42081294760238724,0.019765287214329835,2021
Eastern Cape,Ward 21202014,EC122,3736,0.48313704496788,False,8.225770799348734,0.41984629435030224,0.021606648199445983,2021
Eastern Cape,Ward 21202015,EC122,3397,0.4698263173388284,False,8.130647968160584,0.4202899852712706,0.008771929824561403,2021
Eastern Cape,Ward 21202016,EC122,3867,0.4471166278769071,False,8.260234291607297,0.4210469749200013,0.020242914979757085,2021
Eastern Cape,Ward 21202017,EC122,3493,0.438877755511022,False,8.158516244806831,0.42132160399886415,0.015003261578604044,2021
Eastern Cape,Ward 21202018,EC122,3851,0.4829914307971955,False,8.25608813381491,0.4198511481559917,0.017741935483870968,2021
Eastern Cape,Ward 21202019,EC122,3511,0.4753631444033039,False,8.163656176168432,0.42010542436912146,0.018573996405032954,2021
Eastern Cape,Ward 21202020,EC122,3722,0.453788285867813,False,8.222016437202196,0.4208245863203045,0.018354055654233273,2021
Eastern Cape,Ward 21202021,EC122,3999,0.3743435858964741,False,8.293799608846818,0.4234727429860158,0.015364061456245824,2021
Eastern Cape,Ward 21202022,EC122,3780,0.4555555555555555,False,8.237479288613633,0.420765677330713,0.009872241579558653,2021
Eastern Cape,Ward 21202023,EC122,3663,0.4332514332514332,False,8.206037762778815,0.42150914807418377,0.013862633900441084,2021
Eastern Cape,Ward 21202024,EC122,4002,0.5212393803098451,False,8.294549515143679,0.41857621650557003,0.025407478427612654,2021
Eastern Cape,Ward 21202025,EC122,3682,0.4201520912547528,False,8.211211361793023,0.42194579280740646,0.013574660633484163,2021
Eastern Cape,Ward 21202026,EC122,3565,0.4330995792426367,False,8.178919332848396,0.421514209874477,0.013601036269430052,2021
Eastern Cape,Ward 21202027,EC122,4261,0.4975357897207228,False,8.357259153499912,0.41936633619187413,0.018867924528301886,2021
Eastern Cape,Ward 21202028,EC122,3465,0.4675324675324675,False,8.150467911624004,0.4203664469314826,0.015432098765432098,2021
Eastern Cape,Ward 21202029,EC122,3628,0.480154355016538,False,8.196436811235028,0.4199457173486803,0.030998851894374284,2021
Eastern Cape,Ward 21202030,EC122,3562,0.4135317237507018,False,8.178077463849608,0.4221664717242082,0.018329938900203666,2021
Eastern Cape,Ward 21202031,EC122,3492,0.4117983963344788,False,8.158229916959494,0.42222424930474894,0.011126564673157162,2021
Eastern Cape,Ward 21203001,EC123,3111,0.6515589842494375,False,8.042699496897637,0.5303634594111318,0.010853478046373951,2021
Eastern Cape,Ward 21203002,EC123,2493,0.3766546329723225,False,7.821242083523558,0.5761808512906511,0.011714589989350373,2021
Eastern Cape,Ward 21203003,EC123,2159,0.5497915701713756,False,7.677400430514807,0.5473246950908089,0.006739679865206402,2021
Eastern Cape,Ward 21203004,EC123,2234,0.52775290957923,False,7.711548979629146,0.5509978051894998,0.008481764206955046,2021
Eastern Cape,Ward 21203005,EC123,2469,0.6439854191980559,False,7.81156848934518,0.5316257202530288,0.020754716981132074,2021
Eastern Cape,Ward 21203006,EC123,2644,0.5540847201210287,False,7.880048200971577,0.5466091700992001,0.012969283276450512,2021
Eastern Cape,Ward 21203007,EC123,2825,0.5299115044247787,False,7.946263643580541,0.5506380393819084,0.02338009352037408,2021
Eastern Cape,Ward 21204001,EC124,3120,0.3717948717948718,False,8.045588280803528,0.47697028031701383,0.007758620689655172,2021
Eastern Cape,Ward 21204002,EC124,2825,0.4357522123893805,False,7.946263643580541,0.47240189884597755,0.021121039805036556,2021
Eastern Cape,Ward 21204003,EC124,3274,0.4175320708613317,False,8.09376775793108,0.47370333752655247,0.019019751280175568,2021
Eastern Cape,Ward 21204004,EC124,2893,0.438299343242309,False,7.970049304976135,0.47221996092791124,0.031545741324921134,2021
Eastern Cape,Ward 21204005,EC124,3799,0.4856541195051329,False,8.242493153187626,0.4688374769091381,0.023306233062330622,2021
Eastern Cape,Ward 21204006,EC124,3525,0.4921985815602837,False,8.16763571524637,0.46837001533377015,0.03112391930835735,2021
Eastern Cape,Ward 21204007,EC124,3171,0.565752128666036,False,8.061802274538348,0.4631161905405022,0.027313266443701228,2021
Eastern Cape,Ward 21204008,EC124,3414,0.5240187463386058,False,8.135639903354386,0.4660971464210329,0.0368921185019564,2021
Eastern Cape,Ward 21204009,EC124,3619,0.5454545454545454,False,8.193953023563742,0.4645660179127515,0.015704154002026342,2021
Eastern Cape,Ward 21204010,EC124,2857,0.4595729786489324,False,7.957527402230773,0.47070041554172387,0.015232292460015232,2021
Eastern Cape,Ward 21204011,EC124,3222,0.4016139044072005,False,8.07775756373692,0.47484034941613323,0.04173106646058733,2021
Eastern Cape,Ward 21204012,EC124,3551,0.4823993241340467,False,8.174984532943087,0.4690699622927871,0.018096906012842966,2021
Eastern Cape,Ward 21204013,EC124,3913,0.5320725785842065,False,8.272059622210412,0.46552187268920425,0.012968299711815562,2021
Eastern Cape,Ward 21204014,EC124,3277,0.4156240463838877,False,8.094683648698815,0.473839624989227,0.009544787077826725,2021
Eastern Cape,Ward 21204015,EC124,3050,0.4816393442622951,False,8.022896869601457,0.46912424656934076,0.018379850238257316,2021
Eastern Cape,Ward 21206001,EC126,3132,0.5431034482758621,False,8.049427057110695,0.5231942897054778,0.014109347442680775,2021
Eastern Cape,Ward 21206002,EC126,2720,0.5386029411764706,False,7.908387159290043,0.5236034267145133,0.019795221843003412,2021
Eastern Cape,Ward 21206003,EC126,3005,0.492179700499168,False,8.008032846969307,0.5278237213215409,0.012170385395537525,2021
Eastern Cape,Ward 21206004,EC126,2887,0.431243505368895,False,7.967973179662935,0.5333633754242929,0.020883534136546186,2021
Eastern Cape,Ward 21206005,EC126,3066,0.5309849967384214,False,8.028129059431759,0.5242959671179723,0.014742014742014743,2021
Eastern Cape,Ward 21206006,EC126,2933,0.4889191953631094,False,7.983781068977451,0.5281201308793644,0.017433751743375175,2021
Eastern Cape,Ward 21206007,EC126,2942,0.4687287559483344,False,7.9868449011613825,0.5299556253716167,0.022480058013052938,2021
Eastern Cape,Ward 21206008,EC126,3386,0.4731246308328411,False,8.12740456269308,0.529556000382116,0.024344569288389514,2021
Eastern Cape,Ward 21206009,EC126,3064,0.5443864229765013,False,8.027476530860483,0.5230776556417833,0.02577937649880096,2021
Eastern Cape,Ward 21206010,EC126,2748,0.5240174672489083,False,7.91862865334224,0.5249293788897463,0.030555555555555555,2021
Eastern Cape,Ward 21206011,EC126,2733,0.5982436882546652,False,7.913155185928068,0.5181815406164957,0.03302752293577982,2021
Eastern Cape,Ward 21206012,EC126,3230,0.6647058823529411,False,8.080237416216702,0.5121395229711978,0.02142524452724732,2021
Eastern Cape,Ward 21209001,EC129,2994,0.5250501002004008,False,8.004365564979574,0.4806550521104457,0.023536895674300253,2021
Eastern Cape,Ward 21209002,EC129,3407,0.4390959788670384,False,8.133587417660966,0.4845620576255985,0.012032085561497326,2021
Eastern Cape,Ward 21209003,EC129,3071,0.5678931943992185,False,8.029758520440822,0.47870763873777217,0.0389908256880734,2021
Eastern Cape,Ward 21209004,EC129,3159,0.437480215257993,False,8.058010800802085,0.48463550142600964,0.026772793053545588,2021
Eastern Cape,Ward 21209005,EC129,3496,0.4425057208237986,False,8.159374736775426,0.48440706935483663,0.04072398190045249,2021
Eastern Cape,Ward 21209006,EC129,3211,0.41762690750545,False,8.074337694089515,0.4855379245056707,0.014914243102162566,2021
Eastern Cape,Ward 21209007,EC129,2953,0.5469014561462919,False,7.990576881743923,0.4796618086583597,0.02786377708978328,2021
Eastern Cape,Ward 21209008,EC129,3864,0.4516045548654244,False,8.259458195332408,0.48399348598930825,0.006303724928366762,2021
Eastern Cape,Ward 21209009,EC129,3793,0.4669127339836541,False,8.2409125416889,0.48329765966575233,0.00846979107848673,2021
Eastern Cape,Ward 21209010,EC129,3533,0.5711859609397113,False,8.169902647359145,0.4785579675313861,0.022299306243805748,2021
Eastern Cape,Ward 21209011,EC129,3627,0.1199338296112489,False,8.196161139282902,0.4990694280463162,0.004597701149425287,2021
Eastern Cape,Ward 21209012,EC129,3579,0.5431684828164292,False,8.182838710766026,0.47983148926426256,0.025205761316872428,2021
Eastern Cape,Ward 21209013,EC129,2759,0.5523740485683218,False,7.922623574217286,0.4794130544573584,0.027559055118110236,2021
Eastern Cape,Ward 21209014,EC129,3428,0.4652858809801634,False,8.13973227971767,0.4833716075295474,0.02821316614420063,2021
Eastern Cape,Ward 21209015,EC129,3458,0.4965297860034702,False,8.148445666243235,0.48195143002848795,0.0180547466511357,2021
Eastern Cape,Ward 21209016,EC129,3536,0.4966063348416289,False,8.170751423757535,0.48194795053584444,0.02050113895216401,2021
Eastern Cape,Ward 21209017,EC129,3004,0.4776964047936085,False,8.007700012884026,0.4828074928107544,0.01602787456445993,2021
Eastern Cape,Ward 21209018,EC129,2976,0.4576612903225806,False,7.998335395952982,0.4837181798321648,0.008076358296622614,2021
Eastern Cape,Ward 21209019,EC129,3740,0.5074866310160427,False,8.226840890408578,0.48145339161882555,0.029504741833508957,2021
Eastern Cape,Ward 21209020,EC129,3306,0.5659407138535996,False,8.10349427838097,0.4787963878534821,0.025654730090860504,2021
Eastern Cape,Ward 21209021,EC129,3862,0.5362506473329881,False,8.258940462988459,0.4801459363316917,0.02607436021245775,2021
Eastern Cape,Ward 21209022,EC129,3380,0.5103550295857988,False,8.125630988477065,0.48132300986565485,0.017971014492753623,2021
Eastern Cape,Ward 21209023,EC129,4725,0.5039153439153439,False,8.460622839927844,0.48161572285067555,0.015959680806383873,2021
Eastern Cape,Ward 21301001,EC131,3339,0.515423779574723,False,8.113426639943654,0.488596200195213,0.01917489831493318,2021
Eastern Cape,Ward 21301002,EC131,2601,0.4544405997693195,False,7.8636512654486515,0.49621909767088845,0.023688663282571912,2021
Eastern Cape,Ward 21301003,EC131,2841,0.4966561070045758,False,7.951911381854188,0.49094215926648144,0.026931254429482635,2021
Eastern Cape,Ward 21301004,EC131,3361,0.4683130020827135,False,8.119993827725105,0.4944850473817142,0.02477763659466328,2021
Eastern Cape,Ward 21301005,EC131,3221,0.5743557901272897,False,8.0774471493312,0.4812296988761422,0.002162162162162162,2021
Eastern Cape,Ward 21301006,EC131,3359,0.4352485858886573,False,8.119398589612294,0.49861809940597124,0.0280437756497948,2021
Eastern Cape,Ward 21301007,EC131,3000,0.4663333333333333,False,8.006367567650246,0.4947325059753867,0.021443888491779844,2021
Eastern Cape,Ward 21301008,EC131,4218,0.4746325272641062,False,8.34711636103872,0.4936951067340401,0.028971028971028972,2021
Eastern Cape,Ward 21301009,EC131,3751,0.5387896560917089,False,8.229777750081887,0.4856754656305898,0.006432459178624443,2021
Eastern Cape,Ward 21305001,EC135,4086,0.5190895741556535,False,8.315321775377567,0.4900795269197659,0.011315417256011316,2021
Eastern Cape,Ward 21305002,EC135,3245,0.484437596302003,False,8.08487062913819,0.4918121258124485,0.019720101781170483,2021
Eastern Cape,Ward 21305003,EC135,3526,0.505104934770278,False,8.167919362957816,0.4907787588890347,0.01403705783267827,2021
Eastern Cape,Ward 21305004,EC135,3976,0.5754527162977867,False,8.288031567776464,0.4872613698126592,0.017045454545454544,2021
Eastern Cape,Ward 21305005,EC135,3523,0.4887879648027249,False,8.167068178341237,0.49159460738741234,0.008710801393728223,2021
Eastern Cape,Ward 21305006,EC135,3941,0.4889621923369703,False,8.279189777195004,0.49158589601070013,0.014530358069538143,2021
Eastern Cape,Ward 21305007,EC135,4032,0.5503472222222222,False,8.302017809751204,0.48851664451643756,0.07976566020730058,2021
Eastern Cape,Ward 21305008,EC135,3864,0.4772256728778468,False,8.259458195332408,0.4921727219836563,0.016268980477223426,2021
Eastern Cape,Ward 21305009,EC135,3335,0.4938530734632683,False,8.112227958349724,0.49134135195438516,0.0230722525804493,2021
Eastern Cape,Ward 21305010,EC135,3168,0.5429292929292929,False,8.060855752934316,0.488887540981084,0.011046511627906977,2021
Eastern Cape,Ward 21305011,EC135,3221,0.5125737348649487,False,8.0774471493312,0.49040531888430117,0.016959418534221685,2021
Eastern Cape,Ward 21305012,EC135,3527,0.360079387581514,False,8.168202930236053,0.4980300362484729,0.02283464566929134,2021
Eastern Cape,Ward 21305013,EC135,4197,0.4527043126042411,False,8.34212526333359,0.49339878999733655,0.011578947368421053,2021
Eastern Cape,Ward 21305014,EC135,4100,0.3570731707317073,False,8.318742252692399,0.49818034709096326,0.03415300546448088,2021
Eastern Cape,Ward 21305015,EC135,3176,0.5022040302267002,False,8.063377822367027,0.4909238041162136,0.01128526645768025,2021
Eastern Cape,Ward 21305016,EC135,3071,0.4920221426245522,False,8.029758520440822,0.491432898496321,0.027134348113831898,2021
Eastern Cape,Ward 21305017,EC135,3389,0.4623782826792564,False,8.128290171607052,0.49291509149358576,0.008934269304403318,2021
Eastern Cape,Ward 21305018,EC135,3340,0.4565868263473054,False,8.113726085970747,0.4932046643101834,0.04,2021
Eastern Cape,Ward 21305019,EC135,3183,0.5303173107131637,False,8.065579427282092,0.48951814009189043,0.026066350710900472,2021
Eastern Cape,Ward 21305020,EC135,3933,0.5212306127637936,False,8.27715777243181,0.489972474989359,0.010731707317073172,2021
Eastern Cape,Ward 21305021,EC135,3265,0.5473200612557427,False,8.09101504171053,0.4886680025647615,0.0302182428651371,2021
Eastern Cape,Ward 21306001,EC136,3537,0.5493355951371218,False,8.17103418920548,0.5264387096486303,0.0195573854863613,2021
Eastern Cape,Ward 21306002,EC136,3266,0.5838946723821188,False,8.09132127353041,0.5242787673208179,0.015731515469323543,2021
Eastern Cape,Ward 21306003,EC136,3766,0.4800849707912905,False,8.233768709217097,0.5307668736702447,0.013827433628318585,2021
Eastern Cape,Ward 21306004,EC136,3494,0.4513451631368059,False,8.158802490694002,0.53256311164865,0.011414077362079899,2021
Eastern Cape,Ward 21306005,EC136,3957,0.5476370988122314,False,8.283241441385425,0.5265448656689359,0.011075219197046609,2021
Eastern Cape,Ward 21306006,EC136,3738,0.5339753879079722,False,8.226305988015508,0.5273987226004521,0.01503006012024048,2021
Eastern Cape,Ward 21306007,EC136,3563,0.4681448217793993,False,8.178358165605836,0.5315131329834879,0.019184652278177457,2021
Eastern Cape,Ward 21306008,EC136,3674,0.5117038649972782,False,8.20903626577507,0.5287906927823705,0.017553191489361703,2021
Eastern Cape,Ward 21306009,EC136,3512,0.553246013667426,False,8.163940954755008,0.5261943084904862,0.02110138960370561,2021
Eastern Cape,Ward 21306010,EC136,3369,0.5672306322350846,False,8.122371243406553,0.5253202698300076,0.018838304552590265,2021
Eastern Cape,Ward 21306011,EC136,3715,0.5526244952893674,False,8.220133957151859,0.5262331533891149,0.028738431563565515,2021
Eastern Cape,Ward 21306012,EC136,3362,0.4762046400951814,False,8.120291313968561,0.5310093943387515,0.03185509056839475,2021
Eastern Cape,Ward 21306013,EC136,3035,0.5611202635914333,False,8.017966703493599,0.5257021678702357,0.03405754550792719,2021
Eastern Cape,Ward 21306014,EC136,3395,0.5885125184094256,False,8.130059039992796,0.5239901519441112,0.00950950950950951,2021
Eastern Cape,Ward 21306015,EC136,3656,0.4958971553610503,False,8.204124932574041,0.5297786121346347,0.020959735245449532,2021
Eastern Cape,Ward 21306016,EC136,3137,0.4823079375199235,False,8.051022208190679,0.5306279382497051,0.01982815598149372,2021
Eastern Cape,Ward 21306017,EC136,3054,0.5690897184020957,False,8.024207485778577,0.5252040769445694,0.02819332566168009,2021
Eastern Cape,Ward 21307001,EC137,3269,0.4677271336800245,False,8.092239406724211,0.46940555463234096,0.006540222367560497,2021
Eastern Cape,Ward 21307002,EC137,3134,0.48085513720485,False,8.050065422915965,0.4687146070784028,0.023888520238885203,2021
Eastern Cape,Ward 21307003,EC137,2977,0.5005038629492778,False,7.998671361015776,0.46768046361816973,0.019463087248322148,2021
Eastern Cape,Ward 21307004,EC137,3522,0.4673480976717774,False,8.166784289056151,0.46942550389593296,0.013365735115431349,2021
Eastern Cape,Ward 21307005,EC137,3038,0.5368663594470046,False,8.018954683155718,0.46576664801302625,0.011649294911097487,2021
Eastern Cape,Ward 21307006,EC137,3460,0.5644508670520231,False,8.14902386805177,0.4643148318232884,0.00972862263184844,2021
Eastern Cape,Ward 21307007,EC137,3564,0.4284511784511784,False,8.1786387885907,0.47147271017070136,0.015717092337917484,2021
Eastern Cape,Ward 21307008,EC137,3199,0.4992185057830572,False,8.070593539949519,0.4677481139953393,0.013149655604257984,2021
Eastern Cape,Ward 21307009,EC137,3904,0.4477459016393442,False,8.269756947532983,0.4704571984239558,0.021739130434782608,2021
Eastern Cape,Ward 21307010,EC137,4053,0.3609671848013817,False,8.307212626628308,0.4750244993101643,0.02460697197539303,2021
Eastern Cape,Ward 21307011,EC137,3571,0.3856062727527303,False,8.18060094759445,0.47372770520746177,0.015250544662309368,2021
Eastern Cape,Ward 21307012,EC137,3072,0.4925130208333333,False,8.030084094267563,0.46810103425585103,0.011896893588896233,2021
Eastern Cape,Ward 21307013,EC137,3647,0.4272004387167535,False,8.20166019080868,0.4715385385777764,0.01797175866495507,2021
Eastern Cape,Ward 21307014,EC137,3076,0.4726918075422627,False,8.031385330625534,0.46914425600801263,0.019944979367262722,2021
Eastern Cape,Ward 21307015,EC137,3956,0.4764914054600607,False,8.282988692742602,0.4689442771702338,0.019628647214854113,2021
Eastern Cape,Ward 21307016,EC137,3542,0.4669678147939017,False,8.17244681834278,0.4694455187842422,0.010882708585247884,2021
Eastern Cape,Ward 21307017,EC137,3740,0.4727272727272727,False,8.226840890408578,0.46914238941932795,0.013009049773755657,2021
Eastern Cape,Ward 21307018,EC137,3761,0.4777984578569529,False,8.232440158470336,0.4688754849388185,0.02671118530884808,2021
Eastern Cape,Ward 21307019,EC137,4070,0.482063882063882,False,8.311398278436641,0.4686509889279275,0.0326197757390418,2021
Eastern Cape,Ward 21307020,EC137,3814,0.4782380702674357,False,8.246433786160365,0.4688523474435299,0.015350877192982455,2021
Eastern Cape,Ward 21308001,EC138,3682,0.4744703965236285,False,8.211211361793023,0.491598561504614,0.017172295363480253,2021
Eastern Cape,Ward 21308002,EC138,3587,0.5065514357401728,False,8.185071477532283,0.48758843160254595,0.0445789763346175,2021
Eastern Cape,Ward 21308003,EC138,3372,0.494661921708185,False,8.123261319121745,0.4890746208565444,0.03117505995203837,2021
Eastern Cape,Ward 21308004,EC138,3266,0.4102878138395591,False,8.09132127353041,0.49962138434012265,0.008955223880597015,2021
Eastern Cape,Ward 21308005,EC138,3827,0.4115495165926313,False,8.249836485425702,0.49946367149598864,0.009523809523809525,2021
Eastern Cape,Ward 21308006,EC138,2901,0.4998276456394346,False,7.972810784121404,0.4884289053651382,0.015862068965517243,2021
Eastern Cape,Ward 21308007,EC138,2954,0.474949221394719,False,7.9909154630913255,0.49153870839572766,0.020669992872416252,2021
Eastern Cape,Ward 21308008,EC138,3379,0.5862681266646937,False,8.12533508671429,0.4776238452369808,0.03281171125694094,2021
Eastern Cape,Ward 21308009,EC138,3060,0.5486928104575164,False,8.026170194946426,0.482320759762878,0.026801667659321026,2021
Eastern Cape,Ward 21309001,EC139,3486,0.4079173838209983,False,8.156510226079966,0.4696713818755456,0.04289732770745429,2021
Eastern Cape,Ward 21309002,EC139,3212,0.4467621419676214,False,8.074649075066652,0.4684942679923146,0.02857142857142857,2021
Eastern Cape,Ward 21309003,EC139,3067,0.5272253015976525,False,8.028455164114252,0.46605599042776813,0.006802721088435374,2021
Eastern Cape,Ward 21309004,EC139,3168,0.4886363636363636,False,8.060855752934316,0.4672253521841709,0.018733850129198967,2021
Eastern Cape,Ward 21309005,EC139,3225,0.3494573643410852,False,8.078688229229872,0.47144289761736113,0.01064773735581189,2021
Eastern Cape,Ward 21309006,EC139,3525,0.4312056737588652,False,8.16763571524637,0.4689656761198526,0.014473684210526316,2021
Eastern Cape,Ward 21309007,EC139,2911,0.4094812779113707,False,7.976251943745623,0.4696239911455343,0.044463087248322146,2021
Eastern Cape,Ward 21309008,EC139,3205,0.4162246489859594,False,8.07246736935477,0.46941964656751645,0.017991004497751123,2021
Eastern Cape,Ward 21309009,EC139,3312,0.4755434782608695,False,8.10530751550515,0.46762210628645856,0.008888888888888889,2021
Eastern Cape,Ward 21309010,EC139,3657,0.5529122231337161,False,8.204398418149381,0.46527759886606923,0.020771513353115726,2021
Eastern Cape,Ward 21309011,EC139,4041,0.4501361049245236,False,8.304247465078474,0.46839202669059027,0.017042330951072018,2021
Eastern Cape,Ward 21309012,EC139,3880,0.454381443298969,False,8.263590432617319,0.46826338007318286,0.017016449234259785,2021
Eastern Cape,Ward 21309013,EC139,3675,0.3850340136054421,False,8.209308411646937,0.47036481733662305,0.009187279151943463,2021
Eastern Cape,Ward 21309014,EC139,3273,0.3883287503819126,False,8.09346227450118,0.47026497682824514,0.01966955153422502,2021
Eastern Cape,Ward 21309015,EC139,3874,0.4243675787299948,False,8.262042843966942,0.46917289112072746,0.041970802919708027,2021
Eastern Cape,Ward 21309016,EC139,3148,0.3713468869123253,False,8.054522609537294,0.47077957875156595,0.03165098374679213,2021
Eastern Cape,Ward 21309017,EC139,3581,0.3485060039095224,False,8.183397369998433,0.4714717267213479,0.021634615384615384,2021
Eastern Cape,Ward 21309018,EC139,4139,0.5320125634211162,False,8.328209491748732,0.4659109218876632,0.033151680290644865,2021
Eastern Cape,Ward 21309019,EC139,4025,0.4916770186335403,False,8.300280189852664,0.46713321112365036,0.01010611419909045,2021
Eastern Cape,Ward 21309020,EC139,3599,0.523200889135871,False,8.188411308079031,0.46617794232054943,0.01964949548592671,2021
Eastern Cape,Ward 21309021,EC139,3772,0.6089607635206787,False,8.235360643753348,0.4635791582482825,0.01044841097083152,2021
Eastern Cape,Ward 21309022,EC139,3093,0.4746201099256385,False,8.03689677268507,0.4676500871451019,0.01907356948228883,2021
Eastern Cape,Ward 21309023,EC139,3710,0.4110512129380054,False,8.21878715560148,0.4695764173568484,0.02754098360655738,2021
Eastern Cape,Ward 21309024,EC139,3209,0.3966967902773449,False,8.073714641109857,0.4700113998617169,0.022780832678711706,2021
Eastern Cape,Ward 21309025,EC139,3398,0.4446733372572101,False,8.130942302231878,0.4685575651047513,0.013898080741230973,2021
Eastern Cape,Ward 21309026,EC139,3727,0.4370807620069761,False,8.223358899479258,0.46878764314263716,0.028852056476365868,2021
Eastern Cape,Ward 21309027,EC139,4065,0.6157441574415744,False,8.310169021981912,0.46337360085674023,0.021973631642029565,2021
Eastern Cape,Ward 21309028,EC139,2969,0.4499831593128999,False,7.99598047476376,0.468396661406094,0.01347305389221557,2021
Eastern Cape,Ward 21309029,EC139,3196,0.4330413016270338,False,8.069655306886165,0.4689100510329384,0.019508670520231215,2021
Eastern Cape,Ward 21309030,EC139,3524,0.5002837684449489,False,8.16735198705607,0.4668724005233047,0.00737379466817924,2021
Eastern Cape,Ward 21309031,EC139,3654,0.5774493705528189,False,8.203577736937952,0.4645340489442783,0.01990521327014218,2021
Eastern Cape,Ward 21309032,EC139,3701,0.4739259659551472,False,8.216358332386156,0.46767112181087445,0.009692132269099202,2021
Eastern Cape,Ward 21309033,EC139,3529,0.6384244828563332,False,8.16876982367527,0.4626863182684142,0.033288948069241014,2021
Eastern Cape,Ward 21309034,EC139,3087,0.5707806932296728,False,8.034955024502159,0.46473613007528275,0.019863791146424517,2021
Eastern Cape,Ward 21401001,EC141,3575,0.4945454545454545,False,8.181720455128108,0.47955860274770057,0.01414027149321267,2021
Eastern Cape,Ward 21401002,EC141,3689,0.4231499051233396,False,8.213110697596676,0.48402082458658274,0.035233824471492634,2021
Eastern Cape,Ward 21401003,EC141,3663,0.4613704613704614,False,8.206037762778815,0.4816320398211376,0.03076923076923077,2021
Eastern Cape,Ward 21401004,EC141,3757,0.4242746872504658,False,8.231376045573969,0.48395052570363734,0.01819322459222083,2021
Eastern Cape,Ward 21401005,EC141,4024,0.4644632206759443,False,8.300031711779575,0.4814387423645449,0.019796682718031033,2021
Eastern Cape,Ward 21401006,EC141,3156,0.5076045627376425,False,8.057060681965766,0.4787424084856888,0.018102372034956304,2021
Eastern Cape,Ward 21401007,EC141,3407,0.5509245670678016,False,8.133587417660966,0.47603490821505384,0.03462972828982419,2021
Eastern Cape,Ward 21401008,EC141,3288,0.4923965936739659,False,8.098034756176071,0.47969290655216856,0.0426189005558987,2021
Eastern Cape,Ward 21401009,EC141,3816,0.3611111111111111,False,8.246958032568177,0.48789824921234703,0.04499274310595065,2021
Eastern Cape,Ward 21401010,EC141,3828,0.4736154649947753,False,8.250097752572845,0.480866727094618,0.06012134583563155,2021
Eastern Cape,Ward 21401011,EC141,3416,0.4651639344262295,False,8.13622555490846,0.4813949477551521,0.033983637507866586,2021
Eastern Cape,Ward 21401012,EC141,3217,0.496425240907678,False,8.076204527239026,0.47944111610006157,0.015654351909830933,2021
Eastern Cape,Ward 21401013,EC141,3504,0.4517694063926941,False,8.161660452056282,0.48223210575724806,0.01831964624131396,2021
Eastern Cape,Ward 21401014,EC141,3858,0.4639709694142042,False,8.257904193465674,0.4814695080684037,0.03519553072625698,2021
Eastern Cape,Ward 21401015,EC141,3607,0.4826725810923205,False,8.19063168090354,0.48030065733852145,0.04595060310166571,2021
Eastern Cape,Ward 21401016,EC141,3641,0.517165613842351,False,8.200013648175434,0.4781448427916445,0.013276686139139671,2021
Eastern Cape,Ward 21401017,EC141,3668,0.6368593238822247,False,8.207401833376355,0.4706639859141524,0.018407534246575343,2021
Eastern Cape,Ward 21402001,EC142,3839,0.4540244855431102,False,8.252967195000798,0.4656652050901693,0.011474469305794608,2021
Eastern Cape,Ward 21402002,EC142,3598,0.4630350194552529,False,8.188133414510478,0.46510204672066036,0.039015606242496996,2021
Eastern Cape,Ward 21402003,EC142,3968,0.4049899193548387,False,8.286017468404763,0.46872986547693624,0.020535158680771624,2021
Eastern Cape,Ward 21402004,EC142,3361,0.4543290687295447,False,8.119993827725105,0.46564616864101716,0.020301244269810084,2021
Eastern Cape,Ward 21402005,EC142,2936,0.4747956403269754,False,7.984803389734406,0.4643670079161777,0.027977044476327116,2021
Eastern Cape,Ward 21402006,EC142,3025,0.5097520661157025,False,8.014666370464942,0.4621822313043823,0.01556420233463035,2021
Eastern Cape,Ward 21402007,EC142,3333,0.4512451245124512,False,8.11162807830774,0.4658389151545855,0.02327127659574468,2021
Eastern Cape,Ward 21402008,EC142,3918,0.4795814190913731,False,8.273336598504486,0.4640678967434029,0.020755721128259713,2021
Eastern Cape,Ward 21402009,EC142,3250,0.5073846153846154,False,8.086410275323782,0.4623301969750752,0.014554275318374773,2021
Eastern Cape,Ward 21402010,EC142,4144,0.4128861003861004,False,8.329416783939319,0.4682363541624824,0.012273524254821741,2021
Eastern Cape,Ward 21402011,EC142,3563,0.4847039012068481,False,8.178358165605836,0.46374774161118565,0.020845396641574986,2021
Eastern Cape,Ward 21402012,EC142,3609,0.4981989470767525,False,8.19118600464279,0.46290430124431664,0.010567296996662959,2021
Eastern Cape,Ward 21402013,EC142,4027,0.4658554755401043,False,8.300776960851454,0.46492576821535714,0.02931769722814499,2021
Eastern Cape,Ward 21402014,EC142,3590,0.5005571030640669,False,8.185907481482324,0.46275691649510947,0.027824151363383415,2021
Eastern Cape,Ward 21402015,EC142,3146,0.4338842975206611,False,8.053887083618223,0.46692396684157234,0.041025641025641026,2021
Eastern Cape,Ward 21402016,EC142,3052,0.4695281782437746,False,8.023552392404348,0.46469622429637775,0.030006978367062107,2021
Eastern Cape,Ward 21402017,EC142,3828,0.4399164054336468,False,8.250097752572845,0.46654696009701074,0.020190023752969122,2021
Eastern Cape,Ward 21405001,EC145,3262,0.5183936235438381,False,8.09009578318096,0.46757133726801303,0.014192785334121822,2021
Eastern Cape,Ward 21405002,EC145,3674,0.4839412084921067,False,8.20903626577507,0.4710165787731862,0.009561304836895388,2021
Eastern Cape,Ward 21405003,EC145,2882,0.4424011103400416,False,7.966239776559467,0.47517058858839273,0.011764705882352941,2021
Eastern Cape,Ward 21405004,EC145,2666,0.4658664666166541,False,7.888334500738654,0.4728240529607315,0.01288244766505636,2021
Eastern Cape,Ward 21405005,EC145,2841,0.4565293910594861,False,7.951911381854188,0.4737577605164483,0.018504240555127217,2021
Eastern Cape,Ward 21405006,EC145,3463,0.418712099335836,False,8.149890544402423,0.4775394896888133,0.020689655172413793,2021
Eastern Cape,Ward 21405007,EC145,3846,0.4763390535621425,False,8.254788926148725,0.47177679426618263,0.012008733624454149,2021
Eastern Cape,Ward 21405008,EC145,2977,0.4575075579442391,False,7.998671361015776,0.473659943827973,0.024229074889867842,2021
Eastern Cape,Ward 21405009,EC145,4241,0.4807828342372082,False,8.352554369474591,0.4713324161986761,0.014713094654242276,2021
Eastern Cape,Ward 21405010,EC145,3119,0.5008015389547932,False,8.045267716607803,0.46933054572691757,0.014084507042253521,2021
Eastern Cape,Ward 21405011,EC145,3139,0.4928321121376234,False,8.051659556841953,0.4701274884086345,0.00904977375565611,2021
Eastern Cape,Ward 21503001,EC153,3618,0.4889441680486456,False,8.193676665955241,0.4535110922356176,0.046353872244205764,2021
Eastern Cape,Ward 21503002,EC153,4169,0.42456224514272,False,8.335431477880796,0.45558792845838936,0.023728813559322035,2021
Eastern Cape,Ward 21503003,EC153,4777,0.4938245760937827,False,8.471568013389962,0.45335365971803254,0.0211954217888936,2021
Eastern Cape,Ward 21503004,EC153,4538,0.3955486998677832,False,8.420241665339788,0.4565238492737099,0.016713091922005572,2021
Eastern Cape,Ward 21503005,EC153,4517,0.4916980296657073,False,8.415603335654604,0.45342225798990593,0.009004952723998198,2021
Eastern Cape,Ward 21503006,EC153,4947,0.3879118657772387,False,8.506536611227709,0.4567701987605017,0.021886399166232414,2021
Eastern Cape,Ward 21503007,EC153,4910,0.4755600814663951,False,8.499029220788566,0.45394283696407733,0.015845824411134905,2021
Eastern Cape,Ward 21503008,EC153,4101,0.5047549378200439,False,8.31898612539206,0.45300106740428214,0.023671497584541065,2021
Eastern Cape,Ward 21503009,EC153,4842,0.449607600165221,False,8.485083137498004,0.4547800137802442,0.01929260450160772,2021
Eastern Cape,Ward 21503010,EC153,4129,0.470573988859288,False,8.32579052588609,0.45410367866108076,0.024704065877509007,2021
Eastern Cape,Ward 21503011,EC153,4618,0.4367691641403204,False,8.43771698991444,0.4551941568778216,0.022310361923648984,2021
Eastern Cape,Ward 21503012,EC153,4390,0.3690205011389522,False,8.387084506069217,0.4573795976198013,0.03209876543209877,2021
Eastern Cape,Ward 21503013,EC153,4561,0.4148213111159833,False,8.4252971767117,0.45590215213667123,0.028012684989429177,2021
Eastern Cape,Ward 21503014,EC153,3788,0.4023231256599788,False,8.239593454305968,0.4563053194094455,0.025590551181102362,2021
Eastern Cape,Ward 21503015,EC153,4763,0.3422212891035062,False,8.46863300080086,0.4582440883306221,0.015950920245398775,2021
Eastern Cape,Ward 21503016,EC153,3876,0.4994840041279669,False,8.262558973010657,0.4531710975233814,0.02324380165289256,2021
Eastern Cape,Ward 21503017,EC153,4685,0.4224119530416222,False,8.452121194672523,0.4556572927197151,0.01010611419909045,2021
Eastern Cape,Ward 21503018,EC153,5064,0.4346366508688783,False,8.529911963824013,0.4552629476285133,0.014993184915947297,2021
Eastern Cape,Ward 21503019,EC153,4041,0.4003959415986142,False,8.304247465078474,0.45636748663723153,0.015451174289245983,2021
Eastern Cape,Ward 21503020,EC153,4146,0.4059334298118668,False,8.329899292995725,0.4561888579851911,0.0285204991087344,2021
Eastern Cape,Ward 21503021,EC153,4473,0.4075564498099709,False,8.405814603432848,0.4561365025013813,0.024684585847504114,2021
Eastern Cape,Ward 21503022,EC153,4823,0.4781256479369687,False,8.481151420068972,0.4538600767553491,0.02645273200346921,2021
Eastern Cape,Ward 21503023,EC153,3804,0.4994742376445846,False,8.24380842366528,0.45317141257123245,0.09947368421052631,2021
Eastern Cape,Ward 21503024,EC153,4359,0.6178022482220693,False,8.379997952238393,0.44935437997195876,0.02525064983290011,2021
Eastern Cape,Ward 21503025,EC153,4001,0.5333666583354162,False,8.294299608857235,0.4520781086779799,0.02577319587628866,2021
Eastern Cape,Ward 21503026,EC153,4658,0.4783168741949334,False,8.446341450444287,0.4538539081663825,0.017504488330341114,2021
Eastern Cape,Ward 21503027,EC153,3714,0.4254173397953689,False,8.219864741912652,0.45556034475991686,0.03417721518987342,2021
Eastern Cape,Ward 21503028,EC153,4065,0.4447724477244772,False,8.310169021981912,0.454935986439623,0.009402654867256638,2021
Eastern Cape,Ward 21503029,EC153,4750,0.455578947368421,False,8.465899897028686,0.45458738967691514,0.0166358595194085,2021
Eastern Cape,Ward 21503030,EC153,4007,0.5021212877464437,False,8.295798110636145,0.45308602385826924,0.027335984095427434,2021
Eastern Cape,Ward 21503031,EC153,4103,0.4937850353399951,False,8.319473692442186,0.4533549352262192,0.02171767028627838,2021
Eastern Cape,Ward 21503032,EC153,4280,0.5004672897196262,False,8.361708288575842,0.45313937863332787,0.04201680672268908,2021
Eastern Cape,Ward 21504001,EC154,4405,0.5595913734392736,False,8.39049553837028,0.5109227897301695,0.020689655172413793,2021
Eastern Cape,Ward 21504002,EC154,3907,0.559508574353724,False,8.27052509505507,0.5109271475767773,0.028819762122598354,2021
Eastern Cape,Ward 21504003,EC154,3903,0.4765564950038432,False,8.269500767180615,0.515293046489929,0.01989247311827957,2021
Eastern Cape,Ward 21504004,EC154,4137,0.4573362339859801,False,8.327726166461412,0.5163046391750796,0.010570824524312896,2021
Eastern Cape,Ward 21504005,EC154,3368,0.4890142517814727,False,8.122074375362217,0.51463737508058,0.01153612629022465,2021
Eastern Cape,Ward 21504006,EC154,4028,0.394240317775571,False,8.301025253838453,0.5196254768703643,0.01322418136020151,2021
Eastern Cape,Ward 21504007,EC154,4038,0.5094105993065874,False,8.303504798872783,0.513563883105574,0.009236752552260573,2021
Eastern Cape,Ward 21504008,EC154,4194,0.5526943252265141,False,8.341410211461865,0.5112857922676831,0.019413287316652286,2021
Eastern Cape,Ward 21504009,EC154,3460,0.4953757225433526,False,8.14902386805177,0.5143025608299547,0.014585764294049008,2021
Eastern Cape,Ward 21504010,EC154,3411,0.6584579302257403,False,8.134760782418645,0.5057192867414081,0.12511130899376668,2021
Eastern Cape,Ward 21504011,EC154,4008,0.6082834331337326,False,8.2960476427647,0.5083600497462505,0.07629204265791632,2021
Eastern Cape,Ward 21504012,EC154,3528,0.4861111111111111,False,8.168486417126681,0.5147901719579675,0.011078717201166181,2021
Eastern Cape,Ward 21504013,EC154,4324,0.5048566142460684,False,8.371936178759098,0.5138035665298119,0.02702702702702703,2021
Eastern Cape,Ward 21504014,EC154,4060,0.4573891625615763,False,8.308938252595778,0.5163018534605746,0.014539579967689823,2021
Eastern Cape,Ward 21504015,EC154,3259,0.4255906719852715,False,8.089175678837561,0.5179754582277486,0.007209805335255948,2021
Eastern Cape,Ward 21504016,EC154,3636,0.5748074807480749,False,8.19863945529737,0.5101219419770747,0.018660287081339714,2021
Eastern Cape,Ward 21504017,EC154,3601,0.520410996945293,False,8.188966863648876,0.5129849148088,0.020277481323372464,2021
Eastern Cape,Ward 21504018,EC154,3588,0.4760312151616499,False,8.185350223178686,0.5153206927974129,0.029859484777517563,2021
Eastern Cape,Ward 21504019,EC154,4010,0.5583541147132169,False,8.296546520300614,0.5109879086104883,0.025011165698972757,2021
Eastern Cape,Ward 21504020,EC154,3383,0.5031037540644399,False,8.12651816878071,0.5138958223288449,0.03055229142185664,2021
Eastern Cape,Ward 21505001,EC155,4612,0.4277970511708586,False,8.436416881388949,0.42346679149410954,0.013684744044602128,2021
Eastern Cape,Ward 21505002,EC155,4589,0.4944432338200044,False,8.431417414394833,0.4213169146344597,0.014103129131776113,2021
Eastern Cape,Ward 21505003,EC155,4239,0.4326492097192734,False,8.352082671352637,0.4233102702506123,0.011995637949836423,2021
Eastern Cape,Ward 21505004,EC155,3773,0.4277763053273257,False,8.235625719964311,0.4234674607148687,0.020446096654275093,2021
Eastern Cape,Ward 21505005,EC155,4729,0.4673292450835272,False,8.461469042643875,0.42219155943241055,0.02171945701357466,2021
Eastern Cape,Ward 21505006,EC155,4279,0.4681000233699462,False,8.361474616416817,0.42216669561671966,0.01347978032950574,2021
Eastern Cape,Ward 21505007,EC155,3583,0.4010605637733743,False,8.183955717304954,0.4243292588295123,0.030619345859429367,2021
Eastern Cape,Ward 21505008,EC155,3892,0.447070914696814,False,8.266678443305896,0.4228450539610142,0.017816091954022988,2021
Eastern Cape,Ward 21505009,EC155,4393,0.4591395401775552,False,8.38776764397578,0.42245574346163545,0.017848289538919187,2021
Eastern Cape,Ward 21505010,EC155,4635,0.35361380798274,False,8.441391477999955,0.42585979933888757,0.01647345942647956,2021
Eastern Cape,Ward 21505011,EC155,4499,0.3720826850411202,False,8.411610428841172,0.42526402911119787,0.025686977299880526,2021
Eastern Cape,Ward 21505012,EC155,4446,0.3322087269455691,False,8.399760094524142,0.4265502858239576,0.03656059580230196,2021
Eastern Cape,Ward 21505013,EC155,4483,0.3883560115993754,False,8.40804774415544,0.42473908309318964,0.016082711085583,2021
Eastern Cape,Ward 21505014,EC155,4118,0.4320058280718795,False,8.323122887587735,0.4233310244973024,0.02922990444069702,2021
Eastern Cape,Ward 21505015,EC155,4410,0.3802721088435374,False,8.391629968440892,0.4249998541498296,0.03697078115682767,2021
Eastern Cape,Ward 21505016,EC155,3977,0.453105355795826,False,8.28828304520769,0.4226503945707235,0.014428412874583796,2021
Eastern Cape,Ward 21505017,EC155,3629,0.4152659134747864,False,8.19671240721307,0.4238710217423699,0.011944260119442602,2021
Eastern Cape,Ward 21505018,EC155,4009,0.4627089049638314,False,8.296297112642508,0.4223406026620782,0.009703504043126684,2021
Eastern Cape,Ward 21505019,EC155,3973,0.481500125849484,False,8.287276755814599,0.42173443424641194,0.028227914270778882,2021
Eastern Cape,Ward 21505020,EC155,4130,0.447457627118644,False,8.326032685955079,0.42283257936676166,0.022727272727272728,2021
Eastern Cape,Ward 21505021,EC155,4777,0.4354197194892191,False,8.471568013389962,0.4232208989677108,0.01730769230769231,2021
Eastern Cape,Ward 21505022,EC155,3724,0.3791621911922664,False,8.222553638396958,0.42503565794503184,0.0113314447592068,2021
Eastern Cape,Ward 21505023,EC155,4180,0.3921052631578947,False,8.338066525518801,0.42461813949452776,0.027455765710799267,2021
Eastern Cape,Ward 21505024,EC155,3795,0.4545454545454545,False,8.24143968982973,0.42260393977234834,0.01971014492753623,2021
Eastern Cape,Ward 21505025,EC155,4085,0.4230110159118727,False,8.315077007294104,0.42362117972827035,0.032407407407407406,2021
Eastern Cape,Ward 21505026,EC155,4836,0.4491315136476427,False,8.483843211734683,0.4227785830271165,0.019337016574585635,2021
Eastern Cape,Ward 21505027,EC155,3606,0.4841930116472546,False,8.190354403763262,0.42164756696261285,0.02004581901489118,2021
Eastern Cape,Ward 21505028,EC155,4788,0.435672514619883,False,8.473868066677865,0.42321274428607647,0.02588686481303931,2021
Eastern Cape,Ward 21505029,EC155,4646,0.3491175204476969,False,8.443761913330354,0.426004840872276,0.01911220715166461,2021
Eastern Cape,Ward 21505030,EC155,4343,0.403177527055031,False,8.376320632534823,0.4242609696913943,0.014277555682467162,2021
Eastern Cape,Ward 21505031,EC155,3679,0.4134275618374558,False,8.210396255104774,0.4239303234080903,0.005917159763313609,2021
Eastern Cape,Ward 21505032,EC155,3744,0.3923611111111111,False,8.227909837597483,0.42460988633474656,0.0762423417290674,2021
Eastern Cape,Ward 21506001,EC156,3887,0.4481605351170568,False,8.265392930852224,0.4588727761203749,0.01951779563719862,2021
Eastern Cape,Ward 21506002,EC156,3133,0.3329077561442706,False,8.049746290952191,0.4634828872792863,0.037392138063279005,2021
Eastern Cape,Ward 21506003,EC156,3384,0.4098699763593381,False,8.126813720726114,0.46040439847068365,0.01658255227108868,2021
Eastern Cape,Ward 21506004,EC156,3292,0.3930741190765492,False,8.09925056179696,0.46107623276199516,0.00927357032457496,2021
Eastern Cape,Ward 21506005,EC156,3967,0.4776909503403075,False,8.28576542051433,0.4576915595114449,0.01899736147757256,2021
Eastern Cape,Ward 21506006,EC156,4077,0.3868040225656119,False,8.313116702819253,0.46132703662243274,0.01077996195307546,2021
Eastern Cape,Ward 21506007,EC156,3691,0.4508263343267407,False,8.213652703029998,0.4587661441519876,0.027043269230769232,2021
Eastern Cape,Ward 21506008,EC156,3485,0.4307030129124821,False,8.156223323194624,0.45957107700855787,0.02731512325116589,2021
Eastern Cape,Ward 21506009,EC156,3943,0.5120466649759067,False,8.279697133877628,0.4563173309260209,0.05052005943536404,2021
Eastern Cape,Ward 21506010,EC156,3246,0.4340727048675292,False,8.085178748074537,0.4594362893303561,0.0191625266146203,2021
Eastern Cape,Ward 21506011,EC156,3357,0.3622281799225499,False,8.118802996980035,0.4623100703281552,0.027138157894736843,2021
Eastern Cape,Ward 21506012,EC156,4117,0.5105659460772407,False,8.322880021769905,0.45637655968196755,0.026165556612749764,2021
Eastern Cape,Ward 21506013,EC156,4069,0.4765298599164413,False,8.31115254800169,0.4577380031283995,0.038679731820526045,2021
Eastern Cape,Ward 21506014,EC156,3908,0.5496417604912999,False,8.270781013162674,0.4548135271054052,0.03398510242085661,2021
Eastern Cape,Ward 21506015,EC156,3787,0.4489041457618167,False,8.239329427901795,0.45884303169458446,0.05529411764705883,2021
Eastern Cape,Ward 21506016,EC156,3972,0.459718026183283,False,8.287025025165063,0.4584104764777258,0.01533406352683461,2021
Eastern Cape,Ward 21506017,EC156,3637,0.4676931536981028,False,8.19891444498699,0.45809147137713313,0.02704291593180482,2021
Eastern Cape,Ward 21506018,EC156,3070,0.462214983713355,False,8.029432840581244,0.458310598176523,0.030303030303030304,2021
Eastern Cape,Ward 21506019,EC156,3196,0.5037546933667084,False,8.069655306886165,0.4566490097903888,0.0391304347826087,2021
Eastern Cape,Ward 21506020,EC156,3179,0.4680717206668763,False,8.064321960910803,0.45807632869838216,0.02889784946236559,2021
Eastern Cape,Ward 21506021,EC156,3539,0.4309126871997739,False,8.171599480345463,0.45956269003706623,0.018360655737704918,2021
Eastern Cape,Ward 21506022,EC156,3260,0.5279141104294478,False,8.089482474360754,0.45568263310787926,0.026147588611272515,2021
Eastern Cape,Ward 21506023,EC156,3842,0.493492972410203,False,8.253748343328501,0.45705947862864904,0.034282700421940926,2021
Eastern Cape,Ward 21506024,EC156,3046,0.4954038082731451,False,8.021584533455107,0.45698304519413135,0.013916500994035786,2021
Eastern Cape,Ward 21506025,EC156,3897,0.5491403643828586,False,8.26796230533871,0.4548335829497428,0.06401869158878505,2021
Eastern Cape,Ward 21506026,EC156,3183,0.4376374489475337,False,8.065579427282092,0.4592936995671558,0.0366116295764537,2021
Eastern Cape,Ward 21507001,EC157,5246,0.3171940526115135,False,8.56522116042682,0.39587982405964317,0.013221153846153846,2021
Eastern Cape,Ward 21507002,EC157,5300,0.2956603773584905,False,8.575462099540212,0.3964950719240153,0.015315890236119975,2021
Eastern Cape,Ward 21507003,EC157,5668,0.3604446012702893,False,8.64259160081057,0.39464409409796386,0.02741067058247675,2021
Eastern Cape,Ward 21507004,EC157,6600,0.4416666666666666,False,8.794824928014517,0.3923234636580674,0.022984562607204117,2021
Eastern Cape,Ward 21507005,EC157,5670,0.1476190476190476,False,8.642944396721798,0.4007248242022851,0.0,2021
Eastern Cape,Ward 21507006,EC157,5004,0.324740207833733,False,8.517992871586802,0.39566421962472265,0.0073846153846153844,2021
Eastern Cape,Ward 21507007,EC157,4893,0.5090946249744533,False,8.495560891289124,0.39039695056355916,0.010839020473705338,2021
Eastern Cape,Ward 21507008,EC157,5863,0.3145147535391437,False,8.676416696964216,0.3959563754617109,0.008676789587852495,2021
Eastern Cape,Ward 21507009,EC157,4871,0.3001437076575652,False,8.491054533806542,0.3963669767726132,0.012311901504787962,2021
Eastern Cape,Ward 21507010,EC157,4898,0.4183340138832176,False,8.496582237512113,0.39299011088045166,0.01268911664226452,2021
Eastern Cape,Ward 21507011,EC157,5175,0.3227053140096618,False,8.55159461813357,0.3957223594482675,0.010778443113772455,2021
Eastern Cape,Ward 21507012,EC157,5295,0.2496694995278564,False,8.574518258035507,0.39780909700489053,0.01588502269288956,2021
Eastern Cape,Ward 21507013,EC157,4761,0.4018063432052089,False,8.46821300919452,0.39346233004268044,0.01620491374803973,2021
Eastern Cape,Ward 21507014,EC157,5115,0.3442815249266862,False,8.539932678385727,0.3951058962792097,0.01249290176036343,2021
Eastern Cape,Ward 21507015,EC157,4760,0.4483193277310924,False,8.468002947225466,0.39213338762765526,0.017338331771321464,2021
Eastern Cape,Ward 21507016,EC157,5693,0.4180572633058141,False,8.646992628951082,0.39299801803980605,0.05378151260504202,2021
Eastern Cape,Ward 21507017,EC157,5196,0.4451501154734411,False,8.55564437779049,0.39222393654930243,0.020319930825767402,2021
Eastern Cape,Ward 21507018,EC157,6131,0.4421790898711466,False,8.721113147762688,0.39230882299508224,0.021394319439321283,2021
Eastern Cape,Ward 21507019,EC157,6203,0.4102853458004191,False,8.732788324973118,0.39322007282567445,0.02082514734774067,2021
Eastern Cape,Ward 21507020,EC157,5944,0.4308546433378196,False,8.690137586397595,0.39263237861032013,0.027723545490042953,2021
Eastern Cape,Ward 21507021,EC157,6463,0.4428284078601269,False,8.773848885262895,0.39229027105253994,0.02410901467505241,2021
Eastern Cape,Ward 21507022,EC157,4976,0.4786977491961415,False,8.512381634419015,0.39126543272865383,0.010495382031905962,2021
Eastern Cape,Ward 21507023,EC157,5986,0.5309054460407617,False,8.697178688412643,0.38977378424737896,0.019509125235997484,2021
Eastern Cape,Ward 21507024,EC157,6249,0.4579932789246279,False,8.740176729929082,0.3918569890221256,0.045422781271837874,2021
Eastern Cape,Ward 21507025,EC157,6227,0.3770676088003854,False,8.736649954872451,0.39416915102567546,0.09880749574105621,2021
Eastern Cape,Ward 21507026,EC157,5906,0.4612258719945817,False,8.683724062303869,0.39176462922012695,0.025330396475770924,2021
Eastern Cape,Ward 21507027,EC157,5691,0.420312774556317,False,8.646641258603124,0.3929335748612202,0.017558528428093644,2021
Eastern Cape,Ward 21507028,EC157,5924,0.4113774476704929,False,8.68676717538769,0.39318886991510094,0.01887566680344686,2021
Eastern Cape,Ward 21507029,EC157,6920,0.4501445086705202,False,8.842171048611716,0.3920812396008144,0.017335473515248796,2021
Eastern Cape,Ward 21507030,EC157,5613,0.2690183502583289,False,8.6328406149422,0.3972562726983056,0.019867549668874173,2021
Eastern Cape,Ward 21507031,EC157,5014,0.4521340247307538,False,8.519989278718239,0.3920243962848078,0.014556682840758712,2021
Eastern Cape,Ward 21507032,EC157,5475,0.4277625570776255,False,8.607947554684701,0.39272072393204,0.032450896669513236,2021
Eastern Cape,Ward 21507033,EC157,5451,0.4311135571454779,False,8.603554357064281,0.3926249810729585,0.01574468085106383,2021
Eastern Cape,Ward 21507034,EC157,5835,0.4233076263924593,False,8.671629544720656,0.3928480076659019,0.017813765182186234,2021
Eastern Cape,Ward 21507035,EC157,6216,0.3619691119691119,False,8.734881892047483,0.3946005366494261,0.018666666666666668,2021
Eastern Cape,Ward 21507036,EC157,4772,0.4344090528080469,False,8.470520783217808,0.39253082405402795,0.018330921369995177,2021
Eastern Cape,Ward 24401001,EC441,3493,0.4514743773260807,False,8.158516244806831,0.5233443278016089,0.04121750158528852,2021
Eastern Cape,Ward 24401002,EC441,4560,0.4052631578947368,False,8.425077902508432,0.5251927765788627,0.016774891774891776,2021
Eastern Cape,Ward 24401003,EC441,4122,0.5713245997088792,False,8.324093761450404,0.518550318906297,0.018683651804670912,2021
Eastern Cape,Ward 24401004,EC441,3740,0.5331550802139038,False,8.226840890408578,0.520077099686096,0.02958876629889669,2021
Eastern Cape,Ward 24401005,EC441,3129,0.5314797059763503,False,8.048468743668883,0.5201441146555981,0.027059530968129887,2021
Eastern Cape,Ward 24401006,EC441,3535,0.5151343705799152,False,8.170468578330674,0.5207979280714555,0.020318506315211423,2021
Eastern Cape,Ward 24401007,EC441,3174,0.5349716446124764,False,8.062747901086354,0.5200044371101531,0.034746760895170786,2021
Eastern Cape,Ward 24401008,EC441,3784,0.5036997885835095,False,8.238536930171769,0.5212553113513118,0.02098635886673662,2021
Eastern Cape,Ward 24401009,EC441,3220,0.4894409937888199,False,8.077136638538454,0.5218256631430993,0.018401015228426396,2021
Eastern Cape,Ward 24401010,EC441,4173,0.5662592858854542,False,8.336390480591552,0.518752931459234,0.02920016927634363,2021
Eastern Cape,Ward 24401011,EC441,4070,0.5343980343980343,False,8.311398278436641,0.5200273815187307,0.02620689655172414,2021
Eastern Cape,Ward 24401012,EC441,4423,0.5227221342979878,False,8.394573477868327,0.5204944175227326,0.019896193771626297,2021
Eastern Cape,Ward 24401013,EC441,3248,0.583743842364532,False,8.085794701281568,0.5180535492000709,0.029535864978902954,2021
Eastern Cape,Ward 24401014,EC441,3190,0.4824451410658307,False,8.06777619577889,0.5221054972520188,0.022092267706302793,2021
Eastern Cape,Ward 24401015,EC441,3624,0.4856512141280353,False,8.19533366716287,0.5219772543295307,0.03920454545454546,2021
Eastern Cape,Ward 24401016,EC441,3284,0.5289281364190013,False,8.096817470572319,0.520246177437892,0.02360391479562464,2021
Eastern Cape,Ward 24401017,EC441,3922,0.5351861295257522,False,8.274357006756292,0.5199958577136221,0.02096236303001429,2021
Eastern Cape,Ward 24401018,EC441,3229,0.5010839269123568,False,8.079927770758275,0.5213599458181579,0.022867737948084055,2021
Eastern Cape,Ward 24401019,EC441,3447,0.4046997389033943,False,8.145259566516865,0.5252153133385163,0.011469534050179211,2021
Eastern Cape,Ward 24401020,EC441,4336,0.4347324723247232,False,8.374707543119483,0.5240140040016632,0.020689655172413793,2021
Eastern Cape,Ward 24401021,EC441,3640,0.6115384615384616,False,8.199738960630786,0.5169417644331137,0.014375561545372867,2021
Eastern Cape,Ward 24401022,EC441,3271,0.5582390706206053,False,8.092851027538384,0.5190737400698279,0.027382256297918947,2021
Eastern Cape,Ward 24401023,EC441,3377,0.5436778205507847,False,8.124743020385568,0.5196561900726206,0.016339869281045753,2021
Eastern Cape,Ward 24401024,EC441,3281,0.560195062480951,False,8.0959035329611,0.5189955003954141,0.014145810663764961,2021
Eastern Cape,Ward 24401025,EC441,4228,0.5577105014191107,False,8.349484346990128,0.5190948828378876,0.022476675148430873,2021
Eastern Cape,Ward 24401026,EC441,3827,0.5879278808466162,False,8.249836485425702,0.5178861876607875,0.024,2021
Eastern Cape,Ward 24402001,EC442,3943,0.5521176768957646,False,8.279697133877628,0.4744045168993589,0.018833256775378962,2021
Eastern Cape,Ward 24402002,EC442,3559,0.5265524023602135,False,8.177234885510194,0.47538779668918785,0.016008537886873,2021
Eastern Cape,Ward 24402003,EC442,4128,0.4561531007751938,False,8.325548307161398,0.4780954621347655,0.025491237387148168,2021
Eastern Cape,Ward 24402004,EC442,3664,0.5169213973799127,False,8.20631072579402,0.47575821995766093,0.015311510031678986,2021
Eastern Cape,Ward 24402005,EC442,3880,0.5876288659793815,False,8.263590432617319,0.47303870193460446,0.011842105263157895,2021
Eastern Cape,Ward 24402006,EC442,3273,0.5377329666972197,False,8.09346227450118,0.47495777498391833,0.010227272727272727,2021
Eastern Cape,Ward 24402007,EC442,3525,0.4902127659574468,False,8.16763571524637,0.4767854750123712,0.026041666666666668,2021
Eastern Cape,Ward 24402008,EC442,3554,0.492121553179516,False,8.175829008714597,0.47671206011921463,0.022298456260720412,2021
Eastern Cape,Ward 24402009,EC442,3528,0.4642857142857143,False,8.168486417126681,0.4777826693074378,0.026251526251526252,2021
Eastern Cape,Ward 24402010,EC442,3635,0.4885832187070151,False,8.19836438996762,0.4768481499066185,0.029842342342342343,2021
Eastern Cape,Ward 24402011,EC442,3620,0.5441988950276243,False,8.194229304819817,0.4747090854327489,0.028934010152284265,2021
Eastern Cape,Ward 24402012,EC442,3211,0.4917471192774836,False,8.074337694089515,0.47672646142313896,0.021532615579480684,2021
Eastern Cape,Ward 24402013,EC442,3678,0.4864056552474171,False,8.210124405164267,0.4769319023473723,0.02738960313024036,2021
Eastern Cape,Ward 24402014,EC442,3963,0.4347716376482463,False,8.284756593190435,0.47891782610118655,0.011027278003482298,2021
Eastern Cape,Ward 24402015,EC442,3856,0.5033713692946058,False,8.257385655730436,0.4762793748840189,0.01184956208140134,2021
Eastern Cape,Ward 24402016,EC442,4280,0.3647196261682243,False,8.361708288575842,0.4816121342350336,0.02626521460602178,2021
Eastern Cape,Ward 24402017,EC442,4159,0.4063476797307045,False,8.33302993974291,0.4800110552518613,0.0242603550295858,2021
Eastern Cape,Ward 24402018,EC442,4525,0.2961325966850828,False,8.417372856134026,0.484250096907462,0.026865671641791045,2021
Eastern Cape,Ward 24402019,EC442,3812,0.4341552990556138,False,8.245909264774093,0.4789415314316724,0.013897280966767372,2021
Eastern Cape,Ward 24402020,EC442,4364,0.4459211732355637,False,8.381144346952961,0.47848899780936666,0.03134635149023638,2021
Eastern Cape,Ward 24402021,EC442,4105,0.4479902557856273,False,8.31996102188653,0.47840941771128725,0.014138118542686243,2021
Eastern Cape,Ward 24402022,EC442,3328,0.4591346153846153,False,8.1101268019411,0.4779807884959416,0.015706806282722512,2021
Eastern Cape,Ward 24402023,EC442,3789,0.5618896806545263,False,8.239857411018601,0.47402867060094506,0.014091122592766557,2021
Eastern Cape,Ward 24402024,EC442,3945,0.5039290240811153,False,8.280204233279974,0.47625792662299926,0.015090543259557344,2021
Eastern Cape,Ward 24402025,EC442,4209,0.3889284865763839,False,8.344980368770571,0.48068102421933506,0.00916310323762981,2021
Eastern Cape,Ward 24402026,EC442,3974,0.5430296930045294,False,8.287528423111763,0.47475405474132953,0.04541241890639481,2021
Eastern Cape,Ward 24402027,EC442,4042,0.4616526472043543,False,8.304494897963567,0.47788394111825927,0.022508038585209004,2021
Eastern Cape,Ward 24403001,EC443,4705,0.326673751328374,False,8.45638105201948,0.4743478838229887,0.014313597918022121,2021
Eastern Cape,Ward 24403002,EC443,3901,0.490387080235837,False,8.268988209506656,0.46889077285940656,0.01881860951385259,2021
Eastern Cape,Ward 24403003,EC443,3662,0.4904423812124522,False,8.205764725234456,0.4688889294935194,0.02060133630289532,2021
Eastern Cape,Ward 24403004,EC443,3915,0.5052362707535122,False,8.272570608424903,0.46839579984215074,0.015672396359959553,2021
Eastern Cape,Ward 24403005,EC443,3607,0.5225949542556141,False,8.19063168090354,0.4678171770587473,0.016445623342175066,2021
Eastern Cape,Ward 24403006,EC443,3689,0.4852263486039577,False,8.213110697596676,0.4690627972471359,0.016201117318435754,2021
Eastern Cape,Ward 24403007,EC443,3555,0.4379746835443038,False,8.176110342237342,0.47063785274912434,0.01798330122029544,2021
Eastern Cape,Ward 24403008,EC443,4677,0.5225571947829806,False,8.450412157725886,0.46781843570783516,0.01800327332242226,2021
Eastern Cape,Ward 24403009,EC443,4755,0.4647739221871714,False,8.46695197497949,0.46974454479436206,0.015384615384615385,2021
Eastern Cape,Ward 24403010,EC443,4521,0.4496792744967927,False,8.416488487294606,0.4702476997173747,0.02016724053123463,2021
Eastern Cape,Ward 24403011,EC443,4103,0.4762368998293931,False,8.319473692442186,0.46936244553962136,0.022006141248720572,2021
Eastern Cape,Ward 24403012,EC443,4243,0.4527456987980203,False,8.353025845202325,0.47014548557400043,0.02342529932326913,2021
Eastern Cape,Ward 24403013,EC443,4066,0.4240039350713231,False,8.310414994188292,0.4711035443648904,0.016821345707656612,2021
Eastern Cape,Ward 24403014,EC443,4292,0.5153774464119292,False,8.36450810375059,0.4680577606535368,0.0108499095840868,2021
Eastern Cape,Ward 24403015,EC443,4085,0.5292533659730723,False,8.315077007294104,0.4675952300014987,0.021739130434782608,2021
Eastern Cape,Ward 24403016,EC443,4320,0.4578703703703703,False,8.371010681238156,0.4699746631882554,0.01870576339737108,2021
Eastern Cape,Ward 24403017,EC443,3767,0.4568622245818954,False,8.23403420769204,0.47000826804787127,0.010459035444509006,2021
Eastern Cape,Ward 24403018,EC443,4407,0.4774222827320172,False,8.390949464841986,0.4693229327762005,0.01188212927756654,2021
Eastern Cape,Ward 24403019,EC443,4426,0.4552643470402169,False,8.395251520610994,0.4700615306325939,0.013895781637717122,2021
Eastern Cape,Ward 24403020,EC443,4103,0.4294418718011211,False,8.319473692442186,0.47092227980723045,0.0340522133938706,2021
Eastern Cape,Ward 24403021,EC443,3817,0.4954152475766308,False,8.247220052745229,0.46872316728138014,0.014806980433632998,2021
Eastern Cape,Ward 24403022,EC443,3969,0.4605694129503653,False,8.286269452783065,0.4698846951022556,0.007658643326039387,2021
Eastern Cape,Ward 24403023,EC443,4608,0.4524739583333333,False,8.435549202375727,0.47015454358949,0.016786570743405275,2021
Eastern Cape,Ward 24403024,EC443,4853,0.4034617762208943,False,8.487352349405215,0.471788282993238,0.012768130745658836,2021
Eastern Cape,Ward 24403025,EC443,4706,0.5822354441138972,False,8.456593569287309,0.4658291607301379,0.015328467153284672,2021
Eastern Cape,Ward 24403026,EC443,3939,0.5343995938055344,False,8.278682162970906,0.46742368907375,0.023752969121140142,2021
Eastern Cape,Ward 24403027,EC443,3953,0.5233999494055148,False,8.282230063296685,0.46779034388708396,0.025616239729337846,2021
Eastern Cape,Ward 24403028,EC443,4110,0.4673965936739659,False,8.32117830749028,0.46965712241146895,0.009370119729307652,2021
Eastern Cape,Ward 24403029,EC443,4077,0.4334069168506254,False,8.313116702819253,0.4707901116389136,0.01584606677985286,2021
Eastern Cape,Ward 24403030,EC443,4389,0.3757120072909546,False,8.386856689688234,0.4727132752909026,0.02607640994542147,2021
Eastern Cape,Ward 24403031,EC443,4289,0.4586150617859641,False,8.36380888451688,0.469949840141069,0.017793594306049824,2021
Eastern Cape,Ward 24404001,EC444,3351,0.5574455386451805,False,8.11701408773731,0.48139860635896087,0.02462526766595289,2021
Eastern Cape,Ward 24404002,EC444,3885,0.4651222651222651,False,8.264878262801748,0.48716881095414305,0.033757609297177645,2021
Eastern Cape,Ward 24404003,EC444,3173,0.5250551528521904,False,8.062432791583195,0.48342300547102274,0.043817527010804325,2021
Eastern Cape,Ward 24404004,EC444,4012,0.4798105682951146,False,8.297045149081827,0.48625079200584,0.023896103896103898,2021
Eastern Cape,Ward 24404005,EC444,3611,0.5054001661589588,False,8.191740021277457,0.48465144213934974,0.019178082191780823,2021
Eastern Cape,Ward 24404006,EC444,3130,0.5226837060702876,False,8.048788283534199,0.4835712208948917,0.021393643031784843,2021
Eastern Cape,Ward 24404007,EC444,3452,0.4747972190034762,False,8.146709052203319,0.48656412633656737,0.009151921903599756,2021
Eastern Cape,Ward 24404008,EC444,3624,0.4437086092715231,False,8.19533366716287,0.48850716444481446,0.030472636815920398,2021
Eastern Cape,Ward 24404009,EC444,2690,0.3591078066914498,False,7.897296472595885,0.49379471460606905,0.014492753623188406,2021
Eastern Cape,Ward 24404010,EC444,3831,0.4306969459671104,False,8.25088114470065,0.48932039340134026,0.017575757575757574,2021
Eastern Cape,Ward 24404011,EC444,3617,0.4885264030964888,False,8.193400231952097,0.4857060523307541,0.016411997736276173,2021
Eastern Cape,Ward 24404012,EC444,3624,0.4933774834437086,False,8.19533366716287,0.48540285980905284,0.021252796420581657,2021
Eastern Cape,Ward 24404013,EC444,3843,0.4405412438199323,False,8.254008590564844,0.48870512478553885,0.0070880094506792675,2021
Eastern Cape,Ward 24404014,EC444,3505,0.5018544935805992,False,8.16194579946869,0.4848730466754972,0.02160318362706083,2021
Eastern Cape,Ward 24404015,EC444,3522,0.498580352072686,False,8.166784289056151,0.48507768051974176,0.00968109339407745,2021
Eastern Cape,Ward 24404016,EC444,3195,0.6028169014084507,False,8.069342366811636,0.47856289618625647,0.037383177570093455,2021
Eastern Cape,Ward 24404017,EC444,3653,0.4702983848891322,False,8.203304026795282,0.4868453034687139,0.014551804423748545,2021
Eastern Cape,Ward 29300001,NMA,12638,0.4355910745371103,True,9.444463427333401,0.4517868606420449,0.007811080835603996,2021
Eastern Cape,Ward 29300002,NMA,9982,0.4879783610498898,True,9.208538750029554,0.4508989405316588,0.016013138985834532,2021
Eastern Cape,Ward 29300003,NMA,11467,0.58044824278364,True,9.347228624038305,0.4493316544005783,0.004356971153846154,2021
Eastern Cape,Ward 29300004,NMA,11127,0.3747640873550822,True,9.3171298661577,0.45281782652648606,0.017985611510791366,2021
Eastern Cape,Ward 29300005,NMA,9982,0.3575435784411941,True,9.208538750029554,0.45310969955892477,0.011487811711964136,2021
Eastern Cape,Ward 29300006,NMA,9950,0.6022110552763819,True,9.205327830152639,0.44896279317188775,0.0026702269692923898,2021
Eastern Cape,Ward 29300007,NMA,11121,0.5889758115277403,True,9.316590491818841,0.44918711933711897,0.0061068702290076335,2021
Eastern Cape,Ward 29300008,NMA,12046,0.5786153079860534,True,9.396487933603666,0.4493627210920628,0.0010043041606886656,2021
Eastern Cape,Ward 29300009,NMA,10647,0.6020475251244481,True,9.273033441314606,0.44896556486937816,0.00514820592823713,2021
Eastern Cape,Ward 29300010,NMA,9995,0.5496748374187094,True,9.209840246934501,0.44985323754235673,0.00691663633054241,2021
Eastern Cape,Ward 29300011,NMA,10659,0.459986865559621,True,9.274159884689137,0.4513733726586125,0.010197838058331634,2021
Eastern Cape,Ward 29300012,NMA,11221,0.5372961411638891,True,9.325542301664866,0.4500630459534554,0.0036490296898324765,2021
Eastern Cape,Ward 29300013,NMA,9627,0.4466604341954918,True,9.172326929777967,0.45159924437664856,0.012790697674418604,2021
Eastern Cape,Ward 29300014,NMA,9206,0.4248316315446448,True,9.127610724377186,0.45196922408259516,0.02914855535668627,2021
Eastern Cape,Ward 29300015,NMA,8139,0.4850718761518614,True,9.004422601327041,0.4509482029875576,0.007345491388044579,2021
Eastern Cape,Ward 29300016,NMA,7449,0.4430124848973016,True,8.915835074176277,0.45166107402577044,0.016363636363636365,2021
Eastern Cape,Ward 29300017,NMA,8599,0.509594138853355,True,9.059401196410896,0.4505325714163458,0.012779552715654952,2021
Eastern Cape,Ward 29300018,NMA,7825,0.4042172523961661,True,8.965079015408355,0.45231862033934905,0.057856465380967434,2021
Eastern Cape,Ward 29300019,NMA,8344,0.3892617449664429,True,9.029297996680608,0.452572103516124,0.005849753694581281,2021
Eastern Cape,Ward 29300020,NMA,8134,0.3882468650110646,True,9.00380808646717,0.4525893048712999,0.01044965167827739,2021
Eastern Cape,Ward 29300021,NMA,8845,0.4193329564725834,True,9.087607606593886,0.45206242196517243,0.010784578053383662,2021
Eastern Cape,Ward 29300022,NMA,7664,0.4375,True,8.944289319650697,0.45175450597318234,0.014613778705636743,2021
Eastern Cape,Ward 29300023,NMA,8096,0.400197628458498,True,8.999125391527247,0.45238674955863156,0.011419753086419753,2021
Eastern Cape,Ward 29300024,NMA,8476,0.4168239735724398,True,9.04499391938819,0.4521049470990732,0.014152278516841211,2021
Eastern Cape,Ward 29300025,NMA,9624,0.4205112219451372,True,9.172015257654515,0.4520424513639427,0.009389671361502348,2021
Eastern Cape,Ward 29300026,NMA,8410,0.390487514863258,True,9.037176752966994,0.45255132775516105,0.01705237515225335,2021
Eastern Cape,Ward 29300027,NMA,7724,0.3957793889176592,True,8.952087643548404,0.4524616349745779,0.012103369316323193,2021
Eastern Cape,Ward 29300028,NMA,8686,0.42746949113516,True,9.069467813094768,0.45192451459801014,0.012658227848101266,2021
Eastern Cape,Ward 29300029,NMA,10876,0.3698050753953659,True,9.294313805752362,0.45290187757665074,0.02187966185977126,2021
Eastern Cape,Ward 29300030,NMA,8830,0.4090600226500566,True,9.085910293598007,0.4522365394875882,0.006644518272425249,2021
Eastern Cape,Ward 29300031,NMA,10869,0.4768607967614316,True,9.293669979563187,0.4510873738246835,0.01639976847385684,2021
Eastern Cape,Ward 29300032,NMA,11001,0.4855922188891919,True,9.305741456739435,0.4509393836191282,0.013290902283788843,2021
Eastern Cape,Ward 29300033,NMA,10502,0.4236335936012188,True,9.259320994197804,0.4519895298104498,0.009665093279388626,2021
Eastern Cape,Ward 29300034,NMA,10961,0.4801569199890521,True,9.302098797215724,0.4510315073293001,0.021280638419152575,2021
Eastern Cape,Ward 29300035,NMA,10905,0.461164603392939,True,9.29697667863573,0.4513534110004207,0.01332272817657586,2021
Eastern Cape,Ward 29300036,NMA,8853,0.4040438269513159,True,9.08851166361105,0.4523215597536685,0.013139502376292984,2021
Eastern Cape,Ward 29300037,NMA,11157,0.4327328134803263,True,9.31982238259318,0.45183530574470226,0.01284175642087821,2021
Eastern Cape,Ward 29300038,NMA,10456,0.3976664116296863,True,9.254931255304058,0.4524296515387809,0.011784511784511785,2021
Eastern Cape,Ward 29300039,NMA,10960,0.5749087591240876,True,9.302007560502007,0.44942554395413,0.004919853991429932,2021
Eastern Cape,Ward 29300040,NMA,12069,0.5403098848289005,True,9.398395460617898,0.4500119655523535,0.011194602054899555,2021
Eastern Cape,Ward 29300041,NMA,10599,0.4716482687045947,True,9.268514936027255,0.45117572175785026,0.010002000400080016,2021
Eastern Cape,Ward 29300042,NMA,7552,0.4141949152542373,True,8.929567707825337,0.4521495074095512,0.012468030690537084,2021
Eastern Cape,Ward 29300043,NMA,9076,0.4492066989863376,True,9.113388845899733,0.45155608734629527,0.018641157714005395,2021
Eastern Cape,Ward 29300044,NMA,8285,0.4273989136994569,True,9.022201929860664,0.45192571082573396,0.020333239197966677,2021
Eastern Cape,Ward 29300045,NMA,9586,0.4054871687878155,True,9.168058979719577,0.4522970963327109,0.024697710316439414,2021
Eastern Cape,Ward 29300046,NMA,9168,0.4345549738219895,True,9.12347443895452,0.45180442167111473,0.015562248995983935,2021
Eastern Cape,Ward 29300047,NMA,8332,0.4297887662025924,True,9.027858802380862,0.4518852048511045,0.013404077073443172,2021
Eastern Cape,Ward 29300048,NMA,7847,0.3765770358098636,True,8.967886572127473,0.4527870985865745,0.014213197969543147,2021
Eastern Cape,Ward 29300049,NMA,9112,0.4390913081650571,True,9.117347505127018,0.45172753464835086,0.007748062984253936,2021
Eastern Cape,Ward 29300050,NMA,9752,0.3778712059064807,True,9.185227671161108,0.45276516350019114,0.040976933514246944,2021
Eastern Cape,Ward 29300051,NMA,11358,0.5101250220109174,True,9.337677620437377,0.4505235733967261,0.005695547117707974,2021
Eastern Cape,Ward 29300052,NMA,11032,0.5832124728063814,True,9.308555419473137,0.44928480304426066,0.009947155735156978,2021
Eastern Cape,Ward 29300053,NMA,10360,0.4314671814671815,True,9.245707515813473,0.45185675713475554,0.009172259507829978,2021
Eastern Cape,Ward 29300054,NMA,11917,0.4434840983468994,True,9.385721231090805,0.45165308057747217,0.009649952696310313,2021
Eastern Cape,Ward 29300055,NMA,8810,0.4162315550510783,True,9.083642718930225,0.4521149880909607,0.016089446413962368,2021
Eastern Cape,Ward 29300056,NMA,8657,0.3941319163682569,True,9.066123521215774,0.45248955823812714,0.008499413833528723,2021
Eastern Cape,Ward 29300057,NMA,8590,0.4167636786961583,True,9.0583540149783,0.4521059690461288,0.018715083798882683,2021
Eastern Cape,Ward 29300058,NMA,8964,0.4129852744310575,True,9.100971834920818,0.4521700097963847,0.006212857914640735,2021
Eastern Cape,Ward 29300059,NMA,8587,0.401886572726214,True,9.058004710672485,0.45235812338460246,0.007534048101999421,2021
Eastern Cape,Ward 29300060,NMA,12564,0.4448424068767908,True,9.438590860658538,0.45163005839899945,0.033816425120772944,2021
Free State,Ward 41601001,FS161,2371,0.4504428511176718,False,7.771067086065406,0.5031767117559635,0.015917602996254682,2021
Free State,Ward 41601002,FS161,3006,0.5182967398536261,False,8.00836557031292,0.4896059340087725,0.04749679075738126,2021
Free State,Ward 41601003,FS161,2843,0.5149489975378122,False,7.952615111651,0.4902754824719353,0.0273224043715847,2021
Free State,Ward 41601004,FS161,3244,0.4901356350184956,False,8.084562415235304,0.49523815497579865,0.018867924528301886,2021
Free State,Ward 41601005,FS161,2964,0.48582995951417,False,7.994294986415977,0.49609929007666376,0.007638888888888889,2021
Free State,Ward 41601006,FS161,2398,0.5066722268557131,False,7.7823903355874595,0.4919308366083552,0.011522633744855968,2021
Free State,Ward 41602001,FS162,2888,0.4300554016620498,False,7.968319500012717,0.49706756328979695,0.028985507246376812,2021
Free State,Ward 41602002,FS162,2899,0.4991376336667816,False,7.972121128921655,0.4871986730034067,0.019350380096751902,2021
Free State,Ward 41602003,FS162,3619,0.4918485769549599,False,8.193953023563742,0.4882399668193812,0.02696629213483146,2021
Free State,Ward 41602004,FS162,2529,0.5061289047054172,False,7.835579246669965,0.4861999199978873,0.01796875,2021
Free State,Ward 41602005,FS162,2395,0.5177453027139874,False,7.781138509845015,0.4845404345680916,0.014516129032258065,2021
Free State,Ward 41602006,FS162,2995,0.47779632721202,False,8.00469951054955,0.49024743106837265,0.02585604472396925,2021
Free State,Ward 41602007,FS162,2379,0.4888608659100462,False,7.774435510302958,0.48866678268294034,0.02063628546861565,2021
Free State,Ward 41602008,FS162,3179,0.4979553318653664,False,8.064321960910803,0.4873675732607517,0.01831964624131396,2021
Free State,Ward 41603001,FS163,3281,0.4148125571472112,False,8.0959035329611,0.5226689005712547,0.03379867744305658,2021
Free State,Ward 41603002,FS163,1277,0.5019577133907596,False,7.152268856032539,0.505239869322545,0.0234009360374415,2021
Free State,Ward 41603003,FS163,2399,0.4118382659441434,False,7.782807262839695,0.5232637588118683,0.009109311740890687,2021
Free State,Ward 41603004,FS163,2968,0.6438679245283019,False,7.995643604287271,0.4768578270950366,0.032443746729461015,2021
Free State,Ward 41603005,FS163,2382,0.4878253568429891,False,7.775695749915245,0.5080663406320992,0.01549053356282272,2021
Free State,Ward 41603006,FS163,3758,0.5678552421500799,False,8.231642179973411,0.49206036357068106,0.013120899718837863,2021
Free State,Ward 41801001,FS181,2959,0.4866508955728286,False,7.99260665240021,0.4464091633042426,0.016666666666666666,2021
Free State,Ward 41801002,FS181,2418,0.4466501240694789,False,7.790696031174738,0.4508536934712814,0.03425925925925926,2021
Free State,Ward 41801003,FS181,2097,0.4706723891273247,False,7.64826303090192,0.44818455290929854,0.029381965552178316,2021
Free State,Ward 41801004,FS181,3217,0.5355921666148585,False,8.076204527239026,0.4409712442995726,0.013929193267556587,2021
Free State,Ward 41801005,FS181,3560,0.3786516853932584,False,8.177515823846075,0.458409075546417,0.008160237388724036,2021
Free State,Ward 41801006,FS181,3824,0.3765690376569037,False,8.249052274171293,0.4586404808504565,0.020833333333333332,2021
Free State,Ward 41801007,FS181,2650,0.4422641509433962,False,7.882314918980268,0.45134102381862395,0.024744027303754267,2021
Free State,Ward 41801008,FS181,2945,0.4577249575551783,False,7.987864096085687,0.4496231564173148,0.02225519287833828,2021
Free State,Ward 41801009,FS181,3053,0.4615132656403538,False,8.023879992734878,0.4492022332967398,0.0525195173882186,2021
Free State,Ward 41801010,FS181,2685,0.4480446927374302,False,7.895436006942965,0.45069874139706456,0.030756442227763924,2021
Free State,Ward 41802001,FS182,2420,0.6479338842975206,False,7.791522819150732,0.5756567342541876,0.023596938775510203,2021
Free State,Ward 41802002,FS182,1781,0.5929253228523301,False,7.484930283289661,0.5939929214025844,0.02556818181818182,2021
Free State,Ward 41802003,FS182,1586,0.6141235813366961,False,7.368970402194793,0.5869268352411291,0.039014373716632446,2021
Free State,Ward 41802004,FS182,2033,0.5199212985735366,False,7.617267813628347,0.6183275961621822,0.014191106906338695,2021
Free State,Ward 41803001,FS183,3358,0.4219773674806432,False,8.119100837637486,0.46818552573854355,0.022582921665490474,2021
Free State,Ward 41803002,FS183,3270,0.4247706422018348,False,8.0925452638913,0.467786486492659,0.03311735061195104,2021
Free State,Ward 41803003,FS183,2591,0.4187572365881898,False,7.85979918056211,0.4686455444374655,0.011059907834101382,2021
Free State,Ward 41803004,FS183,3142,0.5248249522597072,False,8.052614818815567,0.4534930136272487,0.02971497877501516,2021
Free State,Ward 41803005,FS183,2298,0.4682332463011314,False,7.739794458408701,0.46157754304990245,0.017657992565055763,2021
Free State,Ward 41803006,FS183,3354,0.4764460345855694,False,8.117908942383155,0.460404287580697,0.05131414267834793,2021
Free State,Ward 41803007,FS183,2620,0.4748091603053435,False,7.8709295967551425,0.46063812676358634,0.012861736334405145,2021
Free State,Ward 41803008,FS183,3557,0.4894574079280292,False,8.176672771948455,0.45854551996034554,0.022400919012062034,2021
Free State,Ward 41804001,FS184,6304,0.4287753807106599,False,8.748939631537715,0.4398636795699902,0.04587495375508694,2021
Free State,Ward 41804002,FS184,5845,0.4314798973481608,False,8.67334187390617,0.4397864076660616,0.011102299762093577,2021
Free State,Ward 41804003,FS184,6923,0.5793731041456016,False,8.842604480678025,0.435560887471849,0.014958863126402393,2021
Free State,Ward 41804004,FS184,5469,0.5145364783324191,False,8.606851063346772,0.4374133624950828,0.016702203269367447,2021
Free State,Ward 41804005,FS184,4120,0.4446601941747573,False,8.323608442343572,0.43940982775673026,0.012554585152838428,2021
Free State,Ward 41804006,FS184,5355,0.4435107376283846,False,8.585785982881848,0.4394426693723409,0.027789473684210527,2021
Free State,Ward 41804007,FS184,5717,0.4397411229665908,False,8.651199471263972,0.43955037264839214,0.026252983293556086,2021
Free State,Ward 41804008,FS184,4833,0.45747982619491,False,8.483222671845084,0.43904355255615446,0.006331976481230212,2021
Free State,Ward 41804009,FS184,6046,0.4598081376116441,False,8.707152175339404,0.43897702937281924,0.006474820143884892,2021
Free State,Ward 41804010,FS184,5604,0.4373661670235546,False,8.631235907456897,0.4396182285324789,0.015503875968992248,2021
Free State,Ward 41804011,FS184,6582,0.4922515952597994,False,8.792093929503284,0.43805007344001473,0.013271604938271606,2021
Free State,Ward 41804012,FS184,4604,0.4161598609904431,False,8.434680769841773,0.4402241229905678,0.01722338204592902,2021
Free State,Ward 41804013,FS184,5720,0.4111888111888112,False,8.651724084373843,0.4403661529849001,0.016156462585034014,2021
Free State,Ward 41804014,FS184,5745,0.4457789382071366,False,8.656085190282855,0.43937786364151943,0.006638032018742679,2021
Free State,Ward 41804015,FS184,4521,0.3735899137358991,False,8.416488487294606,0.4414404071978405,0.021906453522794554,2021
Free State,Ward 41804016,FS184,6614,0.4080737828847898,False,8.796943893541737,0.44045515379358646,0.016302334197851057,2021
Free State,Ward 41804017,FS184,5705,0.5661700262927257,False,8.649098262296176,0.43593811826764545,0.008359133126934985,2021
Free State,Ward 41804018,FS184,5628,0.4170220326936745,False,8.63550941823428,0.4401994895133326,0.017043033659991477,2021
Free State,Ward 41804019,FS184,6056,0.4040620871862616,False,8.708804795117285,0.4405697736706873,0.019207192480588477,2021
Free State,Ward 41804020,FS184,4671,0.3960608006850781,False,8.449128460502108,0.4407983818564354,0.0075675675675675675,2021
Free State,Ward 41804021,FS184,5558,0.4285714285714285,False,8.62299361030245,0.4398695067739682,0.033585222502099076,2021
Free State,Ward 41804022,FS184,5300,0.3671698113207547,False,8.575462099540212,0.44162383869541605,0.013874614594039054,2021
Free State,Ward 41804023,FS184,5969,0.4104540123973865,False,8.69433468816865,0.44038714723608374,0.0236734693877551,2021
Free State,Ward 41804024,FS184,4561,0.2788862091646569,False,8.4252971767117,0.4441462273284474,0.013364779874213837,2021
Free State,Ward 41804025,FS184,7437,0.4860830980233965,False,8.9142228207033,0.4382263162181977,0.011341632088520055,2021
Free State,Ward 41804026,FS184,4573,0.4100153072381369,False,8.427924723658055,0.4403996816692051,0.021866666666666666,2021
Free State,Ward 41804027,FS184,5731,0.5027045890769499,False,8.653645314551737,0.43775141647381044,0.006594932315168344,2021
Free State,Ward 41804028,FS184,3837,0.4010946051602814,False,8.252446090246952,0.44065455887142957,0.00649772579597141,2021
Free State,Ward 41804029,FS184,4474,0.4061242735806884,False,8.406038142050075,0.4405108540594179,0.006604292790313704,2021
Free State,Ward 41804030,FS184,4354,0.3162609095084979,False,8.378850241794492,0.4430783787471948,0.007988380537400145,2021
Free State,Ward 41804031,FS184,4675,0.3908021390374331,False,8.449984441722787,0.4409486293320824,0.016420361247947456,2021
Free State,Ward 41804032,FS184,6067,0.4695895829899456,False,8.710619527942297,0.4386975595048677,0.006669006669006669,2021
Free State,Ward 41804033,FS184,5665,0.4859664607237423,False,8.642062173462106,0.4382296487124735,0.00472212132219397,2021
Free State,Ward 41804034,FS184,6319,0.5511948093052699,False,8.751316246773456,0.43636598161014417,0.008326155612977318,2021
Free State,Ward 41804035,FS184,6005,0.4814321398834305,False,8.700347734514084,0.43835920073648244,0.004842615012106538,2021
Free State,Ward 41804036,FS184,5266,0.4705658944170148,False,8.569026340056254,0.4386696648926658,0.005649717514124294,2021
Free State,Ward 41805001,FS185,3133,0.4005745292052346,False,8.049746290952191,0.4676207495909345,0.012749003984063745,2021
Free State,Ward 41805002,FS185,3433,0.5758811535100495,False,8.141189793457691,0.45168378374504226,0.013151239251390997,2021
Free State,Ward 41805003,FS185,3036,0.4924242424242424,False,8.01829613851552,0.45927077566193386,0.015384615384615385,2021
Free State,Ward 41805004,FS185,2941,0.398503910234614,False,7.9865049385539955,0.46780898767917284,0.027303754266211604,2021
Free State,Ward 41805005,FS185,3060,0.5042483660130719,False,8.026170194946426,0.45819585533567664,0.03629293583927414,2021
Free State,Ward 41805006,FS185,3015,0.4971807628524046,False,8.011355109161286,0.4588383647139191,0.01200800533689126,2021
Free State,Ward 41805007,FS185,2550,0.532156862745098,False,7.843848638152472,0.45565871926912876,0.01105379513633014,2021
Free State,Ward 41805008,FS185,2753,0.4318924809298947,False,7.920446505142607,0.46477366307051093,0.012615643397813289,2021
Free State,Ward 41805009,FS185,3729,0.4314829713059802,False,8.22389538017882,0.46481089121813945,0.009322560596643879,2021
Free State,Ward 41805010,FS185,2361,0.313426514188903,False,7.766840537085513,0.47554329641060106,0.021621621621621623,2021
Free State,Ward 41805011,FS185,3405,0.419676945668135,False,8.133000218583613,0.46588416627612544,0.013296011196641007,2021
Free State,Ward 41805012,FS185,4547,0.5469540356278865,False,8.42222295382501,0.4543135217343298,0.012866907921190189,2021
Free State,Ward 41901001,FS191,3640,0.4447802197802197,False,8.199738960630786,0.4471250070346826,0.013588634959851761,2021
Free State,Ward 41901002,FS191,2683,0.4345881475959746,False,7.894690850425624,0.44776201154619794,0.016295025728987993,2021
Free State,Ward 41901003,FS191,2778,0.4373650107991361,False,7.9294865233142895,0.4475884575960003,0.022222222222222223,2021
Free State,Ward 41901004,FS191,3205,0.58003120124805,False,8.07246736935477,0.4386718206929432,0.03066164604626143,2021
Free State,Ward 41901005,FS191,3003,0.3906093906093906,False,8.00736706798333,0.4505106838578594,0.041773231031543054,2021
Free State,Ward 41901006,FS191,4511,0.5287076036355576,False,8.414274137408396,0.441879545543724,0.020964360587002098,2021
Free State,Ward 41901007,FS191,2651,0.5190494153149755,False,7.8826922062890254,0.4424831823137604,0.0188953488372093,2021
Free State,Ward 41901008,FS191,3344,0.50627990430622,False,8.114922974204593,0.44328127675180756,0.029533372711163616,2021
Free State,Ward 41901009,FS191,3214,0.492221530802738,False,8.075271546297458,0.4441599250957752,0.01580278128950695,2021
Free State,Ward 41901010,FS191,3793,0.3698919061428948,False,8.2409125416889,0.4518055266370154,0.0135424091233072,2021
Free State,Ward 41901011,FS191,2784,0.461566091954023,False,7.931644021454311,0.44607589002381987,0.031906614785992216,2021
Free State,Ward 41901012,FS191,2959,0.4420412301453194,False,7.99260665240021,0.44729619388686387,0.008409785932721712,2021
Free State,Ward 41901013,FS191,3908,0.4083930399181167,False,8.270781013162674,0.449399205776064,0.03132832080200501,2021
Free State,Ward 41901014,FS191,3132,0.3840996168582375,False,8.049427057110695,0.4509175447173065,0.013300083125519535,2021
Free State,Ward 41901015,FS191,3678,0.4970092441544317,False,8.210124405164267,0.4438606930112943,0.018052516411378557,2021
Free State,Ward 41901016,FS191,3549,0.3674274443505212,False,8.174421152646497,0.45195955549903877,0.016104294478527608,2021
Free State,Ward 41901017,FS191,2886,0.3347193347193347,False,7.9676267393338165,0.4540038123509879,0.013457556935817806,2021
Free State,Ward 41902001,FS192,2981,0.4270379067427038,False,8.000014093678072,0.49579008152983906,0.014925373134328358,2021
Free State,Ward 41902002,FS192,2932,0.4082537517053206,False,7.983440063006542,0.49677872126864875,0.010025062656641603,2021
Free State,Ward 41902003,FS192,4205,0.5717003567181926,False,8.344029572407049,0.4881762683732344,0.012063227953410981,2021
Free State,Ward 41902004,FS192,3511,0.4263742523497579,False,8.163656176168432,0.49582501070841517,0.013360053440213761,2021
Free State,Ward 41902005,FS192,2997,0.3983983983983984,False,8.005367067316664,0.4972974240742762,0.02763819095477387,2021
Free State,Ward 41902006,FS192,3789,0.4639746634996041,False,8.239857411018601,0.49384604170052854,0.016496018202502846,2021
Free State,Ward 41902007,FS192,3536,0.458710407239819,False,8.170751423757535,0.4941231078194646,0.013563501849568433,2021
Free State,Ward 41902008,FS192,3696,0.4396645021645021,False,8.215006432761575,0.4951255238760602,0.014769230769230769,2021
Free State,Ward 41902009,FS192,3012,0.5056440903054449,False,8.010359588919783,0.4916529139739053,0.016414970453053186,2021
Free State,Ward 41902010,FS192,3565,0.6673211781206171,False,8.178919332848396,0.4831435935625805,0.009667927700714587,2021
Free State,Ward 41902011,FS192,3517,0.5135058288313904,False,8.165363632473982,0.4912391382620135,0.028792912513842746,2021
Free State,Ward 41902012,FS192,3717,0.4635458703255313,False,8.220672170297252,0.4938686097623219,0.016831108531630876,2021
Free State,Ward 41902013,FS192,2874,0.4791231732776618,False,7.96346006663897,0.4930487517122097,0.0878721859114016,2021
Free State,Ward 41902014,FS192,3843,0.4506895654436638,False,8.254008590564844,0.4945452573876833,0.015011547344110854,2021
Free State,Ward 41902015,FS192,4104,0.5955165692007798,False,8.319717386850606,0.4869227835057299,0.014729950900163666,2021
Free State,Ward 41902016,FS192,4100,0.4521951219512195,False,8.318742252692399,0.4944660175714961,0.030204962243797196,2021
Free State,Ward 41902017,FS192,3781,0.5482676540597725,False,8.237743803890933,0.48940956851315126,0.03135552339604438,2021
Free State,Ward 41902018,FS192,3688,0.5138286334056399,False,8.212839584676484,0.49122214854757934,0.01108179419525066,2021
Free State,Ward 41902019,FS192,4243,0.4918689606410558,False,8.353025845202325,0.4923779207983468,0.021082894106372783,2021
Free State,Ward 41902020,FS192,4207,0.5714285714285714,False,8.344505083590521,0.48819057286216183,0.02038269550748752,2021
Free State,Ward 41903001,FS193,3422,0.4523670368205728,False,8.137980454452139,0.4679675067074578,0.01937984496124031,2021
Free State,Ward 41903002,FS193,3523,0.4439398240136247,False,8.167068178341237,0.4690209083083263,0.021099744245524295,2021
Free State,Ward 41903003,FS193,3246,0.5129390018484289,False,8.085178748074537,0.4603960110789758,0.023423423423423424,2021
Free State,Ward 41903004,FS193,3219,0.5464429947188568,False,8.076826031298808,0.4562080119701723,0.02046617396247868,2021
Free State,Ward 41903005,FS193,2853,0.4738871363477042,False,7.9561263512135,0.4652774942665664,0.02514792899408284,2021
Free State,Ward 41903006,FS193,3357,0.5490020851951147,False,8.118802996980035,0.4558881256606401,0.008681497558328812,2021
Free State,Ward 41903007,FS193,2532,0.4142969984202211,False,7.836764783264067,0.4727262615075018,0.016205910390848427,2021
Free State,Ward 41903008,FS193,2538,0.4058313632781717,False,7.839131648274333,0.47378446590025797,0.021359223300970873,2021
Free State,Ward 41903009,FS193,4001,0.3974006498375406,False,8.294299608857235,0.47483830508033686,0.025157232704402517,2021
Free State,Ward 41904001,FS194,6227,0.462662598361972,False,8.736649954872451,0.46391739649703784,0.023602915654286707,2021
Free State,Ward 41904002,FS194,5443,0.3942678669851185,False,8.6020856584342,0.46592900624341593,0.015843429636533086,2021
Free State,Ward 41904003,FS194,5636,0.4817246273953158,False,8.636929873018572,0.46335674858429243,0.01841620626151013,2021
Free State,Ward 41904004,FS194,5102,0.4108192865542924,False,8.537387898701757,0.465442199785499,0.02433206106870229,2021
Free State,Ward 41904005,FS194,5354,0.4964512514008218,False,8.585599224080298,0.4629236125841305,0.01655379984951091,2021
Free State,Ward 41904006,FS194,5420,0.4771217712177121,False,8.597851094433691,0.4634921267071631,0.016241299303944315,2021
Free State,Ward 41904007,FS194,4431,0.5062062739787858,False,8.39638057119949,0.46263670015536684,0.02229157378510923,2021
Free State,Ward 41904008,FS194,3947,0.4682036990119078,False,8.280711075662847,0.4637544229485103,0.017316017316017316,2021
Free State,Ward 41904009,FS194,4293,0.4805497321220591,False,8.36474106822456,0.46339130432762354,0.02714493456131847,2021
Free State,Ward 41904010,FS194,4754,0.494741270509045,False,8.46674164792014,0.46297390613977096,0.023809523809523808,2021
Free State,Ward 41904011,FS194,4572,0.4448818897637795,False,8.427706024914702,0.4644403585146317,0.015732546705998034,2021
Free State,Ward 41904012,FS194,5112,0.4857198748043818,False,8.53934599605737,0.4632392413075552,0.015304067660088603,2021
Free State,Ward 41904013,FS194,4401,0.4510338559418314,False,8.38958706681109,0.46425941833292433,0.02468513853904282,2021
Free State,Ward 41904014,FS194,4411,0.4291543867603718,False,8.39185670010494,0.46490293213237904,0.02271526677231907,2021
Free State,Ward 41904015,FS194,4408,0.4392014519056261,False,8.391176350832751,0.4646074302163421,0.01962809917355372,2021
Free State,Ward 41904016,FS194,4961,0.4478935698447893,False,8.509362612301048,0.4643517796887197,0.01665166516651665,2021
Free State,Ward 41904017,FS194,5312,0.4132153614457831,False,8.57772369115627,0.4653717269945728,0.023234624145785875,2021
Free State,Ward 41904018,FS194,5475,0.5501369863013699,False,8.607947554684701,0.4613446203811732,0.02656042496679947,2021
Free State,Ward 41904019,FS194,4901,0.5464190981432361,False,8.497194544909547,0.461453970032883,0.024271844660194174,2021
Free State,Ward 41904020,FS194,4200,0.449047619047619,False,8.34283980427146,0.46431783706510704,0.02704135737009544,2021
Free State,Ward 41904021,FS194,4290,0.6836829836829836,False,8.364042011922063,0.4574167969287728,0.018752130923968633,2021
Free State,Ward 41904022,FS194,5357,0.4730259473585962,False,8.58615939588096,0.46361259211478417,0.012628255722178374,2021
Free State,Ward 41904023,FS194,4953,0.479911164950535,False,8.507748732588238,0.4634100857150213,0.016407236011779555,2021
Free State,Ward 41904024,FS194,5617,0.4345736158091507,False,8.633552992532433,0.46474354304270904,0.017206063088897994,2021
Free State,Ward 41904025,FS194,4761,0.4438143247216971,False,8.46821300919452,0.4644717574864577,0.01419782300047326,2021
Free State,Ward 41904026,FS194,4702,0.4683113568694173,False,8.455743229100015,0.4637512565409365,0.024069028156221618,2021
Free State,Ward 41904027,FS194,5186,0.4431160817585808,False,8.55371796609861,0.46449229404419645,0.01610095735422106,2021
Free State,Ward 41904028,FS194,5552,0.4243515850144092,False,8.62191350218664,0.46504419100726024,0.013582342954159592,2021
Free State,Ward 41904029,FS194,5013,0.3847995212447636,False,8.519789817263504,0.46620748700048514,0.022291342664593053,2021
Free State,Ward 41904030,FS194,5821,0.4662429135887304,False,8.669227347271736,0.4638120931080155,0.02763448784082535,2021
Free State,Ward 41904031,FS194,5414,0.5127447358699667,False,8.596743470174246,0.46244439245268504,0.01585014409221902,2021
Free State,Ward 41904032,FS194,5269,0.4556841905484912,False,8.569595870209286,0.46412264378566964,0.013744273219491879,2021
Free State,Ward 41904033,FS194,4613,0.3986559722523303,False,8.43663368355782,0.465799944323792,0.02773246329526917,2021
Free State,Ward 41904034,FS194,6082,0.401677079907925,False,8.71308886823731,0.4657110882162745,0.009005321326238231,2021
Free State,Ward 41904035,FS194,4993,0.435810134187863,False,8.51579221050061,0.4647071748550999,0.02068014705882353,2021
Free State,Ward 41905001,FS195,2845,0.5451669595782074,False,7.953318346560431,0.450689953500068,0.017408123791102514,2021
Free State,Ward 41905002,FS195,3406,0.4386376981796829,False,8.133293861222633,0.465908419414143,0.04216867469879518,2021
Free State,Ward 41905003,FS195,2461,0.4550995530272247,False,7.8083230503910555,0.4635567258644942,0.02142857142857143,2021
Free State,Ward 41905004,FS195,4071,0.4116924588553181,False,8.31164394850298,0.46975773931762366,0.027446300715990454,2021
Free State,Ward 41905005,FS195,2666,0.4403600900225056,False,7.888334500738654,0.4656623634365969,0.034071550255536626,2021
Free State,Ward 41905006,FS195,2820,0.4301418439716312,False,7.944492163932159,0.4671221128724361,0.02720527617477329,2021
Free State,Ward 41905007,FS195,3194,0.4342517219787101,False,8.069029328774958,0.46653498744285343,0.03677000720980533,2021
Free State,Ward 41905008,FS195,2587,0.544646308465404,False,7.8582541821860294,0.4507643322304685,0.031227821149751596,2021
Free State,Ward 41906001,FS196,3614,0.4656889872717211,False,8.192570471152173,0.4500835830359285,0.026737967914438502,2021
Free State,Ward 41906002,FS196,3199,0.5270396999062207,False,8.070593539949519,0.442414743956616,0.004744958481613286,2021
Free State,Ward 41906003,FS196,2521,0.3665212217374058,False,7.83241092718792,0.4624795537277179,0.005411255411255411,2021
Free State,Ward 41906004,FS196,3420,0.4350877192982456,False,8.13739583005665,0.4539087415326129,0.015456989247311828,2021
Free State,Ward 41906005,FS196,2530,0.4035573122529644,False,7.835974581721566,0.45785004241327304,0.019588638589618023,2021
Free State,Ward 41906006,FS196,2998,0.3819212808539026,False,8.005700678662542,0.4605545463381558,0.028820960698689956,2021
Free State,Ward 41906007,FS196,3937,0.4696469392938786,False,8.278174290943738,0.44958883903315877,0.008112493239588967,2021
Free State,Ward 41906008,FS196,2745,0.5387978142076503,False,7.917536353943631,0.4409449796689373,0.014198782961460446,2021
Free State,Ward 41906009,FS196,2648,0.4780966767371601,False,7.881559917056899,0.4485326218527486,0.011848341232227487,2021
Free State,Ward 42001001,FS201,3088,0.4417098445595855,False,8.035278911144667,0.4203549792017674,0.018328445747800588,2021
Free State,Ward 42001002,FS201,3485,0.4760401721664275,False,8.156223323194624,0.4187202016966797,0.028933092224231464,2021
Free State,Ward 42001003,FS201,3632,0.503579295154185,False,8.197538739721184,0.41740881488773884,0.0032804811372334607,2021
Free State,Ward 42001004,FS201,3222,0.4140285536933581,False,8.07775756373692,0.42167313590968303,0.03823088455772114,2021
Free State,Ward 42001005,FS201,3663,0.4589134589134589,False,8.206037762778815,0.4195357594706306,0.022010707911957167,2021
Free State,Ward 42001006,FS201,3759,0.3865389731311519,False,8.231908243564177,0.42298216355550233,0.02477632484514797,2021
Free State,Ward 42001007,FS201,4006,0.3866699950074888,False,8.295548516225763,0.42297592441853393,0.020012911555842477,2021
Free State,Ward 42001008,FS201,2810,0.4359430604982206,False,7.940939762327791,0.4206295879665943,0.013061224489795919,2021
Free State,Ward 42001009,FS201,2934,0.4342194955691888,False,7.984121958702927,0.42071166248702446,0.03139717425431711,2021
Free State,Ward 42001010,FS201,3854,0.3175921120913337,False,8.256866848974312,0.42626534741454136,0.018790849673202614,2021
Free State,Ward 42001011,FS201,3049,0.3417513938996392,False,8.022568946988255,0.42511490542366964,0.009596928982725527,2021
Free State,Ward 42001012,FS201,3098,0.4357650096836669,False,8.038512020976814,0.42063806657681113,0.02148148148148148,2021
Free State,Ward 42001013,FS201,3471,0.4923653125900317,False,8.152198015861787,0.4179428140574605,0.021064950263311878,2021
Free State,Ward 42001014,FS201,2697,0.421579532814238,False,7.89989532313973,0.42131356547535537,0.013192612137203167,2021
Free State,Ward 42001015,FS201,2908,0.3968363136176066,False,7.97522083865341,0.4224918140085283,0.02079722703639515,2021
Free State,Ward 42001016,FS201,3032,0.4689973614775725,False,8.016977746762262,0.41905557363424417,0.0035161744022503515,2021
Free State,Ward 42001017,FS201,3905,0.6002560819462228,False,8.270013062273787,0.41280515837383236,0.005119453924914676,2021
Free State,Ward 42001018,FS201,4248,0.4241996233521657,False,8.354203562921775,0.42118879925926356,0.06659267480577137,2021
Free State,Ward 42001019,FS201,3549,0.378698224852071,False,8.174421152646497,0.42335553252117286,0.014136904761904762,2021
Free State,Ward 42001020,FS201,4063,0.3630322421855771,False,8.309676895987726,0.4241015316957678,0.018983050847457626,2021
Free State,Ward 42001021,FS201,4016,0.3767430278884462,False,8.298041661371565,0.42344863713848835,0.014540647719762063,2021
Free State,Ward 42001022,FS201,3889,0.3137053227050655,False,8.265907334155747,0.42645043262341126,0.01721311475409836,2021
Free State,Ward 42003001,FS203,3325,0.4333834586466165,False,8.109224953089955,0.4576275412388662,0.018043025676613464,2021
Free State,Ward 42003002,FS203,3183,0.5595350298460572,False,8.065579427282092,0.45020686058007553,0.006176305446378439,2021
Free State,Ward 42003003,FS203,2252,0.3809946714031971,False,7.719573989259581,0.4607092346061261,0.017482517482517484,2021
Free State,Ward 42003004,FS203,2811,0.4759871931696905,False,7.941295570906532,0.4551214392080971,0.07548579970104634,2021
Free State,Ward 42003005,FS203,4017,0.36420214090117,False,8.298290634359283,0.46169703051801003,0.022556390977443608,2021
Free State,Ward 42003006,FS203,3566,0.3766124509254066,False,8.179199798423086,0.4609670122812903,0.01563663440059568,2021
Free State,Ward 42003007,FS203,3888,0.4246399176954732,False,8.265650165580329,0.4581418671771687,0.034524530587522716,2021
Free State,Ward 42003008,FS203,2650,0.5332075471698113,False,7.882314918980268,0.4517555360316194,0.02335456475583864,2021
Free State,Ward 42003009,FS203,3600,0.4541666666666666,False,8.1886891244442,0.4564049995906279,0.021406727828746176,2021
Free State,Ward 42003010,FS203,4221,0.5034352049277422,False,8.347827345782498,0.4535068502811529,0.004705882352941176,2021
Free State,Ward 42003011,FS203,3105,0.4756843800322061,False,8.040768994367578,0.4551392517455962,0.012863913337846988,2021
Free State,Ward 42003012,FS203,3674,0.5849210669569951,False,8.20903626577507,0.44871356427943215,0.005583992554676594,2021
Free State,Ward 42003013,FS203,2814,0.4353233830845771,False,7.942362237674335,0.4575134280366332,0.012244897959183673,2021
Free State,Ward 42003014,FS203,3468,0.5020184544405998,False,8.151333337900432,0.45359018854510247,0.014359563469270534,2021
Free State,Ward 42003015,FS203,3314,0.3853349426674713,False,8.105911197986508,0.46045392453175704,0.015661707126076743,2021
Free State,Ward 42003016,FS203,3305,0.4526475037821482,False,8.103191752285786,0.4564943621132467,0.016042780748663103,2021
Free State,Ward 42003017,FS203,3881,0.5060551404277248,False,8.263848131368906,0.4533527364282128,0.012729124236252547,2021
Free State,Ward 42003018,FS203,3590,0.3649025069637883,False,8.185907481482324,0.4616558325143267,0.0061068702290076335,2021
Free State,Ward 42004001,FS204,3982,0.4261677548970367,False,8.289539484624141,0.4531096546989429,0.020624631703005304,2021
Free State,Ward 42004002,FS204,3786,0.4051769677760169,False,8.239065331769268,0.4541591940549939,0.01303780964797914,2021
Free State,Ward 42004003,FS204,3479,0.4639264156366772,False,8.154500175151941,0.45122172166196084,0.0055762081784386614,2021
Free State,Ward 42004004,FS204,3620,0.5088397790055249,False,8.194229304819817,0.44897605349351843,0.013572204125950055,2021
Free State,Ward 42004005,FS204,3358,0.5273972602739726,False,8.119100837637486,0.4480481794300961,0.023150762281197064,2021
Free State,Ward 42004006,FS204,3161,0.4318253717178108,False,8.058643712215618,0.4528267738579042,0.005860805860805861,2021
Free State,Ward 42004007,FS204,3572,0.3882978723404255,False,8.18088094199639,0.45500314882677345,0.09805335255948089,2021
Free State,Ward 42004008,FS204,3860,0.4256476683937824,False,8.258422462458876,0.4531356590241056,0.012172854534388313,2021
Free State,Ward 42004009,FS204,3885,0.4025740025740025,False,8.264878262801748,0.45428934231509455,0.01278772378516624,2021
Free State,Ward 42004010,FS204,3634,0.4482663731425426,False,8.198089248956116,0.45200472378666756,0.012277470841006752,2021
Free State,Ward 42004011,FS204,3072,0.4462890625,False,8.030084094267563,0.4521035893187947,0.009482129832239242,2021
Free State,Ward 42004012,FS204,3024,0.3994708994708995,False,8.014335737299424,0.4544444974702498,0.028973509933774833,2021
Free State,Ward 42004013,FS204,4087,0.3621238071935405,False,8.315566483564277,0.4563118520841177,0.025,2021
Free State,Ward 42004014,FS204,3236,0.6161928306551298,False,8.082093278178382,0.4436084009110382,0.0025075225677031092,2021
Free State,Ward 42004015,FS204,3928,0.4676680244399185,False,8.275885669474356,0.4510346412217988,0.0065323897659227,2021
Free State,Ward 42004016,FS204,3564,0.5984848484848485,False,8.1786387885907,0.4444938000195523,0.02719174871073605,2021
Free State,Ward 42004017,FS204,3687,0.3070246813127203,False,8.212568398234145,0.4590668083781587,0.009717314487632508,2021
Free State,Ward 42004018,FS204,2932,0.4328103683492497,False,7.983440063006542,0.4527775240263322,0.01182033096926714,2021
Free State,Ward 42004019,FS204,2764,0.45767004341534,False,7.92443418488756,0.45153454027302775,0.02450592885375494,2021
Free State,Ward 42004020,FS204,4080,0.5299019607843137,False,8.313852267398207,0.447922944404579,0.010638297872340425,2021
Free State,Ward 42004021,FS204,2718,0.4426048565121412,False,7.907651594711089,0.45228779961818766,0.004987531172069825,2021
Free State,Ward 42005001,FS205,2821,0.4548032612548741,False,7.944846711001996,0.4538425746399372,0.020265003897116135,2021
Free State,Ward 42005002,FS205,2795,0.4050089445438282,False,7.9355873855892,0.460066864228818,0.011484098939929329,2021
Free State,Ward 42005003,FS205,2930,0.4825938566552901,False,7.982757702011113,0.4503687502148852,0.019094766619519095,2021
Free State,Ward 42005004,FS205,3376,0.4979265402843602,False,8.124446855715847,0.4484521647612515,0.01784651992861392,2021
Free State,Ward 42005005,FS205,3467,0.5589847130083646,False,8.151044945685024,0.44081989317075093,0.01238390092879257,2021
Free State,Ward 42005006,FS205,3718,0.4090909090909091,False,8.220941168281389,0.45955661866043285,0.0190664036817883,2021
Free State,Ward 42005007,FS205,4016,0.3762450199203187,False,8.298041661371565,0.46366235480675666,0.01654533421575116,2021
Free State,Ward 42005008,FS205,3525,0.4368794326241135,False,8.16763571524637,0.4560830532187823,0.016883116883116882,2021
Free State,Ward 42005009,FS205,2862,0.4640111809923131,False,7.959275960116396,0.4526915846727574,0.009789156626506024,2021
Free State,Ward 49400001,MAN,6950,0.4525179856115108,True,8.846496938558838,0.4304569754039498,0.031160572337042926,2021
Free State,Ward 49400002,MAN,7707,0.3307382898663553,True,8.949884285777994,0.43294227531711615,0.016084739113377794,2021
Free State,Ward 49400003,MAN,8158,0.4282912478548664,True,9.006754319877503,0.43095139862347315,0.017744705208929592,2021
Free State,Ward 49400004,MAN,8949,0.3845122360040228,True,9.099297073182859,0.4318448478449189,0.015983725661145014,2021
Free State,Ward 49400005,MAN,7618,0.4238645313730638,True,8.938269147038548,0.431041739776163,0.016413750387116753,2021
Free State,Ward 49400006,MAN,7672,0.5254171011470281,True,8.945332616563274,0.4289692383522045,0.025551972215331183,2021
Free State,Ward 49400007,MAN,7110,0.3781997187060478,True,8.869257522797287,0.4319736747285511,0.019338043882484196,2021
Free State,Ward 49400008,MAN,7029,0.3114241001564945,True,8.857799727175905,0.4333364424540522,0.037003197807217905,2021
Free State,Ward 49400009,MAN,7536,0.3846868365180467,True,8.927446816256198,0.4318412845691225,0.011728182131769576,2021
Free State,Ward 49400010,MAN,7911,0.384907091391733,True,8.976009475021396,0.43183678957170035,0.028243021346469624,2021
Free State,Ward 49400011,MAN,9171,0.4033366045142296,True,9.123801610558944,0.4314606770589963,0.028926736955934035,2021
Free State,Ward 49400012,MAN,8979,0.3722018042098229,True,9.102643796520809,0.43209608114684134,0.014661879114302813,2021
Free State,Ward 49400013,MAN,6548,0.4008857666463042,True,8.786914938491025,0.43151069415834176,0.016,2021
Free State,Ward 49400014,MAN,6972,0.4109294320137693,True,8.849657406639912,0.4313057213957404,0.01954624781849913,2021
Free State,Ward 49400015,MAN,7234,0.3762786839922588,True,8.886547412512042,0.43201287951862843,0.02020573108008817,2021
Free State,Ward 49400016,MAN,9132,0.5514673674989049,True,9.119540007649686,0.4284376002633907,0.01330420969023034,2021
Free State,Ward 49400017,MAN,8619,0.3850794755772131,True,9.061724347647399,0.43183327152709866,0.03796324194034348,2021
Free State,Ward 49400018,MAN,9632,0.4973006644518272,True,9.172846167548602,0.4295430431827188,0.005427974947807933,2021
Free State,Ward 49400019,MAN,9535,0.3091767173571054,True,9.16272451803452,0.43338230740914174,0.005766621438263229,2021
Free State,Ward 49400020,MAN,9338,0.5739987149282502,True,9.141847375530883,0.42797777684646526,0.0046641791044776115,2021
Free State,Ward 49400021,MAN,8976,0.4471925133689839,True,9.102309627762478,0.43056565851094014,0.006726457399103139,2021
Free State,Ward 49400022,MAN,8802,0.5994092251760963,True,9.082734247371036,0.4274591950046725,0.0024639878695981803,2021
Free State,Ward 49400023,MAN,8846,0.3444494686864119,True,9.087720658428273,0.4326624553411967,0.002625533311453889,2021
Free State,Ward 49400024,MAN,9079,0.6083269082498073,True,9.113719333371757,0.42727720147255593,0.0043454644215100485,2021
Free State,Ward 49400025,MAN,9365,0.6591564335290977,True,9.144734614878189,0.4262398642219582,0.0016199578810950916,2021
Free State,Ward 49400026,MAN,8148,0.5852970054000982,True,9.005527777346696,0.427747199489897,0.006919689662403019,2021
Free State,Ward 49400027,MAN,8305,0.3796508127633955,True,9.024613022047395,0.43194406056411544,0.013954963526799874,2021
Free State,Ward 49400028,MAN,7997,0.4351631861948231,True,8.98682175033189,0.43081115498388217,0.016379310344827588,2021
Free State,Ward 49400029,MAN,8206,0.3909334633195223,True,9.012620873002131,0.4317138023895005,0.01683291770573566,2021
Free State,Ward 49400030,MAN,7378,0.3849281648143128,True,8.906257878156621,0.4318363595018518,0.01056338028169014,2021
Free State,Ward 49400031,MAN,6858,0.3804316127150773,True,8.833171133022866,0.4319281258712239,0.012265235722499043,2021
Free State,Ward 49400032,MAN,6507,0.4473643768249577,True,8.780633799494984,0.4305621510934713,0.017176228100309172,2021
Free State,Ward 49400033,MAN,6942,0.3863439930855661,True,8.845345196421732,0.43180746504733636,0.017524235645041013,2021
Free State,Ward 49400034,MAN,7791,0.4297266076241817,True,8.960724500330858,0.4309221055669565,0.027479091995221028,2021
Free State,Ward 49400035,MAN,6635,0.441748304446119,True,8.800113946766308,0.4306767648154884,0.019106107130672127,2021
Free State,Ward 49400036,MAN,7036,0.4088971006253553,True,8.85879510585745,0.43134719754652434,0.030935001737921446,2021
Free State,Ward 49400037,MAN,7982,0.4092959158105738,True,8.984944285608679,0.43133905846111176,0.018365472910927456,2021
Free State,Ward 49400038,MAN,6874,0.4007855688100087,True,8.835501457409778,0.4315127390121437,0.017785843920145192,2021
Free State,Ward 49400039,MAN,9087,0.3773522614724331,True,9.114600099695346,0.4319909697741351,0.021872265966754154,2021
Free State,Ward 49400040,MAN,8281,0.3814756671899529,True,9.0217190130337,0.4319068186370428,0.015827793605571384,2021
Free State,Ward 49400041,MAN,7883,0.375491564125333,True,8.972463821059907,0.43202894318938195,0.023310810810810812,2021
Free State,Ward 49400042,MAN,7251,0.3676734243552613,True,8.888894669371593,0.4321884970622406,0.024381095273818456,2021
Free State,Ward 49400043,MAN,8425,0.4502077151335311,True,9.038958755220563,0.4305041237810514,0.02135512786712365,2021
Free State,Ward 49400044,MAN,9398,0.5551181102362205,True,9.14825217966276,0.4283630953095679,0.008050603795284647,2021
Free State,Ward 49400045,MAN,7726,0.3653895935801191,True,8.952346543226227,0.43223510585357,0.030109812256464755,2021
Free State,Ward 49400046,MAN,8471,0.3850785031283201,True,9.044403844431551,0.4318332913729945,0.03126916002452483,2021
Free State,Ward 49400047,MAN,8611,0.4879804900708396,True,9.060795734696166,0.4297332508231472,0.009757258448357925,2021
Free State,Ward 49400048,MAN,8898,0.5567543268150146,True,9.093581811365986,0.42832970313449054,0.004642712959224869,2021
Free State,Ward 49400049,MAN,7862,0.3758585601628084,True,8.969796305981806,0.43202145347433146,0.01353637901861252,2021
Free State,Ward 49400050,MAN,7225,0.4422145328719723,True,8.885302512980633,0.43066724994965466,0.026917057902973395,2021
Gauteng,Ward 79700001,EKU,13516,0.6763095590411364,True,9.511629447834181,0.42739383407805015,0.0025161360901433103,2021
Gauteng,Ward 79700002,EKU,12616,0.3265694356372859,True,9.442721128642875,0.4305446460006073,0.0220873786407767,2021
Gauteng,Ward 79700003,EKU,16364,0.2987044732339281,True,9.702839079049289,0.4307956816979349,0.017594108019639936,2021
Gauteng,Ward 79700004,EKU,14647,0.3631460367310712,True,9.591990815318308,0.43021512707183446,0.016732468509118255,2021
Gauteng,Ward 79700005,EKU,15419,0.3530060315195538,True,9.643355794171352,0.4303064784701364,0.009920999448833364,2021
Gauteng,Ward 79700006,EKU,12520,0.351038338658147,True,9.43508264465409,0.4303242054328518,0.015244596131968146,2021
Gauteng,Ward 79700007,EKU,13731,0.3570752312286068,True,9.527411329321751,0.43026981901329814,0.01957984907199674,2021
Gauteng,Ward 79700008,EKU,14999,0.3566237749183278,True,9.61573881119536,0.43027388618726464,0.018321181529257807,2021
Gauteng,Ward 79700009,EKU,12748,0.3380922497646689,True,9.453129675537227,0.4304408368643246,0.01948955916473318,2021
Gauteng,Ward 79700010,EKU,11577,0.3759177679882525,True,9.356775650205728,0.4301000664298779,0.02022058823529412,2021
Gauteng,Ward 79700011,EKU,13856,0.3445438799076212,True,9.536473630802217,0.430382714070244,0.01717637201508169,2021
Gauteng,Ward 79700012,EKU,14479,0.3393880792872435,True,9.58045460278142,0.43042916272448156,0.012413512413512413,2021
Gauteng,Ward 79700013,EKU,13864,0.384665320253895,True,9.537050831395442,0.43002125965271,0.01518844927807988,2021
Gauteng,Ward 79700014,EKU,13430,0.3539091586001489,True,9.505246289517283,0.43029834219013113,0.01641068798653482,2021
Gauteng,Ward 79700015,EKU,15778,0.5007605526682722,True,9.666371843655035,0.4289753566579858,0.0058220478420453105,2021
Gauteng,Ward 79700016,EKU,16144,0.4593037661050545,True,9.68930374259339,0.4293488412216185,0.005124747134187458,2021
Gauteng,Ward 79700017,EKU,15730,0.4481881754609027,True,9.663324996052323,0.4294489816778721,0.0036879432624113474,2021
Gauteng,Ward 79700018,EKU,15750,0.5418412698412698,True,9.66459564425378,0.4286052601068778,0.0030466369814858216,2021
Gauteng,Ward 79700019,EKU,13988,0.5674864169287961,True,9.545955098183267,0.4283742227457289,0.003653313177122701,2021
Gauteng,Ward 79700020,EKU,15609,0.5767185598052406,True,9.655602949958412,0.4282910502873825,0.0056654076871806265,2021
Gauteng,Ward 79700021,EKU,13730,0.2579024034959942,True,9.527338498762017,0.4311632679117901,0.04716181869528382,2021
Gauteng,Ward 79700022,EKU,15189,0.5183356376324972,True,9.62832676063802,0.42881702255920906,0.004191540708751429,2021
Gauteng,Ward 79700023,EKU,15182,0.5233829534975629,True,9.627865794576714,0.4287715512451094,0.011704002013591744,2021
Gauteng,Ward 79700024,EKU,16323,0.5116093855296208,True,9.700330435154035,0.4288776194250007,0.007065022153035565,2021
Gauteng,Ward 79700025,EKU,15640,0.5168158567774936,True,9.657587014099303,0.4288307142786235,0.010887046888531485,2021
Gauteng,Ward 79700026,EKU,14696,0.3367583015786609,True,9.595330626894961,0.4304528544155499,0.026469993938169328,2021
Gauteng,Ward 79700027,EKU,15888,0.577920443101712,True,9.673319386284954,0.42828022250993686,0.0017425397516880855,2021
Gauteng,Ward 79700028,EKU,12235,0.5621577441765427,True,9.412055975876772,0.42842222880655995,0.0034893864495492877,2021
Gauteng,Ward 79700029,EKU,12562,0.3804330520617736,True,9.438431663014326,0.4300593881949813,0.032015065913371,2021
Gauteng,Ward 79700030,EKU,14247,0.3908191198146978,True,9.564301637217232,0.42996582001702705,0.02658045977011494,2021
Gauteng,Ward 79700031,EKU,13431,0.5060680515225969,True,9.505320746909074,0.42892754135299194,0.012652640870972488,2021
Gauteng,Ward 79700032,EKU,13993,0.5463446008718645,True,9.546312483555713,0.4285646895570526,0.004447351209941138,2021
Gauteng,Ward 79700033,EKU,14282,0.4695420809410446,True,9.566755282109055,0.4292566041510239,0.008947211452430659,2021
Gauteng,Ward 79700034,EKU,11606,0.5431673272445287,True,9.359277484750553,0.4285933136437854,0.012373096446700508,2021
Gauteng,Ward 79700035,EKU,15223,0.3046048742035078,True,9.630562721059254,0.4307425249324432,0.039896484796204446,2021
Gauteng,Ward 79700036,EKU,13410,0.5095451155853841,True,9.503755976275723,0.42889621645152537,0.009659007756475926,2021
Gauteng,Ward 79700037,EKU,15706,0.5716286769387495,True,9.66179808393482,0.42833690508798156,0.0021162842503898416,2021
Gauteng,Ward 79700038,EKU,16065,0.6078431372549019,True,9.68439827154996,0.4280106486887369,0.0015360983102918587,2021
Gauteng,Ward 79700039,EKU,17073,0.5082293680079658,True,9.745253547271233,0.4289080700333039,0.003457416157658177,2021
Gauteng,Ward 79700040,EKU,12230,0.3841373671300082,True,9.411647228681218,0.4300260159871594,0.010004257130693913,2021
Gauteng,Ward 79700041,EKU,15439,0.3520305719282336,True,9.644652054641927,0.4303152663943826,0.011591536338546458,2021
Gauteng,Ward 79700042,EKU,16992,0.4189030131826742,True,9.740497924041666,0.42971281196866695,0.0037932003371733635,2021
Gauteng,Ward 79700043,EKU,17082,0.5253483198688678,True,9.745780556506093,0.42875384524176424,0.0052373523512369066,2021
Gauteng,Ward 79700044,EKU,14775,0.393502538071066,True,9.6006918422743,0.4299416450777805,0.022359821121431027,2021
Gauteng,Ward 79700045,EKU,14704,0.3764281828073993,True,9.595874844595468,0.4300954680981739,0.009033423667570008,2021
Gauteng,Ward 79700046,EKU,12859,0.3704020530367836,True,9.461799234270439,0.43014975755556684,0.016166281755196306,2021
Gauteng,Ward 79700047,EKU,14000,0.3897857142857143,True,9.546812608597396,0.42997512997674764,0.008979292651640096,2021
Gauteng,Ward 79700048,EKU,11151,0.4487489911218725,True,9.319284458965361,0.42944392928452996,0.020583533173461233,2021
Gauteng,Ward 79700049,EKU,13589,0.4394731032452719,True,9.517015920920498,0.42952749584197686,0.015572672471533825,2021
Gauteng,Ward 79700050,EKU,12461,0.4143327180804109,True,9.430359045942868,0.42975398579841706,0.012589579701723804,2021
Gauteng,Ward 79700051,EKU,13739,0.3778295363563578,True,9.527993782923948,0.4300828432914265,0.020034675399730303,2021
Gauteng,Ward 79700052,EKU,13781,0.3078151077570568,True,9.531046110875145,0.43071360390943825,0.010372465818010372,2021
Gauteng,Ward 79700053,EKU,17677,0.4718560841771794,True,9.780019638535883,0.4292357572750227,0.01918235223594293,2021
Gauteng,Ward 79700054,EKU,13139,0.4167744881650049,True,9.483340185641822,0.429731987869727,0.013330898466033601,2021
Gauteng,Ward 79700055,EKU,12689,0.4535424383324139,True,9.448490755396914,0.429400745075426,0.017723718505647263,2021
Gauteng,Ward 79700056,EKU,12802,0.4307139509451648,True,9.45735668770195,0.4296064071239598,0.02266956837141821,2021
Gauteng,Ward 79700057,EKU,13576,0.4913818503241013,True,9.516058806914062,0.4290598494718973,0.005696297406685654,2021
Gauteng,Ward 79700058,EKU,13049,0.3862364932178711,True,9.476466781462246,0.43000710494132277,0.018452380952380953,2021
Gauteng,Ward 79700059,EKU,12240,0.3628267973856209,True,9.412464556066316,0.43021800310197367,0.012159423553253772,2021
Gauteng,Ward 79700060,EKU,11848,0.3732275489534098,True,9.379914355947635,0.43012430263739904,0.017412935323383085,2021
Gauteng,Ward 79700061,EKU,16709,0.4048716260697828,True,9.723702775394143,0.42983922086157583,0.01581670362158167,2021
Gauteng,Ward 79700062,EKU,11825,0.4482875264270613,True,9.377971213360134,0.4294480866241229,0.017355215996981702,2021
Gauteng,Ward 79700063,EKU,14647,0.3887485491909606,True,9.591990815318308,0.4299844738064301,0.017737969792764312,2021
Gauteng,Ward 79700064,EKU,14794,0.4089495741516831,True,9.601976972147813,0.42980248259056775,0.024132231404958678,2021
Gauteng,Ward 79700065,EKU,13134,0.3675194152581087,True,9.482959566750917,0.43017572726528464,0.03625440232028175,2021
Gauteng,Ward 79700066,EKU,11595,0.3983613626563174,True,9.358329249689632,0.4298978718833188,0.02489716388828751,2021
Gauteng,Ward 79700067,EKU,13501,0.3852307236500999,True,9.510519035757246,0.4300161659284198,0.02326475677754278,2021
Gauteng,Ward 79700068,EKU,14072,0.394968732234224,True,9.551942286417393,0.4299284361213556,0.030226700251889168,2021
Gauteng,Ward 79700069,EKU,13081,0.3940065744209158,True,9.478916074688227,0.42993710420976383,0.019014357780364765,2021
Gauteng,Ward 79700070,EKU,14690,0.3993192648059904,True,9.594922269167922,0.42988924213422264,0.01517217865666553,2021
Gauteng,Ward 79700071,EKU,13855,0.4531937928545651,True,9.536401457297078,0.4294038860256769,0.011307533046663482,2021
Gauteng,Ward 79700072,EKU,13453,0.4748383260239351,True,9.506957408485542,0.4292088902313583,0.017219787100814028,2021
Gauteng,Ward 79700073,EKU,16237,0.4351789123606577,True,9.695047867587114,0.42956618224634274,0.013020096235493914,2021
Gauteng,Ward 79700074,EKU,12216,0.433366077275704,True,9.410501846898468,0.4295825140939549,0.013411409142425387,2021
Gauteng,Ward 79700075,EKU,15882,0.5015741090542752,True,9.672941671455156,0.428968027321175,0.025483304042179262,2021
Gauteng,Ward 79700076,EKU,16581,0.5208974127012846,True,9.716012740501373,0.42879394350453526,0.009609818223920343,2021
Gauteng,Ward 79700077,EKU,12117,0.4539902616159115,True,9.402364704231523,0.42939671063143053,0.017087802217778586,2021
Gauteng,Ward 79700078,EKU,11053,0.41907174522754,True,9.310457163310955,0.4297112918601546,0.016191709844559584,2021
Gauteng,Ward 79700079,EKU,12816,0.3913077403245942,True,9.458449669308141,0.42996141803045146,0.021335992023928215,2021
Gauteng,Ward 79700080,EKU,10875,0.4146206896551724,True,9.294221855956884,0.42975139145990565,0.012419605233976491,2021
Gauteng,Ward 79700081,EKU,15190,0.3986175115207373,True,9.628392595589819,0.42989556423589154,0.027250206440957887,2021
Gauteng,Ward 79700082,EKU,16312,0.4320132417851888,True,9.699656312254291,0.4295947018010767,0.025117071094082587,2021
Gauteng,Ward 79700083,EKU,14410,0.4317834836918806,True,9.575677688993569,0.4295967716938092,0.020090003214400513,2021
Gauteng,Ward 79700084,EKU,13053,0.3303455144411246,True,9.47677327138879,0.43051062727264483,0.019016697588126158,2021
Gauteng,Ward 79700085,EKU,13950,0.3798566308243727,True,9.543234787249512,0.43006458117910207,0.021324778260049065,2021
Gauteng,Ward 79700086,EKU,12463,0.4103345903875471,True,9.430519533826377,0.4297900049668212,0.032068830660930775,2021
Gauteng,Ward 79700087,EKU,10230,0.3813294232649071,True,9.233079858945672,0.43005131277873687,0.03101768777236606,2021
Gauteng,Ward 79700088,EKU,14241,0.5404114879573063,True,9.563880407219427,0.4286181410247513,0.033783783783783786,2021
Gauteng,Ward 79700089,EKU,14473,0.3711739100393836,True,9.580040123637605,0.43014280388887677,0.011169024571854059,2021
Gauteng,Ward 79700090,EKU,14141,0.3009688140866982,True,9.556833658307777,0.4307752822307928,0.025610902255639098,2021
Gauteng,Ward 79700091,EKU,13474,0.5276087279204393,True,9.508517181520606,0.4287334812052636,0.01477000984667323,2021
Gauteng,Ward 79700092,EKU,15317,0.5417509956257753,True,9.636718601664555,0.4286060733880984,0.0039768618944323935,2021
Gauteng,Ward 79700093,EKU,14190,0.2880197322057787,True,9.560292770154089,0.43089194062611647,0.022999755321751896,2021
Gauteng,Ward 79700094,EKU,14442,0.5265198725938236,True,9.577895907011127,0.4287432907127106,0.00486586007364545,2021
Gauteng,Ward 79700095,EKU,14434,0.3611611472911182,True,9.577341813632218,0.4302330089586809,0.010358718588145022,2021
Gauteng,Ward 79700096,EKU,16270,0.3714812538414259,True,9.697078200213083,0.4301400350257953,0.01886168100595632,2021
Gauteng,Ward 79700097,EKU,15400,0.5206493506493507,True,9.642122788401721,0.428796178297796,0.0058618109254178095,2021
Gauteng,Ward 79700098,EKU,13549,0.412281349177061,True,9.51406802284643,0.4297724665993481,0.0322234156820623,2021
Gauteng,Ward 79700099,EKU,16266,0.3594614533382516,True,9.69683231872672,0.4302483215168149,0.025312125876517873,2021
Gauteng,Ward 79700100,EKU,13245,0.2511136277840695,True,9.49137540170617,0.431224428053339,0.017739025856885148,2021
Gauteng,Ward 79700101,EKU,6655,0.455747558226897,True,8.803123730829212,0.42938087913043066,0.011869436201780416,2021
Gauteng,Ward 79700102,EKU,14545,0.3300103128222757,True,9.585002570929301,0.43051364710704887,0.020625,2021
Gauteng,Ward 79700103,EKU,17318,0.385437117450052,True,9.759501702007746,0.43001430652481665,0.012584269662921348,2021
Gauteng,Ward 79700104,EKU,15750,0.5220317460317461,True,9.66459564425378,0.42878372428534195,0.005594745803940647,2021
Gauteng,Ward 79700105,EKU,12323,0.5837864156455409,True,9.419222713938122,0.4282273759104429,0.00514317486794551,2021
Gauteng,Ward 79700106,EKU,16402,0.5924887208876967,True,9.705158557596356,0.4281489767641172,0.008026342868903066,2021
Gauteng,Ward 79700107,EKU,16121,0.4104584082873271,True,9.687878048875998,0.42978888949024663,0.009067553271875473,2021
Gauteng,Ward 79700108,EKU,12920,0.4833591331269349,True,9.466531777336593,0.42913212620340335,0.025940752602081667,2021
Gauteng,Ward 79700109,EKU,13955,0.4753135077033321,True,9.543593145970423,0.4292046093153276,0.018845168098899443,2021
Gauteng,Ward 79700110,EKU,15054,0.3884681812142952,True,9.619399015594476,0.42998699964405773,0.027017783857729138,2021
Gauteng,Ward 79700111,EKU,12282,0.4324214297345709,True,9.415890054889344,0.42959102443216335,0.01751082658633026,2021
Gauteng,Ward 79700112,EKU,11264,0.390625,True,9.329367078397823,0.4299675688441865,0.01818181818181818,2021
Gauteng,Ward 74201001,GT421,8370,0.6136200716845878,False,9.032409163483521,0.42903971354801484,0.005841121495327103,2021
Gauteng,Ward 74201002,GT421,8250,0.4458181818181818,False,9.017968479328726,0.4328533928631604,0.010603588907014683,2021
Gauteng,Ward 74201003,GT421,8244,0.4617903930131004,False,9.01724094201035,0.4324903880632759,0.0112949829261886,2021
Gauteng,Ward 74201004,GT421,9899,0.429437316900697,False,9.200189020919808,0.4332256852476487,0.005880969183721477,2021
Gauteng,Ward 74201005,GT421,8394,0.6785799380509888,False,9.035272443893536,0.42756335294877845,0.0028089887640449437,2021
Gauteng,Ward 74201006,GT421,9075,0.4180716253443526,False,9.113278659133051,0.4334839964193838,0.01555086979441223,2021
Gauteng,Ward 74201007,GT421,8798,0.4419186178676972,False,9.082279701908664,0.43294201931658055,0.013631687242798354,2021
Gauteng,Ward 74201008,GT421,7735,0.4221073044602456,False,8.953510763007166,0.43339227643947714,0.0333843797856049,2021
Gauteng,Ward 74201009,GT421,8525,0.526217008797654,False,9.050758302151717,0.4310261467954451,0.004012483281319661,2021
Gauteng,Ward 74201010,GT421,9669,0.4344813320922536,False,9.176680170483548,0.43311104853874965,0.007379195429659605,2021
Gauteng,Ward 74201011,GT421,8596,0.4139134481154025,False,9.059052257762401,0.4335785004473145,0.021360314783586284,2021
Gauteng,Ward 74201012,GT421,6476,0.3980852378011118,False,8.775858314797526,0.433938232499912,0.014352211016291699,2021
Gauteng,Ward 74201013,GT421,6613,0.4200816573415998,False,8.796792687674662,0.4334383138739918,0.016198704103671708,2021
Gauteng,Ward 74201014,GT421,6317,0.4031977204369162,False,8.7509996908987,0.4338220397127346,0.011385944248135061,2021
Gauteng,Ward 74201015,GT421,8478,0.3529134229771172,False,9.045229851912582,0.4349648646550028,0.03208556149732621,2021
Gauteng,Ward 74201016,GT421,9415,0.5345724907063197,False,9.150059441091253,0.4308362494793391,0.010331810053645937,2021
Gauteng,Ward 74201017,GT421,8454,0.4399101017269931,False,9.042394981126735,0.4329876674106874,0.00860446356547459,2021
Gauteng,Ward 74201018,GT421,7233,0.3709387529379234,False,8.886409166849282,0.43455519806498444,0.01714498695490123,2021
Gauteng,Ward 74201019,GT421,7154,0.3950237629298295,False,8.875426919818963,0.4340078114742594,0.025831564048124558,2021
Gauteng,Ward 74201020,GT421,6773,0.3974605049461095,False,8.820699399214904,0.4339524309738893,0.002228826151560178,2021
Gauteng,Ward 74201021,GT421,10328,0.3965917893106119,False,9.242613932526478,0.4339721745110597,0.006103515625,2021
Gauteng,Ward 74201022,GT421,7870,0.4006353240152477,False,8.970813341411448,0.43388027599504525,0.02315255312400888,2021
Gauteng,Ward 74201023,GT421,8826,0.4769997733967822,False,9.085457189829492,0.4321447203272832,0.011876484560570071,2021
Gauteng,Ward 74201024,GT421,6826,0.3918839730442426,False,8.828494129466652,0.43407917033529536,0.02130841121495327,2021
Gauteng,Ward 74201025,GT421,8690,0.4924050632911392,False,9.069928218259438,0.4317946001024114,0.011451273662070577,2021
Gauteng,Ward 74201026,GT421,8237,0.5092873619036057,False,9.016391478941248,0.4314109114975826,0.017878426698450536,2021
Gauteng,Ward 74201027,GT421,8753,0.3596481206443505,False,9.077151777732437,0.4348118033443838,0.01238881829733164,2021
Gauteng,Ward 74201028,GT421,8016,0.4126746506986028,False,8.989194823324645,0.43360665493406,0.010580411124546553,2021
Gauteng,Ward 74201029,GT421,6561,0.3830208809632678,False,8.788898309344878,0.4342806042462266,0.02109033028253084,2021
Gauteng,Ward 74201030,GT421,7862,0.4286441109132536,False,8.969796305981806,0.4332437126564542,0.03590504451038576,2021
Gauteng,Ward 74201031,GT421,7475,0.4468227424749164,False,8.919319398258887,0.43283056193914365,0.01347305389221557,2021
Gauteng,Ward 74201032,GT421,7613,0.4330750032838565,False,8.937612591306213,0.43314301055712234,0.016075219896875947,2021
Gauteng,Ward 74201033,GT421,7458,0.4253150978814695,False,8.917042560738766,0.4333193720435402,0.012610340479192938,2021
Gauteng,Ward 74201034,GT421,6428,0.4261045426260112,False,8.768418726857403,0.4333014301175279,0.013143483023001095,2021
Gauteng,Ward 74201035,GT421,6266,0.428183849345675,False,8.742893471512136,0.43325417314662645,0.009317927692881103,2021
Gauteng,Ward 74201036,GT421,8192,0.395263671875,False,9.010913347279288,0.4340023589982327,0.016368128474366892,2021
Gauteng,Ward 74201037,GT421,6561,0.4063404968754763,False,8.788898309344878,0.4337506129754946,0.021005251312828207,2021
Gauteng,Ward 74201038,GT421,6963,0.3840298721815309,False,8.848365694942547,0.4342576726276297,0.009723261032161555,2021
Gauteng,Ward 74201039,GT421,6355,0.3532651455546813,False,8.756997183623554,0.4349568709600582,0.032071269487750555,2021
Gauteng,Ward 74201040,GT421,6595,0.4274450341167551,False,8.794067065151415,0.4332709644018292,0.009223128769067045,2021
Gauteng,Ward 74201041,GT421,7115,0.4338721011946592,False,8.869960510523953,0.4331248946955132,0.017816650469711693,2021
Gauteng,Ward 74201042,GT421,6819,0.3597301657134477,False,8.827468112520654,0.43480993868372253,0.013452914798206279,2021
Gauteng,Ward 74201043,GT421,6915,0.393058568329718,False,8.841448244098858,0.43405247498789823,0.021339220014716703,2021
Gauteng,Ward 74201044,GT421,7118,0.3685023883113234,False,8.870382066070137,0.43461056998831626,0.08120472741136103,2021
Gauteng,Ward 74201045,GT421,9234,0.5604288499025342,False,9.130647603066935,0.43024860495215234,0.006376811594202898,2021
Gauteng,Ward 74202001,GT422,3570,0.5638655462184874,False,8.180320874773685,0.5416387306224317,0.017386984600099353,2021
Gauteng,Ward 74202002,GT422,3288,0.7019464720194647,False,8.098034756176071,0.5317758073509333,0.0008665511265164644,2021
Gauteng,Ward 74202003,GT422,3785,0.6597093791281374,False,8.23880116587155,0.5347927425574567,0.0012014417300760913,2021
Gauteng,Ward 74202004,GT422,4009,0.5562484410077326,False,8.296297112642508,0.542182809566057,0.009417040358744395,2021
Gauteng,Ward 74202005,GT422,4309,0.5031329774889766,False,8.368461137615839,0.5459767712459682,0.008763837638376383,2021
Gauteng,Ward 74202006,GT422,4481,0.423566168266012,False,8.407601514786142,0.5516601147618942,0.01053740779768177,2021
Gauteng,Ward 74202007,GT422,4232,0.5510396975425331,False,8.350429973538136,0.5425548626707142,0.005145797598627788,2021
Gauteng,Ward 74202008,GT422,3945,0.4773130544993663,False,8.280204233279974,0.5478210514595118,0.0525756771109931,2021
Gauteng,Ward 74202009,GT422,2976,0.4946236559139785,False,7.998335395952982,0.5465845799298966,0.006114130434782609,2021
Gauteng,Ward 74202010,GT422,3929,0.4601679816747264,False,8.27614021955846,0.5490456995184146,0.016039823008849558,2021
Gauteng,Ward 74202011,GT422,4760,0.4651260504201681,False,8.468002947225466,0.5486915517508831,0.012195121951219513,2021
Gauteng,Ward 74202012,GT422,3386,0.4633786178381571,False,8.12740456269308,0.5488163683638839,0.025493945188017845,2021
Gauteng,Ward 74202013,GT422,3782,0.5893707033315706,False,8.238008249218403,0.5398169336857829,0.00762673844773441,2021
Gauteng,Ward 74202014,GT422,3951,0.7172867628448494,False,8.281723990411392,0.5306800722919773,0.0038814396612561752,2021
Gauteng,Ward 74202015,GT422,3719,0.5200322667383706,False,8.22121009392507,0.5447696791567258,0.0,2021
Gauteng,Ward 74203001,GT423,4908,0.4881825590872045,False,8.498621805830801,0.5096088537145075,0.018363939899833055,2021
Gauteng,Ward 74203002,GT423,3122,0.4833440102498398,False,8.046229101075378,0.5100120661176212,0.015904572564612324,2021
Gauteng,Ward 74203003,GT423,3941,0.501649327581832,False,8.279189777195004,0.5084866230066217,0.018715225088517955,2021
Gauteng,Ward 74203004,GT423,3288,0.4552919708029197,False,8.098034756176071,0.5123497360715311,0.012692050768203072,2021
Gauteng,Ward 74203005,GT423,3536,0.4708710407239819,False,8.170751423757535,0.511051480244776,0.013213213213213212,2021
Gauteng,Ward 74203006,GT423,2042,0.5073457394711067,False,7.621684998724611,0.5080119220158489,0.03088803088803089,2021
Gauteng,Ward 74203007,GT423,3662,0.4440196613872201,False,8.205764725234456,0.513289095189506,0.019065190651906518,2021
Gauteng,Ward 74203008,GT423,4667,0.5247482322691236,False,8.448271745949816,0.5065617142826808,0.006941608819926501,2021
Gauteng,Ward 74203009,GT423,3985,0.5937264742785445,False,8.290292591224315,0.5008135274485624,0.005494505494505495,2021
Gauteng,Ward 74203010,GT423,4160,0.5725961538461538,False,8.333270353255308,0.502574387484595,0.008816120906801008,2021
Gauteng,Ward 74203011,GT423,2487,0.4893445918777643,False,7.818832443803404,0.5095120176486274,0.012325390304026294,2021
Gauteng,Ward 74203012,GT423,3793,0.5489058792512523,False,8.2409125416889,0.5045485770341701,0.012487992315081652,2021
Gauteng,Ward 74203013,GT423,4262,0.52346316283435,False,8.357493812658563,0.5066688034022453,0.020170327207530255,2021
Gauteng,Ward 74801001,GT481,3758,0.4260244811069718,False,8.231642179973411,0.4852480547272267,0.014366021236727046,2021
Gauteng,Ward 74801002,GT481,4455,0.4004489337822671,False,8.40178233990491,0.4859210954462978,0.01233183856502242,2021
Gauteng,Ward 74801003,GT481,5800,0.3946551724137931,False,8.66561319653451,0.4860735628507314,0.010484927916120577,2021
Gauteng,Ward 74801004,GT481,4370,0.4347826086956521,False,8.382518288089635,0.4850175776854193,0.030526315789473683,2021
Gauteng,Ward 74801005,GT481,5086,0.4298073141958317,False,8.534246945982066,0.4851485064880462,0.04162854528819762,2021
Gauteng,Ward 74801006,GT481,4313,0.4530489218641317,False,8.369388996647842,0.4845368852336172,0.006141248720573183,2021
Gauteng,Ward 74801007,GT481,5220,0.4312260536398467,False,8.560252680876685,0.48511117123951947,0.010661928031985785,2021
Gauteng,Ward 74801008,GT481,4261,0.4686693264491903,False,8.357259153499912,0.484125821955063,0.0025037556334501754,2021
Gauteng,Ward 74801009,GT481,6000,0.4851666666666667,False,8.699514748210191,0.48369168142302416,0.009618687736173137,2021
Gauteng,Ward 74801010,GT481,4575,0.4673224043715847,False,8.428361977709622,0.4841612672728947,0.01028999064546305,2021
Gauteng,Ward 74801011,GT481,5762,0.4692814994793474,False,8.659039915644474,0.48410971213848,0.03920118343195266,2021
Gauteng,Ward 74801012,GT481,3871,0.3143890467579436,False,8.261268150577648,0.488185829315359,0.013968775677896467,2021
Gauteng,Ward 74801013,GT481,5647,0.4046396316628298,False,8.638879709672837,0.4858108139231252,0.008315098468271335,2021
Gauteng,Ward 74801014,GT481,4770,0.4723270440251572,False,8.470101583882387,0.4840295662293797,0.02885042166000888,2021
Gauteng,Ward 74801015,GT481,4379,0.4644896094998858,False,8.384575666801398,0.48423581450636055,0.02064896755162242,2021
Gauteng,Ward 74801016,GT481,5146,0.4057520404197435,False,8.545974992841689,0.48578154000846957,0.008141762452107279,2021
Gauteng,Ward 74801017,GT481,4727,0.5832451872223398,False,8.461046030793236,0.4811106677241907,0.014871236851650345,2021
Gauteng,Ward 74801018,GT481,5860,0.6418088737201365,False,8.675904882571059,0.4795695180795118,0.004785961180537091,2021
Gauteng,Ward 74801019,GT481,3787,0.4436229205175601,False,8.239329427901795,0.4847849379006323,0.047619047619047616,2021
Gauteng,Ward 74801020,GT481,4533,0.4639311714096625,False,8.41913925094085,0.4842505102455769,0.01331431288635283,2021
Gauteng,Ward 74801021,GT481,5310,0.6487758945386064,False,8.577347114235984,0.4793861754263942,0.007547169811320755,2021
Gauteng,Ward 74801022,GT481,5429,0.6347393626818936,False,8.599510233905452,0.4797555578436761,0.008995937318630296,2021
Gauteng,Ward 74801023,GT481,5891,0.4522152435919199,False,8.681181041521688,0.48455882413551754,0.013138138138138139,2021
Gauteng,Ward 74801024,GT481,5138,0.4480342545737641,False,8.544419177669829,0.48466885016231115,0.025629887054735012,2021
Gauteng,Ward 74801025,GT481,4647,0.4234990316333118,False,8.443977129084978,0.4853145139239019,0.05741869918699187,2021
Gauteng,Ward 74801026,GT481,4474,0.4481448368350469,False,8.406038142050075,0.4846659401028036,0.012468827930174564,2021
Gauteng,Ward 74801027,GT481,4507,0.4530729975593521,False,8.413387022690648,0.4845362516626903,0.017140058765915768,2021
Gauteng,Ward 74801028,GT481,5042,0.5811186037286791,False,8.525558107747866,0.4811666304477081,0.008191126279863481,2021
Gauteng,Ward 74801029,GT481,4102,0.666747927840078,False,8.319229938632326,0.4789132271816186,0.0018281535648994515,2021
Gauteng,Ward 74801030,GT481,5785,0.4743301642178046,False,8.663023639627777,0.48397685254009953,0.009839650145772596,2021
Gauteng,Ward 74801031,GT481,5405,0.4910268270120259,False,8.595079730073309,0.4835374666770937,0.025998492840994723,2021
Gauteng,Ward 74801032,GT481,3743,0.5046753940689287,False,8.22764270790443,0.48317829385980676,0.026469031233456855,2021
Gauteng,Ward 74801033,GT481,4460,0.4719730941704035,False,8.40290404501411,0.4840388806992416,0.010926365795724466,2021
Gauteng,Ward 74801034,GT481,5272,0.4104704097116843,False,8.570165076182343,0.4856573723955237,0.015711645101663587,2021
Gauteng,Ward 74801035,GT481,4746,0.5642646439106616,False,8.465057436995709,0.48161015570607696,0.015309932785660941,2021
Gauteng,Ward 74801036,GT481,3006,0.4664005322687957,False,8.00836557031292,0.4841855270650734,0.012125534950071327,2021
Gauteng,Ward 74801037,GT481,4874,0.6202297907263028,False,8.491670234185152,0.4801373886846127,0.007939133311280185,2021
Gauteng,Ward 74801038,GT481,4721,0.499682270705359,False,8.459775920546287,0.48330969184305855,0.006782534972445952,2021
Gauteng,Ward 74801039,GT481,5495,0.551410373066424,False,8.611593866837723,0.4819484259914516,0.0165016501650165,2021
Gauteng,Ward 74804001,GT484,4534,0.4422143802382002,False,8.419359831067474,0.4138203931285368,0.023940149625935162,2021
Gauteng,Ward 74804002,GT484,4584,0.4729493891797556,False,8.430327258394575,0.41268205946403475,0.029059040590405903,2021
Gauteng,Ward 74804003,GT484,2693,0.4430003713330858,False,7.898411092811599,0.4137912823472447,0.02347024308466052,2021
Gauteng,Ward 74804004,GT484,3075,0.4390243902439024,False,8.031060180240619,0.4139385409061034,0.03111111111111111,2021
Gauteng,Ward 74804005,GT484,2953,0.2604131391804944,False,7.990576881743923,0.42055377242697034,0.02600780234070221,2021
Gauteng,Ward 74804006,GT484,2958,0.45368492224476,False,7.992268643270745,0.41339555823940494,0.011922503725782414,2021
Gauteng,Ward 74804007,GT484,2188,0.5150822669104205,False,7.690743163541872,0.41112158251104713,0.02129547471162378,2021
Gauteng,Ward 74804008,GT484,2721,0.4355016538037486,False,7.908754738783246,0.41406901262610907,0.05232067510548523,2021
Gauteng,Ward 74804009,GT484,2881,0.4817771607080874,False,7.9658927350845286,0.4123551049629854,0.024495677233429394,2021
Gauteng,Ward 74804010,GT484,3531,0.3848768054375531,False,8.169336395928386,0.41594400701004225,0.01692420897718911,2021
Gauteng,Ward 74804011,GT484,2697,0.3292547274749722,False,7.89989532313973,0.4180040839716193,0.012387387387387387,2021
Gauteng,Ward 74804012,GT484,4325,0.5292485549132948,False,8.37216741936598,0.4105969051776074,0.03014416775884666,2021
Gauteng,Ward 74804013,GT484,2923,0.4505644885391721,False,7.980365765111246,0.41351112985813043,0.010630220197418374,2021
Gauteng,Ward 74804014,GT484,3841,0.4480604009372559,False,8.253488028345904,0.41360387384338654,0.009877977919814061,2021
Gauteng,Ward 74804015,GT484,3386,0.370939161252215,False,8.12740456269308,0.4164602160539437,0.04219745222929936,2021
Gauteng,Ward 74804016,GT484,3587,0.424310008363535,False,8.185071477532283,0.4144835180127836,0.008541392904073587,2021
Gauteng,Ward 74804017,GT484,3270,0.4235474006116208,False,8.0925452638913,0.414511762744336,0.013718411552346571,2021
Gauteng,Ward 74804018,GT484,3488,0.3523509174311927,False,8.15708378502887,0.41714866952879637,0.014646053702196907,2021
Gauteng,Ward 74804019,GT484,3131,0.3040562120728202,False,8.049107721326406,0.41893736231984713,0.023109243697478993,2021
Gauteng,Ward 74804020,GT484,3912,0.3341002044989775,False,8.271804031154709,0.4178246218596191,0.011476664116296864,2021
Gauteng,Ward 74804021,GT484,4683,0.5714285714285714,False,8.451694209183541,0.40903468234370827,0.009715994020926755,2021
Gauteng,Ward 74804022,GT484,4145,0.4407720144752714,False,8.329658067569396,0.41387381408271934,0.0180623973727422,2021
Gauteng,Ward 74804023,GT484,3504,0.3715753424657534,False,8.161660452056282,0.4164366537867756,0.01228878648233487,2021
Gauteng,Ward 74804024,GT484,2849,0.4931554931554932,False,7.954723334497908,0.4119336852427111,0.0099644128113879,2021
Gauteng,Ward 74804025,GT484,2897,0.3596824301001035,False,7.9714309977693505,0.41687713202254034,0.02015355086372361,2021
Gauteng,Ward 74804026,GT484,3561,0.4231957315360853,False,8.177796683277778,0.41452478752491145,0.021897810218978103,2021
Gauteng,Ward 74804027,GT484,2617,0.1723347344287352,False,7.869783902530146,0.42381593556592434,0.017738359201773836,2021
Gauteng,Ward 74804028,GT484,3877,0.4882641217436162,False,8.262816937670928,0.4121148471468547,0.005282620179609086,2021
Gauteng,Ward 79800001,JHB,14294,0.3940114733454596,True,9.567595147779924,0.41671688917194577,0.02166193181818182,2021
Gauteng,Ward 79800002,JHB,14308,0.3786692759295499,True,9.568574100378909,0.4168313831825122,0.016057585825027684,2021
Gauteng,Ward 79800003,JHB,13533,0.3953299342348333,True,9.512886426076506,0.4167070499115773,0.021682242990654205,2021
Gauteng,Ward 79800004,JHB,17574,0.4008762945260043,True,9.774175816055788,0.4166656591631357,0.009226401703335699,2021
Gauteng,Ward 79800005,JHB,16037,0.3582964394836939,True,9.682653831508809,0.41698341927539173,0.013226592412112773,2021
Gauteng,Ward 79800006,JHB,18848,0.4649830220713073,True,9.844162086451313,0.4161872507486185,0.023733455043359195,2021
Gauteng,Ward 79800007,JHB,19786,0.4871120994642676,True,9.892729895883168,0.4160221083800143,0.013177007677941482,2021
Gauteng,Ward 79800008,JHB,18048,0.3606493794326241,True,9.800790154297786,0.41696586002204156,0.01951144569058227,2021
Gauteng,Ward 79800009,JHB,18174,0.4684164190601959,True,9.807747280255292,0.4161616283830298,0.007048044167743451,2021
Gauteng,Ward 79800010,JHB,14394,0.4278866194247603,True,9.57456673206775,0.416464089574339,0.01964604643610976,2021
Gauteng,Ward 79800011,JHB,15888,0.4273036253776435,True,9.673319386284954,0.4164684402761831,0.012520253351008984,2021
Gauteng,Ward 79800012,JHB,15492,0.3931061192873741,True,9.648079040634643,0.41672364554551355,0.01083743842364532,2021
Gauteng,Ward 79800013,JHB,15430,0.4040829552819183,True,9.644068945357207,0.41664172885898704,0.02309542902967121,2021
Gauteng,Ward 79800014,JHB,14188,0.440583591767691,True,9.560151815893512,0.41636933604939175,0.01583746600543913,2021
Gauteng,Ward 79800015,JHB,14312,0.3570430408049189,True,9.568853625188556,0.41699277299687515,0.015264187866927592,2021
Gauteng,Ward 79800016,JHB,14048,0.4209851936218678,True,9.550235315874898,0.41651559275197253,0.018092661481230978,2021
Gauteng,Ward 79800017,JHB,18261,0.5184820108427797,True,9.812522917162035,0.41578800456375675,0.013202365863962822,2021
Gauteng,Ward 79800018,JHB,18900,0.5445502645502646,True,9.846917201047734,0.4155934653569845,0.009424795958025652,2021
Gauteng,Ward 79800019,JHB,13334,0.3827058647067646,True,9.498072443178005,0.41680125938566737,0.014305310601606898,2021
Gauteng,Ward 79800020,JHB,13868,0.3740265359100087,True,9.537339306804913,0.4168660304960909,0.009832272990167727,2021
Gauteng,Ward 79800021,JHB,15015,0.5064935064935064,True,9.616804980417431,0.4158774710141245,0.0168310322156476,2021
Gauteng,Ward 79800022,JHB,18658,0.436917140100761,True,9.834030287520907,0.4163966976289957,0.008096172718351325,2021
Gauteng,Ward 79800023,JHB,17898,0.5531344284277573,True,9.792444253742804,0.4155294044325256,0.0031313131313131315,2021
Gauteng,Ward 79800024,JHB,16251,0.3500092302012184,True,9.69590972432601,0.41704526412078335,0.019338959212376935,2021
Gauteng,Ward 79800025,JHB,16917,0.403676774841875,True,9.736074312475292,0.41664476005630086,0.03162981402840826,2021
Gauteng,Ward 79800026,JHB,16075,0.3741835147744946,True,9.68502054910582,0.4168648590120276,0.013300083125519535,2021
Gauteng,Ward 79800027,JHB,16988,0.4256534024016953,True,9.740262491433162,0.4164807553730186,0.011201770156271608,2021
Gauteng,Ward 79800028,JHB,13314,0.4237644584647739,True,9.496571392160648,0.4164948519695628,0.017015242821694435,2021
Gauteng,Ward 79800029,JHB,15751,0.4457494762237318,True,9.664659134301736,0.41633078467285417,0.012818686796752599,2021
Gauteng,Ward 79800030,JHB,15999,0.4002125132820801,True,9.680281499268713,0.4166706127545083,0.01468061846009683,2021
Gauteng,Ward 79800031,JHB,12745,0.3886229894076108,True,9.452894316810216,0.4167571017386461,0.01070058550373511,2021
Gauteng,Ward 79800032,JHB,19336,0.4406805957798924,True,9.869723922383319,0.41636861213885296,0.011618354653209716,2021
Gauteng,Ward 79800033,JHB,13706,0.466802860061287,True,9.52558897214577,0.4161736698680963,0.009221631759924976,2021
Gauteng,Ward 79800034,JHB,14050,0.4257651245551601,True,9.550377674761892,0.41647992162560465,0.016215312604480107,2021
Gauteng,Ward 79800035,JHB,15000,0.438,True,9.615805480084347,0.41638861658497156,0.016133942161339423,2021
Gauteng,Ward 79800036,JHB,12967,0.4357985655895735,True,9.470162947548884,0.41640504519997473,0.020881259953990445,2021
Gauteng,Ward 79800037,JHB,12953,0.3897166679533699,True,9.469082700530256,0.41674893995845386,0.02198890649762282,2021
Gauteng,Ward 79800038,JHB,13671,0.4300343793431351,True,9.523032079931992,0.41644806151524666,0.0221126041843851,2021
Gauteng,Ward 79800039,JHB,13389,0.4325939203824034,True,9.50218875329738,0.4164289604627148,0.013984806629834255,2021
Gauteng,Ward 79800040,JHB,14623,0.4398550229091157,True,9.590350910611878,0.4163747731304259,0.011194029850746268,2021
Gauteng,Ward 79800041,JHB,16876,0.3887769613652524,True,9.733647773244229,0.4167559526941861,0.016918152720621856,2021
Gauteng,Ward 79800042,JHB,13986,0.4172029172029172,True,9.545812108263812,0.4165438186953976,0.02022279348757498,2021
Gauteng,Ward 79800043,JHB,14257,0.4493231395104159,True,9.56500329315396,0.41630411554384905,0.01607867624102404,2021
Gauteng,Ward 79800044,JHB,17094,0.4054639054639055,True,9.746482803725963,0.4166314232606141,0.0,2021
Gauteng,Ward 79800045,JHB,15560,0.4293701799485861,True,9.652458797732383,0.4164530182271463,0.02305044155066607,2021
Gauteng,Ward 79800046,JHB,16015,0.4199812675616609,True,9.681281062043258,0.4165230847374965,0.013083556348498365,2021
Gauteng,Ward 79800047,JHB,16924,0.3746159300401796,True,9.736488011839958,0.4168616320324329,0.0007886435331230284,2021
Gauteng,Ward 79800048,JHB,17479,0.4333771954917329,True,9.768755439335086,0.41642311512607805,0.0013201320132013201,2021
Gauteng,Ward 79800049,JHB,19977,0.3565600440506583,True,9.902336890778733,0.41699637745026513,0.0,2021
Gauteng,Ward 79800050,JHB,13563,0.381184103811841,True,9.515100775962715,0.4168126158102563,0.0,2021
Gauteng,Ward 79800051,JHB,14386,0.3910051438898929,True,9.574010790427302,0.4167393244663903,0.012266666666666667,2021
Gauteng,Ward 79800052,JHB,12978,0.4207890275851441,True,9.471010895181113,0.41651705667761973,0.011902581944698773,2021
Gauteng,Ward 79800053,JHB,19531,0.3682351134094516,True,9.879758225836891,0.41690925006699053,0.0,2021
Gauteng,Ward 79800054,JHB,19395,0.4773910801753029,True,9.872770579874068,0.4160946533000812,0.005400151204233718,2021
Gauteng,Ward 79800055,JHB,14435,0.4234153100103914,True,9.577411092097035,0.41649745755504325,0.008507853403141362,2021
Gauteng,Ward 79800056,JHB,15367,0.4164768660115832,True,9.639977632055333,0.41654923698787016,0.00515625,2021
Gauteng,Ward 79800057,JHB,18371,0.4379728920581351,True,9.818528613308937,0.4163888188830452,0.006214267959234402,2021
Gauteng,Ward 79800058,JHB,16994,0.3460633164646345,True,9.740615619563487,0.41707471123822054,0.007141642577792893,2021
Gauteng,Ward 79800059,JHB,11049,0.2183908045977011,True,9.310095205113175,0.418027491177526,0.018234562784915042,2021
Gauteng,Ward 79800060,JHB,16499,0.2339535729438147,True,9.711055051991444,0.4179113511152416,0.011139896373056995,2021
Gauteng,Ward 79800061,JHB,15844,0.3104014137843979,True,9.670546158741807,0.41734084484031186,0.01870679137860919,2021
Gauteng,Ward 79800062,JHB,11274,0.2390455916267518,True,9.33025446864152,0.41787335097581674,0.015584415584415584,2021
Gauteng,Ward 79800063,JHB,13750,0.2290909090909091,True,9.528794103094718,0.4179476396514573,0.008253968253968255,2021
Gauteng,Ward 79800064,JHB,13875,0.232072072072072,True,9.537843938614635,0.41792539216652325,0.013354037267080746,2021
Gauteng,Ward 79800065,JHB,17870,0.3128147733631785,True,9.790878608153474,0.41732283469420156,0.01037567084078712,2021
Gauteng,Ward 79800066,JHB,14365,0.3784893839192482,True,9.57254997141339,0.4168327256602011,0.012690822144565017,2021
Gauteng,Ward 79800067,JHB,13029,0.2690920254816179,True,9.474932921202932,0.4176491238574968,0.017969195664575013,2021
Gauteng,Ward 79800068,JHB,16952,0.4704459650778669,True,9.738141099948136,0.4161464825172263,0.010031347962382446,2021
Gauteng,Ward 79800069,JHB,15713,0.3856679182842232,True,9.662243674190131,0.41677915450822367,0.008415841584158416,2021
Gauteng,Ward 79800070,JHB,20771,0.4991574791776997,True,9.941313062076109,0.4159322174866305,0.0056905864197530865,2021
Gauteng,Ward 79800071,JHB,16924,0.456097849208225,True,9.736488011839958,0.41625355800879077,0.011011789091851276,2021
Gauteng,Ward 79800072,JHB,13942,0.550638358915507,True,9.542661146046344,0.4155480318169454,0.004819590986062264,2021
Gauteng,Ward 79800073,JHB,15457,0.4493109917836579,True,9.645817254152318,0.41630420619852637,0.011375089992800576,2021
Gauteng,Ward 79800074,JHB,16153,0.5114839348727791,True,9.689861069913759,0.4158402290112941,0.00738320019365771,2021
Gauteng,Ward 79800075,JHB,15737,0.3328461587341933,True,9.663769906600864,0.4171733467436716,0.012982054219167621,2021
Gauteng,Ward 79800076,JHB,13812,0.3739501882421083,True,9.533293058509884,0.4168666002548066,0.03175217812197483,2021
Gauteng,Ward 79800077,JHB,15778,0.3250095069083534,True,9.666371843655035,0.41723182921998386,0.01638065522620905,2021
Gauteng,Ward 79800078,JHB,16008,0.3255872063968016,True,9.68084387626357,0.41722751802977154,0.026285495011511895,2021
Gauteng,Ward 79800079,JHB,15829,0.3261103038726388,True,9.669598979685738,0.4172236143172653,0.019566059666795817,2021
Gauteng,Ward 79800080,JHB,13594,0.4204796233632485,True,9.517383797906584,0.41651936566435027,0.013820853743876836,2021
Gauteng,Ward 79800081,JHB,17769,0.4073386234453261,True,9.785210644945074,0.41661743282791686,0.011190936722851616,2021
Gauteng,Ward 79800082,JHB,17675,0.496973125884017,True,9.779906490764773,0.4159485186306132,0.00853825136612022,2021
Gauteng,Ward 79800083,JHB,15797,0.5956194214091283,True,9.667575327569097,0.4152123522460975,0.004251248804336274,2021
Gauteng,Ward 79800084,JHB,18072,0.4842850818946436,True,9.80211905814784,0.41604320552605634,0.002856489945155393,2021
Gauteng,Ward 79800085,JHB,17196,0.4896487555245405,True,9.752432077616172,0.4160031781109078,0.0035629453681710215,2021
Gauteng,Ward 79800086,JHB,18928,0.5321745562130178,True,9.848397586218168,0.41568582138935206,0.004665938647870545,2021
Gauteng,Ward 79800087,JHB,16269,0.4866310160427807,True,9.69701673550917,0.4160256985548016,0.0049261083743842365,2021
Gauteng,Ward 79800088,JHB,15625,0.555072,True,9.656627474604603,0.4155149449431805,0.004727314654675429,2021
Gauteng,Ward 79800089,JHB,17975,0.5404728789986092,True,9.796737182589247,0.41562389360737,0.004117344312918168,2021
Gauteng,Ward 79800090,JHB,15805,0.5297057893071813,True,9.668081624649718,0.4157042450229777,0.007286192068800764,2021
Gauteng,Ward 79800091,JHB,15745,0.4287075261987932,True,9.664278133535126,0.41645796340438357,0.010962962962962963,2021
Gauteng,Ward 79800092,JHB,17488,0.364535681610247,True,9.76927021041632,0.41693685776698464,0.008627450980392156,2021
Gauteng,Ward 79800093,JHB,19644,0.5212787619629403,True,9.885527227159136,0.41576713328674064,0.00615234375,2021
Gauteng,Ward 79800094,JHB,17305,0.4696908407974574,True,9.758750756069444,0.4161521177730503,0.0044291338582677165,2021
Gauteng,Ward 79800095,JHB,17995,0.2979160878021673,True,9.79784922051313,0.41743401891480614,0.023130013057265437,2021
Gauteng,Ward 79800096,JHB,21882,0.4734027968193035,True,9.993419660036736,0.41612441660870814,0.01216333622936577,2021
Gauteng,Ward 79800097,JHB,22293,0.5247387072175123,True,10.01202800682558,0.4157413127997663,0.006753291160882202,2021
Gauteng,Ward 79800098,JHB,17173,0.4917020904908868,True,9.751093661983862,0.41598785471563654,0.0037896731406916154,2021
Gauteng,Ward 79800099,JHB,14914,0.5683921147914711,True,9.61005564810374,0.4154155411014531,0.00495458298926507,2021
Gauteng,Ward 79800100,JHB,19490,0.4033350436121087,True,9.877656792501606,0.4166473102893588,0.013484289530594072,2021
Gauteng,Ward 79800101,JHB,21370,0.5097332709405709,True,9.969743348313193,0.4158532936675046,0.00156063527035711,2021
Gauteng,Ward 79800102,JHB,18726,0.5268076471216491,True,9.837668211498835,0.41572587294973534,0.008210846426761276,2021
Gauteng,Ward 79800103,JHB,19553,0.5088221756252238,True,9.880884006326275,0.41586009288627585,0.008543572218313398,2021
Gauteng,Ward 79800104,JHB,17499,0.5128864506543231,True,9.769899015421748,0.41582976247561093,0.006239554317548746,2021
Gauteng,Ward 79800105,JHB,19144,0.3880589218554116,True,9.85974462958821,0.41676131119799087,0.015345268542199489,2021
Gauteng,Ward 79800106,JHB,20114,0.52441085810878,True,9.909171369004426,0.41574375943490605,0.0023701175578308684,2021
Gauteng,Ward 79800107,JHB,15589,0.3795625120277118,True,9.654320816312682,0.4168247172414812,0.020618556701030927,2021
Gauteng,Ward 79800108,JHB,14113,0.3569049812229859,True,9.554851637414007,0.41699380329226265,0.012308914036132618,2021
Gauteng,Ward 79800109,JHB,20924,0.4074746702351366,True,9.948652104490503,0.41661641755336604,0.010321369927281257,2021
Gauteng,Ward 79800110,JHB,15691,0.2554967815945446,True,9.660842578559068,0.4177505809014302,0.012970815664754302,2021
Gauteng,Ward 79800111,JHB,16300,0.3076687116564417,True,9.698920386794853,0.4173612381397742,0.013160518444666001,2021
Gauteng,Ward 79800112,JHB,19568,0.4482318070318888,True,9.881650857926953,0.4163122598160769,0.004902519667084711,2021
Gauteng,Ward 79800113,JHB,18165,0.2680979906413432,True,9.807251944655302,0.4176565420279466,0.01375770020533881,2021
Gauteng,Ward 79800114,JHB,16275,0.3796006144393241,True,9.69738546707677,0.41682443289512583,0.015862738750404663,2021
Gauteng,Ward 79800115,JHB,21648,0.454360679970436,True,9.982668350410568,0.41626652195832653,0.0069133794225294835,2021
Gauteng,Ward 79800116,JHB,13565,0.3646148175451529,True,9.515248225093032,0.41693626720030624,0.03416902547513142,2021
Gauteng,Ward 79800117,JHB,14228,0.5293084059600787,True,9.562967133068346,0.4157072105703441,0.00504581064931616,2021
Gauteng,Ward 79800118,JHB,17383,0.3193349824541218,True,9.76324799612154,0.4172741764174035,0.008286795172041074,2021
Gauteng,Ward 79800119,JHB,18420,0.404071661237785,True,9.821192309809298,0.4166418131428985,0.009136101034529089,2021
Gauteng,Ward 79800120,JHB,21344,0.4089673913043478,True,9.96852594871535,0.4166052778438943,0.06335204490777867,2021
Gauteng,Ward 79800121,JHB,19635,0.4680417621594092,True,9.88506896701211,0.4161644243300506,0.05723612622415669,2021
Gauteng,Ward 79800122,JHB,18908,0.4114131584514491,True,9.847340391913127,0.41658702585025925,0.021982259930582337,2021
Gauteng,Ward 79800123,JHB,14090,0.2112845990063875,True,9.553220604892726,0.4180805225625358,0.011084984884111521,2021
Gauteng,Ward 79800124,JHB,17415,0.3179443008900373,True,9.765087182800102,0.41728455463803094,0.007585335018963337,2021
Gauteng,Ward 79800125,JHB,17920,0.4782924107142857,True,9.793672686528922,0.41608792695277536,0.007000350017500875,2021
Gauteng,Ward 79800126,JHB,18639,0.5306615161757605,True,9.833011438731804,0.41569711273291365,0.007077140835102618,2021
Gauteng,Ward 79800127,JHB,13592,0.386183048852266,True,9.517236663351769,0.41677531025025316,0.01790817298533054,2021
Gauteng,Ward 79800128,JHB,17690,0.3562464669304692,True,9.780754787153832,0.41699871757802776,0.0017454776261504284,2021
Gauteng,Ward 79800129,JHB,14995,0.4014004668222741,True,9.61547209118311,0.41666174742958145,0.0,2021
Gauteng,Ward 79800130,JHB,13131,0.4384281471327393,True,9.482731125859004,0.41638542145711527,0.014243529616119507,2021
Gauteng,Ward 79800131,JHB,13564,0.447803007962253,True,9.515174503245529,0.41631545980913387,0.020085610800131708,2021
Gauteng,Ward 79800132,JHB,20345,0.5048414843942001,True,9.92059046043579,0.41588979953725363,0.0050627981696037385,2021
Gauteng,Ward 79800133,JHB,16592,0.3105110896817743,True,9.716675930469309,0.4173400263634658,0.057259316770186336,2021
Gauteng,Ward 79800134,JHB,19028,0.4389846541938196,True,9.853666857552172,0.41638126841934603,0.023704058422123787,2021
Gauteng,Ward 79800135,JHB,19071,0.4218971212836243,True,9.855924135604518,0.41650878732166097,0.009321401938851604,2021
Gauteng,Ward 79900001,TSH,16561,0.4921804238874464,True,9.714805812589491,0.4409442536227173,0.006502269660164397,2021
Gauteng,Ward 79900002,TSH,15964,0.4986218992733651,True,9.678091466168624,0.4408834849870011,0.0074120603015075375,2021
Gauteng,Ward 79900003,TSH,16187,0.3216161116945697,True,9.69196372993396,0.44255335090755576,0.0044179792547061085,2021
Gauteng,Ward 79900004,TSH,17491,0.4290778114458864,True,9.769441741907062,0.44153956128726035,0.007861425716189207,2021
Gauteng,Ward 79900005,TSH,15496,0.5903458957150233,True,9.648337205086833,0.44001816426585333,0.009182334936598164,2021
Gauteng,Ward 79900006,TSH,14080,0.4084517045454545,True,9.552510629712033,0.44173414720141535,0.010432968179447054,2021
Gauteng,Ward 79900007,TSH,15779,0.4479371316306483,True,9.66643522103567,0.44136164317230975,0.011601584606677985,2021
Gauteng,Ward 79900008,TSH,12938,0.3945741227392178,True,9.46792399660393,0.4418650677844931,0.021155729676787464,2021
Gauteng,Ward 79900009,TSH,12245,0.3867701102490812,True,9.412872969386267,0.44193869054383395,0.023859797297297296,2021
Gauteng,Ward 79900010,TSH,13002,0.3299492385786802,True,9.472858470764415,0.4424747365029887,0.026107226107226107,2021
Gauteng,Ward 79900011,TSH,12533,0.405329928987473,True,9.436120444611522,0.44176359791422654,0.009645669291338583,2021
Gauteng,Ward 79900012,TSH,12175,0.3592607802874743,True,9.40713994795079,0.44219821252460384,0.0180612711476909,2021
Gauteng,Ward 79900013,TSH,13557,0.4265692999926237,True,9.51465829807939,0.44156322648964963,0.019712951755144387,2021
Gauteng,Ward 79900014,TSH,12653,0.4008535525171896,True,9.445649620189263,0.44180582788092726,0.02168769716088328,2021
Gauteng,Ward 79900015,TSH,14077,0.4455494778717056,True,9.552297538827965,0.44138416820777143,0.0274234693877551,2021
Gauteng,Ward 79900016,TSH,14696,0.4269188894937398,True,9.595330626894961,0.4415599284754881,0.011475932419509085,2021
Gauteng,Ward 79900017,TSH,14907,0.3783457436103843,True,9.60958618027043,0.4420181657008028,0.01879432624113475,2021
Gauteng,Ward 79900018,TSH,14945,0.4278353964536634,True,9.612132074718039,0.44155128218341333,0.021895527056615578,2021
Gauteng,Ward 79900019,TSH,12834,0.4266012155212716,True,9.45985317831046,0.44156292539975667,0.02228310502283105,2021
Gauteng,Ward 79900020,TSH,13802,0.393855962903927,True,9.532568788180548,0.4418718428772788,0.011037527593818985,2021
Gauteng,Ward 79900021,TSH,13534,0.3978129156199202,True,9.51296031679217,0.4418345131346751,0.009472511144130757,2021
Gauteng,Ward 79900022,TSH,13266,0.405548017488316,True,9.492959650085501,0.4417615404755393,0.022304832713754646,2021
Gauteng,Ward 79900023,TSH,12666,0.3979156797726196,True,9.446676517076376,0.44183354366153643,0.024206349206349207,2021
Gauteng,Ward 79900024,TSH,14807,0.3597622745998514,True,9.602855320908718,0.4421934814461852,0.024216256804955885,2021
Gauteng,Ward 79900025,TSH,12789,0.3610133708655876,True,9.45634070543332,0.44218167865122543,0.011695906432748537,2021
Gauteng,Ward 79900026,TSH,12022,0.4022625187156879,True,9.394493583599107,0.4417925357469792,0.015715467328370553,2021
Gauteng,Ward 79900027,TSH,12056,0.4106668878566689,True,9.397317740306331,0.44171324924564914,0.012522722682286406,2021
Gauteng,Ward 79900028,TSH,12168,0.3952169625246548,True,9.406564833939129,0.4418590032582153,0.021418174256602203,2021
Gauteng,Ward 79900029,TSH,13035,0.4297660145761411,True,9.475393326367602,0.44153306880489945,0.01017493752231346,2021
Gauteng,Ward 79900030,TSH,15853,0.4062322588784457,True,9.671114035843228,0.4417550853680852,0.011335403726708075,2021
Gauteng,Ward 79900031,TSH,13885,0.3932301044292401,True,9.538564399740899,0.44187774720251166,0.02142857142857143,2021
Gauteng,Ward 79900032,TSH,16183,0.3828091206821973,True,9.691716587516886,0.44197605836993664,0.007102502017756255,2021
Gauteng,Ward 79900033,TSH,14557,0.399464175310847,True,9.585827256564661,0.4418189352130626,0.013929492691315564,2021
Gauteng,Ward 79900034,TSH,13429,0.3645096433092561,True,9.505171826581176,0.44214869494892667,0.010010214504596528,2021
Gauteng,Ward 79900035,TSH,14466,0.3555924236139914,True,9.579556347409227,0.4422328196630329,0.015552099533437015,2021
Gauteng,Ward 79900036,TSH,13909,0.3619239341433604,True,9.54029139160713,0.44217308843162373,0.007350019864918554,2021
Gauteng,Ward 79900037,TSH,13714,0.3854455301152107,True,9.52617248784431,0.4419511865828327,0.012485811577752554,2021
Gauteng,Ward 79900038,TSH,11473,0.2571254249106598,True,9.347751727799142,0.4431617536130643,0.014915254237288136,2021
Gauteng,Ward 79900039,TSH,12941,0.3628776756046673,True,9.46815584482167,0.44216409087066805,0.02385008517887564,2021
Gauteng,Ward 79900040,TSH,14813,0.318639033281577,True,9.603260452582052,0.44258143655296134,0.023728813559322035,2021
Gauteng,Ward 79900041,TSH,16210,0.5531153608883406,True,9.693383614729722,0.4403693957264824,0.008922596475574392,2021
Gauteng,Ward 79900042,TSH,14721,0.5942531078051763,True,9.597030324758013,0.43998130377443684,0.004686785550983082,2021
Gauteng,Ward 79900043,TSH,14533,0.4378999518337576,True,9.58417720462617,0.4414563335477521,0.00974230043997486,2021
Gauteng,Ward 79900044,TSH,14391,0.6240705996803558,True,9.574358290170174,0.43970000668127474,0.005233270237167353,2021
Gauteng,Ward 79900045,TSH,14598,0.6315248664200576,True,9.588639812011577,0.4396296834101455,0.0030372057706909645,2021
Gauteng,Ward 79900046,TSH,14960,0.5921122994652407,True,9.613135251528469,0.44000150007953054,0.0034996613230977645,2021
Gauteng,Ward 79900047,TSH,15116,0.6254300079386081,True,9.62350906446938,0.4396871820750648,0.0048656653268457795,2021
Gauteng,Ward 79900048,TSH,17159,0.5205431551955242,True,9.750278096285621,0.44067668068584864,0.0054858934169279,2021
Gauteng,Ward 79900049,TSH,14533,0.3915227413472786,True,9.58417720462617,0.4418938544013981,0.01757469244288225,2021
Gauteng,Ward 79900050,TSH,14391,0.6564519491348759,True,9.574358290170174,0.4393945222524585,0.012596591510532443,2021
Gauteng,Ward 79900051,TSH,11862,0.3831562974203338,True,9.381095292398673,0.44197278311769006,0.0176017601760176,2021
Gauteng,Ward 79900052,TSH,16421,0.5994762803726935,True,9.706316282491837,0.43993202856153574,0.0029459569280780172,2021
Gauteng,Ward 79900053,TSH,13282,0.5217587712693872,True,9.494165014100659,0.4406652126096801,0.010245310245310245,2021
Gauteng,Ward 79900054,TSH,14986,0.597891365274256,True,9.614871710924255,0.43994698059076626,0.00390625,2021
Gauteng,Ward 79900055,TSH,16633,0.496422774003487,True,9.719143952790535,0.4409042314518113,0.010657623834322394,2021
Gauteng,Ward 79900056,TSH,11662,0.3930715143200137,True,9.364090971782101,0.4418792433356176,0.006108202443280977,2021
Gauteng,Ward 79900057,TSH,13148,0.5036507453605111,True,9.48402493478411,0.44083604304278273,0.0040773180308064025,2021
Gauteng,Ward 79900058,TSH,13616,0.2545534665099882,True,9.519000850813155,0.4431860173715612,0.01154068090017311,2021
Gauteng,Ward 79900059,TSH,13015,0.2935074913561275,True,9.473857817428666,0.4428185265711259,0.032460732984293195,2021
Gauteng,Ward 79900060,TSH,12476,0.4521481243988458,True,9.431562077727694,0.44132191682544,0.0054954795249069315,2021
Gauteng,Ward 79900061,TSH,16861,0.4705533479627543,True,9.732758541777981,0.44114828264087474,0.010335265944038316,2021
Gauteng,Ward 79900062,TSH,11697,0.4542190305206463,True,9.367087677650707,0.44130237997523425,0.011481272350837568,2021
Gauteng,Ward 79900063,TSH,13473,0.3807615230460922,True,9.508442961755847,0.4419953753287678,0.0101364522417154,2021
Gauteng,Ward 79900064,TSH,12398,0.583561864816906,True,9.425290448261865,0.44008216455734506,0.00497581202487906,2021
Gauteng,Ward 79900065,TSH,17238,0.55012182387748,True,9.754871528207344,0.44039763664167925,0.00991247495518296,2021
Gauteng,Ward 79900066,TSH,16113,0.5517904797368585,True,9.68738167857357,0.44038189460527,0.006298504105274997,2021
Gauteng,Ward 79900067,TSH,11633,0.4106421387432304,True,9.361601165816767,0.44171348272785144,0.02009629474565627,2021
Gauteng,Ward 79900068,TSH,12009,0.4247647597635107,True,9.393411647660683,0.4415802504540752,0.015095079396196824,2021
Gauteng,Ward 79900069,TSH,16486,0.6253184520198957,True,9.710266814873172,0.4396882344893923,0.0033950916674750217,2021
Gauteng,Ward 79900070,TSH,16659,0.5555555555555556,True,9.720705889909716,0.44034637502207474,0.01015667206915181,2021
Gauteng,Ward 79900071,TSH,14194,0.309708327462308,True,9.560574619084928,0.44266568849465254,0.015468607825295723,2021
Gauteng,Ward 79900072,TSH,12951,0.4006640413867655,True,9.468928284223587,0.4418076157217803,0.006937752938909231,2021
Gauteng,Ward 79900073,TSH,15491,0.4006842682848105,True,9.648014489106362,0.44180742490198743,0.02319961333977767,2021
Gauteng,Ward 79900074,TSH,12010,0.4206494587843464,True,9.39349491507403,0.44161907404821826,0.020190023752969122,2021
Gauteng,Ward 79900075,TSH,13823,0.4033856615785285,True,9.534089150464357,0.4417819400595939,0.016678622668579626,2021
Gauteng,Ward 79900076,TSH,12091,0.4081548259035646,True,9.400216653174247,0.44173694794331997,0.023910840932117528,2021
Gauteng,Ward 79900077,TSH,22916,0.3836184325362192,True,10.039590635528468,0.4419684233524459,0.014674098509839608,2021
Gauteng,Ward 79900078,TSH,13012,0.554180756225023,True,9.473627287593242,0.4403593448270798,0.0036056025516571903,2021
Gauteng,Ward 79900079,TSH,15643,0.6127341302819153,True,9.657778811561771,0.4398069545057884,0.0032342201356285864,2021
Gauteng,Ward 79900080,TSH,14754,0.2314626541954724,True,9.599269511444248,0.44340385522358494,0.010248901903367497,2021
Gauteng,Ward 79900081,TSH,12319,0.2116243201558568,True,9.418898064961974,0.44359100931829837,0.00728807057920982,2021
Gauteng,Ward 79900082,TSH,13481,0.592018396261405,True,9.509036565691064,0.4400023859588121,0.003884225034456835,2021
Gauteng,Ward 79900083,TSH,15007,0.5980542413540347,True,9.616272037895989,0.4399454440239759,0.006128133704735376,2021
Gauteng,Ward 79900084,TSH,16300,0.6045398773006135,True,9.698920386794853,0.43988425877919685,0.0036533387456870307,2021
Gauteng,Ward 79900085,TSH,15294,0.6218778605989277,True,9.63521587360417,0.4397206928990241,0.009778151613920724,2021
Gauteng,Ward 79900086,TSH,12300,0.3677235772357723,True,9.417354541360508,0.4421183748175444,0.015918638072076056,2021
Gauteng,Ward 79900087,TSH,14644,0.5205544933078394,True,9.591785974240127,0.4406765737225249,0.009182736455463728,2021
Gauteng,Ward 79900088,TSH,14097,0.3975313896573739,True,9.553717287770926,0.44183716903998216,0.011420413990007138,2021
Gauteng,Ward 79900089,TSH,14712,0.3378874388254486,True,9.596418766284158,0.4423998478214154,0.014685174009253671,2021
Gauteng,Ward 79900090,TSH,16139,0.3622901047152859,True,9.688993982035823,0.442169633992266,0.01043270053018642,2021
Gauteng,Ward 79900091,TSH,15610,0.6062780269058295,True,9.655667013509477,0.43986786114141185,0.004649196956889264,2021
Gauteng,Ward 79900092,TSH,13153,0.3169619098304569,True,9.48440514846878,0.44259725847231157,0.023266970496521946,2021
Gauteng,Ward 79900093,TSH,13861,0.3642594329413462,True,9.536834420213353,0.4421510554240956,0.01762725292137057,2021
Gauteng,Ward 79900094,TSH,11869,0.4615384615384615,True,9.381685238056505,0.44123332873921717,0.005658999634903249,2021
Gauteng,Ward 79900095,TSH,12283,0.4397134250590246,True,9.415971471539095,0.44143922530977786,0.01277541196074801,2021
Gauteng,Ward 79900096,TSH,15210,0.4925706771860618,True,9.62970838525334,0.4409405719878247,0.005739455419113721,2021
Gauteng,Ward 79900097,TSH,14969,0.3594094461887901,True,9.613736674915236,0.44219681001610084,0.018215613382899627,2021
Gauteng,Ward 79900098,TSH,15510,0.5103803997421019,True,9.649240256170584,0.440772555737296,0.0055583628094997475,2021
Gauteng,Ward 79900099,TSH,13176,0.421903460837887,True,9.486152271857476,0.441607243840166,0.018888289260658393,2021
Gauteng,Ward 79900100,TSH,14250,0.4578947368421052,True,9.564512185696797,0.44126770350050354,0.014252873563218391,2021
Gauteng,Ward 79900101,TSH,20202,0.574052074052074,True,9.91353688838913,0.44017187956456044,0.005777356212813659,2021
Gauteng,Ward 79900102,TSH,14630,0.4589883800410116,True,9.59082949401417,0.44125738611183457,0.018615040953090096,2021
Gauteng,Ward 79900103,TSH,13194,0.4131423374261028,True,9.487517459782817,0.4416898959478243,0.012474775270592552,2021
Gauteng,Ward 79900104,TSH,15210,0.3938198553583169,True,9.62970838525334,0.4418721835145015,0.01736227045075125,2021
Gauteng,Ward 79900105,TSH,14585,0.4763112787110045,True,9.587748882301822,0.4410939625394762,0.023319418454008926,2021
Gauteng,Ward 79900106,TSH,13403,0.3215697978064612,True,9.503233841478497,0.4425537878310285,0.016009280742459397,2021
Gauteng,Ward 79900107,TSH,14524,0.3558248416414211,True,9.583557732534226,0.4422306270401326,0.009481424148606811,2021
KwaZulu-Natal,Ward 59500001,ETH,18289,0.5762480179342775,True,9.814055065204576,0.41108483131246004,0.01499193471866401,2021
KwaZulu-Natal,Ward 59500002,ETH,18664,0.4893377625375054,True,9.834351813701266,0.411882173105091,0.032519435015876494,2021
KwaZulu-Natal,Ward 59500003,ETH,15086,0.4425957841707543,True,9.621522440413576,0.41231099859469417,0.03220008986071589,2021
KwaZulu-Natal,Ward 59500004,ETH,19776,0.443921925566343,True,9.892224360257417,0.4122988321598723,0.024945893609750542,2021
KwaZulu-Natal,Ward 59500005,ETH,14605,0.4484765491270113,True,9.58911921482184,0.4122570466226185,0.02916030534351145,2021
KwaZulu-Natal,Ward 59500006,ETH,18104,0.4447083517454706,True,9.803888187313373,0.4122916172407977,0.034281455719786365,2021
KwaZulu-Natal,Ward 59500007,ETH,16364,0.4951723295037888,True,9.702839079049289,0.41182864496778565,0.03825743551770949,2021
KwaZulu-Natal,Ward 59500008,ETH,19179,0.5119662130455185,True,9.861571209434837,0.4116745726417147,0.013850697627049598,2021
KwaZulu-Natal,Ward 59500009,ETH,18734,0.54200918116793,True,9.838095333769076,0.41139894908095864,0.010931652550718929,2021
KwaZulu-Natal,Ward 59500010,ETH,19912,0.5748292486942547,True,9.899077844047428,0.41109784754401985,0.005766206535034073,2021
KwaZulu-Natal,Ward 59500011,ETH,19677,0.386491843268791,True,9.887205719961845,0.41282571364884063,0.0084155161078238,2021
KwaZulu-Natal,Ward 59500012,ETH,16467,0.3667334669338677,True,9.709113657218,0.41300698315650053,0.020864381520119227,2021
KwaZulu-Natal,Ward 59500013,ETH,15059,0.4096553556013015,True,9.61973109808682,0.41261320436138643,0.022207813259847626,2021
KwaZulu-Natal,Ward 59500014,ETH,18563,0.3774174433011905,True,9.828925631209223,0.4129089650246902,0.035398230088495575,2021
KwaZulu-Natal,Ward 59500015,ETH,19106,0.3846435674657176,True,9.857757700829954,0.4128426703075844,0.027894951694108043,2021
KwaZulu-Natal,Ward 59500016,ETH,19531,0.4187189596026829,True,9.879758225836891,0.4125300520310985,0.00941550501345072,2021
KwaZulu-Natal,Ward 59500017,ETH,18977,0.4371080781999262,True,9.85098299855398,0.41236134452103207,0.02338758288125377,2021
KwaZulu-Natal,Ward 59500018,ETH,19154,0.4757752949775504,True,9.860266850081565,0.41200659941298046,0.006035334138044551,2021
KwaZulu-Natal,Ward 59500019,ETH,18843,0.425675317093881,True,9.843896771122491,0.41246623223760126,0.02094501932427378,2021
KwaZulu-Natal,Ward 59500020,ETH,15835,0.4249447426586675,True,9.66997795897274,0.41247293475535557,0.030613761331550006,2021
KwaZulu-Natal,Ward 59500021,ETH,17447,0.4075199174643205,True,9.766922993079902,0.41263279553695503,0.021518987341772152,2021
KwaZulu-Natal,Ward 59500022,ETH,17191,0.378861031935315,True,9.752141270041493,0.412895721092267,0.01627514202364502,2021
KwaZulu-Natal,Ward 59500023,ETH,19508,0.4053721550133278,True,9.878579916829944,0.41265249977962476,0.014036418816388467,2021
KwaZulu-Natal,Ward 59500024,ETH,19057,0.4418323975442095,True,9.855189767128376,0.4123180021417267,0.010807600950118765,2021
KwaZulu-Natal,Ward 59500025,ETH,16073,0.3914639457475269,True,9.684896124569141,0.41278009802976967,0.02336300063572791,2021
KwaZulu-Natal,Ward 59500026,ETH,14552,0.2647746014293567,True,9.585483720197958,0.41394238559232166,0.0018167661562418895,2021
KwaZulu-Natal,Ward 59500027,ETH,18725,0.4256875834445928,True,9.83761480838542,0.41246611970227365,0.003261824112407477,2021
KwaZulu-Natal,Ward 59500028,ETH,16768,0.208611641221374,True,9.727227587120769,0.41445764210799124,0.013150371640937679,2021
KwaZulu-Natal,Ward 59500029,ETH,22962,0.31299538367738,True,10.041595954653758,0.41349999309463337,0.018088214832336164,2021
KwaZulu-Natal,Ward 59500030,ETH,15378,0.4506437768240343,True,9.640693195592126,0.4122371637997099,0.008658008658008658,2021
KwaZulu-Natal,Ward 59500031,ETH,19694,0.4193663044582106,True,9.888069299807748,0.41252411308746983,0.005327521491706018,2021
KwaZulu-Natal,Ward 59500032,ETH,17479,0.171405686824189,True,9.768755439335086,0.4147989811391581,0.011014686248331108,2021
KwaZulu-Natal,Ward 59500033,ETH,17205,0.3630340017436791,True,9.752955318231582,0.4130409232041169,0.013128402177393531,2021
KwaZulu-Natal,Ward 59500034,ETH,16737,0.4182947959610444,True,9.725377116513638,0.4125339434406548,0.014569347236109127,2021
KwaZulu-Natal,Ward 59500035,ETH,17729,0.5497207964352191,True,9.782956995898381,0.4113282003170386,0.004925097475887544,2021
KwaZulu-Natal,Ward 59500036,ETH,18040,0.5210643015521065,True,9.800346793616615,0.4115911039398194,0.005425531914893617,2021
KwaZulu-Natal,Ward 59500037,ETH,19327,0.3786412790396854,True,9.869258360985468,0.41289773717387834,0.007105766602896966,2021
KwaZulu-Natal,Ward 59500038,ETH,16391,0.3763650783966811,True,9.70448768268936,0.4129186197485848,0.01167125952342357,2021
KwaZulu-Natal,Ward 59500039,ETH,16983,0.2706235647412118,True,9.73996812270477,0.41388872537845145,0.01174934725848564,2021
KwaZulu-Natal,Ward 59500040,ETH,17792,0.3788781474820143,True,9.78650419705031,0.4128955640689028,0.01676309152944667,2021
KwaZulu-Natal,Ward 59500041,ETH,14599,0.3572847455305158,True,9.58870831219998,0.41309366867396247,0.018404907975460124,2021
KwaZulu-Natal,Ward 59500042,ETH,14208,0.3564893018018018,True,9.56156046523195,0.4131009663228497,0.009674234945705825,2021
KwaZulu-Natal,Ward 59500043,ETH,14556,0.3748282495190986,True,9.585758558732051,0.41293271909608553,0.02309384164222874,2021
KwaZulu-Natal,Ward 59500044,ETH,15610,0.379308135810378,True,9.655667013509477,0.41289161922185363,0.02229353149805776,2021
KwaZulu-Natal,Ward 59500045,ETH,18280,0.3862144420131291,True,9.813562845008141,0.4128282586144889,0.014164305949008499,2021
KwaZulu-Natal,Ward 59500046,ETH,12636,0.309749920861032,True,9.444305161921976,0.4135297679828568,0.01200817577925396,2021
KwaZulu-Natal,Ward 59500047,ETH,18087,0.3459390722618455,True,9.802948727157515,0.4131977574195466,0.021895477065686432,2021
KwaZulu-Natal,Ward 59500048,ETH,16271,0.4674574396164956,True,9.69713966113932,0.41208291001262315,0.013936366026820931,2021
KwaZulu-Natal,Ward 59500049,ETH,19376,0.4850330305532617,True,9.871790465792873,0.4119216660590749,0.013194296658863588,2021
KwaZulu-Natal,Ward 59500050,ETH,18502,0.5133499081180413,True,9.825634113331263,0.41166187819150807,0.01558222783743946,2021
KwaZulu-Natal,Ward 59500051,ETH,17143,0.470746077116024,True,9.749345206007481,0.41205273902638895,0.019454770755885996,2021
KwaZulu-Natal,Ward 59500052,ETH,16063,0.472452219386167,True,9.684273769557766,0.41203708634501146,0.014758202661747266,2021
KwaZulu-Natal,Ward 59500053,ETH,18634,0.3198991091553075,True,9.83274314801037,0.4134366561636432,0.013420567018956551,2021
KwaZulu-Natal,Ward 59500054,ETH,16614,0.3397736848441073,True,9.718000992399016,0.4132543206068653,0.020903454384410984,2021
KwaZulu-Natal,Ward 59500055,ETH,16766,0.3824406537039246,True,9.727108305197802,0.41286288052558257,0.015907673112913287,2021
KwaZulu-Natal,Ward 59500056,ETH,19783,0.3720871455289895,True,9.892578262028092,0.41295786683911406,0.019562559434859395,2021
KwaZulu-Natal,Ward 59500057,ETH,15986,0.4413862129363193,True,9.679468618185965,0.4123220955784963,0.0195578231292517,2021
KwaZulu-Natal,Ward 59500058,ETH,17162,0.4513459969700501,True,9.750452916367067,0.4122307214130493,0.006584043377226956,2021
KwaZulu-Natal,Ward 59500059,ETH,19645,0.4342580809366251,True,9.88557813199256,0.4123874912849156,0.023795569100926034,2021
KwaZulu-Natal,Ward 59500060,ETH,19601,0.4049793377888883,True,9.883335864325275,0.41265610360737187,0.025195263290501386,2021
KwaZulu-Natal,Ward 59500061,ETH,14990,0.4777184789859907,True,9.615138591096644,0.4119887720367562,0.01829353442256668,2021
KwaZulu-Natal,Ward 59500062,ETH,18511,0.4173734536221706,True,9.826120428959685,0.41254239612266286,0.024980585037535596,2021
KwaZulu-Natal,Ward 59500063,ETH,19013,0.4867196128964393,True,9.852878234709586,0.41190619282656865,0.009077155824508321,2021
KwaZulu-Natal,Ward 59500064,ETH,18756,0.4063233098741736,True,9.839268980209477,0.4126437735882408,0.010497310064296024,2021
KwaZulu-Natal,Ward 59500065,ETH,20450,0.4605867970660147,True,9.925738161470948,0.41214594343051747,0.020065824397494426,2021
KwaZulu-Natal,Ward 59500066,ETH,17931,0.4595951146059896,True,9.794286337492364,0.4121550414347379,0.005824535857298871,2021
KwaZulu-Natal,Ward 59500067,ETH,16092,0.4164802386278896,True,9.686077533069678,0.4125505907556379,0.04849298716800955,2021
KwaZulu-Natal,Ward 59500068,ETH,18449,0.4718412922109599,True,9.822765447457765,0.4120426911814813,0.00781160252728317,2021
KwaZulu-Natal,Ward 59500069,ETH,16608,0.4659802504816955,True,9.717639785965615,0.41209646220652046,0.01317999741568678,2021
KwaZulu-Natal,Ward 59500070,ETH,17235,0.4883086742094575,True,9.754697478950966,0.4118916142824125,0.010099809885931559,2021
KwaZulu-Natal,Ward 59500071,ETH,18914,0.4105953262133869,True,9.847657667575458,0.4126045807777893,0.011073911923770281,2021
KwaZulu-Natal,Ward 59500072,ETH,18662,0.399367699067624,True,9.834244649793968,0.41270758653142015,0.02146786528914531,2021
KwaZulu-Natal,Ward 59500073,ETH,16717,0.4860920021534964,True,9.72418144470263,0.4119119507232929,0.014398227910411026,2021
KwaZulu-Natal,Ward 59500074,ETH,16849,0.3752151462994836,True,9.732046586838385,0.4129291695843389,0.006168933881683012,2021
KwaZulu-Natal,Ward 59500075,ETH,15275,0.402684124386252,True,9.633972784039797,0.41267716061106574,0.011055112989757762,2021
KwaZulu-Natal,Ward 59500076,ETH,13534,0.2820304418501552,True,9.51296031679217,0.4137840751297456,0.026984542834686927,2021
KwaZulu-Natal,Ward 59500077,ETH,18331,0.4530576618842398,True,9.816348894719365,0.4122150180652127,0.012161348585189646,2021
KwaZulu-Natal,Ward 59500078,ETH,16856,0.3567275747508305,True,9.732461955484025,0.4130987803324917,0.02727423914851156,2021
KwaZulu-Natal,Ward 59500079,ETH,16593,0.3127222322666184,True,9.716736198662788,0.41350249907087894,0.01271921372133359,2021
KwaZulu-Natal,Ward 59500080,ETH,14872,0.3708310919849381,True,9.60723552940128,0.41296939026612367,0.024660018132366273,2021
KwaZulu-Natal,Ward 59500081,ETH,14519,0.3202699910462153,True,9.583213415483687,0.4134332535774881,0.02666666666666667,2021
KwaZulu-Natal,Ward 59500082,ETH,15512,0.3284553893759669,True,9.649369196922487,0.41335815817996746,0.04317958783120707,2021
KwaZulu-Natal,Ward 59500083,ETH,13906,0.3663886092334244,True,9.540075680658964,0.41301014698861466,0.04631992149165849,2021
KwaZulu-Natal,Ward 59500084,ETH,15589,0.3744306883058567,True,9.654320816312682,0.4129363664466657,0.016275483981497346,2021
KwaZulu-Natal,Ward 59500085,ETH,14086,0.3355104358937952,True,9.552936675305356,0.4132934329825562,0.023487092678798137,2021
KwaZulu-Natal,Ward 59500086,ETH,15418,0.3532883642495784,True,9.643290937019207,0.4131303327224114,0.035248760785753626,2021
KwaZulu-Natal,Ward 59500087,ETH,14462,0.3339787028073572,True,9.579279798734897,0.4133074855796795,0.02194616977225673,2021
KwaZulu-Natal,Ward 59500088,ETH,16706,0.2980964922782234,True,9.723523215315852,0.41363668017168986,0.015261044176706828,2021
KwaZulu-Natal,Ward 59500089,ETH,16438,0.4044895972746076,True,9.707351006708445,0.412660596639613,0.017897428184689427,2021
KwaZulu-Natal,Ward 59500090,ETH,18496,0.4540441176470588,True,9.825309771472105,0.41220596801234277,0.009287925696594427,2021
KwaZulu-Natal,Ward 59500091,ETH,14578,0.4178213746741666,True,9.587268821942159,0.4125382867552133,0.024954851420128057,2021
KwaZulu-Natal,Ward 59500092,ETH,18318,0.4104705753903264,True,9.815639461962933,0.4126057252807532,0.028993217183136057,2021
KwaZulu-Natal,Ward 59500093,ETH,16703,0.4227982997066395,True,9.723343622989947,0.4124926268925301,0.014726706315491363,2021
KwaZulu-Natal,Ward 59500094,ETH,17391,0.3460410557184751,True,9.763708110007842,0.41319682179150413,0.015287470920571618,2021
KwaZulu-Natal,Ward 59500095,ETH,19498,0.4458918863473177,True,9.878067175189218,0.4122807591251844,0.02933057280883368,2021
KwaZulu-Natal,Ward 59500096,ETH,18738,0.4475931262674778,True,9.838308826511133,0.4122651514194949,0.03183498271133898,2021
KwaZulu-Natal,Ward 59500097,ETH,15464,0.4784014485256078,True,9.646270020888167,0.4119825062611634,0.004866180048661801,2021
KwaZulu-Natal,Ward 59500098,ETH,17670,0.4061120543293718,True,9.779623565313742,0.4126457117125051,0.035395763656633224,2021
KwaZulu-Natal,Ward 59500099,ETH,15935,0.4972074050831503,True,9.676273226851437,0.4118099745496263,0.016912785561024865,2021
KwaZulu-Natal,Ward 59500100,ETH,17627,0.5226073637034095,True,9.777187096419954,0.4115769474063212,0.040165002171081196,2021
KwaZulu-Natal,Ward 59500101,ETH,16200,0.3234567901234568,True,9.692766521220475,0.4134040168887061,0.024427480916030534,2021
KwaZulu-Natal,Ward 59500102,ETH,15895,0.4862535388486945,True,9.673759873344903,0.41191046873526355,0.010221244662957691,2021
KwaZulu-Natal,Ward 59500103,ETH,17742,0.5276744448202006,True,9.783689989080532,0.41153046042359837,0.011856440931424909,2021
KwaZulu-Natal,Ward 59500104,ETH,15725,0.3460731319554849,True,9.663007081568642,0.41319652751410035,0.01561925762587284,2021
KwaZulu-Natal,Ward 59500105,ETH,16914,0.5445784557171574,True,9.735896960342167,0.4113753777548189,0.027467158831831505,2021
KwaZulu-Natal,Ward 59500106,ETH,18174,0.439804115769781,True,9.807747280255292,0.41233661023140034,0.02539722256974853,2021
KwaZulu-Natal,Ward 59500107,ETH,15246,0.4075167256985438,True,9.632072452548218,0.4126328248192099,0.027522935779816515,2021
KwaZulu-Natal,Ward 59500108,ETH,13385,0.4579753455360478,True,9.501889955954454,0.4121699017014346,0.028221859706362155,2021
KwaZulu-Natal,Ward 59500109,ETH,19250,0.3512727272727273,True,9.86526633971593,0.41314882480476783,0.01892931085477669,2021
KwaZulu-Natal,Ward 59500110,ETH,17814,0.4591332659705849,True,9.787739943991815,0.41215927857818196,0.008680767820026898,2021
KwaZulu-Natal,Ward 52102001,KZN212,3606,0.4811425402107598,False,8.190354403763262,0.48316542005283203,0.01729106628242075,2021
KwaZulu-Natal,Ward 52102002,KZN212,3933,0.4937706585303839,False,8.27715777243181,0.48246385792396407,0.016992790937178166,2021
KwaZulu-Natal,Ward 52102003,KZN212,4140,0.5657004830917874,False,8.32845106681936,0.4784677565594417,0.020068317677198976,2021
KwaZulu-Natal,Ward 52102004,KZN212,3482,0.546812176909822,False,8.155362120328135,0.47951710690288407,0.01523109243697479,2021
KwaZulu-Natal,Ward 52102005,KZN212,3892,0.5650051387461459,False,8.266678443305896,0.4785063868008661,0.034106412005457026,2021
KwaZulu-Natal,Ward 52102006,KZN212,3973,0.2368487289202114,False,8.287276755814599,0.4967372984578625,0.03825717321997875,2021
KwaZulu-Natal,Ward 52102007,KZN212,4475,0.5698324022346368,False,8.406261630708956,0.47823820549595,0.01215686274509804,2021
KwaZulu-Natal,Ward 52102008,KZN212,3824,0.4597280334728033,False,8.249052274171293,0.48435511487160743,0.022753128555176336,2021
KwaZulu-Natal,Ward 52102009,KZN212,3804,0.4203470031545741,False,8.24380842366528,0.48654294988928676,0.017510944340212633,2021
KwaZulu-Natal,Ward 52102010,KZN212,5029,0.4945317160469278,False,8.522976436171964,0.4824215769508228,0.010856453558504222,2021
KwaZulu-Natal,Ward 52102011,KZN212,3758,0.3991484832357637,False,8.231642179973411,0.4877206454403318,0.023333333333333334,2021
KwaZulu-Natal,Ward 52102012,KZN212,3933,0.5273328248156623,False,8.27715777243181,0.48059929313033745,0.015429122468659595,2021
KwaZulu-Natal,Ward 52102013,KZN212,3380,0.4133136094674556,False,8.125630988477065,0.48693369398301567,0.025053686471009307,2021
KwaZulu-Natal,Ward 52102014,KZN212,4023,0.4332587621178225,False,8.299783171949787,0.48582562994688416,0.01778542742398164,2021
KwaZulu-Natal,Ward 52102015,KZN212,2887,0.6238309664011085,False,7.967973179662935,0.47523828526447937,0.002220988339811216,2021
KwaZulu-Natal,Ward 52102016,KZN212,3097,0.4194381659670649,False,8.038189179973203,0.4865934408441484,0.0,2021
KwaZulu-Natal,Ward 52102017,KZN212,3394,0.478491455509723,False,8.129764445794171,0.483312702536223,0.02401477832512315,2021
KwaZulu-Natal,Ward 52102018,KZN212,3707,0.5856487725923928,False,8.217978203150732,0.4773595182538524,0.008751727314601566,2021
KwaZulu-Natal,Ward 52102019,KZN212,3494,0.4639381797366915,False,8.158802490694002,0.48412121785694695,0.0215916101172116,2021
KwaZulu-Natal,Ward 52103001,KZN213,3694,0.547103410936654,False,8.214465160759186,0.5104881196544585,0.027214250371103414,2021
KwaZulu-Natal,Ward 52103002,KZN213,4213,0.4471872774744837,False,8.345930261979017,0.5157468635208885,0.01167728237791932,2021
KwaZulu-Natal,Ward 52103003,KZN213,4009,0.4622100274382639,False,8.296297112642508,0.5149561924701632,0.019967620075553156,2021
KwaZulu-Natal,Ward 52103004,KZN213,3962,0.4626451287228672,False,8.284504227258497,0.5149332924025526,0.01691216584833606,2021
KwaZulu-Natal,Ward 52103005,KZN213,3627,0.47808105872622,False,8.196161139282902,0.5141208750339551,0.01845444059976932,2021
KwaZulu-Natal,Ward 52103006,KZN213,3840,0.5276041666666667,False,8.253227645581772,0.5115143956686684,0.02073050345508391,2021
KwaZulu-Natal,Ward 52103007,KZN213,3301,0.520448348985156,False,8.101980731853192,0.5118910176519058,0.03608847497089639,2021
KwaZulu-Natal,Ward 52103008,KZN213,4341,0.5367426860170468,False,8.375860015299594,0.5110334209660168,0.016738197424892704,2021
KwaZulu-Natal,Ward 52103009,KZN213,4220,0.3881516587677725,False,8.347590407030058,0.5188540013475574,0.029914529914529916,2021
KwaZulu-Natal,Ward 52103010,KZN213,3906,0.4321556579621096,False,8.270269111436624,0.5165380013899609,0.022511848341232227,2021
KwaZulu-Natal,Ward 52103011,KZN213,3602,0.5219322598556357,False,8.189244525735901,0.5118129170797753,0.023936170212765957,2021
KwaZulu-Natal,Ward 52103012,KZN213,3224,0.5880893300248139,False,8.07837810362652,0.5083309660182396,0.025843881856540084,2021
KwaZulu-Natal,Ward 52103013,KZN213,3478,0.5051753881541116,False,8.154212694914229,0.5126948576956449,0.02390438247011952,2021
KwaZulu-Natal,Ward 52103014,KZN213,3722,0.5870499731327243,False,8.222016437202196,0.50838566901256,0.008695652173913044,2021
KwaZulu-Natal,Ward 52103015,KZN213,4509,0.4650698602794411,False,8.413830678421084,0.5148056749522066,0.025274201239866477,2021
KwaZulu-Natal,Ward 52103016,KZN213,3938,0.5223463687150838,False,8.278428259199071,0.5117911218766464,0.02236266407389402,2021
KwaZulu-Natal,Ward 52103017,KZN213,3539,0.5911274371291325,False,8.171599480345463,0.508171065644328,0.014340344168260038,2021
KwaZulu-Natal,Ward 52103018,KZN213,3849,0.5941803065731359,False,8.255568653283746,0.50801038830517,0.036292085701792744,2021
KwaZulu-Natal,Ward 52103019,KZN213,3759,0.5160947060388401,False,8.231908243564177,0.5121201567543434,0.00979381443298969,2021
KwaZulu-Natal,Ward 52103020,KZN213,3973,0.5529826327712056,False,8.287276755814599,0.5101786869263242,0.010013654984069186,2021
KwaZulu-Natal,Ward 52104001,KZN214,4742,0.5729649936735555,False,8.464214266625351,0.5433722445006937,0.02465955097534045,2021
KwaZulu-Natal,Ward 52104002,KZN214,3883,0.546227143960855,False,8.264363329731667,0.5463431166909937,0.04337576614804337,2021
KwaZulu-Natal,Ward 52104003,KZN214,4151,0.3888219706094917,False,8.33110454805304,0.5638325803967007,0.024163568773234202,2021
KwaZulu-Natal,Ward 52104004,KZN214,3743,0.561848784397542,False,8.22764270790443,0.5446073788646951,0.028530670470756064,2021
KwaZulu-Natal,Ward 52104005,KZN214,4613,0.5055278560589638,False,8.43663368355782,0.5508652597912038,0.0137221269296741,2021
KwaZulu-Natal,Ward 52104006,KZN214,3958,0.6035876705406771,False,8.28349412616251,0.5399697248487912,0.05692758476349937,2021
KwaZulu-Natal,Ward 52104007,KZN214,4013,0.5746324445551956,False,8.297294370266917,0.5431869721805114,0.042497831743278404,2021
KwaZulu-Natal,Ward 52104008,KZN214,3730,0.5361930294906166,False,8.224163512637862,0.5474580182987979,0.0365,2021
KwaZulu-Natal,Ward 52104009,KZN214,5082,0.5855962219598583,False,8.53346016388011,0.5419687746911044,0.025873655913978496,2021
KwaZulu-Natal,Ward 52104010,KZN214,3674,0.587915078933043,False,8.20903626577507,0.5417111239163062,0.020370370370370372,2021
KwaZulu-Natal,Ward 52106001,KZN216,5843,0.4629471162074277,False,8.672999642554437,0.4790157501231994,0.014048059149722736,2021
KwaZulu-Natal,Ward 52106002,KZN216,4616,0.5301126516464472,False,8.437283808187935,0.4770967348249417,0.0004086636697997548,2021
KwaZulu-Natal,Ward 52106003,KZN216,4903,0.4727717723842545,False,8.497602541651233,0.47873504566100433,0.011216566005176877,2021
KwaZulu-Natal,Ward 52106004,KZN216,4985,0.4413239719157472,False,8.514188682395938,0.4796335542458189,0.026818181818181817,2021
KwaZulu-Natal,Ward 52106005,KZN216,4937,0.4356896900951995,False,8.504513138258863,0.47979453372640596,0.01906090190609019,2021
KwaZulu-Natal,Ward 52106006,KZN216,4911,0.4333129708816942,False,8.499232866039245,0.47986243998964895,0.011278195488721804,2021
KwaZulu-Natal,Ward 52106007,KZN216,5058,0.5614867536575722,False,8.52872642722991,0.4762003319103381,0.014084507042253521,2021
KwaZulu-Natal,Ward 52106008,KZN216,5497,0.4797162088411861,False,8.61195776786066,0.4785366331908063,0.02427000379218809,2021
KwaZulu-Natal,Ward 52106009,KZN216,4514,0.5369960124058485,False,8.414938957377482,0.47690006737467316,0.011138613861386138,2021
KwaZulu-Natal,Ward 52106010,KZN216,4772,0.4767393126571668,False,8.470520783217808,0.4786216873674926,0.027252747252747254,2021
KwaZulu-Natal,Ward 52106011,KZN216,4902,0.4761321909424724,False,8.497398564088058,0.4786390337021981,0.008997429305912597,2021
KwaZulu-Natal,Ward 52106012,KZN216,4231,0.4814464665563696,False,8.350193650720067,0.47848719725608674,0.007363770250368188,2021
KwaZulu-Natal,Ward 52106013,KZN216,4162,0.4987986544930322,False,8.33375100695358,0.4779914204578964,0.018304431599229287,2021
KwaZulu-Natal,Ward 52106014,KZN216,4885,0.4847492323439099,False,8.493924564476883,0.4783928325193,0.018581081081081082,2021
KwaZulu-Natal,Ward 52106015,KZN216,4655,0.6324382384532761,False,8.445697189711167,0.4741731466304609,0.018342391304347828,2021
KwaZulu-Natal,Ward 52106016,KZN216,5137,0.5353319057815846,False,8.544224530467268,0.4769476132782235,0.009454545454545455,2021
KwaZulu-Natal,Ward 52106017,KZN216,5193,0.4615829000577701,False,8.555066843844319,0.4790547277274753,0.012515644555694618,2021
KwaZulu-Natal,Ward 52106018,KZN216,4150,0.4125301204819277,False,8.330863613224745,0.4804562357153565,0.005841121495327103,2021
KwaZulu-Natal,Ward 52106019,KZN216,4646,0.5316401205337925,False,8.443761913330354,0.4770530928567318,0.0024291497975708503,2021
KwaZulu-Natal,Ward 52106020,KZN216,5642,0.4707550514002127,False,8.637993891561942,0.4787926662605484,0.024849397590361446,2021
KwaZulu-Natal,Ward 52106021,KZN216,4632,0.4270293609671848,False,8.440744019252831,0.48004197170149204,0.027805864509605663,2021
KwaZulu-Natal,Ward 52106022,KZN216,4873,0.4494151446747383,False,8.491465042843506,0.47940237788127626,0.042922374429223746,2021
KwaZulu-Natal,Ward 52106023,KZN216,5306,0.3839050131926121,False,8.576593534697684,0.4812740959236227,0.015709376534118802,2021
KwaZulu-Natal,Ward 52106024,KZN216,5282,0.4180234759560772,False,8.572060092857077,0.48029928270180944,0.014492753623188406,2021
KwaZulu-Natal,Ward 52106025,KZN216,4924,0.4928919577579204,False,8.501876487304344,0.4781601832217568,0.02018953440461475,2021
KwaZulu-Natal,Ward 52106026,KZN216,3465,0.4776334776334776,False,8.150467911624004,0.4785961397967408,0.027794561933534745,2021
KwaZulu-Natal,Ward 52106027,KZN216,5103,0.3550852439741329,False,8.537583881063972,0.4820975179012935,0.02041942604856512,2021
KwaZulu-Natal,Ward 52106028,KZN216,4277,0.4620060790273556,False,8.361007108226909,0.47904263689977294,0.01568825910931174,2021
KwaZulu-Natal,Ward 52106029,KZN216,4934,0.5212809079854074,False,8.503905297089302,0.4773490703581143,0.026438569206842923,2021
KwaZulu-Natal,Ward 52106030,KZN216,4150,0.5619277108433735,False,8.330863613224745,0.47618773313360097,0.015437392795883362,2021
KwaZulu-Natal,Ward 52106031,KZN216,4528,0.4743816254416961,False,8.41803561988302,0.4786890498593631,0.010707635009310988,2021
KwaZulu-Natal,Ward 52106032,KZN216,4592,0.4610191637630662,False,8.432070937999402,0.4790708344787526,0.025035427491733587,2021
KwaZulu-Natal,Ward 52106033,KZN216,4034,0.4930589985126425,False,8.302513718514158,0.47815541062876477,0.01809954751131222,2021
KwaZulu-Natal,Ward 52106034,KZN216,4414,0.4777979157227005,False,8.392536586816682,0.4785914415656202,0.017069701280227598,2021
KwaZulu-Natal,Ward 52106035,KZN216,4382,0.4586946599726152,False,8.385260520155413,0.4791372488727655,0.01890547263681592,2021
KwaZulu-Natal,Ward 52106036,KZN216,4411,0.4978462933575153,False,8.39185670010494,0.47801863077605405,0.014571948998178506,2021
KwaZulu-Natal,Ward 52201001,KZN221,4729,0.5844787481497146,False,8.461469042643875,0.5189506951963303,0.02134587554269175,2021
KwaZulu-Natal,Ward 52201002,KZN221,3956,0.5166835187057633,False,8.282988692742602,0.524165712845865,0.01223091976516634,2021
KwaZulu-Natal,Ward 52201003,KZN221,5085,0.5624385447394297,False,8.53405030848266,0.5206460954586599,0.019580419580419582,2021
KwaZulu-Natal,Ward 52201004,KZN221,4138,0.4770420492991784,False,8.327967858305488,0.5272150566463716,0.06231003039513678,2021
KwaZulu-Natal,Ward 52201005,KZN221,3657,0.5151763740771124,False,8.204398418149381,0.5242816470480689,0.0037154989384288748,2021
KwaZulu-Natal,Ward 52201006,KZN221,4157,0.5503969208563868,False,8.332548939252638,0.5215723742188939,0.021853146853146852,2021
KwaZulu-Natal,Ward 52201007,KZN221,3514,0.5441092771770063,False,8.164510268747042,0.5220560391173078,0.03608786610878661,2021
KwaZulu-Natal,Ward 52201008,KZN221,3770,0.5392572944297083,False,8.234830280442056,0.5224292685594076,0.03787506148548942,2021
KwaZulu-Natal,Ward 52201009,KZN221,4405,0.4192962542565266,False,8.39049553837028,0.5316570408804216,0.0010828370330265296,2021
KwaZulu-Natal,Ward 52201010,KZN221,5203,0.5806265615990774,False,8.556990661290303,0.519247017238687,0.004634227077126779,2021
KwaZulu-Natal,Ward 52201011,KZN221,4176,0.5795019157088123,False,8.337109129562474,0.5193335284610151,0.062396694214876036,2021
KwaZulu-Natal,Ward 52201012,KZN221,3795,0.5562582345191041,False,8.24143968982973,0.5211215039371464,0.02984367598294647,2021
KwaZulu-Natal,Ward 52201013,KZN221,3501,0.4684375892602114,False,8.160803920954665,0.5278769381878305,0.03536585365853658,2021
KwaZulu-Natal,Ward 52201014,KZN221,2736,0.4371345029239766,False,7.914252278742441,0.5302848679060024,0.01839464882943144,2021
KwaZulu-Natal,Ward 52202001,KZN222,3635,0.5226960110041265,False,8.19836438996762,0.5796548368266468,0.00631578947368421,2021
KwaZulu-Natal,Ward 52202002,KZN222,5066,0.5981050138176076,False,8.53030683056162,0.572799472934512,0.0049504950495049506,2021
KwaZulu-Natal,Ward 52202003,KZN222,3951,0.4816502151354087,False,8.281723990411392,0.583386272814712,0.021544929059379925,2021
KwaZulu-Natal,Ward 52202004,KZN222,3606,0.5554631170271769,False,8.190354403763262,0.5766760090063694,0.023464802795806292,2021
KwaZulu-Natal,Ward 52202005,KZN222,4689,0.7425890381744509,False,8.452974619089586,0.5596645616293445,0.01234922458357266,2021
KwaZulu-Natal,Ward 52202006,KZN222,4631,0.6240552796372274,False,8.440528106480752,0.5704403578600012,0.0031141868512110727,2021
KwaZulu-Natal,Ward 52202007,KZN222,4796,0.6244787322768974,False,8.475537516147405,0.5704018621654857,0.009015025041736227,2021
KwaZulu-Natal,Ward 52202008,KZN222,3910,0.5754475703324808,False,8.271292652979412,0.574859240524069,0.04844444444444444,2021
KwaZulu-Natal,Ward 52202009,KZN222,3568,0.5257847533632287,False,8.1797604936999,0.5793740420667284,0.013326226012793176,2021
KwaZulu-Natal,Ward 52202010,KZN222,3601,0.4987503471257984,False,8.188966863648876,0.5818317153610402,0.01893095768374165,2021
KwaZulu-Natal,Ward 52202011,KZN222,4152,0.546242774566474,False,8.331345424845724,0.5775142219573425,0.010582010582010581,2021
KwaZulu-Natal,Ward 52202012,KZN222,4400,0.6036363636363636,False,8.389359819906353,0.5722966229509888,0.10052710843373494,2021
KwaZulu-Natal,Ward 52203001,KZN223,2833,0.4507589128132721,False,7.949091499830517,0.5059639821753495,0.011746280344557557,2021
KwaZulu-Natal,Ward 52203002,KZN223,3183,0.4853911404335532,False,8.065579427282092,0.4973059252702793,0.01488673139158576,2021
KwaZulu-Natal,Ward 52203003,KZN223,3374,0.5420865441612329,False,8.123854263105914,0.48313207433835936,0.018042646254784037,2021
KwaZulu-Natal,Ward 52203004,KZN223,3796,0.5092202318229716,False,8.241703159729818,0.4913486524229247,0.017071908949818936,2021
KwaZulu-Natal,Ward 52203005,KZN223,3582,0.4871580122836404,False,8.183676582620658,0.4968642073077575,0.01489971346704871,2021
KwaZulu-Natal,Ward 52204001,KZN224,4055,0.5689272503082614,False,8.307705966549513,0.5543865958125609,0.02080624187256177,2021
KwaZulu-Natal,Ward 52204002,KZN224,3441,0.5762859633827376,False,8.14351740579748,0.5519336914544022,0.023701462430660614,2021
KwaZulu-Natal,Ward 52204003,KZN224,2929,0.5373847729600546,False,7.982416346827733,0.5649007549286299,0.020330368487928845,2021
KwaZulu-Natal,Ward 52204004,KZN224,3425,0.5494890510948905,False,8.138856750696325,0.5608659955503512,0.024442082890541977,2021
KwaZulu-Natal,Ward 52205001,KZN225,8400,0.5684523809523809,False,9.035986984831405,0.47526851513145085,0.019476439790575915,2021
KwaZulu-Natal,Ward 52205002,KZN225,7243,0.5588844401491095,False,8.887790764195326,0.47552030304732634,0.021245059288537548,2021
KwaZulu-Natal,Ward 52205003,KZN225,7551,0.5911799761620977,False,8.929435283803425,0.47467042052066877,0.0114247311827957,2021
KwaZulu-Natal,Ward 52205004,KZN225,7315,0.5391660970608338,False,8.897682313454224,0.47603920681280737,0.03727180527383367,2021
KwaZulu-Natal,Ward 52205005,KZN225,9356,0.5476699444206926,False,9.143773127704069,0.4758154213559689,0.053864168618266976,2021
KwaZulu-Natal,Ward 52205006,KZN225,8171,0.5299228980540938,False,9.008346579384707,0.4762824488919321,0.019630484988452657,2021
KwaZulu-Natal,Ward 52205007,KZN225,7688,0.6110822060353798,False,8.947415950650129,0.4741466776292666,0.030012771392081736,2021
KwaZulu-Natal,Ward 52205008,KZN225,7447,0.5506915536457634,False,8.915566545710645,0.4757359053237302,0.029504998780785174,2021
KwaZulu-Natal,Ward 52205009,KZN225,8463,0.5295994328252392,False,9.043458999670106,0.47629096113479663,0.023873270861222668,2021
KwaZulu-Natal,Ward 52205010,KZN225,7391,0.4782843999458801,False,8.908018322784887,0.477641356736885,0.021216407355021217,2021
KwaZulu-Natal,Ward 52205011,KZN225,9387,0.5076169170128901,False,9.147081032336992,0.47686944839301637,0.021825813221406087,2021
KwaZulu-Natal,Ward 52205012,KZN225,7481,0.4769415853495522,False,8.920121751872404,0.47767669396310414,0.02102017937219731,2021
KwaZulu-Natal,Ward 52205013,KZN225,9086,0.4339643407440017,False,9.114490046319348,0.4788076740843029,0.02155718995688562,2021
KwaZulu-Natal,Ward 52205014,KZN225,7882,0.4724689165186501,False,8.97233695775495,0.4777943957744437,0.02389903329752954,2021
KwaZulu-Natal,Ward 52205015,KZN225,8133,0.4251813598917988,False,9.003685138166775,0.47903880515936087,0.027472527472527472,2021
KwaZulu-Natal,Ward 52205016,KZN225,7891,0.416170320618426,False,8.973478148521036,0.47927593777181804,0.0341047503045067,2021
KwaZulu-Natal,Ward 52205017,KZN225,8223,0.4059345737565365,False,9.014690384970896,0.47954529953134145,0.011384062312762133,2021
KwaZulu-Natal,Ward 52205018,KZN225,8192,0.4725341796875,False,9.010913347279288,0.4777926783226319,0.019116507362438646,2021
KwaZulu-Natal,Ward 52205019,KZN225,8792,0.4195859872611465,False,9.081597496083457,0.47918605180753593,0.026565464895635674,2021
KwaZulu-Natal,Ward 52205020,KZN225,7471,0.4698166242805515,False,8.918784137975802,0.4778641929386042,0.018233618233618232,2021
KwaZulu-Natal,Ward 52205021,KZN225,7767,0.5111368610789236,False,8.957639268419648,0.4767768182860155,0.03425692695214106,2021
KwaZulu-Natal,Ward 52205022,KZN225,8496,0.4350282485875706,False,9.04735074348172,0.4787796765094721,0.0183982683982684,2021
KwaZulu-Natal,Ward 52205023,KZN225,8213,0.4390600267868014,False,9.013473543740192,0.4786735770831766,0.01968940654464781,2021
KwaZulu-Natal,Ward 52205024,KZN225,8905,0.366535654126895,False,9.094368195723762,0.4805821132058057,0.015012254901960785,2021
KwaZulu-Natal,Ward 52205025,KZN225,7674,0.5587698722960647,False,8.945593270806897,0.47552331799082753,0.004197761194029851,2021
KwaZulu-Natal,Ward 52205026,KZN225,9108,0.519433465085639,False,9.11690842718363,0.4765584866016282,0.004438807863031071,2021
KwaZulu-Natal,Ward 52205027,KZN225,6988,0.3188322839152833,False,8.851949671253948,0.48183746505347963,0.013016157989228007,2021
KwaZulu-Natal,Ward 52205028,KZN225,8971,0.4488908705829896,False,9.101752431559284,0.47841487066748745,0.02607400049664763,2021
KwaZulu-Natal,Ward 52205029,KZN225,8566,0.4796871351856175,False,9.055556158175316,0.47760444265162877,0.0474568021416403,2021
KwaZulu-Natal,Ward 52205030,KZN225,9605,0.5068193649141073,False,9.170039075202657,0.4768904366061422,0.03656532456861134,2021
KwaZulu-Natal,Ward 52205031,KZN225,9393,0.4242521026296178,False,9.147720009994515,0.4790632592978393,0.010790464240903387,2021
KwaZulu-Natal,Ward 52205032,KZN225,8811,0.4259448416751787,False,9.08375621986673,0.47901871353348247,0.022648547828403944,2021
KwaZulu-Natal,Ward 52205033,KZN225,9207,0.3788421852937982,False,9.127719343287845,0.4802582571224661,0.005447247706422019,2021
KwaZulu-Natal,Ward 52205034,KZN225,9356,0.3941855493800769,False,9.143773127704069,0.4798544843833536,0.02982646420824295,2021
KwaZulu-Natal,Ward 52205035,KZN225,9249,0.5176775867661368,False,9.13227071655426,0.47660469392582566,0.014202172096908938,2021
KwaZulu-Natal,Ward 52205036,KZN225,7807,0.3760727552196746,False,8.962776046120291,0.4803311368612589,0.006130790190735695,2021
KwaZulu-Natal,Ward 52205037,KZN225,7803,0.5023708829937203,False,8.962263554116761,0.4770075019198366,0.009438775510204082,2021
KwaZulu-Natal,Ward 52205038,KZN225,7212,0.4801719356627842,False,8.883501584323207,0.4775916847443349,0.020791221484262202,2021
KwaZulu-Natal,Ward 52205039,KZN225,7262,0.5397961993941063,False,8.89041055197428,0.476022625172458,0.014285714285714285,2021
KwaZulu-Natal,Ward 52206001,KZN226,4943,0.5092049362735181,False,8.505727713306959,0.38827443609216766,0.014700039729837107,2021
KwaZulu-Natal,Ward 52206002,KZN226,5060,0.1705533596837944,False,8.52912176228151,0.4447163655237883,0.010428736964078795,2021
KwaZulu-Natal,Ward 52206003,KZN226,4866,0.4551993423756679,False,8.490027523343468,0.39727536840847605,0.022121896162528215,2021
KwaZulu-Natal,Ward 52206004,KZN226,3963,0.4890234670704012,False,8.284756593190435,0.3916380142926872,0.022703818369453045,2021
KwaZulu-Natal,Ward 52206005,KZN226,4179,0.1916726489590811,False,8.337827262447915,0.4411964839779072,0.02372034956304619,2021
KwaZulu-Natal,Ward 52206006,KZN226,4433,0.5296638845025942,False,8.396831834745054,0.3848646113873217,0.017035775127768313,2021
KwaZulu-Natal,Ward 52206007,KZN226,3789,0.4935339139614674,False,8.239857411018601,0.39088627314417607,0.044919786096256686,2021
KwaZulu-Natal,Ward 52207001,KZN227,4919,0.4580199227485261,False,8.50086053679534,0.5132282376897842,0.019529516200621395,2021
KwaZulu-Natal,Ward 52207002,KZN227,5171,0.4184877199767937,False,8.550821372396221,0.5198169381517396,0.02865064695009242,2021
KwaZulu-Natal,Ward 52207003,KZN227,4547,0.5262810644380911,False,8.42222295382501,0.5018513807415234,0.0192227329711659,2021
KwaZulu-Natal,Ward 52207004,KZN227,4528,0.5265017667844523,False,8.41803561988302,0.5018145970171298,0.007550335570469799,2021
KwaZulu-Natal,Ward 52207005,KZN227,4892,0.5353638593622241,False,8.495356496807062,0.5003375815875012,0.009927453226422299,2021
KwaZulu-Natal,Ward 52207006,KZN227,4238,0.5986314299197735,False,8.351846738828245,0.48979298649457625,0.03783996846669294,2021
KwaZulu-Natal,Ward 52207007,KZN227,4267,0.4741035856573705,False,8.358666283188,0.5105476272049768,0.012852199703410776,2021
KwaZulu-Natal,Ward 52305001,KZN235,3953,0.5562863647862383,False,8.282230063296685,0.5548214439633725,0.0286493860845839,2021
KwaZulu-Natal,Ward 52305002,KZN235,4499,0.601911535896866,False,8.411610428841172,0.5515625031697563,0.027326440177252585,2021
KwaZulu-Natal,Ward 52305003,KZN235,4027,0.598957039980134,False,8.300776960851454,0.55177353859238,0.017412935323383085,2021
KwaZulu-Natal,Ward 52305004,KZN235,4333,0.5905838910685437,False,8.374015421739909,0.5523716206574936,0.01836654943337241,2021
KwaZulu-Natal,Ward 52305005,KZN235,4447,0.5376658421407691,False,8.399984990510696,0.5561514812951918,0.02342116269343371,2021
KwaZulu-Natal,Ward 52305006,KZN235,4159,0.5157489781197403,False,8.33302993974291,0.5577169715824082,0.027972027972027972,2021
KwaZulu-Natal,Ward 52305007,KZN235,3946,0.459706031424227,False,8.28045768658256,0.5617200392035162,0.013230429988974642,2021
KwaZulu-Natal,Ward 52305008,KZN235,4211,0.5385894086915222,False,8.345455428161928,0.5560855122558522,0.017195767195767195,2021
KwaZulu-Natal,Ward 52305009,KZN235,4220,0.5407582938388625,False,8.347590407030058,0.555930591888185,0.012269938650306749,2021
KwaZulu-Natal,Ward 52305010,KZN235,4078,0.5424227562530652,False,8.3133619511344,0.555811701715742,0.015370705244122965,2021
KwaZulu-Natal,Ward 52305011,KZN235,3709,0.5341062280938258,False,8.21851757748959,0.556405739441402,0.013629480060575468,2021
KwaZulu-Natal,Ward 52305012,KZN235,4257,0.5719990603711534,False,8.356319965828153,0.55369910856445,0.023408624229979465,2021
KwaZulu-Natal,Ward 52305013,KZN235,3474,0.5561312607944733,False,8.153061946801051,0.5548325228199272,0.023809523809523808,2021
KwaZulu-Natal,Ward 52305014,KZN235,4265,0.6150058616647128,False,8.35819745992578,0.5506271941863387,0.035836828059473885,2021
KwaZulu-Natal,Ward 52305015,KZN235,3536,0.5639140271493213,False,8.170751423757535,0.5542766109374381,0.017051153460381142,2021
KwaZulu-Natal,Ward 52307001,KZN237,3779,0.560730351944959,False,8.237214703349489,0.5511854003119905,0.01793298725814063,2021
KwaZulu-Natal,Ward 52307002,KZN237,4228,0.5021286660359509,False,8.349484346990128,0.5538491133078546,0.024964672633066416,2021
KwaZulu-Natal,Ward 52307003,KZN237,3750,0.5136,False,8.229511118964457,0.5533276890367614,0.024402907580477674,2021
KwaZulu-Natal,Ward 52307004,KZN237,4192,0.5465171755725191,False,8.340933226000878,0.5518314537834651,0.01789611523352248,2021
KwaZulu-Natal,Ward 52307005,KZN237,3801,0.5390686661404893,False,8.24301946898925,0.5521700223940119,0.01171303074670571,2021
KwaZulu-Natal,Ward 52307006,KZN237,4568,0.6109894921190894,False,8.426830751335846,0.5489008939404392,0.02257255463991401,2021
KwaZulu-Natal,Ward 52307007,KZN237,4285,0.476779463243874,False,8.36287583103188,0.5550013497984035,0.014684287812041116,2021
KwaZulu-Natal,Ward 52307008,KZN237,4350,0.5691954022988506,False,8.37793112408273,0.5508006252959046,0.01938610662358643,2021
KwaZulu-Natal,Ward 52307009,KZN237,4399,0.5414867015230734,False,8.389132521348719,0.5520601116948035,0.015113350125944584,2021
KwaZulu-Natal,Ward 52307010,KZN237,4461,0.4366733916162295,False,8.403128235128264,0.5568243530542055,0.012833675564681724,2021
KwaZulu-Natal,Ward 52307011,KZN237,4289,0.4975518768943809,False,8.36380888451688,0.5540571491779259,0.02155576382380506,2021
KwaZulu-Natal,Ward 52307012,KZN237,3877,0.5137993293783853,False,8.262816937670928,0.5533186286104712,0.02610441767068273,2021
KwaZulu-Natal,Ward 52307013,KZN237,4509,0.5812818806830783,False,8.413830678421084,0.5502512399148033,0.018313620755436855,2021
KwaZulu-Natal,Ward 52307014,KZN237,3479,0.5605058924978442,False,8.154500175151941,0.5511956030141322,0.014871794871794871,2021
KwaZulu-Natal,Ward 52307015,KZN237,4164,0.6015850144092219,False,8.33423142973486,0.5493283701999786,0.010778443113772455,2021
KwaZulu-Natal,Ward 52307016,KZN237,4610,0.5123644251626898,False,8.435983135990694,0.5533838515293664,0.014394580863674851,2021
KwaZulu-Natal,Ward 52307017,KZN237,4030,0.5315136476426799,False,8.301521654940728,0.5525134323257306,0.013071895424836602,2021
KwaZulu-Natal,Ward 52307018,KZN237,3890,0.5334190231362468,False,8.266164436612492,0.5524268243487502,0.022650602409638555,2021
KwaZulu-Natal,Ward 52307019,KZN237,4122,0.507278020378457,False,8.324093761450404,0.5536150517468316,0.01482544237207078,2021
KwaZulu-Natal,Ward 52307020,KZN237,3706,0.6254722072315164,False,8.217708406845306,0.5482425887080562,0.011647972389991372,2021
KwaZulu-Natal,Ward 52307021,KZN237,4533,0.6441650121332451,False,8.41913925094085,0.5473929157579775,0.017465753424657535,2021
KwaZulu-Natal,Ward 52307022,KZN237,4425,0.7012429378531073,False,8.39502555744203,0.5447984645888929,0.011279407025459234,2021
KwaZulu-Natal,Ward 52307023,KZN237,4820,0.5794605809128631,False,8.480529207044645,0.5503340262679949,0.011815252416756176,2021
KwaZulu-Natal,Ward 52308001,KZN238,4139,0.5554481758878956,False,8.328209491748732,0.5326206920942587,0.009569377990430622,2021
KwaZulu-Natal,Ward 52308002,KZN238,4201,0.4884551297310164,False,8.343077871169383,0.5345347791273124,0.01364522417153996,2021
KwaZulu-Natal,Ward 52308003,KZN238,4799,0.4734319649927068,False,8.476162841858246,0.5349640124055498,0.022887323943661973,2021
KwaZulu-Natal,Ward 52308004,KZN238,3418,0.5435927442949093,False,8.136810863675537,0.5329594187112012,0.016684607104413347,2021
KwaZulu-Natal,Ward 52308005,KZN238,4295,0.5722933643771828,False,8.365206834418355,0.5321394009945647,0.004882017900732303,2021
KwaZulu-Natal,Ward 52308006,KZN238,4684,0.5012809564474808,False,8.451907724717607,0.5341683269354134,0.010221465076660987,2021
KwaZulu-Natal,Ward 52308007,KZN238,5244,0.5125858123569794,False,8.56483984488359,0.5338453310522849,0.013392857142857142,2021
KwaZulu-Natal,Ward 52308008,KZN238,4042,0.4777337951509154,False,8.304494897963567,0.5348411029724581,0.004142931123770067,2021
KwaZulu-Natal,Ward 52308009,KZN238,4888,0.4973404255319149,False,8.494538500851432,0.5342809135330011,0.013986013986013986,2021
KwaZulu-Natal,Ward 52308010,KZN238,3897,0.3890171927123428,False,8.26796230533871,0.5373758630421317,0.0,2021
KwaZulu-Natal,Ward 52308011,KZN238,5073,0.5186280307510349,False,8.53168763756669,0.5336726962410262,0.0,2021
KwaZulu-Natal,Ward 52308012,KZN238,3873,0.501420087787245,False,8.261784679514752,0.5341643517542772,0.0005149330587023687,2021
KwaZulu-Natal,Ward 52308013,KZN238,3766,0.4893786510886883,False,8.233768709217097,0.5345083928028075,0.0065111231687466084,2021
KwaZulu-Natal,Ward 52308014,KZN238,4013,0.6142536755544481,False,8.297294370266917,0.5309405349609286,0.023529411764705882,2021
KwaZulu-Natal,Ward 52308015,KZN238,4225,0.6442603550295858,False,8.348774539791274,0.530083201261639,0.007714915503306392,2021
KwaZulu-Natal,Ward 52308016,KZN238,4056,0.5685404339250493,False,8.30795254527102,0.5322466275789115,0.01777970511708586,2021
KwaZulu-Natal,Ward 52308017,KZN238,4125,0.6031515151515151,False,8.324821298768782,0.5312577395438696,0.03536977491961415,2021
KwaZulu-Natal,Ward 52308018,KZN238,3874,0.5428497676819825,False,8.262042843966942,0.5329806466144277,0.01806942463147884,2021
KwaZulu-Natal,Ward 52308019,KZN238,4217,0.5117382025136353,False,8.34687925374656,0.5338695484763805,0.026413345690454126,2021
KwaZulu-Natal,Ward 52308020,KZN238,4249,0.5198870322428807,False,8.354438940114811,0.5336367247698306,0.009506564056133997,2021
KwaZulu-Natal,Ward 52308021,KZN238,4724,0.43077900084674,False,8.460411177317253,0.536182668524006,0.005896805896805897,2021
KwaZulu-Natal,Ward 52308022,KZN238,4413,0.4103784273736687,False,8.392310009269547,0.536765542051808,0.013252346769740474,2021
KwaZulu-Natal,Ward 52308023,KZN238,4305,0.6127758420441347,False,8.367532416861831,0.530982758775509,0.009855951478392721,2021
KwaZulu-Natal,Ward 52308024,KZN238,4519,0.533082540385041,False,8.41604600941128,0.5332597102514831,0.0157741801577418,2021
KwaZulu-Natal,Ward 52308025,KZN238,4457,0.5351133049136191,False,8.402231172946555,0.5332016884078095,0.012159329140461216,2021
KwaZulu-Natal,Ward 52308026,KZN238,4282,0.5380663241475946,False,8.362175469149628,0.533117316429696,0.024305555555555556,2021
KwaZulu-Natal,Ward 52308027,KZN238,5100,0.5643137254901961,False,8.536995818712418,0.5323673906770502,0.014940931202223767,2021
KwaZulu-Natal,Ward 52308028,KZN238,4188,0.5828557784145176,False,8.339978571990427,0.5318376177363552,0.015567390413764851,2021
KwaZulu-Natal,Ward 52308029,KZN238,4181,0.6637168141592921,False,8.338305731356565,0.5295273024293616,0.016576576576576577,2021
KwaZulu-Natal,Ward 52308030,KZN238,4163,0.5736247898150373,False,8.333991247194975,0.5321013602677689,0.01340033500837521,2021
KwaZulu-Natal,Ward 52308031,KZN238,3852,0.5763239875389408,False,8.256347772918016,0.5320242403328003,0.008108108108108109,2021
KwaZulu-Natal,Ward 52308032,KZN238,4744,0.4951517706576728,False,8.464635940677562,0.5343434465294079,0.008088548318433376,2021
KwaZulu-Natal,Ward 52308033,KZN238,4795,0.605422314911366,False,8.475328987317539,0.531192859550731,0.0165346193592835,2021
KwaZulu-Natal,Ward 52308034,KZN238,4405,0.5275822928490352,False,8.39049553837028,0.5334168601810833,0.010757314974182444,2021
KwaZulu-Natal,Ward 52308035,KZN238,5492,0.5200291332847778,False,8.61104776688786,0.5336326647400621,0.015056022408963586,2021
KwaZulu-Natal,Ward 52308036,KZN238,4496,0.5026690391459074,False,8.410943391573527,0.5341286674297441,0.01902654867256637,2021
KwaZulu-Natal,Ward 52401001,KZN241,4221,0.587775408670931,False,8.347827345782498,0.4878628450301741,0.020959290608625555,2021
KwaZulu-Natal,Ward 52401002,KZN241,4042,0.4574468085106383,False,8.304494897963567,0.5095842783902228,0.0016224986479177934,2021
KwaZulu-Natal,Ward 52401003,KZN241,4618,0.5807708964919879,False,8.43771698991444,0.4890302637266646,0.006711409395973154,2021
KwaZulu-Natal,Ward 52401004,KZN241,3981,0.4669680984677217,False,8.289288323000317,0.507997396730709,0.011834319526627219,2021
KwaZulu-Natal,Ward 52401005,KZN241,4785,0.4574712643678161,False,8.473241303887054,0.5095802024140266,0.005938784833257195,2021
KwaZulu-Natal,Ward 52401006,KZN241,4284,0.4563492063492063,False,8.36264243156764,0.5097672120837949,0.022506393861892585,2021
KwaZulu-Natal,Ward 52401007,KZN241,3794,0.5081707959936742,False,8.24117615049496,0.5011302804763835,0.020228215767634856,2021
KwaZulu-Natal,Ward 52402001,KZN242,4145,0.6041013268998794,False,8.329658067569396,0.5279390593358246,0.009185303514376996,2021
KwaZulu-Natal,Ward 52402002,KZN242,3711,0.5842091080571274,False,8.219056661060598,0.5291823230134967,0.018911439114391145,2021
KwaZulu-Natal,Ward 52402003,KZN242,4781,0.5513490901485045,False,8.472405008626103,0.5312360741327856,0.011380880121396054,2021
KwaZulu-Natal,Ward 52402004,KZN242,4104,0.4951267056530214,False,8.319717386850606,0.5347499731637533,0.024114173228346455,2021
KwaZulu-Natal,Ward 52402005,KZN242,4205,0.4594530321046373,False,8.344029572407049,0.5369795777605273,0.017598343685300208,2021
KwaZulu-Natal,Ward 52402006,KZN242,4622,0.5103851146689745,False,8.438582790834326,0.5337963226002562,0.009749894022891056,2021
KwaZulu-Natal,Ward 52402007,KZN242,3983,0.5257343710770775,False,8.289790583181643,0.5328369940747497,0.022922636103151862,2021
KwaZulu-Natal,Ward 52402008,KZN242,4148,0.5185631629701061,False,8.330381569349418,0.5332851945814355,0.01301720130172013,2021
KwaZulu-Natal,Ward 52402009,KZN242,3711,0.4583670169765562,False,8.219056661060598,0.5370474537060324,0.00823045267489712,2021
KwaZulu-Natal,Ward 52402010,KZN242,4199,0.544891640866873,False,8.342601680684194,0.5316396647128876,0.014423076923076924,2021
KwaZulu-Natal,Ward 52402011,KZN242,3953,0.5519858335441437,False,8.282230063296685,0.5311962776705581,0.020623281393217233,2021
KwaZulu-Natal,Ward 52402012,KZN242,4411,0.5488551348900476,False,8.39185670010494,0.5313919463364392,0.01197852127220157,2021
KwaZulu-Natal,Ward 52402013,KZN242,4787,0.5719657405473156,False,8.473659189392508,0.5299475334828598,0.017531044558071585,2021
KwaZulu-Natal,Ward 52402014,KZN242,4193,0.5282613880276652,False,8.341171747170762,0.532679055515338,0.010835214446952596,2021
KwaZulu-Natal,Ward 52402015,KZN242,4123,0.5365025466893039,False,8.3243363327069,0.5321639830989856,0.00949367088607595,2021
KwaZulu-Natal,Ward 52402016,KZN242,4651,0.539453880885831,False,8.444837529224097,0.5319795247117026,0.011159824631327222,2021
KwaZulu-Natal,Ward 52402017,KZN242,4060,0.5219211822660098,False,8.308938252595778,0.5330753183754415,0.012269938650306749,2021
KwaZulu-Natal,Ward 52404001,KZN244,4089,0.5316703350452433,False,8.316055720364643,0.5833644402143949,0.0068997240110395585,2021
KwaZulu-Natal,Ward 52404002,KZN244,4399,0.5285292111843601,False,8.389132521348719,0.5835492122062116,0.00989247311827957,2021
KwaZulu-Natal,Ward 52404003,KZN244,5023,0.610989448536731,False,8.521782643750045,0.5786986100090132,0.009123492994460736,2021
KwaZulu-Natal,Ward 52404004,KZN244,4546,0.5519137703475583,False,8.422003004412488,0.582173649902494,0.013949780789159028,2021
KwaZulu-Natal,Ward 52404005,KZN244,3785,0.5955085865257596,False,8.23880116587155,0.5796092489508351,0.011091393078970719,2021
KwaZulu-Natal,Ward 52404006,KZN244,4034,0.545612295488349,False,8.302513718514158,0.5825443248942123,0.019536574284416176,2021
KwaZulu-Natal,Ward 52404007,KZN244,4523,0.5496351978775149,False,8.416930769477844,0.5823076835772024,0.02252614641995173,2021
KwaZulu-Natal,Ward 52404008,KZN244,4394,0.5928538916704598,False,8.387995252944556,0.5797654074717351,0.014587332053742802,2021
KwaZulu-Natal,Ward 52404009,KZN244,3948,0.5460992907801419,False,8.280964400553373,0.5825156781123421,0.00974025974025974,2021
KwaZulu-Natal,Ward 52404010,KZN244,4075,0.7371779141104294,False,8.312626025674962,0.5712757590929134,0.02330226364846871,2021
KwaZulu-Natal,Ward 52404011,KZN244,4287,0.6342430604152087,False,8.363342466597977,0.5773307504867499,0.019492460463405664,2021
KwaZulu-Natal,Ward 52404012,KZN244,4230,0.6137115839243499,False,8.349957272040324,0.5785384843979768,0.02234206471494607,2021
KwaZulu-Natal,Ward 52404013,KZN244,4183,0.579010279703562,False,8.338783971442199,0.580579737587435,0.012799339388934764,2021
KwaZulu-Natal,Ward 52404014,KZN244,3687,0.5926227285055601,False,8.212568398234145,0.5797790053049645,0.006407322654462242,2021
KwaZulu-Natal,Ward 52404015,KZN244,4067,0.6395377428079666,False,8.310660905907225,0.5770192985812935,0.019223375624759707,2021
KwaZulu-Natal,Ward 52404016,KZN244,3790,0.5353562005277045,False,8.240121298076472,0.5831476245977795,0.020699852143913258,2021
KwaZulu-Natal,Ward 52404017,KZN244,3513,0.5465414175918019,False,8.164225652265827,0.5824896706528326,0.008854166666666666,2021
KwaZulu-Natal,Ward 52404018,KZN244,4173,0.5178528636472561,False,8.336390480591552,0.5841772326495706,0.026839426191577972,2021
KwaZulu-Natal,Ward 52405001,KZN245,4782,0.5727728983688833,False,8.47261414801827,0.5601619122890096,0.01642935377875137,2021
KwaZulu-Natal,Ward 52405002,KZN245,3758,0.5191591271953166,False,8.231642179973411,0.5642860485331301,0.0,2021
KwaZulu-Natal,Ward 52405003,KZN245,3635,0.6242090784044017,False,8.19836438996762,0.5562052830555082,0.008373732921992068,2021
KwaZulu-Natal,Ward 52405004,KZN245,4537,0.5402248181617809,False,8.420021279663963,0.562665610766479,0.006527947776417789,2021
KwaZulu-Natal,Ward 52405005,KZN245,4449,0.5459653854798832,False,8.400434630806041,0.5622240286650866,0.02881844380403458,2021
KwaZulu-Natal,Ward 52405006,KZN245,4399,0.5601273016594681,False,8.389132521348719,0.5611346504974262,0.0174512987012987,2021
KwaZulu-Natal,Ward 52405007,KZN245,5885,0.5675446049277825,False,8.680162019694377,0.5605640887075558,0.009880239520958085,2021
KwaZulu-Natal,Ward 52405008,KZN245,3510,0.6786324786324787,False,8.163371316459912,0.5520188676533484,0.017212426532325777,2021
KwaZulu-Natal,Ward 52405009,KZN245,4202,0.5380771061399333,False,8.343315881404946,0.5628308193835442,0.017249004865103935,2021
KwaZulu-Natal,Ward 52405010,KZN245,3317,0.3973470003014772,False,8.106816038947052,0.5736562121403486,0.017450682852807285,2021
KwaZulu-Natal,Ward 52405011,KZN245,4548,0.5776165347405453,False,8.422442854870427,0.5597893248758049,0.02626570232204035,2021
KwaZulu-Natal,Ward 52405012,KZN245,4424,0.5418173598553345,False,8.39479954320217,0.5625431075592826,0.015018773466833541,2021
KwaZulu-Natal,Ward 52405013,KZN245,3597,0.583263830970253,False,8.187855443695623,0.5593549174735196,0.014299332697807437,2021
KwaZulu-Natal,Ward 52405014,KZN245,4458,0.6081202332884702,False,8.402455513945814,0.5574428865259645,0.01364810033198082,2021
KwaZulu-Natal,Ward 52502001,KZN252,4913,0.4392428251577447,False,8.499640032168648,0.4577202568609806,0.029193697868396665,2021
KwaZulu-Natal,Ward 52502002,KZN252,5015,0.5535393818544367,False,8.520188700396035,0.45425672483986873,0.006484149855907781,2021
KwaZulu-Natal,Ward 52502003,KZN252,4485,0.4659977703455964,False,8.408493774492896,0.4569095009461972,0.04688995215311005,2021
KwaZulu-Natal,Ward 52502004,KZN252,4547,0.5051682427974489,False,8.42222295382501,0.4557225169325047,0.0021767522855899,2021
KwaZulu-Natal,Ward 52502005,KZN252,5874,0.3057541709227102,False,8.678291111758565,0.46176536759537556,0.0077951002227171495,2021
KwaZulu-Natal,Ward 52502006,KZN252,5617,0.5155777105216308,False,8.633552992532433,0.45540707851662043,0.02520718232044199,2021
KwaZulu-Natal,Ward 52502007,KZN252,6261,0.4056859926529308,False,8.74209519574531,0.4587371305732477,0.01811023622047244,2021
KwaZulu-Natal,Ward 52502008,KZN252,4431,0.4904084856691492,False,8.39638057119949,0.45616978230002897,0.02807179015186378,2021
KwaZulu-Natal,Ward 52502009,KZN252,5519,0.4669324152926254,False,8.615951963439501,0.45688117837204484,0.013969732246798603,2021
KwaZulu-Natal,Ward 52502010,KZN252,4224,0.4552556818181818,False,8.348537825386098,0.4572350187803613,0.0078003120124804995,2021
KwaZulu-Natal,Ward 52502011,KZN252,4633,0.4752859917979711,False,8.440959885416648,0.45662803969006466,0.004995458673932788,2021
KwaZulu-Natal,Ward 52502012,KZN252,5738,0.5013942140118508,False,8.65486599654131,0.4558368814411592,0.020507473062217587,2021
KwaZulu-Natal,Ward 52502013,KZN252,4308,0.4410399257195914,False,8.36822903827628,0.4576657992681974,0.06789473684210526,2021
KwaZulu-Natal,Ward 52502014,KZN252,6010,0.4875207986688852,False,8.701180027529253,0.4562572879667036,0.05802047781569966,2021
KwaZulu-Natal,Ward 52502015,KZN252,5739,0.5033978044955567,False,8.655040258108363,0.4557761665780166,0.02284527518172378,2021
KwaZulu-Natal,Ward 52502016,KZN252,5487,0.5000911244760342,False,8.610136937058975,0.4558763690028506,0.013848396501457727,2021
KwaZulu-Natal,Ward 52502017,KZN252,5838,0.4952038369304556,False,8.67214355141406,0.45602446862544394,0.014527845036319613,2021
KwaZulu-Natal,Ward 52502018,KZN252,6025,0.5429045643153527,False,8.703672758358856,0.45457899203802277,0.021094466523998778,2021
KwaZulu-Natal,Ward 52502019,KZN252,5866,0.4602795772246846,False,8.676928249537397,0.4570827795256188,0.011111111111111112,2021
KwaZulu-Natal,Ward 52502020,KZN252,4488,0.4569964349376114,False,8.409162447202533,0.4571822686858331,0.024865919063871283,2021
KwaZulu-Natal,Ward 52502021,KZN252,5054,0.4908982983775227,False,8.52793528794814,0.4561549394906843,0.031035872632003223,2021
KwaZulu-Natal,Ward 52502022,KZN252,5201,0.3758892520669102,False,8.556606193773073,0.45964006210615743,0.008184143222506393,2021
KwaZulu-Natal,Ward 52502023,KZN252,4929,0.4311219314262527,False,8.502891406705377,0.4579663445498137,0.01411764705882353,2021
KwaZulu-Natal,Ward 52502024,KZN252,5885,0.3870858113848768,False,8.680162019694377,0.4593007724298554,0.012291483757682178,2021
KwaZulu-Natal,Ward 52502025,KZN252,4366,0.4535043518094365,False,8.38160253710989,0.4572880893866869,0.051515151515151514,2021
KwaZulu-Natal,Ward 52502026,KZN252,5957,0.3777068994460298,False,8.692322277628687,0.4595849818825477,0.018666666666666668,2021
KwaZulu-Natal,Ward 52502027,KZN252,5919,0.4260854874134144,False,8.685922794690725,0.45811896406535424,0.013084853291038858,2021
KwaZulu-Natal,Ward 52502028,KZN252,5368,0.393070044709389,False,8.588210678651517,0.4591194320260823,0.015639810426540283,2021
KwaZulu-Natal,Ward 52502029,KZN252,5380,0.4576208178438661,False,8.59044365315583,0.4571633479917042,0.020308692120227456,2021
KwaZulu-Natal,Ward 52502030,KZN252,5069,0.4673505622410732,False,8.53089883847235,0.4568685072523949,0.020683832840861123,2021
KwaZulu-Natal,Ward 52502031,KZN252,5189,0.4359221429947967,False,8.55429627936774,0.4578208835931912,0.01989389920424403,2021
KwaZulu-Natal,Ward 52502032,KZN252,6056,0.4526089828269485,False,8.708804795117285,0.45731522178009565,0.02334914264866837,2021
KwaZulu-Natal,Ward 52502033,KZN252,6377,0.4575819350791908,False,8.760453046315272,0.4571645262573005,0.01439342015078821,2021
KwaZulu-Natal,Ward 52502034,KZN252,5795,0.4698878343399482,False,8.664750755773852,0.45679162021909564,0.012853470437017995,2021
KwaZulu-Natal,Ward 52503001,KZN253,2484,0.4935587761674718,False,7.81762544305337,0.5519700813566756,0.024469820554649267,2021
KwaZulu-Natal,Ward 52503002,KZN253,2676,0.5056053811659192,False,7.892078421248119,0.5495607603569861,0.028824833702882482,2021
KwaZulu-Natal,Ward 52503003,KZN253,2732,0.5439238653001464,False,7.912789220690681,0.5418970635301406,0.019515477792732168,2021
KwaZulu-Natal,Ward 52503004,KZN253,2543,0.5501376327172631,False,7.841099765422119,0.5406543100467174,0.04145818441744103,2021
KwaZulu-Natal,Ward 52503005,KZN253,2411,0.6383243467440896,False,7.787796878181171,0.523016967241352,0.022092267706302793,2021
KwaZulu-Natal,Ward 52503006,KZN253,2173,0.5218591808559595,False,7.6838639802564295,0.546310000418978,0.04497354497354497,2021
KwaZulu-Natal,Ward 52504001,KZN254,4016,0.4113545816733068,False,8.298041661371565,0.4841741905649913,0.033292978208232446,2021
KwaZulu-Natal,Ward 52504002,KZN254,4502,0.486228342958685,False,8.412277021466677,0.47793471045787644,0.01507537688442211,2021
KwaZulu-Natal,Ward 52504003,KZN254,3696,0.5462662337662337,False,8.215006432761575,0.4729315528905807,0.008915304606240713,2021
KwaZulu-Natal,Ward 52504004,KZN254,3478,0.3944795859689476,False,8.154212694914229,0.48558044020702124,0.02988338192419825,2021
KwaZulu-Natal,Ward 52504005,KZN254,3360,0.5318452380952381,False,8.11969625295725,0.4741333025298304,0.03133743704532736,2021
KwaZulu-Natal,Ward 52504006,KZN254,3709,0.471286060932866,False,8.21851757748959,0.47917990062669474,0.04061784897025172,2021
KwaZulu-Natal,Ward 52504007,KZN254,3880,0.4881443298969072,False,8.263590432617319,0.4777750448796913,0.029567053854276663,2021
KwaZulu-Natal,Ward 52504008,KZN254,3958,0.4886306215260232,False,8.28349412616251,0.47773452057726495,0.016546018614270942,2021
KwaZulu-Natal,Ward 52504009,KZN254,4422,0.4979647218453188,False,8.394347361417392,0.4769566788839903,0.023614895549500452,2021
KwaZulu-Natal,Ward 52504010,KZN254,4161,0.4275414563806777,False,8.333510708982942,0.48282528433937705,0.012928611579539067,2021
KwaZulu-Natal,Ward 52504011,KZN254,3986,0.5090316106372303,False,8.29054350077274,0.47603443815133106,0.021192705766387383,2021
KwaZulu-Natal,Ward 52504012,KZN254,3792,0.4899789029535865,False,8.240648863374913,0.4776221637916347,0.01883745963401507,2021
KwaZulu-Natal,Ward 52504013,KZN254,3520,0.4786931818181818,False,8.166216268592143,0.4785626405529184,0.029080118694362018,2021
KwaZulu-Natal,Ward 52601001,KZN261,3424,0.6504088785046729,False,8.138564737261632,0.5614843925632808,0.01706331387516839,2021
KwaZulu-Natal,Ward 52601002,KZN261,4367,0.5607968857339134,False,8.381831553485561,0.5742861058162464,0.01837484687627603,2021
KwaZulu-Natal,Ward 52601003,KZN261,4216,0.5384250474383302,False,8.346642090221199,0.5774820827156155,0.018502202643171806,2021
KwaZulu-Natal,Ward 52601004,KZN261,4239,0.5293701344656758,False,8.352082671352637,0.5787756417117089,0.004456327985739751,2021
KwaZulu-Natal,Ward 52601005,KZN261,4715,0.5891834570519618,False,8.458504195067558,0.5702308813422395,0.011159107271418287,2021
KwaZulu-Natal,Ward 52601006,KZN261,4269,0.5767158585148747,False,8.359134886757962,0.5720119668475377,0.010560519902518278,2021
KwaZulu-Natal,Ward 52601007,KZN261,4100,0.5265853658536586,False,8.318742252692399,0.57917346579914,0.018990273274664196,2021
KwaZulu-Natal,Ward 52601008,KZN261,3586,0.6093139988845511,False,8.184792654165078,0.5673550896518696,0.010526315789473684,2021
KwaZulu-Natal,Ward 52602001,KZN262,3939,0.5582635186595583,False,8.278682162970906,0.5420750676133265,0.020009095043201454,2021
KwaZulu-Natal,Ward 52602002,KZN262,4335,0.522722029988466,False,8.374476889214643,0.5446137453755474,0.011915269196822596,2021
KwaZulu-Natal,Ward 52602003,KZN262,4044,0.5682492581602374,False,8.304989580140361,0.5413618005061351,0.01610095735422106,2021
KwaZulu-Natal,Ward 52602004,KZN262,5038,0.5333465660976578,False,8.524764456912555,0.5438548499391765,0.01786378861183476,2021
KwaZulu-Natal,Ward 52602005,KZN262,3710,0.5401617250673855,False,8.21878715560148,0.5433680528699103,0.010978043912175649,2021
KwaZulu-Natal,Ward 52602006,KZN262,4585,0.6355507088331516,False,8.430545384690566,0.5365545540294984,0.013726835964310227,2021
KwaZulu-Natal,Ward 52602007,KZN262,4449,0.4998876151944257,False,8.400434630806041,0.5462447750036932,0.011241007194244604,2021
KwaZulu-Natal,Ward 52602008,KZN262,4001,0.538365408647838,False,8.294299608857235,0.5434963611855922,0.01160631383472609,2021
KwaZulu-Natal,Ward 52602009,KZN262,5096,0.5076530612244898,False,8.536211197252,0.54569010028726,0.021260146888287593,2021
KwaZulu-Natal,Ward 52602010,KZN262,4700,0.5591489361702128,False,8.45531778769815,0.5420118235054227,0.00989345509893455,2021
KwaZulu-Natal,Ward 52602011,KZN262,4917,0.5901972747610331,False,8.50045386741194,0.5397940850346498,0.009303928325292901,2021
KwaZulu-Natal,Ward 52602012,KZN262,3920,0.5163265306122449,False,8.273846932784508,0.5450705667595631,0.0133399209486166,2021
KwaZulu-Natal,Ward 52602013,KZN262,3809,0.4943554738776581,False,8.245121966478605,0.5466399279548908,0.013276686139139671,2021
KwaZulu-Natal,Ward 52602014,KZN262,4214,0.5073564309444708,False,8.346167594364134,0.5457112881644042,0.007951356407857811,2021
KwaZulu-Natal,Ward 52602015,KZN262,3288,0.5757299270072993,False,8.098034756176071,0.5408274670170593,0.03592181722134179,2021
KwaZulu-Natal,Ward 52603001,KZN263,4723,0.4698284988354859,False,8.460199469896118,0.47201839214559205,0.012618296529968454,2021
KwaZulu-Natal,Ward 52603002,KZN263,4302,0.4690841469084147,False,8.366835309827675,0.4720538374754526,0.011892963330029732,2021
KwaZulu-Natal,Ward 52603003,KZN263,4081,0.4778240627297231,False,8.314097335405807,0.4716376510077712,0.015897435897435898,2021
KwaZulu-Natal,Ward 52603004,KZN263,4264,0.5293151969981238,False,8.357962965845681,0.46918569223308554,0.017722640673460344,2021
KwaZulu-Natal,Ward 52603005,KZN263,4572,0.4391951006124234,False,8.427706024914702,0.47347712539430936,0.011454183266932271,2021
KwaZulu-Natal,Ward 52603006,KZN263,3743,0.5402083889927866,False,8.22764270790443,0.4686669688047682,0.009891196834817012,2021
KwaZulu-Natal,Ward 52603007,KZN263,4340,0.4539170506912442,False,8.375629627094451,0.47277608015246075,0.01065989847715736,2021
KwaZulu-Natal,Ward 52603008,KZN263,4368,0.4441391941391941,False,8.38206051742474,0.47324169236922503,0.010824742268041237,2021
KwaZulu-Natal,Ward 52603009,KZN263,4209,0.4749346638156331,False,8.344980368770571,0.47177524143225175,0.0050025012506253125,2021
KwaZulu-Natal,Ward 52603010,KZN263,3601,0.4057206331574562,False,8.188966863648876,0.47507114765406966,0.009582477754962354,2021
KwaZulu-Natal,Ward 52603011,KZN263,4521,0.4242424242424242,False,8.416488487294606,0.47418915760240454,0.024504692387904068,2021
KwaZulu-Natal,Ward 52603012,KZN263,4142,0.5439401255432158,False,8.328934041955529,0.4684892670642716,0.010208610741233911,2021
KwaZulu-Natal,Ward 52603013,KZN263,3661,0.4282982791586998,False,8.205491613120236,0.47399602165401045,0.02295918367346939,2021
KwaZulu-Natal,Ward 52603014,KZN263,4379,0.5167846540306006,False,8.384575666801398,0.46978238475534856,0.025187803800265134,2021
KwaZulu-Natal,Ward 52603015,KZN263,4169,0.5034780522907172,False,8.335431477880796,0.4704160324572477,0.02191519771319676,2021
KwaZulu-Natal,Ward 52603016,KZN263,3815,0.4414154652686762,False,8.246695943718557,0.47337139374401155,0.013657957244655582,2021
KwaZulu-Natal,Ward 52603017,KZN263,4920,0.5225609756097561,False,8.501063809486354,0.46950732182300775,0.016725009723842863,2021
KwaZulu-Natal,Ward 52603018,KZN263,4056,0.4686883629191321,False,8.30795254527102,0.47207268433208516,0.009468700683850605,2021
KwaZulu-Natal,Ward 52603019,KZN263,3896,0.4938398357289528,False,8.267705664762426,0.4708749951506651,0.008316008316008316,2021
KwaZulu-Natal,Ward 52603020,KZN263,4500,0.3662222222222222,False,8.411832675758411,0.4769520243652713,0.0036407766990291263,2021
KwaZulu-Natal,Ward 52603021,KZN263,3999,0.5236309077269318,False,8.293799608846818,0.4694563726745708,0.025310410697230182,2021
KwaZulu-Natal,Ward 52603022,KZN263,4205,0.4449464922711058,False,8.344029572407049,0.47320324960103877,0.013361838588989846,2021
KwaZulu-Natal,Ward 52605001,KZN265,4391,0.5463447961739922,False,8.387312270561717,0.5106364039752599,0.010004168403501459,2021
KwaZulu-Natal,Ward 52605002,KZN265,4567,0.5485001094810598,False,8.426611813185,0.5105286383099065,0.02155688622754491,2021
KwaZulu-Natal,Ward 52605003,KZN265,4302,0.5827522082752208,False,8.366835309827675,0.5088160333701984,0.013562026326286399,2021
KwaZulu-Natal,Ward 52605004,KZN265,3813,0.5192761605035405,False,8.246171559857563,0.5119898357587824,0.011111111111111112,2021
KwaZulu-Natal,Ward 52605005,KZN265,4186,0.5590062111801242,False,8.339500903005945,0.5100033332249533,0.005555555555555556,2021
KwaZulu-Natal,Ward 52605006,KZN265,4629,0.4679196370706416,False,8.44009614103127,0.5145576619304274,0.020313942751615882,2021
KwaZulu-Natal,Ward 52605007,KZN265,4297,0.5375843611822202,False,8.365672383774996,0.5110744257248484,0.01904761904761905,2021
KwaZulu-Natal,Ward 52605008,KZN265,4399,0.4989770402364173,False,8.389132521348719,0.5130047917721386,0.007289293849658315,2021
KwaZulu-Natal,Ward 52605009,KZN265,3750,0.4013333333333333,False,8.229511118964457,0.5178869771172928,0.013953488372093023,2021
KwaZulu-Natal,Ward 52605010,KZN265,4363,0.5674994269997709,False,8.38091517312361,0.5095786724339709,0.010096930533117932,2021
KwaZulu-Natal,Ward 52605011,KZN265,4529,0.5294767056745419,False,8.418256443556213,0.5114798085002323,0.015012510425354461,2021
KwaZulu-Natal,Ward 52605012,KZN265,4486,0.5485956308515382,False,8.408716715080153,0.5105238622413826,0.008533116619260463,2021
KwaZulu-Natal,Ward 52605013,KZN265,4209,0.5034449988120694,False,8.344980368770571,0.512781393843356,0.009438414346389807,2021
KwaZulu-Natal,Ward 52605014,KZN265,5040,0.5696428571428571,False,8.525161361065415,0.5094715009268166,0.012887495646116336,2021
KwaZulu-Natal,Ward 52605015,KZN265,4359,0.5097499426473961,False,8.379997952238393,0.5124661466515896,0.019801980198019802,2021
KwaZulu-Natal,Ward 52605016,KZN265,3074,0.5250487963565387,False,8.03073492409854,0.5117012039661326,0.004956629491945477,2021
KwaZulu-Natal,Ward 52605017,KZN265,4274,0.5236312587739822,False,8.360305435879093,0.5117720808452604,0.029490616621983913,2021
KwaZulu-Natal,Ward 52605018,KZN265,3760,0.5390957446808511,False,8.23217423638394,0.5109988565499168,0.000986679822397632,2021
KwaZulu-Natal,Ward 52605019,KZN265,4587,0.2694571615434925,False,8.430981494597171,0.5244807857067848,0.009708737864077669,2021
KwaZulu-Natal,Ward 52605020,KZN265,3847,0.4967507148427346,False,8.255048902752295,0.5131161080418227,0.013605442176870748,2021
KwaZulu-Natal,Ward 52605021,KZN265,4571,0.5149857799168672,False,8.427487278331744,0.5122043547881161,0.014443500424808835,2021
KwaZulu-Natal,Ward 52606001,KZN266,3774,0.4798622151563328,False,8.235890725928495,0.5044228225773051,0.011043622308117063,2021
KwaZulu-Natal,Ward 52606002,KZN266,4236,0.5639754485363551,False,8.351374706721296,0.5007657254738259,0.021766429468396818,2021
KwaZulu-Natal,Ward 52606003,KZN266,3449,0.5410263844592635,False,8.145839612936841,0.501763510868482,0.01607717041800643,2021
KwaZulu-Natal,Ward 52606004,KZN266,4142,0.5014485755673588,False,8.328934041955529,0.50348428516813,0.004333172845450169,2021
KwaZulu-Natal,Ward 52606005,KZN266,3898,0.5764494612621858,False,8.268218880067506,0.500223377094442,0.01602136181575434,2021
KwaZulu-Natal,Ward 52606006,KZN266,3840,0.4296875,False,8.253227645581772,0.5066043319319283,0.011515151515151515,2021
KwaZulu-Natal,Ward 52606007,KZN266,3850,0.492987012987013,False,8.25582842728183,0.5038521791933624,0.012644889357218124,2021
KwaZulu-Natal,Ward 52606008,KZN266,4233,0.5445310654382235,False,8.350666240520924,0.5016111334346143,0.01822125813449024,2021
KwaZulu-Natal,Ward 52606009,KZN266,4297,0.5205957644868513,False,8.365672383774996,0.5026517986933695,0.013857845328565042,2021
KwaZulu-Natal,Ward 52606010,KZN266,3455,0.5180897250361794,False,8.14757773620177,0.5027607569303553,0.01564245810055866,2021
KwaZulu-Natal,Ward 52606011,KZN266,3658,0.44313832695462,False,8.204671828950811,0.506019513368684,0.011721159777914868,2021
KwaZulu-Natal,Ward 52606012,KZN266,4197,0.4650941148439361,False,8.34212526333359,0.5050649138952354,0.010758196721311475,2021
KwaZulu-Natal,Ward 52606013,KZN266,4003,0.4823882088433674,False,8.294799358992574,0.5043129967648253,0.03625064733298809,2021
KwaZulu-Natal,Ward 52606014,KZN266,4357,0.5836584806059215,False,8.379539026117442,0.4999099414708013,0.007864726700747149,2021
KwaZulu-Natal,Ward 52606015,KZN266,4530,0.5543046357615894,False,8.41847721847708,0.5011861955944679,0.02429311031461569,2021
KwaZulu-Natal,Ward 52606016,KZN266,3605,0.5073509015256588,False,8.190077049719049,0.503227662300378,0.028430836522689993,2021
KwaZulu-Natal,Ward 52606017,KZN266,4187,0.5220921901122522,False,8.339739766019143,0.5025867367096565,0.009149130832570906,2021
KwaZulu-Natal,Ward 52606018,KZN266,3827,0.4510060099294486,False,8.249836485425702,0.5056774401958652,0.01100811123986095,2021
KwaZulu-Natal,Ward 52606019,KZN266,3397,0.4180158963791581,False,8.130647968160584,0.5071117929589214,0.01619718309859155,2021
KwaZulu-Natal,Ward 52606020,KZN266,3877,0.4929068867681196,False,8.262816937670928,0.50385566294201,0.00837257980115123,2021
KwaZulu-Natal,Ward 52606021,KZN266,4384,0.5298813868613139,False,8.385716828627851,0.5022480759814364,0.012053379250968575,2021
KwaZulu-Natal,Ward 52606022,KZN266,3799,0.44248486443801,False,8.242493153187626,0.5060479247824496,0.004164187983343248,2021
KwaZulu-Natal,Ward 52606023,KZN266,3642,0.4703459637561779,False,8.200288260287554,0.5048365726381815,0.005837711617046118,2021
KwaZulu-Natal,Ward 52606024,KZN266,3382,0.5502661147250147,False,8.126222529458525,0.5013617834656233,0.007522837184309511,2021
KwaZulu-Natal,Ward 52701001,KZN271,4169,0.5145118733509235,False,8.335431477880796,0.5819810277210876,0.014918414918414918,2021
KwaZulu-Natal,Ward 52701002,KZN271,4986,0.6546329723225031,False,8.514389264083503,0.5737386101345241,0.018075980392156864,2021
KwaZulu-Natal,Ward 52701003,KZN271,5130,0.5514619883040935,False,8.542860938164814,0.5798074915473717,0.006362672322375398,2021
KwaZulu-Natal,Ward 52701004,KZN271,6053,0.548488352882868,False,8.708309295891688,0.5799824112780321,0.0286144578313253,2021
KwaZulu-Natal,Ward 52701005,KZN271,3990,0.4766917293233083,False,8.29154650988391,0.5842057420756532,0.025236593059936908,2021
KwaZulu-Natal,Ward 52701006,KZN271,3791,0.6125032972830388,False,8.240385115516334,0.576216826313316,0.0305770887166236,2021
KwaZulu-Natal,Ward 52701007,KZN271,4068,0.6015240904621436,False,8.31090675716845,0.5768626620086629,0.022067838169186758,2021
KwaZulu-Natal,Ward 52701008,KZN271,3865,0.6253557567917206,False,8.259716961021523,0.5754607992833938,0.021100537856847332,2021
KwaZulu-Natal,Ward 52701009,KZN271,3933,0.6531909483854564,False,8.27715777243181,0.5738234350719975,0.023355391202802646,2021
KwaZulu-Natal,Ward 52701010,KZN271,3998,0.5815407703851926,False,8.293549515060345,0.5780381514249542,0.02967741935483871,2021
KwaZulu-Natal,Ward 52701011,KZN271,3790,0.503957783641161,False,8.240121298076472,0.5826018565275443,0.06335078534031413,2021
KwaZulu-Natal,Ward 52701012,KZN271,3846,0.5761830473218928,False,8.254788926148725,0.5783533116051482,0.02527075812274368,2021
KwaZulu-Natal,Ward 52701013,KZN271,4651,0.5897656417974629,False,8.444837529224097,0.5775543354595265,0.038279256288734964,2021
KwaZulu-Natal,Ward 52701014,KZN271,4555,0.6164654226125137,False,8.423980809694058,0.5759837601174647,0.017094017094017096,2021
KwaZulu-Natal,Ward 52701015,KZN271,3982,0.544952285283777,False,8.289539484624141,0.5801904152544491,0.03133640552995392,2021
KwaZulu-Natal,Ward 52701016,KZN271,3783,0.6190853819719799,False,8.23827262463303,0.5758296448610255,0.019214346712211786,2021
KwaZulu-Natal,Ward 52701017,KZN271,4293,0.5415793151642209,False,8.36474106822456,0.5803888252614819,0.014623655913978495,2021
KwaZulu-Natal,Ward 52701018,KZN271,4647,0.596298687325156,False,8.443977129084978,0.5771700386637798,0.03464453265968964,2021
KwaZulu-Natal,Ward 52702001,KZN272,4074,0.5927835051546392,False,8.31238059678675,0.6000531542541705,0.014906832298136646,2021
KwaZulu-Natal,Ward 52702002,KZN272,3716,0.5917653390742734,False,8.22040309993373,0.6001067419426108,0.01273306048203729,2021
KwaZulu-Natal,Ward 52702003,KZN272,6088,0.665407358738502,False,8.714074899541522,0.5962308461708092,0.009627252530239447,2021
KwaZulu-Natal,Ward 52702004,KZN272,4257,0.6551562132957481,False,8.356319965828153,0.5967703801414805,0.007888131946934385,2021
KwaZulu-Natal,Ward 52702005,KZN272,5139,0.563922942206655,False,8.54461378699223,0.6015721312514328,0.010006901311249138,2021
KwaZulu-Natal,Ward 52702006,KZN272,4908,0.6297881010594947,False,8.498621805830801,0.5981055439433887,0.02588159171789065,2021
KwaZulu-Natal,Ward 52702007,KZN272,3611,0.5699252284685683,False,8.191740021277457,0.6012562214481743,0.016034985422740525,2021
KwaZulu-Natal,Ward 52702008,KZN272,4954,0.6039563988696003,False,8.507950610049305,0.5994651072165409,0.0106951871657754,2021
KwaZulu-Natal,Ward 52702009,KZN272,4098,0.5832113225963885,False,8.318254328798846,0.6005569533361836,0.015899581589958158,2021
KwaZulu-Natal,Ward 52702010,KZN272,4670,0.60406852248394,False,8.448914350662942,0.599459205973681,0.004608294930875576,2021
KwaZulu-Natal,Ward 52702011,KZN272,4190,0.5715990453460621,False,8.340456012916183,0.601168125823043,0.015031315240083507,2021
KwaZulu-Natal,Ward 52702012,KZN272,5485,0.6298997265268915,False,8.609772372709331,0.5980996689187887,0.02141823444283647,2021
KwaZulu-Natal,Ward 52702013,KZN272,4879,0.6120106579217053,False,8.492695559815838,0.5990411988453775,0.022103148024112524,2021
KwaZulu-Natal,Ward 52702014,KZN272,4128,0.5276162790697675,False,8.325548307161398,0.6034830082586374,0.015151515151515152,2021
KwaZulu-Natal,Ward 52702015,KZN272,4582,0.5796595373199476,False,8.42989086301344,0.6007438894033648,0.015436746987951807,2021
KwaZulu-Natal,Ward 52702016,KZN272,4144,0.7171814671814671,False,8.329416783939319,0.5935058930948638,0.011440107671601614,2021
KwaZulu-Natal,Ward 52702017,KZN272,4568,0.5989492119089317,False,8.426830751335846,0.5997286433723655,0.005847953216374269,2021
KwaZulu-Natal,Ward 52702018,KZN272,4407,0.5908781484002723,False,8.390949464841986,0.6001534361886108,0.008064516129032258,2021
KwaZulu-Natal,Ward 52702019,KZN272,4837,0.5722555302873682,False,8.484049972822984,0.6011335739840269,0.006864161849710983,2021
KwaZulu-Natal,Ward 52702020,KZN272,4073,0.5337589000736558,False,8.312135107648412,0.6031597124163275,0.009659613615455382,2021
KwaZulu-Natal,Ward 52705001,KZN275,2755,0.5989110707803993,False,7.9211727215870145,0.569514044592465,0.012727272727272728,2021
KwaZulu-Natal,Ward 52705002,KZN275,5338,0.6425627575871112,False,8.58260632996447,0.5672165873921117,0.021865889212827987,2021
KwaZulu-Natal,Ward 52705003,KZN275,4914,0.548026048026048,False,8.499843553081124,0.5721922036847993,0.01596732268845154,2021
KwaZulu-Natal,Ward 52705004,KZN275,4260,0.4028169014084507,False,8.357024439263416,0.5798347903488833,0.004079254079254079,2021
KwaZulu-Natal,Ward 52705005,KZN275,5099,0.5214747989801922,False,8.536799721055155,0.5735896378451075,0.022940955246333206,2021
KwaZulu-Natal,Ward 52705006,KZN275,3858,0.4375324002073613,False,8.257904193465674,0.5780076588331512,0.013033175355450236,2021
KwaZulu-Natal,Ward 52705007,KZN275,4287,0.4557965943550268,False,8.363342466597977,0.5770463854569583,0.026100307062436028,2021
KwaZulu-Natal,Ward 52705008,KZN275,3517,0.6016491327836224,False,8.165363632473982,0.5693699360659795,0.028827977315689982,2021
KwaZulu-Natal,Ward 52705009,KZN275,4407,0.572952121624688,False,8.390949464841986,0.5708803050743445,0.011089108910891089,2021
KwaZulu-Natal,Ward 52705010,KZN275,4847,0.6216216216216216,False,8.486115235845377,0.568318752442927,0.015599070693660804,2021
KwaZulu-Natal,Ward 52705011,KZN275,3832,0.5561064718162839,False,8.251142139090751,0.5717669182221553,0.019709056780854058,2021
KwaZulu-Natal,Ward 52705012,KZN275,4129,0.5933640106563333,False,8.32579052588609,0.5698059951253105,0.02489795918367347,2021
KwaZulu-Natal,Ward 52705013,KZN275,4811,0.5849095822074413,False,8.478660241699453,0.5702509650436733,0.019189765458422176,2021
KwaZulu-Natal,Ward 52705014,KZN275,4603,0.5783184879426461,False,8.434463543817241,0.5705978647418204,0.01652892561983471,2021
KwaZulu-Natal,Ward 52705015,KZN275,4644,0.609603789836348,False,8.443331342817782,0.5689512699053099,0.028965030024726245,2021
KwaZulu-Natal,Ward 52705016,KZN275,4665,0.5845659163987138,False,8.447843113281444,0.5702690527178169,0.0165016501650165,2021
KwaZulu-Natal,Ward 52705017,KZN275,4097,0.6560898218208445,False,8.318010277546872,0.5665046366429679,0.015997023809523808,2021
KwaZulu-Natal,Ward 52705018,KZN275,4253,0.6339054784857747,False,8.355379895253634,0.5676722336606032,0.021513353115727003,2021
KwaZulu-Natal,Ward 52705019,KZN275,4322,0.6082832022211939,False,8.371473537066832,0.5690207745166337,0.015595283377710156,2021
KwaZulu-Natal,Ward 52705020,KZN275,5077,0.6111877092771322,False,8.532475814947395,0.5688679057242159,0.018047051240734774,2021
KwaZulu-Natal,Ward 52706001,KZN276,3954,0.5389479008598888,False,8.282483003730562,0.5741847633678313,0.018770530267480056,2021
KwaZulu-Natal,Ward 52706002,KZN276,4524,0.6246684350132626,False,8.41715183723601,0.5670413855217168,0.010261854210898797,2021
KwaZulu-Natal,Ward 52706003,KZN276,4568,0.5558231173380035,False,8.426830751335846,0.5727784953279884,0.022449783379283182,2021
KwaZulu-Natal,Ward 52706004,KZN276,4003,0.6747439420434674,False,8.294799358992574,0.5628684266025331,0.00777489818585709,2021
KwaZulu-Natal,Ward 52706005,KZN276,3636,0.4405940594059406,False,8.19863945529737,0.582380916822327,0.011860174781523096,2021
KwaZulu-Natal,Ward 52706006,KZN276,3544,0.6063769751693002,False,8.173011311724972,0.568565673842047,0.01582131223825035,2021
KwaZulu-Natal,Ward 52706007,KZN276,4280,0.6121495327102804,False,8.361708288575842,0.5680846273802986,0.008778625954198474,2021
KwaZulu-Natal,Ward 52706008,KZN276,3435,0.6189228529839883,False,8.14177220465645,0.5675201840241564,0.012229539040451553,2021
KwaZulu-Natal,Ward 52706009,KZN276,4117,0.5712897741073597,False,8.322880021769905,0.5714896072638754,0.011479591836734694,2021
KwaZulu-Natal,Ward 52706010,KZN276,3949,0.5679918966827044,False,8.28121766128665,0.5717644303825967,0.015158270173874276,2021
KwaZulu-Natal,Ward 52706011,KZN276,4113,0.5759786044249939,False,8.321907968230423,0.5710988714040726,0.006753904601097509,2021
KwaZulu-Natal,Ward 52706012,KZN276,4184,0.4698852772466539,False,8.339023005744759,0.5799399820022676,0.009664292980671414,2021
KwaZulu-Natal,Ward 52706013,KZN276,3531,0.5717926932880204,False,8.169336395928386,0.5714476973321537,0.03813769192669639,2021
KwaZulu-Natal,Ward 52801001,KZN281,3648,0.6071820175438597,False,8.201934351194222,0.5251340530769869,0.02076749435665914,2021
KwaZulu-Natal,Ward 52801002,KZN281,3493,0.4760950472373318,False,8.158516244806831,0.5333269887211449,0.01984365604329525,2021
KwaZulu-Natal,Ward 52801003,KZN281,4667,0.5881722734090422,False,8.448271745949816,0.526322162085413,0.011657559198542805,2021
KwaZulu-Natal,Ward 52801004,KZN281,3858,0.6179367547952307,False,8.257904193465674,0.5244618819987762,0.014261744966442953,2021
KwaZulu-Natal,Ward 52801005,KZN281,4281,0.5589815463676711,False,8.361941906144946,0.5281465825254987,0.027998328458002507,2021
KwaZulu-Natal,Ward 52801006,KZN281,4516,0.4712134632418069,False,8.415381925269553,0.5336320877208652,0.01362781954887218,2021
KwaZulu-Natal,Ward 52801007,KZN281,4413,0.5304781327894856,False,8.392310009269547,0.5299280458741353,0.014523707817172148,2021
KwaZulu-Natal,Ward 52801008,KZN281,3453,0.562699102229945,False,8.146998697389993,0.5279142352841065,0.00977869274318065,2021
KwaZulu-Natal,Ward 52801009,KZN281,4294,0.5854680950163018,False,8.364973978438726,0.5264911732349593,0.007955449482895784,2021
KwaZulu-Natal,Ward 52801010,KZN281,4490,0.5138084632516704,False,8.4096079807363,0.5309699002202487,0.016905071521456438,2021
KwaZulu-Natal,Ward 52801011,KZN281,4689,0.5749626786095117,False,8.452974619089586,0.5271477617603837,0.013353115727002967,2021
KwaZulu-Natal,Ward 52801012,KZN281,4497,0.5388036468756949,False,8.411165786770708,0.5294077012437473,0.014857614527445316,2021
KwaZulu-Natal,Ward 52801013,KZN281,3896,0.5007700205338809,False,8.267705664762426,0.5317848028901105,0.01998974884674526,2021
KwaZulu-Natal,Ward 52801014,KZN281,4208,0.4712452471482889,False,8.344742754417545,0.5336301012267101,0.014120020171457387,2021
KwaZulu-Natal,Ward 52801015,KZN281,3773,0.5181553140736814,False,8.235625719964311,0.5306982220438731,0.021483375959079284,2021
KwaZulu-Natal,Ward 52801016,KZN281,3554,0.4189645469893078,False,8.175829008714597,0.5368976449866464,0.010745466756212223,2021
KwaZulu-Natal,Ward 52801017,KZN281,4471,0.4743905166629389,False,8.405367376233981,0.5334335218820444,0.028288543140028287,2021
KwaZulu-Natal,Ward 52802001,KZN282,5656,0.490983026874116,False,8.640472207576408,0.4371162544776575,0.011883327331652862,2021
KwaZulu-Natal,Ward 52802002,KZN282,6544,0.500458435207824,False,8.786303878282583,0.4368291208917876,0.005190839694656489,2021
KwaZulu-Natal,Ward 52802003,KZN282,6302,0.4942875277689622,False,8.74862232231722,0.43701611808690455,0.0012841091492776886,2021
KwaZulu-Natal,Ward 52802004,KZN282,7006,0.4523265772195261,False,8.854522203757432,0.4382876620429481,0.005680025244556642,2021
KwaZulu-Natal,Ward 52802005,KZN282,5251,0.4900019043991621,False,8.566173813637858,0.43714598546174704,0.02098717450446949,2021
KwaZulu-Natal,Ward 52802006,KZN282,4764,0.5170025188916877,False,8.46884293047519,0.4363277850225796,0.011368250101502234,2021
KwaZulu-Natal,Ward 52802007,KZN282,4932,0.4387672343876723,False,8.503499864284235,0.43869855121967094,0.02033271719038817,2021
KwaZulu-Natal,Ward 52802008,KZN282,4792,0.4046327212020033,False,8.474703139795285,0.4397329304071155,0.01598762248581743,2021
KwaZulu-Natal,Ward 52802009,KZN282,7538,0.4156274873971876,False,8.92771217382708,0.439399755673928,0.007660389403127992,2021
KwaZulu-Natal,Ward 52802010,KZN282,5373,0.4600781686208822,False,8.589141690728821,0.4380527653338161,0.022653721682847898,2021
KwaZulu-Natal,Ward 52802011,KZN282,4973,0.5250351900261412,False,8.511778558714738,0.43608437074577794,0.013021830716200689,2021
KwaZulu-Natal,Ward 52802012,KZN282,6236,0.423348300192431,False,8.738094230177667,0.4391657916498298,0.01553030303030303,2021
KwaZulu-Natal,Ward 52802013,KZN282,6697,0.5126175899656563,False,8.80941494391005,0.4364606616567018,0.015147101660355374,2021
KwaZulu-Natal,Ward 52802014,KZN282,6262,0.4268604279782817,False,8.742254901886351,0.43905936353510705,0.00935278713056491,2021
KwaZulu-Natal,Ward 52802015,KZN282,6545,0.4466004583651642,False,8.786456678344,0.4384611807961106,0.018132056106739652,2021
KwaZulu-Natal,Ward 52802016,KZN282,5052,0.371931908155186,False,8.527539483470381,0.4407238641358069,0.021287919105907396,2021
KwaZulu-Natal,Ward 52802017,KZN282,4771,0.3605114231817229,False,8.470311205516108,0.441069939438033,0.010465116279069767,2021
KwaZulu-Natal,Ward 52802018,KZN282,5384,0.5299034175334324,False,8.591186871324563,0.43593684870010246,0.011216263582194182,2021
KwaZulu-Natal,Ward 52802019,KZN282,5771,0.3760180211401837,False,8.660600654710967,0.4406000425302009,0.017050691244239632,2021
KwaZulu-Natal,Ward 52802020,KZN282,5343,0.3801235261089276,False,8.583542571957771,0.4404756332887238,0.009354997538158542,2021
KwaZulu-Natal,Ward 52802021,KZN282,5735,0.3553618134263295,False,8.65434302956347,0.4412259882184995,0.008832188420019628,2021
KwaZulu-Natal,Ward 52802022,KZN282,6818,0.4755060134936931,False,8.827321452697849,0.4375852548831249,0.012954966070326958,2021
KwaZulu-Natal,Ward 52802023,KZN282,5128,0.4321372854914196,False,8.542470998600505,0.4388994587619816,0.002256317689530686,2021
KwaZulu-Natal,Ward 52802024,KZN282,4844,0.4106110652353427,False,8.485496104672983,0.4395517684667113,0.026143790849673203,2021
KwaZulu-Natal,Ward 52802025,KZN282,6291,0.4086790653314258,False,8.74687531957003,0.4396103139183451,0.010112796577207312,2021
KwaZulu-Natal,Ward 52802026,KZN282,5950,0.454453781512605,False,8.691146498539675,0.4382232013067942,0.004807692307692308,2021
KwaZulu-Natal,Ward 52802027,KZN282,5850,0.3965811965811965,False,8.674196940225903,0.43997691600168537,0.016379310344827588,2021
KwaZulu-Natal,Ward 52802028,KZN282,5881,0.3427988437340588,False,8.679482094459956,0.44160668426978045,0.005952380952380952,2021
KwaZulu-Natal,Ward 52802029,KZN282,5620,0.4823843416370106,False,8.634086942887738,0.43737682069696376,0.010697159719660641,2021
KwaZulu-Natal,Ward 52802030,KZN282,4910,0.3456211812627291,False,8.499029220788566,0.4415211588901238,0.011196228638774307,2021
KwaZulu-Natal,Ward 52802031,KZN282,5140,0.5153696498054474,False,8.544808358449211,0.4363772659039808,0.034352585881464705,2021
KwaZulu-Natal,Ward 52802032,KZN282,5943,0.5530876661618711,False,8.68996933536666,0.4352342957113619,0.012473379981746273,2021
KwaZulu-Natal,Ward 52802033,KZN282,4903,0.5223332653477463,False,8.497602541651233,0.43616624725118386,0.01210464662241312,2021
KwaZulu-Natal,Ward 52802034,KZN282,4711,0.2037783909997877,False,8.45765547870004,0.4458194252617281,0.015625,2021
KwaZulu-Natal,Ward 52804001,KZN284,3357,0.5278522490318737,False,8.118802996980035,0.5060281401902966,0.012979683972911963,2021
KwaZulu-Natal,Ward 52804002,KZN284,4177,0.5118506104859948,False,8.337348564497175,0.5066435878266766,0.019176800748362956,2021
KwaZulu-Natal,Ward 52804003,KZN284,3569,0.5505743905855982,False,8.18004072349016,0.5051542116689995,0.011704834605597965,2021
KwaZulu-Natal,Ward 52804004,KZN284,4145,0.5186972255729795,False,8.329658067569396,0.5063802564771772,0.04046511627906977,2021
KwaZulu-Natal,Ward 52804005,KZN284,3916,0.5163432073544433,False,8.272826003650401,0.5064707956394285,0.016815034619188922,2021
KwaZulu-Natal,Ward 52804006,KZN284,3770,0.5095490716180371,False,8.234830280442056,0.5067321085523673,0.013014055179593961,2021
KwaZulu-Natal,Ward 52804007,KZN284,3668,0.529989094874591,False,8.207401833376355,0.5059459538117307,0.014917695473251029,2021
KwaZulu-Natal,Ward 52804008,KZN284,4426,0.4765024853140533,False,8.395251520610994,0.5080031311025205,0.026078710289236605,2021
KwaZulu-Natal,Ward 52804009,KZN284,4129,0.4550738677645919,False,8.32579052588609,0.5088273087005768,0.014369345396487493,2021
KwaZulu-Natal,Ward 52804010,KZN284,3634,0.4738580077050082,False,8.198089248956116,0.5081048417797915,0.018583042973286876,2021
KwaZulu-Natal,Ward 52804011,KZN284,3775,0.5035761589403973,False,8.236155661683124,0.5069618359630458,0.009468700683850605,2021
KwaZulu-Natal,Ward 52804012,KZN284,3316,0.436670687575392,False,8.106514516255185,0.5095351233232382,0.04074585635359116,2021
KwaZulu-Natal,Ward 52804013,KZN284,3534,0.4394453876627051,False,8.170185652879642,0.5094284040891108,0.009658725048293626,2021
KwaZulu-Natal,Ward 52804014,KZN284,4331,0.5123528053567306,False,8.373553741214627,0.5066242726393406,0.024785939612438034,2021
KwaZulu-Natal,Ward 52804015,KZN284,3672,0.5561002178649237,False,8.20849175174038,0.504941679850564,0.015670910871694418,2021
KwaZulu-Natal,Ward 52804016,KZN284,4022,0.4952759820984584,False,8.299534570332597,0.5072810735338895,0.02359437751004016,2021
KwaZulu-Natal,Ward 52804017,KZN284,4007,0.5011230346892938,False,8.295798110636145,0.5070561868957806,0.0199203187250996,2021
KwaZulu-Natal,Ward 52804018,KZN284,3424,0.4480140186915888,False,8.138564737261632,0.5090988413572307,0.02803129074315515,2021
KwaZulu-Natal,Ward 52804019,KZN284,4160,0.5572115384615385,False,8.333270353255308,0.5048989367506942,0.012942191544434857,2021
KwaZulu-Natal,Ward 52804020,KZN284,4234,0.4888993859234766,False,8.350902451694811,0.5075263272329273,0.016908212560386472,2021
KwaZulu-Natal,Ward 52804021,KZN284,3718,0.4556213017751479,False,8.220941168281389,0.5088062535463246,0.025974025974025976,2021
KwaZulu-Natal,Ward 52804022,KZN284,3256,0.5571253071253072,False,8.08825472712243,0.5049022533405492,0.009371554575523704,2021
KwaZulu-Natal,Ward 52804023,KZN284,3290,0.5610942249240122,False,8.098642843759418,0.5047496026559837,0.051462621885157094,2021
KwaZulu-Natal,Ward 52804024,KZN284,3862,0.571206628689798,False,8.258940462988459,0.5043606640496073,0.014959202175883953,2021
KwaZulu-Natal,Ward 52804025,KZN284,3687,0.5820450230539734,False,8.212568398234145,0.5039438027279082,0.0195712954333644,2021
KwaZulu-Natal,Ward 52804026,KZN284,4200,0.4695238095238095,False,8.34283980427146,0.5082715417098376,0.02079107505070994,2021
KwaZulu-Natal,Ward 52804027,KZN284,3549,0.4790081713158636,False,8.174421152646497,0.5079067585639894,0.01764705882352941,2021
KwaZulu-Natal,Ward 52805001,KZN285,3521,0.5234308435103664,False,8.166500319155052,0.5164842632565095,0.01465002712967987,2021
KwaZulu-Natal,Ward 52805002,KZN285,3586,0.4495259341885109,False,8.184792654165078,0.5226430056999974,0.019230769230769232,2021
KwaZulu-Natal,Ward 52805003,KZN285,3545,0.4643159379407616,False,8.173293438966228,0.5214105053873099,0.009113001215066828,2021
KwaZulu-Natal,Ward 52805004,KZN285,2975,0.5058823529411764,False,7.99799931797973,0.5179466374706087,0.011295681063122924,2021
KwaZulu-Natal,Ward 52805005,KZN285,3368,0.5418646080760094,False,8.122074375362217,0.5149481162093726,0.008767123287671232,2021
KwaZulu-Natal,Ward 52805006,KZN285,3604,0.545227524972253,False,8.189799618728228,0.5146678731346856,0.015267175572519083,2021
KwaZulu-Natal,Ward 52805007,KZN285,3647,0.5223471346312037,False,8.20166019080868,0.5165745723297731,0.01732283464566929,2021
KwaZulu-Natal,Ward 52805008,KZN285,3405,0.4977973568281938,False,8.133000218583613,0.5186203871466906,0.03657817109144543,2021
KwaZulu-Natal,Ward 52805009,KZN285,3478,0.5483036227717079,False,8.154212694914229,0.5144115316513977,0.008390141583639224,2021
KwaZulu-Natal,Ward 52805010,KZN285,4052,0.519990128331688,False,8.306965865368573,0.5167709895213993,0.010915994304698624,2021
KwaZulu-Natal,Ward 52805011,KZN285,3208,0.523067331670823,False,8.073402968986406,0.5165145559098048,0.014898688915375448,2021
KwaZulu-Natal,Ward 52805012,KZN285,3931,0.502416687865683,False,8.27664912542186,0.5182354428935665,0.022278481012658228,2021
KwaZulu-Natal,Ward 52805013,KZN285,3088,0.5770725388601037,False,8.035278911144667,0.5120141219773647,0.015151515151515152,2021
KwaZulu-Natal,Ward 52806001,KZN286,4772,0.586756077116513,False,8.470520783217808,0.5551866825665633,0.015,2021
KwaZulu-Natal,Ward 52806002,KZN286,3641,0.5124965668772316,False,8.200013648175434,0.5608989525849696,0.004287245444801715,2021
KwaZulu-Natal,Ward 52806003,KZN286,3628,0.5118522601984564,False,8.196436811235028,0.5609485146371831,0.007539041464728056,2021
KwaZulu-Natal,Ward 52806004,KZN286,3786,0.5187533016376122,False,8.239065331769268,0.5604176652957096,0.03207739307535642,2021
KwaZulu-Natal,Ward 52806005,KZN286,4917,0.5265405735204393,False,8.50045386741194,0.559818644381646,0.018153727307840865,2021
KwaZulu-Natal,Ward 52806006,KZN286,4624,0.6055363321799307,False,8.439015410352214,0.5537420475616851,0.014285714285714285,2021
KwaZulu-Natal,Ward 52806007,KZN286,3845,0.659817945383615,False,8.254528881939745,0.5495665388537093,0.011824990145841546,2021
KwaZulu-Natal,Ward 52806008,KZN286,3967,0.4965969246281825,False,8.28576542051433,0.5621220019887426,0.018781725888324875,2021
KwaZulu-Natal,Ward 52806009,KZN286,4609,0.5615100889563897,False,8.435766192720509,0.5571286816558035,0.010819165378670788,2021
KwaZulu-Natal,Ward 52806010,KZN286,3566,0.5715086932136848,False,8.179199798423086,0.5563595582513963,0.013738959764474975,2021
KwaZulu-Natal,Ward 52806011,KZN286,4569,0.5797767564018385,False,8.427049641563272,0.5557235533907691,0.004907512268780672,2021
KwaZulu-Natal,Ward 52806012,KZN286,4205,0.5564803804994055,False,8.344029572407049,0.5575155823063408,0.011538461538461539,2021
KwaZulu-Natal,Ward 52806013,KZN286,5007,0.585180746954264,False,8.518592212329946,0.5553078618098133,0.005460750853242321,2021
KwaZulu-Natal,Ward 52806014,KZN286,4701,0.5313763029142735,False,8.45553053102413,0.5594466651975049,0.008006405124099279,2021
KwaZulu-Natal,Ward 52901001,KZN291,4634,0.586965904186448,False,8.441175704992322,0.4535601425574403,0.02022058823529412,2021
KwaZulu-Natal,Ward 52901002,KZN291,4714,0.5214255409418753,False,8.458292083496076,0.4574154580424152,0.02644426362896664,2021
KwaZulu-Natal,Ward 52901003,KZN291,4465,0.4109742441209406,False,8.4040244933106,0.46391259314952893,0.013623978201634877,2021
KwaZulu-Natal,Ward 52901004,KZN291,4574,0.4921294271972016,False,8.428143374582726,0.45913875885092537,0.029764549089293647,2021
KwaZulu-Natal,Ward 52901005,KZN291,4486,0.5499331252786447,False,8.408716715080153,0.4557385413167228,0.020267531414673693,2021
KwaZulu-Natal,Ward 52901006,KZN291,3761,0.5293804839138527,False,8.232440158470336,0.45694752022053414,0.027122049221496736,2021
KwaZulu-Natal,Ward 52901007,KZN291,4556,0.4190079016681299,False,8.424200324567073,0.4634400250585178,0.01676270298585647,2021
KwaZulu-Natal,Ward 52901008,KZN291,4470,0.525503355704698,False,8.405143687607614,0.4571755865857785,0.02596849723286505,2021
KwaZulu-Natal,Ward 52901009,KZN291,4596,0.4275456919060052,False,8.432941638968646,0.46293780210334873,0.013231552162849873,2021
KwaZulu-Natal,Ward 52901010,KZN291,5008,0.4838258785942492,False,8.518791912779934,0.45962720288639314,0.026826248452331822,2021
KwaZulu-Natal,Ward 52901011,KZN291,4174,0.4935313847628174,False,8.336630087637147,0.4590562907588303,0.03737864077669903,2021
KwaZulu-Natal,Ward 52901012,KZN291,4027,0.4566674944127142,False,8.300776960851454,0.4612247548970717,0.03425774877650897,2021
KwaZulu-Natal,Ward 52901013,KZN291,3205,0.4209048361934477,False,8.07246736935477,0.4633284406746756,0.01704966641957005,2021
KwaZulu-Natal,Ward 52901014,KZN291,3744,0.422542735042735,False,8.227909837597483,0.463232093683541,0.018331226295828066,2021
KwaZulu-Natal,Ward 52901015,KZN291,3311,0.4032014497130776,False,8.105005537547246,0.46436981634999147,0.017228464419475654,2021
KwaZulu-Natal,Ward 52901016,KZN291,3440,0.3962209302325581,False,8.143226750367445,0.4647804351429632,0.03888481291269259,2021
KwaZulu-Natal,Ward 52901017,KZN291,3691,0.375237063126524,False,8.213652703029998,0.46601478026684756,0.03104693140794224,2021
KwaZulu-Natal,Ward 52901018,KZN291,3838,0.3824908806670141,False,8.252706676567644,0.465588085117407,0.03337874659400545,2021
KwaZulu-Natal,Ward 52902001,KZN292,4425,0.5801129943502825,False,8.39502555744203,0.5355057329799736,0.027269185820023373,2021
KwaZulu-Natal,Ward 52902002,KZN292,4416,0.6281702898550725,False,8.392989587956931,0.5337894009976597,0.018745493871665464,2021
KwaZulu-Natal,Ward 52902003,KZN292,4672,0.5299657534246576,False,8.449342524508063,0.5372967058701744,0.025040387722132473,2021
KwaZulu-Natal,Ward 52902004,KZN292,5931,0.3776766143989209,False,8.687948111838727,0.5427356036925223,0.007142857142857143,2021
KwaZulu-Natal,Ward 52902005,KZN292,4776,0.5981993299832495,False,8.471358655072438,0.5348597924216534,0.01400070003500175,2021
KwaZulu-Natal,Ward 52902006,KZN292,4370,0.4869565217391304,False,8.382518288089635,0.5388327498589432,0.006109022556390977,2021
KwaZulu-Natal,Ward 52902007,KZN292,3750,0.6104,False,8.229511118964457,0.5344240542067694,0.014853647881170816,2021
KwaZulu-Natal,Ward 52902008,KZN292,4193,0.4994037681850704,False,8.341171747170762,0.5383882053430169,0.04297994269340974,2021
KwaZulu-Natal,Ward 52902009,KZN292,4385,0.5491448118586089,False,8.385944904806284,0.5366117394975334,0.026993355481727575,2021
KwaZulu-Natal,Ward 52902010,KZN292,4801,0.5319725057279734,False,8.476579508530941,0.537225036145056,0.03641346906812842,2021
KwaZulu-Natal,Ward 52902011,KZN292,5021,0.5887273451503684,False,8.521384396034705,0.5351980775942562,0.02706359945872801,2021
KwaZulu-Natal,Ward 52902012,KZN292,4227,0.4572983203217411,False,8.34924780056679,0.5398919713381358,0.02793585100879462,2021
KwaZulu-Natal,Ward 52902013,KZN292,5343,0.50945161894067,False,8.583542571957771,0.5380293535303169,0.01653196179279941,2021
KwaZulu-Natal,Ward 52902014,KZN292,4348,0.4882704691812327,False,8.3774712482411,0.5387858231645825,0.04050871408384362,2021
KwaZulu-Natal,Ward 52902015,KZN292,5691,0.4860305745914602,False,8.646641258603124,0.5388658193999315,0.014461315979754157,2021
KwaZulu-Natal,Ward 52902016,KZN292,6026,0.5262197145701958,False,8.703838719690246,0.5374304929721195,0.011668243456322927,2021
KwaZulu-Natal,Ward 52902017,KZN292,4192,0.5104961832061069,False,8.340933226000878,0.5379920476636941,0.011682242990654205,2021
KwaZulu-Natal,Ward 52902018,KZN292,4231,0.5454975183171827,False,8.350193650720067,0.5367419999811557,0.026429809358752165,2021
KwaZulu-Natal,Ward 52902019,KZN292,5159,0.4485365380887769,False,8.54849804124465,0.5402048921321702,0.014693171996542784,2021
KwaZulu-Natal,Ward 52902020,KZN292,4456,0.5866247755834829,False,8.40200678160712,0.5352731693645022,0.028691660290742157,2021
KwaZulu-Natal,Ward 52902021,KZN292,4031,0.5241875465145125,False,8.301769763117166,0.5375030704026796,0.03076194983435873,2021
KwaZulu-Natal,Ward 52902022,KZN292,6010,0.6670549084858569,False,8.701180027529253,0.5324006646179887,0.004240458967323522,2021
KwaZulu-Natal,Ward 52902023,KZN292,4604,0.5682015638575152,False,8.434680769841773,0.5359311412118581,0.04204892966360856,2021
KwaZulu-Natal,Ward 52902024,KZN292,4525,0.4974585635359116,False,8.417372856134026,0.5384576769376297,0.019546868058640605,2021
KwaZulu-Natal,Ward 52902025,KZN292,4186,0.534878165312948,False,8.339500903005945,0.5371212625884498,0.038856632425189816,2021
KwaZulu-Natal,Ward 52902026,KZN292,3474,0.5089234312032239,False,8.153061946801051,0.5380482173780828,0.006787330316742082,2021
KwaZulu-Natal,Ward 52902027,KZN292,4134,0.6289308176100629,False,8.327000740241713,0.5337622392921243,0.023076923076923078,2021
KwaZulu-Natal,Ward 52902028,KZN292,4130,0.524455205811138,False,8.326032685955079,0.5374935111420859,0.020313942751615882,2021
KwaZulu-Natal,Ward 52902029,KZN292,3542,0.5810276679841897,False,8.17244681834278,0.5354730660644769,0.03498542274052478,2021
KwaZulu-Natal,Ward 52903001,KZN293,3369,0.5126150192935589,False,8.122371243406553,0.5481084283799841,0.07180081065431385,2021
KwaZulu-Natal,Ward 52903002,KZN293,3486,0.4997131382673551,False,8.156510226079966,0.5488251995481065,0.06199770378874857,2021
KwaZulu-Natal,Ward 52903003,KZN293,4185,0.5665471923536439,False,8.339261982923576,0.5451121965433127,0.024040489245044285,2021
KwaZulu-Natal,Ward 52903004,KZN293,3231,0.5215103683070257,False,8.080546965824498,0.5476142423236804,0.01483679525222552,2021
KwaZulu-Natal,Ward 52903005,KZN293,3888,0.5694444444444444,False,8.265650165580329,0.5449512380938237,0.027551942186088526,2021
KwaZulu-Natal,Ward 52903006,KZN293,3220,0.458695652173913,False,8.077136638538454,0.5511039487755199,0.014895057549085985,2021
KwaZulu-Natal,Ward 52903007,KZN293,3079,0.5972718415069828,False,8.0323601479245,0.5434052715903495,0.021750951604132682,2021
KwaZulu-Natal,Ward 52903008,KZN293,3849,0.5723564562223954,False,8.255568653283746,0.5447894596617153,0.03722197004085338,2021
KwaZulu-Natal,Ward 52903009,KZN293,3985,0.5091593475533249,False,8.290292591224315,0.5483004101433304,0.014785608674223755,2021
KwaZulu-Natal,Ward 52903010,KZN293,3478,0.6135710178263369,False,8.154212694914229,0.5424997617948297,0.029053420805998126,2021
KwaZulu-Natal,Ward 52903011,KZN293,3428,0.6837806301050176,False,8.13973227971767,0.5385992277793474,0.020477815699658702,2021
KwaZulu-Natal,Ward 52903012,KZN293,4980,0.5897590361445784,False,8.513185170018698,0.5438226496660385,0.017364657814096015,2021
KwaZulu-Natal,Ward 52903013,KZN293,3841,0.5243426191096069,False,8.253488028345904,0.5474568950568703,0.025819265143992055,2021
KwaZulu-Natal,Ward 52903014,KZN293,4288,0.482509328358209,False,8.363575702750637,0.5497809667652813,0.09424842919284679,2021
KwaZulu-Natal,Ward 52903015,KZN293,4376,0.4849177330895795,False,8.383890344101816,0.5496471665024274,0.036757775683317624,2021
KwaZulu-Natal,Ward 52903016,KZN293,3750,0.66,False,8.229511118964457,0.5399203738962929,0.009696969696969697,2021
KwaZulu-Natal,Ward 52903017,KZN293,4082,0.5024497795198433,False,8.31434234336979,0.5486731639229683,0.1326182350073135,2021
KwaZulu-Natal,Ward 52903018,KZN293,4578,0.4491044124071647,False,8.429017500512511,0.5516367954292282,0.20865758754863814,2021
KwaZulu-Natal,Ward 52903019,KZN293,4275,0.5808187134502923,False,8.360539381370861,0.5443193342601655,0.02134514699959726,2021
KwaZulu-Natal,Ward 52904001,KZN294,4133,0.5206871521896927,False,8.326758814511733,0.5499156760434631,0.02137546468401487,2021
KwaZulu-Natal,Ward 52904002,KZN294,4706,0.5648108797280068,False,8.456593569287309,0.5455033032896318,0.010534236267870579,2021
KwaZulu-Natal,Ward 52904003,KZN294,3607,0.5528139728306072,False,8.19063168090354,0.5467029939793717,0.02357071213640923,2021
KwaZulu-Natal,Ward 52904004,KZN294,3863,0.5819311415997929,False,8.259199362666282,0.5437912771024531,0.029359430604982206,2021
KwaZulu-Natal,Ward 52904005,KZN294,4480,0.5287946428571428,False,8.40737832540903,0.5491049269767181,0.017306880540312368,2021
KwaZulu-Natal,Ward 52904006,KZN294,3696,0.5633116883116883,False,8.215006432761575,0.5456532224312636,0.024975984630163303,2021
KwaZulu-Natal,Ward 52904007,KZN294,4126,0.5227823557925352,False,8.325063693631197,0.5497061556831789,0.016689847009735744,2021
KwaZulu-Natal,Ward 52904008,KZN294,4581,0.5802226588081205,False,8.429672593886743,0.5439621253816205,0.018811136192626036,2021
KwaZulu-Natal,Ward 52904009,KZN294,4674,0.5682498930252461,False,8.449770515098804,0.5451594019599078,0.04405120481927711,2021
KwaZulu-Natal,Ward 52904010,KZN294,4282,0.5032695002335358,False,8.362175469149628,0.5516574412390789,0.01345707656612529,2021
KwaZulu-Natal,Ward 52904011,KZN294,3670,0.5329700272479564,False,8.207946941048617,0.5486873885376368,0.019938650306748466,2021
KwaZulu-Natal,Ward 54303001,KZN433,4078,0.4644433545855811,False,8.3133619511344,0.4796028605256232,0.06019007391763464,2021
KwaZulu-Natal,Ward 54303002,KZN433,4306,0.5582907570831398,False,8.367764677924308,0.4691753713592278,0.02745424292845258,2021
KwaZulu-Natal,Ward 54303003,KZN433,4628,0.3977960242005185,False,8.439880088313567,0.48700811945729683,0.016295491580662683,2021
KwaZulu-Natal,Ward 54303004,KZN433,4061,0.4988918985471559,False,8.309184527686298,0.4757752445298926,0.02566633761105627,2021
KwaZulu-Natal,Ward 54303005,KZN433,3526,0.4665343165059558,False,8.167919362957816,0.47937053142335934,0.0364741641337386,2021
KwaZulu-Natal,Ward 54303006,KZN433,3782,0.5343733474352195,False,8.238008249218403,0.4718328613201078,0.027709054923305294,2021
KwaZulu-Natal,Ward 54303007,KZN433,6816,0.369131455399061,False,8.827028068509152,0.49019307154634767,0.028616852146263912,2021
KwaZulu-Natal,Ward 54303008,KZN433,3756,0.4179978700745474,False,8.231109840328154,0.4847634699157381,0.009554140127388535,2021
KwaZulu-Natal,Ward 54303009,KZN433,5204,0.5272867025365103,False,8.557182839632397,0.47262026630885334,0.04628279883381924,2021
KwaZulu-Natal,Ward 54303010,KZN433,3534,0.5461233729485003,False,8.170185652879642,0.4705273029297433,0.01917098445595855,2021
KwaZulu-Natal,Ward 54304001,KZN434,3689,0.5855245323936026,False,8.213110697596676,0.52735393028147,0.02175925925925926,2021
KwaZulu-Natal,Ward 54304002,KZN434,4152,0.4655587668593449,False,8.331345424845724,0.5365820660917975,0.05225038799793068,2021
KwaZulu-Natal,Ward 54304003,KZN434,4824,0.5536898839137645,False,8.481358738407021,0.5298027493953037,0.03406963684013478,2021
KwaZulu-Natal,Ward 54304004,KZN434,4725,0.484021164021164,False,8.460622839927844,0.5351618816947344,0.045474420638390904,2021
KwaZulu-Natal,Ward 54304005,KZN434,3874,0.5699535363964894,False,8.262042843966942,0.5285516992043249,0.03170289855072464,2021
KwaZulu-Natal,Ward 54304006,KZN434,4065,0.5107011070110701,False,8.310169021981912,0.5331095783878186,0.03901734104046243,2021
KwaZulu-Natal,Ward 54304007,KZN434,4288,0.4342350746268656,False,8.363575702750637,0.5389915808789113,0.03490870032223416,2021
KwaZulu-Natal,Ward 54304008,KZN434,4449,0.4598786244099798,False,8.400434630806041,0.537019000126364,0.03763440860215054,2021
KwaZulu-Natal,Ward 54304009,KZN434,3731,0.6588046100241223,False,8.224431573221159,0.5217170012329684,0.048413344182262,2021
KwaZulu-Natal,Ward 54304010,KZN434,4247,0.5837061455144809,False,8.353968130313271,0.5274938061952485,0.050423557886244454,2021
KwaZulu-Natal,Ward 54304011,KZN434,4289,0.5700629517370016,False,8.36380888451688,0.5285432826396701,0.034764826175869123,2021
KwaZulu-Natal,Ward 54304012,KZN434,4568,0.5181698774080561,False,8.426830751335846,0.5325350575880505,0.03844528939585974,2021
KwaZulu-Natal,Ward 54304013,KZN434,2537,0.5124162396531337,False,7.838737559599282,0.5329776451076599,0.04846153846153846,2021
KwaZulu-Natal,Ward 54304014,KZN434,4113,0.5344031120836372,False,8.321907968230423,0.5312863472283904,0.01592356687898089,2021
KwaZulu-Natal,Ward 54305001,KZN435,4318,0.5900880037054191,False,8.370547611074752,0.4981097092367727,0.034929356357927786,2021
KwaZulu-Natal,Ward 54305002,KZN435,4474,0.4472507822977201,False,8.406038142050075,0.5049114816847584,0.01199400299850075,2021
KwaZulu-Natal,Ward 54305003,KZN435,4366,0.5027485112230875,False,8.38160253710989,0.5022687326883124,0.015034168564920273,2021
KwaZulu-Natal,Ward 54305004,KZN435,4308,0.5659238625812442,False,8.36822903827628,0.49926038262363825,0.033634126333059886,2021
KwaZulu-Natal,Ward 54305005,KZN435,3551,0.5468882005068995,False,8.174984532943087,0.5001668427224166,0.013388259526261586,2021
KwaZulu-Natal,Ward 54305006,KZN435,4035,0.5234200743494424,False,8.302761580704049,0.5012843725394384,0.014204545454545454,2021
KwaZulu-Natal,Ward 54305007,KZN435,3857,0.558983666061706,False,8.257644958208228,0.4995908681721876,0.021335807050092765,2021
KwaZulu-Natal,Ward 54305008,KZN435,4144,0.4756274131274131,False,8.329416783939319,0.5035602135500111,0.0289193302891933,2021
KwaZulu-Natal,Ward 54305009,KZN435,3483,0.481768590295722,False,8.155649270366002,0.5032677765419964,0.028605482717520857,2021
KwaZulu-Natal,Ward 54305010,KZN435,4382,0.5447284345047924,False,8.385260520155413,0.5002696887225169,0.01466275659824047,2021
KwaZulu-Natal,Ward 54305011,KZN435,3903,0.4363310274148091,False,8.269500767180615,0.5054314700125161,0.010569583088667059,2021
KwaZulu-Natal,Ward 54305012,KZN435,3747,0.5014678409394182,False,8.228710798793687,0.5023297169875347,0.011176157530601383,2021
KwaZulu-Natal,Ward 54305013,KZN435,4409,0.475391245180313,False,8.391403185357937,0.5035714596427302,0.033396946564885496,2021
KwaZulu-Natal,Ward 54305014,KZN435,4191,0.4946313528990694,False,8.340694647925071,0.5026552640370751,0.02894356005788712,2021
KwaZulu-Natal,Ward 54305015,KZN435,4739,0.5357670394598016,False,8.463581421967588,0.5006964218198974,0.06656163844033083,2021
KwaZulu-Natal,Ward 54305016,KZN435,4932,0.3388077858880778,False,8.503499864284235,0.5100754338947414,0.015559545182525433,2021
KwaZulu-Natal,Ward 54305017,KZN435,4610,0.4362255965292841,False,8.435983135990694,0.5054364905308744,0.014420686225758329,2021
KwaZulu-Natal,Ward 54305018,KZN435,3655,0.53406292749658,False,8.203851372183879,0.5007775700086222,0.016905737704918034,2021
KwaZulu-Natal,Ward 54305019,KZN435,2641,0.5308595229079894,False,7.878912912297133,0.5009301130842694,0.02710413694721826,2021
KwaZulu-Natal,Ward 54305020,KZN435,4583,0.491162993672267,False,8.430109084509125,0.5028204240002562,0.015548645046645935,2021
KwaZulu-Natal,Ward 54305021,KZN435,4400,0.4929545454545455,False,8.389359819906353,0.5027351120106239,0.033656062701705854,2021
KwaZulu-Natal,Ward 54305022,KZN435,3587,0.5453024811820463,False,8.185071477532283,0.5002423531664572,0.012269938650306749,2021
KwaZulu-Natal,Ward 54306001,KZN436,3628,0.6072216097023153,False,8.196436811235028,0.5500969426839536,0.035406264185202,2021
KwaZulu-Natal,Ward 54306002,KZN436,3300,0.5454545454545454,False,8.101677747454572,0.5545088758445086,0.02277777777777778,2021
KwaZulu-Natal,Ward 54306003,KZN436,3393,0.4473916887709991,False,8.129469764784231,0.5615133656076191,0.023715415019762844,2021
KwaZulu-Natal,Ward 54306004,KZN436,4334,0.5399169358560222,False,8.374246182096304,0.5549044193872603,0.02606837606837607,2021
KwaZulu-Natal,Ward 54306005,KZN436,4395,0.5676905574516496,False,8.388222810119277,0.5529205892732868,0.016432865731462926,2021
KwaZulu-Natal,Ward 54306006,KZN436,4306,0.6244774732930795,False,8.367764677924308,0.548864380998899,0.030494607660840462,2021
KwaZulu-Natal,Ward 54306007,KZN436,3851,0.6182809659828616,False,8.25608813381491,0.5493069886639146,0.034439311213775727,2021
KwaZulu-Natal,Ward 54306008,KZN436,4360,0.5981651376146789,False,8.38022733634308,0.5507438335473562,0.020705521472392636,2021
KwaZulu-Natal,Ward 54306009,KZN436,3930,0.5432569974554707,False,8.276394704863307,0.5546658435587283,0.03934426229508197,2021
KwaZulu-Natal,Ward 54306010,KZN436,3495,0.5370529327610872,False,8.15908865466791,0.5551089910368985,0.019179541822056473,2021
KwaZulu-Natal,Ward 54306011,KZN436,3865,0.5285899094437257,False,8.259716961021523,0.5557134927024243,0.016642192853646598,2021
KwaZulu-Natal,Ward 54306012,KZN436,2938,0.5517358747447243,False,7.9854843567338225,0.5540602094666387,0.02282541640962369,2021
KwaZulu-Natal,Ward 54306013,KZN436,3586,0.5337423312883436,False,8.184792654165078,0.5553454625706659,0.029780564263322883,2021
KwaZulu-Natal,Ward 54306014,KZN436,3855,0.5304798962386511,False,8.25712628599743,0.5555784936456439,0.018581907090464547,2021
KwaZulu-Natal,Ward 54306015,KZN436,4100,0.5351219512195122,False,8.318742252692399,0.5552469182898682,0.02552415679124886,2021
Limpopo,Ward 93301001,LIM331,4274,0.5301824988301357,False,8.360305435879093,0.48459346311085627,0.06663724624889673,2021
Limpopo,Ward 93301002,LIM331,3615,0.5103734439834025,False,8.192847134592865,0.48525376493908073,0.012466124661246613,2021
Limpopo,Ward 93301003,LIM331,3763,0.3988838692532553,False,8.232971790593437,0.48897008409675224,0.020652898067954697,2021
Limpopo,Ward 93301004,LIM331,3755,0.485219707057257,False,8.230843564198235,0.4860922228366189,0.02689352360043908,2021
Limpopo,Ward 93301005,LIM331,4105,0.5059683313032887,False,8.31996102188653,0.48540060202841784,0.008666345690900338,2021
Limpopo,Ward 93301006,LIM331,4178,0.5689325035902346,False,8.33758794211651,0.4833017962855196,0.013883045856121162,2021
Limpopo,Ward 93301007,LIM331,4553,0.5049417966176147,False,8.423541635334782,0.4854348198512736,0.009569377990430622,2021
Limpopo,Ward 93301008,LIM331,4054,0.5357671435619141,False,8.307459327011946,0.48440730828646367,0.0050644567219152855,2021
Limpopo,Ward 93301009,LIM331,3781,0.4120603015075377,False,8.237743803890933,0.4885308696882762,0.010269576379974325,2021
Limpopo,Ward 93301010,LIM331,4125,0.526060606060606,False,8.324821298768782,0.4847308595365073,0.013364055299539171,2021
Limpopo,Ward 93301011,LIM331,3946,0.4460212873796249,False,8.28045768658256,0.4873988368258733,0.00909090909090909,2021
Limpopo,Ward 93301012,LIM331,4343,0.4681096016578402,False,8.376320632534823,0.4866625596832661,0.01574028529267093,2021
Limpopo,Ward 93301013,LIM331,5048,0.4057052297939778,False,8.52674740422105,0.48874270541206155,0.01953125,2021
Limpopo,Ward 93301014,LIM331,4650,0.4419354838709677,False,8.444622498581403,0.4875350302761619,0.025304136253041364,2021
Limpopo,Ward 93301015,LIM331,3825,0.4920261437908497,False,8.249313746260636,0.48586534161216577,0.026036131774707757,2021
Limpopo,Ward 93301016,LIM331,3617,0.5142383190489356,False,8.193400231952097,0.4851249357702296,0.010752688172043012,2021
Limpopo,Ward 93301017,LIM331,4149,0.5545914678235719,False,8.330622620332868,0.48377983081107506,0.015210777922642329,2021
Limpopo,Ward 93301018,LIM331,5115,0.5098729227761486,False,8.539932678385727,0.48527044897932253,0.009585889570552147,2021
Limpopo,Ward 93301019,LIM331,4128,0.4256298449612403,False,8.325548307161398,0.48807855157315283,0.027888446215139442,2021
Limpopo,Ward 93301020,LIM331,3880,0.4461340206185567,False,8.263590432617319,0.48739507905124224,0.011554015020219527,2021
Limpopo,Ward 93301021,LIM331,4296,0.5162942271880819,False,8.3654396361887,0.4850564054989247,0.012623985572587917,2021
Limpopo,Ward 93301022,LIM331,3885,0.4401544401544401,False,8.264878262801748,0.4875943984000461,0.006432748538011696,2021
Limpopo,Ward 93301023,LIM331,3939,0.4869256156384869,False,8.278682162970906,0.48603535921724456,0.014077163712200209,2021
Limpopo,Ward 93301024,LIM331,4275,0.4912280701754385,False,8.360539381370861,0.4858919440660128,0.008571428571428572,2021
Limpopo,Ward 93301025,LIM331,4399,0.5526255967265288,False,8.389132521348719,0.48384535984764315,0.009872480460715755,2021
Limpopo,Ward 93301026,LIM331,4088,0.5244618395303327,False,8.31581113188354,0.48478415175418305,0.010261194029850746,2021
Limpopo,Ward 93301027,LIM331,4085,0.5140758873929009,False,8.315077007294104,0.4851303501587641,0.02142857142857143,2021
Limpopo,Ward 93301028,LIM331,3975,0.4213836477987421,False,8.287780027088433,0.48822009147856943,0.026865671641791045,2021
Limpopo,Ward 93301029,LIM331,4830,0.5037267080745341,False,8.482601746646619,0.48547532280270966,0.01726263871763255,2021
Limpopo,Ward 93301030,LIM331,3967,0.4550037811948575,False,8.28576542051433,0.4870994203653655,0.04764542936288089,2021
Limpopo,Ward 93301031,LIM331,3139,0.4794520547945205,False,8.051659556841953,0.48628447791204343,0.019269102990033222,2021
Limpopo,Ward 93302001,LIM332,3824,0.5086297071129707,False,8.249052274171293,0.5074717091971224,0.008226221079691516,2021
Limpopo,Ward 93302002,LIM332,3104,0.4919458762886597,False,8.04044688130311,0.5080470137083055,0.0091683038637852,2021
Limpopo,Ward 93302003,LIM332,3460,0.507514450867052,False,8.14902386805177,0.5075101663090507,0.02619589977220957,2021
Limpopo,Ward 93302004,LIM332,3599,0.5143095304251181,False,8.188411308079031,0.5072758532208415,0.002701242571582928,2021
Limpopo,Ward 93302005,LIM332,3606,0.4844703272323905,False,8.190354403763262,0.50830479126197,0.009158557527189467,2021
Limpopo,Ward 93302006,LIM332,3768,0.4843418259023354,False,8.234299635696253,0.5083092223423167,0.023561643835616437,2021
Limpopo,Ward 93302007,LIM332,3699,0.4922952149229521,False,8.215817791832453,0.5080349675485023,0.0054914881933003845,2021
Limpopo,Ward 93302008,LIM332,3162,0.497786211258697,False,8.058960017769417,0.5078456228472698,0.014612452350698857,2021
Limpopo,Ward 93302009,LIM332,3813,0.5040650406504065,False,8.246171559857563,0.507629111488935,0.015088449531737774,2021
Limpopo,Ward 93302010,LIM332,3720,0.439247311827957,False,8.221478947267192,0.5098642055862608,0.01346389228886169,2021
Limpopo,Ward 93302011,LIM332,3507,0.4947248360422013,False,8.162516250140179,0.5079511875099075,0.008069164265129682,2021
Limpopo,Ward 93302012,LIM332,3726,0.4675254965110038,False,8.223090551161533,0.5088890957696041,0.014925373134328358,2021
Limpopo,Ward 93302013,LIM332,3805,0.5474375821287779,False,8.244071270295786,0.5061335066103705,0.02112337974075852,2021
Limpopo,Ward 93302014,LIM332,4006,0.4755366949575637,False,8.295548516225763,0.5086128475473088,0.005774278215223097,2021
Limpopo,Ward 93302015,LIM332,4204,0.5418648905803997,False,8.343791731996841,0.5063256683879007,0.003511852502194908,2021
Limpopo,Ward 93302016,LIM332,3335,0.5637181409295352,False,8.112227958349724,0.505572108031034,0.006914893617021276,2021
Limpopo,Ward 93302017,LIM332,3907,0.4714614793959559,False,8.27052509505507,0.508753372221847,0.008143322475570033,2021
Limpopo,Ward 93302018,LIM332,3462,0.5797227036395147,False,8.149601735736155,0.505020226558276,0.008470353761833582,2021
Limpopo,Ward 93302019,LIM332,4198,0.5014292520247737,False,8.342363500380579,0.5077200007518878,0.0166270783847981,2021
Limpopo,Ward 93302020,LIM332,3943,0.5155972609688054,False,8.279697133877628,0.507231448719335,0.015248401377274963,2021
Limpopo,Ward 93302021,LIM332,3599,0.5198666296193387,False,8.188411308079031,0.507084229110696,0.03153393907001603,2021
Limpopo,Ward 93302022,LIM332,3784,0.5644820295983086,False,8.238536930171769,0.5055457670424556,0.009831460674157303,2021
Limpopo,Ward 93302023,LIM332,4147,0.4704605739088497,False,8.330140460246382,0.508787886204161,0.009226037929267043,2021
Limpopo,Ward 93302024,LIM332,4056,0.5325443786982249,False,8.30795254527102,0.506647065349355,0.019444444444444445,2021
Limpopo,Ward 93302025,LIM332,3856,0.4745850622406639,False,8.257385655730436,0.5086456624685812,0.004918032786885246,2021
Limpopo,Ward 93302026,LIM332,3367,0.4692604692604692,False,8.121777419161074,0.5088292691230707,0.01139240506329114,2021
Limpopo,Ward 93302027,LIM332,3717,0.5986010223298359,False,8.220672170297252,0.5043692500517133,0.024719101123595506,2021
Limpopo,Ward 93302028,LIM332,3264,0.5174632352941176,False,8.090708716083997,0.5071671047770828,0.010065127294256957,2021
Limpopo,Ward 93302029,LIM332,3377,0.4761622742078768,False,8.124743020385568,0.5085912758490222,0.027985074626865673,2021
Limpopo,Ward 93302030,LIM332,3149,0.5182597650047635,False,8.054840221101024,0.5071396382353364,0.00980392156862745,2021
Limpopo,Ward 93303001,LIM333,5818,0.4202475077346167,False,8.668711839055147,0.43718835732762606,0.015132924335378323,2021
Limpopo,Ward 93303002,LIM333,5724,0.4743186582809224,False,8.652423140676342,0.43559802937038183,0.012523020257826888,2021
Limpopo,Ward 93303003,LIM333,5093,0.4934223443942666,False,8.535622326884605,0.43503615624940106,0.01870274572224433,2021
Limpopo,Ward 93303004,LIM333,5341,0.4787492978842913,False,8.58316818033977,0.4354677164408709,0.008603832616347283,2021
Limpopo,Ward 93303005,LIM333,5679,0.4053530551153372,False,8.644530439877432,0.43762642946348723,0.00999131190269331,2021
Limpopo,Ward 93303006,LIM333,5194,0.4341547939930689,False,8.555259392222693,0.4367793194964951,0.01729490022172949,2021
Limpopo,Ward 93303007,LIM333,5316,0.4189240030097818,False,8.578476419833136,0.43722728393718,0.014369106421194431,2021
Limpopo,Ward 93303008,LIM333,5047,0.4034079651277987,False,8.526549286340263,0.43768363799253246,0.01424361493123772,2021
Limpopo,Ward 93303009,LIM333,5771,0.4377057702304626,False,8.660600654710967,0.43667487901892477,0.00870942201108472,2021
Limpopo,Ward 93303010,LIM333,4999,0.4492898579715943,False,8.51699317141357,0.43633417055595025,0.0182546749777382,2021
Limpopo,Ward 93303011,LIM333,5209,0.474947206757535,False,8.558143177745192,0.4355795426504814,0.015359741309620048,2021
Limpopo,Ward 93303012,LIM333,5198,0.434397845325125,False,8.556029215201436,0.43677217092790527,0.012400354295837024,2021
Limpopo,Ward 93303013,LIM333,5153,0.3700756840675335,False,8.547334348328224,0.43866399920018734,0.013633980073413739,2021
Limpopo,Ward 93303014,LIM333,5914,0.4761582685153872,False,8.685077700412423,0.4355439231870152,0.01278409090909091,2021
Limpopo,Ward 93303015,LIM333,5471,0.4713946262109303,False,8.607216694063826,0.43568403031361685,0.006591702210158977,2021
Limpopo,Ward 93303016,LIM333,5724,0.4046121593291404,False,8.652423140676342,0.4376482205160224,0.013816925734024179,2021
Limpopo,Ward 93303017,LIM333,5104,0.4088949843260188,False,8.537779825024625,0.4375222550749378,0.013895543842836608,2021
Limpopo,Ward 93303018,LIM333,5347,0.3775949130353469,False,8.584290934948731,0.43844284540701634,0.010401188707280832,2021
Limpopo,Ward 93303019,LIM333,4773,0.4106432013408758,False,8.470730317005897,0.437470836927442,0.010714285714285714,2021
Limpopo,Ward 93303020,LIM333,4767,0.3387874973778057,False,8.469472455204826,0.4395842399851793,0.013622291021671827,2021
Limpopo,Ward 93303021,LIM333,4556,0.3933274802458297,False,8.424200324567073,0.43798012284200216,0.012276785714285714,2021
Limpopo,Ward 93303022,LIM333,5674,0.4497708847373987,False,8.643649615368796,0.43632002270989717,0.011755485893416929,2021
Limpopo,Ward 93303023,LIM333,4567,0.4184366104663893,False,8.426611813185,0.43724161901198566,0.01936159079016222,2021
Limpopo,Ward 93303024,LIM333,5452,0.4057226705796038,False,8.603737792816423,0.4376155584204206,0.025768535262206148,2021
Limpopo,Ward 93303025,LIM333,4734,0.3888888888888889,False,8.46252579007393,0.43811066964661805,0.020097772949483977,2021
Limpopo,Ward 93303026,LIM333,4515,0.4790697674418605,False,8.415160465851086,0.4354582908656483,0.010171058714748035,2021
Limpopo,Ward 93303027,LIM333,5232,0.3922018348623853,False,8.562548893137034,0.43801323005916226,0.01364522417153996,2021
Limpopo,Ward 93303028,LIM333,5634,0.410010649627263,False,8.636574948436317,0.43748944138960705,0.014285714285714285,2021
Limpopo,Ward 93303029,LIM333,4783,0.3888772736776082,False,8.472823243680297,0.4381110112704793,0.012365591397849462,2021
Limpopo,Ward 93303030,LIM333,4585,0.4495092693565976,False,8.430545384690566,0.4363277172799207,0.027171276079573023,2021
Limpopo,Ward 93303031,LIM333,5655,0.4870026525198939,False,8.640295388550221,0.43522497071629435,0.00980392156862745,2021
Limpopo,Ward 93303032,LIM333,4761,0.5101869355177484,False,8.46821300919452,0.4345430800398869,0.01440922190201729,2021
Limpopo,Ward 93303033,LIM333,4817,0.4942910525223168,False,8.479906606630221,0.43501060601034075,0.01385972280554389,2021
Limpopo,Ward 93303034,LIM333,5307,0.5939325419257584,False,8.576781982827894,0.43207997396906306,0.01967005076142132,2021
Limpopo,Ward 93303035,LIM333,5473,0.4403435044765211,False,8.607582191143917,0.43659729859992297,0.015352697095435684,2021
Limpopo,Ward 93304001,LIM334,4288,0.3805970149253731,False,8.363575702750637,0.43371940867814796,0.022058823529411766,2021
Limpopo,Ward 93304002,LIM334,4001,0.4266433391652087,False,8.294299608857235,0.4311612795537127,0.018746338605741066,2021
Limpopo,Ward 93304003,LIM334,3973,0.3730178706267304,False,8.287276755814599,0.4341404722502948,0.01417004048582996,2021
Limpopo,Ward 93304004,LIM334,3285,0.3582952815829528,False,8.09712193091871,0.434958393863838,0.029736618521665252,2021
Limpopo,Ward 93304005,LIM334,3444,0.3254936120789779,False,8.144388865547622,0.43678070883628106,0.014272970561998216,2021
Limpopo,Ward 93304006,LIM334,3844,0.4284599375650364,False,8.254268770090183,0.4310603574203889,0.013357619914996965,2021
Limpopo,Ward 93304007,LIM334,3855,0.4031128404669261,False,8.25712628599743,0.432468529481395,0.005791505791505791,2021
Limpopo,Ward 93304008,LIM334,4572,0.4175415573053368,False,8.427706024914702,0.4316669341014833,0.05605028810895757,2021
Limpopo,Ward 93304009,LIM334,4043,0.4857778877071481,False,8.304742269640771,0.4278760268569382,0.03309572301425662,2021
Limpopo,Ward 93304010,LIM334,3724,0.6232545649838883,False,8.222553638396958,0.4202384336748971,0.03274450667815597,2021
Limpopo,Ward 93304011,LIM334,4084,0.3702252693437806,False,8.314832179284556,0.4342956167660142,0.010582010582010581,2021
Limpopo,Ward 93304012,LIM334,3542,0.4946357989836251,False,8.17244681834278,0.42738392067491177,0.003995433789954338,2021
Limpopo,Ward 93304013,LIM334,3894,0.4424756034925526,False,8.267192185932146,0.43028170931330467,0.024956471271038887,2021
Limpopo,Ward 93304014,LIM334,4370,0.3997711670480549,False,8.382518288089635,0.43265417800466566,0.028620492272467088,2021
Limpopo,Ward 93304015,LIM334,4447,0.4333258376433551,False,8.399984990510696,0.4307900296382601,0.01660612350804359,2021
Limpopo,Ward 93304016,LIM334,4203,0.3556983107304306,False,8.343553835005117,0.4351026700223114,0.033444816053511704,2021
Limpopo,Ward 93304017,LIM334,4148,0.5658148505303761,False,8.330381569349418,0.42342952892231445,0.008521516829995739,2021
Limpopo,Ward 93304018,LIM334,3939,0.4838791571464839,False,8.278682162970906,0.42798151188808625,0.012067156348373556,2021
Limpopo,Ward 93304019,LIM334,3759,0.4195264698057994,False,8.231908243564177,0.43155666118479097,0.024730500951173115,2021
Limpopo,Ward 93305001,LIM335,4091,0.4505010999755561,False,8.316544717929398,0.5932377100782568,0.0037981551817688553,2021
Limpopo,Ward 93305002,LIM335,4125,0.5156363636363637,False,8.324821298768782,0.5882273051812716,0.010813352139163141,2021
Limpopo,Ward 93305003,LIM335,4243,0.6170162620787178,False,8.353025845202325,0.5804288514549367,0.013750954927425516,2021
Limpopo,Ward 93305004,LIM335,3647,0.6161228406909789,False,8.20166019080868,0.5804975761770704,0.01290609701824655,2021
Limpopo,Ward 93305005,LIM335,3657,0.616078753076292,False,8.204398418149381,0.5805009675320464,0.011096316023080338,2021
Limpopo,Ward 93305006,LIM335,4156,0.6318575553416746,False,8.332308352219117,0.5792872135116323,0.005331302361005331,2021
Limpopo,Ward 93305007,LIM335,3657,0.5942028985507246,False,8.204398418149381,0.5821837255724746,0.014726184997699034,2021
Limpopo,Ward 93305008,LIM335,4587,0.6723348593852191,False,8.430981494597171,0.576173574739052,0.03696498054474708,2021
Limpopo,Ward 93305009,LIM335,3621,0.5382491024578846,False,8.19450550976564,0.5864878637334623,0.02103642893791688,2021
Limpopo,Ward 93305010,LIM335,3776,0.6099046610169492,False,8.236420527265391,0.5809758976904573,0.013460703430308293,2021
Limpopo,Ward 93305011,LIM335,3452,0.5362108922363847,False,8.146709052203319,0.5866446491351162,0.004321988114532685,2021
Limpopo,Ward 93305012,LIM335,3892,0.5503597122302158,False,8.266678443305896,0.5855562783663599,0.007936507936507936,2021
Limpopo,Ward 93305013,LIM335,3867,0.6576157227825188,False,8.260234291607297,0.5773058160161827,0.01061738104600865,2021
Limpopo,Ward 93305014,LIM335,4115,0.5565006075334143,False,8.32239411311117,0.5850839018045754,0.021834061135371178,2021
Limpopo,Ward 93401001,LIM341,3187,0.4232820834640728,False,8.066835314417336,0.4860439004507129,0.015567086730911787,2021
Limpopo,Ward 93401002,LIM341,3233,0.3229198886483143,False,8.081165777725433,0.4951677363430545,0.019157088122605363,2021
Limpopo,Ward 93401003,LIM341,4120,0.4480582524271844,False,8.323608442343572,0.48379152145406634,0.01570964247020585,2021
Limpopo,Ward 93401004,LIM341,2755,0.4370235934664246,False,7.9211727215870145,0.4847946722686809,0.009136212624584718,2021
Limpopo,Ward 93401005,LIM341,3349,0.4266945356822932,False,8.116417072794205,0.4857336775217837,0.012596221133659902,2021
Limpopo,Ward 93401006,LIM341,4636,0.4816652286453839,False,8.441607204459642,0.4807363417978664,0.05194805194805195,2021
Limpopo,Ward 93401007,LIM341,3377,0.528871779686112,False,8.124743020385568,0.4764448371578002,0.0022396416573348264,2021
Limpopo,Ward 93401008,LIM341,4111,0.4911213816589637,False,8.321421586897879,0.4798766915239046,0.008420009905894007,2021
Limpopo,Ward 93401009,LIM341,4348,0.5250689972401104,False,8.3774712482411,0.4767905446528913,0.011826544021024968,2021
Limpopo,Ward 93401010,LIM341,3745,0.5807743658210948,False,8.22817689595132,0.4717264202364381,0.015172413793103448,2021
Limpopo,Ward 93401011,LIM341,4305,0.5737514518002322,False,8.367532416861831,0.4723648669656075,0.0072874493927125505,2021
Limpopo,Ward 93401012,LIM341,4143,0.5305334298817282,False,8.329175442077402,0.47629377804910783,0.008644222020018199,2021
Limpopo,Ward 93403001,LIM343,4945,0.4084934277047523,False,8.506132244056813,0.4097226633882884,0.00891089108910891,2021
Limpopo,Ward 93403002,LIM343,4854,0.4732179645653069,False,8.487558386286548,0.4081045499667745,0.0043535045711798,2021
Limpopo,Ward 93403003,LIM343,4972,0.4382542236524537,False,8.511577452630602,0.40897864348959584,0.004589261128958238,2021
Limpopo,Ward 93403004,LIM343,6139,0.4469783352337514,False,8.722417141427496,0.4087605407000634,0.006559766763848397,2021
Limpopo,Ward 93403005,LIM343,5044,0.4791831879460745,False,8.52595469708481,0.4079554193822553,0.011584609019445594,2021
Limpopo,Ward 93403006,LIM343,5854,0.5030748206354629,False,8.674880467251832,0.4073581285650206,0.010865874363327675,2021
Limpopo,Ward 93403007,LIM343,5547,0.3802055164954029,False,8.621012520055235,0.41042986116852215,0.008060692271218587,2021
Limpopo,Ward 93403008,LIM343,5802,0.4098586694243364,False,8.665957964681349,0.40968853234529873,0.002523128679562658,2021
Limpopo,Ward 93403009,LIM343,5064,0.4443127962085308,False,8.529911963824013,0.4088271791756939,0.0057777777777777775,2021
Limpopo,Ward 93403010,LIM343,4849,0.4916477624252423,False,8.486527777105353,0.40764380502027614,0.006711409395973154,2021
Limpopo,Ward 93403011,LIM343,5968,0.4058310991957105,False,8.694167141883597,0.4097892216010144,0.008257638315441783,2021
Limpopo,Ward 93403012,LIM343,4937,0.4051043143609479,False,8.504513138258863,0.4098073912218835,0.0095,2021
Limpopo,Ward 93403013,LIM343,5943,0.5021033148241629,False,8.68996933536666,0.40738241621030313,0.009718498659517426,2021
Limpopo,Ward 93403014,LIM343,5776,0.4439058171745152,False,8.661466680572662,0.40883735365154433,0.004290171606864275,2021
Limpopo,Ward 93403015,LIM343,5215,0.3961649089165868,False,8.559294367434873,0.41003087635799257,0.005324298160696999,2021
Limpopo,Ward 93403016,LIM343,5717,0.4322196956445688,False,8.651199471263972,0.409129506689793,0.0084985835694051,2021
Limpopo,Ward 93403017,LIM343,5711,0.4211171423568552,False,8.650149418664864,0.40940707052198577,0.010395010395010396,2021
Limpopo,Ward 93403018,LIM343,6289,0.3585625695659087,False,8.746557354543503,0.4109709348417595,0.004878048780487805,2021
Limpopo,Ward 93403019,LIM343,5332,0.4724306076519129,False,8.5814816812986,0.4081242338896094,0.018261214767764985,2021
Limpopo,Ward 93403020,LIM343,5277,0.3888573052870949,False,8.571113033405668,0.41021356644872986,0.02387914230019493,2021
Limpopo,Ward 93403021,LIM343,6056,0.3814398943196829,False,8.708804795117285,0.4103990017229151,0.005627705627705628,2021
Limpopo,Ward 93403022,LIM343,6203,0.1554086732226342,False,8.732788324973118,0.41604978225034134,0.01037344398340249,2021
Limpopo,Ward 93403023,LIM343,6148,0.346779440468445,False,8.723882104658486,0.41126551306919606,0.010787992495309569,2021
Limpopo,Ward 93403024,LIM343,6483,0.3799167052290606,False,8.776938645174996,0.41043708145018065,0.0048721071863581,2021
Limpopo,Ward 93403025,LIM343,4946,0.3681763040841084,False,8.506334448081361,0.4107305914788045,0.007138934651290499,2021
Limpopo,Ward 93403026,LIM343,5884,0.4022773623385452,False,8.679992081721329,0.40987806502244356,0.008027038445289396,2021
Limpopo,Ward 93403027,LIM343,5570,0.4244165170556553,False,8.62515033292133,0.40932458615451583,0.008037225042301184,2021
Limpopo,Ward 93403028,LIM343,4781,0.4059820121313532,False,8.472405008626103,0.40978544877762335,0.005667181865018032,2021
Limpopo,Ward 93403029,LIM343,5303,0.3686592494814256,False,8.57602797713713,0.4107185178438716,0.0076726342710997444,2021
Limpopo,Ward 93403030,LIM343,5494,0.3889697852202403,False,8.611411866655219,0.41021075445040117,0.009358914365933552,2021
Limpopo,Ward 93403031,LIM343,6061,0.422537535060221,False,8.709630081951286,0.4093715607044016,0.012885591565794611,2021
Limpopo,Ward 93403032,LIM343,4952,0.4143780290791599,False,8.507546814364431,0.4095755483539282,0.00341130604288499,2021
Limpopo,Ward 93403033,LIM343,5887,0.3979955834890437,False,8.68050180902826,0.40998510949368105,0.006402048655569782,2021
Limpopo,Ward 93403034,LIM343,5275,0.4866350710900474,False,8.570733958344267,0.407769122303656,0.014024152707440592,2021
Limpopo,Ward 93403035,LIM343,6158,0.4152322182526794,False,8.725507328484445,0.4095541936245902,0.005866249511145874,2021
Limpopo,Ward 93403036,LIM343,5688,0.415436005625879,False,8.646113971483077,0.40954909894026026,0.02158273381294964,2021
Limpopo,Ward 93403037,LIM343,6260,0.3650159744408945,False,8.741935464094144,0.41080959971988484,0.015317286652078774,2021
Limpopo,Ward 93403038,LIM343,5492,0.3843772760378732,False,8.61104776688786,0.4103255671799603,0.012790146849834202,2021
Limpopo,Ward 93403039,LIM343,5035,0.4256206554121152,False,8.524168805152662,0.4092944826956043,0.006066262249183388,2021
Limpopo,Ward 93403040,LIM343,6069,0.3514582303509639,False,8.710949125835855,0.4111485433221331,0.007969995311767463,2021
Limpopo,Ward 93403041,LIM343,6038,0.395163961576681,False,8.705828110266784,0.4100559000414902,0.00586756077116513,2021
Limpopo,Ward 93404001,LIM344,4522,0.4471472799646174,False,8.416709652837914,0.4280250522048194,0.010880316518298714,2021
Limpopo,Ward 93404002,LIM344,5226,0.4045158821278224,False,8.561401446080557,0.42917725214635444,0.019394512771996216,2021
Limpopo,Ward 93404003,LIM344,4569,0.4615889691398555,False,8.427049641563272,0.42763473628116433,0.021337126600284494,2021
Limpopo,Ward 93404004,LIM344,4726,0.5226407109606432,False,8.460834457746854,0.4259846892049268,0.026720647773279354,2021
Limpopo,Ward 93404005,LIM344,4433,0.3997293029551094,False,8.396831834745054,0.42930661915102236,0.009593679458239277,2021
Limpopo,Ward 93404006,LIM344,4199,0.4286734936889735,False,8.342601680684194,0.42852434372578274,0.0077777777777777776,2021
Limpopo,Ward 93404007,LIM344,4948,0.5470897332255457,False,8.506738733512378,0.4253239048193889,0.007757665312153676,2021
Limpopo,Ward 93404008,LIM344,4487,0.4809449520837976,False,8.408939605975984,0.42711160160700373,0.0037071362372567192,2021
Limpopo,Ward 93404009,LIM344,4433,0.448229190164674,False,8.396831834745054,0.42799581138860165,0.004026170105686965,2021
Limpopo,Ward 93404010,LIM344,4358,0.3848095456631482,False,8.379768515504566,0.42970985583458887,0.004770423375074538,2021
Limpopo,Ward 93404011,LIM344,4742,0.4403205398566006,False,8.464214266625351,0.4282095586942253,0.011494252873563218,2021
Limpopo,Ward 93404012,LIM344,5090,0.4827111984282907,False,8.53503310954457,0.4270638652193147,0.002035002035002035,2021
Limpopo,Ward 93404013,LIM344,4061,0.3893129770992366,False,8.309184527686298,0.4295881414714513,0.009487666034155597,2021
Limpopo,Ward 93404014,LIM344,5236,0.4322001527883881,False,8.56331312702979,0.4284290286149878,0.016791869200176758,2021
Limpopo,Ward 93404015,LIM344,5471,0.4160116980442332,False,8.607216694063826,0.4288665544188839,0.01625659050966608,2021
Limpopo,Ward 93404016,LIM344,4790,0.4327766179540709,False,8.474285690404962,0.42841344847537477,0.008683068017366137,2021
Limpopo,Ward 93404017,LIM344,4947,0.4065089953507176,False,8.506536611227709,0.42912338422141133,0.008453505718547987,2021
Limpopo,Ward 93404018,LIM344,4608,0.3947482638888889,False,8.435549202375727,0.42944124182848775,0.007696536558548653,2021
Limpopo,Ward 93404019,LIM344,4427,0.4700700248475265,False,8.395477432732141,0.4274055185593354,0.022104757328207592,2021
Limpopo,Ward 93404020,LIM344,4506,0.4525077674212162,False,8.41316512099219,0.4278801741654519,0.009318293281020108,2021
Limpopo,Ward 93404021,LIM344,4095,0.3916971916971917,False,8.31752199628717,0.4295237032390742,0.009351620947630923,2021
Limpopo,Ward 93404022,LIM344,5152,0.4361413043478261,False,8.54714026778419,0.42832251100527324,0.0258121940364931,2021
Limpopo,Ward 93404023,LIM344,4393,0.4661962212610972,False,8.38776764397578,0.42751021595356326,0.017578125,2021
Limpopo,Ward 93404024,LIM344,4883,0.4390743395453614,False,8.49351506406166,0.4282432397837182,0.02658582089552239,2021
Limpopo,Ward 93404025,LIM344,4938,0.4100850546780072,False,8.504715669905124,0.42902673396932245,0.014320987654320988,2021
Limpopo,Ward 93404026,LIM344,4782,0.4335006273525721,False,8.47261414801827,0.42839388065379364,0.006271104679208876,2021
Limpopo,Ward 93404027,LIM344,4817,0.3684866099231887,False,8.479906606630221,0.4301510162599932,0.013521126760563381,2021
Limpopo,Ward 93404028,LIM344,4620,0.4755411255411255,False,8.438149984075784,0.42725765097302193,0.0018206645425580337,2021
Limpopo,Ward 93404029,LIM344,4985,0.3921765295887663,False,8.514188682395938,0.4295107481609235,0.015345268542199489,2021
Limpopo,Ward 93404030,LIM344,5033,0.3965825551361017,False,8.52377150677636,0.4293916663893739,0.013026052104208416,2021
Limpopo,Ward 93404031,LIM344,4632,0.532167530224525,False,8.440744019252831,0.4257272076032003,0.01947261663286004,2021
Limpopo,Ward 93404032,LIM344,4692,0.3290707587382779,False,8.453614209773367,0.4312163095352611,0.008419689119170985,2021
Limpopo,Ward 93404033,LIM344,5537,0.4079826620913852,False,8.619208116822968,0.42908355539058246,0.011509517485613104,2021
Limpopo,Ward 93404034,LIM344,5354,0.3675756443780351,False,8.585599224080298,0.43017563695040273,0.01016260162601626,2021
Limpopo,Ward 93404035,LIM344,4279,0.3830334190231362,False,8.361474616416817,0.42975785925729193,0.014032946918852958,2021
Limpopo,Ward 93404036,LIM344,5082,0.3744588744588744,False,8.53346016388011,0.4299896037049747,0.0162900683131897,2021
Limpopo,Ward 93404037,LIM344,4004,0.4517982017982018,False,8.295049140435111,0.4278993516147226,0.01271420674405749,2021
Limpopo,Ward 93404038,LIM344,5231,0.385968266105907,False,8.562357743370612,0.4296785390658657,0.009905894006934125,2021
Limpopo,Ward 93405001,LIM345,4566,0.4548839246605344,False,8.42639282708974,0.4749430403153322,0.02262879152623977,2021
Limpopo,Ward 93405002,LIM345,4716,0.4860050890585242,False,8.458716261657262,0.4739391317863647,0.009598603839441536,2021
Limpopo,Ward 93405003,LIM345,4302,0.3740120874012087,False,8.366835309827675,0.47755180925918134,0.005593536357986327,2021
Limpopo,Ward 93405004,LIM345,3986,0.4884596086302057,False,8.29054350077274,0.4738599537356653,0.01386748844375963,2021
Limpopo,Ward 93405005,LIM345,4173,0.4308650850706925,False,8.336390480591552,0.4757178415924238,0.007230255839822024,2021
Limpopo,Ward 93405006,LIM345,4111,0.4731208951593286,False,8.321421586897879,0.4743547509444033,0.014910025706940874,2021
Limpopo,Ward 93405009,LIM345,4574,0.4864451246174027,False,8.428143374582726,0.47392493709091704,0.012134831460674157,2021
Limpopo,Ward 93405010,LIM345,4184,0.4294933078393881,False,8.339023005744759,0.475762092470853,0.01335559265442404,2021
Limpopo,Ward 93405011,LIM345,4486,0.6116807846633973,False,8.408716715080153,0.46988507708943333,0.009110787172011662,2021
Limpopo,Ward 93405012,LIM345,3890,0.4313624678663239,False,8.266164436612492,0.47570179698611315,0.006555423122765197,2021
Limpopo,Ward 93405015,LIM345,4524,0.4825375773651635,False,8.41715183723601,0.47405098700227954,0.024278515803939534,2021
Limpopo,Ward 93405016,LIM345,5232,0.4977064220183486,False,8.562548893137034,0.473561669432822,0.027649769585253458,2021
Limpopo,Ward 93405017,LIM345,4375,0.4555428571428571,False,8.383661798791715,0.47492178442880556,0.016056196688409432,2021
Limpopo,Ward 93405018,LIM345,3972,0.4584592145015105,False,8.287025025165063,0.47482770838497806,0.0032948929159802307,2021
Limpopo,Ward 93405019,LIM345,4844,0.597646573080099,False,8.485496104672983,0.4703377935921204,0.012780656303972366,2021
Limpopo,Ward 93405020,LIM345,5028,0.4886634844868735,False,8.522777569710138,0.4738533770951277,0.026455026455026454,2021
Limpopo,Ward 93405021,LIM345,3938,0.489588623666836,False,8.278428259199071,0.473823533895774,0.015560165975103735,2021
Limpopo,Ward 93405022,LIM345,4777,0.461796106342893,False,8.471568013389962,0.4747200667126754,0.02085222121486854,2021
Limpopo,Ward 93405023,LIM345,5022,0.5033851055356432,False,8.52158353971753,0.47337848609355443,0.013449367088607595,2021
Limpopo,Ward 93405024,LIM345,4297,0.4638119618338375,False,8.365672383774996,0.47465503911619333,0.015052684395383844,2021
Limpopo,Ward 93405025,LIM345,4841,0.4883288576740343,False,8.484876589939695,0.47386417150844506,0.021150592216582064,2021
Limpopo,Ward 93405026,LIM345,5283,0.4116978989210675,False,8.572249397164315,0.4763361379198311,0.009195402298850575,2021
Limpopo,Ward 93405027,LIM345,4827,0.4547337891029625,False,8.481980435660493,0.4749478833978345,0.008656036446469248,2021
Limpopo,Ward 93405028,LIM345,5040,0.4597222222222222,False,8.525161361065415,0.474786966200439,0.015968925334484248,2021
Limpopo,Ward 93405029,LIM345,4121,0.4423683571948556,False,8.323851131338817,0.47534676829809597,0.00877674163466813,2021
Limpopo,Ward 93405030,LIM345,4806,0.4904286308780691,False,8.477620416296414,0.47379643688896006,0.010182435299109036,2021
Limpopo,Ward 93405031,LIM345,4318,0.4409448818897638,False,8.370547611074752,0.47539268685632474,0.01523109243697479,2021
Limpopo,Ward 93405032,LIM345,4074,0.5063819342169857,False,8.31238059678675,0.4732818142006079,0.012118274357731459,2021
Limpopo,Ward 93405033,LIM345,4436,0.5383228133453561,False,8.397508348470257,0.47225146326098305,0.015494137353433836,2021
Limpopo,Ward 93405034,LIM345,5055,0.468051434223541,False,8.528133131454572,0.4745182819423319,0.010566356720202874,2021
Limpopo,Ward 93405035,LIM345,4790,0.4542797494780793,False,8.474285690404962,0.4749625298373468,0.02297794117647059,2021
Limpopo,Ward 93405036,LIM345,4025,0.4573913043478261,False,8.300280189852664,0.47486215709961305,0.005431830526887561,2021
Limpopo,Ward 93501001,LIM351,3454,0.4528083381586566,False,8.147288258706624,0.44878375980965934,0.016624040920716114,2021
Limpopo,Ward 93501002,LIM351,3386,0.4279385705847607,False,8.12740456269308,0.4499680344560353,0.01932367149758454,2021
Limpopo,Ward 93501003,LIM351,3650,0.4054794520547945,False,8.202482446576537,0.4510375162907956,0.01418918918918919,2021
Limpopo,Ward 93501004,LIM351,3339,0.4618149146451033,False,8.113426639943654,0.4483548752150666,0.009727626459143969,2021
Limpopo,Ward 93501005,LIM351,4174,0.4520843315764254,False,8.336630087637147,0.44881823631357504,0.0196078431372549,2021
Limpopo,Ward 93501006,LIM351,3358,0.4136390708755211,False,8.119100837637486,0.4506489630136182,0.009359251259899209,2021
Limpopo,Ward 93501007,LIM351,3837,0.4636434714620797,False,8.252446090246952,0.4482678010809249,0.01517706576728499,2021
Limpopo,Ward 93501008,LIM351,4304,0.3775557620817844,False,8.36730010184162,0.45236721581331996,0.011076923076923076,2021
Limpopo,Ward 93501009,LIM351,4070,0.4309582309582309,False,8.311398278436641,0.4498242411049177,0.012542759407069556,2021
Limpopo,Ward 93501010,LIM351,3880,0.4469072164948454,False,8.263590432617319,0.44906476560317415,0.014994232987312572,2021
Limpopo,Ward 93501011,LIM351,4021,0.5118129818453121,False,8.299285906897275,0.44597401487219956,0.011661807580174927,2021
Limpopo,Ward 93501012,LIM351,3843,0.4665625813166796,False,8.254008590564844,0.44812879584975346,0.009481316229782488,2021
Limpopo,Ward 93501013,LIM351,3212,0.4937733499377335,False,8.074649075066652,0.4468330449630366,0.011349306431273645,2021
Limpopo,Ward 93501014,LIM351,3840,0.4294270833333333,False,8.253227645581772,0.44989715289657944,0.009702850212249849,2021
Limpopo,Ward 93501015,LIM351,3527,0.517436915225404,False,8.168202930236053,0.44570620852076653,0.01863013698630137,2021
Limpopo,Ward 93501016,LIM351,4470,0.5304250559284116,False,8.405143687607614,0.4450877256301472,0.015183466891606916,2021
Limpopo,Ward 93501017,LIM351,3584,0.4994419642857143,False,8.18423477409482,0.4465631109464661,0.012290502793296089,2021
Limpopo,Ward 93501018,LIM351,4347,0.4159190246146768,False,8.377241230988792,0.450540393787944,0.013827433628318585,2021
Limpopo,Ward 93501019,LIM351,4449,0.3627781523937963,False,8.400434630806041,0.4530709115127479,0.015489467162329617,2021
Limpopo,Ward 93501020,LIM351,3850,0.4854545454545454,False,8.25582842728183,0.44722917850985505,0.013911182450508293,2021
Limpopo,Ward 93501021,LIM351,3123,0.4322766570605187,False,8.046549357283078,0.4497614589095707,0.028888888888888888,2021
Limpopo,Ward 93501022,LIM351,3217,0.3991296238731737,False,8.076204527239026,0.451339889061349,0.017133956386292833,2021
Limpopo,Ward 93503001,LIM353,4348,0.4551517939282428,False,8.3774712482411,0.46146907002989884,0.005053057099545225,2021
Limpopo,Ward 93503002,LIM353,3700,0.5227027027027027,False,8.216088098632316,0.45696567611160155,0.009307135470527405,2021
Limpopo,Ward 93503003,LIM353,3744,0.4767628205128205,False,8.227909837597483,0.4600283349242604,0.01568627450980392,2021
Limpopo,Ward 93503004,LIM353,3299,0.4295240982115793,False,8.101374671228582,0.4631775830776765,0.012702893436838392,2021
Limpopo,Ward 93503005,LIM353,3587,0.484248675773627,False,8.185071477532283,0.45952927790687326,0.00978698906160046,2021
Limpopo,Ward 93503006,LIM353,3563,0.4005051922537188,False,8.178358165605836,0.4651121768082005,0.014716187806587245,2021
Limpopo,Ward 93503007,LIM353,4459,0.5117739403453689,False,8.402679804627477,0.4576942602687571,0.012269938650306749,2021
Limpopo,Ward 93503008,LIM353,3729,0.4899436846339501,False,8.22389538017882,0.4591496106495184,0.010946907498631636,2021
Limpopo,Ward 93503009,LIM353,4033,0.4969005702950657,False,8.302265794873367,0.4586858182721107,0.016966067864271458,2021
Limpopo,Ward 93503010,LIM353,3673,0.430166076776477,False,8.208764045819667,0.4631347845066833,0.024683544303797468,2021
Limpopo,Ward 93503011,LIM353,3161,0.4201202151217969,False,8.058643712215618,0.4638045086169953,0.016566265060240965,2021
Limpopo,Ward 93503012,LIM353,3668,0.5310796074154853,False,8.207401833376355,0.45640721579741605,0.021560574948665298,2021
Limpopo,Ward 93503013,LIM353,3456,0.4476273148148148,False,8.147867129923947,0.4619707019707941,0.011635423400129283,2021
Limpopo,Ward 93503014,LIM353,3588,0.4183389074693422,False,8.185350223178686,0.4639232624604922,0.018654230512991338,2021
Limpopo,Ward 93503015,LIM353,4019,0.4130380691714357,False,8.2987883944492,0.46427665168035265,0.01325301204819277,2021
Limpopo,Ward 93503016,LIM353,3521,0.4493041749502982,False,8.166500319155052,0.46185891129509515,0.012642225031605562,2021
Limpopo,Ward 93504001,LIM354,6724,0.4738251041046996,False,8.813438494528507,0.4338990143577771,0.026051475204017578,2021
Limpopo,Ward 93504002,LIM354,7433,0.4563433337817839,False,8.913684824725294,0.4342963273196615,0.01768867924528302,2021
Limpopo,Ward 93504003,LIM354,6421,0.4164460364429216,False,8.76732914779405,0.43520308407736297,0.028795811518324606,2021
Limpopo,Ward 93504004,LIM354,6388,0.4773011897307451,False,8.762176509334903,0.43382001241173057,0.014758937356510331,2021
Limpopo,Ward 93504005,LIM354,7022,0.4099971518086015,False,8.856803356728378,0.4353496496372339,0.0187565126780132,2021
Limpopo,Ward 93504006,LIM354,6626,0.451705402958044,False,8.798756582859841,0.4344017348383829,0.013030404276645506,2021
Limpopo,Ward 93504007,LIM354,6159,0.4474752394869297,False,8.725669705687043,0.4344978749172718,0.01741654571843251,2021
Limpopo,Ward 93504008,LIM354,8961,0.3809842651489789,False,9.10063710688422,0.43600903342495256,0.02958406561218512,2021
Limpopo,Ward 93504009,LIM354,8302,0.4594073717176584,False,9.024251728612985,0.4342266900938462,0.011274252753015208,2021
Limpopo,Ward 93504010,LIM354,6666,0.4521452145214521,False,8.804775258867686,0.43439173912103274,0.02289316522893165,2021
Limpopo,Ward 93504011,LIM354,7117,0.4506112125895742,False,8.87024156729927,0.43442660280130263,0.0077954474586841285,2021
Limpopo,Ward 93504012,LIM354,6002,0.3950349883372209,False,8.699848026000312,0.43568969880703795,0.010965837199493884,2021
Limpopo,Ward 93504013,LIM354,8525,0.4939589442815249,False,9.050758302151717,0.4334414270810311,0.01139871764426502,2021
Limpopo,Ward 93504014,LIM354,8523,0.4710782588290508,False,9.050523670522297,0.43396144265949643,0.007222914072229141,2021
Limpopo,Ward 93504015,LIM354,7021,0.4201680672268907,False,8.85666093701725,0.43511849246863643,0.015932203389830507,2021
Limpopo,Ward 93504016,LIM354,8242,0.4712448434845911,False,9.016998311898762,0.43395765664459773,0.014418125643666324,2021
Limpopo,Ward 93504017,LIM354,7472,0.4680139186295503,False,8.918917979908679,0.4340310867549395,0.00829282241921647,2021
Limpopo,Ward 93504018,LIM354,7698,0.4538841257469472,False,8.948715833843691,0.4343522184113624,0.012020606754436176,2021
Limpopo,Ward 93504019,LIM354,6640,0.4036144578313253,False,8.80086724247048,0.43549471086399016,0.015298507462686567,2021
Limpopo,Ward 93504020,LIM354,6705,0.43027591349739,False,8.81060879571578,0.4348887686897614,0.0058925476603119585,2021
Limpopo,Ward 93504021,LIM354,7306,0.5368190528332877,False,8.896451207355227,0.43246733370485463,0.00407955124936257,2021
Limpopo,Ward 93504022,LIM354,7488,0.4714209401709401,False,8.921057018157429,0.4339536544471807,0.00793201133144476,2021
Limpopo,Ward 93504023,LIM354,8254,0.4382117761085534,False,9.018453210312527,0.43470840817587136,0.009952999723527785,2021
Limpopo,Ward 93504024,LIM354,6634,0.4493518239372927,False,8.799963219506997,0.4344552252706727,0.016101979201610196,2021
Limpopo,Ward 93504025,LIM354,8229,0.4038157734840199,False,9.015419779605713,0.43549013550824706,0.01504664459825459,2021
Limpopo,Ward 93504026,LIM354,7603,0.1683545968696567,False,8.936298185228436,0.4408415258858463,0.0140625,2021
Limpopo,Ward 93504027,LIM354,8418,0.423616060822048,False,9.038127549330516,0.43504012897783734,0.007291082445316881,2021
Limpopo,Ward 93504028,LIM354,6683,0.4276522519826425,False,8.80732226751107,0.4349483973605511,0.013995801259622114,2021
Limpopo,Ward 93504029,LIM354,6432,0.4586442786069651,False,8.769040810858803,0.43424403311908927,0.014576271186440677,2021
Limpopo,Ward 93504030,LIM354,6766,0.4568430387230269,False,8.819665349340653,0.43428497038917874,0.01552895503073439,2021
Limpopo,Ward 93504031,LIM354,6656,0.4293870192307692,False,8.803273982501045,0.43490897083218455,0.01119664100769769,2021
Limpopo,Ward 93504032,LIM354,7010,0.4790299572039942,False,8.855092980028635,0.433780722241884,0.013400833829660513,2021
Limpopo,Ward 93504033,LIM354,6443,0.4316312276889648,False,8.770749549138642,0.43485796609449834,0.01438331535418914,2021
Limpopo,Ward 93504034,LIM354,6983,0.4362022053558642,False,8.851233902846035,0.4347540802384324,0.02298095863427446,2021
Limpopo,Ward 93504035,LIM354,7444,0.4558033315421816,False,8.915163617762142,0.4343086000978343,0.008841732979664015,2021
Limpopo,Ward 93504036,LIM354,8110,0.4644882860665845,False,9.000853147109458,0.4341112147677343,0.02548447040084948,2021
Limpopo,Ward 93504037,LIM354,6873,0.45598719627528,False,8.835355971121606,0.43430442135390024,0.007338864071474154,2021
Limpopo,Ward 93504038,LIM354,6262,0.4653465346534653,False,8.742254901886351,0.43409170911803235,0.010638297872340425,2021
Limpopo,Ward 93504039,LIM354,6914,0.3735898177610645,False,8.84130362048157,0.43617708904740515,0.004645760743321719,2021
Limpopo,Ward 93504040,LIM354,7827,0.432988373578638,False,8.965334573804839,0.43482712186973305,0.018589554440838006,2021
Limpopo,Ward 93504041,LIM354,7938,0.3936759889140842,False,8.97941663334301,0.43572058515756384,0.0112,2021
Limpopo,Ward 93504042,LIM354,7590,0.3990777338603425,False,8.934586870389676,0.435597818226967,0.014526246285902938,2021
Limpopo,Ward 93504043,LIM354,7235,0.3959917069799585,False,8.886685639065584,0.4356679552015212,0.01849912739965096,2021
Limpopo,Ward 93504044,LIM354,7577,0.4447670582024548,False,8.932872621931374,0.43455942449191903,0.018991097922848664,2021
Limpopo,Ward 93504045,LIM354,7295,0.3891706648389307,False,8.894944460956886,0.43582297888654453,0.011976047904191617,2021
Limpopo,Ward 93505001,LIM355,4119,0.4180626365622724,False,8.323365694436081,0.4313484822979077,0.018002322880371662,2021
Limpopo,Ward 93505002,LIM355,3854,0.3806434872859366,False,8.256866848974312,0.4326387977901951,0.015678254942058625,2021
Limpopo,Ward 93505003,LIM355,2999,0.4434811603867956,False,8.00603417874901,0.4304719814763724,0.02180451127819549,2021
Limpopo,Ward 93505004,LIM355,3207,0.4106641721234799,False,8.073091199693154,0.4316036017613143,0.02201974183750949,2021
Limpopo,Ward 93505005,LIM355,3189,0.4321103794292882,False,8.067462667010057,0.4308640773714589,0.02104499274310595,2021
Limpopo,Ward 93505006,LIM355,3419,0.4205908160280784,False,8.137103389639302,0.43126130369563853,0.03268428372739916,2021
Limpopo,Ward 93505007,LIM355,3826,0.4064296915838996,False,8.249575150000199,0.4317496183316447,0.01607717041800643,2021
Limpopo,Ward 93505008,LIM355,3860,0.4132124352331606,False,8.258422462458876,0.4315157306196012,0.005642633228840125,2021
Limpopo,Ward 93505009,LIM355,3111,0.3828351012536162,False,8.042699496897637,0.4325632248947579,0.016792611251049538,2021
Limpopo,Ward 93505010,LIM355,3824,0.372907949790795,False,8.249052274171293,0.4329055404624414,0.010518934081346423,2021
Limpopo,Ward 93505011,LIM355,3030,0.3920792079207921,False,8.016317898503415,0.4322444625958898,0.021043771043771045,2021
Limpopo,Ward 93505012,LIM355,3453,0.4306400231682595,False,8.146998697389993,0.43091477931149436,0.029589778076664425,2021
Limpopo,Ward 93505013,LIM355,4561,0.4593290944968208,False,8.4252971767117,0.4299255009898198,0.02673031026252983,2021
Limpopo,Ward 93505014,LIM355,3360,0.4324404761904762,False,8.11969625295725,0.4308526947245213,0.01995870612525809,2021
Limpopo,Ward 93505015,LIM355,4416,0.416893115942029,False,8.392989587956931,0.43138881059515743,0.008690928843020097,2021
Limpopo,Ward 93505016,LIM355,3006,0.3968729208250166,False,8.00836557031292,0.4320791621509165,0.03101424979044426,2021
Limpopo,Ward 93505017,LIM355,3200,0.4353125,False,8.070906088787819,0.4307536594207447,0.008614501076812634,2021
Limpopo,Ward 93505018,LIM355,4046,0.4409293129016312,False,8.305484017727691,0.4305599762172402,0.016816143497757848,2021
Limpopo,Ward 93505019,LIM355,3936,0.4565548780487805,False,8.277920258172143,0.4300211636259591,0.01725097384529772,2021
Limpopo,Ward 93505020,LIM355,3810,0.3908136482939632,False,8.245384468120747,0.43228810258302175,0.011417058428475487,2021
Limpopo,Ward 93505021,LIM355,3429,0.3826188393117527,False,8.14002395246292,0.432570682203098,0.038871951219512195,2021
Limpopo,Ward 93505022,LIM355,3423,0.3771545427987146,False,8.138272638530186,0.43275910622078895,0.013942680092951201,2021
Limpopo,Ward 93505023,LIM355,3622,0.3655438983986747,False,8.19478163844336,0.43315947326906623,0.030966767371601207,2021
Limpopo,Ward 93505024,LIM355,3278,0.4032946918852959,False,8.094988759303774,0.4318577217695275,0.018910741301059002,2021
Limpopo,Ward 93505025,LIM355,3677,0.4745716616807179,False,8.209852481301272,0.42939989522485783,0.054441260744985676,2021
Limpopo,Ward 93505026,LIM355,4092,0.439149560117302,False,8.316789127071518,0.43062134700290666,0.019476905954368393,2021
Limpopo,Ward 93505027,LIM355,4111,0.483580637314522,False,8.321421586897879,0.42908924089265765,0.007545271629778672,2021
Limpopo,Ward 93505028,LIM355,3703,0.5679179044018363,False,8.216898580913613,0.4261810592689572,0.016167379933428434,2021
Limpopo,Ward 93505029,LIM355,3814,0.6250655479811221,False,8.246433786160365,0.42421045086967146,0.012583892617449664,2021
Limpopo,Ward 93505030,LIM355,3363,0.4754683318465655,False,8.12058871174027,0.4293689755639665,0.020012507817385866,2021
Limpopo,Ward 93601001,LIM361,3370,0.4712166172106825,False,8.122668023346407,0.40582800993537976,0.01322418136020151,2021
Limpopo,Ward 93601002,LIM361,3426,0.5598365440747227,False,8.139148678884066,0.39777165294773975,0.0031282586027111575,2021
Limpopo,Ward 93601003,LIM361,3608,0.2951773835920177,False,8.190908881182514,0.42183157662798565,0.024413145539906103,2021
Limpopo,Ward 93601004,LIM361,4066,0.5381210034431874,False,8.310414994188292,0.39974579300515206,0.011882998171846435,2021
Limpopo,Ward 93601005,LIM361,5049,0.4081996434937611,False,8.526945482858915,0.41155682572782715,0.019408054342552158,2021
Limpopo,Ward 93601006,LIM361,2748,0.3631732168850072,False,7.91862865334224,0.4156501372377139,0.01002004008016032,2021
Limpopo,Ward 93601007,LIM361,3547,0.3171694389625035,False,8.173857454773621,0.4198322988670324,0.017777777777777778,2021
Limpopo,Ward 93601008,LIM361,5384,0.3538261515601783,False,8.591186871324563,0.41649987044906195,0.026771653543307086,2021
Limpopo,Ward 93601009,LIM361,4261,0.4524759446139404,False,8.357259153499912,0.4075317074441745,0.012448132780082987,2021
Limpopo,Ward 93601010,LIM361,3365,0.3952451708766716,False,8.121183242078828,0.41273450505665343,0.013533834586466165,2021
Limpopo,Ward 93601011,LIM361,2485,0.3054325955734406,False,7.818027938530729,0.42089928462967446,0.005270092226613966,2021
Limpopo,Ward 93601012,LIM361,4379,0.4754510162137474,False,8.384575666801398,0.4054430645714648,0.008165225744476465,2021
Limpopo,Ward 93602001,LIM362,4170,0.303357314148681,False,8.335671314792847,0.502870596493698,0.013438735177865613,2021
Limpopo,Ward 93602002,LIM362,4637,0.2697864998921717,False,8.441822884391462,0.5056681643484072,0.012789768185451638,2021
Limpopo,Ward 93602003,LIM362,5110,0.3532289628180039,False,8.53895468319775,0.4987146257712545,0.008310249307479225,2021
Limpopo,Ward 93602004,LIM362,5406,0.3736588975212727,False,8.595264726836392,0.4970121312126488,0.007425742574257425,2021
Limpopo,Ward 93602005,LIM362,4099,0.5833130031715053,False,8.318498320504338,0.47954095574179606,0.020493517356754497,2021
Limpopo,Ward 93602006,LIM362,4429,0.5231429216527432,False,8.395929103923198,0.4845551292016929,0.028053517479499353,2021
Limpopo,Ward 93602007,LIM362,4530,0.5538631346578367,False,8.41847721847708,0.48199511145126844,0.010362694300518135,2021
Limpopo,Ward 93602008,LIM362,3749,0.628700986929848,False,8.229244416735913,0.4757586237619342,0.013152312261349173,2021
Limpopo,Ward 93602009,LIM362,4192,0.5918416030534351,False,8.340933226000878,0.4788302390849686,0.019750100765820233,2021
Limpopo,Ward 93602010,LIM362,3889,0.6042684494728722,False,8.265907334155747,0.47779466855001546,0.011914893617021277,2021
Limpopo,Ward 93602011,LIM362,4285,0.5703617269544924,False,8.36287583103188,0.4806202287598805,0.028641571194762683,2021
Limpopo,Ward 93602012,LIM362,4243,0.557860004713646,False,8.353025845202325,0.4816620389466177,0.012674271229404309,2021
Limpopo,Ward 93602013,LIM362,4922,0.4244209670865502,False,8.501470230951002,0.4927819587488757,0.02489229296314026,2021
Limpopo,Ward 93606001,LIM366,3580,0.5600558659217877,False,8.183118079394745,0.49389959762171265,0.0029925187032418953,2021
Limpopo,Ward 93606002,LIM366,3253,0.4586535505687058,False,8.087332926473351,0.5065748870408479,0.01675603217158177,2021
Limpopo,Ward 93606003,LIM366,2970,0.4609427609427609,False,7.996317231796746,0.5062887357440911,0.014609203798392988,2021
Limpopo,Ward 93606004,LIM366,3203,0.4960974086793631,False,8.071843149609158,0.5018944047770157,0.011327879169288861,2021
Limpopo,Ward 93606005,LIM366,2936,0.5470027247956403,False,7.984803389734406,0.4955312402624811,0.013075965130759652,2021
Limpopo,Ward 93606006,LIM366,3802,0.5165702261967385,False,8.243282523048375,0.4993353025873438,0.009164969450101833,2021
Limpopo,Ward 93606007,LIM366,3482,0.5413555427914991,False,8.155362120328135,0.49623713801299874,0.015915119363395226,2021
Limpopo,Ward 93606008,LIM366,4061,0.4853484363457276,False,8.309184527686298,0.5032380263187202,0.0121765601217656,2021
Limpopo,Ward 93606009,LIM366,3980,0.4452261306532663,False,8.289037098278483,0.5082533145302779,0.0208803611738149,2021
Limpopo,Ward 93607001,LIM367,4209,0.4739843193157519,False,8.344980368770571,0.40633368141744586,0.009523809523809525,2021
Limpopo,Ward 93607002,LIM367,4438,0.4294727354664263,False,8.39795910349254,0.4077695389609725,0.015739769150052464,2021
Limpopo,Ward 93607003,LIM367,4371,0.5282544040265386,False,8.382747094863314,0.4045830335235495,0.026418362927674317,2021
Limpopo,Ward 93607004,LIM367,3852,0.4190031152647975,False,8.256347772918016,0.40810726864489605,0.01734820322180917,2021
Limpopo,Ward 93607005,LIM367,3716,0.4577502691065662,False,8.22040309993373,0.40685736045645193,0.01763668430335097,2021
Limpopo,Ward 93607006,LIM367,3842,0.452628839146278,False,8.253748343328501,0.4070225678745257,0.010925819436457734,2021
Limpopo,Ward 93607007,LIM367,3870,0.4842377260981912,False,8.261009786023827,0.40600292635994784,0.0144076840981857,2021
Limpopo,Ward 93607008,LIM367,4024,0.4174950298210735,False,8.300031711779575,0.4081559165624355,0.01904761904761905,2021
Limpopo,Ward 93607009,LIM367,4623,0.381786718581008,False,8.438799123988225,0.40930779757017954,0.019263456090651557,2021
Limpopo,Ward 93607010,LIM367,3904,0.4390368852459016,False,8.269756947532983,0.4074610180003443,0.010501750291715286,2021
Limpopo,Ward 93607011,LIM367,3962,0.4207470974255426,False,8.284504227258497,0.40805101115583975,0.017996400719856028,2021
Limpopo,Ward 93607012,LIM367,4515,0.374750830564784,False,8.415160465851086,0.4095347616997352,0.02541371158392435,2021
Limpopo,Ward 93607013,LIM367,4192,0.3862118320610687,False,8.340933226000878,0.40916505197404857,0.00926497838171711,2021
Limpopo,Ward 93607014,LIM367,4451,0.3987867894855089,False,8.400884069015854,0.4087594081861634,0.008450704225352112,2021
Limpopo,Ward 93607015,LIM367,4567,0.376833807751259,False,8.426611813185,0.40946756888726826,0.01452643811737362,2021
Limpopo,Ward 93607016,LIM367,3921,0.3830655445039531,False,8.27410200229233,0.4092665451210523,0.007989347536617843,2021
Limpopo,Ward 93607017,LIM367,4564,0.3466257668711656,False,8.425954710981966,0.4104420218188842,0.02465233881163085,2021
Limpopo,Ward 93607018,LIM367,4891,0.2999386628501329,False,8.495152060539358,0.4119480574324659,0.016359918200409,2021
Limpopo,Ward 93607019,LIM367,4558,0.3225098727512067,False,8.42463920980563,0.41121995388726995,0.018367346938775512,2021
Limpopo,Ward 93607020,LIM367,5290,0.4323251417769376,False,8.573573524852344,0.4076775258541818,0.011368605159597726,2021
Limpopo,Ward 93607021,LIM367,4881,0.4023765621798811,False,8.493105395887147,0.4086436090669901,0.040224032586558045,2021
Limpopo,Ward 93607022,LIM367,4193,0.4109229668495111,False,8.341171747170762,0.4083679185937762,0.014509576320371444,2021
Limpopo,Ward 93607023,LIM367,5210,0.4297504798464491,False,8.558335134747413,0.40776057946484273,0.013398838767306834,2021
Limpopo,Ward 93607024,LIM367,3815,0.418610747051114,False,8.246695943718557,0.40811992568404715,0.024420788979336257,2021
Limpopo,Ward 93607025,LIM367,4303,0.4062282128747385,False,8.3670677328386,0.4085193622703818,0.013729977116704805,2021
Limpopo,Ward 93607026,LIM367,4995,0.3621621621621622,False,8.516192691082654,0.4099408477772391,0.02211166390270868,2021
Limpopo,Ward 93607027,LIM367,4030,0.3364764267990074,False,8.301521654940728,0.41076941988572796,0.00663716814159292,2021
Limpopo,Ward 93607028,LIM367,4876,0.3162428219852338,False,8.492080490601163,0.4114221168152045,0.01297016861219196,2021
Limpopo,Ward 93607029,LIM367,5691,0.3619750483219118,False,8.646641258603124,0.40994688370756976,0.04174757281553398,2021
Limpopo,Ward 93607030,LIM367,4784,0.37688127090301,False,8.473032295630468,0.40946603781785695,0.025513033832501388,2021
Limpopo,Ward 93607031,LIM367,5220,0.563984674329502,False,8.560252680876685,0.4034304441589378,0.008152173913043478,2021
Limpopo,Ward 93607032,LIM367,4174,0.4592716818399616,False,8.336630087637147,0.40680828262634233,0.007303077725612937,2021
Limpopo,Ward 93608001,LIM368,4320,0.4814814814814814,False,8.371010681238156,0.49890512566992784,0.016826923076923076,2021
Limpopo,Ward 93608002,LIM368,3449,0.4554943461873006,False,8.145839612936841,0.5009041360771725,0.01336728198599618,2021
Limpopo,Ward 93608003,LIM368,3452,0.488991888760139,False,8.146709052203319,0.4983274020331081,0.009478672985781991,2021
Limpopo,Ward 93608004,LIM368,3781,0.495900555408622,False,8.237743803890933,0.4977959661370709,0.010133333333333333,2021
Limpopo,Ward 93608005,LIM368,4382,0.4876768598813327,False,8.385260520155413,0.4984285581007085,0.005615348619560131,2021
Limpopo,Ward 93608006,LIM368,3120,0.5291666666666667,False,8.045588280803528,0.4952370345018367,0.01029678982434888,2021
Limpopo,Ward 93608007,LIM368,3381,0.4924578527062999,False,8.125926802707886,0.4980607894218649,0.013213213213213212,2021
Limpopo,Ward 93608008,LIM368,3446,0.4622751015670342,False,8.144969417087875,0.5003825395095007,0.02197112366603892,2021
Limpopo,Ward 93608009,LIM368,3030,0.5221122112211221,False,8.016317898503415,0.4957796849207247,0.020859671302149177,2021
Limpopo,Ward 93608010,LIM368,3051,0.5018026876433956,False,8.02322468471667,0.4973419559651653,0.013716525146962769,2021
Limpopo,Ward 93608011,LIM368,4390,0.4765375854214123,False,8.387084506069217,0.4992854253668563,0.010516252390057362,2021
Limpopo,Ward 93608012,LIM368,3565,0.6690042075736325,False,8.178919332848396,0.4844803005859163,0.006289308176100629,2021
Limpopo,Ward 93608013,LIM368,3763,0.4217379750199309,False,8.232971790593437,0.503500780013124,0.006931316950220542,2021
Limpopo,Ward 93608014,LIM368,3450,0.4826086956521739,False,8.146129510025405,0.4988184168875669,0.012612612612612612,2021
Limpopo,Ward 94701001,LIM471,3230,0.4325077399380805,False,8.080237416216702,0.44365607108018495,0.025053686471009307,2021
Limpopo,Ward 94701002,LIM471,3397,0.4598174860170739,False,8.130647968160584,0.44183542134158543,0.01088348271446863,2021
Limpopo,Ward 94701003,LIM471,3290,0.4468085106382978,False,8.098642843759418,0.44270268636683713,0.005442176870748299,2021
Limpopo,Ward 94701004,LIM471,3260,0.5352760736196319,False,8.089482474360754,0.4368048488347482,0.024068767908309457,2021
Limpopo,Ward 94701005,LIM471,4151,0.463743676222597,False,8.33110454805304,0.4415736753278839,0.0187012987012987,2021
Limpopo,Ward 94701006,LIM471,3185,0.4703296703296703,False,8.066207568006265,0.441134609054079,0.015353805073431242,2021
Limpopo,Ward 94701007,LIM471,3473,0.417506478548805,False,8.152774052744075,0.4446561551728033,0.008275862068965517,2021
Limpopo,Ward 94701008,LIM471,4172,0.4074784276126558,False,8.336150816120663,0.44532469190187995,0.01588235294117647,2021
Limpopo,Ward 94701009,LIM471,3919,0.3983158969124776,False,8.273591798199632,0.4459355272818918,0.012812299807815503,2021
Limpopo,Ward 94701010,LIM471,3875,0.4513548387096774,False,8.262300941787448,0.4423995978287452,0.013150371640937679,2021
Limpopo,Ward 94701011,LIM471,3324,0.4121540312876053,False,8.10892415597534,0.44501298499021663,0.016788321167883213,2021
Limpopo,Ward 94701012,LIM471,4100,0.401219512195122,False,8.318742252692399,0.4457419529297155,0.01398176291793313,2021
Limpopo,Ward 94701013,LIM471,4302,0.498837749883775,False,8.366835309827675,0.4392340704171387,0.010251630941286114,2021
Limpopo,Ward 94701014,LIM471,3610,0.4390581717451524,False,8.191463051326927,0.44321937562638014,0.015141955835962145,2021
Limpopo,Ward 94701015,LIM471,3611,0.4430905566325118,False,8.191740021277457,0.4429505499672229,0.02625,2021
Limpopo,Ward 94701016,LIM471,3533,0.4098499858477215,False,8.169902647359145,0.44516658801954223,0.015193370165745856,2021
Limpopo,Ward 94702001,LIM472,4424,0.4070976491862568,False,8.39479954320217,0.4062261043475326,0.03053858967240422,2021
Limpopo,Ward 94702002,LIM472,4345,0.3636363636363636,False,8.376781037699493,0.4076748138658624,0.008860759493670886,2021
Limpopo,Ward 94702003,LIM472,3630,0.3501377410468319,False,8.196987927258897,0.4081247679521801,0.03855232100708104,2021
Limpopo,Ward 94702004,LIM472,4372,0.4025617566331198,False,8.382975849296429,0.4063773007659705,0.016477272727272726,2021
Limpopo,Ward 94702005,LIM472,3791,0.4125560538116592,False,8.240385115516334,0.4060441575266858,0.01278772378516624,2021
Limpopo,Ward 94702006,LIM472,3409,0.4502786740979759,False,8.134174272137903,0.4047867368504753,0.016286644951140065,2021
Limpopo,Ward 94702007,LIM472,4471,0.371057928874972,False,8.405367376233981,0.40742742835790874,0.040988547317661245,2021
Limpopo,Ward 94702008,LIM472,3520,0.4744318181818182,False,8.166216268592143,0.40398163204768056,0.010778443113772455,2021
Limpopo,Ward 94702009,LIM472,4567,0.4556601707904532,False,8.426611813185,0.4046073536273927,0.019221528111484865,2021
Limpopo,Ward 94702010,LIM472,4016,0.3700199203187251,False,8.298041661371565,0.407462028643117,0.021534320323014805,2021
Limpopo,Ward 94702011,LIM472,3383,0.3845699083653562,False,8.12651816878071,0.4069770290415626,0.0207532667179093,2021
Limpopo,Ward 94702012,LIM472,4117,0.3893611853291231,False,8.322880021769905,0.40681731980943703,0.035558328134747345,2021
Limpopo,Ward 94702013,LIM472,3816,0.4934486373165618,False,8.246958032568177,0.40334773807652247,0.004779607010090282,2021
Limpopo,Ward 94702014,LIM472,4114,0.3974234321827904,False,8.322151070212902,0.4065485782476481,0.01529051987767584,2021
Limpopo,Ward 94702015,LIM472,3701,0.3596325317481761,False,8.216358332386156,0.40780827492880195,0.02629601803155522,2021
Limpopo,Ward 94702016,LIM472,4305,0.3804878048780488,False,8.367532416861831,0.4071130991578062,0.02197802197802198,2021
Limpopo,Ward 94702017,LIM472,3251,0.3645032297754537,False,8.086717920303906,0.4076459183278927,0.026160337552742614,2021
Limpopo,Ward 94702018,LIM472,3523,0.4689185353391995,False,8.167068178341237,0.4041654081424345,0.011501210653753027,2021
Limpopo,Ward 94702019,LIM472,3425,0.418978102189781,False,8.138856750696325,0.4058300892474151,0.014634146341463415,2021
Limpopo,Ward 94702020,LIM472,3942,0.432775240994419,False,8.279443487712665,0.4053701846205939,0.00996483001172333,2021
Limpopo,Ward 94702021,LIM472,3883,0.4869945918104558,False,8.264363329731667,0.40356287292672594,0.023268112109994712,2021
Limpopo,Ward 94702022,LIM472,4134,0.3773584905660377,False,8.327000740241713,0.4072174096348732,0.021794871794871794,2021
Limpopo,Ward 94702023,LIM472,3595,0.4089012517385257,False,8.187299270155147,0.406165984262457,0.03197278911564626,2021
Limpopo,Ward 94702024,LIM472,3307,0.4094345328091926,False,8.103796712981794,0.40614820822676806,0.014032496307237814,2021
Limpopo,Ward 94702025,LIM472,3732,0.3772775991425509,False,8.224699561967235,0.40722010601565617,0.03196022727272727,2021
Limpopo,Ward 94702026,LIM472,3317,0.4422671088332831,False,8.106816038947052,0.40505378902596506,0.012269938650306749,2021
Limpopo,Ward 94702027,LIM472,3915,0.356066411238825,False,8.272570608424903,0.40792714561244703,0.020086083213773313,2021
Limpopo,Ward 94702028,LIM472,4210,0.3714964370546318,False,8.345217926676428,0.40741281141858676,0.017902813299232736,2021
Limpopo,Ward 94702029,LIM472,3528,0.4648526077097505,False,8.168486417126681,0.4043009390634162,0.01402439024390244,2021
Limpopo,Ward 94702030,LIM472,3939,0.4671236354404671,False,8.278682162970906,0.4042252381390589,0.01141304347826087,2021
Limpopo,Ward 94702031,LIM472,4375,0.2845714285714286,False,8.383661798791715,0.4103103117013602,0.01285140562248996,2021
Limpopo,Ward 94703001,LIM473,4033,0.3796181502603521,False,8.302265794873367,0.4370410295413843,0.013063357282821686,2021
Limpopo,Ward 94703002,LIM473,4233,0.5308291991495393,False,8.350666240520924,0.432000661245078,0.013796172674677348,2021
Limpopo,Ward 94703003,LIM473,4285,0.4212368728121353,False,8.36287583103188,0.4356537387896582,0.008310249307479225,2021
Limpopo,Ward 94703004,LIM473,4620,0.4504329004329004,False,8.438149984075784,0.43468053786896604,0.0312349831811629,2021
Limpopo,Ward 94703005,LIM473,4173,0.4174454828660436,False,8.336390480591552,0.43578011845452796,0.00975889781859931,2021
Limpopo,Ward 94703006,LIM473,3987,0.6157511913719589,False,8.290794347381356,0.4291699281709974,0.009368635437881873,2021
Limpopo,Ward 94703007,LIM473,3489,0.4763542562338779,False,8.157370441186774,0.43381649267560013,0.013237063778580024,2021
Limpopo,Ward 94703008,LIM473,4791,0.3859319557503652,False,8.474494436883122,0.4368305693583839,0.01352082206598161,2021
Limpopo,Ward 94703009,LIM473,5055,0.3984174085064292,False,8.528133131454572,0.4364143875998484,0.010923535253227408,2021
Limpopo,Ward 94703010,LIM473,3771,0.3839830283744365,False,8.235095497258357,0.4368955336042482,0.020027624309392266,2021
Limpopo,Ward 94703011,LIM473,4519,0.4323965479088293,False,8.41604600941128,0.4352817496197684,0.014841351074718526,2021
Limpopo,Ward 94703012,LIM473,4586,0.5946358482337549,False,8.43076346341785,0.42987377294227086,0.0176017601760176,2021
Limpopo,Ward 94703013,LIM473,4410,0.4290249433106576,False,8.391629968440892,0.4353941364397074,0.009513742071881607,2021
Limpopo,Ward 94703014,LIM473,4216,0.4314516129032258,False,8.346642090221199,0.43531324745328853,0.012094557449147883,2021
Limpopo,Ward 94703015,LIM473,3589,0.3583170799665645,False,8.185628891147607,0.4377510652178439,0.01166407465007776,2021
Limpopo,Ward 94703016,LIM473,4562,0.3682595352915388,False,8.425516402844334,0.4374196500403447,0.011904761904761904,2021
Limpopo,Ward 94703017,LIM473,3820,0.3782722513089005,False,8.24800570160062,0.43708589283976607,0.01453287197231834,2021
Limpopo,Ward 94703018,LIM473,4107,0.3873873873873873,False,8.320448113956559,0.43678205497048317,0.03331238214959145,2021
Limpopo,Ward 94703019,LIM473,4943,0.4466922921302853,False,8.505727713306959,0.43480522481238654,0.010869565217391304,2021
Limpopo,Ward 94703020,LIM473,3483,0.4605225380419179,False,8.155649270366002,0.4343442166153321,0.023067331670822942,2021
Limpopo,Ward 94703021,LIM473,3794,0.5129151291512916,False,8.24117615049496,0.4325977969116863,0.01644398766700925,2021
Limpopo,Ward 94703022,LIM473,4372,0.3723696248856358,False,8.382975849296429,0.4372826470538749,0.012899262899262898,2021
Limpopo,Ward 94703023,LIM473,3864,0.4751552795031056,False,8.259458195332408,0.43385645856662586,0.04520697167755991,2021
Limpopo,Ward 94703024,LIM473,4100,0.5092682926829268,False,8.318742252692399,0.43271935812729845,0.021551724137931036,2021
Limpopo,Ward 94703025,LIM473,4160,0.475,False,8.333270353255308,0.4338616345500627,0.012145748987854251,2021
Limpopo,Ward 94703026,LIM473,3904,0.4257172131147541,False,8.269756947532983,0.4355043941129042,0.012033694344163659,2021
Limpopo,Ward 94703027,LIM473,3667,0.3316062176165803,False,8.207129168071326,0.4386414272961767,0.04029605263157895,2021
Limpopo,Ward 94703028,LIM473,4090,0.4828850855745721,False,8.316300249036848,0.43359879836424364,0.015189873417721518,2021
Limpopo,Ward 94703029,LIM473,3724,0.3643931256713211,False,8.222553638396958,0.4375485303610187,0.021370670596904937,2021
Limpopo,Ward 94703030,LIM473,3617,0.3558197401161183,False,8.193400231952097,0.43783430987952543,0.027195027195027196,2021
Limpopo,Ward 94703031,LIM473,3674,0.4387588459444747,False,8.20903626577507,0.4350696730185802,0.02543424317617866,2021
Limpopo,Ward 94706001,LIM476,4488,0.4964349376114082,False,8.409162447202533,0.4111580572396112,0.01481149012567325,2021
Limpopo,Ward 94706002,LIM476,4950,0.3563636363636364,False,8.507142855562735,0.41484414411455256,0.011904761904761904,2021
Limpopo,Ward 94706003,LIM476,4769,0.4023904382470119,False,8.469891918298224,0.41363291248604267,0.014590932777488274,2021
Limpopo,Ward 94706004,LIM476,4282,0.2690331620737973,False,8.362175469149628,0.41714231449060096,0.011284722222222222,2021
Limpopo,Ward 94706005,LIM476,5384,0.3198365527488855,False,8.591186871324563,0.415805383157046,0.024390243902439025,2021
Limpopo,Ward 94706006,LIM476,5621,0.3759117594734033,False,8.634264863002075,0.41432971982219025,0.01372456223379082,2021
Limpopo,Ward 94706007,LIM476,4935,0.409726443768997,False,8.504107951867582,0.4134398597091483,0.01533135509396637,2021
Limpopo,Ward 94706008,LIM476,5306,0.3658122879758764,False,8.576593534697684,0.4145954953879147,0.014425553838227717,2021
Limpopo,Ward 94706009,LIM476,4974,0.3797748291113791,False,8.51197962436335,0.4142280600948751,0.01111699311805188,2021
Limpopo,Ward 94706010,LIM476,5281,0.4459382692671843,False,8.571870752706934,0.41248691693288025,0.014437367303609342,2021
Limpopo,Ward 94706011,LIM476,4743,0.4965211891208096,False,8.464425125877582,0.41115578746304804,0.01613588110403397,2021
Limpopo,Ward 94706012,LIM476,4398,0.3758526603001364,False,8.388905171114706,0.414331275063592,0.013914095583787053,2021
Limpopo,Ward 94706013,LIM476,5915,0.3286559594251902,False,8.685246776412487,0.4155732935076696,0.014917695473251029,2021
Limpopo,Ward 94706014,LIM476,5636,0.4371894960965223,False,8.636929873018572,0.41271714780579244,0.024350649350649352,2021
Limpopo,Ward 94706015,LIM476,5851,0.4028371218595112,False,8.674367865788236,0.4136211576541348,0.00848536274925753,2021
Limpopo,Ward 94706016,LIM476,5407,0.4655076752358054,False,8.595449689382004,0.41197193256528497,0.0166865315852205,2021
Limpopo,Ward 94706017,LIM476,5263,0.4157324719741592,False,8.56845648535378,0.4132818063353283,0.018281535648994516,2021
Limpopo,Ward 94706018,LIM476,4631,0.3988339451522349,False,8.440528106480752,0.4137265044095894,0.028695181375203032,2021
Limpopo,Ward 94706019,LIM476,4890,0.4002044989775051,False,8.494947582468917,0.4136904372036613,0.009197751660705161,2021
Limpopo,Ward 94706020,LIM476,5750,0.4109565217391304,False,8.656955133791396,0.4134074892362501,0.017774016081252644,2021
Limpopo,Ward 94706021,LIM476,5316,0.432844243792325,False,8.578476419833136,0.4128314965506397,0.019991308126901346,2021
Limpopo,Ward 94706022,LIM476,6159,0.4158142555609677,False,8.725669705687043,0.4132796541356754,0.02069504099960953,2021
Limpopo,Ward 94706023,LIM476,5024,0.4261544585987261,False,8.521981708148035,0.41300754352941865,0.014012143858010275,2021
Limpopo,Ward 94706024,LIM476,5517,0.4045676998368678,False,8.61558951327243,0.4135756161284149,0.023745519713261647,2021
Limpopo,Ward 94706025,LIM476,5112,0.3452660406885759,False,8.53934599605737,0.4151361861060015,0.01586402266288952,2021
Limpopo,Ward 94706026,LIM476,4352,0.5147058823529411,False,8.378390788535778,0.4106772429043077,0.020089285714285716,2021
Limpopo,Ward 94706027,LIM476,4657,0.3695512132273996,False,8.446126742982377,0.4144971026181377,0.01452643811737362,2021
Limpopo,Ward 94706028,LIM476,5063,0.3373493975903614,False,8.529714471969909,0.41534451881911244,0.02224824355971897,2021
Limpopo,Ward 94706029,LIM476,4670,0.4364025695931477,False,8.448914350662942,0.4127378563979865,0.009322865554465163,2021
Limpopo,Ward 94706030,LIM476,4867,0.4072323813437435,False,8.490233009833455,0.4135054929308655,0.022199798183652877,2021
Limpopo,Ward 94706031,LIM476,4668,0.3339760068551842,False,8.448485993406447,0.4154332922595118,0.010904425914047467,2021
Limpopo,Ward 94706032,LIM476,5275,0.4405687203791469,False,8.570733958344267,0.4126282208509865,0.020654044750430294,2021
Limpopo,Ward 94706033,LIM476,5549,0.5406379527842855,False,8.621373010325902,0.4099948199982197,0.012666666666666666,2021
Limpopo,Ward 94706034,LIM476,6049,0.4613985782774012,False,8.707648248106914,0.41208006669576924,0.010390541024722321,2021
Limpopo,Ward 94706035,LIM476,5291,0.4800604800604801,False,8.57376254290413,0.4115889640172672,0.01653543307086614,2021
Limpopo,Ward 94706036,LIM476,5163,0.4696881657950804,False,8.54927308487965,0.41186191965583036,0.011958762886597939,2021
Limpopo,Ward 94706037,LIM476,4799,0.4634298812252552,False,8.476162841858246,0.41202661135503627,0.007643884892086331,2021
Limpopo,Ward 94706038,LIM476,5621,0.5068493150684932,False,8.634264863002075,0.41088399467495107,0.015444015444015444,2021
Limpopo,Ward 94706039,LIM476,4558,0.3804300131636682,False,8.42463920980563,0.4142108184092886,0.015570934256055362,2021
Mpumalanga,Ward 83001001,MP301,4084,0.4201762977473066,False,8.314832179284556,0.43766827042131023,0.018065268065268064,2021
Mpumalanga,Ward 83001002,MP301,4211,0.4086915222037521,False,8.345455428161928,0.43814680273562506,0.011040092969203951,2021
Mpumalanga,Ward 83001003,MP301,3665,0.4676671214188267,False,8.206583614320753,0.4356894861016636,0.01575262543757293,2021
Mpumalanga,Ward 83001004,MP301,3573,0.4240134340890008,False,8.181160858023409,0.43750838974040634,0.012541254125412541,2021
Mpumalanga,Ward 83001005,MP301,3277,0.351235886481538,False,8.094683648698815,0.44054078755738396,0.021720243266724587,2021
Mpumalanga,Ward 83001006,MP301,3385,0.3704579025110783,False,8.127109185346375,0.43973987022281985,0.01594896331738437,2021
Mpumalanga,Ward 83001007,MP301,4479,0.4567983924983255,False,8.4071550862073,0.4361423498066845,0.02346041055718475,2021
Mpumalanga,Ward 83001008,MP301,3433,0.3952810952519662,False,8.141189793457691,0.43870557052528275,0.020633750921149593,2021
Mpumalanga,Ward 83001009,MP301,3265,0.4823889739663093,False,8.09101504171053,0.43507607557885186,0.017142857142857144,2021
Mpumalanga,Ward 83001010,MP301,4367,0.411037325395008,False,8.381831553485561,0.43804906093598944,0.012813370473537604,2021
Mpumalanga,Ward 83001011,MP301,3812,0.385099685204617,False,8.245909264774093,0.4391297959439224,0.0170299727520436,2021
Mpumalanga,Ward 83001012,MP301,3541,0.5261225642473878,False,8.172164452111904,0.43325384265047356,0.017713365539452495,2021
Mpumalanga,Ward 83001013,MP301,3760,0.4954787234042553,False,8.23217423638394,0.43453066935227075,0.011272141706924315,2021
Mpumalanga,Ward 83001014,MP301,3542,0.4339356295878035,False,8.17244681834278,0.43709496492795624,0.026024723487312947,2021
Mpumalanga,Ward 83001015,MP301,3895,0.4454428754813864,False,8.267448958304849,0.43661549634905694,0.01729106628242075,2021
Mpumalanga,Ward 83001016,MP301,4710,0.4078556263269639,False,8.457443187010464,0.43818163173049124,0.026028110359187923,2021
Mpumalanga,Ward 83001017,MP301,3147,0.4207181442643787,False,8.054204897064407,0.43764569348309895,0.02190332326283988,2021
Mpumalanga,Ward 83001018,MP301,3663,0.5432705432705432,False,8.206037762778815,0.4325393435245088,0.01407035175879397,2021
Mpumalanga,Ward 83001019,MP301,3640,0.4579670329670329,False,8.199738960630786,0.43609365645382164,0.01259748050389922,2021
Mpumalanga,Ward 83001020,MP301,2964,0.395748987854251,False,7.994294986415977,0.4386860750001876,0.0068201193520886615,2021
Mpumalanga,Ward 83001021,MP301,3787,0.4386057565355162,False,8.239329427901795,0.4369003763051349,0.015051173991571343,2021
Mpumalanga,Ward 83001022,MP301,3603,0.4254787676935886,False,8.189522110748094,0.43744733417354853,0.0182648401826484,2021
Mpumalanga,Ward 83001023,MP301,3056,0.4954188481675393,False,8.024862150286411,0.4345331641538006,0.05812417437252312,2021
Mpumalanga,Ward 83001024,MP301,4383,0.4398813597992242,False,8.38548870041881,0.436847226169147,0.03112033195020747,2021
Mpumalanga,Ward 83001025,MP301,3561,0.4254422914911541,False,8.177796683277778,0.4374488540153167,0.015181518151815182,2021
Mpumalanga,Ward 83002001,MP302,3096,0.3856589147286822,False,8.037866234709618,0.4060197617299404,0.011725293132328308,2021
Mpumalanga,Ward 83002002,MP302,4284,0.3837535014005602,False,8.36264243156764,0.40612561802594727,0.03527980535279805,2021
Mpumalanga,Ward 83002003,MP302,4714,0.4734832414085702,False,8.458292083496076,0.4011406324699467,0.01478494623655914,2021
Mpumalanga,Ward 83002004,MP302,2833,0.3582774444052241,False,7.949091499830517,0.4075409545256881,0.003940886699507389,2021
Mpumalanga,Ward 83002005,MP302,3511,0.4212475078325263,False,8.163656176168432,0.40404261766861577,0.056795131845841784,2021
Mpumalanga,Ward 83002006,MP302,3148,0.3230622617534943,False,8.054522609537294,0.4094973535618953,0.015732546705998034,2021
Mpumalanga,Ward 83002007,MP302,3912,0.4299591002044989,False,8.271804031154709,0.4035586403146173,0.007134363852556481,2021
Mpumalanga,Ward 83002008,MP302,4537,0.4333259863345823,False,8.420021279663963,0.40337159108516824,0.009155645981688708,2021
Mpumalanga,Ward 83002009,MP302,4459,0.3785602152949092,False,8.402679804627477,0.40641413392070563,0.014218009478672985,2021
Mpumalanga,Ward 83002010,MP302,3377,0.5193959135327213,False,8.124743020385568,0.39858992846304936,0.027366020524515394,2021
Mpumalanga,Ward 83002011,MP302,1364,0.4266862170087976,False,7.218176838403408,0.40374046715882295,0.012027491408934709,2021
Mpumalanga,Ward 83002012,MP302,3491,0.4457175594385563,False,8.157943507105037,0.40268317035716966,0.018637532133676093,2021
Mpumalanga,Ward 83002013,MP302,3922,0.2656807751147373,False,8.274357006756292,0.41268521393071517,0.04318618042226487,2021
Mpumalanga,Ward 83002014,MP302,3007,0.3774526105753242,False,8.008698182988528,0.4064756675162381,0.007048458149779736,2021
Mpumalanga,Ward 83002015,MP302,4221,0.4517886756692726,False,8.347827345782498,0.40234588612212985,0.018877818563188254,2021
Mpumalanga,Ward 83002016,MP302,3834,0.3221178925404278,False,8.251663923605589,0.4095498185181768,0.022672064777327937,2021
Mpumalanga,Ward 83002017,MP302,3168,0.3983585858585858,False,8.060855752934316,0.4053142244449458,0.011885895404120444,2021
Mpumalanga,Ward 83002018,MP302,6176,0.3711139896373057,False,8.728426091704613,0.4068278131239058,0.01832460732984293,2021
Mpumalanga,Ward 83002019,MP302,2608,0.5283742331288344,False,7.866338923046544,0.39809113292993203,0.04934687953555878,2021
Mpumalanga,Ward 83003001,MP303,3625,0.4082758620689655,False,8.195609567288775,0.4398285793719693,0.05202702702702703,2021
Mpumalanga,Ward 83003002,MP303,3234,0.4604205318491032,False,8.081475040137052,0.4369316532730727,0.02552048354600403,2021
Mpumalanga,Ward 83003003,MP303,4201,0.3680076172339919,False,8.343077871169383,0.4420657040850233,0.019404915912031046,2021
Mpumalanga,Ward 83003004,MP303,3496,0.4631006864988558,False,8.159374736775426,0.43678275579253095,0.017294626312538603,2021
Mpumalanga,Ward 83003005,MP303,3929,0.4054466785441588,False,8.27614021955846,0.4399857562344585,0.022598870056497175,2021
Mpumalanga,Ward 83003006,MP303,3404,0.4858989424206815,False,8.132706489693264,0.43551618601909614,0.022370012091898428,2021
Mpumalanga,Ward 83003007,MP303,3759,0.5493482309124768,False,8.231908243564177,0.43199122554732977,0.014043583535108959,2021
Mpumalanga,Ward 83003008,MP303,4184,0.4263862332695984,False,8.339023005744759,0.4388224476386008,0.021300448430493273,2021
Mpumalanga,Ward 83003009,MP303,4810,0.4478170478170478,False,8.478452363099807,0.4376318468304092,0.02135561745589601,2021
Mpumalanga,Ward 83003010,MP303,3750,0.4384,False,8.229511118964457,0.4381550161535785,0.006082725060827251,2021
Mpumalanga,Ward 83003011,MP303,3749,0.3963723659642571,False,8.229244416735913,0.4404898847111197,0.021534320323014805,2021
Mpumalanga,Ward 83003012,MP303,3111,0.4506589521054323,False,8.042699496897637,0.43747396325883225,0.015691868758915834,2021
Mpumalanga,Ward 83003013,MP303,5581,0.2693065758824583,False,8.627123250788433,0.44754909527121967,0.023952095808383235,2021
Mpumalanga,Ward 83003014,MP303,2355,0.4590233545647558,False,7.764296006450518,0.43700927423331426,0.025901942645698426,2021
Mpumalanga,Ward 83003015,MP303,2942,0.4989802855200544,False,7.9868449011613825,0.43478944473579767,0.01907356948228883,2021
Mpumalanga,Ward 83003016,MP303,3876,0.3431372549019608,False,8.262558973010657,0.44344739088124735,0.019548872180451128,2021
Mpumalanga,Ward 83003017,MP303,4052,0.4740868706811451,False,8.306965865368573,0.4361724122268482,0.02030192608016658,2021
Mpumalanga,Ward 83003018,MP303,2999,0.4774924974991664,False,8.00603417874901,0.4359832107369581,0.02164804469273743,2021
Mpumalanga,Ward 83003019,MP303,3465,0.503030303030303,False,8.150467911624004,0.43456444376300607,0.019506597819850834,2021
Mpumalanga,Ward 83004001,MP304,4137,0.4367899444041576,False,8.327726166461412,0.44520246366403066,0.02158273381294964,2021
Mpumalanga,Ward 83004002,MP304,2500,0.4708,False,7.824046010856292,0.44180145810444643,0.022090059473237042,2021
Mpumalanga,Ward 83004003,MP304,3205,0.5017160686427458,False,8.07246736935477,0.4387098512401718,0.01554726368159204,2021
Mpumalanga,Ward 83004004,MP304,4153,0.4481098001444739,False,8.331586243630754,0.444070478089999,0.006985491671144546,2021
Mpumalanga,Ward 83004005,MP304,4019,0.4608111470515053,False,8.2987883944492,0.4428003433992959,0.02159827213822894,2021
Mpumalanga,Ward 83004006,MP304,3529,0.4182487956928308,False,8.16876982367527,0.44705657853516334,0.06707317073170732,2021
Mpumalanga,Ward 83004007,MP304,4025,0.4834782608695652,False,8.300280189852664,0.4405336320174899,0.012846865364850977,2021
Mpumalanga,Ward 83004008,MP304,2782,0.4180445722501797,False,7.930925372483388,0.4470770008794284,0.02407566638005159,2021
Mpumalanga,Ward 83004009,MP304,2991,0.4209294550317619,False,8.003363058629947,0.4467885126012702,0.015885623510722795,2021
Mpumalanga,Ward 83004010,MP304,3267,0.4573002754820937,False,8.09162741160107,0.443151430556237,0.024765729585006693,2021
Mpumalanga,Ward 83004011,MP304,3159,0.3725862614751503,False,8.058010800802085,0.4516228319569314,0.016992353440951572,2021
Mpumalanga,Ward 83005001,MP305,3140,0.4471337579617834,False,8.0519780789023,0.4582583417903159,0.014957264957264958,2021
Mpumalanga,Ward 83005002,MP305,2996,0.4382510013351134,False,8.005033344637111,0.4588928244065066,0.022086824067022087,2021
Mpumalanga,Ward 83005003,MP305,3576,0.4614093959731543,False,8.182000136293405,0.4572386533609322,0.05818181818181818,2021
Mpumalanga,Ward 83005004,MP305,2783,0.5831836148041681,False,7.931284761525891,0.4485404948730026,0.008009858287122612,2021
Mpumalanga,Ward 83005005,MP305,3797,0.4511456412957598,False,8.241966560231802,0.4579717786950318,0.021015761821366025,2021
Mpumalanga,Ward 83005006,MP305,3097,0.4394575395544075,False,8.038189179973203,0.4588066431051284,0.02645113886847906,2021
Mpumalanga,Ward 83005007,MP305,4391,0.4691414256433614,False,8.387312270561717,0.45668636552734604,0.02087378640776699,2021
Mpumalanga,Ward 83005008,MP305,3191,0.4763397054214979,False,8.068089626278244,0.4561722026860506,0.004605263157894736,2021
Mpumalanga,Ward 83005009,MP305,3095,0.4778675282714055,False,8.037543185118697,0.45606307248248573,0.0196078431372549,2021
Mpumalanga,Ward 83005010,MP305,4512,0.4802748226950354,False,8.414495793177895,0.45589112288079786,0.009690816797415782,2021
Mpumalanga,Ward 83005011,MP305,4490,0.3968819599109131,False,8.4096079807363,0.4618477559368066,0.017957351290684626,2021
Mpumalanga,Ward 83005012,MP305,3204,0.416354556803995,False,8.07215530818825,0.46045685615872933,0.010494752623688156,2021
Mpumalanga,Ward 83005013,MP305,2446,0.4035159443990188,False,7.802209316247118,0.4613738999019419,0.017223910840932118,2021
Mpumalanga,Ward 83005014,MP305,3658,0.5101148168398032,False,8.204671828950811,0.45375969472760014,0.018756698821007504,2021
Mpumalanga,Ward 83005015,MP305,2740,0.4116788321167883,False,7.9157131993821155,0.4607908364935298,0.025709219858156027,2021
Mpumalanga,Ward 83006001,MP306,3819,0.4689709347996857,False,8.247743887225516,0.4595287721705662,0.02512562814070352,2021
Mpumalanga,Ward 83006002,MP306,3839,0.4529825475384215,False,8.252967195000798,0.4627264496228191,0.03680276020701553,2021
Mpumalanga,Ward 83006003,MP306,2714,0.5062638172439204,False,7.906178840394815,0.45207019568171936,0.013100436681222707,2021
Mpumalanga,Ward 83006004,MP306,3901,0.4360420405024353,False,8.268988209506656,0.4661145510300163,0.03233392122281011,2021
Mpumalanga,Ward 83006005,MP306,3175,0.4192125984251968,False,8.063062911326792,0.469480439445464,0.01728024042073629,2021
Mpumalanga,Ward 83006006,MP306,3500,0.4831428571428571,False,8.160518247477505,0.45669438770193194,0.018332347723240685,2021
Mpumalanga,Ward 83007001,MP307,3709,0.4405500134807226,False,8.21851757748959,0.4004742291515708,0.017135862913096694,2021
Mpumalanga,Ward 83007002,MP307,3712,0.3752693965517241,False,8.21932609390609,0.4025800555041191,0.007896625987078248,2021
Mpumalanga,Ward 83007003,MP307,3642,0.4071938495332235,False,8.200288260287554,0.40155023444019977,0.016183412002697236,2021
Mpumalanga,Ward 83007004,MP307,3869,0.4443008529335746,False,8.260751354700513,0.40035323433051107,0.014543339150668994,2021
Mpumalanga,Ward 83007005,MP307,3693,0.5840779853777417,False,8.214194414852564,0.39584429457424763,0.0027816411682892906,2021
Mpumalanga,Ward 83007006,MP307,4133,0.4212436486813453,False,8.326758814511733,0.401097015112841,0.016082711085583,2021
Mpumalanga,Ward 83007007,MP307,3364,0.4051724137931034,False,8.120886021092838,0.40161544204471983,0.008070432868672046,2021
Mpumalanga,Ward 83007008,MP307,4643,0.2972216239500323,False,8.443115988019922,0.4050977255880447,0.015942028985507246,2021
Mpumalanga,Ward 83007009,MP307,4964,0.3319903303787268,False,8.509967146324497,0.4039761544129255,0.020024271844660196,2021
Mpumalanga,Ward 83007010,MP307,5416,0.348781388478582,False,8.59711281459211,0.4034345073774463,0.04976177871889889,2021
Mpumalanga,Ward 83007011,MP307,5532,0.2915762834417932,False,8.61830469278465,0.40527983334637496,0.017978921264724116,2021
Mpumalanga,Ward 83007012,MP307,3655,0.3373461012311901,False,8.203851372183879,0.40380338761123313,0.029197080291970802,2021
Mpumalanga,Ward 83007013,MP307,3882,0.3433797011849562,False,8.264105763728956,0.40360875535466006,0.018754688672168042,2021
Mpumalanga,Ward 83007014,MP307,4410,0.3526077097505669,False,8.391629968440892,0.40331107765899515,0.03215434083601286,2021
Mpumalanga,Ward 83007015,MP307,3244,0.3914919852034525,False,8.084562415235304,0.40205674619277304,0.01811023622047244,2021
Mpumalanga,Ward 83007016,MP307,6112,0.3722185863874345,False,8.718009330846357,0.4026784687352252,0.014065934065934066,2021
Mpumalanga,Ward 83007017,MP307,4361,0.3290529695024077,False,8.380456667842767,0.40407090798958095,0.01602787456445993,2021
Mpumalanga,Ward 83007018,MP307,4930,0.4391480730223123,False,8.503094267036737,0.40051945303732595,0.004157043879907622,2021
Mpumalanga,Ward 83007019,MP307,3445,0.3544267053701015,False,8.144679183447758,0.4032524003809457,0.029484029484029485,2021
Mpumalanga,Ward 83007020,MP307,3830,0.3869451697127937,False,8.250620082174692,0.40220341766021367,0.023616734143049933,2021
Mpumalanga,Ward 83007021,MP307,4724,0.5124894157493649,False,8.460411177317253,0.3981536032719372,0.0057827344072697235,2021
Mpumalanga,Ward 83007022,MP307,2635,0.4990512333965844,False,7.876638460975463,0.39858709302525264,0.018250950570342206,2021
Mpumalanga,Ward 83007023,MP307,7092,0.3629441624365482,False,8.866722667194098,0.4029776437013829,0.029137529137529136,2021
Mpumalanga,Ward 83007024,MP307,6081,0.3774050320670942,False,8.71292443512011,0.40251116403588144,0.017429193899782137,2021
Mpumalanga,Ward 83007025,MP307,6640,0.4734939759036145,False,8.80086724247048,0.3994115206863162,0.016221374045801526,2021
Mpumalanga,Ward 83007026,MP307,2893,0.4078810922917387,False,7.970049304976135,0.4015280653189574,0.0288135593220339,2021
Mpumalanga,Ward 83007027,MP307,2877,0.4313521028849496,False,7.964503363551548,0.40077093594498286,0.0378726833199033,2021
Mpumalanga,Ward 83007028,MP307,5636,0.4934350603264726,False,8.636929873018572,0.3987682598984821,0.011866235167206042,2021
Mpumalanga,Ward 83007029,MP307,4770,0.330607966457023,False,8.470101583882387,0.40402074679749655,0.012048192771084338,2021
Mpumalanga,Ward 83007030,MP307,4376,0.626599634369287,False,8.383890344101816,0.39447262847774617,0.010211524434719184,2021
Mpumalanga,Ward 83007031,MP307,3708,0.3249730312837109,False,8.218247926685745,0.4042025188998615,0.028215767634854772,2021
Mpumalanga,Ward 83007032,MP307,5080,0.3610236220472441,False,8.533066540572527,0.4030395966171669,0.016902944383860415,2021
Mpumalanga,Ward 83101001,MP311,3398,0.5076515597410242,False,8.130942302231878,0.5197743909847825,0.025507246376811593,2021
Mpumalanga,Ward 83101002,MP311,3112,0.5086760925449871,False,8.043020885298283,0.5196463243842872,0.016424510423247,2021
Mpumalanga,Ward 83101003,MP311,4987,0.4559855624624022,False,8.514589805546123,0.5262326406446103,0.014511873350923483,2021
Mpumalanga,Ward 83101004,MP311,3507,0.5061305959509552,False,8.162516250140179,0.5199645114585412,0.024788732394366197,2021
Mpumalanga,Ward 83101005,MP311,4151,0.5538424476029873,False,8.33110454805304,0.5140005300020372,0.018703784254023487,2021
Mpumalanga,Ward 83101006,MP311,3505,0.5392296718972895,False,8.16194579946869,0.5158271269652493,0.016931216931216932,2021
Mpumalanga,Ward 83101007,MP311,3983,0.497614863168466,False,8.289790583181643,0.5210289780563523,0.02472250252270434,2021
Mpumalanga,Ward 83101008,MP311,3879,0.5467904098994586,False,8.263332667439967,0.5148820347149782,0.006600660066006601,2021
Mpumalanga,Ward 83101009,MP311,4026,0.5499254843517138,False,8.300528606199737,0.5144901504084463,0.015356820234869015,2021
Mpumalanga,Ward 83102001,MP312,4330,0.3452655889145496,False,8.373322820996535,0.392301228746838,0.015384615384615385,2021
Mpumalanga,Ward 83102002,MP312,5913,0.3767968882124133,False,8.68490859582083,0.3913457348287209,0.025134649910233394,2021
Mpumalanga,Ward 83102003,MP312,5750,0.328,False,8.656955133791396,0.3928244284109153,0.011134676564156946,2021
Mpumalanga,Ward 83102004,MP312,4745,0.3723919915700737,False,8.464846711044029,0.39147921654515544,0.022071307300509338,2021
Mpumalanga,Ward 83102005,MP312,4686,0.4107981220657277,False,8.452334619067742,0.3903153944089235,0.014545454545454545,2021
Mpumalanga,Ward 83102006,MP312,3963,0.3838001514004542,False,8.284756593190435,0.39113351473211366,0.02564102564102564,2021
Mpumalanga,Ward 83102007,MP312,6115,0.3746524938675388,False,8.718500048121273,0.3914107164755353,0.01920558707987778,2021
Mpumalanga,Ward 83102008,MP312,4962,0.3345425231761386,False,8.509564164251746,0.3926261701328505,0.009036144578313253,2021
Mpumalanga,Ward 83102009,MP312,5154,0.3936748156771439,False,8.54752839121231,0.39083428248130486,0.022178413011335635,2021
Mpumalanga,Ward 83102010,MP312,4477,0.3073486709850346,False,8.406708458240965,0.39345022625985365,0.00872093023255814,2021
Mpumalanga,Ward 83102011,MP312,5441,0.363168535195736,False,8.601718146485926,0.3917587152231657,0.040991902834008095,2021
Mpumalanga,Ward 83102012,MP312,7355,0.433718558803535,False,8.903135633035538,0.38962083571989903,0.024764890282131663,2021
Mpumalanga,Ward 83102013,MP312,5119,0.4235202187927329,False,8.540714386457584,0.389929876326287,0.008302583025830259,2021
Mpumalanga,Ward 83102014,MP312,7792,0.2954312114989733,False,8.960852845322371,0.39381136139579487,0.018245004344048653,2021
Mpumalanga,Ward 83102015,MP312,5137,0.4124975666731555,False,8.544224530467268,0.39026389608748635,0.010382255781028787,2021
Mpumalanga,Ward 83102016,MP312,4097,0.3624603368318281,False,8.318010277546872,0.39178017577964774,0.009427609427609427,2021
Mpumalanga,Ward 83102017,MP312,4501,0.451233059320151,False,8.412054873292933,0.3890900932800016,0.021664204825209258,2021
Mpumalanga,Ward 83102018,MP312,6812,0.4440692894891368,False,8.826441041782578,0.38930717721427477,0.0029752066115702478,2021
Mpumalanga,Ward 83102019,MP312,5450,0.3544954128440367,False,8.60337088765729,0.3920215371126111,0.009316770186335404,2021
Mpumalanga,Ward 83102020,MP312,6335,0.4806629834254143,False,8.75384509275524,0.3881982773980239,0.0009852216748768472,2021
Mpumalanga,Ward 83102021,MP312,6801,0.3761211586531392,False,8.824824939175638,0.39136621148203227,0.00547302580140735,2021
Mpumalanga,Ward 83102022,MP312,4690,0.229637526652452,False,8.453187861440325,0.39580510942144703,0.007428040854224698,2021
Mpumalanga,Ward 83102023,MP312,6223,0.4329101719427928,False,8.736007384569218,0.3896453322914367,0.010393466963622866,2021
Mpumalanga,Ward 83102024,MP312,5643,0.5362395888711678,False,8.63817111796914,0.38651413783906174,0.00495703899537343,2021
Mpumalanga,Ward 83102025,MP312,6334,0.4663719608462267,False,8.753687227098585,0.38863133868830235,0.05077860528097495,2021
Mpumalanga,Ward 83102026,MP312,5451,0.4402861860209136,False,8.603554357064281,0.38942181671331183,0.04375,2021
Mpumalanga,Ward 83102027,MP312,3873,0.3787761425251743,False,8.261784679514752,0.3912857574253039,0.015678254942058625,2021
Mpumalanga,Ward 83102028,MP312,4981,0.4039349528207187,False,8.513385953073284,0.3905233692345299,0.05168986083499006,2021
Mpumalanga,Ward 83102029,MP312,7487,0.3670361960731935,False,8.920923462230686,0.39164151337839426,0.020014556040756915,2021
Mpumalanga,Ward 83102030,MP312,5643,0.3058656742867269,False,8.63817111796914,0.39349516555374175,0.02085747392815759,2021
Mpumalanga,Ward 83102031,MP312,5628,0.3066808813077469,False,8.63550941823428,0.3934704623106805,0.019119351100811123,2021
Mpumalanga,Ward 83102032,MP312,4374,0.3388203017832647,False,8.383433201236713,0.3924965404780891,0.020917678812415654,2021
Mpumalanga,Ward 83102033,MP312,5423,0.4956666052000738,False,8.59840444684106,0.38774362219273123,0.015625,2021
Mpumalanga,Ward 83102034,MP312,6078,0.5643303718328397,False,8.712430973476739,0.3856629019917383,0.003206997084548105,2021
Mpumalanga,Ward 83103001,MP313,3761,0.3608082956660463,False,8.232440158470336,0.448203710981686,0.04937361827560796,2021
Mpumalanga,Ward 83103002,MP313,3162,0.5003162555344719,False,8.058960017769417,0.443221283843528,0.015170670037926675,2021
Mpumalanga,Ward 83103003,MP313,3587,0.4502369668246445,False,8.185071477532283,0.445009829868879,0.04086687306501548,2021
Mpumalanga,Ward 83103004,MP313,3516,0.3407281001137656,False,8.165079258805068,0.44892086082283894,0.028380634390651086,2021
Mpumalanga,Ward 83103005,MP313,3204,0.2893258426966292,False,8.07215530818825,0.4507566557305938,0.019417475728155338,2021
Mpumalanga,Ward 83103006,MP313,3276,0.4331501831501831,False,8.09437844497296,0.4456200721429669,0.021846370683579985,2021
Mpumalanga,Ward 83103007,MP313,3266,0.3940600122473974,False,8.09132127353041,0.4470161496752092,0.009324009324009324,2021
Mpumalanga,Ward 83103008,MP313,4451,0.3370029206919793,False,8.400884069015854,0.44905390294504555,0.012666666666666666,2021
Mpumalanga,Ward 83103009,MP313,2264,0.5008833922261484,False,7.724888439323074,0.4432010289616824,0.03262786596119929,2021
Mpumalanga,Ward 83103010,MP313,4317,0.3685429696548529,False,8.370315995555478,0.447927472624943,0.0056568196103079825,2021
Mpumalanga,Ward 83103011,MP313,4487,0.3262759081791843,False,8.408939605975984,0.44943701053478824,0.045081967213114756,2021
Mpumalanga,Ward 83103012,MP313,4990,0.5995991983967935,False,8.515191188745565,0.4396754644555879,0.003676470588235294,2021
Mpumalanga,Ward 83103013,MP313,4541,0.5276370843426558,False,8.420902531097951,0.4422455399575214,0.011268781302170284,2021
Mpumalanga,Ward 83103014,MP313,3520,0.5960227272727273,False,8.166216268592143,0.4398031955671617,0.004766444232602479,2021
Mpumalanga,Ward 83103015,MP313,2452,0.5831973898858075,False,7.804659297056102,0.44026124333098027,0.006293706293706294,2021
Mpumalanga,Ward 83103016,MP313,4978,0.6054640417838489,False,8.512783482927537,0.43946600576319306,0.01028533510285335,2021
Mpumalanga,Ward 83103017,MP313,5608,0.3853423680456491,False,8.631949428714426,0.44732749411098593,0.01897269782508098,2021
Mpumalanga,Ward 83103018,MP313,3634,0.4554210236653825,False,8.198089248956116,0.44482468498170974,0.009667673716012085,2021
Mpumalanga,Ward 83103019,MP313,2907,0.4551083591331269,False,7.9748769005588755,0.4448358515721474,0.0030234315948601664,2021
Mpumalanga,Ward 83103020,MP313,3726,0.4473966720343532,False,8.223090551161533,0.4451112689685322,0.010197960407918417,2021
Mpumalanga,Ward 83103021,MP313,3081,0.4394677052904901,False,8.033009498596668,0.4453944463522416,0.07607090103397342,2021
Mpumalanga,Ward 83103022,MP313,2772,0.4953102453102453,False,7.927324360309794,0.44340006992296466,0.012381646030589949,2021
Mpumalanga,Ward 83103023,MP313,4486,0.4440481497993758,False,8.408716715080153,0.44523085904835286,0.015060240963855422,2021
Mpumalanga,Ward 83103024,MP313,4072,0.4029960707269155,False,8.311889558230359,0.4466970047295121,0.012797074954296161,2021
Mpumalanga,Ward 83103025,MP313,3009,0.3911598537720173,False,8.009363076630045,0.44711972676361567,0.01954120645709431,2021
Mpumalanga,Ward 83103026,MP313,6543,0.3594681338835396,False,8.78615105486974,0.4482515739024898,0.02465986394557823,2021
Mpumalanga,Ward 83103027,MP313,3475,0.4097841726618705,False,8.153349757998892,0.44645457251754944,0.020365168539325844,2021
Mpumalanga,Ward 83103028,MP313,882,0.5351473922902494,False,6.782192056006791,0.44197731467367873,0.0423728813559322,2021
Mpumalanga,Ward 83103029,MP313,4532,0.4766107678729038,False,8.418918622147897,0.4440679084028697,0.03333333333333333,2021
Mpumalanga,Ward 83104001,MP314,3997,0.4953715286464848,False,8.293299358711323,0.4670414250123192,0.014141414141414142,2021
Mpumalanga,Ward 83104002,MP314,2757,0.437069278200943,False,7.921898411023797,0.4753703179331109,0.02987551867219917,2021
Mpumalanga,Ward 83104003,MP314,3125,0.4512,False,8.047189562170502,0.4733516433903885,0.015602836879432624,2021
Mpumalanga,Ward 83104004,MP314,3533,0.5225021228417775,False,8.169902647359145,0.4631656258415631,0.013001083423618635,2021
Mpumalanga,Ward 83104005,MP314,3251,0.3857274684712396,False,8.086717920303906,0.48270486218021136,0.019138755980861243,2021
Mpumalanga,Ward 83104006,MP314,2892,0.4401798063623789,False,7.969703583278656,0.4749259567671915,0.01021209740769835,2021
Mpumalanga,Ward 83104007,MP314,3773,0.517095149748211,False,8.235625719964311,0.4639380505692155,0.005638134290107637,2021
Mpumalanga,Ward 83104008,MP314,3158,0.5155161494616846,False,8.057694194815587,0.46416362203871925,0.014127764127764128,2021
Mpumalanga,Ward 83105001,MP315,4207,0.420251961017352,False,8.344505083590521,0.4086538868109452,0.01414027149321267,2021
Mpumalanga,Ward 83105002,MP315,5510,0.4368421052631579,False,8.61431990214696,0.4081187208675321,0.02201911092646448,2021
Mpumalanga,Ward 83105003,MP315,5018,0.3826225587883619,False,8.520786726926367,0.4098677384957513,0.0140625,2021
Mpumalanga,Ward 83105004,MP315,4507,0.3605502551586421,False,8.413387022690648,0.4105797482902584,0.01353846153846154,2021
Mpumalanga,Ward 83105005,MP315,4179,0.399617133285475,False,8.337827262447915,0.4093195264151993,0.01976047904191617,2021
Mpumalanga,Ward 83105006,MP315,5266,0.4105582985187998,False,8.569026340056254,0.40896658560122107,0.02497687326549491,2021
Mpumalanga,Ward 83105007,MP315,3328,0.4296875,False,8.1101268019411,0.40834951458569846,0.025174825174825177,2021
Mpumalanga,Ward 83105008,MP315,5477,0.4203030856308198,False,8.608312784783722,0.4086522376298656,0.020851433536055605,2021
Mpumalanga,Ward 83105009,MP315,5282,0.3780764861794775,False,8.572060092857077,0.4100143859992637,0.031547320981472206,2021
Mpumalanga,Ward 83105010,MP315,4820,0.3821576763485477,False,8.480529207044645,0.40988273470348724,0.028773072747014114,2021
Mpumalanga,Ward 83105011,MP315,5597,0.4111130963015901,False,8.62998601889136,0.4089486888985504,0.02303346371142981,2021
Mpumalanga,Ward 83105012,MP315,4567,0.4738340267133786,False,8.426611813185,0.4069254330788153,0.017097966728280962,2021
Mpumalanga,Ward 83105013,MP315,4700,0.4089361702127659,False,8.45531778769815,0.40901891232077053,0.015088449531737774,2021
Mpumalanga,Ward 83105014,MP315,6062,0.3665456944902672,False,8.709795057617749,0.41038634702149634,0.022502250225022502,2021
Mpumalanga,Ward 83105015,MP315,4344,0.3968692449355432,False,8.37655086161377,0.4094081679748745,0.019721577726218097,2021
Mpumalanga,Ward 83105016,MP315,4941,0.4389799635701275,False,8.50532301884575,0.40804975769633955,0.022130013831258646,2021
Mpumalanga,Ward 83105017,MP315,3764,0.4104675876726886,False,8.23323750070527,0.40896951175754725,0.021359223300970873,2021
Mpumalanga,Ward 83105018,MP315,5355,0.3718020541549953,False,8.585785982881848,0.4102167870323115,0.03415369161225515,2021
Mpumalanga,Ward 83105019,MP315,5546,0.4067796610169492,False,8.620832226175724,0.4090884771335388,0.01773049645390071,2021
Mpumalanga,Ward 83105020,MP315,5429,0.3720758887456253,False,8.599510233905452,0.4102079536584202,0.026237623762376237,2021
Mpumalanga,Ward 83105021,MP315,4350,0.4245977011494253,False,8.37793112408273,0.40851370164539447,0.016783974011911208,2021
Mpumalanga,Ward 83105022,MP315,5829,0.4041859667181334,False,8.67060073804555,0.40917214469156515,0.039898132427843805,2021
Mpumalanga,Ward 83105023,MP315,4308,0.3950789229340761,False,8.36822903827628,0.4094659202975025,0.03407755581668625,2021
Mpumalanga,Ward 83105024,MP315,4238,0.4872581406323737,False,8.351846738828245,0.4064923971459445,0.02324455205811138,2021
Mpumalanga,Ward 83105025,MP315,3844,0.5234131113423517,False,8.254268770090183,0.40532610776820327,0.026341948310139165,2021
Mpumalanga,Ward 83105026,MP315,4118,0.3984944147644487,False,8.323122887587735,0.40935574314168405,0.024984765386959172,2021
Mpumalanga,Ward 83105027,MP315,4410,0.3693877551020408,False,8.391629968440892,0.41029466764692296,0.020871700429711478,2021
Mpumalanga,Ward 83105028,MP315,4637,0.3832219107181367,False,8.441822884391462,0.4098484045625328,0.018007878446820485,2021
Mpumalanga,Ward 83105029,MP315,3819,0.3807279392511128,False,8.247743887225516,0.40992885525501743,0.024759284731774415,2021
Mpumalanga,Ward 83105030,MP315,4353,0.39421088904204,False,8.378620541552298,0.409493921390794,0.017482517482517484,2021
Mpumalanga,Ward 83105031,MP315,4457,0.4931568319497419,False,8.402231172946555,0.4063021167808681,0.040036396724294813,2021
Mpumalanga,Ward 83105032,MP315,5217,0.3567184205482078,False,8.559677803022392,0.4107033558583369,0.015045674368619023,2021
Mpumalanga,Ward 83106001,MP316,3635,0.4184319119669876,False,8.19836438996762,0.4296784653046752,0.020381328073635765,2021
Mpumalanga,Ward 83106002,MP316,4343,0.3545935988947732,False,8.376320632534823,0.431806409073749,0.007142857142857143,2021
Mpumalanga,Ward 83106003,MP316,4180,0.3909090909090909,False,8.338066525518801,0.43059589267327175,0.020195838433292534,2021
Mpumalanga,Ward 83106004,MP316,3304,0.4918280871670702,False,8.102889134640868,0.42723192613133915,0.01353846153846154,2021
Mpumalanga,Ward 83106005,MP316,3711,0.431959040689841,False,8.219056661060598,0.4292275610139134,0.021210230817217717,2021
Mpumalanga,Ward 83106006,MP316,4828,0.4304059652029826,False,8.482187582217422,0.4292793301968087,0.01828681424446583,2021
Mpumalanga,Ward 83106007,MP316,3976,0.4481891348088531,False,8.288031567776464,0.42868655787661303,0.014029180695847363,2021
Mpumalanga,Ward 83106008,MP316,3762,0.5334928229665071,False,8.232706009860976,0.42584310160469124,0.017937219730941704,2021
Mpumalanga,Ward 83106009,MP316,4157,0.4404618715419774,False,8.332548939252638,0.42894413331884224,0.019661387220098307,2021
Mpumalanga,Ward 83106010,MP316,4144,0.4259169884169884,False,8.329416783939319,0.42942896275634185,0.014730878186968839,2021
Mpumalanga,Ward 83106011,MP316,4016,0.5241533864541833,False,8.298041661371565,0.426154416155102,0.019002375296912115,2021
Mpumalanga,Ward 83106012,MP316,4280,0.4813084112149532,False,8.361708288575842,0.42758258199640964,0.010679611650485437,2021
Mpumalanga,Ward 83106013,MP316,3907,0.5313539800358331,False,8.27052509505507,0.425914396369047,0.026493256262042388,2021
Mpumalanga,Ward 83106014,MP316,3817,0.4448519779931884,False,8.247220052745229,0.42879779643713517,0.0,2021
Mpumalanga,Ward 83106015,MP316,4935,0.4678824721377912,False,8.504107951867582,0.4280301132989817,0.01645734084019056,2021
Mpumalanga,Ward 83106016,MP316,3322,0.3663455749548465,False,8.10832229017324,0.4314146765384132,0.018898931799506986,2021
Mpumalanga,Ward 83106017,MP316,4466,0.3947604120017913,False,8.404248432400102,0.43046751530351507,0.006239364719228588,2021
Mpumalanga,Ward 83106018,MP316,4068,0.4183874139626352,False,8.31090675716845,0.42967994857148695,0.015863689776733254,2021
Mpumalanga,Ward 83106019,MP316,4747,0.3985675163261007,False,8.465268118551318,0.4303406118260381,0.01744186046511628,2021
Mpumalanga,Ward 83106020,MP316,3460,0.4190751445086705,False,8.14902386805177,0.4296570242199524,0.022068965517241378,2021
Mpumalanga,Ward 83106021,MP316,3663,0.4198744198744198,False,8.206037762778815,0.4296303817077608,0.017555266579973992,2021
Mpumalanga,Ward 83106022,MP316,4697,0.3653395784543325,False,8.454679286026995,0.43144820975509707,0.02156177156177156,2021
Mpumalanga,Ward 83106023,MP316,3487,0.3722397476340694,False,8.156797046675651,0.4312182041157725,0.010015408320493066,2021
Mpumalanga,Ward 83106024,MP316,2271,0.4020255394099515,False,7.7279755421055585,0.4302253443899097,0.014238773274917854,2021
Mpumalanga,Ward 83106025,MP316,2935,0.4374787052810903,False,7.984462732262196,0.4290435721942051,0.014018691588785047,2021
Mpumalanga,Ward 83106026,MP316,2834,0.4477769936485533,False,7.949444420250626,0.4287002959152897,0.02442868400315209,2021
Mpumalanga,Ward 83106027,MP316,5358,0.4525942515864128,False,8.586346050104554,0.42853972065069434,0.0222680412371134,2021
Mpumalanga,Ward 83106028,MP316,3857,0.4080891884884625,False,8.257644958208228,0.4300232227539594,0.010165184243964422,2021
Mpumalanga,Ward 83106029,MP316,3570,0.4103641456582633,False,8.180320874773685,0.4299473908482993,0.01911262798634812,2021
Mpumalanga,Ward 83106030,MP316,4918,0.3621390809272062,False,8.500657222776137,0.43155489300600125,0.017405951712521055,2021
Mpumalanga,Ward 83106031,MP316,4725,0.4179894179894179,False,8.460622839927844,0.42969321510392755,0.011645569620253165,2021
Mpumalanga,Ward 83201001,MP321,2997,0.3293293293293293,False,8.005367067316664,0.4353660066552831,0.00303951367781155,2021
Mpumalanga,Ward 83201002,MP321,3333,0.4206420642064206,False,8.11162807830774,0.42834195012627607,0.014265335235378032,2021
Mpumalanga,Ward 83201003,MP321,4075,0.3538650306748466,False,8.312626025674962,0.43347864501332023,0.0062413314840499305,2021
Mpumalanga,Ward 83201004,MP321,2441,0.5522326915198689,False,7.80016307039296,0.4182195941790878,0.014094955489614243,2021
Mpumalanga,Ward 83201005,MP321,4010,0.4167082294264339,False,8.296546520300614,0.4286445528016597,0.008378216636744464,2021
Mpumalanga,Ward 83201006,MP321,3731,0.4138300723666577,False,8.224431573221159,0.42886594949856555,0.01878238341968912,2021
Mpumalanga,Ward 83201007,MP321,4419,0.4433129667345553,False,8.39366870513074,0.4265980345471888,0.010719754977029096,2021
Mpumalanga,Ward 83201008,MP321,3798,0.545550289626119,False,8.242229891372231,0.4187336250939916,0.044884169884169885,2021
Mpumalanga,Ward 83201009,MP321,4379,0.501941082438913,False,8.384575666801398,0.4220881794930075,0.014103730664240218,2021
Mpumalanga,Ward 83201010,MP321,3473,0.3987906708897207,False,8.152774052744075,0.43002282653525303,0.011552346570397111,2021
Mpumalanga,Ward 83201011,MP321,2769,0.249909714698447,False,7.926241523170962,0.4414752077807356,0.017341040462427744,2021
Mpumalanga,Ward 83201012,MP321,3952,0.5242914979757085,False,8.281977058867758,0.4203689167594078,0.012065637065637066,2021
Mpumalanga,Ward 83201013,MP321,4408,0.4262704174228675,False,8.391176350832751,0.4279089998788571,0.019159127195316657,2021
Mpumalanga,Ward 83201014,MP321,3174,0.4124133585381222,False,8.062747901086354,0.4289749274853759,0.006875477463712758,2021
Mpumalanga,Ward 83204001,MP324,5931,0.4382060360816051,False,8.687948111838727,0.4538269372453902,0.020007695267410544,2021
Mpumalanga,Ward 83204002,MP324,4651,0.4119544184046441,False,8.444837529224097,0.4546473002977952,0.019832985386221295,2021
Mpumalanga,Ward 83204003,MP324,5256,0.3637747336377473,False,8.567125560164447,0.45615291544676073,0.028242677824267783,2021
Mpumalanga,Ward 83204004,MP324,6940,0.4374639769452449,False,8.84505705350085,0.4538501265934014,0.022727272727272728,2021
Mpumalanga,Ward 83204005,MP324,6215,0.3671761866452132,False,8.734721003944811,0.4560466200402774,0.02673093777388256,2021
Mpumalanga,Ward 83204006,MP324,5522,0.514668598333937,False,8.6164953924901,0.4514374821750048,0.012315270935960592,2021
Mpumalanga,Ward 83204007,MP324,5718,0.4856593214410633,False,8.651374372882257,0.4523440220779071,0.022326251350378107,2021
Mpumalanga,Ward 83204008,MP324,4839,0.4542260797685472,False,8.48446336679332,0.4533263108801732,0.015468607825295723,2021
Mpumalanga,Ward 83204009,MP324,7044,0.4626632595116411,False,8.859931469616097,0.45306264901320153,0.034980055231666154,2021
Mpumalanga,Ward 83204010,MP324,5938,0.4206803637588414,False,8.689127655323706,0.45437461450547656,0.012810248198558846,2021
Mpumalanga,Ward 83204011,MP324,4839,0.535234552593511,False,8.48446336679332,0.4507947961043931,0.013127413127413128,2021
Mpumalanga,Ward 83204012,MP324,5596,0.5318084345961401,False,8.629807335785372,0.45090186229181095,0.01478494623655914,2021
Mpumalanga,Ward 83204013,MP324,5090,0.493713163064833,False,8.53503310954457,0.4520923395271643,0.006764822920811779,2021
Mpumalanga,Ward 83204014,MP324,5320,0.4892857142857142,False,8.57922858233569,0.4522306973015118,0.016135228582404917,2021
Mpumalanga,Ward 83204015,MP324,6584,0.419501822600243,False,8.792397742356906,0.45441144391668276,0.021361332367849383,2021
Mpumalanga,Ward 83204016,MP324,4354,0.534680753330271,False,8.378850241794492,0.45081210233136937,0.01331615120274914,2021
Mpumalanga,Ward 83204017,MP324,6105,0.4661752661752661,False,8.716863386544805,0.45295289880496326,0.03443429374560787,2021
Mpumalanga,Ward 83204018,MP324,3984,0.5409136546184738,False,8.290041618704489,0.450617324166113,0.010208816705336427,2021
Mpumalanga,Ward 83204019,MP324,5007,0.4801278210505292,False,8.518592212329946,0.4525168814651113,0.021214642262895173,2021
Mpumalanga,Ward 83204020,MP324,4262,0.4702017832003754,False,8.357493812658563,0.4528270701479286,0.014471057884231538,2021
Mpumalanga,Ward 83204021,MP324,5804,0.4097174362508615,False,8.666302614004078,0.4547172059901009,0.01808242220353238,2021
Mpumalanga,Ward 83204022,MP324,4512,0.3585992907801418,False,8.414495793177895,0.4563146480360609,0.011742892459826947,2021
Mpumalanga,Ward 83204023,MP324,6387,0.4607797087834664,False,8.76201995356159,0.453121509973457,0.009853890587835541,2021
Mpumalanga,Ward 83204024,MP324,3704,0.4244060475161987,False,8.21716859576607,0.45425818688805913,0.012086513994910942,2021
Mpumalanga,Ward 83204025,MP324,5369,0.5067982864593034,False,8.58839695042257,0.4516834294210871,0.019845644983461964,2021
Mpumalanga,Ward 83204026,MP324,4461,0.4059627886124187,False,8.403128235128264,0.45483453872880225,0.010491441192711209,2021
Mpumalanga,Ward 83204027,MP324,4935,0.4089159067882472,False,8.504107951867582,0.4547422537858076,0.010901883052527254,2021
Mpumalanga,Ward 83204028,MP324,4344,0.4212707182320442,False,8.37655086161377,0.45435616592818895,0.01366120218579235,2021
Mpumalanga,Ward 83204029,MP324,5911,0.4645576044662494,False,8.684570300824369,0.45300345073337006,0.014930808448652586,2021
Mpumalanga,Ward 83204030,MP324,4951,0.5021207836800646,False,8.507344855361422,0.4518296013829383,0.026950925181013677,2021
Mpumalanga,Ward 83204031,MP324,4107,0.4772339907475043,False,8.320448113956559,0.45260731366208085,0.012244897959183673,2021
Mpumalanga,Ward 83204032,MP324,4313,0.380477625782518,False,8.369388996647842,0.45563095006723664,0.006703229737964655,2021
Mpumalanga,Ward 83204033,MP324,4790,0.4217118997912317,False,8.474285690404962,0.45434237900446434,0.018316831683168316,2021
Mpumalanga,Ward 83205001,MP325,8471,0.4027859756817377,False,9.044403844431551,0.4316248722245897,0.02022274325908558,2021
Mpumalanga,Ward 83205002,MP325,5151,0.3772083090662007,False,8.546946149565585,0.432316160511496,0.020586721564590838,2021
Mpumalanga,Ward 83205003,MP325,6768,0.4236111111111111,False,8.81996090128606,0.4310620307264985,0.016742239274502965,2021
Mpumalanga,Ward 83205004,MP325,6214,0.34872867718056,False,8.734560089952993,0.43308588029218903,0.008767881864328565,2021
Mpumalanga,Ward 83205005,MP325,5922,0.3240459304289091,False,8.686429508661536,0.4337529815557472,0.02136529442417926,2021
Mpumalanga,Ward 83205006,MP325,6841,0.3707060371290747,False,8.830689198760998,0.4324918975908778,0.02996845425867508,2021
Mpumalanga,Ward 83205007,MP325,5506,0.4422448238285507,False,8.613593685702552,0.4305584168692704,0.03860369609856263,2021
Mpumalanga,Ward 83205008,MP325,5826,0.3863714383796773,False,8.67008593751938,0.43206850836788857,0.014660151043980453,2021
Mpumalanga,Ward 83205009,MP325,6968,0.3626578645235361,False,8.849083518532339,0.43270941576940586,0.02849228333992877,2021
Mpumalanga,Ward 83205010,MP325,4776,0.4126884422110553,False,8.471358655072438,0.43135723799406755,0.029426686960933535,2021
Mpumalanga,Ward 83205011,MP325,6457,0.3335914511382995,False,8.772920092626467,0.4334949945095474,0.02460538532961931,2021
Mpumalanga,Ward 83205012,MP325,5707,0.4154547047485544,False,8.649448770536708,0.4312824741417027,0.035428089413749475,2021
Mpumalanga,Ward 83205013,MP325,6784,0.4520931603773584,False,8.822322177471738,0.4302922456111945,0.03977828496902511,2021
Mpumalanga,Ward 83205014,MP325,6288,0.3692748091603053,False,8.746398334109042,0.4325305794278716,0.034453057708871665,2021
Mpumalanga,Ward 83205015,MP325,7421,0.5647486861608948,False,8.912069097970134,0.42724750167109893,0.014077785731329038,2021
Mpumalanga,Ward 83205016,MP325,5115,0.4744868035190616,False,8.539932678385727,0.4296870120127701,0.0350226617222909,2021
Mpumalanga,Ward 83205017,MP325,8017,0.4065111637769739,False,8.989319566042951,0.43152419146525894,0.018717397974838908,2021
Mpumalanga,Ward 83205018,MP325,6192,0.3606266149870801,False,8.731013415269564,0.4327643144055264,0.024630541871921183,2021
Mpumalanga,Ward 83205019,MP325,6895,0.3881073241479333,False,8.838551790227402,0.4320215925363141,0.030642750373692077,2021
Mpumalanga,Ward 83205020,MP325,6577,0.4269423749429831,False,8.79133399330135,0.4309719965688803,0.02955840455840456,2021
Mpumalanga,Ward 83205021,MP325,6636,0.4752863170584689,False,8.800264651310336,0.42966540353873206,0.012365250475586557,2021
Mpumalanga,Ward 83205022,MP325,6299,0.4148277504365772,False,8.74814616962193,0.43129941885283724,0.013394565633371604,2021
Mpumalanga,Ward 83205023,MP325,5846,0.4551830311323982,False,8.673512945671192,0.43020873559078804,0.009019165727170236,2021
Mpumalanga,Ward 83205024,MP325,6959,0.3986204914499209,False,8.84779106484485,0.43173745287950366,0.023071377072819033,2021
Mpumalanga,Ward 83205025,MP325,6709,0.4464152630794455,False,8.811205187562887,0.43044570229492185,0.03171953255425709,2021
Mpumalanga,Ward 83205026,MP325,6965,0.4147882268485283,False,8.848652886213905,0.4313004870579196,0.034960193838698514,2021
Mpumalanga,Ward 83205027,MP325,7196,0.4887437465258477,False,8.881280595070423,0.4293016892288029,0.020471993176002276,2021
Mpumalanga,Ward 83205028,MP325,5617,0.4717820900836745,False,8.633552992532433,0.4297601123758886,0.01471698113207547,2021
Mpumalanga,Ward 83205029,MP325,5396,0.5296515937731653,False,8.593413217327646,0.4281960717356322,0.00979706088173548,2021
Mpumalanga,Ward 83205030,MP325,6234,0.4268527430221366,False,8.737773460327283,0.43097441905322753,0.025554302893649003,2021
Mpumalanga,Ward 83205031,MP325,8538,0.4646287186694776,False,9.052282067317908,0.42995344673843455,0.015124779430299974,2021
Mpumalanga,Ward 83205032,MP325,6065,0.4633140972794723,False,8.71028982137815,0.4299889770462725,0.014590747330960854,2021
Mpumalanga,Ward 83205033,MP325,7042,0.4981539335416075,False,8.859647499714997,0.4290473598499986,0.016248574686431014,2021
Mpumalanga,Ward 83205034,MP325,5655,0.4670203359858532,False,8.640295388550221,0.42988880843258653,0.01552442256720939,2021
Mpumalanga,Ward 83205035,MP325,6883,0.5166351881447043,False,8.836809882398365,0.42854786648234733,0.024465691788526433,2021
Mpumalanga,Ward 83205036,MP325,7353,0.4569563443492452,False,8.902863672196222,0.4301608082065489,0.012797619047619047,2021
Mpumalanga,Ward 83205037,MP325,6070,0.3934102141680395,False,8.711113884053544,0.43187827118441935,0.023031825795644893,2021
Mpumalanga,Ward 83205038,MP325,5979,0.5477504599431343,False,8.696008608880904,0.42770691319049786,0.019541984732824428,2021
Mpumalanga,Ward 83206001,MP326,7350,0.3687074829931973,False,8.902455592206882,0.4085715172884781,0.01107011070110701,2021
Mpumalanga,Ward 83206002,MP326,8023,0.3961111803564751,False,8.990067695753655,0.40794870598476735,0.026746381371932033,2021
Mpumalanga,Ward 83206003,MP326,7659,0.320668494581538,False,8.943636705909594,0.4096633124796522,0.012214983713355049,2021
Mpumalanga,Ward 83206004,MP326,6096,0.3812335958005249,False,8.715388097366482,0.4082868329064935,0.010327022375215147,2021
Mpumalanga,Ward 83206005,MP326,8752,0.4496115173674588,False,9.077037524661762,0.40673278923451767,0.01905972045743329,2021
Mpumalanga,Ward 83206006,MP326,7662,0.3624380057426259,False,8.944028325260595,0.40871400540780933,0.006481814908174289,2021
Mpumalanga,Ward 83206007,MP326,5765,0.4336513443191674,False,8.65956043270316,0.4070955204401607,0.02,2021
Mpumalanga,Ward 83206008,MP326,6855,0.4179431072210066,False,8.832733591996416,0.40745252582875524,0.015706806282722512,2021
Mpumalanga,Ward 83206009,MP326,7058,0.3969963162368943,False,8.861917004235215,0.4079285892602123,0.019628836545324768,2021
Mpumalanga,Ward 83206010,MP326,6171,0.3461351482741857,False,8.727616178321068,0.40908452489572844,0.0149812734082397,2021
Mpumalanga,Ward 83206011,MP326,7056,0.3734410430839002,False,8.861633597686627,0.4084639363773258,0.011005692599620493,2021
Mpumalanga,Ward 83206012,MP326,6401,0.3254179034525855,False,8.764209507142004,0.4095553713689466,0.012481997119539127,2021
Mpumalanga,Ward 83206013,MP326,6756,0.3586441681468324,False,8.81818627792769,0.40880022898953194,0.014857614527445316,2021
Mpumalanga,Ward 83206014,MP326,10175,0.4616216216216216,False,9.227689010310796,0.4064598323196504,0.007238662976367894,2021
Mpumalanga,Ward 83206015,MP326,8217,0.5481319216258975,False,9.013960457931187,0.4044936891377349,0.006882770870337478,2021
Mpumalanga,Ward 83206016,MP326,5406,0.4324824269330373,False,8.595264726836392,0.4071220867443909,0.00641573994867408,2021
Mpumalanga,Ward 83206017,MP326,8830,0.5799546998867497,False,9.085910293598007,0.4037704441772611,0.0023432923257176333,2021
Mpumalanga,Ward 83206018,MP326,9164,0.4168485377564382,False,9.123038043573386,0.40747740240749547,0.005235602094240838,2021
Mpumalanga,Ward 83206019,MP326,7778,0.4154024170737979,False,8.959054514715692,0.40751026878664637,0.023831631073970908,2021
Mpumalanga,Ward 83206020,MP326,6824,0.41031652989449,False,8.828201089171515,0.4076258571316306,0.013928571428571429,2021
Mpumalanga,Ward 83206021,MP326,6238,0.4217697980121834,False,8.738414897167749,0.40736555558350124,0.022044849866970733,2021
Mpumalanga,Ward 83206022,MP326,6279,0.4072304507087115,False,8.744966011114109,0.4076959952949437,0.006257332811888932,2021
Mpumalanga,Ward 83206023,MP326,6022,0.4139820657588841,False,8.70317470904168,0.40754254949834895,0.012033694344163659,2021
Mpumalanga,Ward 83206024,MP326,7660,0.431331592689295,False,8.943767262734637,0.40714824206811234,0.014527845036319613,2021
Mpumalanga,Ward 83206025,MP326,8523,0.3979819312448668,False,9.050523670522297,0.407906188919122,0.013856132075471699,2021
Mpumalanga,Ward 83206026,MP326,6207,0.4314483647494764,False,8.733432966413652,0.40714558815765367,0.014189693801344288,2021
Mpumalanga,Ward 83206027,MP326,7858,0.3340544667854416,False,8.969287400118406,0.40935908583865444,0.02057142857142857,2021
Mpumalanga,Ward 83206028,MP326,8577,0.3586335548560103,False,9.056839480990421,0.408800470200687,0.008777633289986996,2021
Mpumalanga,Ward 83206029,MP326,7227,0.4169088141690881,False,8.885579291282982,0.40747603248902614,0.013939595087952207,2021
Mpumalanga,Ward 83206030,MP326,7782,0.4978154716011308,False,8.9595686535445,0.405637244820116,0.006711409395973154,2021
Mpumalanga,Ward 83206031,MP326,6907,0.3910525553786014,False,8.840290669088972,0.40806367473426447,0.018511662347278787,2021
Mpumalanga,Ward 83206032,MP326,6326,0.3648435030034777,False,8.752423403865594,0.40865933501551727,0.018197573656845753,2021
Mpumalanga,Ward 83206033,MP326,6942,0.3808700662633247,False,8.845345196421732,0.40829509494142985,0.00832072617246596,2021
Mpumalanga,Ward 83206034,MP326,5922,0.4609929078014184,False,8.686429508661536,0.4064741212701095,0.01282051282051282,2021
Mpumalanga,Ward 83206035,MP326,7460,0.4049597855227882,False,8.917310693197807,0.4077476013218966,0.016219794769943726,2021
Mpumalanga,Ward 83206036,MP326,5995,0.366138448707256,False,8.698681067461614,0.40862990443134045,0.015945330296127564,2021
Mpumalanga,Ward 83206037,MP326,6343,0.4707551631720006,False,8.755107121633896,0.406252251829869,0.010381781647689216,2021
Mpumalanga,Ward 83206038,MP326,5238,0.427262313860252,False,8.563695025067657,0.40724072567786335,0.007596067917783735,2021
Mpumalanga,Ward 83206039,MP326,6417,0.3705781517843229,False,8.766705997750515,0.40852900208867987,0.011354079058031959,2021
Mpumalanga,Ward 83206040,MP326,7367,0.3358219085109271,False,8.904765846682814,0.40931891670852977,0.009700889248181084,2021
Mpumalanga,Ward 83206041,MP326,7279,0.4006044786371754,False,8.892748769118258,0.40784658556929687,0.01646090534979424,2021
Mpumalanga,Ward 83206042,MP326,6220,0.414951768488746,False,8.735525185733225,0.407520510799943,0.008136381247578458,2021
Mpumalanga,Ward 83206043,MP326,6828,0.4472759226713532,False,8.828787083914332,0.40678587093215646,0.01899148657498363,2021
Mpumalanga,Ward 83206044,MP326,6190,0.4353796445880452,False,8.730690365678642,0.4070562408885952,0.009647495361781076,2021
Mpumalanga,Ward 83206045,MP326,6311,0.3674536523530344,False,8.75004942158424,0.40860001343939095,0.009055627425614488,2021
North West,Ward 63701001,NW371,3156,0.4458174904942966,False,8.057060681965766,0.4343866702508901,0.02914001421464108,2021
North West,Ward 63701002,NW371,3388,0.4731404958677686,False,8.127995055771946,0.43329375003595116,0.008733624454148471,2021
North West,Ward 63701003,NW371,3571,0.3752450294035284,False,8.18060094759445,0.4372095686945208,0.026119402985074626,2021
North West,Ward 63701004,NW371,3455,0.4743849493487699,False,8.14757773620177,0.43324397189671116,0.022574740695546065,2021
North West,Ward 63701005,NW371,3174,0.4757403906742281,False,8.062747901086354,0.4331897542436928,0.015894039735099338,2021
North West,Ward 63701006,NW371,3264,0.5055147058823529,False,8.090708716083997,0.4319987816353678,0.025454545454545455,2021
North West,Ward 63701007,NW371,3628,0.4346747519294377,False,8.196436811235028,0.43483237979348444,0.02663284717818643,2021
North West,Ward 63701008,NW371,4843,0.4484823456535205,False,8.48528964240323,0.4342800760445211,0.020718232044198894,2021
North West,Ward 63701009,NW371,4757,0.391212949337818,False,8.467372496432281,0.43657085189714917,0.02418054809242343,2021
North West,Ward 63701010,NW371,3789,0.4721562417524412,False,8.239857411018601,0.43333312020056425,0.0184460592509782,2021
North West,Ward 63701011,NW371,3413,0.4160562554937005,False,8.135346948906706,0.43557711965091395,0.018309859154929577,2021
North West,Ward 63701012,NW371,2754,0.3442265795206972,False,7.9208096792886,0.43845030668983404,0.014767932489451477,2021
North West,Ward 63701013,NW371,3298,0.446331109763493,False,8.101071503119543,0.4343661254801222,0.022418478260869564,2021
North West,Ward 63701014,NW371,3394,0.4207424867413082,False,8.129764445794171,0.4353896704010096,0.018907563025210083,2021
North West,Ward 63701015,NW371,3451,0.5018835120254999,False,8.146419323098003,0.4321440293896419,0.024826789838337183,2021
North West,Ward 63701016,NW371,4014,0.3432984554060787,False,8.297543529356284,0.43848743165441884,0.016690856313497822,2021
North West,Ward 63701017,NW371,3847,0.4299454120093579,False,8.255048902752295,0.4350215533902876,0.006650544135429262,2021
North West,Ward 63701018,NW371,3902,0.3692977960020502,False,8.269244521183056,0.43744745803057994,0.034004163775156145,2021
North West,Ward 63701019,NW371,3697,0.4354882337030024,False,8.215276958936633,0.43479984052254184,0.031677018633540374,2021
North West,Ward 63701020,NW371,3216,0.3889925373134328,False,8.075893630298857,0.43665966837812464,0.012789768185451638,2021
North West,Ward 63701021,NW371,3759,0.3889332269220537,False,8.231908243564177,0.4366620407937798,0.014363885088919288,2021
North West,Ward 63701022,NW371,3877,0.4152695383028114,False,8.262816937670928,0.4356085883385495,0.018012422360248446,2021
North West,Ward 63701023,NW371,2992,0.5681818181818182,False,8.003697339094368,0.4294920971433892,0.04588235294117647,2021
North West,Ward 63701024,NW371,3704,0.3512419006479482,False,8.21716859576607,0.43816969384474397,0.021521906225980016,2021
North West,Ward 63701025,NW371,4039,0.5251299826689775,False,8.303752415563412,0.4312141705639029,0.015087223008015087,2021
North West,Ward 63701026,NW371,4331,0.464096051720157,False,8.373553741214627,0.4336555278018557,0.022388059701492536,2021
North West,Ward 63702001,NW372,4535,0.4676957001102536,False,8.419580362549237,0.40716388224183336,0.01933050447901933,2021
North West,Ward 63702002,NW372,4537,0.362574388362354,False,8.420021279663963,0.40979191503553086,0.0121580547112462,2021
North West,Ward 63702003,NW372,4312,0.5162337662337663,False,8.369157112588834,0.4059504305887455,0.01752021563342318,2021
North West,Ward 63702004,NW372,4391,0.4138009565019357,False,8.387312270561717,0.4085112508320413,0.02531645569620253,2021
North West,Ward 63702005,NW372,5324,0.375281743050338,False,8.579980179515003,0.4094742311683313,0.013013013013013013,2021
North West,Ward 63702006,NW372,4802,0.3912952936276551,False,8.4767877767812,0.4090738924038983,0.032464076636508785,2021
North West,Ward 63702007,NW372,5978,0.367514218802275,False,8.695841342843883,0.4096684192745329,0.03823395539371871,2021
North West,Ward 63702008,NW372,5966,0.3348977539389876,False,8.693831965074693,0.410483830896115,0.013513513513513514,2021
North West,Ward 63702009,NW372,4935,0.3136778115501519,False,8.504107951867582,0.4110143294558359,0.006459948320413436,2021
North West,Ward 63702010,NW372,7350,0.3420408163265306,False,8.902455592206882,0.41030525433642645,0.011535401750198886,2021
North West,Ward 63702011,NW372,5611,0.381928355016931,False,8.632484235750972,0.40930806586916646,0.012132524498366775,2021
North West,Ward 63702012,NW372,4536,0.3932980599647266,False,8.419800845407588,0.40902382324547154,0.0072869955156950675,2021
North West,Ward 63702013,NW372,5531,0.3615982643283312,False,8.618123909994678,0.4098163181363814,0.028,2021
North West,Ward 63702014,NW372,4112,0.4815175097276264,False,8.321664807135,0.406818337001399,0.015151515151515152,2021
North West,Ward 63702015,NW372,5912,0.3726319350473613,False,8.684739462628038,0.4095404763684057,0.029051293690422152,2021
North West,Ward 63702016,NW372,4759,0.3933599495692372,False,8.46779284112111,0.4090222760053588,0.01014957264957265,2021
North West,Ward 63702017,NW372,5196,0.3916474210931486,False,8.55564437779049,0.40906508921726104,0.018673218673218674,2021
North West,Ward 63702018,NW372,5849,0.3680971106171995,False,8.674025985443025,0.40965384697915974,0.019972131908964234,2021
North West,Ward 63702019,NW372,6123,0.4385105340519353,False,8.719807451477955,0.40789351139329133,0.02644320297951583,2021
North West,Ward 63702020,NW372,4610,0.4164859002169197,False,8.435983135990694,0.40844412723916673,0.007291666666666667,2021
North West,Ward 63702021,NW372,5476,0.4360847333820307,False,8.60813018640834,0.40795415641003896,0.030569514237855946,2021
North West,Ward 63702022,NW372,4563,0.4970414201183432,False,8.425735580927402,0.40643023924163113,0.022486772486772486,2021
North West,Ward 63702023,NW372,6516,0.4972375690607735,False,8.782015969721936,0.4064253355180704,0.001851851851851852,2021
North West,Ward 63702024,NW372,4654,0.4742157284056725,False,8.445482343862237,0.40700088153444797,0.014046216583597644,2021
North West,Ward 63702025,NW372,6866,0.3933877075444217,False,8.834336974017637,0.4090215820559792,0.015920029618659754,2021
North West,Ward 63702026,NW372,6019,0.2654926067453065,False,8.70267641154777,0.412218959575957,0.03316645807259074,2021
North West,Ward 63702027,NW372,6471,0.4745788904342451,False,8.775085935057266,0.4069918024837336,0.007489417127971344,2021
North West,Ward 63702028,NW372,4899,0.3182282098387426,False,8.496786381638575,0.41090056949862114,0.021167415009621552,2021
North West,Ward 63702029,NW372,6054,0.5117277832837793,False,8.708474489581665,0.40606308016249526,0.014848289218850872,2021
North West,Ward 63702030,NW372,7175,0.4689895470383275,False,8.878358040627822,0.40713153606863156,0.008915304606240713,2021
North West,Ward 63702031,NW372,6399,0.3597437099546804,False,8.76389700713946,0.4098626819957227,0.011728931364031277,2021
North West,Ward 63702032,NW372,5717,0.3179989504985132,False,8.651199471263972,0.4109063009821269,0.019251925192519254,2021
North West,Ward 63702033,NW372,6328,0.5009481668773704,False,8.75273950944749,0.4063325705726554,0.010410094637223975,2021
North West,Ward 63702034,NW372,5350,0.5198130841121495,False,8.584851839890053,0.40586094764178593,0.02229413879899317,2021
North West,Ward 63702035,NW372,3297,0.4334243251440703,False,8.10076824307173,0.40802066661598796,0.02589223233030091,2021
North West,Ward 63702036,NW372,4389,0.3679653679653679,False,8.386856689688234,0.40965714054545554,0.031578947368421054,2021
North West,Ward 63702037,NW372,5069,0.3807457092128625,False,8.53089883847235,0.40933763201426815,0.035233160621761656,2021
North West,Ward 63702038,NW372,6924,0.4244656268053148,False,8.8427489162961,0.4082446340744569,0.014290575025518884,2021
North West,Ward 63702039,NW372,6536,0.4291615667074663,False,8.785080636539838,0.40812723557690306,0.01675579322638146,2021
North West,Ward 63702040,NW372,5618,0.4261302954788181,False,8.633731007664188,0.4082030173576193,0.021303258145363407,2021
North West,Ward 63702041,NW372,4115,0.3727825030376671,False,8.32239411311117,0.40953671216864806,0.04041720990873533,2021
North West,Ward 63703001,NW373,7054,0.4427275304791607,False,8.861350110795998,0.35806834515106284,0.027857829010566763,2021
North West,Ward 63703002,NW373,7630,0.3647444298820446,False,8.939843124278502,0.35984068834645183,0.017247574559827523,2021
North West,Ward 63703003,NW373,4860,0.2541152263374485,False,8.48879371689454,0.3623549884270108,0.0016194331983805667,2021
North West,Ward 63703004,NW373,6579,0.2612859097127223,False,8.791638037085997,0.36219201835030007,0.008144269924374637,2021
North West,Ward 63703005,NW373,6029,0.3826505224747056,False,8.704336438489406,0.35943373169661863,0.012570437798006068,2021
North West,Ward 63703006,NW373,5860,0.3517064846416382,False,8.675904882571059,0.36013700528373377,0.012130033964095099,2021
North West,Ward 63703007,NW373,5409,0.3767794416712886,False,8.595819511871428,0.3595671653512417,0.05691854759568204,2021
North West,Ward 63703008,NW373,5572,0.3311198851399856,False,8.625509334899697,0.360604882545135,0.0016260162601626016,2021
North West,Ward 63703009,NW373,8410,0.3171224732461355,False,9.037176752966994,0.3609230055427225,0.00562429696287964,2021
North West,Ward 63703010,NW373,6200,0.2483870967741935,False,8.732304571033183,0.3624851731898121,0.012337662337662338,2021
North West,Ward 63703011,NW373,6098,0.2866513611020007,False,8.7157161275482,0.36161553081872555,0.09668192219679633,2021
North West,Ward 63703012,NW373,7326,0.3198198198198198,False,8.89918494333876,0.3608617022115024,0.01365770379854887,2021
North West,Ward 63703013,NW373,7100,0.2664788732394366,False,8.867850063029406,0.36207399645196564,0.01004228329809725,2021
North West,Ward 63703014,NW373,7335,0.4993865030674846,False,8.900412690577083,0.3567806412286009,0.012012012012012012,2021
North West,Ward 63703015,NW373,5706,0.4956186470382054,False,8.649273531773446,0.3568662743201755,0.006011315417256012,2021
North West,Ward 63703016,NW373,5763,0.4875932673954538,False,8.659213451436667,0.3570486693120562,0.00498220640569395,2021
North West,Ward 63703017,NW373,5893,0.482267096555235,False,8.681520484837913,0.3571697186493339,0.0028149190710767065,2021
North West,Ward 63703018,NW373,6358,0.3482227115445108,False,8.757469141470748,0.3602161819450322,0.004516711833785004,2021
North West,Ward 63703019,NW373,5514,0.2794704388828437,False,8.615045591583742,0.3617787335964337,0.012329656067488644,2021
North West,Ward 63703020,NW373,5922,0.3149273893954745,False,8.686429508661536,0.3609728938120557,0.013941018766756031,2021
North West,Ward 63703021,NW373,7647,0.3808029292533019,False,8.942068693044225,0.35947572245165055,0.017170329670329672,2021
North West,Ward 63703022,NW373,7159,0.2855147366950691,False,8.876125585396185,0.3616413631916104,0.018590998043052837,2021
North West,Ward 63703023,NW373,6578,0.4042262085740347,False,8.791486026749002,0.35894337519436115,0.01918014291086875,2021
North West,Ward 63703024,NW373,9810,0.282874617737003,False,9.191157552559408,0.3617013658952028,0.03027027027027027,2021
North West,Ward 63703025,NW373,6146,0.5315652456882525,False,8.72355674269043,0.356049306169038,0.016835016835016835,2021
North West,Ward 63703026,NW373,5777,0.4741215163579713,False,8.661639795781266,0.35735484547199897,0.022635998539612998,2021
North West,Ward 63703027,NW373,7054,0.4237312163311596,False,8.861350110795998,0.3585000795635174,0.022415523586483774,2021
North West,Ward 63703028,NW373,6340,0.421608832807571,False,8.754634047431272,0.35854831555268984,0.008978675645342313,2021
North West,Ward 63703029,NW373,6197,0.557366467645635,False,8.731820582962108,0.3554629147609157,0.017371163867979156,2021
North West,Ward 63703030,NW373,5697,0.3803756362998069,False,8.647694999480395,0.3594854336551391,0.025842178126442086,2021
North West,Ward 63703031,NW373,4967,0.2677672639420173,False,8.51057131510735,0.3620447148450888,0.0015037593984962407,2021
North West,Ward 63703032,NW373,6840,0.3304093567251462,False,8.830543010616596,0.3606210309181995,0.005309734513274336,2021
North West,Ward 63703033,NW373,5341,0.2441490357610934,False,8.58316818033977,0.3625814927582916,0.04831288343558282,2021
North West,Ward 63703034,NW373,5730,0.343804537521815,False,8.653470809708786,0.36031659499100255,0.015228426395939087,2021
North West,Ward 63703035,NW373,6733,0.3879399970295559,False,8.814776088545281,0.3593135163658266,0.01799387442572741,2021
North West,Ward 63703036,NW373,6491,0.4310583885379757,False,8.778171881033469,0.3583335529224534,0.025375268048606146,2021
North West,Ward 63703037,NW373,5853,0.2614044079958995,False,8.67470962929122,0.3621893252075006,0.02091503267973856,2021
North West,Ward 63703038,NW373,4623,0.263681592039801,False,8.438799123988225,0.36213757102468463,0.01804757998359311,2021
North West,Ward 63703039,NW373,6685,0.3050112191473448,False,8.807621489536043,0.361198261317695,0.07994114762138303,2021
North West,Ward 63703040,NW373,10141,0.3657430233704762,False,9.224341891611996,0.3598179930398966,0.05769749258560259,2021
North West,Ward 63703041,NW373,7047,0.3058038881793671,False,8.860357273327022,0.3611802461124218,0.019953596287703015,2021
North West,Ward 63703042,NW373,5963,0.3216501760858628,False,8.693328989123106,0.360820103205456,0.009906152241918665,2021
North West,Ward 63703043,NW373,6274,0.3205291679948996,False,8.744169388750624,0.36084558066206873,0.020387866732968673,2021
North West,Ward 63703044,NW373,5332,0.4486121530382596,False,8.5814816812986,0.3579346037292651,0.024665551839464884,2021
North West,Ward 63703045,NW373,5304,0.3469079939668175,False,8.576216531865699,0.3602460618899797,0.02010869565217391,2021
North West,Ward 63704001,NW374,2691,0.4790040876997399,False,7.897668150726906,0.48985722105521035,0.016291698991466253,2021
North West,Ward 63704002,NW374,3204,0.5227840199750312,False,8.07215530818825,0.4825605656759952,0.03522388059701492,2021
North West,Ward 63704003,NW374,2773,0.4994590695997115,False,7.927685045615778,0.4864480574052151,0.013718411552346571,2021
North West,Ward 63704004,NW374,2791,0.4589752776782515,False,7.934155233536322,0.4931953560587918,0.02966432474629196,2021
North West,Ward 63704005,NW374,2928,0.460724043715847,False,7.982074875081202,0.4929038950525259,0.029651593773165306,2021
North West,Ward 63704006,NW374,3222,0.4860335195530726,False,8.07775756373692,0.48868564907965495,0.012132822477650063,2021
North West,Ward 63704007,NW374,4343,0.5111673958093483,False,8.376320632534823,0.484496669703609,0.013963963963963964,2021
North West,Ward 63705001,NW375,3961,0.4549356223175965,False,8.284251797621916,0.4071777489393379,0.014428412874583796,2021
North West,Ward 63705002,NW375,3793,0.4769311890324281,False,8.2409125416889,0.40651121661464606,0.033720287451630734,2021
North West,Ward 63705003,NW375,3071,0.4229892543145555,False,8.029758520440822,0.40814582069700583,0.020785219399538105,2021
North West,Ward 63705004,NW375,3951,0.4011642622120982,False,8.281723990411392,0.40880718409405,0.014511041009463722,2021
North West,Ward 63705005,NW375,3500,0.4365714285714285,False,8.160518247477505,0.4077342396589188,0.005235602094240838,2021
North West,Ward 63705006,NW375,3730,0.4611260053619302,False,8.224163512637862,0.40699016157435813,0.013372093023255814,2021
North West,Ward 63705007,NW375,3184,0.3473618090452261,False,8.065893546964274,0.4104375614627431,0.03074141048824593,2021
North West,Ward 63705008,NW375,3533,0.4760826493065384,False,8.169902647359145,0.406536929939673,0.013674197384066587,2021
North West,Ward 63705009,NW375,4048,0.3478260869565217,False,8.305978210967302,0.41042349243512805,0.0234375,2021
North West,Ward 63705010,NW375,3455,0.6790159189580318,False,8.14757773620177,0.4003874369199308,0.029838022165387893,2021
North West,Ward 63705011,NW375,3396,0.4469964664310954,False,8.130353547431238,0.40741832942074707,0.022397891963109356,2021
North West,Ward 63705012,NW375,3146,0.5193897012078831,False,8.053887083618223,0.40522459503357167,0.017135862913096694,2021
North West,Ward 63705013,NW375,3038,0.2811059907834101,False,8.018954683155718,0.412445313531283,0.00819672131147541,2021
North West,Ward 63705014,NW375,3133,0.2409830833067347,False,8.049746290952191,0.4136611592123944,0.015894039735099338,2021
North West,Ward 63705015,NW375,2726,0.4196625091709464,False,7.9105906122564775,0.4082466311559031,0.0,2021
North West,Ward 63705016,NW375,4427,0.3440252992997515,False,8.395477432732141,0.41053866781866655,0.019041365725541694,2021
North West,Ward 63705017,NW375,3195,0.3881064162754303,False,8.069342366811636,0.4092028763951611,0.008064516129032258,2021
North West,Ward 63705018,NW375,4354,0.4108865411116215,False,8.378850241794492,0.40851256958194326,0.026830631637786474,2021
North West,Ward 63705019,NW375,2476,0.4632471728594507,False,7.814399633804487,0.40692588377140293,0.015693112467306015,2021
North West,Ward 63705020,NW375,3271,0.3955976765515133,False,8.092851027538384,0.4089758685080071,0.014683153013910355,2021
North West,Ward 63705021,NW375,4416,0.3987771739130434,False,8.392989587956931,0.4088795201031123,0.016467915956842702,2021
North West,Ward 63705022,NW375,3488,0.3457568807339449,False,8.15708378502887,0.410486195653994,0.03399668325041459,2021
North West,Ward 63705023,NW375,3146,0.396694214876033,False,8.053887083618223,0.4089426400739307,0.016826923076923076,2021
North West,Ward 63705024,NW375,3599,0.3651014170602945,False,8.188411308079031,0.4098999975834986,0.02359208523592085,2021
North West,Ward 63705025,NW375,3797,0.3887279431129839,False,8.241966560231802,0.4091840422485686,0.027777777777777776,2021
North West,Ward 63705026,NW375,3275,0.482442748091603,False,8.094073148069352,0.4063441996734589,0.052531645569620256,2021
North West,Ward 63705027,NW375,4253,0.3900775922877968,False,8.355379895253634,0.4091431437887258,0.018083182640144666,2021
North West,Ward 63705028,NW375,4205,0.3605231866825208,False,8.344029572407049,0.4100387318373705,0.002638522427440633,2021
North West,Ward 63705029,NW375,3399,0.4683730508973227,False,8.131236549696116,0.4067705541338916,0.0471105527638191,2021
North West,Ward 63705030,NW375,4168,0.3773992322456814,False,8.335191583433202,0.40952733651727474,0.018436109345200253,2021
North West,Ward 63705031,NW375,3124,0.4106914212548015,False,8.046869510959576,0.40851848230487714,0.01636788776305534,2021
North West,Ward 63705032,NW375,2994,0.3500334001336005,False,8.004365564979574,0.4103566041570348,0.020038167938931296,2021
North West,Ward 63705033,NW375,3328,0.4110576923076923,False,8.1101268019411,0.4085073831820623,0.006578947368421052,2021
North West,Ward 63705034,NW375,2794,0.3321403006442376,False,7.935229539816907,0.4108988192930761,0.011853448275862068,2021
North West,Ward 63801001,NW381,3878,0.4953584321815368,False,8.263074835802596,0.42628031738135125,0.022904737116085372,2021
North West,Ward 63801002,NW381,3754,0.44832179009057,False,8.230577217146454,0.42989852061911793,0.06001188354129531,2021
North West,Ward 63801003,NW381,3311,0.388100271821202,False,8.105005537547246,0.434530945101377,0.042801556420233464,2021
North West,Ward 63801004,NW381,4102,0.538517796196977,False,8.319229938632326,0.42296036630324046,0.02489814395654142,2021
North West,Ward 63801005,NW381,3122,0.4080717488789238,False,8.046229101075378,0.4329946776353984,0.00706436420722135,2021
North West,Ward 63801006,NW381,3387,0.4325361677000295,False,8.127699852817772,0.4311127992645441,0.021160409556313993,2021
North West,Ward 63801007,NW381,3130,0.4447284345047923,False,8.048788283534199,0.43017493258725464,0.010775862068965518,2021
North West,Ward 63801008,NW381,2834,0.4760056457304163,False,7.949444420250626,0.4277689932622067,0.02223869532987398,2021
North West,Ward 63801009,NW381,3602,0.3767351471404775,False,8.189244525735901,0.43540518546143275,0.01694915254237288,2021
North West,Ward 63801010,NW381,4218,0.3492176386913229,False,8.34711636103872,0.43752191688059844,0.04073319755600815,2021
North West,Ward 63801011,NW381,2202,0.4659400544959128,False,7.697121317282625,0.4285432695110147,0.024366471734892786,2021
North West,Ward 63801012,NW381,2966,0.4366149696561024,False,7.994969522697877,0.4307990452679231,0.02702702702702703,2021
North West,Ward 63801013,NW381,2929,0.4298395356777057,False,7.982416346827733,0.43132023249703055,0.023828435266084195,2021
North West,Ward 63801014,NW381,3752,0.3470149253731343,False,8.230044310126114,0.437691356366613,0.005376344086021506,2021
North West,Ward 63802001,NW382,3329,0.3754881345749474,False,8.110427237575024,0.43358677638082255,0.0376,2021
North West,Ward 63802002,NW382,3191,0.3707301786273895,False,8.068089626278244,0.43395277299217316,0.026204564666103127,2021
North West,Ward 63802003,NW382,2991,0.4730859244399866,False,8.003363058629947,0.4260792540835118,0.019081272084805655,2021
North West,Ward 63802004,NW382,3606,0.4148641153632834,False,8.190354403763262,0.4305578547817198,0.016711229946524065,2021
North West,Ward 63802005,NW382,3189,0.4079648792724992,False,8.067462667010057,0.4310885652502417,0.013835511145272867,2021
North West,Ward 63802006,NW382,3415,0.4465592972181552,False,8.13593277200489,0.42811976386980655,0.014426229508196721,2021
North West,Ward 63802007,NW382,3770,0.4840848806366047,False,8.234830280442056,0.42523318052992587,0.022465753424657533,2021
North West,Ward 63802008,NW382,3594,0.558708959376739,False,8.187021067343505,0.41949286678068476,0.00846613545816733,2021
North West,Ward 63802009,NW382,3734,0.419121585431173,False,8.225235324101668,0.4302303570841898,0.03386581469648562,2021
North West,Ward 63802010,NW382,2977,0.420557608330534,False,7.998671361015776,0.430119893784239,0.039936102236421724,2021
North West,Ward 63802011,NW382,4554,0.3726394378568292,False,8.423761246623686,0.4338059068976009,0.030053034767236298,2021
North West,Ward 63802012,NW382,3441,0.3780877651845394,False,8.14351740579748,0.4333868047954693,0.0207532667179093,2021
North West,Ward 63802013,NW382,3090,0.4540453074433657,False,8.035926369891792,0.4275439169294058,0.022095509622238062,2021
North West,Ward 63802014,NW382,4019,0.4361781537695944,False,8.2987883944492,0.42891831336584973,0.018824871648602397,2021
North West,Ward 63803001,NW383,3702,0.3354943273905997,False,8.216628493133443,0.3774547255225819,0.03864734299516908,2021
North West,Ward 63803002,NW383,3905,0.4153649167733674,False,8.270013062273787,0.37510559054073583,0.02219482120838471,2021
North West,Ward 63803003,NW383,4418,0.5022634676324128,False,8.393442383980062,0.37254975080958747,0.02118071203244705,2021
North West,Ward 63803004,NW383,3533,0.4545711859609397,False,8.169902647359145,0.37395246497639545,0.028642590286425903,2021
North West,Ward 63803005,NW383,3280,0.3054878048780488,False,8.09559870137819,0.37833727030236286,0.022954091816367265,2021
North West,Ward 63803006,NW383,2923,0.3821416353061923,False,7.980365765111246,0.37608274587800566,0.023276633840644583,2021
North West,Ward 63803007,NW383,3910,0.3511508951406649,False,8.271292652979412,0.37699423823581535,0.013109978150036417,2021
North West,Ward 63803008,NW383,5375,0.276093023255814,False,8.589513852995864,0.3792018227030168,0.006738544474393531,2021
North West,Ward 63803009,NW383,4175,0.4629940119760479,False,8.336869637284956,0.37370473479948046,0.009311950336264873,2021
North West,Ward 63803010,NW383,2849,0.3155493155493155,False,7.954723334497908,0.3780413435179138,0.00778642936596218,2021
North West,Ward 63803011,NW383,3360,0.3288690476190476,False,8.11969625295725,0.37764958669233345,0.011764705882352941,2021
North West,Ward 63803012,NW383,4219,0.2621474283005451,False,8.347353412124338,0.3796119872605247,0.011754068716094032,2021
North West,Ward 63803013,NW383,4098,0.365544167886774,False,8.318254328798846,0.37657090668445914,0.004672897196261682,2021
North West,Ward 63803014,NW383,4095,0.3135531135531135,False,8.31752199628717,0.3781000553413315,0.009345794392523364,2021
North West,Ward 63803015,NW383,3474,0.3822682786413356,False,8.153061946801051,0.37607902107403085,0.015060240963855422,2021
North West,Ward 63803016,NW383,3369,0.315227070347284,False,8.122371243406553,0.3780508213179736,0.023540489642184557,2021
North West,Ward 63803017,NW383,3492,0.4948453608247423,False,8.158229916959494,0.37276793042157774,0.01678240740740741,2021
North West,Ward 63803018,NW383,3896,0.3683264887063655,False,8.267705664762426,0.37648907371917706,0.012543554006968641,2021
North West,Ward 63803019,NW383,3464,0.3741339491916859,False,8.150179269682326,0.37631826605784413,0.022376543209876542,2021
North West,Ward 63803020,NW383,4952,0.3374394184168013,False,8.507546814364431,0.37739751696298773,0.01855176540993417,2021
North West,Ward 63803021,NW383,3467,0.3293914046726276,False,8.151044945685024,0.3776342232495811,0.005253940455341506,2021
North West,Ward 63803022,NW383,4465,0.4073908174692049,False,8.4040244933106,0.37534012287321117,0.08081363386476086,2021
North West,Ward 63803023,NW383,3968,0.4508568548387097,False,8.286017468404763,0.3740617100094022,0.029066517607602014,2021
North West,Ward 63803024,NW383,3810,0.44750656167979,False,8.245384468120747,0.37416024804348813,0.0187683284457478,2021
North West,Ward 63803025,NW383,3807,0.4496979248752298,False,8.244596756382498,0.3740957961847987,0.02161214953271028,2021
North West,Ward 63803026,NW383,4008,0.4209081836327345,False,8.2960476427647,0.3749425532801662,0.03319502074688797,2021
North West,Ward 63803027,NW383,3516,0.45193401592719,False,8.165079258805068,0.3740300288009175,0.021397105097545627,2021
North West,Ward 63803028,NW383,4291,0.3094849685388021,False,8.364275084991524,0.3782197066652819,0.017319277108433735,2021
North West,Ward 63803029,NW383,3529,0.4125814678379144,False,8.16876982367527,0.3751874566858962,0.0260989010989011,2021
North West,Ward 63803030,NW383,2856,0.3872549019607843,False,7.957177323459475,0.3759323556822824,0.0216998191681736,2021
North West,Ward 63803031,NW383,3324,0.3209987966305656,False,8.10892415597534,0.3778810646625829,0.00937207122774133,2021
North West,Ward 63803032,NW383,3805,0.3545335085413929,False,8.244071270295786,0.37689474960638214,0.007412898443291327,2021
North West,Ward 63803033,NW383,2780,0.3776978417266187,False,7.930206206684683,0.3762134456891696,0.07523809523809524,2021
North West,Ward 63803034,NW383,3617,0.3831904893558197,False,8.193400231952097,0.37605189722948723,0.015873015873015872,2021
North West,Ward 63803035,NW383,4170,0.3220623501199041,False,8.335671314792847,0.3778497836776024,0.02308265078183172,2021
North West,Ward 63804001,NW384,2801,0.3880756872545519,False,7.937731775260109,0.4477873269186178,0.01839926402943882,2021
North West,Ward 63804002,NW384,2707,0.439970446989287,False,7.903596289614301,0.4450560237746844,0.006717044500419815,2021
North West,Ward 63804003,NW384,3951,0.4978486459124272,False,8.281723990411392,0.44200980277872964,0.07066598881545501,2021
North West,Ward 63804004,NW384,5680,0.4320422535211267,False,8.644706511715198,0.44547329711511385,0.028117359413202935,2021
North West,Ward 63804005,NW384,1713,0.4646818447168709,False,7.44600149832412,0.4437554238942852,0.052763819095477386,2021
North West,Ward 63804006,NW384,3887,0.5762799073835864,False,8.265392930852224,0.4378818416486686,0.004464285714285714,2021
North West,Ward 63804007,NW384,3223,0.5001551349674217,False,8.078067881815437,0.44188840861794043,0.006823821339950372,2021
North West,Ward 63804008,NW384,3512,0.4407744874715262,False,8.163940954755008,0.44501370585456657,0.05232558139534884,2021
North West,Ward 63804009,NW384,3921,0.4129048712063249,False,8.27410200229233,0.44648052776326136,0.025941939468807906,2021
North West,Ward 63804010,NW384,3453,0.4155806545033304,False,8.146998697389993,0.44633969706341897,0.027177700348432057,2021
North West,Ward 63804011,NW384,3632,0.4140969162995594,False,8.197538739721184,0.44641778854782793,0.02526595744680851,2021
North West,Ward 63804012,NW384,3280,0.3774390243902439,False,8.09559870137819,0.4483471512798972,0.015347334410339256,2021
North West,Ward 63804013,NW384,3345,0.3312406576980568,False,8.11522197256233,0.45077864426369646,0.02707581227436823,2021
North West,Ward 63804014,NW384,3551,0.2613348352576738,False,8.174984532943087,0.45445789807634823,0.05387931034482758,2021
North West,Ward 63804015,NW384,3813,0.4788880146865985,False,8.246171559857563,0.4430077307379838,0.02190580503833516,2021
North West,Ward 63804016,NW384,3021,0.5187024164184045,False,8.013343181386672,0.44091223590999395,0.03956604977664327,2021
North West,Ward 63804017,NW384,3457,0.4006363899334683,False,8.148156439921625,0.44712623730393797,0.019494584837545126,2021
North West,Ward 63804018,NW384,3958,0.4530065689742294,False,8.28349412616251,0.44436991209126636,0.026770775237032907,2021
North West,Ward 63804019,NW384,2743,0.4801312431644185,False,7.916807490937603,0.44294229766020377,0.016704631738800303,2021
North West,Ward 63804020,NW384,3773,0.6122448979591837,False,8.235625719964311,0.43598894740784777,0.05238095238095238,2021
North West,Ward 63805001,NW385,3017,0.428239973483593,False,8.012018239159062,0.48061405631525855,0.008513931888544891,2021
North West,Ward 63805002,NW385,4031,0.4056065492433639,False,8.301769763117166,0.48187146877304904,0.031192660550458717,2021
North West,Ward 63805003,NW385,3182,0.4811439346323067,False,8.065265208897733,0.4776749473625522,0.042455911169170475,2021
North West,Ward 63805004,NW385,3396,0.4555359246171967,False,8.130353547431238,0.47909761458561395,0.010342598577892695,2021
North West,Ward 63805005,NW385,3880,0.572680412371134,False,8.263590432617319,0.4725895874881729,0.009900990099009901,2021
North West,Ward 63805006,NW385,3879,0.4153132250580046,False,8.263332667439967,0.481332209005569,0.01675977653631285,2021
North West,Ward 63805007,NW385,3720,0.5897849462365592,False,8.221478947267192,0.47163933560676047,0.020510483135824976,2021
North West,Ward 63805008,NW385,4305,0.5765389082462253,False,8.367532416861831,0.4723752266062234,0.01813053988718775,2021
North West,Ward 63805009,NW385,3271,0.4209721797615408,False,8.092851027538384,0.4810178226331503,0.014524328249818447,2021
North West,Ward 63805010,NW385,3179,0.3661528782636049,False,8.064321960910803,0.48406333938303564,0.027491408934707903,2021
North West,Ward 63805011,NW385,3609,0.4014962593516209,False,8.19118600464279,0.48209981821147924,0.029675638371290544,2021
North West,Ward 63805012,NW385,3296,0.4469053398058252,False,8.100464891029363,0.479577091519579,0.02987101154107264,2021
North West,Ward 63805013,NW385,3989,0.5104036099273,False,8.291295851905407,0.47604940984616373,0.022593320235756387,2021
North West,Ward 63805014,NW385,3341,0.4735109248727925,False,8.114025442356757,0.47809900346030304,0.02465233881163085,2021
North West,Ward 63805015,NW385,3973,0.5190032720865845,False,8.287276755814599,0.4755716508373146,0.02667313288069835,2021
North West,Ward 63805016,NW385,4282,0.4810836057916861,False,8.362175469149628,0.477678298964809,0.02378640776699029,2021
North West,Ward 63805017,NW385,3274,0.450519242516799,False,8.09376775793108,0.4793763191467471,0.006779661016949152,2021
North West,Ward 63805018,NW385,3758,0.4262905800957956,False,8.231642179973411,0.480722355947914,0.00749063670411985,2021
North West,Ward 63805019,NW385,3039,0.6581112207963146,False,8.019283792916793,0.4678434314645518,0.0275,2021
North West,Ward 63902001,NW392,3908,0.5051177072671443,False,8.270781013162674,0.42348350595699674,0.024822695035460994,2021
North West,Ward 63902002,NW392,3580,0.4477653631284916,False,8.183118079394745,0.4306525489743283,0.034310667498440424,2021
North West,Ward 63902003,NW392,3711,0.4659121530584748,False,8.219056661060598,0.42838420023308044,0.035280508964719494,2021
North West,Ward 63902004,NW392,3700,0.4775675675675676,False,8.216088098632316,0.4269272734194438,0.02659875495189587,2021
North West,Ward 63902005,NW392,4620,0.3538961038961039,False,8.438149984075784,0.4423862063783768,0.02507645259938838,2021
North West,Ward 63902006,NW392,2647,0.3944087646392142,False,7.881182202227102,0.437322123785488,0.020114942528735632,2021
North West,Ward 63902007,NW392,3396,0.3963486454652532,False,8.130353547431238,0.4370796386822331,0.007429420505200594,2021
North West,Ward 63902008,NW392,2945,0.4220713073005093,False,7.987864096085687,0.4338643059528261,0.027353177795655673,2021
North West,Ward 63902009,NW392,3338,0.4298981426003595,False,8.11312710422178,0.4328859515403448,0.07177700348432056,2021
North West,Ward 63903001,NW393,3846,0.5946437857514301,False,8.254788926148725,0.5070053337505736,0.01530389156099694,2021
North West,Ward 63903002,NW393,3037,0.4975304576885084,False,8.01862546504575,0.5208786663309909,0.017207147584381206,2021
North West,Ward 63903003,NW393,3459,0.5946805435096849,False,8.148734808937169,0.5070000826422515,0.02868254739912494,2021
North West,Ward 63903004,NW393,3285,0.4861491628614916,False,8.09712193091871,0.5225045655919933,0.010644959298685034,2021
North West,Ward 63903005,NW393,3519,0.5052571753339017,False,8.165932137321585,0.5197748495245061,0.1220472440944882,2021
North West,Ward 63903006,NW393,3049,0.4611347982945228,False,8.022568946988255,0.5260780462444175,0.01991465149359886,2021
North West,Ward 63903007,NW393,4171,0.4627187724766243,False,8.335911094196945,0.525851764218403,0.02227979274611399,2021
North West,Ward 63903008,NW393,3741,0.541566426089281,False,8.227108234348146,0.5145878137023091,0.060217176702862786,2021
North West,Ward 63904001,NW394,3789,0.5911850092372658,False,8.239857411018601,0.48483538985373836,0.02857142857142857,2021
North West,Ward 63904002,NW394,3301,0.5404422902150864,False,8.101980731853192,0.48704159502861577,0.020739910313901346,2021
North West,Ward 63904003,NW394,3957,0.4111700783421784,False,8.283241441385425,0.49266212597961173,0.03011677934849416,2021
North West,Ward 63904004,NW394,3376,0.553021327014218,False,8.124446855715847,0.48649468038517524,0.020353508302088912,2021
North West,Ward 63904005,NW394,4144,0.4222972972972973,False,8.329416783939319,0.49217833385112836,0.017142857142857144,2021
North West,Ward 63904006,NW394,3525,0.558581560283688,False,8.16763571524637,0.4862529311125896,0.02133062468257999,2021
North West,Ward 63904007,NW394,4189,0.4690857006445452,False,8.340217320947035,0.4901440554447262,0.030534351145038167,2021
North West,Ward 63904008,NW394,4167,0.4703623710103192,False,8.334951631422454,0.49008854803751867,0.012244897959183673,2021
North West,Ward 63904009,NW394,3930,0.4854961832061069,False,8.276394704863307,0.4894305562029192,0.0220125786163522,2021
North West,Ward 63904010,NW394,4194,0.4113018597997139,False,8.341410211461865,0.49265639635102326,0.03768115942028986,2021
North West,Ward 63904011,NW394,3361,0.4123772686700386,False,8.119993827725105,0.49260963944361785,0.030303030303030304,2021
North West,Ward 63904012,NW394,3830,0.4127937336814621,False,8.250620082174692,0.4925915322692081,0.01454775458570525,2021
North West,Ward 63904013,NW394,3674,0.4126292868807839,False,8.20903626577507,0.4925986821301072,0.0158311345646438,2021
North West,Ward 63904014,NW394,3075,0.463739837398374,False,8.031060180240619,0.4903764842815163,0.034361851332398316,2021
North West,Ward 63904015,NW394,3015,0.4839137645107794,False,8.011355109161286,0.48949935701575953,0.02467443454420836,2021
North West,Ward 63904016,NW394,3086,0.5262475696694751,False,8.034631032923107,0.48765875679146836,0.023399014778325122,2021
North West,Ward 63904017,NW394,4377,0.5177061914553347,False,8.384118837190895,0.48803012106164845,0.02030008826125331,2021
North West,Ward 63904018,NW394,3763,0.5083709806005846,False,8.232971790593437,0.4884359997944636,0.027182435964453737,2021
North West,Ward 63904019,NW394,3643,0.4331594839418062,False,8.200562797008564,0.49170606486658447,0.03612167300380228,2021
North West,Ward 63904020,NW394,3276,0.485042735042735,False,8.09437844497296,0.48945027134045715,0.03335431088735054,2021
North West,Ward 63904021,NW394,3154,0.5890932149651237,False,8.056426767522984,0.48492633743078806,0.02045209903121636,2021
North West,Ward 63904022,NW394,3423,0.5001460706982179,False,8.138272638530186,0.48879360457282744,0.010514018691588784,2021
North West,Ward 63904023,NW394,3098,0.5516462233699161,False,8.038512020976814,0.48655446750014486,0.026916325336454067,2021
North West,Ward 63904024,NW394,3851,0.5325889379381978,False,8.25608813381491,0.4873830451276109,0.015602145294978059,2021
North West,Ward 63906001,NW396,3350,0.5041791044776119,False,8.116715624819111,0.48037660601027626,0.027235050325636473,2021
North West,Ward 63906002,NW396,2697,0.4860956618464961,False,7.89989532313973,0.4833905131154623,0.008390541571319604,2021
North West,Ward 63906003,NW396,2955,0.5387478849407783,False,7.991253929840199,0.4746151425997485,0.0,2021
North West,Ward 63906004,NW396,3631,0.5769760396584963,False,8.197263371414335,0.4682437834801289,0.014319809069212411,2021
North West,Ward 63906005,NW396,3573,0.42261404981808,False,8.181160858023409,0.4939707817868649,0.010596026490066225,2021
North West,Ward 63906006,NW396,3583,0.4298074239464136,False,8.183955717304954,0.4927718860988093,0.02207792207792208,2021
North West,Ward 63906007,NW396,3876,0.4280185758513932,False,8.262558973010657,0.4930700274479794,0.02652200120554551,2021
North West,Ward 63907001,NW397,3556,0.5081552305961755,False,8.176391596633795,0.41894990463739895,0.01992252351964582,2021
North West,Ward 63907002,NW397,3235,0.4216383307573416,False,8.081784206935001,0.4251296831973157,0.030058651026392963,2021
North West,Ward 63907003,NW397,2994,0.3734134936539746,False,8.004365564979574,0.42857431441898475,0.01699463327370304,2021
North West,Ward 63907004,NW397,3607,0.3202107014139174,False,8.19063168090354,0.4323745138647031,0.025974025974025976,2021
North West,Ward 63907005,NW397,3196,0.4083229036295369,False,8.069655306886165,0.426080785135016,0.006896551724137931,2021
North West,Ward 63907006,NW397,3411,0.5098211668132513,False,8.134760782418645,0.4188309091933221,0.024151811385853938,2021
North West,Ward 63907007,NW397,4015,0.4057285180572851,False,8.297792626380861,0.4262660983901769,0.0423572744014733,2021
North West,Ward 63907008,NW397,3257,0.5032238256063862,False,8.088561805276234,0.4193021478509554,0.035387431360585725,2021
North West,Ward 63907009,NW397,3075,0.4022764227642276,False,8.031060180240619,0.4265126766253952,0.03395311236863379,2021
North West,Ward 63907010,NW397,4269,0.458421175919419,False,8.359134886757962,0.4225023371143101,0.03781297904956566,2021
North West,Ward 63907011,NW397,3513,0.4323939652718474,False,8.164225652265827,0.4243614235891367,0.025674786043449638,2021
North West,Ward 63907012,NW397,3169,0.2726412117387188,False,8.06117135969092,0.43577233455578873,0.024305555555555556,2021
North West,Ward 63907013,NW397,4539,0.5117867371667768,False,8.420462002456466,0.4186905113109275,0.02324580284115368,2021
North West,Ward 63907014,NW397,3748,0.4276947705442903,False,8.228977643358313,0.4246970803553908,0.026200873362445413,2021
North West,Ward 63907015,NW397,3227,0.4177254415866129,False,8.079308192051961,0.4254091752809392,0.026706231454005934,2021
North West,Ward 64003001,NW403,5389,0.3748376322137688,False,8.592115117933497,0.4177505463944224,0.024257425742574258,2021
North West,Ward 64003002,NW403,4671,0.3937058445728966,False,8.449128460502108,0.41724059470904057,0.024469820554649267,2021
North West,Ward 64003003,NW403,5393,0.4928611162618209,False,8.592857095337227,0.4145607225012318,0.009781790820165538,2021
North West,Ward 64003004,NW403,6368,0.4365577889447236,False,8.75904072752422,0.41608243405034256,0.014748201438848921,2021
North West,Ward 64003005,NW403,4487,0.4562068197013594,False,8.408939605975984,0.41555137916502805,0.014655593551538837,2021
North West,Ward 64003006,NW403,4234,0.4501653282947567,False,8.350902451694811,0.4157146627165579,0.05876180482686254,2021
North West,Ward 64003007,NW403,4239,0.4236848313281434,False,8.352082671352637,0.41643035182376364,0.034521158129175944,2021
North West,Ward 64003008,NW403,5613,0.4099412079102084,False,8.6328406149422,0.41680180110532944,0.027813993915688832,2021
North West,Ward 64003009,NW403,4332,0.4053554939981533,False,8.37378460812088,0.41692573931916876,0.019931662870159454,2021
North West,Ward 64003010,NW403,4093,0.3928658685560713,False,8.317033476492403,0.41726329676354934,0.03544776119402985,2021
North West,Ward 64003011,NW403,4510,0.3813747228381374,False,8.414052432496725,0.4175738682694395,0.01802325581395349,2021
North West,Ward 64003012,NW403,4594,0.4407923378319547,False,8.432506383249043,0.4159679867831201,0.02074074074074074,2021
North West,Ward 64003013,NW403,4463,0.4015236388079767,False,8.40357646462927,0.4170293029729573,0.03180803571428571,2021
North West,Ward 64003014,NW403,4675,0.4207486631016043,False,8.449984441722787,0.4165097077217782,0.05490594814438231,2021
North West,Ward 64003015,NW403,6086,0.510515938218863,False,8.713746330456916,0.4140835651510415,0.03057611844222723,2021
North West,Ward 64003016,NW403,4801,0.6082066236200792,False,8.476579508530941,0.41144327635641403,0.0030821917808219177,2021
North West,Ward 64003017,NW403,6182,0.6137172436104821,False,8.729397122692061,0.41129434068099774,0.002635740643120717,2021
North West,Ward 64003018,NW403,4158,0.4567099567099567,False,8.332789468417959,0.4155377808674984,0.01369141653501843,2021
North West,Ward 64003019,NW403,5337,0.4794828555368184,False,8.582418976333944,0.41492229711542106,0.019538882375928098,2021
North West,Ward 64003020,NW403,3608,0.3860864745011086,False,8.190908881182514,0.4174465236298997,0.020100502512562814,2021
North West,Ward 64003021,NW403,3549,0.2586644125105664,False,8.174421152646497,0.42089036314315764,0.010893246187363835,2021
North West,Ward 64003022,NW403,4903,0.3765041811136039,False,8.497602541651233,0.4177055045322647,0.021668472372697724,2021
North West,Ward 64003023,NW403,5408,0.3394970414201183,False,8.5956346177228,0.41870569749695347,0.12363834422657952,2021
North West,Ward 64003024,NW403,4464,0.3640232974910394,False,8.403800504061147,0.41804282571125295,0.02646153846153846,2021
North West,Ward 64003025,NW403,4621,0.3789223111880545,False,8.438366410870266,0.41764014966538765,0.0211307824100514,2021
North West,Ward 64003026,NW403,4348,0.390064397424103,False,8.3774712482411,0.4173390121995485,0.041273584905660375,2021
North West,Ward 64003027,NW403,4686,0.3557405036278275,False,8.452334619067742,0.4182666850048532,0.010797840431913617,2021
North West,Ward 64003028,NW403,4658,0.4237870330613997,False,8.446341450444287,0.4164275896147567,0.005572441742654508,2021
North West,Ward 64003029,NW403,4002,0.4212893553223388,False,8.294549515143679,0.4164950944185151,0.006524317912218268,2021
North West,Ward 64003030,NW403,4770,0.4987421383647799,False,8.470101583882387,0.4144017759579086,0.010508617065994116,2021
North West,Ward 64003031,NW403,5372,0.4037602382725242,False,8.588955557643128,0.4169688543387804,0.004149377593360996,2021
North West,Ward 64003032,NW403,3748,0.3770010672358591,False,8.228977643358313,0.41769207517760915,0.02335456475583864,2021
North West,Ward 64003033,NW403,3613,0.2967063382230833,False,8.19229373114764,0.41986220298876525,0.008395522388059701,2021
North West,Ward 64003034,NW403,3874,0.3892617449664429,False,8.262042843966942,0.417360705509215,0.014588859416445624,2021
North West,Ward 64003035,NW403,3932,0.4181078331637843,False,8.276903481267057,0.41658108150388146,0.026155717761557177,2021
North West,Ward 64003037,NW403,5306,0.3718431963814549,False,8.576593534697684,0.41783147709259305,0.02331474911302585,2021
North West,Ward 64003038,NW403,4083,0.2463874602008327,False,8.314587291319576,0.4212221726650423,0.007952286282306162,2021
North West,Ward 64003039,NW403,5130,0.5859649122807018,False,8.542860938164814,0.4120444036899107,0.00166333998669328,2021
North West,Ward 64004001,NW404,3001,0.4821726091302899,False,8.006700845440367,0.4731552548031547,0.02073255010366275,2021
North West,Ward 64004002,NW404,2884,0.409500693481276,False,7.96693349840484,0.48042244636805603,0.02540220152413209,2021
North West,Ward 64004003,NW404,2932,0.4826057298772169,False,7.983440063006542,0.47311194272846196,0.04734982332155477,2021
North West,Ward 64004004,NW404,2998,0.4709806537691794,False,8.005700678662542,0.47427445033926574,0.016288951841359773,2021
North West,Ward 64004005,NW404,4036,0.4913280475718533,False,8.3030093814735,0.4722397109589983,0.022188603126575897,2021
North West,Ward 64004006,NW404,3350,0.4844776119402985,False,8.116715624819111,0.4729247545221538,0.022181146025878003,2021
North West,Ward 64004007,NW404,2495,0.4605210420841683,False,7.822044008185619,0.4753204115077668,0.024369016536118365,2021
North West,Ward 64004008,NW404,3932,0.4793997965412004,False,8.276903481267057,0.47343253606206365,0.023872679045092837,2021
North West,Ward 64004009,NW404,3172,0.5242749054224464,False,8.06211758275474,0.468945025173939,0.019242333132892364,2021
North West,Ward 64004010,NW404,4017,0.4386357978590988,False,8.298290634359283,0.4775089359302738,0.029511918274687854,2021
North West,Ward 64004011,NW404,3785,0.4898282694848084,False,8.23880116587155,0.4723896887677029,0.019417475728155338,2021
North West,Ward 64005001,NW405,3813,0.4497770784159454,False,8.246171559857563,0.46076386248667106,0.03498542274052478,2021
North West,Ward 64005002,NW405,3876,0.5309597523219814,False,8.262558973010657,0.4583037814592154,0.006802721088435374,2021
North West,Ward 64005003,NW405,4498,0.6422854602045354,False,8.411388132519262,0.45493027515974405,0.004153686396677051,2021
North West,Ward 64005004,NW405,3291,0.5718626557277423,False,8.098946748943339,0.45706429953782873,0.007438894792773645,2021
North West,Ward 64005005,NW405,3494,0.6236405266170578,False,8.158802490694002,0.4554952731472434,0.014685635612666361,2021
North West,Ward 64005006,NW405,3003,0.3786213786213786,False,8.00736706798333,0.46292009581377913,0.011433597185576077,2021
North West,Ward 64005007,NW405,3951,0.3773728170083523,False,8.281723990411392,0.4629579310141739,0.004694835680751174,2021
North West,Ward 64005008,NW405,2715,0.4011049723756906,False,7.906547232368036,0.4622387747909212,0.027548209366391185,2021
North West,Ward 64005009,NW405,3722,0.3723804406233208,False,8.222016437202196,0.4631092151470536,0.022366522366522368,2021
North West,Ward 64005010,NW405,2684,0.3960506706408346,False,7.895063498091573,0.4623919354495532,0.023518344308560677,2021
North West,Ward 64005011,NW405,1694,0.5472255017709563,False,7.434847875211999,0.4578108799607616,0.014023732470334413,2021
North West,Ward 64005012,NW405,3061,0.5050637046716759,False,8.026496938945412,0.4590885101758913,0.04398447606727038,2021
North West,Ward 64005013,NW405,3808,0.4556197478991596,False,8.244859395911256,0.4605868118962706,0.0138328530259366,2021
North West,Ward 64005014,NW405,3120,0.3051282051282051,False,8.045588280803528,0.4651471616772086,0.017857142857142856,2021
North West,Ward 64005015,NW405,3203,0.5516703090852326,False,8.071843149609158,0.457676188830026,0.014148273910582909,2021
North West,Ward 64005016,NW405,3470,0.4210374639769452,False,8.151909872940905,0.46163475989391345,0.03627652292950034,2021
North West,Ward 64005017,NW405,3758,0.390101117615753,False,8.231642179973411,0.4625722249351617,0.023874488403819918,2021
North West,Ward 64005018,NW405,3290,0.4279635258358663,False,8.098642843759418,0.4614248792315219,0.04403409090909091,2021
North West,Ward 64005019,NW405,3311,0.4892781636967683,False,8.105005537547246,0.45956685990240365,0.01728395061728395,2021
North West,Ward 64005020,NW405,4030,0.419106699751861,False,8.301521654940728,0.46169326790073417,0.02960331557134399,2021
North West,Ward 64005021,NW405,3598,0.4508060033351862,False,8.188133414510478,0.4607326829436637,0.011097410604192354,2021
North West,Ward 64005022,NW405,3807,0.2934068820593643,False,8.244596756382498,0.4655023532853553,0.012533572068039392,2021
North West,Ward 64005023,NW405,3315,0.7149321266968326,False,8.106212902619962,0.45272886102361387,0.0037974683544303796,2021
North West,Ward 64005024,NW405,2492,0.5124398073836276,False,7.820840879907344,0.4588649919118928,0.0031323414252153485,2021
North West,Ward 64005025,NW405,2706,0.4242424242424242,False,7.903226808730733,0.46153763988586866,0.003484320557491289,2021
North West,Ward 64005026,NW405,3759,0.4501197126895451,False,8.231908243564177,0.46075347962989527,0.02364066193853428,2021
North West,Ward 64005027,NW405,3019,0.4269625703875455,False,8.012680929706839,0.4614552112148044,0.026377036462373934,2021
North West,Ward 64005028,NW405,3115,0.3913322632423756,False,8.043984431221553,0.4625349174919307,0.016406890894175553,2021
North West,Ward 64005029,NW405,3245,0.385824345146379,False,8.08487062913819,0.4627018241009003,0.009584664536741214,2021
North West,Ward 64005030,NW405,2955,0.4159052453468697,False,7.991253929840199,0.4617902816705824,0.012205044751830757,2021
North West,Ward 64005031,NW405,3038,0.4526003949967083,False,8.018954683155718,0.46067830743876914,0.028363636363636365,2021
North West,Ward 64005032,NW405,3255,0.4980030721966206,False,8.08794755464267,0.4593024687357415,0.03639728562615669,2021
North West,Ward 64005033,NW405,3835,0.4920469361147327,False,8.251924713801357,0.4594829577079199,0.04292527821939587,2021
North West,Ward 64005034,NW405,3287,0.4901125646486157,False,8.097730573664219,0.459541575025075,0.03165735567970205,2021
Northern Cape,Ward 30601001,NC061,1250,0.66,False,7.1308988302963465,0.6494466606870063,0.01818181818181818,2021
Northern Cape,Ward 30601002,NC061,1054,0.5464895635673624,False,6.960347729101308,0.6872834728312189,0.026041666666666668,2021
Northern Cape,Ward 30601003,NC061,1559,0.5644644002565747,False,7.351799869057777,0.6812918606014815,0.00909090909090909,2021
Northern Cape,Ward 30601004,NC061,658,0.837386018237082,False,6.489204931325317,0.5903179879413124,0.0,2021
Northern Cape,Ward 30602001,NC062,3458,0.5352805089647195,False,8.148445666243235,0.5464546016422303,0.004862236628849271,2021
Northern Cape,Ward 30602002,NC062,3372,0.5602016607354685,False,8.123261319121745,0.5433394576708866,0.024880889359449446,2021
Northern Cape,Ward 30602003,NC062,3363,0.5191793041926851,False,8.12058871174027,0.5484672522387346,0.023482245131729668,2021
Northern Cape,Ward 30602004,NC062,2790,0.5939068100358423,False,7.933796874815411,0.5391263140083399,0.006035003017501509,2021
Northern Cape,Ward 30602005,NC062,2824,0.5191218130311614,False,7.945909598613133,0.548474438633925,0.008185538881309686,2021
Northern Cape,Ward 30602006,NC062,3557,0.5116671352263144,False,8.176672771948455,0.5494062733595309,0.006593406593406593,2021
Northern Cape,Ward 30602007,NC062,2994,0.6112224448897795,False,8.004365564979574,0.5369618596515977,0.00819672131147541,2021
Northern Cape,Ward 30602008,NC062,3213,0.4973544973544973,False,8.074960359115858,0.551195353093508,0.011264080100125156,2021
Northern Cape,Ward 30602009,NC062,3501,0.5589831476720937,False,8.160803920954665,0.5434917718038085,0.005109862033725089,2021
Northern Cape,Ward 30604001,NC064,1193,0.6957250628667225,False,7.084226422097916,0.7230159732622788,0.0024096385542168677,2021
Northern Cape,Ward 30604002,NC064,1421,0.7220267417311752,False,7.259116128097101,0.7142487469741279,0.012670565302144249,2021
Northern Cape,Ward 30604003,NC064,1092,0.7106227106227107,False,6.9957661563048505,0.7180500906769494,0.00902061855670103,2021
Northern Cape,Ward 30604004,NC064,1305,0.7363984674329502,False,7.173958319756794,0.7094581717402028,0.01040582726326743,2021
Northern Cape,Ward 30605001,NC065,2425,0.5220618556701031,False,7.793586803371584,0.6469962354161839,0.008688783570300158,2021
Northern Cape,Ward 30605002,NC065,2836,0.5377291960507757,False,7.950149887652018,0.6430794003210157,0.04459016393442623,2021
Northern Cape,Ward 30605003,NC065,2354,0.6427357689039932,False,7.763871287820222,0.6168277571077114,0.007931262392597489,2021
Northern Cape,Ward 30605004,NC065,1651,0.7504542701393095,False,7.409136443920128,0.5898981317988823,0.008071025020177562,2021
Northern Cape,Ward 30605005,NC065,2222,0.6570657065706571,False,7.706162970199576,0.6132452726910453,0.026027397260273973,2021
Northern Cape,Ward 30606001,NC066,1779,0.5890949971894323,False,7.483806687665835,0.5856355254016073,0.006679389312977099,2021
Northern Cape,Ward 30606002,NC066,1925,0.6207792207792208,False,7.562681246721884,0.5750741175383444,0.012552301255230125,2021
Northern Cape,Ward 30606003,NC066,729,0.5308641975308642,False,6.591673732008658,0.6050457919544633,0.03359173126614987,2021
Northern Cape,Ward 30606004,NC066,1520,0.6052631578947368,False,7.326465613840322,0.5802461384998391,0.010869565217391304,2021
Northern Cape,Ward 30607001,NC067,1231,0.7010560519902518,False,7.115582126184454,0.5261109345485651,0.010428736964078795,2021
Northern Cape,Ward 30607002,NC067,1526,0.6055045871559633,False,7.330405211844402,0.5579614228266613,0.023809523809523808,2021
Northern Cape,Ward 30607003,NC067,1461,0.5776865160848734,False,7.2868764117507,0.5672341131836912,0.004739336492890996,2021
Northern Cape,Ward 30607004,NC067,1235,0.3951417004048583,False,7.118826249062078,0.6280823850770295,0.01639344262295082,2021
Northern Cape,Ward 30701001,NC071,1240,0.625,False,7.122866658599083,0.633640724639815,0.01935483870967742,2021
Northern Cape,Ward 30701002,NC071,1898,0.5800842992623815,False,7.5485559791698735,0.6486126248856879,0.018165304268846504,2021
Northern Cape,Ward 30701003,NC071,1209,0.7799834574028123,False,7.097548850614793,0.581979572172211,0.02332979851537646,2021
Northern Cape,Ward 30701004,NC071,2411,0.5408544172542513,False,7.787796878181171,0.6616892522217313,0.009202453987730062,2021
Northern Cape,Ward 30702001,NC072,1717,0.6779266161910309,False,7.448333860897476,0.6464198651126684,0.007731958762886598,2021
Northern Cape,Ward 30702002,NC072,2629,0.5637124381894256,False,7.874358824729881,0.6692627007129894,0.0155195681511471,2021
Northern Cape,Ward 30702003,NC072,1942,0.6627188465499485,False,7.571473648851271,0.6494614190408848,0.014763014763014764,2021
Northern Cape,Ward 30702004,NC072,1649,0.6973923590054578,False,7.407924322559599,0.642526716549783,0.04608695652173913,2021
Northern Cape,Ward 30702005,NC072,2106,0.6524216524216524,False,7.652545692693921,0.651520857866544,0.018195050946142648,2021
Northern Cape,Ward 30702006,NC072,1973,0.6558540293968576,False,7.587310506022615,0.650834382471503,0.0077279752704791345,2021
Northern Cape,Ward 30703001,NC073,2699,0.4879585031493145,False,7.900636613018005,0.5139988867479406,0.02126044039483675,2021
Northern Cape,Ward 30703002,NC073,3206,0.462882096069869,False,8.072779333169498,0.5175812306164328,0.01549865229110512,2021
Northern Cape,Ward 30703003,NC073,2824,0.5262039660056658,False,7.945909598613133,0.5085352491970333,0.013458950201884253,2021
Northern Cape,Ward 30703004,NC073,2495,0.524248496993988,False,7.822044008185619,0.5088146019129872,0.02599388379204893,2021
Northern Cape,Ward 30703005,NC073,3159,0.4510921177587844,False,8.058010800802085,0.5192655132323021,0.008421052631578947,2021
Northern Cape,Ward 30703006,NC073,2804,0.5570613409415122,False,7.938802248154481,0.5041270527776266,0.012163892445582587,2021
Northern Cape,Ward 30703007,NC073,3206,0.4800374298190892,False,8.072779333169498,0.5151304686522585,0.01949317738791423,2021
Northern Cape,Ward 30703008,NC073,2151,0.596466759646676,False,7.67368812926773,0.4984977072483176,0.009353078721745909,2021
Northern Cape,Ward 30704001,NC074,1620,0.6080246913580247,False,7.3901814282264295,0.6556019903816933,0.0,2021
Northern Cape,Ward 30704002,NC074,635,0.647244094488189,False,6.453624998892692,0.6425288560049719,0.0072992700729927005,2021
Northern Cape,Ward 30704003,NC074,1402,0.8131241084165478,False,7.2456550675945355,0.5872355180288523,0.016666666666666666,2021
Northern Cape,Ward 30704004,NC074,1398,0.5064377682403434,False,7.242797922793756,0.6894642980875871,0.005649717514124294,2021
Northern Cape,Ward 30705001,NC075,1627,0.7246465888137676,False,7.394493107219038,0.7359455952237454,0.022900763358778626,2021
Northern Cape,Ward 30705002,NC075,743,0.8304172274562585,False,6.610696044717759,0.7006887156762484,0.019448946515397084,2021
Northern Cape,Ward 30705003,NC075,1215,0.7193415637860082,False,7.102499355774649,0.7377139368996651,0.005720823798627002,2021
Northern Cape,Ward 30705004,NC075,1436,0.6580779944289693,False,7.269616749608169,0.7581351266853447,0.010582010582010581,2021
Northern Cape,Ward 30706001,NC076,1800,0.6716666666666666,False,7.495541943884256,0.6029629604544519,0.01902398676592225,2021
Northern Cape,Ward 30706002,NC076,1841,0.6355241716458446,False,7.518064181233078,0.6150104587947258,0.009401709401709401,2021
Northern Cape,Ward 30706003,NC076,1678,0.600715137067938,False,7.425357887027151,0.6266134703206947,0.006944444444444444,2021
Northern Cape,Ward 30706004,NC076,1872,0.5726495726495726,False,7.534762657037537,0.6359686584601498,0.024253731343283583,2021
Northern Cape,Ward 30707001,NC077,3346,0.5436341900777047,False,8.11552088154677,0.6251025276886794,0.014293567894447499,2021
Northern Cape,Ward 30707002,NC077,1885,0.6519893899204244,False,7.541683099882111,0.5980137277279994,0.008136696501220505,2021
Northern Cape,Ward 30707003,NC077,1805,0.6371191135734072,False,7.498315870766981,0.6017312968147537,0.008695652173913044,2021
Northern Cape,Ward 30707004,NC077,1798,0.6062291434927698,False,7.494430215031565,0.609453789334913,0.014678899082568808,2021
Northern Cape,Ward 30707005,NC077,2484,0.605072463768116,False,7.81762544305337,0.6097429592660766,0.01330671989354624,2021
Northern Cape,Ward 30708001,NC078,2507,0.5121659353809334,False,7.826842098158293,0.5362989015817305,0.010903426791277258,2021
Northern Cape,Ward 30708002,NC078,2827,0.4538379908029713,False,7.946971357693591,0.5460202256780575,0.024162120031176928,2021
Northern Cape,Ward 30708003,NC078,2968,0.5768194070080862,False,7.995643604287271,0.525523322977205,0.037383177570093455,2021
Northern Cape,Ward 30708004,NC078,3046,0.628693368351937,False,8.021584533455107,0.5168776627532299,0.020887728459530026,2021
Northern Cape,Ward 30708005,NC078,3032,0.479221635883905,False,8.016977746762262,0.5417896181645686,0.015141087405368204,2021
Northern Cape,Ward 30708006,NC078,2396,0.4724540901502504,False,7.78155595923534,0.542917542453511,0.015901060070671377,2021
Northern Cape,Ward 30708007,NC078,2660,0.6067669172932331,False,7.886081401775745,0.5205320712630139,0.015489467162329617,2021
Northern Cape,Ward 30802001,NC082,2905,0.6161790017211703,False,7.974188669286011,0.6090117649683812,0.01452513966480447,2021
Northern Cape,Ward 30802002,NC082,2625,0.7055238095238096,False,7.872836175025724,0.5990845641014213,0.01673866090712743,2021
Northern Cape,Ward 30802003,NC082,3649,0.5957796656618252,False,8.202208436436448,0.6112783578638639,0.013799448022079117,2021
Northern Cape,Ward 30802004,NC082,2319,0.5454937473048728,False,7.7488913372555315,0.6168656821257475,0.013438735177865613,2021
Northern Cape,Ward 30802005,NC082,3320,0.6641566265060241,False,8.107720061910534,0.603680917770064,0.011337868480725623,2021
Northern Cape,Ward 30802006,NC082,3567,0.6075133165124754,False,8.17948018535889,0.6099746188804583,0.032302722658052604,2021
Northern Cape,Ward 30802007,NC082,3111,0.6695596271295403,False,8.042699496897637,0.6030805843674512,0.026404224675948152,2021
Northern Cape,Ward 30802008,NC082,3628,0.5931642778390298,False,8.196436811235028,0.6115689565108412,0.008828996282527882,2021
Northern Cape,Ward 30802009,NC082,3128,0.670076726342711,False,8.048149101665201,0.6030231288993211,0.009541984732824428,2021
Northern Cape,Ward 30802010,NC082,2594,0.4298380878951426,False,7.860956364876389,0.6297163109490509,0.015246636771300448,2021
Northern Cape,Ward 30804001,NC084,1398,0.6638054363376252,False,7.242797922793756,0.7005721377931419,0.018318965517241378,2021
Northern Cape,Ward 30804002,NC084,1958,0.7400408580183861,False,7.579678823090456,0.6751603305662215,0.004140786749482402,2021
Northern Cape,Ward 30804003,NC084,1927,0.6839647119875454,False,7.563719668414366,0.6938523792431684,0.015174506828528073,2021
Northern Cape,Ward 30804004,NC084,1992,0.677710843373494,False,7.596894438144544,0.6959370021145189,0.025185185185185185,2021
Northern Cape,Ward 30805001,NC085,2788,0.4967718794835007,False,7.933079771880415,0.4952205739945667,0.017328519855595668,2021
Northern Cape,Ward 30805002,NC085,2022,0.420375865479723,False,7.611842399580417,0.5079532429951963,0.018823529411764704,2021
Northern Cape,Ward 30805003,NC085,2782,0.4787922358015816,False,7.930925372483388,0.4982171812748865,0.024774774774774775,2021
Northern Cape,Ward 30805004,NC085,2580,0.5546511627906977,False,7.855544677915663,0.48557402677670053,0.011180992313067784,2021
Northern Cape,Ward 30805005,NC085,2628,0.4668949771689498,False,7.873978379604501,0.5002000577136585,0.05867970660146699,2021
Northern Cape,Ward 30805006,NC085,2547,0.4440518256772673,False,7.842671474979457,0.5040072496289388,0.013262599469496022,2021
Northern Cape,Ward 30805007,NC085,2989,0.6065573770491803,False,8.002694162283937,0.4769229910669534,0.020959735245449532,2021
Northern Cape,Ward 30806001,NC086,1906,0.5131164742917104,False,7.552762084214147,0.4951307090841974,0.028629856850715747,2021
Northern Cape,Ward 30806002,NC086,1505,0.5009966777408638,False,7.316548177182976,0.49917064126781296,0.015915119363395226,2021
Northern Cape,Ward 30806003,NC086,1419,0.4129668780831571,False,7.257707677160043,0.5285139078203819,0.010238907849829351,2021
Northern Cape,Ward 30806004,NC086,2100,0.5714285714285714,False,7.649692623711514,0.4756933433719104,0.021666666666666667,2021
Northern Cape,Ward 30807001,NC087,3754,0.4896110815130527,False,8.230577217146454,0.5358210825697679,0.028291621327529923,2021
Northern Cape,Ward 30807002,NC087,3417,0.5045361428153351,False,8.136518252115291,0.534826078482949,0.024361948955916472,2021
Northern Cape,Ward 30807003,NC087,2982,0.5506371562709591,False,8.000349495324684,0.5317526775859075,0.020706455542021926,2021
Northern Cape,Ward 30807004,NC087,2985,0.5299832495812395,False,8.001355025826703,0.5331296046985554,0.004424778761061947,2021
Northern Cape,Ward 30807005,NC087,4338,0.4661134163208852,False,8.37516869138682,0.537387593582579,0.04648862512363996,2021
Northern Cape,Ward 30807006,NC087,3346,0.4659294680215182,False,8.11552088154677,0.5373998568025369,0.001924310455420141,2021
Northern Cape,Ward 30807007,NC087,3055,0.4900163666121113,False,8.024534871605695,0.535794063563164,0.02738810955243821,2021
Northern Cape,Ward 30807008,NC087,4208,0.5251901140684411,False,8.344742754417545,0.5334491470660754,0.004072398190045249,2021
Northern Cape,Ward 30807009,NC087,3134,0.6636885768985322,False,8.050065422915965,0.5242159162107359,0.004807692307692308,2021
Northern Cape,Ward 30807010,NC087,3379,0.5270790174607872,False,8.12533508671429,0.5333232201732522,0.016844469399213923,2021
Northern Cape,Ward 30807011,NC087,2878,0.4631688672689367,False,7.964850887447313,0.5375838968527089,0.023255813953488372,2021
Northern Cape,Ward 30807012,NC087,3694,0.6072008662696264,False,8.214465160759186,0.5279817635859962,0.017833259028087384,2021
Northern Cape,Ward 30807013,NC087,4391,0.5026189933955819,False,8.387312270561717,0.5349538884442658,0.008155867693701857,2021
Northern Cape,Ward 30807014,NC087,3812,0.6618572927597062,False,8.245909264774093,0.524338001819991,0.008719778042013475,2021
Northern Cape,Ward 30807015,NC087,3328,0.4675480769230769,False,8.1101268019411,0.537291949542433,0.010282776349614395,2021
Northern Cape,Ward 30807016,NC087,3660,0.6117486338797814,False,8.205218426395412,0.5276785790786527,0.013845466726217061,2021
Northern Cape,Ward 30901001,NC091,4205,0.5510107015457788,False,8.344029572407049,0.4852158431820596,0.01812688821752266,2021
Northern Cape,Ward 30901002,NC091,4878,0.4466994669946699,False,8.492490578775866,0.4884755692617818,0.018815970628728775,2021
Northern Cape,Ward 30901003,NC091,4003,0.582063452410692,False,8.294799358992574,0.4842454447175311,0.010300429184549357,2021
Northern Cape,Ward 30901004,NC091,3727,0.4553259994633754,False,8.223358899479258,0.4882059901221347,0.02357100766057749,2021
Northern Cape,Ward 30901005,NC091,3932,0.5030518819938963,False,8.276903481267057,0.486714556293056,0.01314459049544995,2021
Northern Cape,Ward 30901006,NC091,3180,0.4959119496855346,False,8.064636475774222,0.48693767917769226,0.019023462270133164,2021
Northern Cape,Ward 30901007,NC091,3441,0.4812554489973845,False,8.14351740579748,0.487395694824197,0.00966183574879227,2021
Northern Cape,Ward 30901008,NC091,3242,0.4904380012338063,False,8.08394570229562,0.48710874006680877,0.029559748427672956,2021
Northern Cape,Ward 30901009,NC091,4071,0.4450994841562269,False,8.31164394850298,0.48852556872548314,0.012141280353200883,2021
Northern Cape,Ward 30901010,NC091,3290,0.5188449848024316,False,8.098642843759418,0.48622102183028926,0.01757469244288225,2021
Northern Cape,Ward 30901011,NC091,3061,0.4658608297941849,False,8.026496938945412,0.48787677667429696,0.009817671809256662,2021
Northern Cape,Ward 30901012,NC091,3266,0.4595835884874464,False,8.09132127353041,0.48807294046513255,0.014656895403064623,2021
Northern Cape,Ward 30901013,NC091,3422,0.4494447691408533,False,8.137980454452139,0.48838977856971355,0.022756827048114433,2021
Northern Cape,Ward 30901014,NC091,3422,0.5,False,8.137980454452139,0.48680992760536523,0.0058445353594389245,2021
Northern Cape,Ward 30901015,NC091,3265,0.4735068912710566,False,8.09101504171053,0.4876378372531447,0.013583441138421734,2021
Northern Cape,Ward 30901016,NC091,4347,0.4722797331492984,False,8.377241230988792,0.48767618594444967,0.020944958597174865,2021
Northern Cape,Ward 30901017,NC091,3886,0.4637159032424086,False,8.265135629937385,0.48794380562903994,0.013873473917869035,2021
Northern Cape,Ward 30901018,NC091,3279,0.4669106434888685,False,8.095293776844649,0.4878439699963381,0.0045721750489875895,2021
Northern Cape,Ward 30901019,NC091,3361,0.4980660517703064,False,8.119993827725105,0.48687036348754315,0.016726403823178016,2021
Northern Cape,Ward 30901020,NC091,4147,0.4820352061731372,False,8.330140460246382,0.4873713274124547,0.0015007503751875938,2021
Northern Cape,Ward 30901021,NC091,4397,0.4910166022287923,False,8.388677769180811,0.48709065878571545,0.004631773969430292,2021
Northern Cape,Ward 30901022,NC091,4531,0.5279187817258884,False,8.418697944667139,0.4859374656764312,0.015050167224080268,2021
Northern Cape,Ward 30901023,NC091,4254,0.5486600846262342,False,8.355614995760183,0.4852892999607954,0.004284490145672665,2021
Northern Cape,Ward 30901024,NC091,4247,0.6192606545797034,False,8.353968130313271,0.4830830321497495,0.0022813688212927757,2021
Northern Cape,Ward 30901025,NC091,3194,0.4414527238572323,False,8.069029328774958,0.48863952998482674,0.007801418439716312,2021
Northern Cape,Ward 30901026,NC091,6052,0.5308988764044944,False,8.708144074908246,0.4858443377177248,0.011826953003423592,2021
Northern Cape,Ward 30901027,NC091,3735,0.5049531459170014,False,8.225503097566918,0.48665514179545893,0.011134676564156946,2021
Northern Cape,Ward 30901028,NC091,4520,0.5778761061946903,False,8.416267272826277,0.48437629928678116,0.006508422664624809,2021
Northern Cape,Ward 30901029,NC091,3810,0.2965879265091863,False,8.245384468120747,0.49316655490195316,0.02831858407079646,2021
Northern Cape,Ward 30901030,NC091,4092,0.449902248289345,False,8.316789127071518,0.4883754823463232,0.024986420423682782,2021
Northern Cape,Ward 30901031,NC091,4037,0.4429031459004211,False,8.30325712085294,0.48859420429597705,0.022930648769574943,2021
Northern Cape,Ward 30901032,NC091,3888,0.3950617283950617,False,8.265650165580329,0.49008924859301956,0.031901041666666664,2021
Northern Cape,Ward 30901033,NC091,4054,0.5503206709422792,False,8.307459327011946,0.485237406638419,0.02868668758404303,2021
Northern Cape,Ward 30902001,NC092,2652,0.5535444947209653,False,7.883069351305753,0.5689109269199827,0.01226158038147139,2021
Northern Cape,Ward 30902002,NC092,3242,0.5842072794571253,False,8.08394570229562,0.5638004627972893,0.031151003167898626,2021
Northern Cape,Ward 30902003,NC092,2807,0.6319914499465622,False,7.939871576361883,0.5558364343823832,0.02367531003382187,2021
Northern Cape,Ward 30902004,NC092,2863,0.5351030387705205,False,7.959625305098115,0.5719845029117234,0.025456919060052218,2021
Northern Cape,Ward 30902005,NC092,2636,0.5447647951441578,False,7.877017895622398,0.5703742101827839,0.012534818941504178,2021
Northern Cape,Ward 30902006,NC092,2971,0.5476270615954224,False,7.9966538754626075,0.5698971657742398,0.016594960049170254,2021
Northern Cape,Ward 30902007,NC092,2587,0.5697719366061075,False,7.8582541821860294,0.5662063532724589,0.017639077340569877,2021
Northern Cape,Ward 30903001,NC093,2040,0.5397058823529411,False,7.620705086838262,0.518224612046279,0.009082652134423252,2021
Northern Cape,Ward 30903002,NC093,2037,0.5768286696121747,False,7.619233416226805,0.5089439152314705,0.02723404255319149,2021
Northern Cape,Ward 30903003,NC093,1562,0.4468629961587708,False,7.3537223303996315,0.5414353335948215,0.012893982808022923,2021
Northern Cape,Ward 30903004,NC093,2149,0.5323406235458352,False,7.67275789664251,0.5200659267480554,0.013111888111888112,2021
Northern Cape,Ward 30903005,NC093,1838,0.5168661588683352,False,7.516433302915632,0.5239345429174305,0.015789473684210527,2021
Northern Cape,Ward 30904001,NC094,3602,0.4955580233203775,False,8.189244525735901,0.5058342568790294,0.048179271708683476,2021
Northern Cape,Ward 30904002,NC094,3305,0.4544629349470499,False,8.103191752285786,0.5104003778093991,0.020639147802929428,2021
Northern Cape,Ward 30904003,NC094,2728,0.4314516129032258,False,7.911324018963353,0.512957191369824,0.00594732370433305,2021
Northern Cape,Ward 30904004,NC094,2825,0.4892035398230088,False,7.946263643580541,0.5065403106009592,0.023154848046309694,2021
Northern Cape,Ward 30904005,NC094,4122,0.4902959728287239,False,8.324093761450404,0.5064189291558798,0.011875309252845126,2021
Northern Cape,Ward 30904006,NC094,2813,0.5538570920725204,False,7.9420068084898565,0.4993565825732358,0.04043645699614891,2021
Northern Cape,Ward 30904007,NC094,3075,0.5154471544715448,False,8.031060180240619,0.5036243534177886,0.062460567823343846,2021
Northern Cape,Ward 30904008,NC094,2919,0.4898937992463172,False,7.978996370854115,0.5064636151094805,0.013986013986013986,2021
Northern Cape,Ward 30904009,NC094,3312,0.5283816425120773,False,8.10530751550515,0.5021871880799517,0.028,2021
Northern Cape,Ward 30904010,NC094,3708,0.5995145631067961,False,8.218247926685745,0.494283530236094,0.01979307242465137,2021
Northern Cape,Ward 34501001,NC451,3209,0.8557182923028981,False,8.073714641109857,0.485895703651143,0.03860160233066278,2021
Northern Cape,Ward 34501002,NC451,3268,0.5257037943696451,False,8.091933455979893,0.5094681677892325,0.02211874272409779,2021
Northern Cape,Ward 34501003,NC451,3379,0.4714412548091151,False,8.12533508671429,0.5133440634721275,0.060263653483992465,2021
Northern Cape,Ward 34501004,NC451,3698,0.4653866955110871,False,8.21554741194707,0.5137765319934152,0.029633933759442184,2021
Northern Cape,Ward 34501005,NC451,3423,0.4855390008764242,False,8.138272638530186,0.5123370816101768,0.05354993983152828,2021
Northern Cape,Ward 34501006,NC451,3162,0.6445287792536369,False,8.058960017769417,0.5009806688689473,0.02845927379784102,2021
Northern Cape,Ward 34501007,NC451,3618,0.5201768933112216,False,8.193676665955241,0.5098629464362627,0.021253985122210415,2021
Northern Cape,Ward 34501008,NC451,2909,0.5644551392231008,False,7.975564658495202,0.5067002145854141,0.02679658952496955,2021
Northern Cape,Ward 34501009,NC451,3630,0.4322314049586777,False,8.196987927258897,0.516144767032873,0.03123008285532186,2021
Northern Cape,Ward 34501010,NC451,3109,0.4158893534898681,False,8.042056410058754,0.5173120564235022,0.02242846094354215,2021
Northern Cape,Ward 34501011,NC451,3002,0.4953364423717522,False,8.007034012193408,0.5116372643605105,0.028917283120376596,2021
Northern Cape,Ward 34501012,NC451,3318,0.3990355635925256,False,8.10711747075039,0.5185158985590267,0.05060422960725076,2021
Northern Cape,Ward 34501013,NC451,3559,0.4231525709468952,False,8.177234885510194,0.5167932551765718,0.049800796812749,2021
Northern Cape,Ward 34501014,NC451,3413,0.4227951948432464,False,8.135346948906706,0.5168187820411181,0.016632016632016633,2021
Northern Cape,Ward 34501015,NC451,3282,0.5368677635588056,False,8.096208271650037,0.5086707414185782,0.028376844494892167,2021
Northern Cape,Ward 34502001,NC452,3463,0.5264221773029165,False,8.149890544402423,0.4201862422103874,0.009325287986834888,2021
Northern Cape,Ward 34502002,NC452,4147,0.4195804195804196,False,8.330140460246382,0.4284048389582718,0.029885057471264367,2021
Northern Cape,Ward 34502003,NC452,3379,0.3998224326723882,False,8.12533508671429,0.4299246841050435,0.034048852701702444,2021
Northern Cape,Ward 34502004,NC452,3056,0.4456806282722513,False,8.024862150286411,0.4263971305973617,0.023494860499265784,2021
Northern Cape,Ward 34502005,NC452,3268,0.366891064871481,False,8.091933455979893,0.43245786624357474,0.0158465387823186,2021
Northern Cape,Ward 34502006,NC452,3304,0.4963680387409201,False,8.102889134640868,0.4224980990228487,0.020731707317073172,2021
Northern Cape,Ward 34502007,NC452,3276,0.3836996336996337,False,8.09437844497296,0.43116489941063996,0.02386634844868735,2021
Northern Cape,Ward 34502008,NC452,3536,0.3987556561085973,False,8.170751423757535,0.4300067438407197,0.03049645390070922,2021
Northern Cape,Ward 34502009,NC452,2626,0.3754760091393754,False,7.873217054862741,0.4317974859152752,0.010141987829614604,2021
Northern Cape,Ward 34502010,NC452,3509,0.4194927329723568,False,8.163086375583216,0.428411584081969,0.010869565217391304,2021
Northern Cape,Ward 34502011,NC452,3563,0.39264664608476,False,8.178358165605836,0.4304766676887072,0.024303073624017155,2021
Northern Cape,Ward 34502012,NC452,3900,0.4174358974358974,False,8.268731832117737,0.42856980220015817,0.025184275184275184,2021
Northern Cape,Ward 34502013,NC452,3568,0.4551569506726457,False,8.1797604936999,0.42566818272040824,0.017857142857142856,2021
Northern Cape,Ward 34502014,NC452,3378,0.4914150384843102,False,8.125039097367745,0.42287909904258797,0.029518072289156625,2021
Northern Cape,Ward 34503001,NC453,3191,0.5531181447821999,False,8.068089626278244,0.5255446985451329,0.0011331444759206798,2021
Northern Cape,Ward 34503002,NC453,1946,0.6027749229188079,False,7.57353126274595,0.5172685688556983,0.015345268542199489,2021
Northern Cape,Ward 34503003,NC453,2034,0.5722713864306784,False,7.617759576608505,0.5223524916037198,0.010309278350515464,2021
Northern Cape,Ward 34503004,NC453,3465,0.6571428571428571,False,8.150467911624004,0.5082072464850234,0.010101010101010102,2021
Northern Cape,Ward 34503005,NC453,4524,0.3457117595048629,False,8.41715183723601,0.560112429424689,0.021099744245524295,2021
Northern Cape,Ward 34503006,NC453,3193,0.4982774819918572,False,8.068716192714781,0.53468480901019,0.011942174732872407,2021
Northern Cape,Ward 34503007,NC453,3230,0.4770897832817337,False,8.080237416216702,0.5382160921285439,0.01881894873458793,2021
Western Cape,Ward 19100001,CPT,15635,0.6475855452510393,True,9.65726726989194,0.4635033388717061,0.001382716049382716,2021
Western Cape,Ward 19100002,CPT,20838,0.5885401670025914,True,9.94453352197213,0.46401677694343174,0.006930854533594259,2021
Western Cape,Ward 19100003,CPT,15898,0.6265567995974336,True,9.673948594133059,0.4636861975295636,0.004718401766890874,2021
Western Cape,Ward 19100004,CPT,15091,0.4429129945000331,True,9.62185381861855,0.4652831001825844,0.01002393776181927,2021
Western Cape,Ward 19100005,CPT,23528,0.6195596735804149,True,10.065946480233832,0.4637470421036246,0.003155656170679838,2021
Western Cape,Ward 19100006,CPT,18129,0.3336091345358266,True,9.805268145029668,0.46623356853009923,0.01455026455026455,2021
Western Cape,Ward 19100007,CPT,16835,0.4822690822690822,True,9.731215331595175,0.46494087333241874,0.00615839389087326,2021
Western Cape,Ward 19100008,CPT,20877,0.595775255065383,True,9.94640335351296,0.46395386313419007,0.003055153561665863,2021
Western Cape,Ward 19100009,CPT,17153,0.407100798694106,True,9.749928364409826,0.46559451058089685,0.007733066017471001,2021
Western Cape,Ward 19100010,CPT,16882,0.4699680132685701,True,9.734003244543665,0.4650478391498145,0.009957146458280816,2021
Western Cape,Ward 19100011,CPT,19752,0.5450587282300526,True,9.891010031025015,0.464394876411019,0.0124465911201932,2021
Western Cape,Ward 19100012,CPT,15763,0.4574636807714267,True,9.665420700626543,0.46515657247587666,0.007627236166967134,2021
Western Cape,Ward 19100013,CPT,16230,0.3756623536660505,True,9.694616660508636,0.4658678883637495,0.009512875184516975,2021
Western Cape,Ward 19100014,CPT,18845,0.4406473865746882,True,9.844002905701236,0.46530280112106565,0.00939306358381503,2021
Western Cape,Ward 19100015,CPT,19473,0.6837672674985877,True,9.876784169701578,0.4631887151999883,0.006083364626361247,2021
Western Cape,Ward 19100016,CPT,15930,0.4034526051475204,True,9.675959402904095,0.46562623400304104,0.02178310253617551,2021
Western Cape,Ward 19100017,CPT,17753,0.4807638145665521,True,9.784309794706799,0.4649539626167886,0.00562390158172232,2021
Western Cape,Ward 19100018,CPT,16275,0.3536712749615975,True,9.69738546707677,0.4660591151350925,0.024322446143154968,2021
Western Cape,Ward 19100019,CPT,19314,0.3988298643471057,True,9.868585500526864,0.4656664317491316,0.013631052836557186,2021
Western Cape,Ward 19100020,CPT,15090,0.3548707753479125,True,9.621787551761894,0.46604868469695065,0.00784313725490196,2021
Western Cape,Ward 19100021,CPT,16798,0.6665674485057745,True,9.729015110685573,0.46333827884340406,0.00455479146199875,2021
Western Cape,Ward 19100022,CPT,16360,0.4868581907090464,True,9.702594610156739,0.4649009680416365,0.011927181418706842,2021
Western Cape,Ward 19100023,CPT,19228,0.6162887455793634,True,9.864122829013851,0.4637754849558076,0.005485232067510549,2021
Western Cape,Ward 19100024,CPT,13868,0.3179982693971733,True,9.537339306804913,0.46636931518347885,0.017913832199546485,2021
Western Cape,Ward 19100025,CPT,18791,0.4620296950667873,True,9.841133310789152,0.465116868003743,0.007717115871918913,2021
Western Cape,Ward 19100026,CPT,13366,0.4734400718240311,True,9.500469448071016,0.4650176473362888,0.01754108723135272,2021
Western Cape,Ward 19100027,CPT,15273,0.5581090813854515,True,9.633841842570446,0.46428139507923294,0.00340215861098076,2021
Western Cape,Ward 19100028,CPT,18524,0.5007557762902181,True,9.826822467600643,0.4647801194713654,0.008085381630012937,2021
Western Cape,Ward 19100029,CPT,16378,0.4769202588838686,True,9.703694249830134,0.4649873848401163,0.008705671488925874,2021
Western Cape,Ward 19100030,CPT,16481,0.4371093987015351,True,9.70996348123418,0.4653335662330061,0.013187118267629095,2021
Western Cape,Ward 19100031,CPT,18704,0.4532720273738237,True,9.83649268371185,0.4651930216358558,0.011913187072422742,2021
Western Cape,Ward 19100032,CPT,19232,0.3943947587354409,True,9.864330837334935,0.4657049978848852,0.00896506262359921,2021
Western Cape,Ward 19100033,CPT,16925,0.3021565731166913,True,9.736547097780475,0.4665070690641787,0.014078998826750098,2021
Western Cape,Ward 19100034,CPT,17103,0.3359059814067707,True,9.74700916569969,0.4662135959486128,0.02628372497824195,2021
Western Cape,Ward 19100035,CPT,18288,0.2755905511811024,True,9.814000386034591,0.4667380779505751,0.026984126984126985,2021
Western Cape,Ward 19100036,CPT,15449,0.369797397889831,True,9.64529955531205,0.46591888797919484,0.014003150708909505,2021
Western Cape,Ward 19100037,CPT,17540,0.3432155074116305,True,9.772239265926174,0.46615003485291834,0.0473421926910299,2021
Western Cape,Ward 19100038,CPT,16415,0.3848309473042948,True,9.705950829935693,0.46578816146254737,0.01519708722494855,2021
Western Cape,Ward 19100039,CPT,15804,0.3554796254112883,True,9.66801835153128,0.46604339034857345,0.017087931648273408,2021
Western Cape,Ward 19100040,CPT,18049,0.324062274918278,True,9.800845560564248,0.46631658470068665,0.016584031458368953,2021
Western Cape,Ward 19100041,CPT,15020,0.361051930758988,True,9.617137925318126,0.465994935519463,0.014751982297621242,2021
Western Cape,Ward 19100042,CPT,16385,0.4784864205065608,True,9.704121561132915,0.4649737660433972,0.015561224489795918,2021
Western Cape,Ward 19100043,CPT,18496,0.5001081314878892,True,9.825309771472105,0.4647857511652987,0.010162162162162163,2021
Western Cape,Ward 19100044,CPT,14889,0.4734367653972731,True,9.608377964255551,0.4650176760878258,0.012909632571996028,2021
Western Cape,Ward 19100045,CPT,11673,0.4166024158314058,True,9.365033761652663,0.46551188782318115,0.016039481801357187,2021
Western Cape,Ward 19100046,CPT,18177,0.4812675358970127,True,9.807912337613098,0.46494958243130635,0.010631001371742112,2021
Western Cape,Ward 19100047,CPT,16018,0.4734049194656012,True,9.681468368883628,0.46501795300897075,0.016879862851114334,2021
Western Cape,Ward 19100048,CPT,13409,0.52904765456037,True,9.503681402279643,0.46453410313858146,0.02255427121511136,2021
Western Cape,Ward 19100049,CPT,15600,0.5183333333333333,True,9.655026193237628,0.4646272711492514,0.010140984417511748,2021
Western Cape,Ward 19100050,CPT,14671,0.5042601049689864,True,9.593628035139645,0.46474964704807176,0.008380643417139767,2021
Western Cape,Ward 19100051,CPT,14840,0.3954177897574124,True,9.605081516721372,0.465696101962955,0.01550783912747103,2021
Western Cape,Ward 19100052,CPT,15265,0.3057320668195218,True,9.633317905168978,0.4664759778145888,0.03792586243839726,2021
Western Cape,Ward 19100053,CPT,14676,0.6148814390842191,True,9.593968785475173,0.46378772240359145,0.0036569148936170214,2021
Western Cape,Ward 19100054,CPT,19515,0.5105303612605688,True,9.878938679614715,0.46469512308031885,0.0035129980929438924,2021
Western Cape,Ward 19100055,CPT,15798,0.5434232181288771,True,9.667638628724365,0.46440909823798576,0.01094933022714036,2021
Western Cape,Ward 19100056,CPT,16033,0.4693444770161541,True,9.682404377188837,0.46505326120418333,0.0031893687707641198,2021
Western Cape,Ward 19100057,CPT,19135,0.3788345962895218,True,9.859274397859803,0.4658403036452845,0.011863705338667402,2021
Western Cape,Ward 19100058,CPT,19814,0.57888361764409,True,9.894144037532975,0.46410074693785347,0.004795117698343505,2021
Western Cape,Ward 19100059,CPT,19637,0.4919285023170545,True,9.885170820750231,0.4648568783754799,0.009006211180124223,2021
Western Cape,Ward 19100060,CPT,14717,0.5635659441462254,True,9.596758567164112,0.46423394409870444,0.006872437906920666,2021
Western Cape,Ward 19100061,CPT,16543,0.5028713050837212,True,9.713718330607016,0.4647617235688132,0.01033778098329126,2021
Western Cape,Ward 19100062,CPT,15822,0.5800783718872456,True,9.669156655581341,0.46409035777052166,0.005447809980387884,2021
Western Cape,Ward 19100063,CPT,16381,0.5527745558879189,True,9.703877405604631,0.46432778225747234,0.005521811154058531,2021
Western Cape,Ward 19100064,CPT,19786,0.5796522793894673,True,9.892729895883168,0.4640940629226763,0.004708344232278315,2021
Western Cape,Ward 19100065,CPT,18608,0.4891981943250215,True,9.831346874758445,0.46488062018410625,0.028891574206305615,2021
Western Cape,Ward 19100066,CPT,16526,0.6246520634152245,True,9.71269017726113,0.46370276045288705,0.036811004552940035,2021
Western Cape,Ward 19100067,CPT,15626,0.4826571099449635,True,9.65669147255669,0.4649374991787154,0.011535401750198886,2021
Western Cape,Ward 19100068,CPT,14852,0.5195259897656881,True,9.60588981529697,0.4646169002237526,0.007646448937273198,2021
Western Cape,Ward 19100069,CPT,18763,0.5113254809998401,True,9.839642124487375,0.46468820899562957,0.007713154054617469,2021
Western Cape,Ward 19100070,CPT,18215,0.6580290968981608,True,9.810000709442663,0.4634125253791224,0.0024194894043050225,2021
Western Cape,Ward 19100071,CPT,15518,0.5521974481247583,True,9.649755919453895,0.46433280058584764,0.010036176916793092,2021
Western Cape,Ward 19100072,CPT,13722,0.6081475003643784,True,9.526755663250837,0.4638462783924596,0.007429598562013182,2021
Western Cape,Ward 19100073,CPT,14561,0.6084746926722066,True,9.586102000710904,0.4638434332419568,0.00327313769751693,2021
Western Cape,Ward 19100074,CPT,17235,0.4453147664635915,True,9.754697478950966,0.46526221520898825,0.007817589576547232,2021
Western Cape,Ward 19100075,CPT,16438,0.5187370726365738,True,9.707351006708445,0.4646237603727014,0.009616512255189398,2021
Western Cape,Ward 19100076,CPT,15782,0.4629958180205297,True,9.666625329080981,0.4651084669345801,0.008074449158341317,2021
Western Cape,Ward 19100077,CPT,18766,0.5288287328146648,True,9.839802000849994,0.46453600680593543,0.006952841596130592,2021
Western Cape,Ward 19100078,CPT,15053,0.5253437852919683,True,9.619332585860503,0.46456631069743715,0.01112797167425392,2021
Western Cape,Ward 19100079,CPT,14406,0.5038872691933917,True,9.575400065449308,0.4647528890982943,0.013087202093952335,2021
Western Cape,Ward 19100080,CPT,17997,0.3278324165138634,True,9.797960356321203,0.466283800860725,0.014745762711864407,2021
Western Cape,Ward 19100081,CPT,14132,0.5429521652986131,True,9.556197008479035,0.46441319434955325,0.004431122116512446,2021
Western Cape,Ward 19100082,CPT,13173,0.451985121080999,True,9.485924559229828,0.46520421212535856,0.011252939200537453,2021
Western Cape,Ward 19100083,CPT,18398,0.6449614088487879,True,9.819997242037102,0.46352615744911696,0.004719366256531266,2021
Western Cape,Ward 19100084,CPT,19475,0.5606161745827984,True,9.876886870738948,0.46425959426882124,0.005770287598461257,2021
Western Cape,Ward 19100085,CPT,19347,0.4190830619734326,True,9.870292647678488,0.46549031698716353,0.013936852491366551,2021
Western Cape,Ward 19100086,CPT,16916,0.3412745329865216,True,9.73601519859238,0.4661669128913975,0.013684392863329292,2021
Western Cape,Ward 19100087,CPT,14708,0.3834647810715257,True,9.596146842421163,0.46580004116891927,0.01950354609929078,2021
Western Cape,Ward 19100088,CPT,18040,0.3345343680709534,True,9.800346793616615,0.46622552302109815,0.020381110190555097,2021
Western Cape,Ward 19100089,CPT,15495,0.3301710229106163,True,9.648272670221848,0.46626346515292716,0.026778733385457387,2021
Western Cape,Ward 19100090,CPT,13066,0.346395224246135,True,9.477768715400696,0.46612238514131393,0.02209456473707468,2021
Western Cape,Ward 19100091,CPT,14668,0.3622852467957458,True,9.593423529191217,0.4659842110321869,0.017877305231464056,2021
Western Cape,Ward 19100092,CPT,17604,0.4172915246534878,True,9.775881427930981,0.4655058955725544,0.018785733732643615,2021
Western Cape,Ward 19100093,CPT,15134,0.348685079952425,True,9.624699147254466,0.4661024733525636,0.015539132082622703,2021
Western Cape,Ward 19100094,CPT,15202,0.3540323641626102,True,9.629182277125986,0.4660559752289968,0.011519881085098476,2021
Western Cape,Ward 19100095,CPT,22171,0.3602453655676333,True,10.00654040759221,0.4660019491298226,0.010266683360460748,2021
Western Cape,Ward 19100096,CPT,18907,0.3216798011318559,True,9.847287502847928,0.4663373018640468,0.030582045379809273,2021
Western Cape,Ward 19100097,CPT,16735,0.3586495368987152,True,9.725257613645427,0.4660158259008567,0.01866044651782739,2021
Western Cape,Ward 19100098,CPT,18648,0.3303303303303303,True,9.833494180715594,0.4662620798710166,0.02159090909090909,2021
Western Cape,Ward 19100099,CPT,18644,0.3255739111778588,True,9.833279657492632,0.46630344003755986,0.029983525535420098,2021
Western Cape,Ward 19100100,CPT,19837,0.4283913898270908,True,9.89530415972811,0.46540937500582735,0.03424335137679454,2021
Western Cape,Ward 19100101,CPT,19581,0.3351207803482968,True,9.882314987303326,0.4662204237839038,0.015696434014020117,2021
Western Cape,Ward 19100102,CPT,16404,0.6041209461107047,True,9.705280486511949,0.463881291907709,0.003935418768920283,2021
Western Cape,Ward 19100103,CPT,18890,0.6789306511381683,True,9.846387960495555,0.4632307727335572,0.002807017543859649,2021
Western Cape,Ward 19100104,CPT,15809,0.3125434878866468,True,9.668334677096187,0.46641674806617905,0.018012548067192876,2021
Western Cape,Ward 19100105,CPT,16886,0.4992301314698567,True,9.734240155229445,0.4647933859480642,0.009252669039145907,2021
Western Cape,Ward 19100106,CPT,16776,0.322484501669051,True,9.727704572581755,0.46633030446807117,0.011275415896487985,2021
Western Cape,Ward 19100107,CPT,20779,0.5490639588045623,True,9.94169814029988,0.4643600483190668,0.004382505039880796,2021
Western Cape,Ward 19100108,CPT,17472,0.3607486263736263,True,9.768354878544631,0.465997572948901,0.008726003490401396,2021
Western Cape,Ward 19100109,CPT,19197,0.4389748398187216,True,9.86250929580757,0.46531734500590016,0.02931054942446897,2021
Western Cape,Ward 19100110,CPT,16796,0.4791021671826625,True,9.728896041804084,0.4649684117244746,0.006089225798434199,2021
Western Cape,Ward 19100111,CPT,19806,0.4863677673432293,True,9.893740201081249,0.46490523259264355,0.015467663240942594,2021
Western Cape,Ward 19100112,CPT,16863,0.6517820079463915,True,9.732877151670184,0.46346684789174647,0.004185242471112728,2021
Western Cape,Ward 19100113,CPT,16523,0.5735641227380016,True,9.71250862865099,0.46414700341529774,0.0049593753297457,2021
Western Cape,Ward 19100114,CPT,21997,0.355957630585989,True,9.998661359405723,0.4660392337818369,0.014176245210727969,2021
Western Cape,Ward 19100115,CPT,15341,0.447298090085392,True,9.638284261844774,0.46524496891662476,0.006703584960652871,2021
Western Cape,Ward 19100116,CPT,16053,0.4786644240951847,True,9.683651026979414,0.4649722181861048,0.011712649661634565,2021
Western Cape,Ward 10101001,WC011,3856,0.5365663900414938,False,8.257385655730436,0.5399968540933336,0.01208313194780087,2021
Western Cape,Ward 10101002,WC011,3884,0.6078784757981462,False,8.264620829411216,0.5298094132709548,0.011859381617958492,2021
Western Cape,Ward 10101003,WC011,4096,0.4443359375,False,8.317766166719343,0.5531726330278328,0.03131868131868132,2021
Western Cape,Ward 10101004,WC011,4560,0.4785087719298245,False,8.425077902508432,0.5482907995378579,0.005499541704857928,2021
Western Cape,Ward 10101005,WC011,3421,0.5173925752703887,False,8.137688184977605,0.5427359704892059,0.010734463276836158,2021
Western Cape,Ward 10101006,WC011,4225,0.5718343195266272,False,8.348774539791274,0.5349585784526003,0.015728476821192054,2021
Western Cape,Ward 10101007,WC011,4062,0.5888724766125062,False,8.30943074214033,0.5325245560117605,0.010451505016722408,2021
Western Cape,Ward 10101008,WC011,3661,0.5711554220158427,False,8.205491613120236,0.5350555638112838,0.009086561453849833,2021
Western Cape,Ward 10102001,WC012,4545,0.4798679867986798,False,8.421783006611578,0.5612962380196631,0.014213663457129757,2021
Western Cape,Ward 10102002,WC012,5015,0.5519441674975075,False,8.520188700396035,0.5468810018798975,0.006141618497109827,2021
Western Cape,Ward 10102003,WC012,5385,0.5595171773444754,False,8.591372589590488,0.545366399910504,0.0,2021
Western Cape,Ward 10102004,WC012,4410,0.609297052154195,False,8.391629968440892,0.5354104249485601,0.01042054335690361,2021
Western Cape,Ward 10102005,WC012,4056,0.6116863905325444,False,8.30795254527102,0.5349325572728902,0.0,2021
Western Cape,Ward 10102006,WC012,3736,0.4740364025695932,False,8.225770799348734,0.5624625548654805,0.002258610954263128,2021
Western Cape,Ward 10103001,WC013,3546,0.5256627185561196,False,8.173575486634153,0.5494883630231765,0.008047210300429184,2021
Western Cape,Ward 10103002,WC013,3759,0.5368449055599893,False,8.231908243564177,0.5476246651891982,0.007433102081268583,2021
Western Cape,Ward 10103003,WC013,3701,0.5160767360172926,False,8.216358332386156,0.5510860267796476,0.005759162303664921,2021
Western Cape,Ward 10103004,WC013,4370,0.4892448512585812,False,8.382518288089635,0.5555580075727662,0.01216089803554724,2021
Western Cape,Ward 10103005,WC013,3880,0.5319587628865979,False,8.263590432617319,0.54843902230143,0.006298449612403101,2021
Western Cape,Ward 10103006,WC013,4479,0.5691002455905336,False,8.4071550862073,0.5422487751841074,0.00823852491173009,2021
Western Cape,Ward 10103007,WC013,3806,0.6537046768260641,False,8.244334047856094,0.5281480366448523,0.0044212218649517685,2021
Western Cape,Ward 10104001,WC014,5098,0.4807767752059631,False,8.53660358493606,0.5153967820589309,0.016727866177070585,2021
Western Cape,Ward 10104002,WC014,4999,0.4096819363872774,False,8.51699317141357,0.5208656158142145,0.01220703125,2021
Western Cape,Ward 10104003,WC014,3406,0.4492072812683499,False,8.133293861222633,0.5178252046695165,0.00522875816993464,2021
Western Cape,Ward 10104004,WC014,4225,0.5247337278106509,False,8.348774539791274,0.5120154780124164,0.005412719891745603,2021
Western Cape,Ward 10104005,WC014,3535,0.5541725601131542,False,8.170468578330674,0.5097509524506855,0.0005104645227156713,2021
Western Cape,Ward 10104006,WC014,4791,0.5871425589647256,False,8.474494436883122,0.5072147986928723,0.004265908282971916,2021
Western Cape,Ward 10104007,WC014,4293,0.568600046587468,False,8.36474106822456,0.5086411457988151,0.010241704219582138,2021
Western Cape,Ward 10104008,WC014,3956,0.5366531850353893,False,8.282988692742602,0.5110985966874366,0.0018841262364578427,2021
Western Cape,Ward 10104009,WC014,4263,0.4391273750879662,False,8.35772841676521,0.5186005820680076,0.03258547008547009,2021
Western Cape,Ward 10104010,WC014,4699,0.5064907427112152,False,8.455104999102815,0.513418784558527,0.0063025210084033615,2021
Western Cape,Ward 10104011,WC014,4223,0.5699739521667061,False,8.348301054933943,0.5085354607542584,0.004985459077690071,2021
Western Cape,Ward 10104012,WC014,4792,0.5025041736227045,False,8.474703139795285,0.5137254437191816,0.008305647840531562,2021
Western Cape,Ward 10104013,WC014,5323,0.4484313357129438,False,8.579792333172758,0.5178848927891632,0.005865102639296188,2021
Western Cape,Ward 10104014,WC014,3838,0.6034392912975508,False,8.252706676567644,0.5059612038980396,0.0030224525043177895,2021
Western Cape,Ward 10105001,WC015,3853,0.4889696340513885,False,8.256607344626158,0.47562409858215965,0.0037154989384288748,2021
Western Cape,Ward 10105002,WC015,4331,0.4255368275225121,False,8.373553741214627,0.48139071735751204,0.007596310363537711,2021
Western Cape,Ward 10105003,WC015,3541,0.4789607455521039,False,8.172164452111904,0.47653399753664,0.033608490566037735,2021
Western Cape,Ward 10105004,WC015,3927,0.4466513878278584,False,8.27563105457801,0.47947121187520786,0.011402508551881414,2021
Western Cape,Ward 10105005,WC015,4348,0.6067157313707452,False,8.3774712482411,0.4649199079167636,0.00530705079605762,2021
Western Cape,Ward 10105006,WC015,3915,0.448786717752235,False,8.272570608424903,0.47927709097299176,0.010813887307911212,2021
Western Cape,Ward 10105007,WC015,4451,0.4926982700516737,False,8.400884069015854,0.4752851316730428,0.013679890560875513,2021
Western Cape,Ward 10105008,WC015,3747,0.5537763544168668,False,8.228710798793687,0.46973257854893435,0.0033734939759036144,2021
Western Cape,Ward 10105009,WC015,4800,0.3497916666666666,False,8.476371196895983,0.4882766410716798,0.014889815366289458,2021
Western Cape,Ward 10105010,WC015,4541,0.6003083021360933,False,8.420902531097951,0.4655024014835501,0.011005135730007337,2021
Western Cape,Ward 10105011,WC015,4289,0.3993937980881324,False,8.36380888451688,0.4837673563970011,0.0099241097489784,2021
Western Cape,Ward 10105012,WC015,4028,0.4292452830188679,False,8.301025253838453,0.4810535850396615,0.012724117987275883,2021
Western Cape,Ward 10202001,WC022,3614,0.4125622578859989,False,8.192570471152173,0.4301386923171361,0.01609657947686117,2021
Western Cape,Ward 10202002,WC022,4381,0.4880164346039717,False,8.385032287813898,0.42327922170641136,0.010757717492984098,2021
Western Cape,Ward 10202003,WC022,3679,0.4824680619733623,False,8.210396255104774,0.4237836192182849,0.004507042253521127,2021
Western Cape,Ward 10202004,WC022,3882,0.440236991241628,False,8.264105763728956,0.4276228074666244,0.010532475131655939,2021
Western Cape,Ward 10202005,WC022,3981,0.4820396885204722,False,8.289288323000317,0.42382256225945675,0.008337675872850442,2021
Western Cape,Ward 10202006,WC022,4225,0.4111242603550296,False,8.348774539791274,0.430269419365406,0.0,2021
Western Cape,Ward 10202007,WC022,4133,0.5117348173239777,False,8.326758814511733,0.42112300509550166,0.0018912529550827422,2021
Western Cape,Ward 10202008,WC022,3939,0.343995938055344,False,8.278682162970906,0.4363719941199229,0.023616236162361623,2021
Western Cape,Ward 10202009,WC022,3692,0.3128385698808234,False,8.213923595622743,0.4392044821357884,0.0329004329004329,2021
Western Cape,Ward 10202010,WC022,4000,0.35375,False,8.294049640102028,0.4354852612158633,0.022614840989399292,2021
Western Cape,Ward 10202011,WC022,4371,0.515442690459849,False,8.382747094863314,0.4207859257195134,0.016866400355082113,2021
Western Cape,Ward 10202012,WC022,3201,0.3898781630740394,False,8.071218539969863,0.432200882754587,0.009615384615384616,2021
Western Cape,Ward 10203001,WC023,4451,0.4612446641204223,False,8.400884069015854,0.512028404163458,0.015586945932781296,2021
Western Cape,Ward 10203002,WC023,4120,0.7148058252427184,False,8.323608442343572,0.5041046178783862,0.0013582342954159593,2021
Western Cape,Ward 10203003,WC023,4557,0.5053763440860215,False,8.424419791263883,0.510649289164533,0.005210594876248371,2021
Western Cape,Ward 10203004,WC023,4539,0.6754791804362195,False,8.420462002456466,0.5053335755285893,0.0019569471624266144,2021
Western Cape,Ward 10203005,WC023,3967,0.413158558104361,False,8.28576542051433,0.5135310949764599,0.01586333129957291,2021
Western Cape,Ward 10203006,WC023,3575,0.4226573426573426,False,8.181720455128108,0.5132342579591792,0.01654533421575116,2021
Western Cape,Ward 10203007,WC023,3635,0.4632737276478679,False,8.19836438996762,0.5119649959282253,0.008907363420427554,2021
Western Cape,Ward 10203008,WC023,3764,0.4117959617428268,False,8.23323750070527,0.5135736761127578,0.01806451612903226,2021
Western Cape,Ward 10203009,WC023,4034,0.4474467030242935,False,8.302513718514158,0.5124595904477119,0.009418282548476454,2021
Western Cape,Ward 10203010,WC023,3283,0.5102040816326531,False,8.096512917501594,0.5104984223662007,0.008955223880597015,2021
Western Cape,Ward 10203011,WC023,3945,0.5313054499366286,False,8.280204233279974,0.5098390046067015,0.007633587786259542,2021
Western Cape,Ward 10203012,WC023,3641,0.4625102993683054,False,8.200013648175434,0.5119888530619616,0.005344418052256532,2021
Western Cape,Ward 10203013,WC023,3126,0.4686500319897633,False,8.047509510981422,0.511796986417541,0.012286689419795221,2021
Western Cape,Ward 10203014,WC023,4934,0.4077827320632347,False,8.503905297089302,0.513699089540245,0.01242544731610338,2021
Western Cape,Ward 10203015,WC023,4198,0.6560266793711291,False,8.342363500380579,0.5059414661868733,0.0018155410312273058,2021
Western Cape,Ward 10203016,WC023,4748,0.3483572030328559,False,8.465478755729558,0.5155561373224444,0.008464328899637243,2021
Western Cape,Ward 10203017,WC023,4299,0.6601535240753663,False,8.366137716496281,0.505812502289866,0.00810429880197322,2021
Western Cape,Ward 10203018,WC023,5434,0.4775487670224512,False,8.600430789986293,0.5115189009477695,0.007707129094412331,2021
Western Cape,Ward 10203019,WC023,4100,0.6480487804878049,False,8.318742252692399,0.5061907755269772,0.003387278885961611,2021
Western Cape,Ward 10203020,WC023,3752,0.4973347547974414,False,8.230044310126114,0.510900588829801,0.00964630225080386,2021
Western Cape,Ward 10203021,WC023,3771,0.4712277910368602,False,8.235095497258357,0.5117164314473193,0.004501969611705121,2021
Western Cape,Ward 10203022,WC023,4043,0.5008656937917388,False,8.304742269640771,0.5107902469862293,0.006913580246913581,2021
Western Cape,Ward 10203023,WC023,2744,0.6184402332361516,False,7.917171988845776,0.5071160426285914,0.0058927519151443725,2021
Western Cape,Ward 10203024,WC023,3296,0.4189927184466019,False,8.100464891029363,0.5133487774657648,0.01448225923244026,2021
Western Cape,Ward 10203025,WC023,3636,0.5165016501650165,False,8.19863945529737,0.5103016233495644,0.005857294994675187,2021
Western Cape,Ward 10203026,WC023,4466,0.4664128974473802,False,8.404248432400102,0.5118668968719905,0.029764762361977917,2021
Western Cape,Ward 10203027,WC023,3972,0.4841389728096676,False,8.287025025165063,0.511312957016919,0.009880395215808632,2021
Western Cape,Ward 10203028,WC023,4699,0.5224515854437114,False,8.455104999102815,0.5101156878721052,0.004887983706720978,2021
Western Cape,Ward 10203029,WC023,4208,0.5791349809885932,False,8.344742754417545,0.5083443317613277,0.004513746409519901,2021
Western Cape,Ward 10203030,WC023,3851,0.5151908595170086,False,8.25608813381491,0.5103425855573146,0.008064516129032258,2021
Western Cape,Ward 10203031,WC023,3492,0.5392325315005727,False,8.158229916959494,0.5095912833078282,0.009028146574614976,2021
Western Cape,Ward 10203032,WC023,4253,0.4479191159181754,False,8.355379895253634,0.5124448275447782,0.007874015748031496,2021
Western Cape,Ward 10203033,WC023,2649,0.5824839562098906,False,7.88193748927207,0.508239676285662,0.013609850939727802,2021
Western Cape,Ward 10204001,WC024,4227,0.4407381121362668,False,8.34924780056679,0.460146812600775,0.005367686527106817,2021
Western Cape,Ward 10204002,WC024,4859,0.4488577896686561,False,8.488587934405903,0.4597601612897088,0.0,2021
Western Cape,Ward 10204003,WC024,3460,0.4046242774566474,False,8.14902386805177,0.46186651901409015,0.023571428571428573,2021
Western Cape,Ward 10204004,WC024,4472,0.5516547406082289,False,8.405591014834934,0.4548650683878244,0.008107012565869477,2021
Western Cape,Ward 10204005,WC024,3349,0.4938787697820245,False,8.116417072794205,0.4576163050938341,0.024788391777509067,2021
Western Cape,Ward 10204006,WC024,3133,0.4506862432173635,False,8.049746290952191,0.4596730920731037,0.00141643059490085,2021
Western Cape,Ward 10204007,WC024,4265,0.5317702227432591,False,8.35819745992578,0.45581195019091825,0.004409171075837742,2021
Western Cape,Ward 10204008,WC024,5559,0.3326137794567368,False,8.62317351495347,0.46529559034741924,0.0,2021
Western Cape,Ward 10204009,WC024,2521,0.4038080126933756,False,7.83241092718792,0.4619053887647222,0.004911591355599214,2021
Western Cape,Ward 10204010,WC024,4422,0.3550429669832655,False,8.394347361417392,0.46422753379853693,0.0044585987261146496,2021
Western Cape,Ward 10204011,WC024,4014,0.5104633781763827,False,8.297543529356284,0.45682656183695997,0.005856515373352855,2021
Western Cape,Ward 10204012,WC024,5826,0.3529007895640233,False,8.67008593751938,0.4643295422470723,0.014105058365758755,2021
Western Cape,Ward 10204013,WC024,3096,0.3811369509043927,False,8.037866234709618,0.4629849631356261,0.0788135593220339,2021
Western Cape,Ward 10204014,WC024,4094,0.373229115779189,False,8.317277766221235,0.4633615267130168,0.012434554973821989,2021
Western Cape,Ward 10204015,WC024,5029,0.3461920859017697,False,8.522976436171964,0.46464900432622724,0.07466973004020677,2021
Western Cape,Ward 10204016,WC024,4584,0.4288830715532286,False,8.430327258394575,0.46071133834282446,0.013733468972533061,2021
Western Cape,Ward 10204017,WC024,5014,0.5580374950139609,False,8.519989278718239,0.45456112770183715,0.001072194424588992,2021
Western Cape,Ward 10204018,WC024,5179,0.4072214713265109,False,8.552367266423891,0.4617428431155253,0.007112375533428165,2021
Western Cape,Ward 10204019,WC024,3785,0.4816380449141347,False,8.23880116587155,0.45819919675420984,0.006582556226001097,2021
Western Cape,Ward 10204020,WC024,4042,0.5111331024245424,False,8.304494897963567,0.45679467020609515,0.010648596321393998,2021
Western Cape,Ward 10204021,WC024,4954,0.6677432377876463,False,8.507950610049305,0.44933704471261404,0.007255139056831923,2021
Western Cape,Ward 10204022,WC024,4421,0.6715675186609364,False,8.394121193826242,0.4491549360996003,0.00370495116200741,2021
Western Cape,Ward 10205001,WC025,3813,0.5709415158667716,False,8.246171559857563,0.4728318385779452,0.005512172714745062,2021
Western Cape,Ward 10205002,WC025,3958,0.3612935826174835,False,8.28349412616251,0.48331423524040956,0.022377622377622378,2021
Western Cape,Ward 10205003,WC025,3697,0.4176359210170408,False,8.215276958936633,0.4804971183204317,0.005829015544041451,2021
Western Cape,Ward 10205004,WC025,4358,0.4678751720972923,False,8.379768515504566,0.4779851557664191,0.010789602746444336,2021
Western Cape,Ward 10205005,WC025,3877,0.4779468661336085,False,8.262816937670928,0.4774815710646033,0.010793308148947653,2021
Western Cape,Ward 10205006,WC025,3501,0.6578120536989431,False,8.160803920954665,0.46848831168633653,0.0,2021
Western Cape,Ward 10205007,WC025,3490,0.6573065902578796,False,8.157657015196472,0.46851358485838973,0.0008718395815170009,2021
Western Cape,Ward 10205008,WC025,3623,0.4234060171128899,False,8.195057690895077,0.4802086135156392,0.009126466753585397,2021
Western Cape,Ward 10205009,WC025,3479,0.4607645875251509,False,8.154500175151941,0.47834068499502613,0.008733624454148471,2021
Western Cape,Ward 10205010,WC025,4090,0.4635696821515892,False,8.316300249036848,0.47820043026370423,0.008438818565400843,2021
Western Cape,Ward 10205011,WC025,3842,0.4711087975013014,False,8.253748343328501,0.47782347449621865,0.0038674033149171273,2021
Western Cape,Ward 10205012,WC025,4813,0.4834822356118844,False,8.47907586930311,0.47720480259068954,0.04340352385045122,2021
Western Cape,Ward 10205013,WC025,3108,0.4485199485199485,False,8.041734711487537,0.4789529169452863,0.023672883787661407,2021
Western Cape,Ward 10205014,WC025,3326,0.4969933854479855,False,8.109525659752872,0.4765292450988844,0.007864488808227465,2021
Western Cape,Ward 10205015,WC025,3562,0.6664795058955643,False,8.178077463849608,0.4680549390765055,0.002527379949452401,2021
Western Cape,Ward 10205016,WC025,3257,0.3567700337734111,False,8.088561805276234,0.48354041268261316,0.016351118760757316,2021
Western Cape,Ward 10205017,WC025,2930,0.4081911262798635,False,7.982757702011113,0.4809693580572906,0.027591973244147156,2021
Western Cape,Ward 10205018,WC025,4135,0.4210399032648125,False,8.327242607457793,0.4803269192080431,0.02125215393452039,2021
Western Cape,Ward 10205019,WC025,3701,0.390975412050797,False,8.216358332386156,0.4818301437687439,0.014512785072563926,2021
Western Cape,Ward 10205020,WC025,3419,0.4978063761333723,False,8.137103389639302,0.4764885955646151,0.011163337250293772,2021
Western Cape,Ward 10205021,WC025,3760,0.4276595744680851,False,8.23217423638394,0.47999593564787946,0.014925373134328358,2021
Western Cape,Ward 10206001,WC026,3497,0.5776379754074922,False,8.159660737063376,0.46095613183256473,0.006930693069306931,2021
Western Cape,Ward 10206002,WC026,3230,0.4130030959752322,False,8.080237416216702,0.4759229390536792,0.017991004497751123,2021
Western Cape,Ward 10206003,WC026,4065,0.4506765067650676,False,8.310169021981912,0.4724980835273305,0.006550218340611353,2021
Western Cape,Ward 10206004,WC026,3397,0.4239034442154842,False,8.130647968160584,0.4749319983045654,0.0,2021
Western Cape,Ward 10206005,WC026,3361,0.4305266289794704,False,8.119993827725105,0.47432989059874847,0.021423635107118175,2021
Western Cape,Ward 10206006,WC026,3559,0.4076987917954481,False,8.177234885510194,0.4764051485245687,0.004135079255685734,2021
Western Cape,Ward 10206007,WC026,4075,0.5170552147239263,False,8.312626025674962,0.4664636555310706,0.007593735168485999,2021
Western Cape,Ward 10206008,WC026,3277,0.450717119316448,False,8.094683648698815,0.472494391477205,0.014218009478672985,2021
Western Cape,Ward 10206009,WC026,3867,0.4972847168347556,False,8.260234291607297,0.46826097352099527,0.011440457618304731,2021
Western Cape,Ward 10206010,WC026,3073,0.5519036771884153,False,8.030409562130485,0.4632956134888444,0.007075471698113208,2021
Western Cape,Ward 10206011,WC026,4057,0.5333990633473009,False,8.308199063206446,0.4649778511107639,0.006007393715341959,2021
Western Cape,Ward 10206012,WC026,4141,0.3943491910166626,False,8.328692583545568,0.47761874859536735,0.011635027556644213,2021
Western Cape,Ward 10301001,WC031,4554,0.5294246815985947,False,8.423761246623686,0.424564291525025,0.01244296972210701,2021
Western Cape,Ward 10301002,WC031,4929,0.4315276932440657,False,8.502891406705377,0.432094829090758,0.015984955336154207,2021
Western Cape,Ward 10301003,WC031,5187,0.4146905725853094,False,8.553910774351401,0.43338999221835467,0.012552301255230125,2021
Western Cape,Ward 10301004,WC031,3908,0.5573183213920164,False,8.270781013162674,0.42241862692553106,0.0032139577594123047,2021
Western Cape,Ward 10301005,WC031,4154,0.4841116995666827,False,8.331827004436057,0.42804990552747985,0.011437095972153158,2021
Western Cape,Ward 10301006,WC031,3848,0.4033264033264033,False,8.255308811785596,0.4342641590844244,0.018685567010309278,2021
Western Cape,Ward 10301007,WC031,4969,0.4906419802777219,False,8.51097389160232,0.4275475762420152,0.01394585726004922,2021
Western Cape,Ward 10301008,WC031,4629,0.4106718513717866,False,8.44009614103127,0.4336991246193949,0.04050499736980537,2021
Western Cape,Ward 10301009,WC031,4101,0.3811265544989027,False,8.31898612539206,0.4359718397634629,0.037108125399872044,2021
Western Cape,Ward 10301010,WC031,3711,0.3874966316356777,False,8.219056661060598,0.43548183382986483,0.037552155771905425,2021
Western Cape,Ward 10301011,WC031,4961,0.4440636968353154,False,8.509362612301048,0.43113052112220035,0.013163867453472538,2021
Western Cape,Ward 10301012,WC031,3476,0.3325661680092059,False,8.153637486385282,0.43970725410882416,0.012975778546712802,2021
Western Cape,Ward 10301013,WC031,4165,0.4093637454981992,False,8.334471554600944,0.4337997481481324,0.01466275659824047,2021
Western Cape,Ward 10301014,WC031,3308,0.3724304715840387,False,8.104099056143582,0.4366407692184524,0.0008116883116883117,2021
Western Cape,Ward 10302001,WC032,3095,0.5195476575121163,False,8.037543185118697,0.5930818830593061,0.004975124378109453,2021
Western Cape,Ward 10302002,WC032,3649,0.5226089339545081,False,8.202208436436448,0.5928267766891068,0.009438909281594127,2021
Western Cape,Ward 10302003,WC032,4294,0.7058686539357243,False,8.364973978438726,0.5775551333573388,0.003299241174529858,2021
Western Cape,Ward 10302004,WC032,3969,0.5553036029226506,False,8.286269452783065,0.5901022209417616,0.006352087114337568,2021
Western Cape,Ward 10302005,WC032,4547,0.371233780514625,False,8.42222295382501,0.605441372809097,0.013033175355450236,2021
Western Cape,Ward 10302006,WC032,4700,0.4993617021276595,False,8.45531778769815,0.5947640460080108,0.016616957818491693,2021
Western Cape,Ward 10302007,WC032,4290,0.6853146853146853,False,8.364042011922063,0.5792679640757586,0.0020408163265306124,2021
Western Cape,Ward 10302008,WC032,4888,0.5781505728314239,False,8.494538500851432,0.5881983067826971,0.009200283085633405,2021
Western Cape,Ward 10302009,WC032,5989,0.595257972950409,False,8.697679732264463,0.586772690106115,0.005610098176718092,2021
Western Cape,Ward 10302010,WC032,3039,0.6962816716025009,False,8.019283792916793,0.5783540485517741,0.007088846880907372,2021
Western Cape,Ward 10302011,WC032,3628,0.7047960308710033,False,8.196436811235028,0.5776445186127321,0.01368791552600704,2021
Western Cape,Ward 10302012,WC032,4122,0.4808345463367297,False,8.324093761450404,0.596307975657255,0.01564076690211907,2021
Western Cape,Ward 10302013,WC032,5075,0.7219704433497537,False,8.532081803909987,0.5762133175728362,0.005731441048034935,2021
Western Cape,Ward 10303001,WC033,4012,0.589481555333998,False,8.297045149081827,0.5665486839291468,0.012684989429175475,2021
Western Cape,Ward 10303002,WC033,3764,0.5706695005313497,False,8.23323750070527,0.5703110948896765,0.0148975791433892,2021
Western Cape,Ward 10303003,WC033,3575,0.4039160839160839,False,8.181720455128108,0.6036617782127296,0.01592797783933518,2021
Western Cape,Ward 10303004,WC033,3082,0.6288124594419209,False,8.033334015880062,0.5586825031075622,0.0015479876160990713,2021
Western Cape,Ward 10303005,WC033,3723,0.6459844211657265,False,8.222285073872717,0.5552481107628011,0.00498960498960499,2021
Western Cape,Ward 10303006,WC033,3017,0.583360954590653,False,8.012018239159062,0.5677728040778158,0.010795454545454546,2021
Western Cape,Ward 10304001,WC034,2926,0.595352016404648,False,7.98139158158007,0.5738278374877164,0.008036739380022962,2021
Western Cape,Ward 10304002,WC034,3649,0.6881337352699369,False,8.202208436436448,0.5552714937146586,0.010752688172043012,2021
Western Cape,Ward 10304003,WC034,3851,0.6312646065956894,False,8.25608813381491,0.5666453194495081,0.013986013986013986,2021
Western Cape,Ward 10304004,WC034,3715,0.6158815612382235,False,8.220133957151859,0.5697219285210013,0.012674825174825174,2021
Western Cape,Ward 10304005,WC034,4310,0.4452436194895591,False,8.368693183097793,0.6038495168707342,0.02918186555497655,2021
Western Cape,Ward 10304006,WC034,2196,0.488615664845173,False,7.694392802629421,0.5951751077996115,0.008387698042870456,2021
Western Cape,Ward 10401001,WC041,3628,0.5826901874310915,False,8.196436811235028,0.6134955175218862,0.006622516556291391,2021
Western Cape,Ward 10401002,WC041,4335,0.6544405997693195,False,8.374476889214643,0.5895787134091436,0.010222065562213606,2021
Western Cape,Ward 10401003,WC041,3574,0.6289871292669278,False,8.181440695719374,0.5980632035766075,0.015124555160142349,2021
Western Cape,Ward 10401004,WC041,3400,0.5570588235294117,False,8.131530710604252,0.6220393054891128,0.010559662090813094,2021
Western Cape,Ward 10402001,WC042,3182,0.6681332495285983,False,8.065265208897733,0.6261945728917031,0.00658513640639699,2021
Western Cape,Ward 10402002,WC042,3963,0.5485743123896039,False,8.284756593190435,0.6411394400340773,0.008739650413983441,2021
Western Cape,Ward 10402003,WC042,4216,0.7362428842504743,False,8.346642090221199,0.6176808685514685,0.004188144329896907,2021
Western Cape,Ward 10402004,WC042,3450,0.6197101449275362,False,8.146129510025405,0.6322474609668358,0.0018709073900841909,2021
Western Cape,Ward 10402005,WC042,3927,0.6440030557677616,False,8.27563105457801,0.6292108471118076,0.004349545274812179,2021
Western Cape,Ward 10402006,WC042,4116,0.607871720116618,False,8.32263709695394,0.6337272640682006,0.0019984012789768186,2021
Western Cape,Ward 10402007,WC042,3508,0.6470923603192702,False,8.162801353492073,0.6288246840428691,0.007048458149779736,2021
Western Cape,Ward 10402008,WC042,3668,0.6316793893129771,False,8.207401833376355,0.6307513054186558,0.0043159257660768235,2021
Western Cape,Ward 10402009,WC042,3240,0.5743827160493827,False,8.083328608786376,0.637913389576605,0.005910800644814616,2021
Western Cape,Ward 10403001,WC043,4328,0.3726894639556377,False,8.372860820526318,0.567828031968983,0.01735895846249225,2021
Western Cape,Ward 10403002,WC043,4077,0.3168996811380917,False,8.313116702819253,0.5721195537241788,0.02863777089783282,2021
Western Cape,Ward 10403003,WC043,3144,0.3549618320610687,False,8.053251153549096,0.5691916959608729,0.033154121863799284,2021
Western Cape,Ward 10403004,WC043,4249,0.7959519887032243,False,8.354438940114811,0.5352693762191686,0.003252513305736251,2021
Western Cape,Ward 10403005,WC043,4913,0.6547934052513739,False,8.499640032168648,0.5461277287923879,0.0024867889337892445,2021
Western Cape,Ward 10403006,WC043,4875,0.6746666666666666,False,8.491875383431948,0.5445990163758269,0.002736394040741867,2021
Western Cape,Ward 10403007,WC043,5929,0.5834036093776354,False,8.687610843707368,0.5516192515519063,0.006360219716681122,2021
Western Cape,Ward 10403008,WC043,3395,0.6927835051546392,False,8.130059039992796,0.5432054134152137,0.003401360544217687,2021
Western Cape,Ward 10403009,WC043,4303,0.4887287938647455,False,8.3670677328386,0.5589019296682823,0.010461245839277223,2021
Western Cape,Ward 10403010,WC043,4900,0.7626530612244898,False,8.496990484098719,0.5378308321790712,0.0010703773080010704,2021
Western Cape,Ward 10403011,WC043,4609,0.6652202213061401,False,8.435766192720509,0.5453256660189443,0.00228310502283105,2021
Western Cape,Ward 10403012,WC043,3636,0.4716721672167216,False,8.19863945529737,0.5602139778719766,0.018075801749271137,2021
Western Cape,Ward 10403013,WC043,4372,0.4467063129002744,False,8.382975849296429,0.5621344282040109,0.0015360983102918587,2021
Western Cape,Ward 10403014,WC043,3936,0.4733231707317073,False,8.277920258172143,0.560086977601593,0.011808910359634998,2021
Western Cape,Ward 10404001,WC044,3420,0.4868421052631579,False,8.13739583005665,0.5134684961853746,0.009009009009009009,2021
Western Cape,Ward 10404002,WC044,3484,0.6521239954075775,False,8.155936337972394,0.5071115004105893,0.0,2021
Western Cape,Ward 10404003,WC044,3424,0.7161214953271028,False,8.138564737261632,0.5046500581059921,0.0,2021
Western Cape,Ward 10404004,WC044,4824,0.6598258706467661,False,8.481358738407021,0.5068152744398512,0.00942507068803016,2021
Western Cape,Ward 10404005,WC044,4865,0.5523124357656731,False,8.489821994620105,0.5109504065506625,0.002232973576479345,2021
Western Cape,Ward 10404006,WC044,4077,0.4782928623988227,False,8.313116702819253,0.5137973132186183,0.010256410256410256,2021
Western Cape,Ward 10404007,WC044,3946,0.4285352255448555,False,8.28045768658256,0.5157110684822324,0.00768775872264932,2021
Western Cape,Ward 10404008,WC044,3489,0.4846660934365147,False,8.157370441186774,0.5135521889479379,0.013601419278533412,2021
Western Cape,Ward 10404009,WC044,3817,0.3646843070474194,False,8.247220052745229,0.5181668730398261,0.00646551724137931,2021
Western Cape,Ward 10404010,WC044,2538,0.3246650906225374,False,7.839131648274333,0.5197060736715524,0.03398058252427184,2021
Western Cape,Ward 10404011,WC044,3711,0.4672594987873888,False,8.219056661060598,0.5142216733575196,0.016724336793540944,2021
Western Cape,Ward 10404012,WC044,3138,0.3693435309114085,False,8.051340933292979,0.5179876721219804,0.04831751509922347,2021
Western Cape,Ward 10404013,WC044,3872,0.4393078512396694,False,8.261526448396468,0.5152967367247395,0.02292768959435626,2021
Western Cape,Ward 10404014,WC044,3502,0.4777270131353512,False,8.161089512845797,0.5138190766518288,0.011954572624028692,2021
Western Cape,Ward 10404015,WC044,4597,0.333913421796824,False,8.433159195806228,0.5193503686263875,0.007817589576547232,2021
Western Cape,Ward 10404016,WC044,4381,0.480483907783611,False,8.385032287813898,0.5137130422422802,0.043705463182897863,2021
Western Cape,Ward 10404017,WC044,3908,0.503582395087001,False,8.270781013162674,0.5128246388844576,0.005589430894308943,2021
Western Cape,Ward 10404018,WC044,3277,0.717424473603906,False,8.094683648698815,0.5045999435568843,0.002552105487026797,2021
Western Cape,Ward 10404019,WC044,3391,0.642288410498378,False,8.128880142125638,0.5074897921378662,0.0027548209366391185,2021
Western Cape,Ward 10404020,WC044,3770,0.4716180371352785,False,8.234830280442056,0.5140540372672161,0.016310461192350956,2021
Western Cape,Ward 10404021,WC044,4617,0.3530431015811133,False,8.43750042250699,0.5186146117116072,0.01901840490797546,2021
Western Cape,Ward 10404022,WC044,4031,0.5653683949392211,False,8.301769763117166,0.5104482542747568,0.00307152259763054,2021
Western Cape,Ward 10404023,WC044,4598,0.5713353632013919,False,8.433376705323127,0.5102187554954425,0.01218119527978683,2021
Western Cape,Ward 10404024,WC044,3525,0.4181560283687943,False,8.16763571524637,0.5161102683736194,0.015603799185888738,2021
Western Cape,Ward 10404025,WC044,3823,0.5731101229400994,False,8.248790733696413,0.5101504955054923,0.010497489730716568,2021
Western Cape,Ward 10404026,WC044,3231,0.719900959455277,False,8.080546965824498,0.5045046941010624,0.0012897678417884782,2021
Western Cape,Ward 10404027,WC044,3461,0.5850910141577579,False,8.149312843635345,0.5096896919971208,0.010864197530864197,2021
Western Cape,Ward 10405001,WC045,3484,0.1360505166475315,False,8.155936337972394,0.46925649989381163,0.002109704641350211,2021
Western Cape,Ward 10405002,WC045,4155,0.5872442839951865,False,8.332067707289548,0.43165701928150707,0.006147540983606557,2021
Western Cape,Ward 10405003,WC045,5529,0.4083921143063845,False,8.617762246337932,0.4465613667555739,0.005314437555358724,2021
Western Cape,Ward 10405004,WC045,2703,0.5275619681834998,False,7.902117546276448,0.43663054559914766,0.011921458625525946,2021
Western Cape,Ward 10405005,WC045,4119,0.4469531439669822,False,8.323365694436081,0.4433479476171908,0.014665942422596416,2021
Western Cape,Ward 10405006,WC045,5025,0.3986069651741293,False,8.522180732927277,0.44737679584992857,0.0044932601098352475,2021
Western Cape,Ward 10405007,WC045,3915,0.5228607918263091,False,8.272570608424903,0.4370223102955802,0.012212994626282364,2021
Western Cape,Ward 10405008,WC045,4391,0.4028695058073331,False,8.387312270561717,0.4470215841304949,0.011305822498586773,2021
Western Cape,Ward 10405009,WC045,4156,0.4583734359961501,False,8.332308352219117,0.4423962566147601,0.012073490813648294,2021
Western Cape,Ward 10405010,WC045,3790,0.4881266490765171,False,8.240121298076472,0.4399168221913962,0.013513513513513514,2021
Western Cape,Ward 10405011,WC045,3663,0.5757575757575758,False,8.206037762778815,0.4326142449679746,0.010905642484589853,2021
Western Cape,Ward 10405012,WC045,3463,0.352873231302339,False,8.149890544402423,0.4511879403392444,0.011456628477905073,2021
Western Cape,Ward 10405013,WC045,3840,0.4614583333333333,False,8.253227645581772,0.4421391818366615,0.014108352144469526,2021
Western Cape,Ward 10407001,WC047,4881,0.6738373284163082,False,8.493105395887147,0.6333666951943832,0.009425357251444208,2021
Western Cape,Ward 10407002,WC047,5624,0.7382645803698435,False,8.6347984334905,0.6226288198687939,0.0026493256262042388,2021
Western Cape,Ward 10407003,WC047,4112,0.5873054474708171,False,8.321664807135,0.647788675351965,0.016977225672877846,2021
Western Cape,Ward 10407004,WC047,3648,0.6584429824561403,False,8.201934351194222,0.6359324195210778,0.01623646960865945,2021
Western Cape,Ward 10407005,WC047,4240,0.6139150943396227,False,8.352318548226004,0.6433537342071641,0.009604302727621975,2021
Western Cape,Ward 10407006,WC047,4603,0.5996089506843363,False,8.434463543817241,0.6457380914830452,0.011956521739130435,2021
Western Cape,Ward 10407007,WC047,3755,0.6026631158455393,False,8.230843564198235,0.6452290639561781,0.011931064958020326,2021
Western Cape,Ward 10408001,WC048,4161,0.639269406392694,False,8.333510708982942,0.5509396406545115,0.010902255639097745,2021
Western Cape,Ward 10408002,WC048,3879,0.5898427429749935,False,8.263332667439967,0.5558823069962815,0.009178321678321678,2021
Western Cape,Ward 10408003,WC048,3740,0.4823529411764706,False,8.226840890408578,0.5666312871761339,0.01662971175166297,2021
Western Cape,Ward 10408004,WC048,4575,0.5245901639344263,False,8.428361977709622,0.5624075649003383,0.0225,2021
Western Cape,Ward 10408005,WC048,4180,0.6110047846889952,False,8.338066525518801,0.5537661028248814,0.009397024275646046,2021
Western Cape,Ward 10408006,WC048,3941,0.4798274549606698,False,8.279189777195004,0.5668838357977138,0.033844526705446853,2021
Western Cape,Ward 10408007,WC048,3599,0.4623506529591553,False,8.188411308079031,0.5686315159978654,0.018629807692307692,2021
Western Cape,Ward 10408008,WC048,4198,0.5338256312529777,False,8.342363500380579,0.5614840181684831,0.028112449799196786,2021
Western Cape,Ward 10408009,WC048,3416,0.6419789227166276,False,8.13622555490846,0.5506686890221182,0.004559963520291838,2021
Western Cape,Ward 10408010,WC048,4098,0.5968765251342119,False,8.318254328798846,0.5551789287803597,0.004088307440719542,2021
Western Cape,Ward 10408011,WC048,3003,0.5867465867465868,False,8.00736706798333,0.5561919226191222,0.014188422247446084,2021
Western Cape,Ward 10501001,WC051,1158,0.6865284974093264,False,7.05444965813294,0.6676600584745342,0.006289308176100629,2021
Western Cape,Ward 10501002,WC051,948,0.6360759493670886,False,6.854354502255021,0.6844775744886135,0.003316749585406302,2021
Western Cape,Ward 10501003,WC051,1116,0.6550179211469535,False,7.017506142941256,0.6781635838953252,0.009575923392612859,2021
Western Cape,Ward 10501004,WC051,1548,0.7118863049095607,False,7.344719054149673,0.6592074559744561,0.010889292196007259,2021
Western Cape,Ward 10502001,WC052,2025,0.6582716049382716,False,7.613324979540639,0.7249732365048946,0.010502625656414103,2021
Western Cape,Ward 10502002,WC052,1608,0.7761194029850746,False,7.382746449738912,0.6856906371559602,0.011217948717948718,2021
Western Cape,Ward 10502003,WC052,1775,0.7211267605633803,False,7.4815557019095165,0.7040215179631918,0.01171875,2021
Western Cape,Ward 10502004,WC052,2665,0.6776735459662289,False,7.887959336599945,0.7185059228289088,0.021040974529346623,2021
Western Cape,Ward 10503001,WC053,3745,0.5684913217623498,False,8.22817689595132,0.5769754509839301,0.013621418506341005,2021
Western Cape,Ward 10503002,WC053,3595,0.560778859527121,False,8.187299270155147,0.5782608613564683,0.010416666666666666,2021
Western Cape,Ward 10503003,WC053,4285,0.5738623103850642,False,8.36287583103188,0.5760802862134776,0.041886945912972755,2021
Western Cape,Ward 10503004,WC053,3523,0.6505818904342889,False,8.167068178341237,0.5632936895386069,0.009162303664921465,2021
Western Cape,Ward 10503005,WC053,3635,0.5705639614855571,False,8.19836438996762,0.5766300110300623,0.01446480231436837,2021
Western Cape,Ward 10503006,WC053,3255,0.5680491551459294,False,8.08794755464267,0.5770491454200002,0.04921579232017307,2021
Western Cape,Ward 10503007,WC053,4840,0.5380165289256198,False,8.484669999710677,0.5820545831233851,0.007680491551459293,2021
