Province,Ward,MunicipalityCode,RegisteredVoters_prior,Turnout_prior,IsMetro,LogRegisteredVoters_prior,MunicipalityAvgTurnout_prior,SpoiltRatio_prior,SnapshotYear,Target_Turnout
Eastern Cape,Ward 29200001,BUF,8851,0.5708959439611343,True,9.088285725968877,0.555891318766564,0.01583217890362161,2016,0.4004588591093961
Eastern Cape,Ward 29200002,BUF,7794,0.4665127020785219,True,8.961109485898655,0.5580215890090663,0.02035203520352035,2016,0.4416721097322011
Eastern Cape,Ward 29200003,BUF,8118,0.4169746242916974,True,9.001839097398843,0.5590325701883893,0.010044313146233382,2016,0.3385202288926814
Eastern Cape,Ward 29200004,BUF,9175,0.6742234332425068,True,9.12423767292277,0.5537825944955156,0.0040413837698027805,2016,0.4914763589578643
Eastern Cape,Ward 29200005,BUF,9228,0.5603597745990464,True,9.129997619293645,0.5561063426310964,0.019725391607039258,2016,0.4038021071919377
Eastern Cape,Ward 29200006,BUF,8327,0.5525399303470637,True,9.02725852623582,0.5562659312893001,0.01977830906324712,2016,0.4326311853421413
Eastern Cape,Ward 29200007,BUF,7130,0.5347826086956522,True,8.872066513408342,0.5566283256087167,0.021505376344086023,2016,0.4702388986367931
Eastern Cape,Ward 29200008,BUF,9130,0.5683461117196057,True,9.119320973589014,0.5559433561592482,0.025631142802081328,2016,0.4256541161455009
Eastern Cape,Ward 29200009,BUF,9063,0.4907867152157122,True,9.111955470054781,0.5575262009858583,0.00966726618705036,2016,0.385095281306715
Eastern Cape,Ward 29200010,BUF,9262,0.5899373785359534,True,9.133675287040697,0.5555027180609554,0.010980966325036604,2016,0.4118570867687475
Eastern Cape,Ward 29200011,BUF,7689,0.5601508648718949,True,8.94754601503218,0.5561106060949158,0.017181332714186207,2016,0.4210369930173823
Eastern Cape,Ward 29200012,BUF,8256,0.5362160852713178,True,9.018695487721343,0.5565990709847235,0.01355319629545968,2016,0.4049554781262098
Eastern Cape,Ward 29200013,BUF,8558,0.59546623042767,True,9.054621796976763,0.5553898843488795,0.036891679748822605,2016,0.4258757062146893
Eastern Cape,Ward 29200014,BUF,7616,0.53125,True,8.938006576471201,0.55670041966373,0.02397429560059318,2016,0.4495620231703871
Eastern Cape,Ward 29200015,BUF,8948,0.6165623603039786,True,9.09918532261002,0.5549593510860978,0.012688055102410731,2016,0.488196218702095
Eastern Cape,Ward 29200016,BUF,9558,0.45323289391086,True,9.165133779138104,0.5582926055022838,0.011772853185595568,2016,0.4618898459932132
Eastern Cape,Ward 29200017,BUF,7714,0.5680580762250453,True,8.950792138768174,0.5559492344346474,0.02624372432679142,2016,0.4308285163776493
Eastern Cape,Ward 29200018,BUF,8595,0.7159976730657359,True,9.05893591781695,0.552930058988919,0.004874878128046799,2016,0.5960289251133717
Eastern Cape,Ward 29200019,BUF,8290,0.5867310012062726,True,9.022805248129341,0.5555681543329898,0.01069078947368421,2016,0.4354066985645933
Eastern Cape,Ward 29200020,BUF,9264,0.5533246977547496,True,9.133891199812776,0.5562499156279187,0.017557549746390948,2016,0.4495458504417071
Eastern Cape,Ward 29200021,BUF,7215,0.5083853083853084,True,8.88391747120797,0.5571670460232135,0.028898582333696837,2016,0.4324285092175932
Eastern Cape,Ward 29200022,BUF,9420,0.5248407643312102,True,9.150590367570409,0.5568312203916644,0.018810679611650484,2016,0.4467548076923077
Eastern Cape,Ward 29200023,BUF,8316,0.5607263107263107,True,9.025936648977904,0.5560988623019686,0.06583744370576881,2016,0.4852134509897448
Eastern Cape,Ward 29200024,BUF,9963,0.5338753387533876,True,9.206633510044856,0.5566468413218242,0.049069373942470386,2016,0.4550394617673696
Eastern Cape,Ward 29200025,BUF,7090,0.4929478138222849,True,8.866440619526173,0.5574820969326629,0.01430615164520744,2016,0.465486482777549
Eastern Cape,Ward 29200026,BUF,8591,0.6134326620882319,True,9.058470422638056,0.5550232224782559,0.027514231499051234,2016,0.4207636635887197
Eastern Cape,Ward 29200027,BUF,8352,0.5997365900383141,True,9.03025631012242,0.555302734152744,0.012577360750648832,2016,0.4713183899734876
Eastern Cape,Ward 29200028,BUF,9267,0.7170605373907414,True,9.134214981586691,0.5529083678802454,0.0013544018058690745,2016,0.561078167115903
Eastern Cape,Ward 29200029,BUF,7152,0.6912751677852349,True,8.87514731685335,0.5534345999130109,0.0036407766990291263,2016,0.5372463570747651
Eastern Cape,Ward 29200030,BUF,7169,0.5593527688659506,True,8.877521453852872,0.5561268937685065,0.022942643391521196,2016,0.4085798493614234
Eastern Cape,Ward 29200031,BUF,8541,0.5774499473129611,True,9.052633375946147,0.5557575635961185,0.026561232765612328,2016,0.5119073869900772
Eastern Cape,Ward 29200032,BUF,8147,0.5753037928071683,True,9.005405040310642,0.5558013626676653,0.027736291871132922,2016,0.5324553151458138
Eastern Cape,Ward 29200033,BUF,8451,0.5985090521831736,True,9.042040056544483,0.555327785945706,0.03242388295769079,2016,0.4887480600103466
Eastern Cape,Ward 29200034,BUF,8434,0.5286933839222195,True,9.040026434306505,0.556752595502052,0.02511773940345369,2016,0.4844455594581033
Eastern Cape,Ward 29200035,BUF,9163,0.5669540543490124,True,9.122928914965213,0.555971765493342,0.031376323387872954,2016,0.4891873435010243
Eastern Cape,Ward 29200036,BUF,7429,0.558756225602369,True,8.913146539151807,0.5561390681208245,0.020958805107203084,2016,0.3661383285302593
Eastern Cape,Ward 29200037,BUF,9264,0.5292530224525043,True,9.133891199812776,0.5567411743075564,0.016316540893330615,2016,0.4013046901360926
Eastern Cape,Ward 29200038,BUF,8058,0.5362372797220154,True,8.994420665751292,0.5565986384449133,0.03031705623698218,2016,0.4175479827653741
Eastern Cape,Ward 29200039,BUF,8603,0.5514355457398582,True,9.059866258621348,0.5562884697506717,0.03625632377740304,2016,0.4595364977072748
Eastern Cape,Ward 29200040,BUF,9093,0.5526228967337512,True,9.115260165725912,0.5562642380977351,0.029850746268656716,2016,0.5270334928229665
Eastern Cape,Ward 29200041,BUF,7485,0.4498329993319973,True,8.920656296853728,0.5583619911059341,0.03445203445203445,2016,0.3940671585604577
Eastern Cape,Ward 29200042,BUF,6990,0.5434907010014306,True,8.852235835227855,0.556450609439211,0.024216899183995787,2016,0.4399416909620991
Eastern Cape,Ward 29200043,BUF,8796,0.4961346066393815,True,9.082052351674651,0.557417060344559,0.01306141154903758,2016,0.4464562239428231
Eastern Cape,Ward 29200044,BUF,9362,0.5491348002563555,True,9.144414221860016,0.5563354237401309,0.03423458471114569,2016,0.5459317585301837
Eastern Cape,Ward 29200045,BUF,8770,0.5874572405929305,True,9.079092085366229,0.5555533331210172,0.023291925465838508,2016,0.4503341261751047
Eastern Cape,Ward 29200046,BUF,8878,0.5904482991664789,True,9.09133158539398,0.5554922911093121,0.006104540251812286,2016,0.4296754250386398
Eastern Cape,Ward 29200047,BUF,7630,0.3851900393184796,True,8.939843124278502,0.5596812351878426,0.027220142905750255,2016,0.2248291571753986
Eastern Cape,Ward 29200048,BUF,7508,0.5456846030900373,True,8.9237243977064,0.5564058359271986,0.025140346595069564,2016,0.4075739988392339
Eastern Cape,Ward 29200049,BUF,7989,0.5159594442358243,True,8.985820874482043,0.5570124718221825,0.023289665211062592,2016,0.4923258559622196
Eastern Cape,Ward 29200050,BUF,7352,0.6270402611534276,True,8.902727664035522,0.5547455163748845,0.010195227765726681,2016,0.5637556375563756
Eastern Cape,Ward 21001001,EC101,3327,0.6107604448452059,False,8.109826276018477,0.6196042671263721,0.013779527559055118,2016,0.5668715247292947
Eastern Cape,Ward 21001002,EC101,3231,0.6756422160321882,False,8.080546965824498,0.6137059242911919,0.008703618873110398,2016,0.5543816034804226
Eastern Cape,Ward 21001003,EC101,1944,0.6702674897119342,False,7.572502985020384,0.6141945357748514,0.023791250959324637,2016,0.2851764705882353
Eastern Cape,Ward 21001004,EC101,3398,0.5968216597998823,False,8.130942302231878,0.6208714294032197,0.03451676528599606,2016,0.4335148990708106
Eastern Cape,Ward 21001005,EC101,3534,0.6106395019807583,False,8.170185652879642,0.6196152619322309,0.015291936978683966,2016,0.3917835671342685
Eastern Cape,Ward 21001006,EC101,2620,0.6389312977099236,False,7.8709295967551425,0.6170432805023068,0.023894862604540025,2016,0.4404978749241044
Eastern Cape,Ward 21001007,EC101,2097,0.5383881735813066,False,7.64826303090192,0.6261835645139993,0.006200177147918512,2016,0.516532618409294
Eastern Cape,Ward 21001008,EC101,2695,0.6500927643784786,False,7.899153483343097,0.6160286017142563,0.008561643835616438,2016,0.5546734031035727
Eastern Cape,Ward 21001009,EC101,2536,0.5875394321766562,False,7.8383433155571165,0.6217152682780585,0.005369127516778523,2016,0.5155447418221141
Eastern Cape,Ward 21001010,EC101,2234,0.6718889883616831,False,7.711548979629146,0.6140471268066924,0.004663557628247834,2016,0.5176005747126436
Eastern Cape,Ward 21001011,EC101,3287,0.6066321874049285,False,8.097730573664219,0.6199795632573064,0.01805416248746239,2016,0.4583068109484405
Eastern Cape,Ward 21001012,EC101,2231,0.5688032272523532,False,7.7102051944325325,0.6234185596348133,0.014972419227738377,2016,0.50139470013947
Eastern Cape,Ward 21002001,EC102,3363,0.5129348795718108,False,8.12058871174027,0.6247209859107496,0.015072463768115942,2016,0.5244263508512214
Eastern Cape,Ward 21002002,EC102,3654,0.6587301587301587,False,8.203577736937952,0.5955619300790802,0.009970918155380142,2016,0.5700834005918751
Eastern Cape,Ward 21002003,EC102,3209,0.5995637270177625,False,8.073714641109857,0.6073952164215595,0.016112266112266113,2016,0.4968112244897959
Eastern Cape,Ward 21002004,EC102,2858,0.6189643107067879,False,7.957877358489813,0.6035150996837543,0.01639344262295082,2016,0.5994246673858324
Eastern Cape,Ward 21002005,EC102,3167,0.6725607830754657,False,8.06054004653864,0.5927958052100187,0.01267605633802817,2016,0.5155945419103314
Eastern Cape,Ward 21002006,EC102,2121,0.5737859500235738,False,7.659642954564682,0.6125507718203972,0.01314708299096138,2016,0.430900937627395
Eastern Cape,Ward 21004001,EC104,2129,0.6162517613903241,False,7.663407664893479,0.5025217749614256,0.014481707317073171,2016,0.4714661984196663
Eastern Cape,Ward 21004002,EC104,3042,0.4894806048652202,False,8.020270472819238,0.5122734023864335,0.014103425117528543,2016,0.4803030303030303
Eastern Cape,Ward 21004003,EC104,3979,0.490575521487811,False,8.288785810426928,0.5121891780308496,0.018954918032786885,2016,0.3938195302843016
Eastern Cape,Ward 21004004,EC104,4900,0.5959183673469388,False,8.496990484098719,0.5040858821955321,0.0058219178082191785,2016,0.4518392112248767
Eastern Cape,Ward 21004005,EC104,3780,0.5060846560846561,False,8.237479288613633,0.5109961676772461,0.01620491374803973,2016,0.4594237377742532
Eastern Cape,Ward 21004006,EC104,2841,0.5892291446673706,False,7.951911381854188,0.5046004377862681,0.02867383512544803,2016,0.4821558630735615
Eastern Cape,Ward 21004007,EC104,3465,0.4317460317460317,False,8.150467911624004,0.5167145233956019,0.02874331550802139,2016,0.4170648464163822
Eastern Cape,Ward 21004008,EC104,2554,0.5540328895849648,False,7.845416036592485,0.5073078420233762,0.0049469964664310955,2016,0.3910319815364326
Eastern Cape,Ward 21004009,EC104,2757,0.5201305767138193,False,7.921898411023797,0.5099157122442336,0.024407252440725245,2016,0.4568784181741691
Eastern Cape,Ward 21004010,EC104,3428,0.5137106184364061,False,8.13973227971767,0.51040955518865,0.009653605905735378,2016,0.432512315270936
Eastern Cape,Ward 21004011,EC104,3325,0.5163909774436091,False,8.109224953089955,0.5102033737265574,0.0128130460104834,2016,0.4629258517034068
Eastern Cape,Ward 21004012,EC104,4139,0.3976805991785455,False,8.328209491748732,0.5193349412854086,0.010935601458080195,2016,0.1849665486029122
Eastern Cape,Ward 21004013,EC104,3079,0.3449171809028905,False,8.0323601479245,0.5233936657681512,0.030131826741996232,2016,0.4658427737727428
Eastern Cape,Ward 21004014,EC104,2980,0.5828859060402685,False,7.9996785794994505,0.5050883792191221,0.009211283822682787,2016,0.5924959216965743
Eastern Cape,Ward 21005001,EC105,3925,0.6456050955414012,False,8.275121630216509,0.651161411270132,0.005130228887134964,2016,0.6123408965135584
Eastern Cape,Ward 21005002,EC105,2632,0.6808510638297872,False,7.875499292445208,0.6472451925714224,0.007254464285714286,2016,0.552165725047081
Eastern Cape,Ward 21005003,EC105,3727,0.7053930775422592,False,8.223358899479258,0.6445183021589256,0.01407379231647014,2016,0.5648558758314856
Eastern Cape,Ward 21005004,EC105,3464,0.7410508083140878,False,8.150179269682326,0.6405563320731669,0.014413712504869497,2016,0.6235157833767738
Eastern Cape,Ward 21005005,EC105,3546,0.6548223350253807,False,8.173575486634153,0.6501372735496899,0.012919896640826873,2016,0.5477629987908101
Eastern Cape,Ward 21005006,EC105,2715,0.6515653775322283,False,7.906547232368036,0.6504991577155956,0.01582815149802148,2016,0.5137088733798604
Eastern Cape,Ward 21005007,EC105,3045,0.6203612479474548,False,8.021256180143997,0.653966283225015,0.008470089994706194,2016,0.5332424139106716
Eastern Cape,Ward 21005008,EC105,2791,0.5030455034037979,False,7.934155233536322,0.6670013659520879,0.01566951566951567,2016,0.4940725244072524
Eastern Cape,Ward 21005009,EC105,4856,0.6435337726523888,False,8.487970332739334,0.6513915582578,0.01088,2016,0.5274064171122995
Eastern Cape,Ward 21005010,EC105,3754,0.659829515183804,False,8.230577217146454,0.6495809201987539,0.003229713362939039,2016,0.5683874401277275
Eastern Cape,Ward 21006001,EC106,3400,0.5752941176470588,False,8.131530710604252,0.5759267268917542,0.005623721881390593,2016,0.43700061462815
Eastern Cape,Ward 21006002,EC106,3733,0.6303241360835788,False,8.224967478914584,0.5680652956865371,0.016574585635359115,2016,0.5147540983606558
Eastern Cape,Ward 21006003,EC106,3885,0.5369369369369369,False,8.264878262801748,0.5814063241360573,0.01102588686481304,2016,0.4027814923776411
Eastern Cape,Ward 21006004,EC106,2736,0.5785818713450293,False,7.914252278742441,0.5754570477920442,0.012634238787113077,2016,0.4725776965265082
Eastern Cape,Ward 21006005,EC106,3442,0.6063335270191749,False,8.143807976771484,0.5714925255528804,0.011978917105893628,2016,0.4299111549851925
Eastern Cape,Ward 21006006,EC106,2760,0.575,False,7.9229859587111955,0.5759687436984768,0.005040957781978576,2016,0.4570158102766798
Eastern Cape,Ward 21006007,EC106,2973,0.5469223007063572,False,7.997326822998097,0.5799798435975687,0.015375153751537515,2016,0.4414970930232558
Eastern Cape,Ward 21006008,EC106,2910,0.5573883161512028,False,7.975908360165538,0.5784846985340194,0.011713933415536375,2016,0.5168722364440307
Eastern Cape,Ward 21008001,EC108,2838,0.686046511627907,False,7.950854857719988,0.6553057846938731,0.02054442732408834,2016,0.5187517109225295
Eastern Cape,Ward 21008002,EC108,4167,0.5694744420446364,False,8.334951631422454,0.6636323610926782,0.03076274757690687,2016,0.6148403136354944
Eastern Cape,Ward 21008003,EC108,2489,0.680996384089996,False,7.819636302367592,0.6556665080894383,0.0017699115044247787,2016,0.6862996158770807
Eastern Cape,Ward 21008004,EC108,3571,0.5771492579109493,False,8.18060094759445,0.6630841599593701,0.009704027171276079,2016,0.4985082723081095
Eastern Cape,Ward 21008005,EC108,3589,0.6508776818055169,False,8.185628891147607,0.6578178439669011,0.009417808219178082,2016,0.5791414274427179
Eastern Cape,Ward 21008006,EC108,3859,0.6164809536149262,False,8.258163361537619,0.6602747531233718,0.008827238335435058,2016,0.4960254372019078
Eastern Cape,Ward 21008007,EC108,4071,0.6934414148857775,False,8.31164394850298,0.654777577318311,0.01664895501239816,2016,0.5755841678588459
Eastern Cape,Ward 21008008,EC108,5179,0.8138636802471519,False,8.552367266423891,0.6461759869353557,0.0014234875444839859,2016,0.6441449990510534
Eastern Cape,Ward 21008009,EC108,4133,0.6249697556254536,False,8.326758814511733,0.6596684101226199,0.008904374758033295,2016,0.5140671273445212
Eastern Cape,Ward 21008010,EC108,4026,0.5777446597118728,False,8.300528606199737,0.6630416312593042,0.021496130696474634,2016,0.5241290322580645
Eastern Cape,Ward 21008011,EC108,2721,0.6769570011025359,False,7.908754738783246,0.6559550354456853,0.003257328990228013,2016,0.6268656716417911
Eastern Cape,Ward 21008012,EC108,3695,0.6465493910690122,False,8.214735833382303,0.6581270075909371,0.006697362913352867,2016,0.6850961538461539
Eastern Cape,Ward 21008013,EC108,4451,0.6877106268254325,False,8.400884069015854,0.6551869193226213,0.017314603070891867,2016,0.5558998808104887
Eastern Cape,Ward 21008014,EC108,5338,0.7040089921318846,False,8.58260632996447,0.6540227503721605,0.006652474720596061,2016,0.4833503575076608
Eastern Cape,Ward 21008015,EC108,4018,0.6540567446490791,False,8.29853954537488,0.6575907680495038,0.007990867579908675,2016,0.576307363927428
Eastern Cape,Ward 21009001,EC109,4414,0.5337562301767105,False,8.392536586816682,0.6096485563264273,0.01740237691001698,2016,0.5219764435507038
Eastern Cape,Ward 21009002,EC109,3188,0.654642409033877,False,8.067149039910106,0.5854713205549941,0.010062290368950648,2016,0.4613130128956623
Eastern Cape,Ward 21009003,EC109,3056,0.580824607329843,False,8.024862150286411,0.6002348808958009,0.03211267605633803,2016,0.5821392869043652
Eastern Cape,Ward 21009004,EC109,3034,0.6222808174027686,False,8.017637159908478,0.5919436388812158,0.017478813559322032,2016,0.5514295103516267
Eastern Cape,Ward 21009005,EC109,3604,0.591842397336293,False,8.189799618728228,0.5980313228945109,0.008438818565400843,2016,0.4675720620842572
Eastern Cape,Ward 21009006,EC109,3117,0.5986525505293552,False,8.044626279767337,0.5966692922558984,0.01339764201500536,2016,0.5092682926829268
Eastern Cape,Ward 21201001,EC121,4359,0.3654507914659325,False,8.379997952238393,0.5420601482560982,0.011299435028248588,2016,0.3105960264900662
Eastern Cape,Ward 21201002,EC121,4206,0.567284831193533,False,8.344267356262645,0.5355493727810142,0.02556580050293378,2016,0.4800394282897979
Eastern Cape,Ward 21201003,EC121,4288,0.5496735074626866,False,8.363575702750637,0.5361174799981384,0.01612218922358931,2016,0.4745301007899755
Eastern Cape,Ward 21201004,EC121,4922,0.5321007720438846,False,8.501470230951002,0.5366843424310028,0.020618556701030927,2016,0.4191980558930741
Eastern Cape,Ward 21201005,EC121,3864,0.4932712215320911,False,8.259458195332408,0.5379369085765446,0.02465897166841553,2016,0.4555528788243796
Eastern Cape,Ward 21201006,EC121,4244,0.5303958529688972,False,8.353261499733874,0.5367393398205186,0.030208796090626388,2016,0.4706619859578736
Eastern Cape,Ward 21201007,EC121,4400,0.5184090909090909,False,8.389359819906353,0.5371260095643833,0.014905743095133712,2016,0.4609830602610386
Eastern Cape,Ward 21201008,EC121,4099,0.5611124664552329,False,8.318498320504338,0.5357484813209594,0.01217391304347826,2016,0.4329380764163373
Eastern Cape,Ward 21201009,EC121,4903,0.5066285947379155,False,8.497602541651233,0.5375060255699051,0.010466988727858293,2016,0.3664407571862584
Eastern Cape,Ward 21201010,EC121,3610,0.5501385041551247,False,8.191463051326927,0.5361024801048339,0.030211480362537766,2016,0.4383600917431192
Eastern Cape,Ward 21201011,EC121,4707,0.5459953261100489,False,8.456806041401142,0.5362361310095137,0.023346303501945526,2016,0.5
Eastern Cape,Ward 21201012,EC121,3550,0.5535211267605634,False,8.174702882469461,0.5359933632465939,0.013231552162849873,2016,0.4624331971078277
Eastern Cape,Ward 21201013,EC121,4115,0.4770352369380315,False,8.32239411311117,0.5384606500150626,0.018848700967906265,2016,0.4143703322173577
Eastern Cape,Ward 21201014,EC121,4176,0.5950670498084292,False,8.337109129562474,0.5346531721805338,0.023340040241448694,2016,0.5863060989643268
Eastern Cape,Ward 21201015,EC121,3699,0.5314949986482833,False,8.215817791832453,0.5367038835082804,0.013733468972533061,2016,0.4736992567181246
Eastern Cape,Ward 21201016,EC121,3868,0.5540330920372285,False,8.260492856573185,0.5359768482376692,0.022865142323845077,2016,0.4776080766243852
Eastern Cape,Ward 21201017,EC121,4550,0.4953846153846153,False,8.422882511944996,0.5378687345813019,0.011978704525288377,2016,0.436609152288072
Eastern Cape,Ward 21201018,EC121,3661,0.5192570335973777,False,8.205491613120236,0.5370986565744387,0.016307206733298264,2016,0.479818485789348
Eastern Cape,Ward 21201019,EC121,4168,0.4683301343570057,False,8.335191583433202,0.5387414597757408,0.02663934426229508,2016,0.4153672316384181
Eastern Cape,Ward 21201020,EC121,3928,0.5381873727087576,False,8.275885669474356,0.5364880004740715,0.015610217596972564,2016,0.4718815089099745
Eastern Cape,Ward 21201021,EC121,3300,0.536969696969697,False,8.101677747454572,0.5365272803366219,0.01072234762979684,2016,0.4515845070422535
Eastern Cape,Ward 21201022,EC121,3555,0.6303797468354431,False,8.176110342237342,0.5335140529215977,0.01249442213297635,2016,0.5015656134358099
Eastern Cape,Ward 21201023,EC121,4316,0.5922150139017609,False,8.370084326378025,0.5347451733388133,0.02190923317683881,2016,0.4904223968565815
Eastern Cape,Ward 21201024,EC121,3464,0.549364896073903,False,8.150179269682326,0.5361274352042281,0.021019442984760904,2016,0.4847250509164969
Eastern Cape,Ward 21201025,EC121,4742,0.4989455925769717,False,8.464214266625351,0.5377538643492904,0.019864750633981403,2016,0.3964188012932106
Eastern Cape,Ward 21201026,EC121,3479,0.5127910319057201,False,8.154500175151941,0.5373072372741695,0.018497757847533634,2016,0.5602391629297458
Eastern Cape,Ward 21201027,EC121,3661,0.5747063643813166,False,8.205491613120236,0.5353099684846341,0.014258555133079848,2016,0.4594288945433983
Eastern Cape,Ward 21201028,EC121,4261,0.5116169913165923,False,8.357259153499912,0.5373451095512382,0.016055045871559634,2016,0.4739372469635627
Eastern Cape,Ward 21201029,EC121,3739,0.6124632254613533,False,8.226573474977114,0.5340920052239878,0.027510917030567687,2016,0.5818755377114998
Eastern Cape,Ward 21201030,EC121,3812,0.5401364113326338,False,8.245909264774093,0.5364251282603981,0.023312287518212724,2016,0.4459539279385706
Eastern Cape,Ward 21201031,EC121,3487,0.5661026670490393,False,8.156797046675651,0.535587507108256,0.0121580547112462,2016,0.5100130039011703
Eastern Cape,Ward 21201032,EC121,4788,0.5908521303258145,False,8.473868066677865,0.5347891373251342,0.013078826440438318,2016,0.4864596273291925
Eastern Cape,Ward 21202001,EC122,4497,0.4178341116299755,False,8.411165786770708,0.5139572883180271,0.006918573709419904,2016,0.2596246390760346
Eastern Cape,Ward 21202002,EC122,4146,0.4717800289435601,False,8.329899292995725,0.512159091074241,0.0081799591002045,2016,0.3403128153380423
Eastern Cape,Ward 21202003,EC122,3782,0.4563722897937599,False,8.238008249218403,0.5126726823792344,0.01853997682502897,2016,0.3355508249068653
Eastern Cape,Ward 21202004,EC122,4124,0.4243452958292919,False,8.32457884513685,0.5137402488447166,0.010285714285714285,2016,0.3536411232746311
Eastern Cape,Ward 21202005,EC122,4335,0.4064590542099192,False,8.374476889214643,0.5143364568986957,0.043132803632236094,2016,0.3184668989547038
Eastern Cape,Ward 21202006,EC122,3796,0.3411485774499473,False,8.241703159729818,0.5165134727906947,0.013899613899613899,2016,0.226193515445494
Eastern Cape,Ward 21202007,EC122,3965,0.4491803278688525,False,8.285261134068948,0.512912414443398,0.021897810218978103,2016,0.3406735751295336
Eastern Cape,Ward 21202008,EC122,3766,0.5151354221986192,False,8.233768709217097,0.5107139112990723,0.025257731958762887,2016,0.4586269903419472
Eastern Cape,Ward 21202009,EC122,3700,0.5027027027027027,False,8.216088098632316,0.5111283352822695,0.02204301075268817,2016,0.387213847012842
Eastern Cape,Ward 21202010,EC122,3635,0.5243466299862448,False,8.19836438996762,0.5104068710394849,0.03882476390346275,2016,0.5040797824116047
Eastern Cape,Ward 21202011,EC122,4385,0.5511972633979475,False,8.385944904806284,0.5095118499257614,0.025651634257343816,2016,0.4585755813953488
Eastern Cape,Ward 21202012,EC122,4068,0.5358898721730581,False,8.31090675716845,0.5100220962999243,0.0853211009174312,2016,0.4821338701560141
Eastern Cape,Ward 21202013,EC122,3738,0.5473515248796148,False,8.226305988015508,0.5096400412097059,0.017595307917888565,2016,0.4541374474053296
Eastern Cape,Ward 21202014,EC122,3984,0.5328815261044176,False,8.290041618704489,0.5101223745022124,0.016957136128120585,2016,0.48313704496788
Eastern Cape,Ward 21202015,EC122,3662,0.5660841070453304,False,8.205764725234456,0.5090156218041819,0.027496382054992764,2016,0.4698263173388284
Eastern Cape,Ward 21202016,EC122,4277,0.5590367079728782,False,8.361007108226909,0.5092505351065971,0.017984107068172314,2016,0.4471166278769071
Eastern Cape,Ward 21202017,EC122,3885,0.5163449163449163,False,8.264878262801748,0.510673594827529,0.018444666001994018,2016,0.438877755511022
Eastern Cape,Ward 21202018,EC122,3813,0.5405192761605035,False,8.246171559857563,0.5098677828336762,0.01601164483260553,2016,0.4829914307971955
Eastern Cape,Ward 21202019,EC122,3689,0.5361886690159935,False,8.213110697596676,0.5100121364051599,0.017189079878665317,2016,0.4753631444033039
Eastern Cape,Ward 21202020,EC122,4048,0.545207509881423,False,8.305978210967302,0.5097115083763122,0.01993656547349343,2016,0.453788285867813
Eastern Cape,Ward 21202021,EC122,3786,0.5258848388800845,False,8.239065331769268,0.5103555974096902,0.025113008538422903,2016,0.3743435858964741
Eastern Cape,Ward 21202022,EC122,4027,0.5468090389868389,False,8.300776960851454,0.5096581240727984,0.010899182561307902,2016,0.4555555555555555
Eastern Cape,Ward 21202023,EC122,4017,0.5519044062733384,False,8.298290634359283,0.5094882784965817,0.017591339648173207,2016,0.4332514332514332
Eastern Cape,Ward 21202024,EC122,4758,0.5580075662042875,False,8.467582690862903,0.5092848398322167,0.02071563088512241,2016,0.5212393803098451
Eastern Cape,Ward 21202025,EC122,3965,0.5556116015132408,False,8.285261134068948,0.5093647053219182,0.021788470267816613,2016,0.4201520912547528
Eastern Cape,Ward 21202026,EC122,4334,0.4852330410706045,False,8.374246182096304,0.5117106573366729,0.011887779362815026,2016,0.4330995792426367
Eastern Cape,Ward 21202027,EC122,4525,0.5551381215469613,False,8.417372856134026,0.5093804879874609,0.03503184713375796,2016,0.4975357897207228
Eastern Cape,Ward 21202028,EC122,4324,0.5612858464384829,False,8.371936178759098,0.5091755638244102,0.025133910177173466,2016,0.4675324675324675
Eastern Cape,Ward 21202029,EC122,4377,0.5195339273474983,False,8.384118837190895,0.5105672944607764,0.019349164467897976,2016,0.480154355016538
Eastern Cape,Ward 21202030,EC122,4330,0.5080831408775982,False,8.373322820996535,0.5109489873431063,0.01818181818181818,2016,0.4135317237507018
Eastern Cape,Ward 21202031,EC122,4457,0.5290554184428988,False,8.402231172946555,0.510249911424263,0.01102629346904156,2016,0.4117983963344788
Eastern Cape,Ward 21203001,EC123,2528,0.7464398734177216,False,7.8351837552667485,0.5972631279509287,0.005299417064122946,2016,0.6515589842494375
Eastern Cape,Ward 21203002,EC123,2185,0.6073226544622425,False,7.68937110752969,0.6204493311101752,0.009796533534287867,2016,0.3766546329723225
Eastern Cape,Ward 21203003,EC123,2612,0.6259571209800919,False,7.867871490396322,0.6173435866905337,0.005504587155963303,2016,0.5497915701713756
Eastern Cape,Ward 21203004,EC123,2677,0.5670526709002615,False,7.892452043520352,0.627160995037172,0.01383399209486166,2016,0.52775290957923
Eastern Cape,Ward 21203005,EC123,2283,0.6736749890494963,False,7.733245646529795,0.6093906086789663,0.02080624187256177,2016,0.6439854191980559
Eastern Cape,Ward 21203006,EC123,2692,0.5449479940564635,False,7.898039690764619,0.6308451078444718,0.017041581458759374,2016,0.5540847201210287
Eastern Cape,Ward 21203007,EC123,2708,0.5646233382570163,False,7.903965634032166,0.6275658838110463,0.015042511445389144,2016,0.5299115044247787
Eastern Cape,Ward 21204001,EC124,3199,0.4767114723351047,False,8.070593539949519,0.5458833561121345,0.011147540983606558,2016,0.3717948717948718
Eastern Cape,Ward 21204002,EC124,3184,0.5144472361809045,False,8.065893546964274,0.543187944408863,0.020146520146520148,2016,0.4357522123893805
Eastern Cape,Ward 21204003,EC124,3596,0.478587319243604,False,8.18757739559151,0.5457493670472416,0.023823358512492735,2016,0.4175320708613317
Eastern Cape,Ward 21204004,EC124,3240,0.5712962962962963,False,8.083328608786376,0.5391272972577636,0.024311183144246355,2016,0.438299343242309
Eastern Cape,Ward 21204005,EC124,3883,0.5843420036054597,False,8.264363329731667,0.5381954610213948,0.01762891141472014,2016,0.4856541195051329
Eastern Cape,Ward 21204006,EC124,3693,0.5518548605469807,False,8.214194414852564,0.5405159712398576,0.03434739941118744,2016,0.4921985815602837
Eastern Cape,Ward 21204007,EC124,3481,0.6095949439816145,False,8.15507488781144,0.5363916795659552,0.016022620169651274,2016,0.565752128666036
Eastern Cape,Ward 21204008,EC124,3589,0.3513513513513513,False,8.185628891147607,0.5548376504681168,0.01823949246629659,2016,0.5240187463386058
Eastern Cape,Ward 21204009,EC124,3806,0.5969521807672097,False,8.244334047856094,0.5372947340812698,0.02640845070422535,2016,0.5454545454545454
Eastern Cape,Ward 21204010,EC124,3140,0.5111464968152867,False,8.0519780789023,0.5434237115064071,0.0161993769470405,2016,0.4595729786489324
Eastern Cape,Ward 21204011,EC124,3452,0.5040556199304751,False,8.146709052203319,0.5439302027124652,0.020114942528735632,2016,0.4016139044072005
Eastern Cape,Ward 21204012,EC124,3737,0.5854963874765855,False,8.226038429485484,0.5381130050306001,0.009140767824497258,2016,0.4823993241340467
Eastern Cape,Ward 21204013,EC124,4122,0.6622998544395924,False,8.324093761450404,0.532627043104671,0.009523809523809525,2016,0.5320725785842065
Eastern Cape,Ward 21204014,EC124,3495,0.547925608011445,False,8.15908865466791,0.540796632135253,0.019843342036553524,2016,0.4156240463838877
Eastern Cape,Ward 21204015,EC124,3328,0.5730168269230769,False,8.1101268019411,0.5390044022129936,0.01101206082852648,2016,0.4816393442622951
Eastern Cape,Ward 21206001,EC126,3376,0.5779028436018957,False,8.124446855715847,0.5741243417800301,0.019477191184008202,2016,0.5431034482758621
Eastern Cape,Ward 21206002,EC126,3457,0.5866358113971651,False,8.148156439921625,0.5733304356168238,0.01873767258382643,2016,0.5386029411764706
Eastern Cape,Ward 21206003,EC126,3369,0.5814781834372217,False,8.122371243406553,0.5737993108859096,0.019908116385911178,2016,0.492179700499168
Eastern Cape,Ward 21206004,EC126,3024,0.5476190476190477,False,8.014335737299424,0.5768774141421072,0.02717391304347826,2016,0.431243505368895
Eastern Cape,Ward 21206005,EC126,3247,0.5697566984909147,False,8.085486772102845,0.574864900426483,0.023243243243243242,2016,0.5309849967384214
Eastern Cape,Ward 21206006,EC126,3174,0.5308758664146188,False,8.062747901086354,0.5783995215243279,0.018397626112759646,2016,0.4889191953631094
Eastern Cape,Ward 21206007,EC126,3159,0.5982905982905983,False,8.058010800802085,0.5722709095356027,0.030687830687830688,2016,0.4687287559483344
Eastern Cape,Ward 21206008,EC126,3501,0.4955726935161382,False,8.160803920954665,0.5816089008787354,0.011527377521613832,2016,0.4731246308328411
Eastern Cape,Ward 21206009,EC126,3007,0.5693382108413702,False,8.008698182988528,0.5749029447582598,0.008177570093457943,2016,0.5443864229765013
Eastern Cape,Ward 21206010,EC126,3356,0.6087604290822408,False,8.118505067587098,0.5713191067363623,0.01860009789525208,2016,0.5240174672489083
Eastern Cape,Ward 21206011,EC126,2866,0.6297976273551988,False,7.960672608388117,0.5694066341660935,0.017174515235457065,2016,0.5982436882546652
Eastern Cape,Ward 21206012,EC126,3409,0.597242593135817,False,8.134174272137903,0.5723661827314918,0.018172888015717092,2016,0.6647058823529411
Eastern Cape,Ward 21209001,EC129,3063,0.5905974534769833,False,8.027150106832774,0.5488354869950612,0.02045328911000553,2016,0.5250501002004008
Eastern Cape,Ward 21209002,EC129,3329,0.521177530790027,False,8.110427237575024,0.5519909380262865,0.022478386167146973,2016,0.4390959788670384
Eastern Cape,Ward 21209003,EC129,3953,0.5653933721224387,False,8.282230063296685,0.5499811270566315,0.03847874720357942,2016,0.5678931943992185
Eastern Cape,Ward 21209004,EC129,3306,0.5955837870538415,False,8.10349427838097,0.5486088354688404,0.05434230573895378,2016,0.437480215257993
Eastern Cape,Ward 21209005,EC129,3142,0.5105028644175684,False,8.052614818815567,0.5524761501341255,0.019326683291770574,2016,0.4425057208237986
Eastern Cape,Ward 21209006,EC129,3144,0.4891857506361323,False,8.053251153549096,0.5534451098514636,0.0188556566970091,2016,0.41762690750545
Eastern Cape,Ward 21209007,EC129,3109,0.49501447410743,False,8.042056410058754,0.5531801678754955,0.030539311241065625,2016,0.5469014561462919
Eastern Cape,Ward 21209008,EC129,4209,0.5659301496792587,False,8.344980368770571,0.549956728076776,0.013853904282115869,2016,0.4516045548654244
Eastern Cape,Ward 21209009,EC129,3750,0.5682666666666667,False,8.229511118964457,0.5498505227591666,0.014077897700610043,2016,0.4669127339836541
Eastern Cape,Ward 21209010,EC129,3655,0.5756497948016416,False,8.203851372183879,0.5495149260257586,0.01758555133079848,2016,0.5711859609397113
Eastern Cape,Ward 21209011,EC129,4476,0.3706434316353887,False,8.406485069431817,0.5588333970787701,0.0108499095840868,2016,0.1199338296112489
Eastern Cape,Ward 21209012,EC129,3754,0.5689930740543421,False,8.230577217146454,0.549817504241545,0.015917602996254682,2016,0.5431684828164292
Eastern Cape,Ward 21209013,EC129,3139,0.6368270149729213,False,8.051659556841953,0.5467341432907005,0.011005502751375688,2016,0.5523740485683218
Eastern Cape,Ward 21209014,EC129,3811,0.5804250852794542,False,8.24564690087386,0.5492978673676762,0.017179023508137433,2016,0.4652858809801634
Eastern Cape,Ward 21209015,EC129,3285,0.5704718417047184,False,8.09712193091871,0.5497502875301642,0.013340448239060833,2016,0.4965297860034702
Eastern Cape,Ward 21209016,EC129,3861,0.5467495467495468,False,8.258681496264236,0.5508285736644901,0.030791094268119375,2016,0.4966063348416289
Eastern Cape,Ward 21209017,EC129,3593,0.566657389368216,False,8.186742787113518,0.549923671727278,0.0137524557956778,2016,0.4776964047936085
Eastern Cape,Ward 21209018,EC129,3105,0.5220611916264091,False,8.040768994367578,0.5519507716246328,0.01974090067859346,2016,0.4576612903225806
Eastern Cape,Ward 21209019,EC129,3999,0.5601400350087522,False,8.293799608846818,0.5502199151072535,0.023214285714285715,2016,0.5074866310160427
Eastern Cape,Ward 21209020,EC129,3177,0.5823103556814605,False,8.063692634269517,0.549212173258494,0.017297297297297298,2016,0.5659407138535996
Eastern Cape,Ward 21209021,EC129,3792,0.5954641350210971,False,8.240648863374913,0.5486142741976016,0.02037201062887511,2016,0.5362506473329881
Eastern Cape,Ward 21209022,EC129,3458,0.5497397339502602,False,8.148445666243235,0.5506926560644577,0.03103629668595476,2016,0.5103550295857988
Eastern Cape,Ward 21209023,EC129,4853,0.537193488563775,False,8.487352349405215,0.5512629399456617,0.011507479861910242,2016,0.5039153439153439
Eastern Cape,Ward 21301001,EC131,3495,0.5925608011444922,False,8.15908865466791,0.5676965336045217,0.012071463061323033,2016,0.515423779574723
Eastern Cape,Ward 21301002,EC131,2923,0.5658569962367431,False,7.980365765111246,0.5710345092179903,0.02418379685610641,2016,0.4544405997693195
Eastern Cape,Ward 21301003,EC131,2909,0.5964248882777586,False,7.975564658495202,0.5672135227128633,0.019596541786743516,2016,0.4966561070045758
Eastern Cape,Ward 21301004,EC131,3660,0.5439890710382513,False,8.205218426395412,0.5737679998678017,0.021597187343043698,2016,0.4683130020827135
Eastern Cape,Ward 21301005,EC131,3173,0.6284273558146865,False,8.062432791583195,0.5632132142707473,0.006519558676028084,2016,0.5743557901272897
Eastern Cape,Ward 21301006,EC131,3360,0.5279761904761905,False,8.11969625295725,0.5757696099380594,0.018038331454340473,2016,0.4352485858886573
Eastern Cape,Ward 21301007,EC131,3295,0.5068285280728376,False,8.100161446936607,0.5784130677384784,0.029940119760479042,2016,0.4663333333333333
Eastern Cape,Ward 21301008,EC131,4705,0.5358129649309246,False,8.45638105201948,0.5747900131312176,0.03649345497818326,2016,0.4746325272641062
Eastern Cape,Ward 21301009,EC131,3387,0.6362562739887806,False,8.127699852817772,0.5622345994989856,0.01531322505800464,2016,0.5387896560917089
Eastern Cape,Ward 21305001,EC135,4232,0.5982986767485823,False,8.350429973538136,0.577533013889723,0.018167456556082148,2016,0.5190895741556535
Eastern Cape,Ward 21305002,EC135,3466,0.621465666474322,False,8.150756470275551,0.576374664403436,0.023676880222841225,2016,0.484437596302003
Eastern Cape,Ward 21305003,EC135,4421,0.6328884867676996,False,8.394121193826242,0.5758035233887672,0.010364546104360257,2016,0.505104934770278
Eastern Cape,Ward 21305004,EC135,4170,0.6232613908872902,False,8.335671314792847,0.5762848781827876,0.020777222008464793,2016,0.5754527162977867
Eastern Cape,Ward 21305005,EC135,3694,0.5985381700054142,False,8.214465160759186,0.5775210392268815,0.03753957485300769,2016,0.4887879648027249
Eastern Cape,Ward 21305006,EC135,3890,0.5850899742930591,False,8.266164436612492,0.5781934490124991,0.029437609841827767,2016,0.4889621923369703
Eastern Cape,Ward 21305007,EC135,3991,0.5697820095214232,False,8.291797105048733,0.5789588472510809,0.025505716798592787,2016,0.5503472222222222
Eastern Cape,Ward 21305008,EC135,3957,0.5799848369977255,False,8.283241441385425,0.5784487058772658,0.01568627450980392,2016,0.4772256728778468
Eastern Cape,Ward 21305009,EC135,3312,0.5431763285024155,False,8.10530751550515,0.5802891313020313,0.016120066703724293,2016,0.4938530734632683
Eastern Cape,Ward 21305010,EC135,3318,0.5774562989752863,False,8.10711747075039,0.5785751327783878,0.008350730688935281,2016,0.5429292929292929
Eastern Cape,Ward 21305011,EC135,3377,0.5863192182410424,False,8.124743020385568,0.5781319868151,0.03585858585858586,2016,0.5125737348649487
Eastern Cape,Ward 21305012,EC135,3395,0.5449189985272459,False,8.130059039992796,0.5802019978007898,0.012972972972972972,2016,0.360079387581514
Eastern Cape,Ward 21305013,EC135,4126,0.5533204071740184,False,8.325063693631197,0.5797819273684512,0.029347349978098992,2016,0.4527043126042411
Eastern Cape,Ward 21305014,EC135,4203,0.5065429455151083,False,8.343553835005117,0.5821208004513967,0.018788163457022077,2016,0.3570731707317073
Eastern Cape,Ward 21305015,EC135,3213,0.5645813881107998,False,8.074960359115858,0.5792188783216121,0.018191841234840134,2016,0.5022040302267002
Eastern Cape,Ward 21305016,EC135,3236,0.5664400494437577,False,8.082093278178382,0.5791259452549642,0.02564102564102564,2016,0.4920221426245522
Eastern Cape,Ward 21305017,EC135,3470,0.5576368876080692,False,8.151909872940905,0.5795661033467486,0.028423772609819122,2016,0.4623782826792564
Eastern Cape,Ward 21305018,EC135,3404,0.5796122209165687,False,8.132706489693264,0.5784673366813237,0.019766852508869743,2016,0.4565868263473054
Eastern Cape,Ward 21305019,EC135,3600,0.5541666666666667,False,8.1886891244442,0.5797396143938187,0.0380952380952381,2016,0.5303173107131637
Eastern Cape,Ward 21305020,EC135,4069,0.5979356107151634,False,8.31115254800169,0.577551167191394,0.0448006576243321,2016,0.5212306127637936
Eastern Cape,Ward 21305021,EC135,3394,0.6075427224513847,False,8.129764445794171,0.5770708116045828,0.015033947623666343,2016,0.5473200612557427
Eastern Cape,Ward 21306001,EC136,3713,0.7748451387018583,False,8.21959545417708,0.5857887375114504,0.020507473062217587,2016,0.5493355951371218
Eastern Cape,Ward 21306002,EC136,3437,0.6063427407622927,False,8.142354276849835,0.5963201373826733,0.0427063339731286,2016,0.5838946723821188
Eastern Cape,Ward 21306003,EC136,4004,0.5846653346653347,False,8.295049140435111,0.5976749752637331,0.024775736864587783,2016,0.4800849707912905
Eastern Cape,Ward 21306004,EC136,3548,0.5450958286358512,False,8.17413934342947,0.6001480693905759,0.015511892450879007,2016,0.4513451631368059
Eastern Cape,Ward 21306005,EC136,4081,0.5802499387405048,False,8.314097335405807,0.597950937509035,0.017736486486486486,2016,0.5476370988122314
Eastern Cape,Ward 21306006,EC136,3754,0.6225359616409164,False,8.230577217146454,0.5953080610777592,0.01069747539580659,2016,0.5339753879079722
Eastern Cape,Ward 21306007,EC136,3854,0.5446289569278672,False,8.256866848974312,0.6001772488723248,0.012863268222963315,2016,0.4681448217793993
Eastern Cape,Ward 21306008,EC136,3875,0.592,False,8.262300941787448,0.5972165586803165,0.025719267654751524,2016,0.5117038649972782
Eastern Cape,Ward 21306009,EC136,3885,0.5868725868725869,False,8.264878262801748,0.5975370220007798,0.037719298245614034,2016,0.553246013667426
Eastern Cape,Ward 21306010,EC136,3320,0.6168674698795181,False,8.107720061910534,0.5956623418128467,0.013671875,2016,0.5672306322350846
Eastern Cape,Ward 21306011,EC136,3622,0.5704030922142462,False,8.19478163844336,0.5985663654169262,0.012584704743465635,2016,0.5526244952893674
Eastern Cape,Ward 21306012,EC136,3525,0.6062411347517731,False,8.16763571524637,0.5963264877583307,0.02339728591483388,2016,0.4762046400951814
Eastern Cape,Ward 21306013,EC136,3114,0.6152858060372511,False,8.043663352393944,0.5957611958029884,0.03392484342379958,2016,0.5611202635914333
Eastern Cape,Ward 21306014,EC136,3355,0.629806259314456,False,8.118207049405783,0.594853667473163,0.014671083767155703,2016,0.5885125184094256
Eastern Cape,Ward 21306015,EC136,3937,0.5514351028702057,False,8.278174290943738,0.5997518647509287,0.02164900967296177,2016,0.4958971553610503
Eastern Cape,Ward 21306016,EC136,3255,0.5453149001536098,False,8.08794755464267,0.600134377420716,0.02647887323943662,2016,0.4823079375199235
Eastern Cape,Ward 21306017,EC136,3192,0.574874686716792,False,8.068402958569699,0.5982868907605171,0.013623978201634877,2016,0.5690897184020957
Eastern Cape,Ward 21307001,EC137,3406,0.5132119788608338,False,8.133293861222633,0.5184836877140464,0.012013729977116704,2016,0.4677271336800245
Eastern Cape,Ward 21307002,EC137,3445,0.5640058055152395,False,8.144679183447758,0.5158103284164461,0.020586721564590838,2016,0.48085513720485
Eastern Cape,Ward 21307003,EC137,3238,0.5370599135268684,False,8.08271113423758,0.5172285332579394,0.017251293847038527,2016,0.5005038629492778
Eastern Cape,Ward 21307004,EC137,3668,0.5657033805888768,False,8.207401833376355,0.5157209823599389,0.00963855421686747,2016,0.4673480976717774
Eastern Cape,Ward 21307005,EC137,3231,0.5326524295883628,False,8.080546965824498,0.517460506096808,0.018593840790238233,2016,0.5368663594470046
Eastern Cape,Ward 21307006,EC137,3459,0.4877132119109569,False,8.148734808937169,0.5198257280798294,0.011855364552459988,2016,0.5644508670520231
Eastern Cape,Ward 21307007,EC137,3955,0.5484197218710493,False,8.282735880201754,0.5166306486082457,0.0198248040571692,2016,0.4284511784511784
Eastern Cape,Ward 21307008,EC137,3416,0.5652810304449649,False,8.13622555490846,0.5157432113148817,0.017089590885551526,2016,0.4992185057830572
Eastern Cape,Ward 21307009,EC137,4134,0.4925012094823415,False,8.327000740241713,0.5195737282076514,0.021611001964636542,2016,0.4477459016393442
Eastern Cape,Ward 21307010,EC137,4180,0.4406698564593301,False,8.338066525518801,0.5223016941562308,0.018458197611292075,2016,0.3609671848013817
Eastern Cape,Ward 21307011,EC137,3116,0.4287548138639281,False,8.044305406990638,0.522928801661252,0.040419161676646706,2016,0.3856062727527303
Eastern Cape,Ward 21307012,EC137,3499,0.535295798799657,False,8.160232492367689,0.5173213814014769,0.01761879337960491,2016,0.4925130208333333
Eastern Cape,Ward 21307013,EC137,3875,0.5189677419354839,False,8.262300941787448,0.5181807528153807,0.016907011437095974,2016,0.4272004387167535
Eastern Cape,Ward 21307014,EC137,3797,0.5493810903344746,False,8.241966560231802,0.5165800502680654,0.02732502396931927,2016,0.4726918075422627
Eastern Cape,Ward 21307015,EC137,4168,0.5026391554702495,False,8.335191583433202,0.5190401521030246,0.025775656324582338,2016,0.4764914054600607
Eastern Cape,Ward 21307016,EC137,3775,0.4596026490066225,False,8.236155661683124,0.5213052313905839,0.02132564841498559,2016,0.4669678147939017
Eastern Cape,Ward 21307017,EC137,3765,0.5096945551128818,False,8.233503140233994,0.5186688152797282,0.028139656070870246,2016,0.4727272727272727
Eastern Cape,Ward 21307018,EC137,3919,0.5276856340903292,False,8.273591798199632,0.5177219163861784,0.006769825918762089,2016,0.4777984578569529
Eastern Cape,Ward 21307019,EC137,4230,0.5286052009456265,False,8.349957272040324,0.5176735181306363,0.03443649373881932,2016,0.482063882063882
Eastern Cape,Ward 21307020,EC137,3218,0.5565568676196395,False,8.076515327552329,0.5162023777793725,0.027917364600781685,2016,0.4782380702674357
Eastern Cape,Ward 21308001,EC138,3860,0.5310880829015544,False,8.258422462458876,0.5548450868536587,0.0224390243902439,2016,0.4744703965236285
Eastern Cape,Ward 21308002,EC138,3712,0.5581896551724138,False,8.21932609390609,0.5514573903198013,0.025096525096525095,2016,0.5065514357401728
Eastern Cape,Ward 21308003,EC138,3916,0.5602655771195098,False,8.272826003650401,0.5511979000764143,0.011394712853236098,2016,0.494661921708185
Eastern Cape,Ward 21308004,EC138,2889,0.4600207684319833,False,7.968665700466235,0.5637285011623552,0.01580135440180587,2016,0.4102878138395591
Eastern Cape,Ward 21308005,EC138,3785,0.5455746367239102,False,8.23880116587155,0.5530342676258643,0.008716707021791767,2016,0.4115495165926313
Eastern Cape,Ward 21308006,EC138,3282,0.5850091407678245,False,8.096208271650037,0.548104954620375,0.030208333333333334,2016,0.4998276456394346
Eastern Cape,Ward 21308007,EC138,3094,0.5723981900452488,False,8.037220031133012,0.549681323460697,0.028232636928289104,2016,0.474949221394719
Eastern Cape,Ward 21308008,EC138,2973,0.6279852001345443,False,7.997326822998097,0.542732947199535,0.11301553294054634,2016,0.5862681266646937
Eastern Cape,Ward 21308009,EC138,3121,0.5293175264338353,False,8.045908742270779,0.5550664064121237,0.027239709443099273,2016,0.5486928104575164
Eastern Cape,Ward 21309001,EC139,3591,0.531885268727374,False,8.186185994226083,0.5328667760749377,0.020418848167539267,2016,0.4079173838209983
Eastern Cape,Ward 21309002,EC139,3540,0.5062146892655367,False,8.17188200612782,0.5336446724222661,0.012276785714285714,2016,0.4467621419676214
Eastern Cape,Ward 21309003,EC139,3269,0.5396145610278372,False,8.092239406724211,0.5326325550961358,0.022675736961451247,2016,0.5272253015976525
Eastern Cape,Ward 21309004,EC139,3282,0.5316879951249238,False,8.096208271650037,0.5328727540628908,0.010888252148997135,2016,0.4886363636363636
Eastern Cape,Ward 21309005,EC139,3292,0.4465370595382746,False,8.09925056179696,0.5354530854443044,0.011564625850340135,2016,0.3494573643410852
Eastern Cape,Ward 21309006,EC139,3582,0.5281965382467895,False,8.183676582620658,0.5329785557864706,0.012156448202959831,2016,0.4312056737588652
Eastern Cape,Ward 21309007,EC139,3481,0.462798046538351,False,8.15507488781144,0.5349603282624839,0.002482929857231533,2016,0.4094812779113707
Eastern Cape,Ward 21309008,EC139,3481,0.5208273484630853,False,8.15507488781144,0.533201864567795,0.00827357970215113,2016,0.4162246489859594
Eastern Cape,Ward 21309009,EC139,2485,0.6160965794768611,False,7.818027938530729,0.5303149181734381,0.007838014369693011,2016,0.4755434782608695
Eastern Cape,Ward 21309010,EC139,4500,0.5857777777777777,False,8.411832675758411,0.531233669740077,0.004552352048558422,2016,0.5529122231337161
Eastern Cape,Ward 21309011,EC139,3049,0.4726139717940308,False,8.022568946988255,0.5346628759820088,0.028452463566967384,2016,0.4501361049245236
Eastern Cape,Ward 21309012,EC139,3179,0.4123938345391633,False,8.064321960910803,0.5364877286260956,0.034324942791762014,2016,0.454381443298969
Eastern Cape,Ward 21309013,EC139,3889,0.5309848290048855,False,8.265907334155747,0.5328940621271343,0.005326876513317191,2016,0.3850340136054421
Eastern Cape,Ward 21309014,EC139,4530,0.4618101545253863,False,8.41847721847708,0.5349902643840888,0.0124282982791587,2016,0.3883287503819126
Eastern Cape,Ward 21309015,EC139,3484,0.5054535017221584,False,8.155936337972394,0.5336677387114594,0.013628620102214651,2016,0.4243675787299948
Eastern Cape,Ward 21309016,EC139,3593,0.5062621764542166,False,8.186742787113518,0.5336432334165485,0.010995052226498075,2016,0.3713468869123253
Eastern Cape,Ward 21309017,EC139,3913,0.4648607206746741,False,8.272059622210412,0.5348978229856255,0.010995052226498075,2016,0.3485060039095224
Eastern Cape,Ward 21309018,EC139,4099,0.6079531593071481,False,8.318498320504338,0.5305616884816112,0.03009630818619583,2016,0.5320125634211162
Eastern Cape,Ward 21309019,EC139,4589,0.560688603181521,False,8.431417414394833,0.5319939477581453,0.011270890011659542,2016,0.4916770186335403
Eastern Cape,Ward 21309020,EC139,3108,0.5971685971685972,False,8.041734711487537,0.5308884933949006,0.013469827586206896,2016,0.523200889135871
Eastern Cape,Ward 21309021,EC139,3887,0.5554412143040905,False,8.265392930852224,0.53215295954231,0.01157943492357573,2016,0.6089607635206787
Eastern Cape,Ward 21309022,EC139,4050,0.548641975308642,False,8.306472160100585,0.5323589970876266,0.0144014401440144,2016,0.4746201099256385
Eastern Cape,Ward 21309023,EC139,3806,0.4511297950604309,False,8.244334047856094,0.5353139116406026,0.0122306348281887,2016,0.4110512129380054
Eastern Cape,Ward 21309024,EC139,3603,0.4801554260338607,False,8.189522110748094,0.5344343470656502,0.021965317919075144,2016,0.3966967902773449
Eastern Cape,Ward 21309025,EC139,3643,0.5105682130112544,False,8.200562797008564,0.5335127474602747,0.011827956989247311,2016,0.4446733372572101
Eastern Cape,Ward 21309026,EC139,3718,0.5328133405056482,False,8.220941168281389,0.5328386526877172,0.005552751135790005,2016,0.4370807620069761
Eastern Cape,Ward 21309027,EC139,4193,0.6389220128786072,False,8.341171747170762,0.5296232383733852,0.017170586039567004,2016,0.6157441574415744
Eastern Cape,Ward 21309028,EC139,3410,0.5894428152492669,False,8.134467570277563,0.5311226079985167,0.008955223880597015,2016,0.4499831593128999
Eastern Cape,Ward 21309029,EC139,3231,0.5246053853296193,False,8.080546965824498,0.5330873786021424,0.02359882005899705,2016,0.4330413016270338
Eastern Cape,Ward 21309030,EC139,3746,0.5880939668980245,False,8.228443883004033,0.5311634821909785,0.02224239673172946,2016,0.5002837684449489
Eastern Cape,Ward 21309031,EC139,3399,0.549573403942336,False,8.131236549696116,0.5323307719775147,0.020342612419700215,2016,0.5774493705528189
Eastern Cape,Ward 21309032,EC139,4008,0.5356786427145709,False,8.2960476427647,0.5327518253480529,0.014904517931998137,2016,0.4739259659551472
Eastern Cape,Ward 21309033,EC139,3709,0.549204637368563,False,8.21851757748959,0.5323419467221744,0.014727540500736377,2016,0.6384244828563332
Eastern Cape,Ward 21309034,EC139,3260,0.6723926380368098,False,8.089482474360754,0.5286089770049548,0.02052919708029197,2016,0.5707806932296728
Eastern Cape,Ward 21401001,EC141,3766,0.4750398300584174,False,8.233768709217097,0.5492399732576596,0.0184460592509782,2016,0.4945454545454545
Eastern Cape,Ward 21401002,EC141,4023,0.5610241113596818,False,8.299783171949787,0.5438659556763306,0.016836508639787327,2016,0.4231499051233396
Eastern Cape,Ward 21401003,EC141,3897,0.5522196561457532,False,8.26796230533871,0.5444162341272011,0.00929368029739777,2016,0.4613704613704614
Eastern Cape,Ward 21401004,EC141,3934,0.5348246059989832,False,8.277411998949004,0.5455034247613743,0.0185361216730038,2016,0.4242746872504658
Eastern Cape,Ward 21401005,EC141,4229,0.5159612201466067,False,8.34972083747249,0.5466823863771477,0.02383134738771769,2016,0.4644632206759443
Eastern Cape,Ward 21401006,EC141,3368,0.5531472684085511,False,8.122074375362217,0.5443582583607762,0.00912506709608159,2016,0.5076045627376425
Eastern Cape,Ward 21401007,EC141,3626,0.5934914506343077,False,8.195885391314796,0.5418367469716665,0.01533457249070632,2016,0.5509245670678016
Eastern Cape,Ward 21401008,EC141,3511,0.5593847906579322,False,8.163656176168432,0.54396841322019,0.015784114052953158,2016,0.4923965936739659
Eastern Cape,Ward 21401009,EC141,3730,0.4723860589812332,False,8.224163512637862,0.5494058339499837,0.027809307604994324,2016,0.3611111111111111
Eastern Cape,Ward 21401010,EC141,3999,0.5673918479619905,False,8.293799608846818,0.5434679721386863,0.0246804759806082,2016,0.4736154649947753
Eastern Cape,Ward 21401011,EC141,3610,0.5481994459833796,False,8.191463051326927,0.5446674972623494,0.053562405255179385,2016,0.4651639344262295
Eastern Cape,Ward 21401012,EC141,3319,0.622777945164206,False,8.107418811719974,0.5400063410635478,0.03967102080309628,2016,0.496425240907678
Eastern Cape,Ward 21401013,EC141,3712,0.5202047413793104,False,8.21932609390609,0.5464171663001038,0.024857586742620404,2016,0.4517694063926941
Eastern Cape,Ward 21401014,EC141,4016,0.5042330677290837,False,8.298041661371565,0.547415395903243,0.05580246913580247,2016,0.4639709694142042
Eastern Cape,Ward 21401015,EC141,3813,0.5452399685287176,False,8.246171559857563,0.5448524646032659,0.03607503607503607,2016,0.4826725810923205
Eastern Cape,Ward 21401016,EC141,3694,0.5668651867893882,False,8.214465160759186,0.543500888461974,0.026743075453677174,2016,0.517165613842351
Eastern Cape,Ward 21401017,EC141,3646,0.5704882062534284,False,8.201385955238608,0.5432744497454715,0.022115384615384617,2016,0.6368593238822247
Eastern Cape,Ward 21402001,EC142,3679,0.5922805110084262,False,8.210396255104774,0.5782653278097918,0.010555300596603947,2016,0.4540244855431102
Eastern Cape,Ward 21402002,EC142,4202,0.5459305092812946,False,8.343315881404946,0.5811622029177375,0.023539668700959023,2016,0.4630350194552529
Eastern Cape,Ward 21402003,EC142,3804,0.557570977917981,False,8.24380842366528,0.5804346736279445,0.0231023102310231,2016,0.4049899193548387
Eastern Cape,Ward 21402004,EC142,3573,0.5362440526168486,False,8.181160858023409,0.5817676064592654,0.038100208768267224,2016,0.4543290687295447
Eastern Cape,Ward 21402005,EC142,3344,0.6079545454545454,False,8.114922974204593,0.5772857006569093,0.016232169208066895,2016,0.4747956403269754
Eastern Cape,Ward 21402006,EC142,3695,0.5832205683355887,False,8.214735833382303,0.5788315742268441,0.021809744779582366,2016,0.5097520661157025
Eastern Cape,Ward 21402007,EC142,4131,0.5996126845800048,False,8.326274787396764,0.577807066961568,0.018167137666532097,2016,0.4512451245124512
Eastern Cape,Ward 21402008,EC142,3732,0.5444801714898178,False,8.224699561967235,0.5812528490297048,0.017716535433070866,2016,0.4795814190913731
Eastern Cape,Ward 21402009,EC142,3415,0.5997071742313324,False,8.13593277200489,0.5778011613583601,0.01416015625,2016,0.5073846153846154
Eastern Cape,Ward 21402010,EC142,4348,0.6149954001839927,False,8.3774712482411,0.5768456472363188,0.013462976813762155,2016,0.4128861003861004
Eastern Cape,Ward 21402011,EC142,3873,0.5806868060934676,False,8.261784679514752,0.5789899343669767,0.0329035126722988,2016,0.4847039012068481
Eastern Cape,Ward 21402012,EC142,4165,0.5896758703481393,False,8.334471554600944,0.5784281178510596,0.01506514657980456,2016,0.4981989470767525
Eastern Cape,Ward 21402013,EC142,4346,0.6023930050621261,False,8.377011160816375,0.5776332969314355,0.0213903743315508,2016,0.4658554755401043
Eastern Cape,Ward 21402014,EC142,3792,0.5785864978902954,False,8.240648863374913,0.5791212036296749,0.010027347310847767,2016,0.5005571030640669
Eastern Cape,Ward 21402015,EC142,3252,0.5433579335793358,False,8.087025470667701,0.5813229888991099,0.013582342954159592,2016,0.4338842975206611
Eastern Cape,Ward 21402016,EC142,3580,0.526536312849162,False,8.183118079394745,0.5823743401947458,0.011671087533156498,2016,0.4695281782437746
Eastern Cape,Ward 21402017,EC142,3744,0.6412927350427351,False,8.227909837597483,0.5752020638076474,0.01624323198667222,2016,0.4399164054336468
Eastern Cape,Ward 21405001,EC145,3231,0.5540080470442588,False,8.080546965824498,0.5715251720211347,0.0111731843575419,2016,0.5183936235438381
Eastern Cape,Ward 21405002,EC145,3272,0.5932151589242054,False,8.093156697722637,0.5676044608331401,0.0211231324059763,2016,0.4839412084921067
Eastern Cape,Ward 21405003,EC145,3058,0.5814257684761281,False,8.025516386489008,0.5687833998779478,0.007311586051743532,2016,0.4424011103400416
Eastern Cape,Ward 21405004,EC145,3517,0.5234574921808359,False,8.165363632473982,0.5745802275074771,0.00977729494839761,2016,0.4658664666166541
Eastern Cape,Ward 21405005,EC145,3380,0.5831360946745562,False,8.125630988477065,0.568612367258105,0.011669203450025367,2016,0.4565293910594861
Eastern Cape,Ward 21405006,EC145,3564,0.5953984287317621,False,8.1786387885907,0.5673861338523845,0.04241281809613572,2016,0.418712099335836
Eastern Cape,Ward 21405007,EC145,3021,0.5326050976497848,False,8.013343181386672,0.5736654669605822,0.024238657551274082,2016,0.4763390535621425
Eastern Cape,Ward 21405008,EC145,3077,0.5999350016249594,False,8.031710375322042,0.5669324765630648,0.02925243770314193,2016,0.4575075579442391
Eastern Cape,Ward 21405009,EC145,2774,0.5580389329488104,False,7.928045600874777,0.5711220834306796,0.010981912144702842,2016,0.4807828342372082
Eastern Cape,Ward 21405010,EC145,4166,0.5588094095055209,False,8.334711621820917,0.5710450357750085,0.01288659793814433,2016,0.5008015389547932
Eastern Cape,Ward 21405011,EC145,3547,0.5892303354947843,False,8.173857454773621,0.5680029431760822,0.02200956937799043,2016,0.4928321121376234
Eastern Cape,Ward 21503001,EC153,3807,0.5476753349093775,False,8.244596756382498,0.5158440601726318,0.018225419664268584,2016,0.4889441680486456
Eastern Cape,Ward 21503002,EC153,4393,0.5224220350557706,False,8.38776764397578,0.5166586827485546,0.016557734204793027,2016,0.42456224514272
Eastern Cape,Ward 21503003,EC153,4651,0.5459041066437326,False,8.444837529224097,0.5159011965682978,0.017723513194170933,2016,0.4938245760937827
Eastern Cape,Ward 21503004,EC153,4187,0.5106281347026511,False,8.339739766019143,0.5170391311470425,0.01824134705332086,2016,0.3955486998677832
Eastern Cape,Ward 21503005,EC153,4459,0.5786050684009868,False,8.402679804627477,0.5148463268341928,0.013953488372093023,2016,0.4916980296657073
Eastern Cape,Ward 21503006,EC153,4973,0.4749648099738588,False,8.511778558714738,0.5181895609770034,0.01397121083827265,2016,0.3879118657772387
Eastern Cape,Ward 21503007,EC153,4700,0.526595744680851,False,8.45531778769815,0.5165240469541972,0.019393939393939394,2016,0.4755600814663951
Eastern Cape,Ward 21503008,EC153,4023,0.5560526969922943,False,8.299783171949787,0.5155738226860861,0.02682163611980331,2016,0.5047549378200439
Eastern Cape,Ward 21503009,EC153,4045,0.5362175525339926,False,8.305236829492593,0.5162136660557087,0.025357307514983864,2016,0.449607600165221
Eastern Cape,Ward 21503010,EC153,3940,0.3446700507614213,False,8.27893600229198,0.5223926177257917,0.036818851251840944,2016,0.470573988859288
Eastern Cape,Ward 21503011,EC153,4550,0.4934065934065934,False,8.422882511944996,0.5175946647372378,0.017817371937639197,2016,0.4367691641403204
Eastern Cape,Ward 21503012,EC153,4812,0.5182876142975894,False,8.47886807709457,0.516792051160109,0.02967121090617482,2016,0.3690205011389522
Eastern Cape,Ward 21503013,EC153,4381,0.4017347637525679,False,8.385032287813898,0.5205518205325289,0.4431818181818182,2016,0.4148213111159833
Eastern Cape,Ward 21503014,EC153,4499,0.4827739497666148,False,8.411610428841172,0.5179376532417532,0.02578268876611418,2016,0.4023231256599788
Eastern Cape,Ward 21503015,EC153,4933,0.4859112102169065,False,8.503702601233739,0.5178364512917438,0.028785982478097622,2016,0.3422212891035062
Eastern Cape,Ward 21503016,EC153,3757,0.54990684056428,False,8.231376045573969,0.5157720761192479,0.023233301064859633,2016,0.4994840041279669
Eastern Cape,Ward 21503017,EC153,4084,0.5112634671890304,False,8.314832179284556,0.5170186365507076,0.0210727969348659,2016,0.4224119530416222
Eastern Cape,Ward 21503018,EC153,4436,0.5737150586113616,False,8.397508348470257,0.5150040690854711,0.02043222003929273,2016,0.4346366508688783
Eastern Cape,Ward 21503019,EC153,4951,0.4940416077560088,False,8.507344855361422,0.5175741804033857,0.022076860179885527,2016,0.4003959415986142
Eastern Cape,Ward 21503020,EC153,4317,0.5302293259207783,False,8.370315995555478,0.516406834656135,0.029707295762341632,2016,0.4059334298118668
Eastern Cape,Ward 21503021,EC153,4390,0.4125284738041002,False,8.387084506069217,0.5202036363373181,0.02650469353948095,2016,0.4075564498099709
Eastern Cape,Ward 21503022,EC153,3607,0.5040199611865817,False,8.19063168090354,0.5172522980346576,0.04455445544554455,2016,0.4781256479369687
Eastern Cape,Ward 21503023,EC153,3717,0.5394135055152004,False,8.220672170297252,0.5161105707982504,0.02144638403990025,2016,0.4994742376445846
Eastern Cape,Ward 21503024,EC153,3793,0.5623517005009228,False,8.2409125416889,0.5153706290245175,0.01922175339896859,2016,0.6178022482220693
Eastern Cape,Ward 21503025,EC153,3821,0.5781209107563465,False,8.2482674474469,0.5148619448227296,0.02444545043005885,2016,0.5333666583354162
Eastern Cape,Ward 21503026,EC153,4001,0.5411147213196701,False,8.294299608857235,0.516055692869074,0.012933025404157044,2016,0.4783168741949334
Eastern Cape,Ward 21503027,EC153,3793,0.5154231479040338,False,8.2409125416889,0.5168844533018365,0.01687979539641944,2016,0.4254173397953689
Eastern Cape,Ward 21503028,EC153,4659,0.5260785576303928,False,8.446556111816797,0.5165407304074379,0.031007751937984496,2016,0.4447724477244772
Eastern Cape,Ward 21503029,EC153,4533,0.4983454665784249,False,8.41913925094085,0.5174353462478238,0.03629924745462594,2016,0.455578947368421
Eastern Cape,Ward 21503030,EC153,4051,0.5699827203159714,False,8.30671904320269,0.5151244670949998,0.01429190125595496,2016,0.5021212877464437
Eastern Cape,Ward 21503031,EC153,4084,0.5438295788442703,False,8.314832179284556,0.5159681168198934,0.012606933813597478,2016,0.4937850353399951
Eastern Cape,Ward 21503032,EC153,4447,0.5626264897683831,False,8.399984990510696,0.5153617648545994,0.02158273381294964,2016,0.5004672897196262
Eastern Cape,Ward 21504001,EC154,4225,0.554792899408284,False,8.348774539791274,0.5626264989683265,0.01834470989761092,2016,0.5595913734392736
Eastern Cape,Ward 21504002,EC154,4566,0.5801576872536137,False,8.42639282708974,0.5612915101343617,0.011325028312570781,2016,0.559508574353724
Eastern Cape,Ward 21504003,EC154,3887,0.5353743246719835,False,8.265392930852224,0.5636485292176054,0.02739067755886593,2016,0.4765564950038432
Eastern Cape,Ward 21504004,EC154,3318,0.5548523206751055,False,8.10711747075039,0.5626233715332306,0.018468223791417708,2016,0.4573362339859801
Eastern Cape,Ward 21504005,EC154,3420,0.5684210526315789,False,8.13739583005665,0.5619092277460479,0.026234567901234566,2016,0.4890142517814727
Eastern Cape,Ward 21504006,EC154,4158,0.4728234728234728,False,8.332789468417959,0.5669406793148956,0.015259409969481181,2016,0.394240317775571
Eastern Cape,Ward 21504007,EC154,4307,0.550034827025772,False,8.36799688505411,0.562876923830564,0.008864499788940482,2016,0.5094105993065874
Eastern Cape,Ward 21504008,EC154,3596,0.6187430478309233,False,8.18757739559151,0.5592607016829244,0.024269662921348314,2016,0.5526943252265141
Eastern Cape,Ward 21504009,EC154,3353,0.5666567253206084,False,8.117610746466228,0.5620020870782042,0.02526315789473684,2016,0.4953757225433526
Eastern Cape,Ward 21504010,EC154,3480,0.6192528735632183,False,8.15478757276852,0.5592338687496458,0.029698375870069606,2016,0.6584579302257403
Eastern Cape,Ward 21504011,EC154,4051,0.5714638360898544,False,8.30671904320269,0.5617490812482439,0.023758099352051837,2016,0.6082834331337326
Eastern Cape,Ward 21504012,EC154,4166,0.557369179068651,False,8.334711621820917,0.5624909053019914,0.015073212747631352,2016,0.4861111111111111
Eastern Cape,Ward 21504013,EC154,3016,0.5779177718832891,False,8.011686729127847,0.5614094004170105,0.010327022375215147,2016,0.5048566142460684
Eastern Cape,Ward 21504014,EC154,3441,0.5300784655623365,False,8.14351740579748,0.563927258644429,0.01699561403508772,2016,0.4573891625615763
Eastern Cape,Ward 21504015,EC154,3593,0.5385471750626217,False,8.186742787113518,0.5634815370917824,0.01757105943152455,2016,0.4255906719852715
Eastern Cape,Ward 21504016,EC154,3743,0.6104728827144003,False,8.22764270790443,0.5596959735311625,0.01925601750547046,2016,0.5748074807480749
Eastern Cape,Ward 21504017,EC154,3667,0.5748568311971639,False,8.207129168071326,0.5615705025583855,0.033681214421252374,2016,0.520410996945293
Eastern Cape,Ward 21504018,EC154,4029,0.5534872176718789,False,8.301273485191347,0.5626952190597162,0.025112107623318385,2016,0.4760312151616499
Eastern Cape,Ward 21504019,EC154,3572,0.5545912653975364,False,8.18088094199639,0.5626371112846816,0.02120141342756184,2016,0.5583541147132169
Eastern Cape,Ward 21504020,EC154,4279,0.5548025239541949,False,8.361474616416817,0.5626259924132786,0.020219039595619208,2016,0.5031037540644399
Eastern Cape,Ward 21505001,EC155,4710,0.5348195329087049,False,8.457443187010464,0.5077132735133281,0.021834061135371178,2016,0.4277970511708586
Eastern Cape,Ward 21505002,EC155,3716,0.5158772874058127,False,8.22040309993373,0.5083243136908407,0.01564945226917058,2016,0.4944432338200044
Eastern Cape,Ward 21505003,EC155,4237,0.5662025017701203,False,8.351610750626559,0.5067009196790889,0.026677782409337224,2016,0.4326492097192734
Eastern Cape,Ward 21505004,EC155,4146,0.5453449107573565,False,8.329899292995725,0.5073737451956297,0.004422821760283061,2016,0.4277763053273257
Eastern Cape,Ward 21505005,EC155,4279,0.5555036223416686,False,8.361474616416817,0.5070460448219422,0.0357593605384939,2016,0.4673292450835272
Eastern Cape,Ward 21505006,EC155,4516,0.5436226749335695,False,8.415381925269553,0.5074293011899453,0.015885947046843176,2016,0.4681000233699462
Eastern Cape,Ward 21505007,EC155,4409,0.4288954411431163,False,8.391403185357937,0.5111301796993148,0.015335801163405606,2016,0.4010605637733743
Eastern Cape,Ward 21505008,EC155,4501,0.5089980004443457,False,8.412054873292933,0.5085462261734688,0.032300305543430816,2016,0.447070914696814
Eastern Cape,Ward 21505009,EC155,4819,0.4664868229923221,False,8.480321716640333,0.5099175544783727,0.008896797153024912,2016,0.4591395401775552
Eastern Cape,Ward 21505010,EC155,4674,0.4850235344458707,False,8.449770515098804,0.5093195960443873,0.04014115571239524,2016,0.35361380798274
Eastern Cape,Ward 21505011,EC155,4733,0.5077118106908938,False,8.462314529906248,0.5085877161655156,0.016645859342488557,2016,0.3720826850411202
Eastern Cape,Ward 21505012,EC155,4743,0.3755007379295804,False,8.464425125877582,0.5128525894803966,0.020774845592363842,2016,0.3322087269455691
Eastern Cape,Ward 21505013,EC155,3542,0.5073404856013551,False,8.17244681834278,0.5085996943942104,0.015581524763494713,2016,0.3883560115993754
Eastern Cape,Ward 21505014,EC155,3664,0.5343886462882096,False,8.20631072579402,0.5077271730817311,0.015832482124616958,2016,0.4320058280718795
Eastern Cape,Ward 21505015,EC155,4652,0.531384350816853,False,8.445052513638554,0.5078240858388717,0.02669902912621359,2016,0.3802721088435374
Eastern Cape,Ward 21505016,EC155,4056,0.4726331360946745,False,8.30795254527102,0.5097192863137807,0.014084507042253521,2016,0.453105355795826
Eastern Cape,Ward 21505017,EC155,4794,0.5185648727576136,False,8.475120414994329,0.5082376173891697,0.011263073209975865,2016,0.4152659134747864
Eastern Cape,Ward 21505018,EC155,3760,0.575,False,8.23217423638394,0.506417129413609,0.01341350601295097,2016,0.4627089049638314
Eastern Cape,Ward 21505019,EC155,4043,0.5847143210487262,False,8.304742269640771,0.5061037642184887,0.012690355329949238,2016,0.481500125849484
Eastern Cape,Ward 21505020,EC155,4684,0.5046968403074296,False,8.451907724717607,0.5086849732746596,0.024957698815566837,2016,0.447457627118644
Eastern Cape,Ward 21505021,EC155,3621,0.4794255730461199,False,8.19450550976564,0.5095001754443792,0.01555299539170507,2016,0.4354197194892191
Eastern Cape,Ward 21505022,EC155,3773,0.4542804134640869,False,8.235625719964311,0.5103113096244448,0.007001166861143524,2016,0.3791621911922664
Eastern Cape,Ward 21505023,EC155,3529,0.5069424766222727,False,8.16876982367527,0.5086125333935356,0.011179429849077696,2016,0.3921052631578947
Eastern Cape,Ward 21505024,EC155,3877,0.4802682486458602,False,8.262816937670928,0.5094729923605167,0.015037593984962405,2016,0.4545454545454545
Eastern Cape,Ward 21505025,EC155,4591,0.5286429971683729,False,8.431853144249223,0.5079125166017259,0.016893283889575606,2016,0.4230110159118727
Eastern Cape,Ward 21505026,EC155,4416,0.4719202898550724,False,8.392989587956931,0.5097422813537679,0.014395393474088292,2016,0.4491315136476427
Eastern Cape,Ward 21505027,EC155,3728,0.5686695278969958,False,8.223627175805483,0.5066213381911252,0.010849056603773584,2016,0.4841930116472546
Eastern Cape,Ward 21505028,EC155,3690,0.5739837398373984,False,8.213381737034572,0.5064499119994993,0.008026440037771483,2016,0.435672514619883
Eastern Cape,Ward 21505029,EC155,4359,0.4517091075934847,False,8.379997952238393,0.5103942549751094,0.007110208227526663,2016,0.3491175204476969
Eastern Cape,Ward 21505030,EC155,4684,0.5113151152860803,False,8.451907724717607,0.5084714805334127,0.008768267223382045,2016,0.403177527055031
Eastern Cape,Ward 21505031,EC155,3737,0.5231469092855231,False,8.226038429485484,0.5080898097592371,0.009207161125319692,2016,0.4134275618374558
Eastern Cape,Ward 21505032,EC155,4209,0.4609170824423854,False,8.344980368770571,0.5100972235283706,0.012371134020618556,2016,0.3923611111111111
Eastern Cape,Ward 21506001,EC156,3873,0.5517686547895688,False,8.261784679514752,0.5226411314678618,0.023865231633130556,2016,0.4481605351170568
Eastern Cape,Ward 21506002,EC156,3322,0.4704996989765201,False,8.10832229017324,0.5258918897003838,0.009596928982725527,2016,0.3329077561442706
Eastern Cape,Ward 21506003,EC156,3470,0.4988472622478386,False,8.151909872940905,0.524757987169531,0.01733102253032929,2016,0.4098699763593381
Eastern Cape,Ward 21506004,EC156,3426,0.4287799182720374,False,8.139148678884066,0.5275606809285631,0.05854322668481961,2016,0.3930741190765492
Eastern Cape,Ward 21506005,EC156,4170,0.5189448441247002,False,8.335671314792847,0.5239540838944565,0.026802218114602587,2016,0.4776909503403075
Eastern Cape,Ward 21506006,EC156,4055,0.4049321824907521,False,8.307705966549513,0.5285145903598145,0.035931790499390985,2016,0.3868040225656119
Eastern Cape,Ward 21506007,EC156,4265,0.5458382180539273,False,8.35819745992578,0.5228783489372875,0.029209621993127148,2016,0.4508263343267407
Eastern Cape,Ward 21506008,EC156,3599,0.5137538205056961,False,8.188411308079031,0.5241617248392167,0.02541914548404543,2016,0.4307030129124821
Eastern Cape,Ward 21506009,EC156,3949,0.5249430235502659,False,8.28121766128665,0.5237141567174339,0.010612638687891944,2016,0.5120466649759067
Eastern Cape,Ward 21506010,EC156,4102,0.5202340321794247,False,8.319229938632326,0.5239025163722676,0.021087160262417994,2016,0.4340727048675292
Eastern Cape,Ward 21506011,EC156,3636,0.5792079207920792,False,8.19863945529737,0.5215435608277614,0.019943019943019943,2016,0.3622281799225499
Eastern Cape,Ward 21506012,EC156,3474,0.5046056419113414,False,8.153061946801051,0.5245276519829909,0.03194523673702225,2016,0.5105659460772407
Eastern Cape,Ward 21506013,EC156,4210,0.5714964370546318,False,8.345217926676428,0.5218520201772593,0.016209476309226933,2016,0.4765298599164413
Eastern Cape,Ward 21506014,EC156,4003,0.5690731951036723,False,8.294799358992574,0.5219489498552977,0.01887620719929763,2016,0.5496417604912999
Eastern Cape,Ward 21506015,EC156,3768,0.4891188959660297,False,8.234299635696253,0.5251471218208034,0.016277807921866522,2016,0.4489041457618167
Eastern Cape,Ward 21506016,EC156,3336,0.5494604316546763,False,8.112527763478637,0.5227334603932575,0.020185488270594652,2016,0.459718026183283
Eastern Cape,Ward 21506017,EC156,3831,0.5476376925084834,False,8.25088114470065,0.5228063699591052,0.016682554814108675,2016,0.4676931536981028
Eastern Cape,Ward 21506018,EC156,3272,0.5204767726161369,False,8.093156697722637,0.5238928067547991,0.02172636523781562,2016,0.462214983713355
Eastern Cape,Ward 21506019,EC156,3715,0.5636608344549126,False,8.220133957151859,0.522165444281248,0.024832855778414518,2016,0.5037546933667084
Eastern Cape,Ward 21506020,EC156,3260,0.5202453987730061,False,8.089482474360754,0.5239020617085243,0.020047169811320754,2016,0.4680717206668763
Eastern Cape,Ward 21506021,EC156,3704,0.558585313174946,False,8.21716859576607,0.5223684651324467,0.022232962783953602,2016,0.4309126871997739
Eastern Cape,Ward 21506022,EC156,3388,0.5817591499409681,False,8.127995055771946,0.5214415116618059,0.0273972602739726,2016,0.5279141104294478
Eastern Cape,Ward 21506023,EC156,4133,0.5535930316961045,False,8.326758814511733,0.5225681563916004,0.03583916083916084,2016,0.493492972410203
Eastern Cape,Ward 21506024,EC156,3679,0.5115520521880946,False,8.210396255104774,0.5242497955719209,0.01381509032943677,2016,0.4954038082731451
Eastern Cape,Ward 21506025,EC156,3991,0.5073916311701328,False,8.291797105048733,0.5244162124126392,0.01728395061728395,2016,0.5491403643828586
Eastern Cape,Ward 21506026,EC156,3336,0.5113908872901679,False,8.112527763478637,0.5242562421678378,0.016998827667057445,2016,0.4376374489475337
Eastern Cape,Ward 21507001,EC157,5412,0.43810051736881,False,8.59637398929068,0.45204805104404294,0.03795866722901729,2016,0.3171940526115135
Eastern Cape,Ward 21507002,EC157,5814,0.4052287581699346,False,8.668024081118821,0.4529872441640108,0.016129032258064516,2016,0.2956603773584905
Eastern Cape,Ward 21507003,EC157,5941,0.3906749705436795,False,8.689632748355741,0.4534030666676181,0.012494614390348987,2016,0.3604446012702893
Eastern Cape,Ward 21507004,EC157,6586,0.4582447616155481,False,8.792701462936309,0.45147250120842186,0.02286282306163022,2016,0.4416666666666666
Eastern Cape,Ward 21507005,EC157,6936,0.296280276816609,False,8.844480518460378,0.456100057916963,0.023844282238442822,2016,0.1476190476190476
Eastern Cape,Ward 21507006,EC157,4842,0.4566294919454771,False,8.485083137498004,0.4515186517704239,0.01990049751243781,2016,0.324740207833733
Eastern Cape,Ward 21507007,EC157,4309,0.3397540032490136,False,8.368461137615839,0.4548579514474657,0.01707650273224044,2016,0.5090946249744533
Eastern Cape,Ward 21507008,EC157,4860,0.382716049382716,False,8.48879371689454,0.4536304644150742,0.01021505376344086,2016,0.3145147535391437
Eastern Cape,Ward 21507009,EC157,6161,0.3906833306281448,False,8.725994381014571,0.45340282780806196,0.016618196925633568,2016,0.3001437076575652
Eastern Cape,Ward 21507010,EC157,6169,0.485005673528935,False,8.72729202920964,0.4507079037251822,0.025066844919786096,2016,0.4183340138832176
Eastern Cape,Ward 21507011,EC157,6782,0.4202300206428782,False,8.822027322685583,0.45255863666478385,0.01719298245614035,2016,0.3227053140096618
Eastern Cape,Ward 21507012,EC157,6519,0.364473078693051,False,8.782476268924539,0.45415169214906465,0.013888888888888888,2016,0.2496694995278564
Eastern Cape,Ward 21507013,EC157,5234,0.484715322888804,False,8.562931083090092,0.4507161994577574,0.015766653527788728,2016,0.4018063432052089
Eastern Cape,Ward 21507014,EC157,5231,0.4366277958325368,False,8.562357743370612,0.45209012880222216,0.020577933450087564,2016,0.3442815249266862
Eastern Cape,Ward 21507015,EC157,4921,0.4253200568990042,False,8.501267040865978,0.45241320705746596,0.017677974199713332,2016,0.4483193277310924
Eastern Cape,Ward 21507016,EC157,5698,0.4650754650754651,False,8.647870515057853,0.4512773382524242,0.01660377358490566,2016,0.4180572633058141
Eastern Cape,Ward 21507017,EC157,5146,0.4692965410027205,False,8.545974992841689,0.4511567360830741,0.016563146997929608,2016,0.4451501154734411
Eastern Cape,Ward 21507018,EC157,6626,0.5055840627829762,False,8.798756582859841,0.45011994974649533,0.014029850746268656,2016,0.4421790898711466
Eastern Cape,Ward 21507019,EC157,6456,0.4451672862453532,False,8.772765209949785,0.451846143361856,0.023660403618649965,2016,0.4102853458004191
Eastern Cape,Ward 21507020,EC157,6190,0.4951534733441033,False,8.730690365678642,0.45041796658760597,0.021207177814029365,2016,0.4308546433378196
Eastern Cape,Ward 21507021,EC157,6182,0.4687803299902944,False,8.729397122692061,0.4511714849691434,0.020013802622498276,2016,0.4428284078601269
Eastern Cape,Ward 21507022,EC157,5272,0.4990515933232169,False,8.570165076182343,0.4503065917310599,0.012162675788673508,2016,0.4786977491961415
Eastern Cape,Ward 21507023,EC157,6506,0.5124500461112819,False,8.780480107033297,0.44992377879425804,0.014397120575884824,2016,0.5309054460407617
Eastern Cape,Ward 21507024,EC157,6824,0.5096717467760844,False,8.828201089171515,0.4500031587752637,0.022139160437032776,2016,0.4579932789246279
Eastern Cape,Ward 21507025,EC157,5990,0.4298831385642738,False,8.697846691109495,0.45228283329560115,0.022524271844660194,2016,0.3770676088003854
Eastern Cape,Ward 21507026,EC157,5437,0.5125988596652565,False,8.600982717145921,0.4499195269784302,0.0193756727664155,2016,0.4612258719945817
Eastern Cape,Ward 21507027,EC157,5773,0.4675212194699463,False,8.660947155060933,0.45120745955543906,0.017413856984068173,2016,0.420312774556317
Eastern Cape,Ward 21507028,EC157,6278,0.4732398853137942,False,8.744806737401898,0.45104406910275774,0.018175698418041064,2016,0.4113774476704929
Eastern Cape,Ward 21507029,EC157,6612,0.4668784029038113,False,8.796641458940915,0.45122582574304293,0.02105604146420473,2016,0.4501445086705202
Eastern Cape,Ward 21507030,EC157,6574,0.4225737754791603,False,8.790877754224164,0.4524916722408901,0.02663786897048236,2016,0.2690183502583289
Eastern Cape,Ward 21507031,EC157,5585,0.5059982094897045,False,8.6278397115033,0.450108116983446,0.024062278839348902,2016,0.4521340247307538
Eastern Cape,Ward 21507032,EC157,5819,0.4725897920604915,False,8.66888370465667,0.4510626431957092,0.025454545454545455,2016,0.4277625570776255
Eastern Cape,Ward 21507033,EC157,5368,0.5007451564828614,False,8.588210678651517,0.4502582042122129,0.013392857142857142,2016,0.4311135571454779
Eastern Cape,Ward 21507034,EC157,5978,0.4713951154232185,False,8.695841342843883,0.45109677681391697,0.014904187366926898,2016,0.4233076263924593
Eastern Cape,Ward 21507035,EC157,6003,0.47976011994003,False,8.700014623251842,0.4508577766848652,0.011458333333333333,2016,0.3619691119691119
Eastern Cape,Ward 21507036,EC157,5392,0.5116839762611276,False,8.592671652592143,0.44994566650426243,0.016310257339615802,2016,0.4344090528080469
Eastern Cape,Ward 24401001,EC441,4492,0.4942119323241318,False,8.410053315858335,0.5978515028227843,0.026126126126126126,2016,0.4514743773260807
Eastern Cape,Ward 24401002,EC441,3734,0.5623995715050883,False,8.225235324101668,0.5951239972555461,0.028095238095238097,2016,0.4052631578947368
Eastern Cape,Ward 24401003,EC441,3716,0.6442411194833154,False,8.22040309993373,0.591850335336417,0.030910609857978277,2016,0.5713245997088792
Eastern Cape,Ward 24401004,EC441,3886,0.5898095728255275,False,8.265135629937385,0.5940275972027285,0.032722513089005235,2016,0.5331550802139038
Eastern Cape,Ward 24401005,EC441,3541,0.5645297938435471,False,8.172164452111904,0.5950387883620077,0.04402201100550275,2016,0.5314797059763503
Eastern Cape,Ward 24401006,EC441,3804,0.6169821240799159,False,8.24380842366528,0.592940695152553,0.02258201959948871,2016,0.5151343705799152
Eastern Cape,Ward 24401007,EC441,3711,0.5785502559956885,False,8.219056661060598,0.594477969875922,0.03586399627387052,2016,0.5349716446124764
Eastern Cape,Ward 24401008,EC441,3905,0.5851472471190781,False,8.270013062273787,0.5942140902309865,0.02013129102844639,2016,0.5036997885835095
Eastern Cape,Ward 24401009,EC441,4302,0.5216178521617852,False,8.366835309827675,0.5967552660292782,0.04634581105169341,2016,0.4894409937888199
Eastern Cape,Ward 24401010,EC441,3990,0.6117794486215539,False,8.29154650988391,0.5931488021708874,0.029905776321179845,2016,0.5662592858854542
Eastern Cape,Ward 24401011,EC441,4032,0.5828373015873016,False,8.302017809751204,0.5943064880522575,0.04765957446808511,2016,0.5343980343980343
Eastern Cape,Ward 24401012,EC441,3813,0.6050354051927616,False,8.246171559857563,0.5934185639080392,0.025140875596012136,2016,0.5227221342979878
Eastern Cape,Ward 24401013,EC441,3296,0.6504854368932039,False,8.100464891029363,0.5916005626400215,0.039645522388059705,2016,0.583743842364532
Eastern Cape,Ward 24401014,EC441,3352,0.6181384248210023,False,8.117312461601975,0.5928944431229095,0.056467181467181465,2016,0.4824451410658307
Eastern Cape,Ward 24401015,EC441,3663,0.5992355992355992,False,8.206037762778815,0.5936505561463256,0.04601366742596811,2016,0.4856512141280353
Eastern Cape,Ward 24401016,EC441,4228,0.618968779564806,False,8.349484346990128,0.5928612289331574,0.02483760030569354,2016,0.5289281364190013
Eastern Cape,Ward 24401017,EC441,3971,0.6328380760513724,False,8.286773231131251,0.5923064570736947,0.03223239156386789,2016,0.5351861295257522
Eastern Cape,Ward 24401018,EC441,3374,0.6004742145820984,False,8.123854263105914,0.5936010115324657,0.019743336623889437,2016,0.5010839269123568
Eastern Cape,Ward 24401019,EC441,3498,0.4719839908519154,False,8.159946655578548,0.598740620481673,0.009691096305269533,2016,0.4046997389033943
Eastern Cape,Ward 24401020,EC441,3818,0.5746464117338921,False,8.247482004285693,0.5946341236463939,0.01504102096627165,2016,0.4347324723247232
Eastern Cape,Ward 24401021,EC441,3457,0.6398611512872433,False,8.148156439921625,0.5920255340642598,0.0216998191681736,2016,0.6115384615384616
Eastern Cape,Ward 24401022,EC441,3317,0.5580343684051854,False,8.106816038947052,0.5952986053795422,0.029173419773095625,2016,0.5582390706206053
Eastern Cape,Ward 24401023,EC441,3250,0.6150769230769231,False,8.086410275323782,0.5930169031926726,0.02801400700350175,2016,0.5436778205507847
Eastern Cape,Ward 24401024,EC441,3268,0.6202570379436965,False,8.091933455979893,0.5928096985980017,0.030587074494326592,2016,0.560195062480951
Eastern Cape,Ward 24401025,EC441,4240,0.6127358490566037,False,8.352318548226004,0.5931105461534855,0.02501924557351809,2016,0.5577105014191107
Eastern Cape,Ward 24401026,EC441,3877,0.670621614650503,False,8.262816937670928,0.5907951155297294,0.013076923076923076,2016,0.5879278808466162
Eastern Cape,Ward 24402001,EC442,3939,0.6202081746636202,False,8.278682162970906,0.539319039929881,0.02660663119115841,2016,0.5521176768957646
Eastern Cape,Ward 24402002,EC442,3874,0.5668559628291172,False,8.262042843966942,0.5413710480773618,0.028688524590163935,2016,0.5265524023602135
Eastern Cape,Ward 24402003,EC442,3232,0.5618811881188119,False,8.080856419640986,0.5415623855662197,0.028634361233480177,2016,0.4561531007751938
Eastern Cape,Ward 24402004,EC442,4058,0.6153277476589453,False,8.30844552038576,0.53950674866083,0.05566680016019223,2016,0.5169213973799127
Eastern Cape,Ward 24402005,EC442,3704,0.5990820734341252,False,8.21716859576607,0.5401315822848616,0.016674177557458314,2016,0.5876288659793815
Eastern Cape,Ward 24402006,EC442,3155,0.6196513470681458,False,8.056743774975313,0.5393404563758607,0.02404092071611253,2016,0.5377329666972197
Eastern Cape,Ward 24402007,EC442,4860,0.5415637860082304,False,8.48879371689454,0.5423438241089344,0.0182370820668693,2016,0.4902127659574468
Eastern Cape,Ward 24402008,EC442,3513,0.6077426700825506,False,8.164225652265827,0.5397984824137683,0.022482435597189696,2016,0.492121553179516
Eastern Cape,Ward 24402009,EC442,3516,0.5136518771331058,False,8.165079258805068,0.54341735906567,0.03322259136212625,2016,0.4642857142857143
Eastern Cape,Ward 24402010,EC442,3847,0.5126072264101897,False,8.255048902752295,0.5434575379396283,0.02484787018255578,2016,0.4885832187070151
Eastern Cape,Ward 24402011,EC442,4092,0.5549853372434017,False,8.316789127071518,0.5418276105998894,0.029942756494936152,2016,0.5441988950276243
Eastern Cape,Ward 24402012,EC442,3427,0.5307849430989203,False,8.139440521874608,0.5427583949900617,0.015393073117097306,2016,0.4917471192774836
Eastern Cape,Ward 24402013,EC442,3577,0.5255800950517193,False,8.182279739259018,0.5429585814534156,0.027659574468085105,2016,0.4864056552474171
Eastern Cape,Ward 24402014,EC442,3960,0.5343434343434343,False,8.283999304248526,0.5426215299421958,0.017013232514177693,2016,0.4347716376482463
Eastern Cape,Ward 24402015,EC442,3693,0.5477931221229353,False,8.214194414852564,0.5421042342583688,0.039545229856648545,2016,0.5033713692946058
Eastern Cape,Ward 24402016,EC442,4158,0.5004810004810005,False,8.332789468417959,0.5439239312445971,0.05430081691494474,2016,0.3647196261682243
Eastern Cape,Ward 24402017,EC442,3776,0.511917372881356,False,8.236420527265391,0.5434840707676604,0.009311950336264873,2016,0.4063476797307045
Eastern Cape,Ward 24402018,EC442,4061,0.3730608224575227,False,8.309184527686298,0.5488247073224232,0.029042904290429043,2016,0.2961325966850828
Eastern Cape,Ward 24402019,EC442,3641,0.4910738808019775,False,8.200013648175434,0.5442857435399442,0.020134228187919462,2016,0.4341552990556138
Eastern Cape,Ward 24402020,EC442,4117,0.5110517367014816,False,8.322880021769905,0.5435173644668863,0.026615969581749048,2016,0.4459211732355637
Eastern Cape,Ward 24402021,EC442,4253,0.5123442276040442,False,8.355379895253634,0.5434676532783261,0.021569527306103717,2016,0.4479902557856273
Eastern Cape,Ward 24402022,EC442,3501,0.5612682090831191,False,8.160803920954665,0.5415859616829771,0.02697201017811705,2016,0.4591346153846153
Eastern Cape,Ward 24402023,EC442,3970,0.5624685138539043,False,8.286521373681236,0.54153979611487,0.013434841021047918,2016,0.5618896806545263
Eastern Cape,Ward 24402024,EC442,4095,0.5682539682539682,False,8.31752199628717,0.5413172786379445,0.06918779544477868,2016,0.5039290240811153
Eastern Cape,Ward 24402025,EC442,4065,0.4489544895448955,False,8.310169021981912,0.545905720126755,0.043835616438356165,2016,0.3889284865763839
Eastern Cape,Ward 24402026,EC442,4033,0.6513761467889908,False,8.302265794873367,0.5381202717712129,0.01903311762466692,2016,0.5430296930045294
Eastern Cape,Ward 24402027,EC442,3322,0.4981938591210114,False,8.10832229017324,0.5440118982199813,0.008459214501510574,2016,0.4616526472043543
Eastern Cape,Ward 24403001,EC443,4726,0.3906051629284807,False,8.460834457746854,0.5660219873460675,0.021668472372697724,2016,0.326673751328374
Eastern Cape,Ward 24403002,EC443,3831,0.5536413469068129,False,8.25088114470065,0.560587447880123,0.029231494578029232,2016,0.490387080235837
Eastern Cape,Ward 24403003,EC443,3700,0.5659459459459459,False,8.216088098632316,0.5601772945788187,0.02387774594078319,2016,0.4904423812124522
Eastern Cape,Ward 24403004,EC443,3751,0.6001066382298054,False,8.229777750081887,0.5590386048360233,0.019991115059973346,2016,0.5052362707535122
Eastern Cape,Ward 24403005,EC443,3603,0.5809048015542604,False,8.189522110748094,0.5596786660585414,0.019589106545628284,2016,0.5225949542556141
Eastern Cape,Ward 24403006,EC443,4813,0.522543112403906,False,8.47907586930311,0.5616240556968867,0.033797216699801194,2016,0.4852263486039577
Eastern Cape,Ward 24403007,EC443,3776,0.5590572033898306,False,8.236420527265391,0.5604069193306891,0.020843202273803884,2016,0.4379746835443038
Eastern Cape,Ward 24403008,EC443,4676,0.5425577416595381,False,8.450198322591959,0.5609569013883655,0.02207331493890422,2016,0.5225571947829806
Eastern Cape,Ward 24403009,EC443,4561,0.5511949133961851,False,8.4252971767117,0.5606689956638107,0.03699284009546539,2016,0.4647739221871714
Eastern Cape,Ward 24403010,EC443,4412,0.5167724388032638,False,8.392083380373393,0.5618164114835746,0.02631578947368421,2016,0.4496792744967927
Eastern Cape,Ward 24403011,EC443,4099,0.5691632105391559,False,8.318498320504338,0.5600700524257116,0.030861551650235748,2016,0.4762368998293931
Eastern Cape,Ward 24403012,EC443,4214,0.6271950640721404,False,8.346167594364134,0.5581356573079455,0.021188043889519486,2016,0.4527456987980203
Eastern Cape,Ward 24403013,EC443,4787,0.5569250052224776,False,8.473659189392508,0.5604779926029342,0.04688672168042011,2016,0.4240039350713231
Eastern Cape,Ward 24403014,EC443,4242,0.5780292314945781,False,8.352790135124629,0.5597745183938642,0.03384991843393149,2016,0.5153774464119292
Eastern Cape,Ward 24403015,EC443,4028,0.5322740814299901,False,8.301025253838453,0.5612996900626839,0.0228544776119403,2016,0.5292533659730723
Eastern Cape,Ward 24403016,EC443,4339,0.581700852731044,False,8.37539918579835,0.5596521310193154,0.020206022187004756,2016,0.4578703703703703
Eastern Cape,Ward 24403017,EC443,4970,0.5396378269617707,False,8.511175119090675,0.5610542318782912,0.02274422073079791,2016,0.4568622245818954
Eastern Cape,Ward 24403018,EC443,4468,0.5696060877350044,False,8.404696160189092,0.5600552898525167,0.0137524557956778,2016,0.4774222827320172
Eastern Cape,Ward 24403019,EC443,4837,0.5503411205292537,False,8.484049972822984,0.5606974554260417,0.031179564237415476,2016,0.4552643470402169
Eastern Cape,Ward 24403020,EC443,4235,0.5497048406139315,False,8.351138607086154,0.5607186647565524,0.01804123711340206,2016,0.4294418718011211
Eastern Cape,Ward 24403021,EC443,3979,0.5677305855742649,False,8.288785810426928,0.560117806591208,0.01637892872952634,2016,0.4954152475766308
Eastern Cape,Ward 24403022,EC443,4727,0.5813412312248784,False,8.461046030793236,0.5596641184028541,0.02911208151382824,2016,0.4605694129503653
Eastern Cape,Ward 24403023,EC443,4730,0.6052854122621565,False,8.46168048148598,0.558865979034945,0.016765630457562,2016,0.4524739583333333
Eastern Cape,Ward 24403024,EC443,4468,0.6345120859444942,False,8.404696160189092,0.557891756578867,0.01798941798941799,2016,0.4034617762208943
Eastern Cape,Ward 24403025,EC443,4466,0.6233766233766234,False,8.404248432400102,0.5582629386644627,0.020114942528735632,2016,0.5822354441138972
Eastern Cape,Ward 24403026,EC443,3777,0.5673815197246492,False,8.236685322712457,0.5601294421195285,0.027531497900139992,2016,0.5343995938055344
Eastern Cape,Ward 24403027,EC443,3777,0.594387079692878,False,8.236685322712457,0.5592292567872542,0.018708240534521157,2016,0.5233999494055148
Eastern Cape,Ward 24403028,EC443,3868,0.5103412616339194,False,8.260492856573185,0.5620307840558862,0.05268490374873354,2016,0.4673965936739659
Eastern Cape,Ward 24403029,EC443,3476,0.5273302646720368,False,8.153637486385282,0.5614644839546156,0.023458810692853247,2016,0.4334069168506254
Eastern Cape,Ward 24403030,EC443,4213,0.582008070258723,False,8.345930261979017,0.5596418904350594,0.04037520391517129,2016,0.3757120072909546
Eastern Cape,Ward 24403031,EC443,4286,0.5396640223985067,False,8.363109176033522,0.5610533586970665,0.03545179420665802,2016,0.4586150617859641
Eastern Cape,Ward 24404001,EC444,3361,0.5840523653674502,False,8.119993827725105,0.535032995214317,0.029037187977585328,2016,0.5574455386451805
Eastern Cape,Ward 24404002,EC444,3521,0.5089463220675944,False,8.166500319155052,0.539727122920558,0.0390625,2016,0.4651222651222651
Eastern Cape,Ward 24404003,EC444,3291,0.4898207231844424,False,8.098946748943339,0.540922472850755,0.016129032258064516,2016,0.5250551528521904
Eastern Cape,Ward 24404004,EC444,3295,0.5960546282245827,False,8.100161446936607,0.5342828537857462,0.010183299389002037,2016,0.4798105682951146
Eastern Cape,Ward 24404005,EC444,4247,0.5829997645396751,False,8.353968130313271,0.5350987827660529,0.018578352180936994,2016,0.5054001661589588
Eastern Cape,Ward 24404006,EC444,4099,0.472798243474018,False,8.318498320504338,0.5419863778326565,0.007739938080495356,2016,0.5226837060702876
Eastern Cape,Ward 24404007,EC444,4126,0.5433834222006786,False,8.325063693631197,0.5375748041622402,0.034344335414808205,2016,0.4747972190034762
Eastern Cape,Ward 24404008,EC444,4458,0.5179452669358456,False,8.402455513945814,0.5391646888662923,0.013858813339107838,2016,0.4437086092715231
Eastern Cape,Ward 24404009,EC444,4108,0.582035053554041,False,8.32069157104845,0.5351590772026551,0.025094102885821833,2016,0.3591078066914498
Eastern Cape,Ward 24404010,EC444,3692,0.4845612134344528,False,8.213923595622743,0.5412511922101293,0.01732811626607043,2016,0.4306969459671104
Eastern Cape,Ward 24404011,EC444,3497,0.5164426651415499,False,8.159660737063376,0.5392586014784357,0.026578073089700997,2016,0.4885264030964888
Eastern Cape,Ward 24404012,EC444,3451,0.544190089829035,False,8.146419323098003,0.5375243874354679,0.04153354632587859,2016,0.4933774834437086
Eastern Cape,Ward 24404013,EC444,4162,0.5209034118212398,False,8.33375100695358,0.5389798048109552,0.0235239852398524,2016,0.4405412438199323
Eastern Cape,Ward 24404014,EC444,3259,0.60632095734888,False,8.089175678837561,0.5336412082154777,0.01568825910931174,2016,0.5018544935805992
Eastern Cape,Ward 24404015,EC444,3923,0.5574815192454754,False,8.274611946209552,0.5366936730969404,0.012345679012345678,2016,0.498580352072686
Eastern Cape,Ward 24404016,EC444,3432,0.4705710955710955,False,8.140898460607852,0.5421255745765892,0.04148606811145511,2016,0.6028169014084507
Eastern Cape,Ward 24404017,EC444,4215,0.566073546856465,False,8.346404870435956,0.5361566713712536,0.013830678960603521,2016,0.4702983848891322
Eastern Cape,Ward 29300001,NMA,13237,0.6596660874820579,True,9.490771217713771,0.6305565960042211,0.001603298213467705,2016,0.4355910745371103
Eastern Cape,Ward 29300002,NMA,9828,0.7366707366707367,True,9.19299073364107,0.6292514324586502,0.0011049723756906078,2016,0.4879783610498898
Eastern Cape,Ward 29300003,NMA,11834,0.7487747169173568,True,9.378732023236639,0.6290462802510803,0.0024827897528495657,2016,0.58044824278364
Eastern Cape,Ward 29300004,NMA,11538,0.5238342867048015,True,9.353401214816834,0.6328588299157,0.011416280608868299,2016,0.3747640873550822
Eastern Cape,Ward 29300005,NMA,10169,0.5582653161569476,True,9.227099155791137,0.6322752531453246,0.0036991368680641184,2016,0.3575435784411941
Eastern Cape,Ward 29300006,NMA,11971,0.7955893409071924,True,9.39024233725137,0.6282528120478629,0.0027299454010919783,2016,0.6022110552763819
Eastern Cape,Ward 29300007,NMA,12920,0.7458204334365325,True,9.466531777336593,0.6290963528524502,0.0045662100456621,2016,0.5889758115277403
Eastern Cape,Ward 29300008,NMA,11498,0.787180379196382,True,9.349928386183237,0.6283953368226224,0.0074024969616616944,2016,0.5786153079860534
Eastern Cape,Ward 29300009,NMA,10641,0.796541678413683,True,9.272469743441732,0.6282366707341935,0.003893345917885795,2016,0.6020475251244481
Eastern Cape,Ward 29300010,NMA,11533,0.6877655423567155,True,9.35296777022594,0.630080334057193,0.008572869389813415,2016,0.5496748374187094
Eastern Cape,Ward 29300011,NMA,9131,0.64910743620633,True,9.11943049661634,0.6307355561953352,0.00927956807828581,2016,0.459986865559621
Eastern Cape,Ward 29300012,NMA,13186,0.7186409828606097,True,9.486910939673246,0.6295570215062795,0.005065428450823132,2016,0.5372961411638891
Eastern Cape,Ward 29300013,NMA,9757,0.6279594137542277,True,9.18574025510795,0.6310939972538453,0.017463685327240085,2016,0.4466604341954918
Eastern Cape,Ward 29300014,NMA,10148,0.5847457627118644,True,9.225031920719173,0.6318264320172753,0.013313110886417257,2016,0.4248316315446448
Eastern Cape,Ward 29300015,NMA,8806,0.6022030433795139,True,9.0831885863157,0.6315305459042643,0.00905148029417311,2016,0.4850718761518614
Eastern Cape,Ward 29300016,NMA,8130,0.5927429274292743,True,9.003316202541857,0.6316908868525732,0.015355882963270388,2016,0.4430124848973016
Eastern Cape,Ward 29300017,NMA,7618,0.5553951168285639,True,8.938269147038548,0.6323239005915684,0.011108484991727724,2016,0.509594138853355
Eastern Cape,Ward 29300018,NMA,8505,0.5774250440917108,True,9.048409504829962,0.631950511993888,0.01710445937690898,2016,0.4042172523961661
Eastern Cape,Ward 29300019,NMA,9432,0.5734732824427481,True,9.151863442217207,0.6320174910048874,0.016269180994638564,2016,0.3892617449664429
Eastern Cape,Ward 29300020,NMA,9195,0.5601957585644372,True,9.126415137038421,0.6322425337824857,0.012618908949718502,2016,0.3882468650110646
Eastern Cape,Ward 29300021,NMA,7885,0.5978440076093849,True,8.972717499397138,0.6316044278664698,0.048578701739499366,2016,0.4193329564725834
Eastern Cape,Ward 29300022,NMA,8136,0.6132005899705014,True,9.004053937728395,0.6313441468095017,0.014431749849669273,2016,0.4375
Eastern Cape,Ward 29300023,NMA,8824,0.6167271078875793,True,9.085230560933338,0.6312843753193818,0.014516721793458287,2016,0.400197628458498
Eastern Cape,Ward 29300024,NMA,6712,0.6142729439809297,True,8.811652248147043,0.6313259713177996,0.024981809362114964,2016,0.4168239735724398
Eastern Cape,Ward 29300025,NMA,10390,0.6102021174205967,True,9.248599084093273,0.6313949683781441,0.011198738170347004,2016,0.4205112219451372
Eastern Cape,Ward 29300026,NMA,9478,0.6074066258704368,True,9.156728602527533,0.6314423495908587,0.01233281222859128,2016,0.390487514863258
Eastern Cape,Ward 29300027,NMA,9009,0.5858585858585859,True,9.10597935665144,0.6318075706080086,0.024630541871921183,2016,0.3957793889176592
Eastern Cape,Ward 29300028,NMA,8328,0.608669548511047,True,9.027378610294805,0.6314209441223738,0.013217597159202999,2016,0.42746949113516
Eastern Cape,Ward 29300029,NMA,10106,0.5702552938848209,True,9.220884585851854,0.6320720331838353,0.01683151136560819,2016,0.3698050753953659
Eastern Cape,Ward 29300030,NMA,9474,0.6227570192104708,True,9.156306483483696,0.6311821734325531,0.00864406779661017,2016,0.4090600226500566
Eastern Cape,Ward 29300031,NMA,8485,0.6305244549204478,True,9.046055177668327,0.6310505219798416,0.014579439252336448,2016,0.4768607967614316
Eastern Cape,Ward 29300032,NMA,12226,0.6747914281040406,True,9.41132011058867,0.6303002342987637,0.015636363636363636,2016,0.4855922188891919
Eastern Cape,Ward 29300033,NMA,9610,0.5645161290322581,True,9.170559501964338,0.6321693071643872,0.014193548387096775,2016,0.4236335936012188
Eastern Cape,Ward 29300034,NMA,11224,0.6786350677120456,True,9.325809621782296,0.6302350878647298,0.006826834711828804,2016,0.4801569199890521
Eastern Cape,Ward 29300035,NMA,11657,0.6767607446169683,True,9.363662136919832,0.6302668560527819,0.014577259475218658,2016,0.461164603392939
Eastern Cape,Ward 29300036,NMA,9574,0.6059118445790683,True,9.166806369952454,0.6314676848669836,0.014480262023789003,2016,0.4040438269513159
Eastern Cape,Ward 29300037,NMA,10763,0.650840843630958,True,9.283869605264298,0.6307061764084769,0.01299072091363312,2016,0.4327328134803263
Eastern Cape,Ward 29300038,NMA,11124,0.5421610931319669,True,9.316860215353856,0.6325482060779515,0.016746808157851102,2016,0.3976664116296863
Eastern Cape,Ward 29300039,NMA,12550,0.7429482071713147,True,9.43747594455993,0.6291450346535556,0.002574002574002574,2016,0.5749087591240876
Eastern Cape,Ward 29300040,NMA,12440,0.6540996784565917,True,9.42867236629317,0.630650941919907,0.011552169104092418,2016,0.5403098848289005
Eastern Cape,Ward 29300041,NMA,13166,0.5609144766823637,True,9.485393028027822,0.6322303521194701,0.023832092078537575,2016,0.4716482687045947
Eastern Cape,Ward 29300042,NMA,8328,0.635806916426513,True,9.027378610294805,0.6309609887339761,0.02020774315391879,2016,0.4141949152542373
Eastern Cape,Ward 29300043,NMA,7693,0.5602495775380216,True,8.948066103458935,0.6322416215964929,0.4155452436194896,2016,0.4492066989863376
Eastern Cape,Ward 29300044,NMA,9137,0.5663784612017073,True,9.120087382998621,0.6321377422123626,0.012560386473429951,2016,0.4273989136994569
Eastern Cape,Ward 29300045,NMA,10098,0.5909090909090909,True,9.22009266341886,0.6317219688274917,0.0514496396849338,2016,0.4054871687878155
Eastern Cape,Ward 29300046,NMA,10285,0.583373845405931,True,9.238441802087058,0.631849684852969,0.011166666666666667,2016,0.4345549738219895
Eastern Cape,Ward 29300047,NMA,8912,0.6060368043087971,True,9.095153962167066,0.6314655669054627,0.014997222736530272,2016,0.4297887662025924
Eastern Cape,Ward 29300048,NMA,10793,0.6129899008616696,True,9.286653054825347,0.6313477178113462,0.016172914147521162,2016,0.3765770358098636
Eastern Cape,Ward 29300049,NMA,9756,0.6419639196391964,True,9.18563775933581,0.6308566327473204,0.004470700942040556,2016,0.4390913081650571
Eastern Cape,Ward 29300050,NMA,8898,0.5928298494043606,True,9.093581811365986,0.6316894135987583,0.04208530805687204,2016,0.3778712059064807
Eastern Cape,Ward 29300051,NMA,11834,0.7453101233733311,True,9.378732023236639,0.6291050021755554,0.0037414965986394557,2016,0.5101250220109174
Eastern Cape,Ward 29300052,NMA,10722,0.7372691662003358,True,9.280052984387483,0.6292412895852673,0.01948134092346616,2016,0.5832124728063814
Eastern Cape,Ward 29300053,NMA,11515,0.670516717325228,True,9.351405812254786,0.6303726870238283,0.05051159176272504,2016,0.4314671814671815
Eastern Cape,Ward 29300054,NMA,11492,0.59963452836756,True,9.34940642009918,0.6315740800570092,0.015237265999129298,2016,0.4434840983468994
Eastern Cape,Ward 29300055,NMA,11480,0.571602787456446,True,9.348361669873558,0.6320491943097398,0.018439500152392565,2016,0.4162315550510783
Eastern Cape,Ward 29300056,NMA,7499,0.6063475130017336,True,8.92252495730139,0.6314603006564299,0.014295139652518144,2016,0.3941319163682569
Eastern Cape,Ward 29300057,NMA,9200,0.5871739130434782,True,9.126958763037132,0.6317852769269089,0.013143280266567938,2016,0.4167636786961583
Eastern Cape,Ward 29300058,NMA,9805,0.6233554309026007,True,9.190647738630446,0.6311720308615,0.012270942408376964,2016,0.4129852744310575
Eastern Cape,Ward 29300059,NMA,9027,0.5921125512351834,True,9.107975365298154,0.631701571194846,0.006548175865294668,2016,0.401886572726214
Eastern Cape,Ward 29300060,NMA,12505,0.6273490603758497,True,9.433883843311719,0.6311043422263602,0.009177820267686425,2016,0.4448424068767908
Free State,Ward 41601001,FS161,2962,0.5600945307224848,False,7.993619994827744,0.5985988701742142,0.04219409282700422,2016,0.4504428511176718
Free State,Ward 41601002,FS161,3420,0.5880116959064328,False,8.13739583005665,0.5930154371374247,0.015912481352560914,2016,0.5182967398536261
Free State,Ward 41601003,FS161,3663,0.6049686049686049,False,8.206037762778815,0.5896240553249903,0.002256317689530686,2016,0.5149489975378122
Free State,Ward 41601004,FS161,3282,0.603290676416819,False,8.096208271650037,0.5899596410353475,0.013636363636363636,2016,0.4901356350184956
Free State,Ward 41601005,FS161,3042,0.5463510848126233,False,8.020270472819238,0.6013475593561866,0.021660649819494584,2016,0.48582995951417
Free State,Ward 41601006,FS161,3089,0.6503722887665911,False,8.035602692918582,0.580543318565393,0.014932802389248382,2016,0.5066722268557131
Free State,Ward 41602001,FS162,3232,0.6095297029702971,False,8.080856419640986,0.6245839142496793,0.02182741116751269,2016,0.4300554016620498
Free State,Ward 41602002,FS162,3652,0.6150054764512596,False,8.20303024171486,0.6238016608952561,0.02315227070347284,2016,0.4991376336667816
Free State,Ward 41602003,FS162,3713,0.5952060328575276,False,8.21959545417708,0.6266301528372179,0.012669683257918552,2016,0.4918485769549599
Free State,Ward 41602004,FS162,3227,0.6411527734738147,False,8.079308192051961,0.6200663327491769,0.00918318028032866,2016,0.5061289047054172
Free State,Ward 41602005,FS162,2758,0.6370558375634517,False,7.922261058353247,0.6206516093078002,0.01707455890722823,2016,0.5177453027139874
Free State,Ward 41602006,FS162,3166,0.6370814908401768,False,8.060224240440958,0.6206479445539823,0.03966286564204264,2016,0.47779632721202
Free State,Ward 41602007,FS162,2885,0.6065857885615251,False,7.9672801789422,0.6250044734509325,0.024,2016,0.4888608659100462
Free State,Ward 41602008,FS162,3275,0.64,False,8.094073148069352,0.6202310146740075,0.01812977099236641,2016,0.4979553318653664
Free State,Ward 41603001,FS163,3572,0.4974804031354983,False,8.18088094199639,0.5656332332046483,0.029262802476083285,2016,0.4148125571472112
Free State,Ward 41603002,FS163,3080,0.5785714285714286,False,8.03268487596762,0.5494150281174622,0.009539842873176206,2016,0.5019577133907596
Free State,Ward 41603003,FS163,2770,0.5249097472924188,False,7.926602599181384,0.5601473643732643,0.021320495185694635,2016,0.4118382659441434
Free State,Ward 41603004,FS163,2489,0.5588589795098433,False,7.819636302367592,0.5533575179297794,0.024442846872753415,2016,0.6438679245283019
Free State,Ward 41603005,FS163,3044,0.5413929040735874,False,8.020927718981577,0.5568507330170306,0.01699029126213592,2016,0.4878253568429891
Free State,Ward 41603006,FS163,3528,0.6244331065759637,False,8.168486417126681,0.5402426925165552,0.016795279164775308,2016,0.5678552421500799
Free State,Ward 41801001,FS181,3345,0.6236173393124066,False,8.11522197256233,0.5841414576797042,0.005752636625119847,2016,0.4866508955728286
Free State,Ward 41801002,FS181,2435,0.6390143737166324,False,7.79770203551669,0.5824306760792347,0.03598971722365039,2016,0.4466501240694789
Free State,Ward 41801003,FS181,3114,0.6307000642260758,False,8.043663352393944,0.583354488244852,0.02494908350305499,2016,0.4706723891273247
Free State,Ward 41801004,FS181,3252,0.5824108241082411,False,8.087025470667701,0.588719959369056,0.013199577613516367,2016,0.5355921666148585
Free State,Ward 41801005,FS181,3929,0.4937643166200051,False,8.27614021955846,0.5985695713121932,0.008762886597938144,2016,0.3786516853932584
Free State,Ward 41801006,FS181,3194,0.4996869129618034,False,8.069029328774958,0.5979115050519934,0.009398496240601503,2016,0.3765690376569037
Free State,Ward 41801007,FS181,2921,0.5977404998288257,False,7.979681302387741,0.5870166620667688,0.017754868270332187,2016,0.4422641509433962
Free State,Ward 41801008,FS181,3145,0.6025437201907791,False,8.05356916913454,0.5864829709154407,0.0031662269129287598,2016,0.4577249575551783
Free State,Ward 41801009,FS181,3126,0.5665387076135636,False,8.047509510981422,0.5904835278684646,0.010728402032749858,2016,0.4615132656403538
Free State,Ward 41801010,FS181,2692,0.6448736998514116,False,7.898039690764619,0.581779639842037,0.022465437788018433,2016,0.4480446927374302
Free State,Ward 41802001,FS182,3518,0.6887436043206367,False,8.165647925297504,0.601183613964445,0.01650846058605035,2016,0.6479338842975206
Free State,Ward 41802002,FS182,4154,0.6401059220028887,False,8.331827004436057,0.6173961747370277,0.02745393004889056,2016,0.5929253228523301
Free State,Ward 41802003,FS182,3337,0.5849565477974228,False,8.112827478751374,0.635779299472183,0.10758196721311475,2016,0.6141235813366961
Free State,Ward 41802004,FS182,2752,0.5784883720930233,False,7.920083199053234,0.6379353580403162,0.022613065326633167,2016,0.5199212985735366
Free State,Ward 41803001,FS183,2718,0.5264900662251656,False,7.907651594711089,0.6084502998333853,0.019566736547868623,2016,0.4219773674806432
Free State,Ward 41803002,FS183,4090,0.6063569682151589,False,8.316300249036848,0.5970407424062435,0.020161290322580645,2016,0.4247706422018348
Free State,Ward 41803003,FS183,3407,0.5711769885529792,False,8.133587417660966,0.6020664537865548,0.006166495375128468,2016,0.4187572365881898
Free State,Ward 41803004,FS183,3548,0.6685456595264938,False,8.17413934342947,0.5881566436474813,0.01897133220910624,2016,0.5248249522597072
Free State,Ward 41803005,FS183,2735,0.5254113345521024,False,7.913886714856082,0.6086044043581086,0.018789144050104383,2016,0.4682332463011314
Free State,Ward 41803006,FS183,3474,0.6027633851468048,False,8.153061946801051,0.5975541114160083,0.0028653295128939827,2016,0.4764460345855694
Free State,Ward 41803007,FS183,3109,0.627854615632036,False,8.042056410058754,0.5939696499181181,0.048668032786885244,2016,0.4748091603053435
Free State,Ward 41803008,FS183,3152,0.6570431472081218,False,8.05579245097777,0.589799859692963,0.027522935779816515,2016,0.4894574079280292
Free State,Ward 41804001,FS184,6460,0.4995356037151702,False,8.773384596776648,0.5476495475073637,0.012395413696932134,2016,0.4287753807106599
Free State,Ward 41804002,FS184,6631,0.5958377318654803,False,8.799510901368867,0.5448980581316405,0.039230574538091624,2016,0.4314798973481608
Free State,Ward 41804003,FS184,6275,0.5918725099601594,False,8.744328763999984,0.5450113501860783,0.033117932148626815,2016,0.5793731041456016
Free State,Ward 41804004,FS184,5573,0.5935761708236138,False,8.625688787569537,0.5449626741614081,0.009673518742442563,2016,0.5145364783324191
Free State,Ward 41804005,FS184,4273,0.5228176924877136,False,8.360071435644025,0.5469843449710053,0.012085944494180842,2016,0.4446601941747573
Free State,Ward 41804006,FS184,5785,0.5512532411408816,False,8.663023639627777,0.546171900723772,0.022577610536218252,2016,0.4435107376283846
Free State,Ward 41804007,FS184,5991,0.6020697713236521,False,8.698013622083925,0.5447199998614071,0.02661491544219573,2016,0.4397411229665908
Free State,Ward 41804008,FS184,5018,0.5368672777999203,False,8.520786726926367,0.5465829282477994,0.011507052709725315,2016,0.45747982619491
Free State,Ward 41804009,FS184,6617,0.5668732053800816,False,8.797397374012059,0.5457256160312234,0.008531058384430818,2016,0.4598081376116441
Free State,Ward 41804010,FS184,5747,0.5978771532973726,False,8.656433258507741,0.5448397889478722,0.024155995343422585,2016,0.4373661670235546
Free State,Ward 41804011,FS184,6290,0.5437201907790143,False,8.746716349694486,0.546387130734111,0.023976608187134502,2016,0.4922515952597994
Free State,Ward 41804012,FS184,4905,0.5007135575942916,False,8.498010371999463,0.5476158916822459,0.007328990228013029,2016,0.4161598609904431
Free State,Ward 41804013,FS184,4619,0.6009958865555315,False,8.437933510430605,0.5447506822833533,0.016570605187319884,2016,0.4111888111888112
Free State,Ward 41804014,FS184,6388,0.5103318722604884,False,8.762176509334903,0.5473410826917832,0.027300613496932514,2016,0.4457789382071366
Free State,Ward 41804015,FS184,4956,0.4941485068603712,False,8.508354242749032,0.547803464560358,0.014699877501020826,2016,0.3735899137358991
Free State,Ward 41804016,FS184,5865,0.5435635123614663,False,8.676757761087575,0.5463916072603267,0.01066499372647428,2016,0.4080737828847898
Free State,Ward 41804017,FS184,7466,0.5432627913206536,False,8.91811465947453,0.5464001992900641,0.01257396449704142,2016,0.5661700262927257
Free State,Ward 41804018,FS184,5042,0.5509718365727886,False,8.525558107747866,0.5461799408542889,0.01259899208063355,2016,0.4170220326936745
Free State,Ward 41804019,FS184,6438,0.5770425598011805,False,8.769973211858753,0.5454350630477633,0.006998654104979811,2016,0.4040620871862616
Free State,Ward 41804020,FS184,5256,0.4925799086757991,False,8.567125560164447,0.5478482816513457,0.01429123213595983,2016,0.3960608006850781
Free State,Ward 41804021,FS184,6017,0.5665614093402027,False,8.702344075220351,0.5457345244895055,0.012320328542094456,2016,0.4285714285714285
Free State,Ward 41804022,FS184,6154,0.5212869678258043,False,8.724857555881988,0.5470280799613455,0.035536159600997506,2016,0.3671698113207547
Free State,Ward 41804023,FS184,6441,0.5156031672100605,False,8.77043908654689,0.5471904742646525,0.019271303824149353,2016,0.4104540123973865
Free State,Ward 41804024,FS184,5475,0.4328767123287671,False,8.607947554684701,0.5495540872612609,0.013080168776371307,2016,0.2788862091646569
Free State,Ward 41804025,FS184,7587,0.6030051403716884,False,8.934191535338075,0.5446932750314631,0.014207650273224045,2016,0.4860830980233965
Free State,Ward 41804026,FS184,5192,0.5500770416024653,False,8.554874258383926,0.5462055064248695,0.012254901960784314,2016,0.4100153072381369
Free State,Ward 41804027,FS184,5402,0.5725657164013328,False,8.59452453435256,0.5455629728591876,0.008406078241189783,2016,0.5027045890769499
Free State,Ward 41804028,FS184,4197,0.5501548725279962,False,8.34212526333359,0.54620328268414,0.006929406669553919,2016,0.4010946051602814
Free State,Ward 41804029,FS184,5189,0.5315089612642128,False,8.55429627936774,0.5467360230059625,0.01704133430021755,2016,0.4061242735806884
Free State,Ward 41804030,FS184,4875,0.4689230769230769,False,8.491875383431948,0.548524191129995,0.03280839895013123,2016,0.3162609095084979
Free State,Ward 41804031,FS184,5235,0.483476599808978,False,8.563122123304638,0.5481083761903978,0.02133544053733702,2016,0.3908021390374331
Free State,Ward 41804032,FS184,6694,0.5699133552435016,False,8.808966881771273,0.5456387546065542,0.003931847968545216,2016,0.4695895829899456
Free State,Ward 41804033,FS184,6002,0.5766411196267911,False,8.699848026000312,0.5454465327670316,0.004334007512279688,2016,0.4859664607237423
Free State,Ward 41804034,FS184,6487,0.6067519654694004,False,8.777555453213056,0.5445862228858143,0.0022865853658536584,2016,0.5511948093052699
Free State,Ward 41804035,FS184,5962,0.5333780610533378,False,8.693161274238017,0.5466826201548446,0.021069182389937106,2016,0.4814321398834305
Free State,Ward 41804036,FS184,5471,0.5686346188996527,False,8.607216694063826,0.5456752899306642,0.02378656380585021,2016,0.4705658944170148
Free State,Ward 41805001,FS185,3543,0.4905447360993508,False,8.172729104865471,0.5632972090077728,0.01668584579976985,2016,0.4005745292052346
Free State,Ward 41805002,FS185,3363,0.6119536128456735,False,8.12058871174027,0.5522600383944708,0.016034985422740525,2016,0.5758811535100495
Free State,Ward 41805003,FS185,3316,0.5627261761158022,False,8.106514516255185,0.5567352599153682,0.015005359056806002,2016,0.4924242424242424
Free State,Ward 41805004,FS185,3128,0.5249360613810742,False,8.048149101665201,0.5601707248912526,0.044457978075517664,2016,0.398503910234614
Free State,Ward 41805005,FS185,3375,0.6219259259259259,False,8.12415060330663,0.5513534644780842,0.010004764173415913,2016,0.5042483660130719
Free State,Ward 41805006,FS185,3410,0.5551319648093842,False,8.134467570277563,0.5574256427614063,0.04331748547279451,2016,0.4971807628524046
Free State,Ward 41805007,FS185,2693,0.6123282584478277,False,7.898411092811599,0.552225979703366,0.014554275318374773,2016,0.532156862745098
Free State,Ward 41805008,FS185,2880,0.5284722222222222,False,7.965545573129992,0.5598492557238756,0.002628120893561104,2016,0.4318924809298947
Free State,Ward 41805009,FS185,3733,0.5537101526922047,False,8.224967478914584,0.5575548984084225,0.01741654571843251,2016,0.4314829713059802
Free State,Ward 41805010,FS185,2641,0.4327906096175691,False,7.878912912297133,0.5685475841424803,0.022747156605424323,2016,0.313426514188903
Free State,Ward 41805011,FS185,3736,0.5302462526766595,False,8.225770799348734,0.5596879802280176,0.016658253407370014,2016,0.419676945668135
Free State,Ward 41805012,FS185,4619,0.6620480623511582,False,8.437933510430605,0.5477059975303358,0.005559189012426423,2016,0.5469540356278865
Free State,Ward 41901001,FS191,3073,0.5942076147087536,False,8.030409562130485,0.5341134391649606,0.029025191675794086,2016,0.4447802197802197
Free State,Ward 41901002,FS191,3878,0.5603403816400206,False,8.263074835802596,0.5362301412317564,0.02116889093419236,2016,0.4345881475959746
Free State,Ward 41901003,FS191,2916,0.5202331961591221,False,7.977968093128549,0.5387368403243126,0.021753460777851022,2016,0.4373650107991361
Free State,Ward 41901004,FS191,3351,0.5992241122053118,False,8.11701408773731,0.5337999080714257,0.013944223107569721,2016,0.58003120124805
Free State,Ward 41901005,FS191,3478,0.4824611845888442,False,8.154212694914229,0.5410975910474549,0.028605482717520857,2016,0.3906093906093906
Free State,Ward 41901006,FS191,4208,0.5990969581749049,False,8.344742754417545,0.5338078551983262,0.0218167393891313,2016,0.5287076036355576
Free State,Ward 41901007,FS191,2842,0.5615763546798029,False,7.952263308657046,0.53615289291677,0.018796992481203006,2016,0.5190494153149755
Free State,Ward 41901008,FS191,3754,0.5487480021310602,False,8.230577217146454,0.5369546649510665,0.02912621359223301,2016,0.50627990430622
Free State,Ward 41901009,FS191,2592,0.6168981481481481,False,7.860185057472165,0.5326952808249984,0.06629143214509069,2016,0.492221530802738
Free State,Ward 41901010,FS191,4019,0.4451356058721075,False,8.2987883944492,0.543430439717251,0.03130240357741755,2016,0.3698919061428948
Free State,Ward 41901011,FS191,3109,0.5538758443229335,False,8.042056410058754,0.5366341748140744,0.024390243902439025,2016,0.461566091954023
Free State,Ward 41901012,FS191,3114,0.5327552986512524,False,8.043663352393944,0.5379542089185544,0.03918022905364678,2016,0.4420412301453194
Free State,Ward 41901013,FS191,4197,0.5244222063378604,False,8.34212526333359,0.5384750271881414,0.016810540663334848,2016,0.4083930399181167
Free State,Ward 41901014,FS191,3356,0.4949344457687723,False,8.118505067587098,0.5403180122237095,0.006020469596628537,2016,0.3840996168582375
Free State,Ward 41901015,FS191,4329,0.5992145992145992,False,8.37309184744198,0.5338005026333452,0.02428681572860447,2016,0.4970092441544317
Free State,Ward 41901016,FS191,3774,0.4390567037625861,False,8.235890725928495,0.543810371099096,0.02172601086300543,2016,0.3674274443505212
Free State,Ward 41901017,FS191,3063,0.4678419849820437,False,8.027150106832774,0.5420112910228799,0.026517794836008374,2016,0.3347193347193347
Free State,Ward 41902001,FS192,3162,0.543010752688172,False,8.058960017769417,0.5896682012609811,0.0052417006406523005,2016,0.4270379067427038
Free State,Ward 41902002,FS192,3099,0.5337205550177476,False,8.038834757787749,0.5901571590331086,0.02539298669891173,2016,0.4082537517053206
Free State,Ward 41902003,FS192,4062,0.6541112752338749,False,8.30943074214033,0.583820805337523,0.008656379375235227,2016,0.5717003567181926
Free State,Ward 41902004,FS192,3692,0.6004875406283857,False,8.213923595622743,0.5866431071588645,0.008570139828597204,2016,0.4263742523497579
Free State,Ward 41902005,FS192,2257,0.5108551174124945,False,7.721791776817535,0.5913606031175956,0.027753686036426712,2016,0.3983983983983984
Free State,Ward 41902006,FS192,4094,0.5911089399120665,False,8.317277766221235,0.5871367177228813,0.01487603305785124,2016,0.4639746634996041
Free State,Ward 41902007,FS192,3534,0.5911148839841539,False,8.170185652879642,0.5871364048769819,0.01675442795595979,2016,0.458710407239819
Free State,Ward 41902008,FS192,3149,0.54144172753255,False,8.054840221101024,0.5897507815323295,0.01994134897360704,2016,0.4396645021645021
Free State,Ward 41902009,FS192,3999,0.5863965991497875,False,8.293799608846818,0.5873847356577381,0.017057569296375266,2016,0.5056440903054449
Free State,Ward 41902010,FS192,3497,0.7128967686588504,False,8.159660737063376,0.5807268319993664,0.05776173285198556,2016,0.6673211781206171
Free State,Ward 41902011,FS192,3807,0.5524034672970843,False,8.244596756382498,0.589173847860512,0.01331431288635283,2016,0.5135058288313904
Free State,Ward 41902012,FS192,3849,0.5879449207586386,False,8.255568653283746,0.5873032450467459,0.02695536897923111,2016,0.4635458703255313
Free State,Ward 41902013,FS192,2905,0.5838209982788296,False,7.974188669286011,0.5875202935983148,0.039504716981132074,2016,0.4791231732776618
Free State,Ward 41902014,FS192,3931,0.5716102772831341,False,8.27664912542186,0.5881629631244041,0.027147307521139297,2016,0.4506895654436638
Free State,Ward 41902015,FS192,3854,0.6320705760249092,False,8.256866848974312,0.584980842137995,0.011904761904761904,2016,0.5955165692007798
Free State,Ward 41902016,FS192,4351,0.5380372328200413,False,8.37816098272068,0.5899299654645669,0.012387868432293891,2016,0.4521951219512195
Free State,Ward 41902017,FS192,3874,0.5389778007227671,False,8.262042843966942,0.5898804618907392,0.02681992337164751,2016,0.5482676540597725
Free State,Ward 41902018,FS192,3708,0.6302588996763754,False,8.218247926685745,0.5850761935247598,0.03123662815575524,2016,0.5138286334056399
Free State,Ward 41902019,FS192,4228,0.565515610217597,False,8.349484346990128,0.5884837350752218,0.013801756587202008,2016,0.4918689606410558
Free State,Ward 41902020,FS192,4162,0.6809226333493513,False,8.33375100695358,0.5824096812261822,0.024347212420606917,2016,0.5714285714285714
Free State,Ward 41903001,FS193,3573,0.5885810243492863,False,8.181160858023409,0.5324440411801618,0.019971469329529243,2016,0.4523670368205728
Free State,Ward 41903002,FS193,3906,0.4997439836149513,False,8.270269111436624,0.5435486712719537,0.02305327868852459,2016,0.4439398240136247
Free State,Ward 41903003,FS193,3630,0.571900826446281,False,8.196987927258897,0.5345290659180375,0.023121387283236993,2016,0.5129390018484289
Free State,Ward 41903004,FS193,3192,0.4683583959899749,False,8.068402958569699,0.5474718697250757,0.02140468227424749,2016,0.5464429947188568
Free State,Ward 41903005,FS193,3093,0.5709666989977368,False,8.03689677268507,0.5346458318491055,0.015288788221970554,2016,0.4738871363477042
Free State,Ward 41903006,FS193,3183,0.5912661011624254,False,8.065579427282092,0.5321084065785194,0.039319872476089264,2016,0.5490020851951147
Free State,Ward 41903007,FS193,2794,0.5322118826055834,False,7.935229539816907,0.5394901838981246,0.019502353732347006,2016,0.4142969984202211
Free State,Ward 41903008,FS193,2778,0.5255579553635709,False,7.9294865233142895,0.5403219248033763,0.021917808219178082,2016,0.4058313632781717
Free State,Ward 41903009,FS193,4410,0.499546485260771,False,8.391629968440892,0.5435733585662262,0.018157058556513846,2016,0.3974006498375406
Free State,Ward 41904001,FS194,6123,0.5823942511840601,False,8.719807451477955,0.5228835774997335,0.014862591138530567,2016,0.462662598361972
Free State,Ward 41904002,FS194,5953,0.4893331093566269,False,8.69165057315339,0.5256206699064228,0.01167181599725369,2016,0.3942678669851185
Free State,Ward 41904003,FS194,5531,0.5866931838727174,False,8.618123909994678,0.5227571383030082,0.025269645608628658,2016,0.4817246273953158
Free State,Ward 41904004,FS194,5607,0.514000356696986,False,8.631771096123673,0.5248951626317062,0.021859819569743234,2016,0.4108192865542924
Free State,Ward 41904005,FS194,5916,0.5385395537525355,False,8.68541582383069,0.5241734215418371,0.010671688637790333,2016,0.4964512514008218
Free State,Ward 41904006,FS194,7459,0.5675023461590025,False,8.917176635955164,0.5233215747063528,0.012756909992912827,2016,0.4771217712177121
Free State,Ward 41904007,FS194,4921,0.5405405405405406,False,8.501267040865978,0.5241145689892487,0.02593984962406015,2016,0.5062062739787858
Free State,Ward 41904008,FS194,4294,0.4829995342338146,False,8.364973978438726,0.5258069515276818,0.026036644165863067,2016,0.4682036990119078
Free State,Ward 41904009,FS194,4668,0.4946443873179091,False,8.448485993406447,0.5254644558487379,0.02728453876136856,2016,0.4805497321220591
Free State,Ward 41904010,FS194,5179,0.5066615176675033,False,8.552367266423891,0.5251110108384557,0.015625,2016,0.494741270509045
Free State,Ward 41904011,FS194,4952,0.4674878836833602,False,8.507546814364431,0.5262631765438717,0.018574514038876888,2016,0.4448818897637795
Free State,Ward 41904012,FS194,5526,0.5282301845819761,False,8.617219505483362,0.5244766382821477,0.023295649194929772,2016,0.4857198748043818
Free State,Ward 41904013,FS194,4703,0.5186051456517117,False,8.455955881945048,0.5247597276624496,0.055350553505535055,2016,0.4510338559418314
Free State,Ward 41904014,FS194,4737,0.538948701709943,False,8.463159302923751,0.524161387778384,0.019193106149627888,2016,0.4291543867603718
Free State,Ward 41904015,FS194,4780,0.4960251046025105,False,8.472195825485501,0.5254238465168379,0.017292281737663433,2016,0.4392014519056261
Free State,Ward 41904016,FS194,5341,0.5122636210447482,False,8.58316818033977,0.5249462430920662,0.021929824561403508,2016,0.4478935698447893
Free State,Ward 41904017,FS194,5704,0.5166549789621319,False,8.648922962094131,0.5248170855062607,0.033593484899898204,2016,0.4132153614457831
Free State,Ward 41904018,FS194,5660,0.5674911660777385,False,8.641179171197228,0.5233219035322724,0.021170610211706103,2016,0.5501369863013699
Free State,Ward 41904019,FS194,5156,0.5967804499612103,False,8.547916364059079,0.5224604540062879,0.028274293142671433,2016,0.5464190981432361
Free State,Ward 41904020,FS194,4624,0.511461937716263,False,8.439015410352214,0.5249698220134922,0.02029598308668076,2016,0.449047619047619
Free State,Ward 41904021,FS194,4766,0.5046160302140159,False,8.469262657658687,0.5251711722341464,0.03284823284823285,2016,0.6836829836829836
Free State,Ward 41904022,FS194,3758,0.5880787653006918,False,8.231642179973411,0.5227163859080678,0.012669683257918552,2016,0.4730259473585962
Free State,Ward 41904023,FS194,5335,0.5681349578256795,False,8.582044163735853,0.5233029684808622,0.016826129990102277,2016,0.479911164950535
Free State,Ward 41904024,FS194,5481,0.5303776683087028,False,8.609042845046117,0.5244134769960676,0.028551771585827314,2016,0.4345736158091507
Free State,Ward 41904025,FS194,4318,0.539138490041686,False,8.370547611074752,0.5241558057686267,0.009450171821305841,2016,0.4438143247216971
Free State,Ward 41904026,FS194,5000,0.5082,False,8.517193191416238,0.5250657613580882,0.02715466351829988,2016,0.4683113568694173
Free State,Ward 41904027,FS194,5572,0.4946159368269921,False,8.625509334899697,0.5254652926278824,0.012336719883889695,2016,0.4431160817585808
Free State,Ward 41904028,FS194,6017,0.5545953132790428,False,8.702344075220351,0.5237011933204692,0.027569673359304766,2016,0.4243515850144092
Free State,Ward 41904029,FS194,5177,0.4757581610971605,False,8.551981016901902,0.5260199330905246,0.017458384084449857,2016,0.3847995212447636
Free State,Ward 41904030,FS194,4693,0.4964841252929896,False,8.453827315794417,0.5254103459082943,0.024463519313304722,2016,0.4662429135887304
Free State,Ward 41904031,FS194,5808,0.5401170798898072,False,8.666991556504632,0.5241270237142703,0.020401657634682817,2016,0.5127447358699667
Free State,Ward 41904032,FS194,6516,0.5426642111724984,False,8.782015969721936,0.5240521080883087,0.019513574660633484,2016,0.4556841905484912
Free State,Ward 41904033,FS194,5155,0.507274490785645,False,8.54772239645106,0.5250929822173339,0.020650095602294454,2016,0.3986559722523303
Free State,Ward 41904034,FS194,5770,0.4766031195840554,False,8.660427359502146,0.5259950813703218,0.0061818181818181816,2016,0.401677079907925
Free State,Ward 41904035,FS194,5643,0.4765195817827397,False,8.63817111796914,0.5259975383644782,0.03681666046857568,2016,0.435810134187863
Free State,Ward 41905001,FS195,3051,0.6463454605047525,False,8.02322468471667,0.5870053157085288,0.013184584178498986,2016,0.5451669595782074
Free State,Ward 41905002,FS195,3681,0.5878837272480304,False,8.210939733379021,0.5953569918880605,0.021256931608133085,2016,0.4386376981796829
Free State,Ward 41905003,FS195,3795,0.5665349143610013,False,8.24143968982973,0.5984068223004932,0.017209302325581394,2016,0.4550995530272247
Free State,Ward 41905004,FS195,3290,0.5519756838905775,False,8.098642843759418,0.6004867123676966,0.016519823788546256,2016,0.4116924588553181
Free State,Ward 41905005,FS195,3092,0.5863518758085382,False,8.036573409707312,0.5955758278079879,0.03640375068946498,2016,0.4403600900225056
Free State,Ward 41905006,FS195,3014,0.5497677504976775,False,8.01102337918644,0.6008021314238252,0.019915509957754977,2016,0.4301418439716312
Free State,Ward 41905007,FS195,3521,0.5768247656915649,False,8.166500319155052,0.5969368435389841,0.028557360905957656,2016,0.4342517219787101
Free State,Ward 41905008,FS195,2388,0.6896984924623115,False,7.778211474512493,0.5808120254288774,0.041287188828172436,2016,0.544646308465404
Free State,Ward 41906001,FS196,3785,0.5746367239101717,False,8.23880116587155,0.5351046833353638,0.01747126436781609,2016,0.4656889872717211
Free State,Ward 41906002,FS196,2907,0.5988992088063295,False,7.9748769005588755,0.532071872723344,0.015508328546812177,2016,0.5270396999062207
Free State,Ward 41906003,FS196,2762,0.4377262853005069,False,7.923710333969238,0.5522184881615718,0.013234077750206782,2016,0.3665212217374058
Free State,Ward 41906004,FS196,3491,0.5488398739616156,False,8.157943507105037,0.5383292895789333,0.019832985386221295,2016,0.4350877192982456
Free State,Ward 41906005,FS196,2611,0.5051704327843738,False,7.8674885686991285,0.5437879697260886,0.014404852160727824,2016,0.4035573122529644
Free State,Ward 41906006,FS196,3236,0.4258343634116193,False,8.082093278178382,0.5537049783976828,0.015239477503628448,2016,0.3819212808539026
Free State,Ward 41906007,FS196,4183,0.5503227348792733,False,8.338783971442199,0.538143931964226,0.009556907037358819,2016,0.4696469392938786
Free State,Ward 41906008,FS196,2728,0.6337976539589443,False,7.911324018963353,0.5277095670792672,0.015037593984962405,2016,0.5387978142076503
Free State,Ward 41906009,FS196,2673,0.5802469135802469,False,7.890956716138919,0.5344034096266044,0.032237266279819474,2016,0.4780966767371601
Free State,Ward 42001001,FS201,4029,0.5254405559692231,False,8.301273485191347,0.5204634902655829,0.011809163911195087,2016,0.4417098445595855
Free State,Ward 42001002,FS201,2929,0.4701263229771253,False,7.982416346827733,0.5230975013604447,0.011619462599854757,2016,0.4760401721664275
Free State,Ward 42001003,FS201,3710,0.5986522911051213,False,8.21878715560148,0.5169772171638735,0.020711391265195857,2016,0.503579295154185
Free State,Ward 42001004,FS201,3356,0.5297973778307509,False,8.118505067587098,0.5202560225578912,0.01968503937007874,2016,0.4140285536933581
Free State,Ward 42001005,FS201,3824,0.5243200836820083,False,8.249052274171293,0.5205168460887836,0.034912718204488775,2016,0.4589134589134589
Free State,Ward 42001006,FS201,4123,0.484841135095804,False,8.3243363327069,0.5223967960214599,0.01950975487743872,2016,0.3865389731311519
Free State,Ward 42001007,FS201,3622,0.5005521811154059,False,8.19478163844336,0.5216486509729075,0.01709873138444567,2016,0.3866699950074888
Free State,Ward 42001008,FS201,2890,0.5093425605536333,False,7.969011781106478,0.521230061475849,0.014266304347826086,2016,0.4359430604982206
Free State,Ward 42001009,FS201,3006,0.498003992015968,False,8.00836557031292,0.521769993310976,0.01002004008016032,2016,0.4342194955691888
Free State,Ward 42001010,FS201,4095,0.5978021978021978,False,8.31752199628717,0.517017697797346,0.03349673202614379,2016,0.3175921120913337
Free State,Ward 42001011,FS201,4183,0.4747788668419794,False,8.338783971442199,0.5228759516525945,0.012588116817724069,2016,0.3417513938996392
Free State,Ward 42001012,FS201,3024,0.5343915343915344,False,8.014335737299424,0.5200372531978538,0.011757425742574257,2016,0.4357650096836669
Free State,Ward 42001013,FS201,3103,0.588462777956816,False,8.04012466444838,0.5174624320756975,0.014238773274917854,2016,0.4923653125900317
Free State,Ward 42001014,FS201,2901,0.5429162357807652,False,7.972810784121404,0.5196313150364619,0.012698412698412698,2016,0.421579532814238
Free State,Ward 42001015,FS201,2971,0.5146415348367553,False,7.9966538754626075,0.5209777293671289,0.006540222367560497,2016,0.3968363136176066
Free State,Ward 42001016,FS201,3016,0.4509283819628647,False,8.011686729127847,0.5240116890277905,0.003676470588235294,2016,0.4689973614775725
Free State,Ward 42001017,FS201,4085,0.6629130966952265,False,8.315077007294104,0.5139171788024399,0.001846381093057607,2016,0.6002560819462228
Free State,Ward 42001018,FS201,3821,0.5268254383669196,False,8.2482674474469,0.5203975434847402,0.012419274714356682,2016,0.4241996233521657
Free State,Ward 42001019,FS201,3862,0.5082858622475401,False,8.258940462988459,0.5212803804428059,0.02598064187468161,2016,0.378698224852071
Free State,Ward 42001020,FS201,2675,0.4938317757009345,False,7.891704659330107,0.5219686702783586,0.006056018168054504,2016,0.3630322421855771
Free State,Ward 42001021,FS201,3843,0.4894613583138173,False,8.254008590564844,0.5221767853920307,0.009569377990430622,2016,0.3767430278884462
Free State,Ward 42001022,FS201,3486,0.4288582903040734,False,8.156510226079966,0.5250626457734471,0.03879598662207358,2016,0.3137053227050655
Free State,Ward 42003001,FS203,3415,0.6005856515373352,False,8.13593277200489,0.5817982164162319,0.008288639687957094,2016,0.4333834586466165
Free State,Ward 42003002,FS203,3467,0.6420536486876262,False,8.151044945685024,0.5793589224662147,0.014824797843665768,2016,0.5595350298460572
Free State,Ward 42003003,FS203,2611,0.4909996170049789,False,7.8674885686991285,0.5882444537416646,0.0,2016,0.3809946714031971
Free State,Ward 42003004,FS203,3022,0.5350761085373924,False,8.013674142832684,0.5856517189456403,0.021026592455163882,2016,0.4759871931696905
Free State,Ward 42003005,FS203,4204,0.5523311132254995,False,8.343791731996841,0.5846367186698692,0.01119724375538329,2016,0.36420214090117
Free State,Ward 42003006,FS203,4023,0.5423813074819787,False,8.299783171949787,0.5852220013606646,0.015582034830430797,2016,0.3766124509254066
Free State,Ward 42003007,FS203,4728,0.5693739424703892,False,8.461257559085935,0.5836341993025228,0.017459138187221397,2016,0.4246399176954732
Free State,Ward 42003008,FS203,2654,0.5587792012057272,False,7.8838232148921525,0.5842574193769147,0.01820633850303439,2016,0.5332075471698113
Free State,Ward 42003009,FS203,3561,0.5925301881493963,False,8.177796683277778,0.5822720672037577,0.016113744075829384,2016,0.4541666666666666
Free State,Ward 42003010,FS203,4102,0.6089712335446124,False,8.319229938632326,0.581304946886392,0.010808646917534028,2016,0.5034352049277422
Free State,Ward 42003011,FS203,3308,0.5707376058041113,False,8.104099056143582,0.5835539838123038,0.009004237288135594,2016,0.4756843800322061
Free State,Ward 42003012,FS203,4670,0.686509635974304,False,8.448914350662942,0.5767438643905278,0.006550218340611353,2016,0.5849210669569951
Free State,Ward 42003013,FS203,3106,0.6072118480360592,False,8.041091003708633,0.5814084401516011,0.01007423117709438,2016,0.4353233830845771
Free State,Ward 42003014,FS203,3491,0.6055571469492982,False,8.157943507105037,0.5815057755096458,0.018448438978240302,2016,0.5020184544405998
Free State,Ward 42003015,FS203,5905,0.6118543607112616,False,8.683554728631462,0.5811353511707068,0.013008580127318018,2016,0.3853349426674713
Free State,Ward 42003016,FS203,3615,0.5571230982019364,False,8.192847134592865,0.584354837200667,0.03326713008937438,2016,0.4526475037821482
Free State,Ward 42003017,FS203,4382,0.6141031492469192,False,8.385260520155413,0.5810030694921386,0.026384243775548124,2016,0.5060551404277248
Free State,Ward 42003018,FS203,3613,0.5449764738444506,False,8.19229373114764,0.5850693445158133,0.008633824276282377,2016,0.3649025069637883
Free State,Ward 42004001,FS204,4553,0.5627059081924006,False,8.423541635334782,0.5746716170180173,0.00468384074941452,2016,0.4261677548970367
Free State,Ward 42004002,FS204,4196,0.5395614871306006,False,8.341886969516187,0.5758288380711073,0.02120141342756184,2016,0.4051769677760169
Free State,Ward 42004003,FS204,3634,0.6001651073197578,False,8.198089248956116,0.5727986570616495,0.01879871618523613,2016,0.4639264156366772
Free State,Ward 42004004,FS204,3177,0.5476864966949953,False,8.063692634269517,0.5754225875928876,0.008620689655172414,2016,0.5088397790055249
Free State,Ward 42004005,FS204,3393,0.6678455643972885,False,8.129469764784231,0.5694146342077728,0.06707855251544571,2016,0.5273972602739726
Free State,Ward 42004006,FS204,3323,0.501354198013843,False,8.108623268354595,0.5777392025269451,0.026410564225690276,2016,0.4318253717178108
Free State,Ward 42004007,FS204,3260,0.5975460122699386,False,8.089482474360754,0.5729296118141403,0.006160164271047228,2016,0.3882978723404255
Free State,Ward 42004008,FS204,3809,0.5437122604358099,False,8.245121966478605,0.5756212994058468,0.007242877836793819,2016,0.4256476683937824
Free State,Ward 42004009,FS204,3057,0.5286228328426562,False,8.025189321890835,0.5763757707855045,0.011757425742574257,2016,0.4025740025740025
Free State,Ward 42004010,FS204,3369,0.6081923419412288,False,8.122371243406553,0.5723972953305758,0.019521717911176184,2016,0.4482663731425426
Free State,Ward 42004011,FS204,3370,0.570919881305638,False,8.122668023346407,0.5742609183623554,0.030665280665280667,2016,0.4462890625
Free State,Ward 42004012,FS204,3023,0.5031425736023818,False,8.014004994779459,0.5776497837475182,0.02695595003287311,2016,0.3994708994708995
Free State,Ward 42004013,FS204,4773,0.4313848732453383,False,8.470730317005897,0.5812376687653703,0.015055852355512385,2016,0.3621238071935405
Free State,Ward 42004014,FS204,3856,0.7637448132780082,False,8.257385655730436,0.5646196717637368,0.0030560271646859084,2016,0.6161928306551298
Free State,Ward 42004015,FS204,4071,0.5900270203881111,False,8.31164394850298,0.5733055614082316,0.0,2016,0.4676680244399185
Free State,Ward 42004016,FS204,4182,0.7333811573409852,False,8.338544879988579,0.566137854560588,0.0039126181936746,2016,0.5984848484848485
Free State,Ward 42004017,FS204,4477,0.5541657359839178,False,8.406708458240965,0.5750986256284414,0.0016122531237404273,2016,0.3070246813127203
Free State,Ward 42004018,FS204,3982,0.6506780512305375,False,8.289539484624141,0.5702730098661104,0.0015438054805094559,2016,0.4328103683492497
Free State,Ward 42004019,FS204,4391,0.4281484855386017,False,8.387312270561717,0.5813994881507072,0.018085106382978722,2016,0.45767004341534
Free State,Ward 42004020,FS204,4918,0.601870679137861,False,8.500657222776137,0.5727133784707442,0.007432432432432433,2016,0.5299019607843137
Free State,Ward 42004021,FS204,2861,0.5312827682628452,False,7.95892649305011,0.5762427740144951,0.015131578947368421,2016,0.4426048565121412
Free State,Ward 42005001,FS205,3005,0.6239600665557404,False,8.008032846969307,0.5274083400489206,0.007466666666666667,2016,0.4548032612548741
Free State,Ward 42005002,FS205,3846,0.5481019240769631,False,8.254788926148725,0.5368906078587677,0.023719165085388995,2016,0.4050089445438282
Free State,Ward 42005003,FS205,3073,0.6072242108688578,False,8.030409562130485,0.5295003220097809,0.04072883172561629,2016,0.4825938566552901
Free State,Ward 42005004,FS205,3231,0.552460538532962,False,8.080546965824498,0.5363457810517679,0.011204481792717087,2016,0.4979265402843602
Free State,Ward 42005005,FS205,3710,0.5870619946091644,False,8.21878715560148,0.5320205990422426,0.013314967860422406,2016,0.5589847130083646
Free State,Ward 42005006,FS205,3060,0.5490196078431373,False,8.026170194946426,0.536775897387996,0.01607142857142857,2016,0.4090909090909091
Free State,Ward 42005007,FS205,4218,0.2878141299193931,False,8.34711636103872,0.569426582128464,0.014827018121911038,2016,0.3762450199203187
Free State,Ward 42005008,FS205,3685,0.5554952510176391,False,8.212025804623437,0.5359664419911833,0.011235955056179775,2016,0.4368794326241135
Free State,Ward 42005009,FS205,3054,0.5320890635232483,False,8.024207485778577,0.5388922154279822,0.05415384615384616,2016,0.4640111809923131
Free State,Ward 49400001,MAN,7009,0.5846768440576402,True,8.854950316500325,0.5735710248323816,0.012933138116154222,2016,0.4525179856115108
Free State,Ward 49400002,MAN,8504,0.5718485418626529,True,9.048291920021784,0.5738328269179936,0.015011309891013777,2016,0.3307382898663553
Free State,Ward 49400003,MAN,7091,0.571710619094627,True,8.866581653303996,0.5738356416683614,0.020720276270350273,2016,0.4282912478548664
Free State,Ward 49400004,MAN,6960,0.555603448275862,True,8.847934753328465,0.5741643594401731,0.014481510214636669,2016,0.3845122360040228
Free State,Ward 49400005,MAN,7540,0.5944297082228117,True,8.927977461002001,0.5733719867881945,0.010263275323516287,2016,0.4238645313730638
Free State,Ward 49400006,MAN,8201,0.5670040238995244,True,9.012011377036412,0.5739316946315268,0.02086021505376344,2016,0.5254171011470281
Free State,Ward 49400007,MAN,7117,0.507517212308557,True,8.87024156729927,0.5751457111946078,0.012181616832779624,2016,0.3781997187060478
Free State,Ward 49400008,MAN,9313,0.5055299044346613,True,9.139166552521658,0.5751862684981567,0.04226847918436703,2016,0.3114241001564945
Free State,Ward 49400009,MAN,7968,0.5380271084337349,True,8.983188799264434,0.5745230602532777,0.00979706088173548,2016,0.3846868365180467
Free State,Ward 49400010,MAN,11688,0.608829568788501,True,9.366317953430535,0.5730781120827723,0.021641371557054524,2016,0.384907091391733
Free State,Ward 49400011,MAN,9668,0.4910012412081092,True,9.176576741823373,0.5754827718293108,0.06467242468927743,2016,0.4033366045142296
Free State,Ward 49400012,MAN,8635,0.571627099015634,True,9.06357899058078,0.5738373461597696,0.015802269043760128,2016,0.3722018042098229
Free State,Ward 49400013,MAN,7220,0.5879501385041551,True,8.884610231886873,0.5735042229049018,0.012720848056537103,2016,0.4008857666463042
Free State,Ward 49400014,MAN,9548,0.5736279849183075,True,9.16408698745872,0.5737965117535925,0.01990140587913091,2016,0.4109294320137693
Free State,Ward 49400015,MAN,7725,0.549126213592233,True,8.952217101765946,0.5742965479031042,0.00825082508250825,2016,0.3762786839922588
Free State,Ward 49400016,MAN,8108,0.6053280710409472,True,9.000606507571892,0.5731495712204774,0.008557457212713936,2016,0.5514673674989049
Free State,Ward 49400017,MAN,8657,0.5215432597897655,True,9.066123521215774,0.5748594653276443,0.015060908084163898,2016,0.3850794755772131
Free State,Ward 49400018,MAN,9027,0.5852442671984048,True,9.107975365298154,0.5735594447682844,0.011546469808820745,2016,0.4973006644518272
Free State,Ward 49400019,MAN,9832,0.456773799837266,True,9.19339765124587,0.5761812910409607,0.008461367178802049,2016,0.3091767173571054
Free State,Ward 49400020,MAN,10212,0.5950842146494321,True,9.231318778361375,0.5733586295141818,0.0008227743952608195,2016,0.5739987149282502
Free State,Ward 49400021,MAN,9238,0.5494695821606408,True,9.13108069099055,0.5742895403813,0.00591016548463357,2016,0.4471925133689839
Free State,Ward 49400022,MAN,9396,0.7214772243507875,True,9.148039345778804,0.5707791803366031,0.005753060923440035,2016,0.5994092251760963
Free State,Ward 49400023,MAN,9248,0.5134083044982699,True,9.13216259091216,0.5750254848233892,0.004633529907329402,2016,0.3444494686864119
Free State,Ward 49400024,MAN,9199,0.7009457549733666,True,9.126850061477157,0.5711981899157341,0.00620347394540943,2016,0.6083269082498073
Free State,Ward 49400025,MAN,9350,0.7291978609625669,True,9.143131622282732,0.5706216163241178,0.0014667057788207685,2016,0.6591564335290977
Free State,Ward 49400026,MAN,8723,0.6690358821506363,True,9.07371849443322,0.5718494118100755,0.0017135023989033585,2016,0.5852970054000982
Free State,Ward 49400027,MAN,8250,0.566060606060606,True,9.017968479328726,0.5739509480568109,0.017558886509635975,2016,0.3796508127633955
Free State,Ward 49400028,MAN,8038,0.5681761632246828,True,8.991935575009146,0.5739077734208093,0.02080140135756514,2016,0.4351631861948231
Free State,Ward 49400029,MAN,8681,0.5644511001036747,True,9.068892008391808,0.5739837951171565,0.01183673469387755,2016,0.3909334633195223
Free State,Ward 49400030,MAN,7649,0.5500065368021964,True,8.942330199321866,0.5742785821233091,0.015450439743285001,2016,0.3849281648143128
Free State,Ward 49400031,MAN,6885,0.5644153957879449,True,8.837100411162755,0.5739845237766612,0.020586721564590838,2016,0.3804316127150773
Free State,Ward 49400032,MAN,6887,0.5745607666618266,True,8.837390855544697,0.5737774753914798,0.017942886024766236,2016,0.4473643768249577
Free State,Ward 49400033,MAN,7084,0.5134105025409373,True,8.865593998902725,0.5750254399653755,0.029694803409403354,2016,0.3863439930855661
Free State,Ward 49400034,MAN,7069,0.6067336256896307,True,8.863474306170954,0.5731208864317288,0.023781767311727674,2016,0.4297266076241817
Free State,Ward 49400035,MAN,7716,0.5800933125972006,True,8.951051374025619,0.573664566290758,0.03284182305630027,2016,0.441748304446119
Free State,Ward 49400036,MAN,7502,0.5866435617168755,True,8.922924930641832,0.5735308877372952,0.022949329697795954,2016,0.4088971006253553
Free State,Ward 49400037,MAN,7734,0.5810705973622964,True,8.953381472167242,0.5736446217037152,0.02113929684023142,2016,0.4092959158105738
Free State,Ward 49400038,MAN,7535,0.580092899800929,True,8.927314111060596,0.5736645747151716,0.04758636467627545,2016,0.4007855688100087
Free State,Ward 49400039,MAN,10216,0.5369028974158183,True,9.231710397712375,0.574546003335276,0.02771194165907019,2016,0.3773522614724331
Free State,Ward 49400040,MAN,8702,0.5129855205699839,True,9.071308163280625,0.5750341130668236,0.01635304659498208,2016,0.3814756671899529
Free State,Ward 49400041,MAN,8418,0.5451413637443573,True,9.038127549330516,0.5743778713693874,0.02157332752233602,2016,0.375491564125333
Free State,Ward 49400042,MAN,6400,0.56328125,True,8.764053269347762,0.5740076696090681,0.023578363384188627,2016,0.3676734243552613
Free State,Ward 49400043,MAN,6854,0.5542748759848264,True,8.832587702434553,0.5741914731603982,0.016583311397736247,2016,0.4502077151335311
Free State,Ward 49400044,MAN,10441,0.6473517862273729,True,9.25349564229011,0.5722919443799381,0.005918035212309513,2016,0.5551181102362205
Free State,Ward 49400045,MAN,8013,0.5452389866466991,True,8.98882050177807,0.574375879065258,0.01991302357518883,2016,0.3653895935801191
Free State,Ward 49400046,MAN,10531,0.5716456177001235,True,9.262078567380597,0.573836968227433,0.02425249169435216,2016,0.3850785031283201
Free State,Ward 49400047,MAN,10498,0.5835397218517813,True,9.258940041812245,0.5735942314080114,0.009467841984982043,2016,0.4879804900708396
Free State,Ward 49400048,MAN,10067,0.665838879507301,True,9.217018026729423,0.5719146567619804,0.0038788602118454423,2016,0.5567543268150146
Free State,Ward 49400049,MAN,10014,0.542740163770721,True,9.211739392889891,0.574426875450482,0.020975160993560258,2016,0.3758585601628084
Free State,Ward 49400050,MAN,8850,0.5589830508474576,True,9.088172738001974,0.57409538795912,0.017384273296947646,2016,0.4422145328719723
Gauteng,Ward 79700001,EKU,16935,0.7128432240921169,True,9.737137765251871,0.5741699198017206,0.013336646785950961,2016,0.6763095590411364
Gauteng,Ward 79700002,EKU,14109,0.4596356935289531,True,9.554568170613157,0.5764510687257131,0.021125674633770238,2016,0.3265694356372859
Gauteng,Ward 79700003,EKU,14856,0.4008481421647819,True,9.606159103032542,0.5769806863055705,0.03811922753988245,2016,0.2987044732339281
Gauteng,Ward 79700004,EKU,11875,0.5099789473684211,True,9.382190628902842,0.5759975258983304,0.022457067371202115,2016,0.3631460367310712
Gauteng,Ward 79700005,EKU,12413,0.4836058970434222,True,9.426499589515949,0.5762351209463034,0.019490254872563718,2016,0.3530060315195538
Gauteng,Ward 79700006,EKU,11995,0.4910379324718633,True,9.392245175273795,0.5761681656721733,0.026485568760611207,2016,0.351038338658147
Gauteng,Ward 79700007,EKU,12336,0.5143482490272373,True,9.42027709580311,0.5759581628203231,0.016706067769897557,2016,0.3570752312286068
Gauteng,Ward 79700008,EKU,15122,0.5048935326015077,True,9.623905916118215,0.5760433404457801,0.03143418467583497,2016,0.3566237749183278
Gauteng,Ward 79700009,EKU,11767,0.4414039262343843,True,9.37305428246393,0.57661531888152,0.01771274547554871,2016,0.3380922497646689
Gauteng,Ward 79700010,EKU,12049,0.5065980579301187,True,9.396736947923277,0.5760279843617386,0.028669724770642203,2016,0.3759177679882525
Gauteng,Ward 79700011,EKU,14807,0.4953062740595664,True,9.602855320908718,0.5761297121443562,0.016225797654758657,2016,0.3445438799076212
Gauteng,Ward 79700012,EKU,15485,0.457733290280917,True,9.647627092407303,0.5764682074937133,0.017353273137697516,2016,0.3393880792872435
Gauteng,Ward 79700013,EKU,13594,0.5341327056054141,True,9.517383797906584,0.5757799244727719,0.011981820685855942,2016,0.384665320253895
Gauteng,Ward 79700014,EKU,14728,0.5260727865290603,True,9.597505722912913,0.5758525363563427,0.01794011357769747,2016,0.3539091586001489
Gauteng,Ward 79700015,EKU,16287,0.682200528028489,True,9.698122522573561,0.5744459801266182,0.006120061200612006,2016,0.5007605526682722
Gauteng,Ward 79700016,EKU,14302,0.63984058173682,True,9.568154666608342,0.5748276012643809,0.005354606053983171,2016,0.4593037661050545
Gauteng,Ward 79700017,EKU,15327,0.6502250929731845,True,9.637371257998907,0.5747340471090984,0.004515352197471403,2016,0.4481881754609027
Gauteng,Ward 79700018,EKU,15948,0.6835339854527214,True,9.677088708501246,0.5744339669966702,0.004036326942482341,2016,0.5418412698412698
Gauteng,Ward 79700019,EKU,14075,0.6949911190053286,True,9.552155453007892,0.5743307495772773,0.02065017378859129,2016,0.5674864169287961
Gauteng,Ward 79700020,EKU,15884,0.6969906824477462,True,9.673067592251142,0.5743127354922104,0.005509890705446663,2016,0.5767185598052406
Gauteng,Ward 79700021,EKU,14205,0.3951425554382259,True,9.561349294288288,0.5770320879877917,0.040976305006235524,2016,0.2579024034959942
Gauteng,Ward 79700022,EKU,15172,0.692459794358028,True,9.627206902808789,0.5743535543038295,0.00437845040928993,2016,0.5183356376324972
Gauteng,Ward 79700023,EKU,14105,0.7175469691598724,True,9.554284623436097,0.5741275437200292,0.007212726015215888,2016,0.5233829534975629
Gauteng,Ward 79700024,EKU,14815,0.663584205197435,True,9.603395460007665,0.5746136947467178,0.023293662903061743,2016,0.5116093855296208
Gauteng,Ward 79700025,EKU,14998,0.6564875316708895,True,9.615672137861335,0.5746776287424523,0.0069063579118423726,2016,0.5168158567774936
Gauteng,Ward 79700026,EKU,15223,0.5043026998620509,True,9.630562721059254,0.5760486632632527,0.027614953757978376,2016,0.3367583015786609
Gauteng,Ward 79700027,EKU,16207,0.7240081446288641,True,9.69319852665812,0.5740693349320202,0.003238452360661326,2016,0.577920443101712
Gauteng,Ward 79700028,EKU,12531,0.6964328465405794,True,9.435960853165286,0.5743177610409236,0.005500171880371262,2016,0.5621577441765427
Gauteng,Ward 79700029,EKU,12822,0.5099828419903292,True,9.458917724547202,0.5759974908116466,0.015751643982260283,2016,0.3804330520617736
Gauteng,Ward 79700030,EKU,12307,0.5415617128463476,True,9.417923485172336,0.5757129964796104,0.02625656414103526,2016,0.3908191198146978
Gauteng,Ward 79700031,EKU,16096,0.6400347912524851,True,9.686326072899465,0.5748258516291047,0.0110658124635993,2016,0.5060680515225969
Gauteng,Ward 79700032,EKU,13829,0.6765492804975053,True,9.534523115464658,0.5744968922665369,0.005344164172723386,2016,0.5463446008718645
Gauteng,Ward 79700033,EKU,14598,0.5955610357583231,True,9.588639812011577,0.575226516093016,0.017598343685300208,2016,0.4695420809410446
Gauteng,Ward 79700034,EKU,12172,0.641390075583306,True,9.406893511016861,0.5748136418603585,0.029716920712181377,2016,0.5431673272445287
Gauteng,Ward 79700035,EKU,15030,0.4328010645375915,True,9.61780348274702,0.5766928221400497,0.017832436587240583,2016,0.3046048742035078
Gauteng,Ward 79700036,EKU,15484,0.6574528545595454,True,9.647562511697538,0.5746689321398519,0.005795677799607072,2016,0.5095451155853841
Gauteng,Ward 79700037,EKU,15972,0.6992862509391435,True,9.678592468183112,0.5742920546949906,0.0037604082728982004,2016,0.5716286769387495
Gauteng,Ward 79700038,EKU,15886,0.7475764824373662,True,9.673193497193077,0.573857007564376,0.005052206130010104,2016,0.6078431372549019
Gauteng,Ward 79700039,EKU,15490,0.6670109748224661,True,9.647949933410914,0.574582822948294,0.020421989934185057,2016,0.5082293680079658
Gauteng,Ward 79700040,EKU,12698,0.5381162387777603,True,9.449199779730396,0.5757440367865346,0.03497731596663252,2016,0.3841373671300082
Gauteng,Ward 79700041,EKU,15635,0.4976015350175887,True,9.65726726989194,0.5761090341177073,0.02904884318766067,2016,0.3520305719282336
Gauteng,Ward 79700042,EKU,16437,0.5886718987649815,True,9.707290170206525,0.5752885803902533,0.009404712691194708,2016,0.4189030131826742
Gauteng,Ward 79700043,EKU,16852,0.7041894137194399,True,9.732224623098908,0.5742478820573302,0.005308839639335974,2016,0.5253483198688678
Gauteng,Ward 79700044,EKU,15671,0.5699061961585093,True,9.659567149523216,0.5754576407740954,0.015563766655469713,2016,0.393502538071066
Gauteng,Ward 79700045,EKU,14801,0.5505709073711236,True,9.60245002503719,0.5756318325649727,0.01497116210577985,2016,0.3764281828073993
Gauteng,Ward 79700046,EKU,13618,0.5510353943310324,True,9.519147726042911,0.5756276479977664,0.007462686567164179,2016,0.3704020530367836
Gauteng,Ward 79700047,EKU,14476,0.574468085106383,True,9.580247384683632,0.5754165426754659,0.014911014911014911,2016,0.3897857142857143
Gauteng,Ward 79700048,EKU,12020,0.5782861896838603,True,9.394327208089198,0.5753821453369301,0.016256653718889368,2016,0.4487489911218725
Gauteng,Ward 79700049,EKU,14695,0.5801973460360667,True,9.595262578853017,0.5753649277121354,0.0633356790992259,2016,0.4394731032452719
Gauteng,Ward 79700050,EKU,13086,0.5538743695552499,True,9.479298235429685,0.575602071644395,0.021109271523178808,2016,0.4143327180804109
Gauteng,Ward 79700051,EKU,13728,0.5083770396270396,True,9.527192821727743,0.5760119574996041,0.023212494626737357,2016,0.3778295363563578
Gauteng,Ward 79700052,EKU,14662,0.4768108034374573,True,9.593014391783532,0.5762963380058166,0.0050064368473751964,2016,0.3078151077570568
Gauteng,Ward 79700053,EKU,14801,0.5801635024660496,True,9.60245002503719,0.5753652326091626,0.013625247467101432,2016,0.4718560841771794
Gauteng,Ward 79700054,EKU,14224,0.5544150731158605,True,9.562685957753686,0.5755972004411463,0.010905401978189197,2016,0.4167744881650049
Gauteng,Ward 79700055,EKU,13594,0.5732676180667942,True,9.517383797906584,0.5754273576938406,0.022199409726677787,2016,0.4535424383324139
Gauteng,Ward 79700056,EKU,13605,0.5734656376332231,True,9.518192651217346,0.5754255737337828,0.01576518841322738,2016,0.4307139509451648
Gauteng,Ward 79700057,EKU,14047,0.5927956147220047,True,9.55016412883091,0.5752514297960459,0.006845202353788879,2016,0.4913818503241013
Gauteng,Ward 79700058,EKU,12909,0.5699124641722829,True,9.46568002150671,0.5754575843055029,0.016039146391192062,2016,0.3862364932178711
Gauteng,Ward 79700059,EKU,12227,0.5258853357323955,True,9.41140190014419,0.5758542251022586,0.037636080870917576,2016,0.3628267973856209
Gauteng,Ward 79700060,EKU,12664,0.6075489576753,True,9.446518601560848,0.5751185167964667,0.026644138289576295,2016,0.3732275489534098
Gauteng,Ward 79700061,EKU,15452,0.5840667874708776,True,9.645493723786172,0.5753300678793895,0.019390581717451522,2016,0.4048716260697828
Gauteng,Ward 79700062,EKU,12299,0.590373201073258,True,9.41727323724241,0.5752732533424311,0.031951521828949184,2016,0.4482875264270613
Gauteng,Ward 79700063,EKU,12325,0.5401217038539554,True,9.41938499891089,0.5757259695335959,0.017124831004957188,2016,0.3887485491909606
Gauteng,Ward 79700064,EKU,15444,0.5552318052318053,True,9.644975857384127,0.5755898424941558,0.015160349854227406,2016,0.4089495741516831
Gauteng,Ward 79700065,EKU,13894,0.5658557650784511,True,9.539212371252827,0.575494131144186,0.0421012465021623,2016,0.3675194152581087
Gauteng,Ward 79700066,EKU,12130,0.5970321516900248,True,9.403437001938096,0.575213262796334,0.02140292736813035,2016,0.3983613626563174
Gauteng,Ward 79700067,EKU,14260,0.5755259467040673,True,9.565213693968287,0.575407012390802,0.019495552577068358,2016,0.3852307236500999
Gauteng,Ward 79700068,EKU,13542,0.5295377344557672,True,9.51355124604559,0.5758213206092553,0.030121321991354064,2016,0.394968732234224
Gauteng,Ward 79700069,EKU,15244,0.539818945158751,True,9.63194126199375,0.5757286970894085,0.021266253493741647,2016,0.3940065744209158
Gauteng,Ward 79700070,EKU,13629,0.5572675911658963,True,9.519955154427514,0.5755715020803351,0.01935483870967742,2016,0.3993192648059904
Gauteng,Ward 79700071,EKU,13931,0.5161151388988586,True,9.541871851706224,0.5759422448935517,0.03588317107093185,2016,0.4531937928545651
Gauteng,Ward 79700072,EKU,13677,0.5725670834247276,True,9.523470868881551,0.5754336688167421,0.020687013152854043,2016,0.4748383260239351
Gauteng,Ward 79700073,EKU,16439,0.6081270150252448,True,9.707411839509511,0.5751133090725933,0.015604681404421327,2016,0.4351789123606577
Gauteng,Ward 79700074,EKU,15327,0.55340249233379,True,9.637371257998907,0.5756063227905344,0.01980664937514737,2016,0.433366077275704
Gauteng,Ward 79700075,EKU,15834,0.6224580017683466,True,9.669914805731379,0.5749842010839168,0.02729301948051948,2016,0.5015741090542752
Gauteng,Ward 79700076,EKU,14394,0.6656245657913019,True,9.57456673206775,0.5745953131197459,0.008454232334829349,2016,0.5208974127012846
Gauteng,Ward 79700077,EKU,12263,0.5924325205903939,True,9.414341877762027,0.5752547009143487,0.016792842395044735,2016,0.4539902616159115
Gauteng,Ward 79700078,EKU,12235,0.540008173273396,True,9.412055975876772,0.575726992331619,0.018919327985469955,2016,0.41907174522754
Gauteng,Ward 79700079,EKU,13425,0.4872998137802607,True,9.504873919377065,0.5762018424171427,0.026597370834607153,2016,0.3913077403245942
Gauteng,Ward 79700080,EKU,11586,0.5314172276885897,True,9.35755275165657,0.5758043882377883,0.01867792756212441,2016,0.4146206896551724
Gauteng,Ward 79700081,EKU,15293,0.5086640946838423,True,9.635150486348124,0.5760093714180113,0.016711659596349144,2016,0.3986175115207373
Gauteng,Ward 79700082,EKU,13122,0.6158360006096631,True,9.482045489904824,0.575043858752013,0.010518500185620592,2016,0.4320132417851888
Gauteng,Ward 79700083,EKU,15171,0.562388768044295,True,9.627140989748092,0.575525365351701,0.03621659634317862,2016,0.4317834836918806
Gauteng,Ward 79700084,EKU,13284,0.5257452574525745,True,9.494315582496638,0.5758554870687435,0.020332187857961054,2016,0.3303455144411246
Gauteng,Ward 79700085,EKU,11813,0.5632777448573605,True,9.37695589894852,0.5755173565515833,0.019086263901412683,2016,0.3798566308243727
Gauteng,Ward 79700086,EKU,12892,0.6056469128141483,True,9.464362242935328,0.5751356523357564,0.02420594262295082,2016,0.4103345903875471
Gauteng,Ward 79700087,EKU,13018,0.6022430480872638,True,9.474088294132333,0.5751663177837463,0.02971938775510204,2016,0.3813294232649071
Gauteng,Ward 79700088,EKU,16063,0.6358712569258544,True,9.684273769557766,0.5748633609473626,0.01448991580184061,2016,0.5404114879573063
Gauteng,Ward 79700089,EKU,13099,0.5076723414001069,True,9.48029117039765,0.5760183061322792,0.013233082706766918,2016,0.3711739100393836
Gauteng,Ward 79700090,EKU,14284,0.442733127975357,True,9.566895308714338,0.5766033440910607,0.027514231499051234,2016,0.3009688140866982
Gauteng,Ward 79700091,EKU,13452,0.676033303597978,True,9.50688307286016,0.5745015407070733,0.01836375632285023,2016,0.5276087279204393
Gauteng,Ward 79700092,EKU,15440,0.6694300518134715,True,9.644716823578767,0.5745610294618886,0.006095201238390093,2016,0.5417509956257753
Gauteng,Ward 79700093,EKU,14427,0.4153323629306162,True,9.576856729945773,0.5768501978302026,0.030373831775700934,2016,0.2880197322057787
Gauteng,Ward 79700094,EKU,13839,0.7215116699183467,True,9.53524597222593,0.5740918256951779,0.0019028542814221333,2016,0.5265198725938236
Gauteng,Ward 79700095,EKU,16046,0.5492957746478874,True,9.6832148763136,0.5756433202471641,0.009757204447469935,2016,0.3611611472911182
Gauteng,Ward 79700096,EKU,13749,0.5366208451523747,True,9.528721373177234,0.5757575088011777,0.03496882624017349,2016,0.3714812538414259
Gauteng,Ward 79700097,EKU,15035,0.6197539075490522,True,9.61813609542263,0.5750085622930995,0.0128783000643915,2016,0.5206493506493507
Gauteng,Ward 79700098,EKU,12069,0.5774297787720607,True,9.398395460617898,0.5753898607505499,0.01664514277514708,2016,0.412281349177061
Gauteng,Ward 79700099,EKU,15675,0.5484529505582137,True,9.659822365501121,0.5756509132569809,0.020006979178783295,2016,0.3594614533382516
Gauteng,Ward 79700100,EKU,14328,0.4022194304857621,True,9.569970943740548,0.5769683323567328,0.022384174908901613,2016,0.2511136277840695
Gauteng,Ward 79700101,EKU,13146,0.5582686748820934,True,9.483872808823522,0.5755624833081172,0.016623518190489166,2016,0.455747558226897
Gauteng,Ward 79700102,EKU,16702,0.454556340558017,True,9.723283751713176,0.5764968286623882,0.01857218124341412,2016,0.3300103128222757
Gauteng,Ward 79700103,EKU,13506,0.5801865837405598,True,9.510889310134788,0.5753650246697526,0.030883103624298112,2016,0.385437117450052
Gauteng,Ward 79700104,EKU,15809,0.6606363463849706,True,9.668334677096187,0.5746402520333165,0.010819609345078514,2016,0.5220317460317461
Gauteng,Ward 79700105,EKU,12187,0.6872897349634857,True,9.408125088823502,0.5744001314154921,0.0064469914040114614,2016,0.5837864156455409
Gauteng,Ward 79700106,EKU,15722,0.7223635669762116,True,9.662816284353703,0.5740841509469089,0.001761028440609316,2016,0.5924887208876967
Gauteng,Ward 79700107,EKU,13305,0.5892521608417888,True,9.49589518341179,0.5752833528039758,0.01288265306122449,2016,0.4104584082873271
Gauteng,Ward 79700108,EKU,12910,0.5727343144848954,True,9.465757483840688,0.5754321622306144,0.021909656478225587,2016,0.4833591331269349
Gauteng,Ward 79700109,EKU,14293,0.5599244385363464,True,9.567525185909115,0.5755475665184392,0.023616143946020244,2016,0.4753135077033321
Gauteng,Ward 79700110,EKU,17040,0.5528169014084507,True,9.743318800383307,0.5756115983844563,0.027494692144373674,2016,0.3884681812142952
Gauteng,Ward 79700111,EKU,12577,0.5606265405104556,True,9.439625028047155,0.5755412412754293,0.025244646149482342,2016,0.4324214297345709
Gauteng,Ward 79700112,EKU,13204,0.5416540442290215,True,9.488275092973083,0.5757121646653521,0.024608501118568233,2016,0.390625
Gauteng,Ward 74201001,GT421,8568,0.723155929038282,False,9.055789612127585,0.5397728733172253,0.0035506778566817302,2016,0.6136200716845878
Gauteng,Ward 74201002,GT421,8679,0.5655029381265123,False,9.068661593644245,0.5433558958379474,0.01263243683781581,2016,0.4458181818181818
Gauteng,Ward 74201003,GT421,8562,0.5329362298528382,False,9.055089086704891,0.5440960482987127,0.010081087004163927,2016,0.4617903930131004
Gauteng,Ward 74201004,GT421,9397,0.5299563690539534,False,9.148145768383065,0.5441637724077784,0.0026104417670682733,2016,0.429437316900697
Gauteng,Ward 74201005,GT421,8468,0.7372461029759093,False,9.044049632254756,0.5394526420913702,0.002402691013935608,2016,0.6785799380509888
Gauteng,Ward 74201006,GT421,8829,0.4791029561671763,False,9.085797036901582,0.5453195317915687,0.013002364066193853,2016,0.4180716253443526
Gauteng,Ward 74201007,GT421,9012,0.5410563692853972,False,9.106312301552135,0.5439114996752455,0.008408531583264971,2016,0.4419186178676972
Gauteng,Ward 74201008,GT421,7544,0.5201484623541888,False,8.928507824313293,0.5443866793782275,0.0050968399592252805,2016,0.4221073044602456
Gauteng,Ward 74201009,GT421,8762,0.6266834056151563,False,9.078179468373843,0.5419654306677509,0.0030959752321981426,2016,0.526217008797654
Gauteng,Ward 74201010,GT421,9006,0.5300910504108373,False,9.105646300861517,0.5441607114678491,0.003142019271051529,2016,0.4344813320922536
Gauteng,Ward 74201011,GT421,8624,0.5296846011131725,False,9.06230429314878,0.544169948951887,0.02583187390542907,2016,0.4139134481154025
Gauteng,Ward 74201012,GT421,6904,0.5042004634994206,False,8.839856232763264,0.5447491338976541,0.014938236139040505,2016,0.3980852378011118
Gauteng,Ward 74201013,GT421,7162,0.5342083216978497,False,8.876544550558378,0.544067137120417,0.021693674856246733,2016,0.4200816573415998
Gauteng,Ward 74201014,GT421,6936,0.5263840830449827,False,8.844480518460378,0.5442449607261639,0.012325390304026294,2016,0.4031977204369162
Gauteng,Ward 74201015,GT421,9054,0.4708416169648774,False,9.110961927995904,0.5455072895007119,0.011963406052076003,2016,0.3529134229771172
Gauteng,Ward 74201016,GT421,8120,0.6341133004926108,False,9.002085433155724,0.5417965694205361,0.01048747329578559,2016,0.5345724907063197
Gauteng,Ward 74201017,GT421,7881,0.5561476969927674,False,8.97221007835365,0.5435685149546234,0.01756787588409765,2016,0.4399101017269931
Gauteng,Ward 74201018,GT421,7698,0.509742790335152,False,8.948715833843691,0.5446231719241147,0.00815494393476045,2016,0.3709387529379234
Gauteng,Ward 74201019,GT421,7468,0.4866095340117836,False,8.918382504661613,0.5451489277496457,0.01651073197578426,2016,0.3950237629298295
Gauteng,Ward 74201020,GT421,7176,0.5489130434782609,False,8.878497403738631,0.5437329388981349,0.011424219345011425,2016,0.3974605049461095
Gauteng,Ward 74201021,GT421,9664,0.5554635761589404,False,9.176162920174596,0.5435840631553922,0.013785394932935917,2016,0.3965917893106119
Gauteng,Ward 74201022,GT421,8499,0.5245322979174021,False,9.047703788498627,0.5442870467517907,0.018618214445939883,2016,0.4006353240152477
Gauteng,Ward 74201023,GT421,9214,0.584870848708487,False,9.128479345495862,0.5429157160519934,0.00835034329189089,2016,0.4769997733967822
Gauteng,Ward 74201024,GT421,6827,0.4886480152336311,False,8.82864061741828,0.5451025986309674,0.015587529976019185,2016,0.3918839730442426
Gauteng,Ward 74201025,GT421,9572,0.5715628917676556,False,9.166597449028265,0.5432181696188305,0.008956315116066533,2016,0.4924050632911392
Gauteng,Ward 74201026,GT421,8566,0.5448283913144992,False,9.055556158175316,0.5438257719018568,0.016713091922005572,2016,0.5092873619036057
Gauteng,Ward 74201027,GT421,8964,0.5095939312806783,False,9.100971834920818,0.5446265550844436,0.02648861646234676,2016,0.3596481206443505
Gauteng,Ward 74201028,GT421,7271,0.5904277265850639,False,8.891649112650057,0.5427894233729803,0.01420917773119031,2016,0.4126746506986028
Gauteng,Ward 74201029,GT421,7149,0.5189536998181564,False,8.874727765766853,0.5444138330722282,0.02371967654986523,2016,0.3830208809632678
Gauteng,Ward 74201030,GT421,8364,0.5742467718794835,False,9.031692060548524,0.5431571723435616,0.007495315427857589,2016,0.4286441109132536
Gauteng,Ward 74201031,GT421,8022,0.5315382697581651,False,8.989943046329998,0.5441278201190461,0.005628517823639775,2016,0.4468227424749164
Gauteng,Ward 74201032,GT421,8263,0.5275323732300617,False,9.019542996701185,0.5442188632219577,0.01009405827024547,2016,0.4330750032838565
Gauteng,Ward 74201033,GT421,7851,0.5143293847917463,False,8.968396191198256,0.5445189311410102,0.03070827142149579,2016,0.4253150978814695
Gauteng,Ward 74201034,GT421,7049,0.5251808767201022,False,8.860641041773876,0.5442723063244567,0.018368449486763912,2016,0.4261045426260112
Gauteng,Ward 74201035,GT421,6790,0.559499263622975,False,8.823206220552741,0.5434923429857551,0.024216899183995787,2016,0.428183849345675
Gauteng,Ward 74201036,GT421,8413,0.5230001188636634,False,9.037533407550814,0.5443218690030122,0.02090909090909091,2016,0.395263671875
Gauteng,Ward 74201037,GT421,7486,0.4873096446700508,False,8.920789888464375,0.5451330161437761,0.014802631578947368,2016,0.4063404968754763
Gauteng,Ward 74201038,GT421,7396,0.5213628988642509,False,8.908694592507015,0.5443590785484533,0.013226141078838174,2016,0.3840298721815309
Gauteng,Ward 74201039,GT421,6987,0.5264061829111206,False,8.85180655855245,0.5442444584564791,0.017128874388254486,2016,0.3532651455546813
Gauteng,Ward 74201040,GT421,7375,0.5030508474576271,False,8.905851181208021,0.5447752615349676,0.010242587601078167,2016,0.4274450341167551
Gauteng,Ward 74201041,GT421,7427,0.5354786589470849,False,8.912877287669296,0.544038265819298,0.016092532059341212,2016,0.4338721011946592
Gauteng,Ward 74201042,GT421,7763,0.4786809223238438,False,8.95712413640568,0.5453291234698262,0.016146393972012917,2016,0.3597301657134477
Gauteng,Ward 74201043,GT421,7410,0.5376518218623482,False,8.910585718290132,0.5439888757530421,0.01430722891566265,2016,0.393058568329718
Gauteng,Ward 74201044,GT421,7534,0.4731882134324396,False,8.927181388251986,0.5454539577628127,0.016549789621318374,2016,0.3685023883113234
Gauteng,Ward 74201045,GT421,8928,0.6790994623655914,False,9.096947684621092,0.5407741566506956,0.0070921985815602835,2016,0.5604288499025342
Gauteng,Ward 74202001,GT422,3763,0.6526707414297104,False,8.232971790593437,0.6589884181966831,0.016286644951140065,2016,0.5638655462184874
Gauteng,Ward 74202002,GT422,3175,0.7691338582677165,False,8.063062911326792,0.6506696241368255,0.005323505323505323,2016,0.7019464720194647
Gauteng,Ward 74202003,GT422,3464,0.749133949191686,False,8.150179269682326,0.6520981890708277,0.004624277456647399,2016,0.6597093791281374
Gauteng,Ward 74202004,GT422,3881,0.6717340891522804,False,8.263848131368906,0.6576267505022138,0.008822401227464518,2016,0.5562484410077326
Gauteng,Ward 74202005,GT422,3203,0.6356540743053387,False,8.071843149609158,0.6602038944198524,0.004911591355599214,2016,0.5031329774889766
Gauteng,Ward 74202006,GT422,4396,0.6428571428571429,False,8.388450315523512,0.659689389523295,0.013800424628450107,2016,0.423566168266012
Gauteng,Ward 74202007,GT422,3922,0.609382967873534,False,8.274357006756292,0.6620804020221243,0.006276150627615063,2016,0.5510396975425331
Gauteng,Ward 74202008,GT422,4237,0.5598300684446542,False,8.351610750626559,0.6656198948384728,0.0193929173693086,2016,0.4773130544993663
Gauteng,Ward 74202009,GT422,3003,0.5727605727605728,False,8.00736706798333,0.6646962873873358,0.011627906976744186,2016,0.4946236559139785
Gauteng,Ward 74202010,GT422,3945,0.5830164765525983,False,8.280204233279974,0.6639637228307624,0.0,2016,0.4601679816747264
Gauteng,Ward 74202011,GT422,3713,0.6145973606248317,False,8.21959545417708,0.6617079453970316,0.0013146362839614374,2016,0.4651260504201681
Gauteng,Ward 74202012,GT422,3599,0.6051681022506252,False,8.188411308079031,0.6623814638523321,0.010560146923783287,2016,0.4633786178381571
Gauteng,Ward 74202013,GT422,3351,0.7108325872873769,False,8.11701408773731,0.6548340006354211,0.006717044500419815,2016,0.5893707033315706
Gauteng,Ward 74202014,GT422,3756,0.8053780617678381,False,8.231109840328154,0.6480807524582454,0.0049586776859504135,2016,0.7172867628448494
Gauteng,Ward 74202015,GT422,3570,0.6963585434173669,False,8.180320874773685,0.6558678609118506,0.004424778761061947,2016,0.5200322667383706
Gauteng,Ward 74203001,GT423,3944,0.6376774847870182,False,8.279950715722526,0.6367871520839611,0.009542743538767396,2016,0.4881825590872045
Gauteng,Ward 74203002,GT423,3391,0.6363904452963728,False,8.128880142125638,0.6368944053748482,0.021779425393883226,2016,0.4833440102498398
Gauteng,Ward 74203003,GT423,3956,0.6291708796764408,False,8.282988692742602,0.6374960358431759,0.012856568903173965,2016,0.501649327581832
Gauteng,Ward 74203004,GT423,3474,0.6499712147380541,False,8.153061946801051,0.6357626745880415,0.013728963684676704,2016,0.4552919708029197
Gauteng,Ward 74203005,GT423,3201,0.662293033427054,False,8.071218539969863,0.6347358563639581,0.014622641509433962,2016,0.4708710407239819
Gauteng,Ward 74203006,GT423,2930,0.5969283276450512,False,7.982757702011113,0.6401829151791251,0.012578616352201259,2016,0.5073457394711067
Gauteng,Ward 74203007,GT423,3891,0.6080699049087638,False,8.266421472984554,0.639254450407149,0.009298393913778529,2016,0.4440196613872201
Gauteng,Ward 74203008,GT423,4674,0.6050492083868207,False,8.449770515098804,0.6395061751173109,0.00884016973125884,2016,0.5247482322691236
Gauteng,Ward 74203009,GT423,4274,0.6406176883481516,False,8.360305435879093,0.6365421351205333,0.003287070854638422,2016,0.5937264742785445
Gauteng,Ward 74203010,GT423,3830,0.6715404699738904,False,8.250620082174692,0.6339652366517218,0.01088646967340591,2016,0.5725961538461538
Gauteng,Ward 74203011,GT423,2808,0.6417378917378918,False,7.940227765145702,0.636448784838055,0.010543840177580466,2016,0.4893445918777643
Gauteng,Ward 74203012,GT423,3351,0.6535362578334826,False,8.11701408773731,0.6354655876634224,0.011872146118721462,2016,0.5489058792512523
Gauteng,Ward 74203013,GT423,4612,0.6461405030355594,False,8.436416881388949,0.6360819005632493,0.017114093959731545,2016,0.52346316283435
Gauteng,Ward 74801001,GT481,3834,0.6231090245174752,False,8.251663923605589,0.6222632967828505,0.01381331100879029,2016,0.4260244811069718
Gauteng,Ward 74801002,GT481,4695,0.5735889243876464,False,8.454253391642363,0.6235664573125829,0.0063126624582250275,2016,0.4004489337822671
Gauteng,Ward 74801003,GT481,5254,0.5239817282070803,False,8.566744970245486,0.6248719098436504,0.017435524881946968,2016,0.3946551724137931
Gauteng,Ward 74801004,GT481,4618,0.6152013858813339,False,8.43771698991444,0.6224713925364331,0.009855684618092221,2016,0.4347826086956521
Gauteng,Ward 74801005,GT481,4779,0.5704122201297342,False,8.471986598578159,0.6236500547930541,0.001467351430667645,2016,0.4298073141958317
Gauteng,Ward 74801006,GT481,4325,0.6233526011560694,False,8.37216741936598,0.6222568868713086,0.012240356083086053,2016,0.4530489218641317
Gauteng,Ward 74801007,GT481,5557,0.5641533201367644,False,8.622813673279921,0.623814762687606,0.006060606060606061,2016,0.4312260536398467
Gauteng,Ward 74801008,GT481,4389,0.579630895420369,False,8.386856689688234,0.6234074580748796,0.003930817610062893,2016,0.4686693264491903
Gauteng,Ward 74801009,GT481,6471,0.6462679647658786,False,8.775085935057266,0.6216538509868399,0.00741272118603539,2016,0.4851666666666667
Gauteng,Ward 74801010,GT481,4854,0.6091882983106716,False,8.487558386286548,0.6226296316830296,0.027730808251606356,2016,0.4673224043715847
Gauteng,Ward 74801011,GT481,5264,0.6445668693009119,False,8.568646473005153,0.6216986166569706,0.009431181844974948,2016,0.4692814994793474
Gauteng,Ward 74801012,GT481,4332,0.5680978762696214,False,8.37378460812088,0.6237109585788466,0.033319788703778955,2016,0.3143890467579436
Gauteng,Ward 74801013,GT481,5812,0.5557467309015829,False,8.667680024690174,0.6240359887201109,0.0071207430340557275,2016,0.4046396316628298
Gauteng,Ward 74801014,GT481,4664,0.5934819897084048,False,8.447628728030327,0.6230429555936156,0.0072254335260115606,2016,0.4723270440251572
Gauteng,Ward 74801015,GT481,4630,0.5717062634989201,False,8.440312147080279,0.6236160010201809,0.018511522478277295,2016,0.4644896094998858
Gauteng,Ward 74801016,GT481,5454,0.5590392372570591,False,8.604104563405533,0.6239493438160193,0.010823220728107576,2016,0.4057520404197435
Gauteng,Ward 74801017,GT481,4988,0.7125100240577386,False,8.514790306799927,0.619910638900212,0.0016882386043894203,2016,0.5832451872223398
Gauteng,Ward 74801018,GT481,6027,0.766882362701178,False,8.704004653483045,0.6184797878832794,0.006923409779316313,2016,0.6418088737201365
Gauteng,Ward 74801019,GT481,4225,0.5822485207100592,False,8.348774539791274,0.6233385731988351,0.026422764227642278,2016,0.4436229205175601
Gauteng,Ward 74801020,GT481,4623,0.600259571706684,False,8.438799123988225,0.6228645981726082,0.008648648648648649,2016,0.4639311714096625
Gauteng,Ward 74801021,GT481,5710,0.7747810858143608,False,8.649974302650056,0.6182719267487219,0.0015822784810126582,2016,0.6487758945386064
Gauteng,Ward 74801022,GT481,5362,0.7342409548675867,False,8.587092318795905,0.6193387722999528,0.003048006096012192,2016,0.6347393626818936
Gauteng,Ward 74801023,GT481,5248,0.5912728658536586,False,8.565602330623925,0.6231010904318983,0.0235256203673864,2016,0.4522152435919199
Gauteng,Ward 74801024,GT481,5469,0.5428780398610349,False,8.606851063346772,0.6243746384843358,0.009767598518019536,2016,0.4480342545737641
Gauteng,Ward 74801025,GT481,4969,0.564701147112095,False,8.51097389160232,0.6238003461882552,0.020313613684960798,2016,0.4234990316333118
Gauteng,Ward 74801026,GT481,4759,0.567135952931288,False,8.46779284112111,0.6237362723509081,0.012597258243793997,2016,0.4481448368350469
Gauteng,Ward 74801027,GT481,4632,0.6101036269430051,False,8.440744019252831,0.6226055440874418,0.00813871196036801,2016,0.4530729975593521
Gauteng,Ward 74801028,GT481,4822,0.7422231439236832,False,8.480944058741116,0.6191287146932134,0.009220452640402346,2016,0.5811186037286791
Gauteng,Ward 74801029,GT481,3929,0.7569356070246882,False,8.27614021955846,0.6187415446116081,0.0070611970410221925,2016,0.666747927840078
Gauteng,Ward 74801030,GT481,5492,0.581755280407866,False,8.61104776688786,0.6233515532067876,0.013145539906103286,2016,0.4743301642178046
Gauteng,Ward 74801031,GT481,5669,0.6399717763273945,False,8.642768014324304,0.6218195401562736,0.021223814773980155,2016,0.4910268270120259
Gauteng,Ward 74801032,GT481,4322,0.6265617769551134,False,8.371473537066832,0.6221724348765969,0.01846381093057607,2016,0.5046753940689287
Gauteng,Ward 74801033,GT481,4610,0.562472885032538,False,8.435983135990694,0.6238589846640331,0.01041264944080216,2016,0.4719730941704035
Gauteng,Ward 74801034,GT481,5444,0.5920279206465834,False,8.602269363771356,0.6230812205689267,0.012410797393732548,2016,0.4104704097116843
Gauteng,Ward 74801035,GT481,4889,0.5925547146655757,False,8.494743062578646,0.6230673575684268,0.013117017604418364,2016,0.5642646439106616
Gauteng,Ward 74801036,GT481,3855,0.6907911802853437,False,8.25712628599743,0.6204821874205382,0.016898235073225687,2016,0.4664005322687957
Gauteng,Ward 74801037,GT481,4797,0.7139879091098603,False,8.475746001502063,0.6198717471883141,0.0008759124087591241,2016,0.6202297907263028
Gauteng,Ward 74801038,GT481,4682,0.6364801366937206,False,8.451480648050856,0.6219114254097914,0.019798657718120807,2016,0.499682270705359
Gauteng,Ward 74801039,GT481,5573,0.6648124887852144,False,8.625688787569537,0.6211658371968575,0.014035087719298246,2016,0.551410373066424
Gauteng,Ward 74804001,GT484,4870,0.5958932238193019,False,8.490849216076635,0.5264916852271709,0.026878015161957272,2016,0.4422143802382002
Gauteng,Ward 74804002,GT484,4780,0.5663179916317992,False,8.472195825485501,0.5275870641970785,0.01884004432951607,2016,0.4729493891797556
Gauteng,Ward 74804003,GT484,2745,0.492896174863388,False,7.917536353943631,0.5303063907440566,0.020694752402069475,2016,0.4430003713330858
Gauteng,Ward 74804004,GT484,3555,0.4728551336146273,False,8.176110342237342,0.5310486515310477,0.0297441998810232,2016,0.4390243902439024
Gauteng,Ward 74804005,GT484,2595,0.3152215799614644,False,7.861341795599989,0.5368869312959796,0.019559902200488997,2016,0.2604131391804944
Gauteng,Ward 74804006,GT484,3270,0.5483180428134556,False,8.0925452638913,0.5282537289681282,0.016174010039040714,2016,0.45368492224476
Gauteng,Ward 74804007,GT484,3640,0.5645604395604396,False,8.199738960630786,0.5276521587182399,0.009732360097323601,2016,0.5150822669104205
Gauteng,Ward 74804008,GT484,3081,0.5556637455371632,False,8.033009498596668,0.5279816659042871,0.016939252336448597,2016,0.4355016538037486
Gauteng,Ward 74804009,GT484,2544,0.5216194968553459,False,7.841492924460013,0.5292425640036137,0.019593067068575734,2016,0.4817771607080874
Gauteng,Ward 74804010,GT484,3311,0.5832074901842343,False,8.105005537547246,0.5269615272136549,0.013982392542723977,2016,0.3848768054375531
Gauteng,Ward 74804011,GT484,3046,0.4399212081418253,False,8.021584533455107,0.5322684265485589,0.010447761194029851,2016,0.3292547274749722
Gauteng,Ward 74804012,GT484,4012,0.6071784646061814,False,8.297045149081827,0.5260737133461754,0.023399014778325122,2016,0.5292485549132948
Gauteng,Ward 74804013,GT484,3531,0.5097706032285472,False,8.169336395928386,0.5296814119157174,0.009444444444444445,2016,0.4505644885391721
Gauteng,Ward 74804014,GT484,4300,0.6004651162790697,False,8.366370301681654,0.5263223558768091,0.003098373353989156,2016,0.4480604009372559
Gauteng,Ward 74804015,GT484,3451,0.4378441031585048,False,8.146419323098003,0.532345356362756,0.02316346790205162,2016,0.370939161252215
Gauteng,Ward 74804016,GT484,3549,0.5455057762750071,False,8.174421152646497,0.5283578869880707,0.0046487603305785125,2016,0.424310008363535
Gauteng,Ward 74804017,GT484,3483,0.5420614412862474,False,8.155649270366002,0.5284854549506174,0.004766949152542373,2016,0.4235474006116208
Gauteng,Ward 74804018,GT484,3766,0.4694636218799787,False,8.233768709217097,0.5311742630767755,0.00904977375565611,2016,0.3523509174311927
Gauteng,Ward 74804019,GT484,2286,0.4050743657042869,False,7.734558844354756,0.5335590503425418,0.014038876889848811,2016,0.3040562120728202
Gauteng,Ward 74804020,GT484,4233,0.5546893456177652,False,8.350666240520924,0.5280177547901908,0.01746166950596252,2016,0.3341002044989775
Gauteng,Ward 74804021,GT484,4349,0.6675097723614624,False,8.37770121259764,0.5238392204663501,0.012056493282810886,2016,0.5714285714285714
Gauteng,Ward 74804022,GT484,3829,0.5920605902324366,False,8.250358951477294,0.526633634619277,0.018526687251874726,2016,0.4407720144752714
Gauteng,Ward 74804023,GT484,3912,0.4890081799591002,False,8.271804031154709,0.5304503905553265,0.009932043910088865,2016,0.3715753424657534
Gauteng,Ward 74804024,GT484,3098,0.5936087798579729,False,8.038512020976814,0.5265762942627756,0.012506797172376292,2016,0.4931554931554932
Gauteng,Ward 74804025,GT484,3114,0.5873474630700064,False,8.043663352393944,0.5268081948845522,0.01530891197375615,2016,0.3596824301001035
Gauteng,Ward 74804026,GT484,3870,0.5736434108527132,False,8.261009786023827,0.5273157523740816,0.01936936936936937,2016,0.4231957315360853
Gauteng,Ward 74804027,GT484,3650,0.3736986301369863,False,8.202482446576537,0.5347211146228121,0.021994134897360705,2016,0.1723347344287352
Gauteng,Ward 74804028,GT484,4094,0.6057645334636053,False,8.317277766221235,0.5261260811662708,0.007661290322580645,2016,0.4882641217436162
Gauteng,Ward 79800001,JHB,14454,0.521654905216549,True,9.578726471842927,0.5651204135425594,0.03183023872679045,2016,0.3940114733454596
Gauteng,Ward 79800002,JHB,14970,0.5507014028056112,True,9.613803477413674,0.5649036486351783,0.01467734109655507,2016,0.3786692759295499
Gauteng,Ward 79800003,JHB,13968,0.5121706758304696,True,9.544524278079383,0.5651911913737987,0.02208554654738608,2016,0.3953299342348333
Gauteng,Ward 79800004,JHB,18289,0.5424572147192301,True,9.814055065204576,0.5649651724268677,0.014917851023082351,2016,0.4008762945260043
Gauteng,Ward 79800005,JHB,15969,0.6713632663285115,True,9.678404621840867,0.564003186967097,0.013711407517955415,2016,0.3582964394836939
Gauteng,Ward 79800006,JHB,16319,0.4818309945462344,True,9.700085352130934,0.5654176069057707,0.03382932722879308,2016,0.4649830220713073
Gauteng,Ward 79800007,JHB,19415,0.6175637393767706,True,9.873801242165767,0.5644046759741994,0.01451209341117598,2016,0.4871120994642676
Gauteng,Ward 79800008,JHB,17313,0.5517818979957257,True,9.759212943379076,0.5648955852382371,0.020098398408876793,2016,0.3606493794326241
Gauteng,Ward 79800009,JHB,16825,0.5979197622585438,True,9.730621154512928,0.5645512728183654,0.014214711729622267,2016,0.4684164190601959
Gauteng,Ward 79800010,JHB,13739,0.5766067399374045,True,9.527993782923948,0.564710325223747,0.014264074728603887,2016,0.4278866194247603
Gauteng,Ward 79800011,JHB,17511,0.5534806692935869,True,9.7705845338719,0.5648829078404919,0.017230705736690055,2016,0.4273036253776435
Gauteng,Ward 79800012,JHB,16599,0.4908126995602144,True,9.71709773156622,0.5653505792564126,0.009819565484227324,2016,0.3931061192873741
Gauteng,Ward 79800013,JHB,15352,0.5421443460135488,True,9.639001037687535,0.564967507267955,0.005406704313348552,2016,0.4040829552819183
Gauteng,Ward 79800014,JHB,14753,0.5520911001152308,True,9.599201730917567,0.5648932777597333,0.021117249846531613,2016,0.440583591767691
Gauteng,Ward 79800015,JHB,15796,0.5257027095467207,True,9.66751202240654,0.5650902060475581,0.016859344894026976,2016,0.3570430408049189
Gauteng,Ward 79800016,JHB,14696,0.6455498094719652,True,9.595330626894961,0.5641958247048324,0.025192368504269,2016,0.4209851936218678
Gauteng,Ward 79800017,JHB,18613,0.6150002686294526,True,9.831615540298333,0.5644238063529108,0.011618764741853761,2016,0.5184820108427797
Gauteng,Ward 79800018,JHB,18582,0.6573027661177484,True,9.829948649201258,0.5641081160731474,0.008760438840674636,2016,0.5445502645502646
Gauteng,Ward 79800019,JHB,14841,0.5492891314601442,True,9.605148899895818,0.5649141879735773,0.01950441609421001,2016,0.3827058647067646
Gauteng,Ward 79800020,JHB,15040,0.575997340425532,True,9.618468597503831,0.5647148729812983,0.016737850629112316,2016,0.3740265359100087
Gauteng,Ward 79800021,JHB,15995,0.5070334479524852,True,9.680031452383618,0.5652295288952763,0.02096177558569667,2016,0.5064935064935064
Gauteng,Ward 79800022,JHB,18276,0.5787371416064785,True,9.813344002683163,0.5646944267038285,0.010683558665027891,2016,0.436917140100761
Gauteng,Ward 79800023,JHB,18388,0.722971503154231,True,9.819453556926119,0.5636180508713826,0.0050398676094478715,2016,0.5531344284277573
Gauteng,Ward 79800024,JHB,18484,0.5022181346028998,True,9.824660771990157,0.5652654640695269,0.01572767424324033,2016,0.3500092302012184
Gauteng,Ward 79800025,JHB,17988,0.553035356904603,True,9.797460147890598,0.5648862310672754,0.024125452352231604,2016,0.403676774841875
Gauteng,Ward 79800026,JHB,15134,0.559997356944628,True,9.624699147254466,0.564834275843096,0.016991150442477877,2016,0.3741835147744946
Gauteng,Ward 79800027,JHB,18016,0.5873667850799289,True,9.799015530939418,0.5646300263793999,0.01615951615951616,2016,0.4256534024016953
Gauteng,Ward 79800028,JHB,14480,0.5586325966850829,True,9.580523665939708,0.5648444606211523,0.018667325998269254,2016,0.4237644584647739
Gauteng,Ward 79800029,JHB,16766,0.5728856018131934,True,9.727108305197802,0.564738094911241,0.005101509630400833,2016,0.4457494762237318
Gauteng,Ward 79800030,JHB,17420,0.5044776119402985,True,9.765374250406493,0.5652486022983523,0.013086026399635867,2016,0.4002125132820801
Gauteng,Ward 79800031,JHB,14044,0.4950868698376531,True,9.549950537288323,0.5653186824632974,0.01797785128721415,2016,0.3886229894076108
Gauteng,Ward 79800032,JHB,19191,0.6756813089469021,True,9.862196698118247,0.5639709627684523,0.007094933292203285,2016,0.4406805957798924
Gauteng,Ward 79800033,JHB,14084,0.6180772507810282,True,9.552794680274943,0.5644008437995408,0.024238943136128663,2016,0.466802860061287
Gauteng,Ward 79800034,JHB,14287,0.5431511163995241,True,9.567105311865157,0.5649599940561192,0.015206185567010309,2016,0.4257651245551601
Gauteng,Ward 79800035,JHB,13498,0.570825307452956,True,9.510296805303351,0.5647534702422877,0.0127190136275146,2016,0.438
Gauteng,Ward 79800036,JHB,14299,0.5772431638576124,True,9.567944883732848,0.5647055757915066,0.011630724497213472,2016,0.4357985655895735
Gauteng,Ward 79800037,JHB,15946,0.5425184999372884,True,9.67696329306244,0.5649647150744942,0.018494971679574614,2016,0.3897166679533699
Gauteng,Ward 79800038,JHB,14276,0.5399971980947044,True,9.566335084610051,0.5649835307598865,0.012582695550655078,2016,0.4300343793431351
Gauteng,Ward 79800039,JHB,14411,0.5692179585039207,True,9.575747082838362,0.5647654653836983,0.007314397171766427,2016,0.4325939203824034
Gauteng,Ward 79800040,JHB,15951,0.5343238668422042,True,9.677276802172448,0.5650258690528157,0.024873870702804175,2016,0.4398550229091157
Gauteng,Ward 79800041,JHB,18271,0.5866673964205572,True,9.813070382411665,0.5646352456977534,0.018285287806698386,2016,0.3887769613652524
Gauteng,Ward 79800042,JHB,14036,0.567326873753206,True,9.549380736703105,0.5647795779564649,0.021097576290342836,2016,0.4172029172029172
Gauteng,Ward 79800043,JHB,15559,0.5767080146538981,True,9.652394528314963,0.5647095694422806,0.021620416805973475,2016,0.4493231395104159
Gauteng,Ward 79800044,JHB,19111,0.5170320757678823,True,9.858019364488982,0.5651549122697882,0.031474547110616334,2016,0.4054639054639055
Gauteng,Ward 79800045,JHB,17065,0.5453266920597715,True,9.744784861340808,0.5649437584168636,0.014506769825918761,2016,0.4293701799485861
Gauteng,Ward 79800046,JHB,17207,0.5432672749462428,True,9.753071556753158,0.5649591272012929,0.018185708172871202,2016,0.4199812675616609
Gauteng,Ward 79800047,JHB,16447,0.5269046026630997,True,9.707898368741269,0.5650812366959433,0.021117009000692362,2016,0.3746159300401796
Gauteng,Ward 79800048,JHB,16107,0.5533618923449432,True,9.68700923909068,0.5648837942356311,0.014248849994390217,2016,0.4333771954917329
Gauteng,Ward 79800049,JHB,19173,0.542377301413446,True,9.861258318318392,0.5649657687948213,0.012885854409077796,2016,0.3565600440506583
Gauteng,Ward 79800050,JHB,14304,0.5545302013422819,True,9.568294497413296,0.5648750755117703,0.016515380736258193,2016,0.381184103811841
Gauteng,Ward 79800051,JHB,15746,0.5379143909564333,True,9.664341643744413,0.5649990740967393,0.011097992916174734,2016,0.3910051438898929
Gauteng,Ward 79800052,JHB,13970,0.5231925554760201,True,9.544667452251007,0.565108938540623,0.01149268025721713,2016,0.4207890275851441
Gauteng,Ward 79800053,JHB,15727,0.5891778470146881,True,9.663134259490725,0.564616510991827,0.01359810058277574,2016,0.3682351134094516
Gauteng,Ward 79800054,JHB,19300,0.6521761658031088,True,9.867860374892977,0.5641463742844507,0.004369587669818066,2016,0.4773910801753029
Gauteng,Ward 79800055,JHB,14853,0.5791422608227295,True,9.605957144029533,0.5646914034260953,0.006742617995814926,2016,0.4234153100103914
Gauteng,Ward 79800056,JHB,15883,0.5702323238682868,True,9.673004633835156,0.5647578954929195,0.011482830959478857,2016,0.4164768660115832
Gauteng,Ward 79800057,JHB,18404,0.6020430341230167,True,9.82032331127536,0.5645205021328096,0.03240072202166065,2016,0.4379728920581351
Gauteng,Ward 79800058,JHB,18241,0.5458582314566087,True,9.811427086686914,0.564939791704947,0.006628502561012353,2016,0.3460633164646345
Gauteng,Ward 79800059,JHB,13573,0.2851985559566787,True,9.515837804297965,0.5668850131639016,0.017049857917850686,2016,0.2183908045977011
Gauteng,Ward 79800060,JHB,15313,0.3672696401750147,True,9.636457419815208,0.5662725423861529,0.015469416785206259,2016,0.2339535729438147
Gauteng,Ward 79800061,JHB,16023,0.4746926293453161,True,9.68178046900788,0.5654708782878671,0.008545884827767553,2016,0.3104014137843979
Gauteng,Ward 79800062,JHB,13442,0.3544115459009076,True,9.506139412529912,0.5663684983135716,0.015323257766582703,2016,0.2390455916267518
Gauteng,Ward 79800063,JHB,13436,0.3212265555224769,True,9.505692950732183,0.5666161474955003,0.02896200185356812,2016,0.2290909090909091
Gauteng,Ward 79800064,JHB,16322,0.3565739492709227,True,9.700269170029188,0.5663523609749894,0.020446735395189004,2016,0.232072072072072
Gauteng,Ward 79800065,JHB,17319,0.4309140250591836,True,9.759559443729044,0.5657975842900024,0.012059493501272946,2016,0.3128147733631785
Gauteng,Ward 79800066,JHB,15048,0.5443912812333865,True,9.619000370980867,0.5649507390946725,0.0111083984375,2016,0.3784893839192482
Gauteng,Ward 79800067,JHB,13747,0.3636429766494508,True,9.52857589747142,0.5662996070393288,0.02600520104020804,2016,0.2690920254816179
Gauteng,Ward 79800068,JHB,16041,0.597905367495792,True,9.682903223616842,0.5645513802419679,0.008862475237201543,2016,0.4704459650778669
Gauteng,Ward 79800069,JHB,16276,0.5475546817399852,True,9.697446909121581,0.5649271316282054,0.010659784560143626,2016,0.3856679182842232
Gauteng,Ward 79800070,JHB,20048,0.6516360734237829,True,9.90588467713585,0.5641504048245949,0.01232394366197183,2016,0.4991574791776997
Gauteng,Ward 79800071,JHB,17035,0.6508365130613443,True,9.743025330095067,0.5641563716929713,0.007396049427257148,2016,0.456097849208225
Gauteng,Ward 79800072,JHB,16122,0.6483066617045031,True,9.687940077843546,0.5641752511807089,0.004114045158821278,2016,0.550638358915507
Gauteng,Ward 79800073,JHB,15167,0.619898463770027,True,9.626877294051397,0.5643872526578319,0.005105296745373325,2016,0.4493109917836579
Gauteng,Ward 79800074,JHB,15439,0.6617656583975646,True,9.644652054641927,0.56407481090688,0.005872565332289322,2016,0.5114839348727791
Gauteng,Ward 79800075,JHB,16286,0.4525359204224487,True,9.698061122027077,0.5656362268619183,0.014382632293080054,2016,0.3328461587341933
Gauteng,Ward 79800076,JHB,15030,0.4797737857618097,True,9.61780348274702,0.565432959210132,0.018721397864373872,2016,0.3739501882421083
Gauteng,Ward 79800077,JHB,16107,0.4839510771714161,True,9.68700923909068,0.5654017853936425,0.027966645285439386,2016,0.3250095069083534
Gauteng,Ward 79800078,JHB,15620,0.5140845070422535,True,9.656307423393677,0.5651769090513228,0.010585305105853052,2016,0.3255872063968016
Gauteng,Ward 79800079,JHB,17197,0.4678723033087166,True,9.752490228984199,0.5655217762433641,0.025851354710415112,2016,0.3261103038726388
Gauteng,Ward 79800080,JHB,13481,0.476299977746458,True,9.509036565691064,0.565458883150545,0.010745989721227223,2016,0.4204796233632485
Gauteng,Ward 79800081,JHB,17588,0.5552080964293836,True,9.7749721303007,0.5648700165932099,0.008397337429595494,2016,0.4073386234453261
Gauteng,Ward 79800082,JHB,17908,0.6249720795175341,True,9.793002819360856,0.564349389853746,0.009113652609006434,2016,0.496973125884017
Gauteng,Ward 79800083,JHB,16272,0.7525811209439528,True,9.69720111828834,0.5633970835744444,0.005307855626326964,2016,0.5956194214091283
Gauteng,Ward 79800084,JHB,18755,0.6332178085843775,True,9.839215662515988,0.5642878545622024,0.008336140114516673,2016,0.4842850818946436
Gauteng,Ward 79800085,JHB,17792,0.6838466726618705,True,9.78650419705031,0.5639100272183405,0.005835456562833895,2016,0.4896487555245405
Gauteng,Ward 79800086,JHB,19302,0.6870790591648533,True,9.867963996467081,0.5638859049310048,0.005353641984617704,2016,0.5321745562130178
Gauteng,Ward 79800087,JHB,16256,0.6168799212598425,True,9.696217350378209,0.5644097790944751,0.0043877143996808934,2016,0.4866310160427807
Gauteng,Ward 79800088,JHB,16381,0.6886026494109029,True,9.703877405604631,0.5638745348545419,0.004343971631205674,2016,0.555072
Gauteng,Ward 79800089,JHB,18288,0.7055446194225722,True,9.814000386034591,0.5637481022425145,0.0050375881577927615,2016,0.5404728789986092
Gauteng,Ward 79800090,JHB,16176,0.7273120672601385,True,9.691283941260252,0.5635856586019355,0.004674883127921802,2016,0.5297057893071813
Gauteng,Ward 79800091,JHB,15777,0.5613868289281866,True,9.666308462257454,0.5648239066491889,0.01117759963870385,2016,0.4287075261987932
Gauteng,Ward 79800092,JHB,14712,0.5082245785753127,True,9.596418766284158,0.5652206398607775,0.002541126120101645,2016,0.364535681610247
Gauteng,Ward 79800093,JHB,18132,0.6983234061328039,True,9.80543361206074,0.5638019918939307,0.004027799715684726,2016,0.5212787619629403
Gauteng,Ward 79800094,JHB,17562,0.6411001024940212,True,9.773492755919941,0.5642290314733245,0.0055067057465139,2016,0.4696908407974574
Gauteng,Ward 79800095,JHB,18372,0.4438819943392118,True,9.818583045445685,0.5657008083998529,0.028203556100551808,2016,0.2979160878021673
Gauteng,Ward 79800096,JHB,19919,0.6047492343993173,True,9.899429329075273,0.5645003066083596,0.01012784326747468,2016,0.4734027968193035
Gauteng,Ward 79800097,JHB,19577,0.7572150993512795,True,9.882110686776542,0.5633625016460315,0.0037776578521316784,2016,0.5247387072175123
Gauteng,Ward 79800098,JHB,17625,0.6427234042553192,True,9.777073627680469,0.564216917281076,0.003972457627118644,2016,0.4917020904908868
Gauteng,Ward 79800099,JHB,15294,0.7002092323787106,True,9.63521587360417,0.5637879185637372,0.004482211224203941,2016,0.5683921147914711
Gauteng,Ward 79800100,JHB,20129,0.5369864374782652,True,9.909916840301031,0.5650059991226958,0.010731797576093995,2016,0.4033350436121087
Gauteng,Ward 79800101,JHB,20382,0.6718673339220881,True,9.922407437388639,0.5639994252686373,0.002263765152621586,2016,0.5097332709405709
Gauteng,Ward 79800102,JHB,17803,0.6798854125709151,True,9.787122261404862,0.5639395888608104,0.0035525446133509585,2016,0.5268076471216491
Gauteng,Ward 79800103,JHB,19037,0.6789410096128592,True,9.85413973290579,0.5639466366440794,0.006112185686653772,2016,0.5088221756252238
Gauteng,Ward 79800104,JHB,17297,0.6648551771983581,True,9.758288355043923,0.5640517547964264,0.006782608695652174,2016,0.5128864506543231
Gauteng,Ward 79800105,JHB,18269,0.5041874213147955,True,9.81296091333657,0.5652507679000351,0.01205080881554663,2016,0.3880589218554116
Gauteng,Ward 79800106,JHB,19116,0.6820987654320988,True,9.85828095969805,0.5639230713021448,0.006442211826060281,2016,0.52441085810878
Gauteng,Ward 79800107,JHB,16421,0.5831557152426771,True,9.706316282491837,0.5646614522737076,0.005847953216374269,2016,0.3795625120277118
Gauteng,Ward 79800108,JHB,14158,0.4933606441587795,True,9.558035114334135,0.565331564744483,0.01789549033643522,2016,0.3569049812229859
Gauteng,Ward 79800109,JHB,18333,0.5387007036491572,True,9.816457993563025,0.5649932060915698,0.008910490076954233,2016,0.4074746702351366
Gauteng,Ward 79800110,JHB,15672,0.4832184788157223,True,9.659630959624376,0.5654072525455506,0.012544566222104847,2016,0.2554967815945446
Gauteng,Ward 79800111,JHB,15419,0.4722096115182567,True,9.643355794171352,0.5654894082716512,0.013047658288696608,2016,0.3076687116564417
Gauteng,Ward 79800112,JHB,16498,0.67365741301976,True,9.710994440420677,0.5639860664694011,0.006568292244016556,2016,0.4482318070318888
Gauteng,Ward 79800113,JHB,19356,0.427567679272577,True,9.87075772791321,0.5658225570197533,0.030086998550024165,2016,0.2680979906413432
Gauteng,Ward 79800114,JHB,14406,0.5240177703734555,True,9.575400065449308,0.5651027802204929,0.02410915353026891,2016,0.3796006144393241
Gauteng,Ward 79800115,JHB,20234,0.6660077097953939,True,9.915119636765835,0.5640431538068963,0.00630750964677946,2016,0.454360679970436
Gauteng,Ward 79800116,JHB,14385,0.4625651720542231,True,9.573941275985648,0.5655613817004871,0.013225127742711151,2016,0.3646148175451529
Gauteng,Ward 79800117,JHB,14320,0.6982541899441341,True,9.569412440514636,0.563802508432652,0.004500450045004501,2016,0.5293084059600787
Gauteng,Ward 79800118,JHB,18986,0.5325503002212156,True,9.851457144441744,0.565039104624614,0.011868262288596578,2016,0.3193349824541218
Gauteng,Ward 79800119,JHB,19222,0.5644053688481948,True,9.863810735383229,0.5648013802318754,0.01880357636648539,2016,0.404071661237785
Gauteng,Ward 79800120,JHB,18613,0.5834631709020577,True,9.831615540298333,0.5646591578284883,0.03167587476979742,2016,0.4089673913043478
Gauteng,Ward 79800121,JHB,18994,0.5783405285879751,True,9.851878418802897,0.5646973865024741,0.02485207100591716,2016,0.4680417621594092
Gauteng,Ward 79800122,JHB,18847,0.5820554995489998,True,9.844109029016629,0.5646696628385859,0.028258887876025523,2016,0.4114131584514491
Gauteng,Ward 79800123,JHB,16068,0.3423574807069953,True,9.684584995479172,0.566458454023974,0.015269950918014906,2016,0.2112845990063875
Gauteng,Ward 79800124,JHB,16036,0.467760039910202,True,9.682591473762397,0.5655226140299201,0.019197440341287828,2016,0.3179443008900373
Gauteng,Ward 79800125,JHB,15314,0.6507770667363197,True,9.63652272167307,0.5641568153222625,0.007124222356010436,2016,0.4782924107142857
Gauteng,Ward 79800126,JHB,18963,0.7071138532932553,True,9.850244991140409,0.563736391541987,0.004027145946752181,2016,0.5306615161757605
Gauteng,Ward 79800127,JHB,16222,0.4947602021945506,True,9.69412362463029,0.5653211202815295,0.04086718165960628,2016,0.386183048852266
Gauteng,Ward 79800128,JHB,17720,0.5094243792325056,True,9.782449224159071,0.5652116861245299,0.017613825191093387,2016,0.3562464669304692
Gauteng,Ward 79800129,JHB,15447,0.555771347187156,True,9.64517008871425,0.5648658132293458,0.015608619685497961,2016,0.4014004668222741
Gauteng,Ward 79800130,JHB,13483,0.5635244381814136,True,9.509184911634074,0.564807954341329,0.014214266912345353,2016,0.4384281471327393
Gauteng,Ward 79800131,JHB,14354,0.5803957085133064,True,9.571783927990017,0.5646820493388522,0.025687192413875886,2016,0.447803007962253
Gauteng,Ward 79800132,JHB,19372,0.6795374767705967,True,9.87158400352312,0.5639421853966337,0.002430872075357034,2016,0.5048414843942001
Gauteng,Ward 79800133,JHB,17017,0.4929776106246694,True,9.741968123371437,0.5653344232036929,0.02086065085230659,2016,0.3105110896817743
Gauteng,Ward 79800134,JHB,15714,0.6662212040218913,True,9.662307313735766,0.5640415605664001,0.003725284172318273,2016,0.4389846541938196
Gauteng,Ward 79800135,JHB,19217,0.5128792215226102,True,9.863550582932428,0.5651859037193798,0.01359577922077922,2016,0.4218971212836243
Gauteng,Ward 79900001,TSH,14831,0.6396062301935136,True,9.604474863741963,0.5842730120177172,0.005587181109002741,2016,0.4921804238874464
Gauteng,Ward 79900002,TSH,14620,0.667578659370725,True,9.59014573330377,0.5840091211764227,0.003586065573770492,2016,0.4986218992733651
Gauteng,Ward 79900003,TSH,15734,0.5490021609253846,True,9.663579254889187,0.5851277673881713,0.004978004167631396,2016,0.3216161116945697
Gauteng,Ward 79900004,TSH,16012,0.5991131651261554,True,9.681093720112464,0.5846550220655224,0.001667882831231106,2016,0.4290778114458864
Gauteng,Ward 79900005,TSH,16747,0.726398757986505,True,9.725974416734479,0.5834542145857079,0.007069461570078093,2016,0.5903458957150233
Gauteng,Ward 79900006,TSH,12527,0.5475373193901173,True,9.435641593844192,0.5851415866479379,0.01691208630995772,2016,0.4084517045454545
Gauteng,Ward 79900007,TSH,13382,0.4483634733223733,True,9.501665799342762,0.5860771889693317,0.015666666666666666,2016,0.4479371316306483
Gauteng,Ward 79900008,TSH,13022,0.5359391798494855,True,9.474395513796807,0.5852510030586986,0.031809714858862304,2016,0.3945741227392178
Gauteng,Ward 79900009,TSH,12880,0.5798913043478261,True,9.463430999658344,0.584836360374752,0.022894631142053822,2016,0.3867701102490812
Gauteng,Ward 79900010,TSH,16238,0.4740115777805148,True,9.695109453422392,0.5858352257197266,0.04235416395998441,2016,0.3299492385786802
Gauteng,Ward 79900011,TSH,13903,0.561173847371071,True,9.539859923169542,0.5850129401575516,0.03973340169187388,2016,0.405329928987473
Gauteng,Ward 79900012,TSH,11957,0.4957765325750606,True,9.38907215991958,0.5856298959575139,0.018049932523616734,2016,0.3592607802874743
Gauteng,Ward 79900013,TSH,12984,0.571241528034504,True,9.471473109194427,0.5849179620380852,0.014426317918295807,2016,0.4265692999926237
Gauteng,Ward 79900014,TSH,13399,0.5604895887752818,True,9.502935356288608,0.5850193954273232,0.01411451398135819,2016,0.4008535525171896
Gauteng,Ward 79900015,TSH,17138,0.568444392577897,True,9.749053499229063,0.5849443501084306,0.043933483884212685,2016,0.4455494778717056
Gauteng,Ward 79900016,TSH,13757,0.5590608417532892,True,9.529303064460995,0.5850328741728137,0.005981016772851385,2016,0.4269188894937398
Gauteng,Ward 79900017,TSH,13589,0.4867907866656855,True,9.517015920920498,0.5857146671453382,0.015721844293272863,2016,0.3783457436103843
Gauteng,Ward 79900018,TSH,13171,0.567534735403538,True,9.485772721999046,0.5849529317798867,0.011103678929765886,2016,0.4278353964536634
Gauteng,Ward 79900019,TSH,14162,0.5956079649766982,True,9.55831760021172,0.5846880899914607,0.014107883817427386,2016,0.4266012155212716
Gauteng,Ward 79900020,TSH,14890,0.5402955003357959,True,9.608445125678054,0.5852099056956201,0.01740211311373524,2016,0.393855962903927
Gauteng,Ward 79900021,TSH,14376,0.5333889816360601,True,9.573315428463395,0.5852750615324102,0.009520083463745435,2016,0.3978129156199202
Gauteng,Ward 79900022,TSH,12533,0.5017952605122477,True,9.436120444611522,0.5855731155052764,0.009858483065670217,2016,0.405548017488316
Gauteng,Ward 79900023,TSH,11672,0.518848526387937,True,9.364948090202622,0.5854122356385245,0.016347424042272126,2016,0.3979156797726196
Gauteng,Ward 79900024,TSH,14516,0.5427114907688069,True,9.583006768332961,0.5851871133330446,0.020817466362020816,2016,0.3597622745998514
Gauteng,Ward 79900025,TSH,12062,0.5423644503399104,True,9.397815294010933,0.5851903872993549,0.009171507184347295,2016,0.3610133708655876
Gauteng,Ward 79900026,TSH,12538,0.5488913702344872,True,9.436519311833914,0.5851288125833684,0.015838419064225517,2016,0.4022625187156879
Gauteng,Ward 79900027,TSH,11888,0.5011776581426649,True,9.38328476695754,0.5855789419427252,0.012084592145015106,2016,0.4106668878566689
Gauteng,Ward 79900028,TSH,11679,0.5618631732168851,True,9.365547636278565,0.5850064370835344,0.01097226455348979,2016,0.3952169625246548
Gauteng,Ward 79900029,TSH,13935,0.57086472909939,True,9.542158939916048,0.5849215167450202,0.029038340666247643,2016,0.4297660145761411
Gauteng,Ward 79900030,TSH,15308,0.5616017768487066,True,9.636130846545592,0.5850089030870078,0.010236128882168198,2016,0.4062322588784457
Gauteng,Ward 79900031,TSH,13793,0.5302689770173277,True,9.53191649607552,0.5853044955382473,0.010937927262783703,2016,0.3932301044292401
Gauteng,Ward 79900032,TSH,14861,0.5320637911311487,True,9.60649561075857,0.5852875633296263,0.008094093840900467,2016,0.3828091206821973
Gauteng,Ward 79900033,TSH,13364,0.5633043998802754,True,9.500319803476646,0.584992840605578,0.00730605738575983,2016,0.399464175310847
Gauteng,Ward 79900034,TSH,13435,0.506587272050614,True,9.505618521049591,0.5855279078492539,0.011460476050543638,2016,0.3645096433092561
Gauteng,Ward 79900035,TSH,12385,0.4884134033104562,True,9.42424134192346,0.5856993594411423,0.014051909406513474,2016,0.3555924236139914
Gauteng,Ward 79900036,TSH,14082,0.4785541826445107,True,9.552652665079078,0.5857923709568588,0.009496958005638819,2016,0.3619239341433604
Gauteng,Ward 79900037,TSH,16347,0.5212577231296263,True,9.701799673251209,0.5853895073673765,0.018425067480342682,2016,0.3854455301152107
Gauteng,Ward 79900038,TSH,12942,0.4513985473651676,True,9.468233115617211,0.5860485561953431,0.01985621362547073,2016,0.2571254249106598
Gauteng,Ward 79900039,TSH,13497,0.5347855078906424,True,9.510222717509283,0.5852618867564235,0.016209476309226933,2016,0.3628776756046673
Gauteng,Ward 79900040,TSH,15593,0.4573847239145771,True,9.654577374584886,0.5859920828316694,0.006449803701626472,2016,0.318639033281577
Gauteng,Ward 79900041,TSH,14531,0.7027045626591425,True,9.584039577320695,0.5836777447303055,0.0016648712173146607,2016,0.5531153608883406
Gauteng,Ward 79900042,TSH,13769,0.7232188248965067,True,9.530174967444372,0.5834842139544814,0.005121510343442459,2016,0.5942531078051763
Gauteng,Ward 79900043,TSH,15313,0.6056945079344348,True,9.636457419815208,0.5845929339258217,0.007115902964959568,2016,0.4378999518337576
Gauteng,Ward 79900044,TSH,13880,0.7746397694524496,True,9.538204234060796,0.5829991107039536,0.003627232142857143,2016,0.6240705996803558
Gauteng,Ward 79900045,TSH,14730,0.7503054989816701,True,9.597641509456675,0.5832286792933006,0.029315960912052116,2016,0.6315248664200576
Gauteng,Ward 79900046,TSH,12670,0.7256511444356748,True,9.446992273315185,0.5834612675437345,0.0025016314988035677,2016,0.5921122994652407
Gauteng,Ward 79900047,TSH,15394,0.7320384565415097,True,9.641733102094262,0.5834010098823588,0.0027509095749401013,2016,0.6254300079386081
Gauteng,Ward 79900048,TSH,17620,0.6675368898978433,True,9.77678989949017,0.5840095152280537,0.009352150994728787,2016,0.5205431551955242
Gauteng,Ward 79900049,TSH,14888,0.5425174637291779,True,9.608310798322087,0.5851889437768147,0.01869506004704717,2016,0.3915227413472786
Gauteng,Ward 79900050,TSH,14818,0.7477392360642462,True,9.603597936976602,0.5832528893208234,0.0029783393501805052,2016,0.6564519491348759
Gauteng,Ward 79900051,TSH,11955,0.580844834797156,True,9.388904879892426,0.5848273648044753,0.008928571428571428,2016,0.3831562974203338
Gauteng,Ward 79900052,TSH,13963,0.7623003652510205,True,9.544166252942194,0.583115520177552,0.009019165727170236,2016,0.5994762803726935
Gauteng,Ward 79900053,TSH,14462,0.7120730189462039,True,9.579279798734897,0.5835893630672201,0.0037871431345892406,2016,0.5217587712693872
Gauteng,Ward 79900054,TSH,15529,0.7155000321978234,True,9.65046452256919,0.5835570327535256,0.00855008550085501,2016,0.597891365274256
Gauteng,Ward 79900055,TSH,18203,0.6581332747349338,True,9.809341694645898,0.5840982285786471,0.007679465776293823,2016,0.496422774003487
Gauteng,Ward 79900056,TSH,11580,0.5831606217616581,True,9.357034751126987,0.5848055177576403,0.015104398045313194,2016,0.3930715143200137
Gauteng,Ward 79900057,TSH,13261,0.6945931679360531,True,9.4925826756776,0.5837542673220328,0.004125502117033981,2016,0.5036507453605111
Gauteng,Ward 79900058,TSH,13404,0.412115786332438,True,9.5033084488572,0.5864191482805575,0.005792903692976104,2016,0.2545534665099882
Gauteng,Ward 79900059,TSH,14344,0.4298661461238148,True,9.571087015284968,0.5862516920561106,0.0043788517677586765,2016,0.2935074913561275
Gauteng,Ward 79900060,TSH,12123,0.4253897550111358,True,9.402859753746583,0.5862939221609471,0.011052937754508435,2016,0.4521481243988458
Gauteng,Ward 79900061,TSH,16072,0.6014186162269786,True,9.68483390649477,0.5846332725268354,0.009104076143182288,2016,0.4705533479627543
Gauteng,Ward 79900062,TSH,12650,0.5694071146245059,True,9.445412494155667,0.584935267824972,0.006802721088435374,2016,0.4542190305206463
Gauteng,Ward 79900063,TSH,11872,0.48955525606469,True,9.381937965407161,0.5856885872453476,0.017205781142463867,2016,0.3807615230460922
Gauteng,Ward 79900064,TSH,15043,0.698464402047464,True,9.618668045697824,0.5837177462455101,0.002855239364233368,2016,0.583561864816906
Gauteng,Ward 79900065,TSH,17271,0.7511435354061722,True,9.756784073343919,0.5832207732892959,0.005935404301241039,2016,0.55012182387748
Gauteng,Ward 79900066,TSH,13774,0.6712647016117322,True,9.530538036104643,0.583974347193017,0.0029201817001946787,2016,0.5517904797368585
Gauteng,Ward 79900067,TSH,11076,0.4916937522571325,True,9.312535884290853,0.585668412752966,0.022034520749173704,2016,0.4106421387432304
Gauteng,Ward 79900068,TSH,14730,0.5575016972165648,True,9.597641509456675,0.5850475830835374,0.008524111056989771,2016,0.4247647597635107
Gauteng,Ward 79900069,TSH,14344,0.7191160066926938,True,9.571087015284968,0.5835229197865929,0.005041202132816287,2016,0.6253184520198957
Gauteng,Ward 79900070,TSH,15240,0.7705380577427822,True,9.631678829240638,0.583037806097441,0.004853955547986034,2016,0.5555555555555556
Gauteng,Ward 79900071,TSH,12354,0.4389671361502347,True,9.421735176255844,0.5861658336596349,0.012907984510418587,2016,0.309708327462308
Gauteng,Ward 79900072,TSH,11666,0.4964855134579118,True,9.364433907313582,0.5856232074586191,0.011740331491712707,2016,0.4006640413867655
Gauteng,Ward 79900073,TSH,16043,0.5447858879261983,True,9.683027896351076,0.585167543548541,0.017848970251716247,2016,0.4006842682848105
Gauteng,Ward 79900074,TSH,12619,0.5387114668357239,True,9.44295889365291,0.585224849407885,0.01235657546337158,2016,0.4206494587843464
Gauteng,Ward 79900075,TSH,13970,0.5285612025769506,True,9.544667452251007,0.5853206066178734,0.018553629469122427,2016,0.4033856615785285
Gauteng,Ward 79900076,TSH,12482,0.5600865245954174,True,9.432042885493988,0.585023197919586,0.01602059791160063,2016,0.4081548259035646
Gauteng,Ward 79900077,TSH,14235,0.6490340709518791,True,9.563458999712138,0.5841840701237704,0.007143630263015478,2016,0.3836184325362192
Gauteng,Ward 79900078,TSH,12371,0.6872524452348234,True,9.423110302862831,0.5838235194229878,0.00258762644083745,2016,0.554180756225023
Gauteng,Ward 79900079,TSH,15953,0.7466934118974488,True,9.677402178300998,0.583262755586548,0.0036937541974479517,2016,0.6127341302819153
Gauteng,Ward 79900080,TSH,12099,0.3458137036118687,True,9.400878083541478,0.587044639626978,0.0059751434034416824,2016,0.2314626541954724
Gauteng,Ward 79900081,TSH,12518,0.3382329445598338,True,9.434922887484646,0.5871161562218085,0.014170996693434105,2016,0.2116243201558568
Gauteng,Ward 79900082,TSH,12840,0.7245327102803738,True,9.460320577243952,0.5834718188093506,0.0030097817908201654,2016,0.592018396261405
Gauteng,Ward 79900083,TSH,12005,0.6933777592669721,True,9.393078508655353,0.5837657334415525,0.0025228255646323884,2016,0.5980542413540347
Gauteng,Ward 79900084,TSH,15917,0.7331783627568009,True,9.675142999429854,0.5833902560501389,0.006169665809768638,2016,0.6045398773006135
Gauteng,Ward 79900085,TSH,17150,0.7397667638483965,True,9.749753452594087,0.5833281013228598,0.0022858043666745486,2016,0.6218778605989277
Gauteng,Ward 79900086,TSH,16221,0.5383761790271869,True,9.694061978050115,0.5852280125004183,0.014313523416924311,2016,0.3677235772357723
Gauteng,Ward 79900087,TSH,15571,0.6501830325605292,True,9.653165488841426,0.5841732308633114,0.01382852627419992,2016,0.5205544933078394
Gauteng,Ward 79900088,TSH,12247,0.5456030048175063,True,9.413036288021287,0.5851598348986229,0.010176593834181383,2016,0.3975313896573739
Gauteng,Ward 79900089,TSH,12677,0.5303305198390786,True,9.447544606938727,0.5853039149455892,0.011899449650453666,2016,0.3378874388254486
Gauteng,Ward 79900090,TSH,17543,0.5452317163541014,True,9.772410288929185,0.5851633376199757,0.016623105070569785,2016,0.3622901047152859
Gauteng,Ward 79900091,TSH,19534,0.7885225760212962,True,9.879911816007422,0.5828681408306626,0.004414724404336818,2016,0.6062780269058295
Gauteng,Ward 79900092,TSH,13512,0.4614416814683244,True,9.511333458487636,0.5859538096472001,0.0107457898957498,2016,0.3169619098304569
Gauteng,Ward 79900093,TSH,11964,0.4950685389501839,True,9.389657419749838,0.5856365751426542,0.027519837919972985,2016,0.3642594329413462
Gauteng,Ward 79900094,TSH,12529,0.5657275121717615,True,9.435801236245553,0.5849699810556582,0.009734762979683972,2016,0.4615384615384615
Gauteng,Ward 79900095,TSH,12953,0.5770091870609125,True,9.469082700530256,0.5848635501604776,0.018865400053518864,2016,0.4397134250590246
Gauteng,Ward 79900096,TSH,15745,0.6259129882502382,True,9.664278133535126,0.584402193545484,0.0045662100456621,2016,0.4925706771860618
Gauteng,Ward 79900097,TSH,13094,0.4621200549870169,True,9.479909389001037,0.5859474098970238,0.027268220128904314,2016,0.3594094461887901
Gauteng,Ward 79900098,TSH,16432,0.7089216163583252,True,9.70698593216834,0.5836190932803133,0.0034337711391535753,2016,0.5103803997421019
Gauteng,Ward 79900099,TSH,17359,0.5961748948672159,True,9.761866382868549,0.5846827415962671,0.007826843173253455,2016,0.421903460837887
Gauteng,Ward 79900100,TSH,14948,0.6162697350816163,True,9.612332790605375,0.5844931676319803,0.01020408163265306,2016,0.4578947368421052
Gauteng,Ward 79900101,TSH,17376,0.7221454880294659,True,9.762845222733661,0.5834943397739818,0.005419190309212623,2016,0.574052074052074
Gauteng,Ward 79900102,TSH,14634,0.6135711357113571,True,9.591102867443976,0.5845186261166054,0.022051453391246242,2016,0.4589883800410116
Gauteng,Ward 79900103,TSH,12429,0.6007723871590634,True,9.42778773074551,0.5846393690274762,0.024106066693451184,2016,0.4131423374261028
Gauteng,Ward 79900104,TSH,12336,0.5671206225680934,True,9.42027709580311,0.5849568385047494,0.01843910806174957,2016,0.3938198553583169
Gauteng,Ward 79900105,TSH,13125,0.6121142857142857,True,9.482274087459825,0.5845323699845023,0.018421707742096092,2016,0.4763112787110045
Gauteng,Ward 79900106,TSH,17723,0.5109180161372228,True,9.782618510055139,0.5854870517729652,0.016565433462175594,2016,0.3215697978064612
Gauteng,Ward 79900107,TSH,14092,0.4860204371274482,True,9.553362539461128,0.5857219345938122,0.009052416411154913,2016,0.3558248416414211
KwaZulu-Natal,Ward 59500001,ETH,17187,0.7568511083958807,True,9.751908563076688,0.5924034910463031,0.025292127921279214,2016,0.5762480179342775
KwaZulu-Natal,Ward 59500002,ETH,15903,0.6478023014525561,True,9.674263049655917,0.5934039388164253,0.020869734032226753,2016,0.4893377625375054
KwaZulu-Natal,Ward 59500003,ETH,15544,0.6340710241893979,True,9.651429991057276,0.5935299138371882,0.025060876623376624,2016,0.4425957841707543
KwaZulu-Natal,Ward 59500004,ETH,19368,0.6705906650144569,True,9.871377498617894,0.5931948712608115,0.0325685247921158,2016,0.443921925566343
KwaZulu-Natal,Ward 59500005,ETH,15202,0.6676753058808051,True,9.629182277125986,0.5932216176748817,0.023251231527093595,2016,0.4484765491270113
KwaZulu-Natal,Ward 59500006,ETH,18013,0.5985677011047577,True,9.798848998423558,0.5938556323975978,0.015117788907438322,2016,0.4447083517454706
KwaZulu-Natal,Ward 59500007,ETH,16130,0.6675139491630502,True,9.688436171119255,0.5932230980117419,0.018853905451843594,2016,0.4951723295037888
KwaZulu-Natal,Ward 59500008,ETH,21114,0.6337974803447949,True,9.95769160654964,0.5935324234137442,0.01823344791510985,2016,0.5119662130455185
KwaZulu-Natal,Ward 59500009,ETH,20532,0.688534969803234,True,9.929739923680193,0.5930302446113732,0.015491264058852657,2016,0.54200918116793
KwaZulu-Natal,Ward 59500010,ETH,16102,0.7077381691715315,True,9.686698766859926,0.5928540684703796,0.005616005616005616,2016,0.5748292486942547
KwaZulu-Natal,Ward 59500011,ETH,18258,0.5489100668200241,True,9.812358619125026,0.5943112070240631,0.02324885252444622,2016,0.386491843268791
KwaZulu-Natal,Ward 59500012,ETH,17139,0.6182974502596418,True,9.749111847392573,0.5936746255246171,0.01660847409644239,2016,0.3667334669338677
KwaZulu-Natal,Ward 59500013,ETH,15923,0.5918482697984048,True,9.675519883856426,0.5939172785563717,0.013900679117147707,2016,0.4096553556013015
KwaZulu-Natal,Ward 59500014,ETH,19425,0.6213127413127413,True,9.874316175235847,0.5936469623039465,0.030408484547187007,2016,0.3774174433011905
KwaZulu-Natal,Ward 59500015,ETH,19497,0.572549623018926,True,9.878015886562459,0.5940943303616879,0.04801576637104721,2016,0.3846435674657176
KwaZulu-Natal,Ward 59500016,ETH,19469,0.6325440443782423,True,9.87657873597891,0.5935439228262814,0.025740966301258626,2016,0.4187189596026829
KwaZulu-Natal,Ward 59500017,ETH,17171,0.6011880496185429,True,9.750977193313803,0.5938315925029759,0.014530659691950014,2016,0.4371080781999262
KwaZulu-Natal,Ward 59500018,ETH,19286,0.6376127761070206,True,9.867134723070329,0.5934974207003293,0.007888102789298202,2016,0.4757752949775504
KwaZulu-Natal,Ward 59500019,ETH,19490,0.6393535146228835,True,9.877656792501606,0.5934814506222021,0.03587192039162186,2016,0.425675317093881
KwaZulu-Natal,Ward 59500020,ETH,16636,0.6468502043760519,True,9.719324300862802,0.5934126736519896,0.019793699470309453,2016,0.4249447426586675
KwaZulu-Natal,Ward 59500021,ETH,18020,0.6048279689234184,True,9.799237531162328,0.5937981987478853,0.009358656757500689,2016,0.4075199174643205
KwaZulu-Natal,Ward 59500022,ETH,17889,0.5971267259209571,True,9.791941277791215,0.5938688523534125,0.013855083317730763,2016,0.378861031935315
KwaZulu-Natal,Ward 59500023,ETH,20789,0.5755447592476791,True,9.942179279647114,0.5940668520476627,0.016213957375679065,2016,0.4053721550133278
KwaZulu-Natal,Ward 59500024,ETH,19462,0.6107285993217552,True,9.876219125381935,0.5937440645240473,0.008665657075551069,2016,0.4418323975442095
KwaZulu-Natal,Ward 59500025,ETH,20155,0.5522699082113619,True,9.911207675551266,0.5942803827911152,0.004222441829125865,2016,0.3914639457475269
KwaZulu-Natal,Ward 59500026,ETH,15224,0.4067919075144509,True,9.630628408975985,0.5956150433479676,0.006943323106733409,2016,0.2647746014293567
KwaZulu-Natal,Ward 59500027,ETH,14908,0.5773410249530453,True,9.60965326059915,0.5940503725457786,0.0029046125246892066,2016,0.4256875834445928
KwaZulu-Natal,Ward 59500028,ETH,16419,0.3923503258420123,True,9.706194479812028,0.595747534922944,0.011797578391803787,2016,0.208611641221374
KwaZulu-Natal,Ward 59500029,ETH,18318,0.5632165083524402,True,9.815639461962933,0.594179955266885,0.006784918096345837,2016,0.31299538367738
KwaZulu-Natal,Ward 59500030,ETH,19880,0.5742957746478873,True,9.897469480210566,0.5940783106219727,0.003678724708767627,2016,0.4506437768240343
KwaZulu-Natal,Ward 59500031,ETH,19297,0.5845468207493393,True,9.867704922396356,0.593984264327464,0.00576241134751773,2016,0.4193663044582106
KwaZulu-Natal,Ward 59500032,ETH,17859,0.4114452096981913,True,9.7902628618215,0.5955723525022452,0.012656505171475232,2016,0.171405686824189
KwaZulu-Natal,Ward 59500033,ETH,18530,0.5538586076632488,True,9.827146319279406,0.5942658075667859,0.010036051836694924,2016,0.3630340017436791
KwaZulu-Natal,Ward 59500034,ETH,18106,0.6101844692367171,True,9.803998654035386,0.5937490565431761,0.008598841419261405,2016,0.4182947959610444
KwaZulu-Natal,Ward 59500035,ETH,18100,0.6919889502762431,True,9.803667217253917,0.5929985567171254,0.007584830339321357,2016,0.5497207964352191
KwaZulu-Natal,Ward 59500036,ETH,17928,0.6528893351182508,True,9.794119015480764,0.5933572687827952,0.0037590773173857327,2016,0.5210643015521065
KwaZulu-Natal,Ward 59500037,ETH,19423,0.5727230602893477,True,9.874213209832133,0.5940927391940694,0.009888529306005034,2016,0.3786412790396854
KwaZulu-Natal,Ward 59500038,ETH,17082,0.5806697108066972,True,9.745780556506093,0.5940198341434515,0.025103337029942534,2016,0.3763650783966811
KwaZulu-Natal,Ward 59500039,ETH,19298,0.4740905793346461,True,9.86775674258033,0.5949976243404429,0.005574379713629905,2016,0.2706235647412118
KwaZulu-Natal,Ward 59500040,ETH,18336,0.6112020069808028,True,9.816621619514466,0.5937397213345148,0.020255197644329436,2016,0.3788781474820143
KwaZulu-Natal,Ward 59500041,ETH,14943,0.5658167703941644,True,9.611998241741393,0.5941560996518234,0.011590774689532821,2016,0.3572847455305158
KwaZulu-Natal,Ward 59500042,ETH,14542,0.627767844863155,True,9.584796293210003,0.5935877411704564,0.02924745317121262,2016,0.3564893018018018
KwaZulu-Natal,Ward 59500043,ETH,14992,0.6292022411953042,True,9.615272004478204,0.593574581571079,0.028622919537792856,2016,0.3748282495190986
KwaZulu-Natal,Ward 59500044,ETH,15361,0.6213137165549117,True,9.639587108749145,0.5936469533567706,0.024727577535624476,2016,0.379308135810378
KwaZulu-Natal,Ward 59500045,ETH,15032,0.6192788717402874,True,9.617936541093302,0.5936656216578222,0.039746481899237296,2016,0.3862144420131291
KwaZulu-Natal,Ward 59500046,ETH,13089,0.4720757888303155,True,9.479527461791719,0.5950161086569964,0.02815989642336948,2016,0.309749920861032
KwaZulu-Natal,Ward 59500047,ETH,14466,0.6023088621595465,True,9.579556347409227,0.5938213098191134,0.01067370595661655,2016,0.3459390722618455
KwaZulu-Natal,Ward 59500048,ETH,18482,0.5775348988204739,True,9.824552564447986,0.5940485938864444,0.012741240397226907,2016,0.4674574396164956
KwaZulu-Natal,Ward 59500049,ETH,19696,0.5808793663688059,True,9.888170848424235,0.5940179106979276,0.011537453019840924,2016,0.4850330305532617
KwaZulu-Natal,Ward 59500050,ETH,17590,0.6082433200682206,True,9.775085837731604,0.593766865251144,0.009440134592017946,2016,0.5133499081180413
KwaZulu-Natal,Ward 59500051,ETH,20096,0.6144506369426752,True,9.908276069267925,0.5937099173899104,0.0159540006478782,2016,0.470746077116024
KwaZulu-Natal,Ward 59500052,ETH,18508,0.5858007348173763,True,9.825958350026891,0.5939727605286745,0.01955358789891164,2016,0.472452219386167
KwaZulu-Natal,Ward 59500053,ETH,17483,0.5646628153062976,True,9.76898425919765,0.5941666863957488,0.018638573743922204,2016,0.3198991091553075
KwaZulu-Natal,Ward 59500054,ETH,14610,0.5934976043805612,True,9.589461504744746,0.5939021470464436,0.01960558182447238,2016,0.3397736848441073
KwaZulu-Natal,Ward 59500055,ETH,16910,0.6199290360733294,True,9.735660441892627,0.5936596568474274,0.02995325765525136,2016,0.3824406537039246
KwaZulu-Natal,Ward 59500056,ETH,15036,0.6478451715881883,True,9.618202604684068,0.5934035455124287,0.01755466584539575,2016,0.3720871455289895
KwaZulu-Natal,Ward 59500057,ETH,18526,0.6167008528554464,True,9.826930429813974,0.5936892732072245,0.020831509846827134,2016,0.4413862129363193
KwaZulu-Natal,Ward 59500058,ETH,17968,0.636353517364203,True,9.796347676978224,0.5935089735328323,0.009882805667308028,2016,0.4513459969700501
KwaZulu-Natal,Ward 59500059,ETH,16602,0.6395012649078424,True,9.71727844901498,0.5934800951150005,0.012715456343599886,2016,0.4342580809366251
KwaZulu-Natal,Ward 59500060,ETH,16989,0.5966802048384249,True,9.740321354781914,0.5938729488771054,0.010654039656703166,2016,0.4049793377888883
KwaZulu-Natal,Ward 59500061,ETH,17208,0.5520106927010693,True,9.753129670947565,0.5942827609150627,0.015791135909043057,2016,0.4777184789859907
KwaZulu-Natal,Ward 59500062,ETH,16722,0.5682334648965435,True,9.724480496710003,0.5941339281426273,0.024836876447063776,2016,0.4173734536221706
KwaZulu-Natal,Ward 59500063,ETH,18437,0.6396919238487824,True,9.82211479407039,0.5934783459504048,0.005002543666270985,2016,0.4867196128964393
KwaZulu-Natal,Ward 59500064,ETH,19037,0.5751956715869097,True,9.85413973290579,0.5940700546867523,0.004474885844748858,2016,0.4063233098741736
KwaZulu-Natal,Ward 59500065,ETH,19821,0.6242369204379193,True,9.894497260697996,0.5936201349725229,0.008243756566717853,2016,0.4605867970660147
KwaZulu-Natal,Ward 59500066,ETH,17986,0.6184810408095185,True,9.79734895647446,0.5936729412076459,0.0048543689320388345,2016,0.4595951146059896
KwaZulu-Natal,Ward 59500067,ETH,15894,0.6053227633069083,True,9.673696958500125,0.5937936593498717,0.020372102692027855,2016,0.4164802386278896
KwaZulu-Natal,Ward 59500068,ETH,19449,0.5981284384801275,True,9.875550933843105,0.5938596623299338,0.012464540531247313,2016,0.4718412922109599
KwaZulu-Natal,Ward 59500069,ETH,17647,0.690315634385448,True,9.778321076243234,0.5930139082390594,0.013626662288622558,2016,0.4659802504816955
KwaZulu-Natal,Ward 59500070,ETH,19408,0.5976401483924155,True,9.873440631183831,0.5938641420555092,0.010776791102681265,2016,0.4883086742094575
KwaZulu-Natal,Ward 59500071,ETH,21006,0.5469389698181472,True,9.952563390182721,0.594329290482796,0.012794847245191053,2016,0.4105953262133869
KwaZulu-Natal,Ward 59500072,ETH,17092,0.5781652234963726,True,9.746365796763916,0.5940428110912527,0.015280307630034407,2016,0.399367699067624
KwaZulu-Natal,Ward 59500073,ETH,19111,0.5718696038930459,True,9.858019364488982,0.5941005690692648,0.011254460609387867,2016,0.4860920021534964
KwaZulu-Natal,Ward 59500074,ETH,15050,0.5687043189368771,True,9.619133270177022,0.5941296083807893,0.035868676247225145,2016,0.3752151462994836
KwaZulu-Natal,Ward 59500075,ETH,15966,0.5520481022172116,True,9.678216740205745,0.5942824177084927,0.01327433628318584,2016,0.402684124386252
KwaZulu-Natal,Ward 59500076,ETH,14187,0.4534432931557059,True,9.560081331311986,0.5951870489842863,0.010259598942950412,2016,0.2820304418501552
KwaZulu-Natal,Ward 59500077,ETH,16178,0.5949437507726543,True,9.691407573577898,0.593888879648351,0.014025974025974027,2016,0.4530576618842398
KwaZulu-Natal,Ward 59500078,ETH,18497,0.5341406714602368,True,9.82536383575455,0.5944467060640612,0.012449392712550607,2016,0.3567275747508305
KwaZulu-Natal,Ward 59500079,ETH,20213,0.5491020630287439,True,9.914081240746999,0.5943094455909557,0.03000270294621137,2016,0.3127222322666184
KwaZulu-Natal,Ward 59500080,ETH,15546,0.5814357390968738,True,9.651558649790164,0.5940128063609729,0.020134970682597633,2016,0.3708310919849381
KwaZulu-Natal,Ward 59500081,ETH,15236,0.5354423733263324,True,9.631416327598494,0.5944347638451062,0.02758028928658985,2016,0.3202699910462153
KwaZulu-Natal,Ward 59500082,ETH,18738,0.531860390650016,True,9.838308826511133,0.5944676260714945,0.0201685731487056,2016,0.3284553893759669
KwaZulu-Natal,Ward 59500083,ETH,17479,0.5595285771497225,True,9.768755439335086,0.5942137894981027,0.022903885480572598,2016,0.3663886092334244
KwaZulu-Natal,Ward 59500084,ETH,18198,0.5262116716122651,True,9.809066976916636,0.5945194491819326,0.018170426065162906,2016,0.3744306883058567
KwaZulu-Natal,Ward 59500085,ETH,16401,0.5483811962685202,True,9.70509758756311,0.5943160590474714,0.0256837891927952,2016,0.3355104358937952
KwaZulu-Natal,Ward 59500086,ETH,16158,0.5626934026488427,True,9.690170562039654,0.5941847544017804,0.015948086229652443,2016,0.3532883642495784
KwaZulu-Natal,Ward 59500087,ETH,14705,0.506426385583135,True,9.595942850988095,0.5947009655675208,0.016651000402846783,2016,0.3339787028073572
KwaZulu-Natal,Ward 59500088,ETH,17203,0.4877056327384758,True,9.752839066197039,0.5948727155936187,0.011918951132300357,2016,0.2980964922782234
KwaZulu-Natal,Ward 59500089,ETH,15634,0.5446462837405655,True,9.657203308780275,0.5943503243000215,0.030534351145038167,2016,0.4044895972746076
KwaZulu-Natal,Ward 59500090,ETH,18855,0.5666401485017237,True,9.844533409692458,0.5941485457242311,0.009921377761138151,2016,0.4540441176470588
KwaZulu-Natal,Ward 59500091,ETH,15369,0.6338733814822044,True,9.640107772607312,0.593531727073034,0.01714227058098953,2016,0.4178213746741666
KwaZulu-Natal,Ward 59500092,ETH,18887,0.6105787049293164,True,9.846229133695847,0.5937454397019597,0.030176899063475548,2016,0.4104705753903264
KwaZulu-Natal,Ward 59500093,ETH,16813,0.5945399393326593,True,9.729907675678929,0.593892584340461,0.00860344137655062,2016,0.4227982997066395
KwaZulu-Natal,Ward 59500094,ETH,17729,0.6134581758700435,True,9.782956995898381,0.5937190225373659,0.019492460463405664,2016,0.3460410557184751
KwaZulu-Natal,Ward 59500095,ETH,19359,0.625187251407614,True,9.87091270660395,0.5936114163397734,0.027348591258365695,2016,0.4458918863473177
KwaZulu-Natal,Ward 59500096,ETH,17883,0.6414471844768774,True,9.791605819888035,0.5934622426418903,0.025281143753813965,2016,0.4475931262674778
KwaZulu-Natal,Ward 59500097,ETH,15646,0.6445097788572159,True,9.657970572245025,0.5934341454457404,0.004760015866719556,2016,0.4784014485256078
KwaZulu-Natal,Ward 59500098,ETH,17135,0.632156405018967,True,9.74887843430871,0.5935474791506785,0.020125553914327916,2016,0.4061120543293718
KwaZulu-Natal,Ward 59500099,ETH,15493,0.5388239850254953,True,9.648143587996293,0.5944037398845634,0.020723526593195974,2016,0.4972074050831503
KwaZulu-Natal,Ward 59500100,ETH,19518,0.7070908904600881,True,9.879092395701406,0.5928600068071819,0.04630099268168973,2016,0.5226073637034095
KwaZulu-Natal,Ward 59500101,ETH,16754,0.517368986510684,True,9.726392314713754,0.5946005747333232,0.011536686663590217,2016,0.3234567901234568
KwaZulu-Natal,Ward 59500102,ETH,17345,0.6516575381954454,True,9.76105955940385,0.593368569671995,0.01424400601610192,2016,0.4862535388486945
KwaZulu-Natal,Ward 59500103,ETH,16915,0.6754951226721845,True,9.735956081214809,0.5931498762364287,0.025293190967967793,2016,0.5276744448202006
KwaZulu-Natal,Ward 59500104,ETH,15475,0.601357027463651,True,9.646981097552796,0.5938300422475162,0.018697614442295292,2016,0.3460731319554849
KwaZulu-Natal,Ward 59500105,ETH,16761,0.6176839090746375,True,9.726810038127258,0.5936802543428281,0.031681638172510386,2016,0.5445784557171574
KwaZulu-Natal,Ward 59500106,ETH,16644,0.6110910838740687,True,9.719805070102831,0.5937407389776957,0.03126536230459149,2016,0.439804115769781
KwaZulu-Natal,Ward 59500107,ETH,15620,0.6416773367477593,True,9.656307423393677,0.5934601311531665,0.036216701586351395,2016,0.4075167256985438
KwaZulu-Natal,Ward 59500108,ETH,15605,0.6428708747196411,True,9.65534665470488,0.5934491812635162,0.018839712918660288,2016,0.4579753455360478
KwaZulu-Natal,Ward 59500109,ETH,19053,0.5618537763081929,True,9.854979848471084,0.5941924573957313,0.025688930406352173,2016,0.3512727272727273
KwaZulu-Natal,Ward 59500110,ETH,19325,0.594980595084088,True,9.869154873455622,0.5938885416271452,0.010610540963645852,2016,0.4591332659705849
KwaZulu-Natal,Ward 52102001,KZN212,4244,0.6399622997172478,False,8.353261499733874,0.6000947329954668,0.03276877761413844,2016,0.4811425402107598
KwaZulu-Natal,Ward 52102002,KZN212,3178,0.5808684707363121,False,8.064007347096661,0.6033777234944075,0.028169014084507043,2016,0.4937706585303839
KwaZulu-Natal,Ward 52102003,KZN212,4064,0.6286909448818898,False,8.309922989258318,0.6007209193752089,0.03874755381604697,2016,0.5657004830917874
KwaZulu-Natal,Ward 52102004,KZN212,3642,0.6164195496979682,False,8.200288260287554,0.6014026635520934,0.028507795100222718,2016,0.546812176909822
KwaZulu-Natal,Ward 52102005,KZN212,4010,0.644139650872818,False,8.296546520300614,0.5998626579312684,0.05497483546264034,2016,0.5650051387461459
KwaZulu-Natal,Ward 52102006,KZN212,4286,0.5751283247783481,False,8.363109176033522,0.6036966204920723,0.03691683569979716,2016,0.2368487289202114
KwaZulu-Natal,Ward 52102007,KZN212,4153,0.623645557428365,False,8.331586243630754,0.6010012186781825,0.016602316602316602,2016,0.5698324022346368
KwaZulu-Natal,Ward 52102008,KZN212,5818,0.5610175317978687,False,8.668711839055147,0.6044805534354322,0.037377450980392156,2016,0.4597280334728033
KwaZulu-Natal,Ward 52102009,KZN212,2187,0.5811614083219021,False,7.690286020676768,0.6033614491840971,0.011014948859166011,2016,0.4203470031545741
KwaZulu-Natal,Ward 52102010,KZN212,2665,0.6825515947467167,False,7.887959336599945,0.5977286610493852,0.0016492578339747114,2016,0.4945317160469278
KwaZulu-Natal,Ward 52102011,KZN212,3398,0.5394349617422013,False,8.130942302231878,0.6056795851051916,0.024549918166939442,2016,0.3991484832357637
KwaZulu-Natal,Ward 52102012,KZN212,3573,0.6635880212706409,False,8.181160858023409,0.5987821929091671,0.03795866722901729,2016,0.5273328248156623
KwaZulu-Natal,Ward 52102013,KZN212,3451,0.5137641263401912,False,8.146419323098003,0.6071057426275254,0.024816694867456288,2016,0.4133136094674556
KwaZulu-Natal,Ward 52102014,KZN212,4094,0.5732779677576942,False,8.317277766221235,0.6037994181043308,0.02513847464848743,2016,0.4332587621178225
KwaZulu-Natal,Ward 52102015,KZN212,4984,0.6031300160513644,False,8.51398806046729,0.6021409709769047,0.012641383898868928,2016,0.6238309664011085
KwaZulu-Natal,Ward 52102016,KZN212,3172,0.5655737704918032,False,8.06211758275474,0.604227429063547,0.03511705685618729,2016,0.4194381659670649
KwaZulu-Natal,Ward 52102017,KZN212,3379,0.5673276117194436,False,8.12533508671429,0.6041299934397891,0.03390714658320292,2016,0.478491455509723
KwaZulu-Natal,Ward 52102018,KZN212,3572,0.6455767077267637,False,8.18088094199639,0.5997828214393824,0.012575888985255855,2016,0.5856487725923928
KwaZulu-Natal,Ward 52102019,KZN212,4010,0.6364089775561097,False,8.296546520300614,0.6002921397821965,0.021551724137931036,2016,0.4639381797366915
KwaZulu-Natal,Ward 52103001,KZN213,3565,0.5842917251051893,False,8.178919332848396,0.576538158841126,0.01632261161785886,2016,0.547103410936654
KwaZulu-Natal,Ward 52103002,KZN213,3847,0.4920717442162724,False,8.255048902752295,0.5813918420458059,0.03433703116745906,2016,0.4471872774744837
KwaZulu-Natal,Ward 52103003,KZN213,4389,0.596719070403281,False,8.386856689688234,0.5758840880359632,0.029782359679266894,2016,0.4622100274382639
KwaZulu-Natal,Ward 52103004,KZN213,3977,0.5959265778224793,False,8.28828304520769,0.5759257981717949,0.019831223628691982,2016,0.4626451287228672
KwaZulu-Natal,Ward 52103005,KZN213,4380,0.5105022831050229,False,8.384804003370492,0.5804218136832401,0.04159212880143113,2016,0.47808105872622
KwaZulu-Natal,Ward 52103006,KZN213,3380,0.5875739644970415,False,8.125630988477065,0.5763654093994496,0.013091641490433032,2016,0.5276041666666667
KwaZulu-Natal,Ward 52103007,KZN213,4297,0.5946008843379101,False,8.365672383774996,0.5759955715130881,0.03444227005870842,2016,0.520448348985156
KwaZulu-Natal,Ward 52103008,KZN213,4087,0.6026425250795204,False,8.315566483564277,0.5755723272635297,0.023142509135200974,2016,0.5367426860170468
KwaZulu-Natal,Ward 52103009,KZN213,4072,0.5108055009823183,False,8.311889558230359,0.5804058548475929,0.03942307692307692,2016,0.3881516587677725
KwaZulu-Natal,Ward 52103010,KZN213,3911,0.5402710304270008,False,8.271548374755515,0.5788550375083992,0.026975863700899196,2016,0.4321556579621096
KwaZulu-Natal,Ward 52103011,KZN213,3617,0.6497097041747304,False,8.193400231952097,0.5730951073111502,0.020425531914893616,2016,0.5219322598556357
KwaZulu-Natal,Ward 52103012,KZN213,3806,0.5782974251182343,False,8.244334047856094,0.5768536483141237,0.033621081326669695,2016,0.5880893300248139
KwaZulu-Natal,Ward 52103013,KZN213,3761,0.5575644775325711,False,8.232440158470336,0.5779448560817901,0.019074868860276584,2016,0.5051753881541116
KwaZulu-Natal,Ward 52103014,KZN213,3726,0.5872249060654858,False,8.223090551161533,0.5763837808958472,0.025137111517367458,2016,0.5870499731327243
KwaZulu-Natal,Ward 52103015,KZN213,4565,0.5610076670317634,False,8.426173793029069,0.5777636355818326,0.028114017961733698,2016,0.4650698602794411
KwaZulu-Natal,Ward 52103016,KZN213,4108,0.6119766309639727,False,8.32069157104845,0.575081058532769,0.0664280031821798,2016,0.5223463687150838
KwaZulu-Natal,Ward 52103017,KZN213,3486,0.5639701663798049,False,8.156510226079966,0.5776077145635147,0.011698880976602238,2016,0.5911274371291325
KwaZulu-Natal,Ward 52103018,KZN213,3784,0.6207716701902748,False,8.238536930171769,0.5746181617313847,0.023839931885908897,2016,0.5941803065731359
KwaZulu-Natal,Ward 52103019,KZN213,3834,0.5876369327073553,False,8.251663923605589,0.5763620952831173,0.02574345317354638,2016,0.5160947060388401
KwaZulu-Natal,Ward 52103020,KZN213,3635,0.6049518569463549,False,8.19836438996762,0.5754507834810646,0.010914051841746248,2016,0.5529826327712056
KwaZulu-Natal,Ward 52104001,KZN214,4198,0.514292520247737,False,8.342363500380579,0.6339212306194059,0.025937934228809634,2016,0.5729649936735555
KwaZulu-Natal,Ward 52104002,KZN214,5708,0.6581990189208129,False,8.649623978596727,0.6179316196557307,0.02182592494011179,2016,0.546227143960855
KwaZulu-Natal,Ward 52104003,KZN214,5484,0.5171407731582787,False,8.609590040682205,0.63360475807379,0.022566995768688293,2016,0.3888219706094917
KwaZulu-Natal,Ward 52104004,KZN214,3911,0.6573766300178983,False,8.271548374755515,0.618022996200499,0.026448852586542202,2016,0.561848784397542
KwaZulu-Natal,Ward 52104005,KZN214,4801,0.5927931680899813,False,8.476579508530941,0.625198936414712,0.04392129304286718,2016,0.5055278560589638
KwaZulu-Natal,Ward 52104006,KZN214,4086,0.6632403328438571,False,8.315321775377567,0.6173714736642814,0.027675276752767528,2016,0.6035876705406771
KwaZulu-Natal,Ward 52104007,KZN214,4501,0.6405243279271273,False,8.412054873292933,0.6198954742105847,0.002428026361429067,2016,0.5746324445551956
KwaZulu-Natal,Ward 52104008,KZN214,4273,0.6400655277322724,False,8.360071435644025,0.619946452010013,0.020475319926873858,2016,0.5361930294906166
KwaZulu-Natal,Ward 52104009,KZN214,5361,0.6776720761052043,False,8.586905803827538,0.6157679466352428,0.016515276630883566,2016,0.5855962219598583
KwaZulu-Natal,Ward 52104010,KZN214,3696,0.6582792207792207,False,8.215006432761575,0.6179227083381299,0.02466091245376079,2016,0.587915078933043
KwaZulu-Natal,Ward 52106001,KZN216,5626,0.601315321720583,False,8.635153989049803,0.6125324961966865,0.014484185634052616,2016,0.4629471162074277
KwaZulu-Natal,Ward 52106002,KZN216,3620,0.588121546961326,False,8.194229304819817,0.6129094611898082,0.010803193987787695,2016,0.5301126516464472
KwaZulu-Natal,Ward 52106003,KZN216,4710,0.5955414012738853,False,8.457443187010464,0.6126974653523065,0.023529411764705882,2016,0.4727717723842545
KwaZulu-Natal,Ward 52106004,KZN216,5287,0.5967467372801211,False,8.57300625623545,0.6126630271806998,0.021870047543581617,2016,0.4413239719157472
KwaZulu-Natal,Ward 52106005,KZN216,5159,0.571622407443303,False,8.54849804124465,0.6133808651760374,0.010512037978975925,2016,0.4356896900951995
KwaZulu-Natal,Ward 52106006,KZN216,5219,0.547997700708948,False,8.560061091643414,0.614055856797019,0.009790209790209791,2016,0.4333129708816942
KwaZulu-Natal,Ward 52106007,KZN216,5800,0.706551724137931,False,8.66561319653451,0.6095257418419051,0.018789653489507077,2016,0.5614867536575722
KwaZulu-Natal,Ward 52106008,KZN216,4091,0.6641407968711807,False,8.316544717929398,0.6107374826209552,0.02686786897313213,2016,0.4797162088411861
KwaZulu-Natal,Ward 52106009,KZN216,6094,0.6724647193961273,False,8.715059959545654,0.6104996562630995,0.013177159590043924,2016,0.5369960124058485
KwaZulu-Natal,Ward 52106010,KZN216,5737,0.5842774969496253,False,8.654691704601872,0.6130192911901424,0.010441527446300716,2016,0.4767393126571668
KwaZulu-Natal,Ward 52106011,KZN216,3772,0.6182396606574762,False,8.235360643753348,0.6120489436556324,0.017152658662092625,2016,0.4761321909424724
KwaZulu-Natal,Ward 52106012,KZN216,4672,0.6005993150684932,False,8.449342524508063,0.6125529535296034,0.012473271560940842,2016,0.4814464665563696
KwaZulu-Natal,Ward 52106013,KZN216,3991,0.6091205211726385,False,8.291797105048733,0.6123094904980564,0.021801727684080625,2016,0.4987986544930322
KwaZulu-Natal,Ward 52106014,KZN216,5459,0.6530500091591867,False,8.605020901781758,0.6110543622698692,0.020757363253856943,2016,0.4847492323439099
KwaZulu-Natal,Ward 52106015,KZN216,4459,0.6010316214397847,False,8.402679804627477,0.6125406019189951,0.03283582089552239,2016,0.6324382384532761
KwaZulu-Natal,Ward 52106016,KZN216,4649,0.6283071628307163,False,8.444407421690585,0.611761300736397,0.004792879150975694,2016,0.5353319057815846
KwaZulu-Natal,Ward 52106017,KZN216,4622,0.6146689744699264,False,8.438582790834326,0.612150963260991,0.006687785990848293,2016,0.4615829000577701
KwaZulu-Natal,Ward 52106018,KZN216,4364,0.5311640696608616,False,8.381144346952961,0.6145368176841072,0.004314063848144953,2016,0.4125301204819277
KwaZulu-Natal,Ward 52106019,KZN216,4326,0.646786870087841,False,8.372398606513004,0.6112333091004791,0.0,2016,0.5316401205337925
KwaZulu-Natal,Ward 52106020,KZN216,6597,0.5426709110201606,False,8.794370279222871,0.6142080507881271,0.05782122905027933,2016,0.4707550514002127
KwaZulu-Natal,Ward 52106021,KZN216,4606,0.60790273556231,False,8.43511508038063,0.6123442843726372,0.008571428571428572,2016,0.4270293609671848
KwaZulu-Natal,Ward 52106022,KZN216,4509,0.6052339764914615,False,8.413830678421084,0.6124205346318042,0.04653719311102968,2016,0.4494151446747383
KwaZulu-Natal,Ward 52106023,KZN216,4327,0.55095909406055,False,8.372629740224884,0.6139712455584018,0.015939597315436243,2016,0.3839050131926121
KwaZulu-Natal,Ward 52106024,KZN216,5417,0.6132545689496031,False,8.597297435657898,0.6121913748472859,0.015653220951234198,2016,0.4180234759560772
KwaZulu-Natal,Ward 52106025,KZN216,4855,0.6601441812564367,False,8.487764380725425,0.6108516716385193,0.0249609984399376,2016,0.4928919577579204
KwaZulu-Natal,Ward 52106026,KZN216,3373,0.6931514971835162,False,8.12355783506165,0.6099086054691741,0.017536355859709155,2016,0.4776334776334776
KwaZulu-Natal,Ward 52106027,KZN216,4905,0.5337410805300714,False,8.498010371999463,0.6144631888021297,0.003437738731856379,2016,0.3550852439741329
KwaZulu-Natal,Ward 52106028,KZN216,3911,0.6532856047046791,False,8.271548374755515,0.6110476309685695,0.018395303326810174,2016,0.4620060790273556
KwaZulu-Natal,Ward 52106029,KZN216,5133,0.5836742645626339,False,8.543445562560303,0.6130365264011993,0.017022696929238985,2016,0.5212809079854074
KwaZulu-Natal,Ward 52106030,KZN216,4169,0.6589110098344927,False,8.335431477880796,0.6108869051077176,0.017473607571896616,2016,0.5619277108433735
KwaZulu-Natal,Ward 52106031,KZN216,4647,0.635033354852593,False,8.443977129084978,0.6115691238214863,0.022026431718061675,2016,0.4743816254416961
KwaZulu-Natal,Ward 52106032,KZN216,4598,0.6135276207046542,False,8.433376705323127,0.6121835733685702,0.04501949663239986,2016,0.4610191637630662
KwaZulu-Natal,Ward 52106033,KZN216,4198,0.6422105764649834,False,8.342363500380579,0.6113640603468465,0.026706231454005934,2016,0.4930589985126425
KwaZulu-Natal,Ward 52106034,KZN216,4218,0.6055002370791844,False,8.34711636103872,0.6124129271864408,0.007830853563038372,2016,0.4777979157227005
KwaZulu-Natal,Ward 52106035,KZN216,5013,0.6038300418910831,False,8.519789817263504,0.612460647048958,0.010901883052527254,2016,0.4586946599726152
KwaZulu-Natal,Ward 52106036,KZN216,4716,0.6051738761662426,False,8.458716261657262,0.6124222517839534,0.020322354590049056,2016,0.4978462933575153
KwaZulu-Natal,Ward 52201001,KZN221,4463,0.7340354021958324,False,8.40357646462927,0.6708949747004253,0.021672771672771672,2016,0.5844787481497146
KwaZulu-Natal,Ward 52201002,KZN221,3901,0.6095872853114586,False,8.268988209506656,0.680467906768454,0.02607232968881413,2016,0.5166835187057633
KwaZulu-Natal,Ward 52201003,KZN221,4848,0.6759488448844885,False,8.48632152774915,0.6753631714166826,0.021361000915471468,2016,0.5624385447394297
KwaZulu-Natal,Ward 52201004,KZN221,3796,0.6625395152792413,False,8.241703159729818,0.6763946583093939,0.01749502982107356,2016,0.4770420492991784
KwaZulu-Natal,Ward 52201005,KZN221,3615,0.6271092669432918,False,8.192847134592865,0.6791200620275438,0.011027790030877812,2016,0.5151763740771124
KwaZulu-Natal,Ward 52201006,KZN221,4154,0.6853635050553684,False,8.331827004436057,0.6746389667881533,0.02107481559536354,2016,0.5503969208563868
KwaZulu-Natal,Ward 52201007,KZN221,3962,0.7130237253912166,False,8.284504227258497,0.6725112575315495,0.007787610619469027,2016,0.5441092771770063
KwaZulu-Natal,Ward 52201008,KZN221,4041,0.6676565206632021,False,8.304247465078474,0.6760010425106275,0.008524833209785025,2016,0.5392572944297083
KwaZulu-Natal,Ward 52201009,KZN221,4094,0.6939423546653639,False,8.317277766221235,0.6739790552796922,0.021471312917986624,2016,0.4192962542565266
KwaZulu-Natal,Ward 52201010,KZN221,4439,0.6530750168956972,False,8.398184404834035,0.6771226966465895,0.018972059330803724,2016,0.5806265615990774
KwaZulu-Natal,Ward 52201011,KZN221,4173,0.7174694464414091,False,8.336390480591552,0.6721692789892271,0.026386105544422177,2016,0.5795019157088123
KwaZulu-Natal,Ward 52201012,KZN221,3877,0.6982202734072737,False,8.262816937670928,0.6736499846072376,0.01625415589213151,2016,0.5562582345191041
KwaZulu-Natal,Ward 52201013,KZN221,3649,0.6694984927377363,False,8.202208436436448,0.6758593523510481,0.01882930822758903,2016,0.4684375892602114
KwaZulu-Natal,Ward 52201014,KZN221,2834,0.6482004234297812,False,7.949444420250626,0.6774976653747369,0.029940119760479042,2016,0.4371345029239766
KwaZulu-Natal,Ward 52202001,KZN222,3864,0.6040372670807453,False,8.259458195332408,0.6862126706144122,0.022279348757497857,2016,0.5226960110041265
KwaZulu-Natal,Ward 52202002,KZN222,3717,0.6537530266343826,False,8.220672170297252,0.681693056109536,0.004526748971193415,2016,0.5981050138176076
KwaZulu-Natal,Ward 52202003,KZN222,3572,0.6262597984322509,False,8.18088094199639,0.684192440491548,0.007152436298614216,2016,0.4816502151354087
KwaZulu-Natal,Ward 52202004,KZN222,3689,0.6156139875304961,False,8.213110697596676,0.6851602414826167,0.004403346543372964,2016,0.5554631170271769
KwaZulu-Natal,Ward 52202005,KZN222,3327,0.7911030958821761,False,8.109826276018477,0.6692066861779185,0.004179331306990881,2016,0.7425890381744509
KwaZulu-Natal,Ward 52202006,KZN222,5000,0.7648,False,8.517193191416238,0.6715978767126617,0.007322175732217573,2016,0.6240552796372274
KwaZulu-Natal,Ward 52202007,KZN222,4292,0.7378844361602982,False,8.36450810375059,0.6740447461526347,0.00473634354278497,2016,0.6244787322768974
KwaZulu-Natal,Ward 52202008,KZN222,5690,0.6576449912126537,False,8.646465527120377,0.681339241147875,0.004810261892036344,2016,0.5754475703324808
KwaZulu-Natal,Ward 52202009,KZN222,5221,0.66289982761923,False,8.560444233410552,0.6808615287472771,0.01762496388327073,2016,0.5257847533632287
KwaZulu-Natal,Ward 52202010,KZN222,3699,0.6896458502297919,False,8.215817791832453,0.678430072146317,0.001960015680125441,2016,0.4987503471257984
KwaZulu-Natal,Ward 52202011,KZN222,4275,0.6783625730994152,False,8.360539381370861,0.6794558246127149,0.007241379310344828,2016,0.546242774566474
KwaZulu-Natal,Ward 52202012,KZN222,5218,0.6703717899578383,False,8.559869465696673,0.6801822594437673,0.01400800457404231,2016,0.6036363636363636
KwaZulu-Natal,Ward 52203001,KZN223,2846,0.640196767392832,False,7.953669778649798,0.6343275604137847,0.0060373216245883645,2016,0.4507589128132721
KwaZulu-Natal,Ward 52203002,KZN223,2662,0.5950413223140496,False,7.8868329989550565,0.6456164216834803,0.013257575757575758,2016,0.4853911404335532
KwaZulu-Natal,Ward 52203003,KZN223,3351,0.6574156968069234,False,8.11701408773731,0.6300228280602618,0.008624602814344077,2016,0.5420865441612329
KwaZulu-Natal,Ward 52203004,KZN223,3320,0.6650602409638554,False,8.107720061910534,0.6281116920210288,0.02355072463768116,2016,0.5092202318229716
KwaZulu-Natal,Ward 52203005,KZN223,3961,0.6197929815703105,False,8.284251797621916,0.639428506869415,0.004887983706720978,2016,0.4871580122836404
KwaZulu-Natal,Ward 52204001,KZN224,3895,0.7193838254172016,False,8.267448958304849,0.6759869331611373,0.019628836545324768,2016,0.5689272503082614
KwaZulu-Natal,Ward 52204002,KZN224,4401,0.6705294251306522,False,8.38958706681109,0.6922717332566539,0.018298881735005084,2016,0.5762859633827376
KwaZulu-Natal,Ward 52204003,KZN224,4059,0.6649421039664942,False,8.308691916838898,0.6941341736447066,0.01593182660244535,2016,0.5373847729600546
KwaZulu-Natal,Ward 52204004,KZN224,4660,0.6924892703862661,False,8.446770727119691,0.684951784838116,0.015184381778741865,2016,0.5494890510948905
KwaZulu-Natal,Ward 52205001,KZN225,10643,0.703279150615428,False,9.272657678041044,0.6658350475169249,0.014428857715430862,2016,0.5684523809523809
KwaZulu-Natal,Ward 52205002,KZN225,9897,0.7154693341416591,False,9.199986959896691,0.6655142532136031,0.033187402909193614,2016,0.5588844401491095
KwaZulu-Natal,Ward 52205003,KZN225,9795,0.7685553854007147,False,9.189627330378642,0.6641172518646806,0.022316684378320937,2016,0.5911799761620977
KwaZulu-Natal,Ward 52205004,KZN225,9666,0.7244982412580178,False,9.17636985240503,0.6652766503947515,0.014422390404112523,2016,0.5391660970608338
KwaZulu-Natal,Ward 52205005,KZN225,9297,0.7637947725072604,False,9.137447046455858,0.6642425311513505,0.019293057315871005,2016,0.5476699444206926
KwaZulu-Natal,Ward 52205006,KZN225,8121,0.7319295653244674,False,9.002208578282412,0.6650810892351081,0.023721399730820995,2016,0.5299228980540938
KwaZulu-Natal,Ward 52205007,KZN225,7778,0.7309076883517613,False,8.959054514715692,0.6651079807343899,0.027264731750219876,2016,0.6110822060353798
KwaZulu-Natal,Ward 52205008,KZN225,7710,0.716083009079118,False,8.950273466557375,0.6654981038731437,0.03459518203224054,2016,0.5506915536457634
KwaZulu-Natal,Ward 52205009,KZN225,8373,0.7168278991998089,False,9.032767522204432,0.6654785015015465,0.026491169610129955,2016,0.5295994328252392
KwaZulu-Natal,Ward 52205010,KZN225,7639,0.7230003927215604,False,8.94102198354136,0.6653160674615005,0.03530689842476915,2016,0.4782843999458801
KwaZulu-Natal,Ward 52205011,KZN225,9330,0.7054662379421222,False,9.140990293841389,0.6657774925872751,0.045882710422364026,2016,0.5076169170128901
KwaZulu-Natal,Ward 52205012,KZN225,7239,0.6654234010222406,False,8.88723835429314,0.6668312514535878,0.04297280465019722,2016,0.4769415853495522
KwaZulu-Natal,Ward 52205013,KZN225,12067,0.6497058092317892,False,9.3982297330736,0.6672448722901786,0.02308673469387755,2016,0.4339643407440017
KwaZulu-Natal,Ward 52205014,KZN225,8071,0.7267996530789246,False,8.996032669324372,0.6652160869257804,0.009376065461984317,2016,0.4724689165186501
KwaZulu-Natal,Ward 52205015,KZN225,10693,0.6782942111661835,False,9.277344600756656,0.6664925459234841,0.023576451123672963,2016,0.4251813598917988
KwaZulu-Natal,Ward 52205016,KZN225,8098,0.6727587058532971,False,8.999372396592106,0.6666382171159284,0.021108663729809105,2016,0.416170320618426
KwaZulu-Natal,Ward 52205017,KZN225,9877,0.683608383112281,False,9.197964100908127,0.6663526992933235,0.020734597156398103,2016,0.4059345737565365
KwaZulu-Natal,Ward 52205018,KZN225,8943,0.6885832494688583,False,9.09862638234618,0.6662217817576241,0.02890548879506333,2016,0.4725341796875
KwaZulu-Natal,Ward 52205019,KZN225,9257,0.6519390731338447,False,9.133135301067211,0.6671861021874929,0.00927920463960232,2016,0.4195859872611465
KwaZulu-Natal,Ward 52205020,KZN225,7675,0.6874267100977198,False,8.945723572455398,0.666252217004233,0.025018953752843062,2016,0.4698166242805515
KwaZulu-Natal,Ward 52205021,KZN225,7931,0.6593115622241836,False,8.97853441008332,0.6669920893166946,0.01128322815069803,2016,0.5111368610789236
KwaZulu-Natal,Ward 52205022,KZN225,8610,0.6886178861788618,False,9.060679597421776,0.6662208702652557,0.00927643784786642,2016,0.4350282485875706
KwaZulu-Natal,Ward 52205023,KZN225,8189,0.5598974233728172,False,9.010547069270189,0.6696082508654148,0.01984732824427481,2016,0.4390600267868014
KwaZulu-Natal,Ward 52205024,KZN225,9408,0.5766369047619048,False,9.149315670138408,0.6691677381972808,0.005161290322580645,2016,0.366535654126895
KwaZulu-Natal,Ward 52205025,KZN225,8037,0.6873211397287545,False,8.991811158212718,0.6662549951718374,0.002896451846488052,2016,0.5587698722960647
KwaZulu-Natal,Ward 52205026,KZN225,8936,0.6605863921217547,False,9.097843340749037,0.6669585411614953,0.0042351346772827375,2016,0.519433465085639
KwaZulu-Natal,Ward 52205027,KZN225,7300,0.4965753424657534,False,8.895629627136483,0.6712746214156006,0.006344827586206896,2016,0.3188322839152833
KwaZulu-Natal,Ward 52205028,KZN225,9157,0.596592770558043,False,9.122273893107732,0.6686425838342246,0.012081274025260845,2016,0.4488908705829896
KwaZulu-Natal,Ward 52205029,KZN225,9721,0.6295648595823475,False,9.18204377282107,0.6677748972809534,0.024019607843137256,2016,0.4796871351856175
KwaZulu-Natal,Ward 52205030,KZN225,10402,0.6506441069025187,False,9.249753374333018,0.6672201802462121,0.005023640661938535,2016,0.5068193649141073
KwaZulu-Natal,Ward 52205031,KZN225,9128,0.5774539877300614,False,9.119101891541911,0.6691462360139083,0.010813887307911212,2016,0.4242521026296178
KwaZulu-Natal,Ward 52205032,KZN225,9097,0.6362537100142904,False,9.115699967822062,0.6675988749011654,0.019523151347615758,2016,0.4259448416751787
KwaZulu-Natal,Ward 52205033,KZN225,9125,0.529095890410959,False,9.118773178450692,0.6704188175223058,0.011806130903065452,2016,0.3788421852937982
KwaZulu-Natal,Ward 52205034,KZN225,6671,0.6409833608154699,False,8.805525052709516,0.6674744104063975,0.017072029934518243,2016,0.3941855493800769
KwaZulu-Natal,Ward 52205035,KZN225,9479,0.6750712100432535,False,9.156834104453042,0.6665773617425085,0.01468979528051258,2016,0.5176775867661368
KwaZulu-Natal,Ward 52205036,KZN225,7348,0.6261567773543821,False,8.902183446335016,0.6678645836553736,0.006737665724842426,2016,0.3760727552196746
KwaZulu-Natal,Ward 52205037,KZN225,7801,0.6436354313549545,False,8.962007209588313,0.6674046190764111,0.009759012148974308,2016,0.5023708829937203
KwaZulu-Natal,Ward 52205038,KZN225,6957,0.6637918643093287,False,8.847503625923641,0.6668741866302433,0.0205716760502382,2016,0.4801719356627842
KwaZulu-Natal,Ward 52205039,KZN225,7532,0.70246946362188,False,8.926915889777042,0.6658563550693867,0.03005103005103005,2016,0.5397961993941063
KwaZulu-Natal,Ward 52206001,KZN226,5786,0.6790528862772208,False,8.66319648553608,0.6275012641500766,0.01374395520488674,2016,0.5092049362735181
KwaZulu-Natal,Ward 52206002,KZN226,3762,0.7288676236044657,False,8.232706009860976,0.6191988079288692,0.017140773158278628,2016,0.1705533596837944
KwaZulu-Natal,Ward 52206003,KZN226,4527,0.6324276562845151,False,8.417814747435958,0.6352721358155275,0.02619629758994062,2016,0.4551993423756679
KwaZulu-Natal,Ward 52206004,KZN226,3550,0.596338028169014,False,8.174702882469461,0.6412870738347777,0.01747756258856873,2016,0.4890234670704012
KwaZulu-Natal,Ward 52206005,KZN226,4003,0.6632525605795653,False,8.294799358992574,0.6301346517663525,0.017325800376647833,2016,0.1916726489590811
KwaZulu-Natal,Ward 52206006,KZN226,4659,0.6044215496887744,False,8.446556111816797,0.639939820248151,0.013139204545454546,2016,0.5296638845025942
KwaZulu-Natal,Ward 52206007,KZN226,3602,0.5397001665741255,False,8.189244525735901,0.6507267174339258,0.01440329218106996,2016,0.4935339139614674
KwaZulu-Natal,Ward 52207001,KZN227,4153,0.5904165663375873,False,8.331586243630754,0.6025650591307282,0.020799347471451877,2016,0.4580199227485261
KwaZulu-Natal,Ward 52207002,KZN227,4884,0.5657248157248157,False,8.493719835230594,0.6066803508995234,0.022439377488237423,2016,0.4184877199767937
KwaZulu-Natal,Ward 52207003,KZN227,3972,0.6699395770392749,False,8.287025025165063,0.5893112240137802,0.019165727170236752,2016,0.5262810644380911
KwaZulu-Natal,Ward 52207004,KZN227,4423,0.6280804883563192,False,8.394573477868327,0.5962877387942729,0.01655867530597552,2016,0.5265017667844523
KwaZulu-Natal,Ward 52207005,KZN227,4930,0.5795131845841786,False,8.503094267036737,0.604382289422963,0.01960098004900245,2016,0.5353638593622241
KwaZulu-Natal,Ward 52207006,KZN227,4235,0.5877213695395513,False,8.351138607086154,0.6030142585970676,0.011651265568501407,2016,0.5986314299197735
KwaZulu-Natal,Ward 52207007,KZN227,5568,0.5844109195402298,False,8.624791202014256,0.6035660002636211,0.021819299323909035,2016,0.4741035856573705
KwaZulu-Natal,Ward 52305001,KZN235,3922,0.5907700152983172,False,8.274357006756292,0.6007962892127653,0.027190332326283987,2016,0.5562863647862383
KwaZulu-Natal,Ward 52305002,KZN235,4533,0.5784248841826605,False,8.41913925094085,0.6016780842924548,0.031273836765827616,2016,0.601911535896866
KwaZulu-Natal,Ward 52305003,KZN235,3986,0.6081284495735073,False,8.29054350077274,0.5995564010502515,0.036303630363036306,2016,0.598957039980134
KwaZulu-Natal,Ward 52305004,KZN235,3874,0.6004130098089829,False,8.262042843966942,0.6001075038905748,0.02407566638005159,2016,0.5905838910685437
KwaZulu-Natal,Ward 52305005,KZN235,4302,0.5560204556020456,False,8.366835309827675,0.6032784006196418,0.030518394648829432,2016,0.5376658421407691
KwaZulu-Natal,Ward 52305006,KZN235,4271,0.6017326153125732,False,8.359603270841466,0.6000132463546041,0.028793774319066146,2016,0.5157489781197403
KwaZulu-Natal,Ward 52305007,KZN235,4078,0.5841098577734184,False,8.3133619511344,0.6012720147502579,0.0218303946263644,2016,0.459706031424227
KwaZulu-Natal,Ward 52305008,KZN235,4195,0.5845053635280095,False,8.341648618901306,0.6012437643392158,0.024469820554649267,2016,0.5385894086915222
KwaZulu-Natal,Ward 52305009,KZN235,4194,0.5798760133524082,False,8.341410211461865,0.6015744322089016,0.016036184210526317,2016,0.5407582938388625
KwaZulu-Natal,Ward 52305010,KZN235,3963,0.5808730759525612,False,8.284756593190435,0.6015032134517477,0.019113814074717638,2016,0.5424227562530652
KwaZulu-Natal,Ward 52305011,KZN235,3652,0.6144578313253012,False,8.20303024171486,0.5991043023536948,0.035650623885918005,2016,0.5341062280938258
KwaZulu-Natal,Ward 52305012,KZN235,4056,0.6479289940828402,False,8.30795254527102,0.5967135050138708,0.03424657534246575,2016,0.5719990603711534
KwaZulu-Natal,Ward 52305013,KZN235,3636,0.6122112211221122,False,8.19863945529737,0.5992647745110655,0.03863432165318958,2016,0.5561312607944733
KwaZulu-Natal,Ward 52305014,KZN235,4085,0.6372093023255814,False,8.315077007294104,0.5974791972822463,0.03572800614675375,2016,0.6150058616647128
KwaZulu-Natal,Ward 52305015,KZN235,3405,0.6252569750367107,False,8.133000218583613,0.598332934945737,0.03334899013621419,2016,0.5639140271493213
KwaZulu-Natal,Ward 52307001,KZN237,3862,0.6833247022268255,False,8.258940462988459,0.6524096614418594,0.015157256536566882,2016,0.560730351944959
KwaZulu-Natal,Ward 52307002,KZN237,4242,0.6357850070721358,False,8.352790135124629,0.6545705566761635,0.04486466444197256,2016,0.5021286660359509
KwaZulu-Natal,Ward 52307003,KZN237,3841,0.6183285602707628,False,8.253488028345904,0.6553640315307713,0.03873684210526316,2016,0.5136
KwaZulu-Natal,Ward 52307004,KZN237,4159,0.678528492426064,False,8.33302993974291,0.6526276709782576,0.02728561304039688,2016,0.5465171755725191
KwaZulu-Natal,Ward 52307005,KZN237,4055,0.6051787916152898,False,8.307705966549513,0.6559617482878383,0.01915240423797881,2016,0.5390686661404893
KwaZulu-Natal,Ward 52307006,KZN237,4877,0.7108878408857905,False,8.492285555710053,0.6511567915028155,0.022209402942024805,2016,0.6109894921190894
KwaZulu-Natal,Ward 52307007,KZN237,4511,0.6242518288627799,False,8.414274137408396,0.655094792049316,0.008522727272727272,2016,0.476779463243874
KwaZulu-Natal,Ward 52307008,KZN237,4284,0.6739028944911298,False,8.36264243156764,0.6528379254298455,0.027364045722202978,2016,0.5691954022988506
KwaZulu-Natal,Ward 52307009,KZN237,4537,0.6828300639188891,False,8.420021279663963,0.6524321450013111,0.012588766946417043,2016,0.5414867015230734
KwaZulu-Natal,Ward 52307010,KZN237,4567,0.5537552003503394,False,8.426611813185,0.6582991842544269,0.013444049031237644,2016,0.4366733916162295
KwaZulu-Natal,Ward 52307011,KZN237,4710,0.6036093418259023,False,8.457443187010464,0.6560330869146287,0.021807949349278932,2016,0.4975518768943809
KwaZulu-Natal,Ward 52307012,KZN237,3963,0.6187231895029018,False,8.284756593190435,0.6553460938384014,0.04608482871125612,2016,0.5137993293783853
KwaZulu-Natal,Ward 52307013,KZN237,4529,0.6798410245087215,False,8.418256443556213,0.6525680104290459,0.015264696329977265,2016,0.5812818806830783
KwaZulu-Natal,Ward 52307014,KZN237,3341,0.6542951212211913,False,8.114025442356757,0.6537291878512064,0.021043000914913082,2016,0.5605058924978442
KwaZulu-Natal,Ward 52307015,KZN237,3950,0.6739240506329114,False,8.281470857895167,0.6528369637870374,0.022163786626596543,2016,0.6015850144092219
KwaZulu-Natal,Ward 52307016,KZN237,4564,0.6279579316389132,False,8.425954710981966,0.654926332832219,0.011514305652477321,2016,0.5123644251626898
KwaZulu-Natal,Ward 52307017,KZN237,3887,0.6413686647800361,False,8.265392930852224,0.6543167540530771,0.009225832330525471,2016,0.5315136476426799
KwaZulu-Natal,Ward 52307018,KZN237,4431,0.6461295418641391,False,8.39638057119949,0.6541003505492542,0.015019210618232623,2016,0.5334190231362468
KwaZulu-Natal,Ward 52307019,KZN237,3732,0.6414790996784566,False,8.224699561967235,0.654311734284967,0.01796157059314954,2016,0.507278020378457
KwaZulu-Natal,Ward 52307020,KZN237,3905,0.6637644046094751,False,8.270013062273787,0.6532987658790117,0.013888888888888888,2016,0.6254722072315164
KwaZulu-Natal,Ward 52307021,KZN237,3984,0.7432228915662651,False,8.290041618704489,0.6496870164718849,0.00911854103343465,2016,0.6441650121332451
KwaZulu-Natal,Ward 52307022,KZN237,4451,0.7414064255223545,False,8.400884069015854,0.6497695831102445,0.014545454545454545,2016,0.7012429378531073
KwaZulu-Natal,Ward 52307023,KZN237,4651,0.6338421844764567,False,8.444837529224097,0.6546588667941489,0.008819538670284939,2016,0.5794605809128631
KwaZulu-Natal,Ward 52308001,KZN238,4412,0.6652311876699909,False,8.392083380373393,0.6152385904039687,0.016354344122657582,2016,0.5554481758878956
KwaZulu-Natal,Ward 52308002,KZN238,4222,0.6049265750828992,False,8.348064228408266,0.6169615793350285,0.01331245105716523,2016,0.4884551297310164
KwaZulu-Natal,Ward 52308003,KZN238,4977,0.6132208157524613,False,8.512582578858554,0.6167246010301838,0.01507208387942333,2016,0.4734319649927068
KwaZulu-Natal,Ward 52308004,KZN238,3672,0.6748366013071896,False,8.20849175174038,0.6149641500143345,0.014527845036319613,2016,0.5435927442949093
KwaZulu-Natal,Ward 52308005,KZN238,4321,0.7007637121036797,False,8.371242135931933,0.614223375420149,0.003632760898282695,2016,0.5722933643771828
KwaZulu-Natal,Ward 52308006,KZN238,4527,0.6465650541197261,False,8.417814747435958,0.6157719085054049,0.01400751622822002,2016,0.5012809564474808
KwaZulu-Natal,Ward 52308007,KZN238,5314,0.6142265713210388,False,8.57810012631976,0.616695865156796,0.03002450980392157,2016,0.5125858123569794
KwaZulu-Natal,Ward 52308008,KZN238,3704,0.6042116630669546,False,8.21716859576607,0.6169820053926269,0.002680965147453083,2016,0.4777337951509154
KwaZulu-Natal,Ward 52308009,KZN238,4909,0.6659197392544306,False,8.498825534058053,0.6152189175015561,0.014071581523401652,2016,0.4973404255319149
KwaZulu-Natal,Ward 52308010,KZN238,4259,0.5550598732096736,False,8.356789669923213,0.618386342245692,0.0071912013536379014,2016,0.3890171927123428
KwaZulu-Natal,Ward 52308011,KZN238,5043,0.6083680348998612,False,8.525756422076725,0.6168632519116867,0.0022816166883963492,2016,0.5186280307510349
KwaZulu-Natal,Ward 52308012,KZN238,5716,0.5169699090272918,False,8.651024539049757,0.6194746269366173,0.004399323181049069,2016,0.501420087787245
KwaZulu-Natal,Ward 52308013,KZN238,3995,0.6087609511889862,False,8.292798858200374,0.6168520257319974,0.004934210526315789,2016,0.4893786510886883
KwaZulu-Natal,Ward 52308014,KZN238,4526,0.652673442333186,False,8.417593826193484,0.6155973831278775,0.015233581584292485,2016,0.6142536755544481
KwaZulu-Natal,Ward 52308015,KZN238,4242,0.635077793493635,False,8.352790135124629,0.6161001159518645,0.012249443207126948,2016,0.6442603550295858
KwaZulu-Natal,Ward 52308016,KZN238,4059,0.6545947277654595,False,8.308691916838898,0.615542489258384,0.014301844185171246,2016,0.5685404339250493
KwaZulu-Natal,Ward 52308017,KZN238,4188,0.6470869149952244,False,8.339978571990427,0.6157569981946763,0.012915129151291513,2016,0.6031515151515151
KwaZulu-Natal,Ward 52308018,KZN238,4583,0.6246999781802313,False,8.430109084509125,0.616396624960819,0.025847013622074748,2016,0.5428497676819825
KwaZulu-Natal,Ward 52308019,KZN238,4444,0.5976597659765976,False,8.39931015075952,0.6171692024523514,0.022590361445783132,2016,0.5117382025136353
KwaZulu-Natal,Ward 52308020,KZN238,4732,0.6411665257819104,False,8.462103225098277,0.6159261521721996,0.007910349373764008,2016,0.5198870322428807
KwaZulu-Natal,Ward 52308021,KZN238,4508,0.5758651286601597,False,8.413608875159667,0.6177919063756783,0.01810477657935285,2016,0.43077900084674
KwaZulu-Natal,Ward 52308022,KZN238,3144,0.6380407124681934,False,8.053251153549096,0.6160154611240201,0.007976071784646061,2016,0.4103784273736687
KwaZulu-Natal,Ward 52308023,KZN238,4059,0.6462182803646218,False,8.308691916838898,0.6157818163269793,0.01715592832634388,2016,0.6127758420441347
KwaZulu-Natal,Ward 52308024,KZN238,4593,0.578924450250381,False,8.432288684325794,0.6177044971873862,0.028958254983076345,2016,0.533082540385041
KwaZulu-Natal,Ward 52308025,KZN238,3893,0.6511687644490111,False,8.266935347610456,0.6156403739245682,0.011439842209072978,2016,0.5351133049136191
KwaZulu-Natal,Ward 52308026,KZN238,2879,0.6533518582841265,False,7.965198290612176,0.6155779998149935,0.02658160552897395,2016,0.5380663241475946
KwaZulu-Natal,Ward 52308027,KZN238,5387,0.6133283831446074,False,8.591743922680534,0.6167215276761225,0.0211864406779661,2016,0.5643137254901961
KwaZulu-Natal,Ward 52308028,KZN238,5426,0.6481754515296719,False,8.598957493218878,0.615725897150835,0.01194199601933466,2016,0.5828557784145176
KwaZulu-Natal,Ward 52308029,KZN238,5050,0.6675247524752476,False,8.527143522269405,0.6151730599809614,0.0077128448531593,2016,0.6637168141592921
KwaZulu-Natal,Ward 52308030,KZN238,5428,0.6505158437730287,False,8.59932602095476,0.6156590288010247,0.009912206173888417,2016,0.5736247898150373
KwaZulu-Natal,Ward 52308031,KZN238,5060,0.599802371541502,False,8.52912176228151,0.617107985150497,0.013509060955518945,2016,0.5763239875389408
KwaZulu-Natal,Ward 52308032,KZN238,4994,0.5382458950740889,False,8.515992470839718,0.6188667416209945,0.01711309523809524,2016,0.4951517706576728
KwaZulu-Natal,Ward 52308033,KZN238,5496,0.5738719068413392,False,8.611775833902186,0.6178488555705016,0.014267596702599873,2016,0.605422314911366
KwaZulu-Natal,Ward 52308034,KZN238,4609,0.5441527446300716,False,8.435766192720509,0.6186979744908235,0.011562998405103669,2016,0.5275822928490352
KwaZulu-Natal,Ward 52308035,KZN238,5340,0.5822097378277153,False,8.582980931954241,0.6176106318280338,0.012865873271148279,2016,0.5200291332847778
KwaZulu-Natal,Ward 52308036,KZN238,4646,0.5051657339647008,False,8.443761913330354,0.6198118890812627,0.014486578610992756,2016,0.5026690391459074
KwaZulu-Natal,Ward 52401001,KZN241,4232,0.6112948960302458,False,8.350429973538136,0.5801595399247906,0.01662156938538848,2016,0.587775408670931
KwaZulu-Natal,Ward 52401002,KZN241,4083,0.6059270144501592,False,8.314587291319576,0.581054186854805,0.010913500404203719,2016,0.4574468085106383
KwaZulu-Natal,Ward 52401003,KZN241,4259,0.6210378023010096,False,8.356789669923213,0.5785357222129967,0.018525519848771266,2016,0.5807708964919879
KwaZulu-Natal,Ward 52401004,KZN241,4099,0.5393998536228348,False,8.318498320504338,0.5921420469926924,0.009045680687471733,2016,0.4669680984677217
KwaZulu-Natal,Ward 52401005,KZN241,4466,0.590461262875056,False,8.404248432400102,0.5836318121173222,0.018960940462646948,2016,0.4574712643678161
KwaZulu-Natal,Ward 52401006,KZN241,4388,0.5542388331814039,False,8.38662882139512,0.5896688837329309,0.019325657894736843,2016,0.4563492063492063
KwaZulu-Natal,Ward 52401007,KZN241,3534,0.5698924731182796,False,8.170185652879642,0.5870599437434516,0.019860973187686197,2016,0.5081707959936742
KwaZulu-Natal,Ward 52402001,KZN242,4803,0.5975432021653133,False,8.476996001664824,0.5775857152792295,0.01707317073170732,2016,0.6041013268998794
KwaZulu-Natal,Ward 52402002,KZN242,4988,0.621692060946271,False,8.514790306799927,0.5760764116054197,0.025798129635601418,2016,0.5842091080571274
KwaZulu-Natal,Ward 52402003,KZN242,4204,0.5599429115128449,False,8.343791731996841,0.5799357334450088,0.02506372132540357,2016,0.5513490901485045
KwaZulu-Natal,Ward 52402004,KZN242,4249,0.5307131089668157,False,8.354438940114811,0.5817625961041356,0.016851441241685146,2016,0.4951267056530214
KwaZulu-Natal,Ward 52402005,KZN242,3948,0.5815602836879432,False,8.280964400553373,0.5785846476840651,0.02003484320557491,2016,0.4594530321046373
KwaZulu-Natal,Ward 52402006,KZN242,4430,0.5957110609480812,False,8.39615486303918,0.5777002241053065,0.013262599469496022,2016,0.5103851146689745
KwaZulu-Natal,Ward 52402007,KZN242,3900,0.5505128205128205,False,8.268731832117737,0.5805251141325104,0.02608290638099674,2016,0.5257343710770775
KwaZulu-Natal,Ward 52402008,KZN242,4269,0.5947528695244788,False,8.359134886757962,0.5777601110692817,0.019692792437967704,2016,0.5185631629701061
KwaZulu-Natal,Ward 52402009,KZN242,4581,0.5402750491159135,False,8.429672593886743,0.581164974844817,0.019797979797979797,2016,0.4583670169765562
KwaZulu-Natal,Ward 52402010,KZN242,5048,0.6253961965134707,False,8.52674740422105,0.5758449031324697,0.03579347481786506,2016,0.544891640866873
KwaZulu-Natal,Ward 52402011,KZN242,5081,0.6217280062979729,False,8.533263371593732,0.5760741650209383,0.012345679012345678,2016,0.5519858335441437
KwaZulu-Natal,Ward 52402012,KZN242,4822,0.5694732476150974,False,8.480944058741116,0.5793400874386181,0.03241077931536781,2016,0.5488551348900476
KwaZulu-Natal,Ward 52402013,KZN242,4789,0.5790352892044268,False,8.47407690034261,0.578742459839285,0.011179228272628922,2016,0.5719657405473156
KwaZulu-Natal,Ward 52402014,KZN242,4849,0.5172200453701794,False,8.486527777105353,0.5826059125789255,0.011562998405103669,2016,0.5282613880276652
KwaZulu-Natal,Ward 52402015,KZN242,4980,0.5716867469879519,False,8.513185170018698,0.5792017437278146,0.007024938531787847,2016,0.5365025466893039
KwaZulu-Natal,Ward 52402016,KZN242,4032,0.5892857142857143,False,8.302017809751204,0.5781018082717045,0.015151515151515152,2016,0.539453880885831
KwaZulu-Natal,Ward 52402017,KZN242,4124,0.5923860329776915,False,8.32457884513685,0.5779080383534559,0.024150634465820713,2016,0.5219211822660098
KwaZulu-Natal,Ward 52404001,KZN244,5206,0.6052631578947368,False,8.55756708555451,0.6772263574854587,0.02126309108219613,2016,0.5316703350452433
KwaZulu-Natal,Ward 52404002,KZN244,5090,0.637721021611002,False,8.53503310954457,0.6753170713845019,0.021565003080714726,2016,0.5285292111843601
KwaZulu-Natal,Ward 52404003,KZN244,4873,0.6944387441001436,False,8.491465042843506,0.6719807347674935,0.014184397163120567,2016,0.610989448536731
KwaZulu-Natal,Ward 52404004,KZN244,5438,0.6908789996322178,False,8.601166625192416,0.6721901315009009,0.007985094490284802,2016,0.5519137703475583
KwaZulu-Natal,Ward 52404005,KZN244,5154,0.6901435778036477,False,8.54752839121231,0.672233391608464,0.013775653640708463,2016,0.5955085865257596
KwaZulu-Natal,Ward 52404006,KZN244,4893,0.7059063968935213,False,8.495560891289124,0.6713061669561184,0.011580775911986103,2016,0.545612295488349
KwaZulu-Natal,Ward 52404007,KZN244,4994,0.6806167400881057,False,8.515992470839718,0.6727937938270252,0.00264783759929391,2016,0.5496351978775149
KwaZulu-Natal,Ward 52404008,KZN244,4643,0.7243161748869266,False,8.443115988019922,0.6702232388388593,0.013380909901873328,2016,0.5928538916704598
KwaZulu-Natal,Ward 52404009,KZN244,4004,0.6650849150849151,False,8.295049140435111,0.6737074305919188,0.00976342470897484,2016,0.5460992907801419
KwaZulu-Natal,Ward 52404010,KZN244,5235,0.7104106972301815,False,8.563122123304638,0.6710412081127854,0.011831137402527562,2016,0.7371779141104294
KwaZulu-Natal,Ward 52404011,KZN244,4651,0.6751236293270264,False,8.444837529224097,0.6731169179894416,0.018471337579617834,2016,0.6342430604152087
KwaZulu-Natal,Ward 52404012,KZN244,4466,0.6065830721003135,False,8.404248432400102,0.6771487154733659,0.014027316352897749,2016,0.6137115839243499
KwaZulu-Natal,Ward 52404013,KZN244,4079,0.7232164746261338,False,8.313607139317558,0.6702879270894941,0.01423728813559322,2016,0.579010279703562
KwaZulu-Natal,Ward 52404014,KZN244,4966,0.6941200161095449,False,8.510369966068112,0.6719994834728229,0.011314186248912098,2016,0.5926227285055601
KwaZulu-Natal,Ward 52404015,KZN244,4103,0.6707287350718986,False,8.319473692442186,0.6733754411809197,0.014898255813953489,2016,0.6395377428079666
KwaZulu-Natal,Ward 52404016,KZN244,4119,0.6542850206360767,False,8.323365694436081,0.674342718500674,0.008534322820037106,2016,0.5353562005277045
KwaZulu-Natal,Ward 52404017,KZN244,5173,0.646433404214189,False,8.551208070003515,0.6748045782901968,0.016148325358851676,2016,0.5465414175918019
KwaZulu-Natal,Ward 52404018,KZN244,4281,0.642840457836954,False,8.361941906144946,0.675015928077093,0.019258720930232558,2016,0.5178528636472561
KwaZulu-Natal,Ward 52405001,KZN245,4624,0.6474913494809689,False,8.439015410352214,0.6444614503227396,0.02738810955243821,2016,0.5727728983688833
KwaZulu-Natal,Ward 52405002,KZN245,3815,0.6500655307994757,False,8.246695943718557,0.6442634363751623,0.014112903225806451,2016,0.5191591271953166
KwaZulu-Natal,Ward 52405003,KZN245,3674,0.6728361458900382,False,8.20903626577507,0.6425118505989651,0.02063106796116505,2016,0.6242090784044017
KwaZulu-Natal,Ward 52405004,KZN245,3920,0.6326530612244898,False,8.273846932784508,0.6456028571116996,0.010483870967741936,2016,0.5402248181617809
KwaZulu-Natal,Ward 52405005,KZN245,4733,0.6125079230931756,False,8.462314529906248,0.6471524831218006,0.0075888237323214905,2016,0.5459653854798832
KwaZulu-Natal,Ward 52405006,KZN245,4458,0.6112606550022431,False,8.402455513945814,0.6472484268211033,0.01724770642201835,2016,0.5601273016594681
KwaZulu-Natal,Ward 52405007,KZN245,5185,0.6817743490838959,False,8.553525120663627,0.6418242965071298,0.016973125884016973,2016,0.5675446049277825
KwaZulu-Natal,Ward 52405008,KZN245,3520,0.7352272727272727,False,8.166216268592143,0.6377125331499471,0.01661514683153014,2016,0.6786324786324787
KwaZulu-Natal,Ward 52405009,KZN245,3742,0.5601282736504543,False,8.227375506834035,0.6511816869250869,0.02433206106870229,2016,0.5380771061399333
KwaZulu-Natal,Ward 52405010,KZN245,3853,0.549961069296652,False,8.256607344626158,0.6519637795676871,0.018876828692779613,2016,0.3973470003014772
KwaZulu-Natal,Ward 52405011,KZN245,4698,0.6977437207322265,False,8.454892165218858,0.6405958833034121,0.025015253203172667,2016,0.5776165347405453
KwaZulu-Natal,Ward 52405012,KZN245,4700,0.6202127659574468,False,8.45531778769815,0.6465598029014721,0.024356775300171527,2016,0.5418173598553345
KwaZulu-Natal,Ward 52405013,KZN245,3479,0.6510491520551883,False,8.154500175151941,0.6441877732016459,0.015011037527593819,2016,0.583263830970253
KwaZulu-Natal,Ward 52405014,KZN245,4149,0.7025789346830562,False,8.330622620332868,0.640223943768733,0.011663807890222984,2016,0.6081202332884702
KwaZulu-Natal,Ward 52502001,KZN252,4733,0.6146207479399958,False,8.462314529906248,0.5882256881921726,0.041595049845307666,2016,0.4392428251577447
KwaZulu-Natal,Ward 52502002,KZN252,4827,0.686554795939507,False,8.481980435660493,0.5860458685558236,0.005431502715751358,2016,0.5535393818544367
KwaZulu-Natal,Ward 52502003,KZN252,4721,0.4316882016521923,False,8.459775920546287,0.5937690986857422,0.010794896957801767,2016,0.4659977703455964
KwaZulu-Natal,Ward 52502004,KZN252,4671,0.5958038963819311,False,8.449128460502108,0.5887958958151441,0.0032339202299676607,2016,0.5051682427974489
KwaZulu-Natal,Ward 52502005,KZN252,6313,0.4691905591636306,False,8.750366278367625,0.5926326636096381,0.00675219446320054,2016,0.3057541709227102
KwaZulu-Natal,Ward 52502006,KZN252,4984,0.6137640449438202,False,8.51398806046729,0.5882516488890263,0.02092186989212161,2016,0.5155777105216308
KwaZulu-Natal,Ward 52502007,KZN252,5834,0.6028453890983888,False,8.671458150427666,0.5885825172479788,0.018197327267557576,2016,0.4056859926529308
KwaZulu-Natal,Ward 52502008,KZN252,4586,0.639337112952464,False,8.43076346341785,0.5874767074342189,0.015006821282401092,2016,0.4904084856691492
KwaZulu-Natal,Ward 52502009,KZN252,5489,0.6390963745673165,False,8.610501368549889,0.5874840025367991,0.012542759407069556,2016,0.4669324152926254
KwaZulu-Natal,Ward 52502010,KZN252,4161,0.6005767844268205,False,8.333510708982942,0.5886512628440869,0.008003201280512205,2016,0.4552556818181818
KwaZulu-Natal,Ward 52502011,KZN252,4708,0.6488954970263382,False,8.457018468380168,0.5871870594319804,0.0075286415711947625,2016,0.4752859917979711
KwaZulu-Natal,Ward 52502012,KZN252,5656,0.6124469589816125,False,8.640472207576408,0.5882915605848509,0.00894919168591224,2016,0.5013942140118508
KwaZulu-Natal,Ward 52502013,KZN252,4618,0.6327414465136423,False,8.43771698991444,0.5876765761141832,0.01403148528405202,2016,0.4410399257195914
KwaZulu-Natal,Ward 52502014,KZN252,6758,0.5218999704054454,False,8.818482267274236,0.5910354087235224,0.02211511199319535,2016,0.4875207986688852
KwaZulu-Natal,Ward 52502015,KZN252,5719,0.6125196712712012,False,8.651549243915316,0.5882893571821359,0.01627176705680845,2016,0.5033978044955567
KwaZulu-Natal,Ward 52502016,KZN252,6342,0.6275622831914223,False,8.754949455098293,0.5878335204572808,0.026633165829145728,2016,0.5000911244760342
KwaZulu-Natal,Ward 52502017,KZN252,5311,0.6507249105629825,False,8.577535420422398,0.5871316226581427,0.01880787037037037,2016,0.4952038369304556
KwaZulu-Natal,Ward 52502018,KZN252,5381,0.6076937372235643,False,8.59062950948942,0.5884355976078219,0.01620795107033639,2016,0.5429045643153527
KwaZulu-Natal,Ward 52502019,KZN252,5948,0.6064223268325487,False,8.690810307580046,0.5884741251954285,0.019129470474078182,2016,0.4602795772246846
KwaZulu-Natal,Ward 52502020,KZN252,4565,0.5986856516976999,False,8.426173793029069,0.5887085698964845,0.020490303695572632,2016,0.4569964349376114
KwaZulu-Natal,Ward 52502021,KZN252,4750,0.6077894736842105,False,8.465899897028686,0.5884326965029539,0.02390024246622792,2016,0.4908982983775227
KwaZulu-Natal,Ward 52502022,KZN252,5605,0.4371097234611953,False,8.63141433550626,0.5936048101460756,0.022448979591836733,2016,0.3758892520669102
KwaZulu-Natal,Ward 52502023,KZN252,5548,0.5948089401586157,False,8.621192781434722,0.5888260460037296,0.020303030303030302,2016,0.4311219314262527
KwaZulu-Natal,Ward 52502024,KZN252,5572,0.5757358219669777,False,8.625509334899697,0.589404019282264,0.016209476309226933,2016,0.3870858113848768
KwaZulu-Natal,Ward 52502025,KZN252,4850,0.554639175257732,False,8.48673398393153,0.5900433116067865,0.008178438661710037,2016,0.4535043518094365
KwaZulu-Natal,Ward 52502026,KZN252,6001,0.549408431928012,False,8.699681400989514,0.5902018189804145,0.012738853503184714,2016,0.3777068994460298
KwaZulu-Natal,Ward 52502027,KZN252,6130,0.5858075040783034,False,8.720950028930258,0.589098816794042,0.023113338902812586,2016,0.4260854874134144
KwaZulu-Natal,Ward 52502028,KZN252,5793,0.5194199896426722,False,8.664405571096625,0.5911105596557278,0.012296444001329345,2016,0.393070044709389
KwaZulu-Natal,Ward 52502029,KZN252,5602,0.6067475901463762,False,8.630878955820053,0.5884642687313731,0.01588702559576346,2016,0.4576208178438661
KwaZulu-Natal,Ward 52502030,KZN252,4843,0.6211026223415238,False,8.48528964240323,0.5880292677557626,0.02726063829787234,2016,0.4673505622410732
KwaZulu-Natal,Ward 52502031,KZN252,5245,0.5773117254528122,False,8.565030520830398,0.5893562646311781,0.03830911492734478,2016,0.4359221429947967
KwaZulu-Natal,Ward 52502032,KZN252,6386,0.6139993736298153,False,8.761863373274727,0.5882445177167234,0.019637847487885742,2016,0.4526089828269485
KwaZulu-Natal,Ward 52502033,KZN252,6065,0.5609233305853256,False,8.71028982137815,0.5898528826574656,0.01646090534979424,2016,0.4575819350791908
KwaZulu-Natal,Ward 52502034,KZN252,5638,0.6081943951755941,False,8.637284671674058,0.5884204261547301,0.009332166812481774,2016,0.4698878343399482
KwaZulu-Natal,Ward 52503001,KZN253,2381,0.621167576648467,False,7.7752758464868625,0.6475971104604488,0.027721433400946585,2016,0.4935587761674718
KwaZulu-Natal,Ward 52503002,KZN253,3004,0.5732356857523302,False,8.007700012884026,0.6571834886396761,0.009291521486643438,2016,0.5056053811659192
KwaZulu-Natal,Ward 52503003,KZN253,2117,0.6381672177609825,False,7.6577552711348655,0.6441971822379455,0.017024426350851222,2016,0.5439238653001464
KwaZulu-Natal,Ward 52503004,KZN253,2303,0.7116804168475901,False,7.741967899820685,0.6294945424206241,0.036607687614399025,2016,0.5501376327172631
KwaZulu-Natal,Ward 52503005,KZN253,2588,0.6564914992272025,False,7.858640655620791,0.6405323259447016,0.01942319011183049,2016,0.6383243467440896
KwaZulu-Natal,Ward 52503006,KZN253,1938,0.6584107327141383,False,7.569411792450712,0.6401484792473144,0.03918495297805643,2016,0.5218591808559595
KwaZulu-Natal,Ward 52504001,KZN254,3889,0.6122396502957058,False,8.265907334155747,0.5872316401213528,0.02141957160856783,2016,0.4113545816733068
KwaZulu-Natal,Ward 52504002,KZN254,4569,0.6053841103086014,False,8.427049641563272,0.5878029351202781,0.01012292118582791,2016,0.486228342958685
KwaZulu-Natal,Ward 52504003,KZN254,3648,0.6022478070175439,False,8.201934351194222,0.5880642937278663,0.005006827492034593,2016,0.5462662337662337
KwaZulu-Natal,Ward 52504004,KZN254,3758,0.548962213943587,False,8.231642179973411,0.5925047598173626,0.0116335433834222,2016,0.3944795859689476
KwaZulu-Natal,Ward 52504005,KZN254,3470,0.6002881844380403,False,8.151909872940905,0.5882275956094914,0.01872299567930869,2016,0.5318452380952381
KwaZulu-Natal,Ward 52504006,KZN254,3617,0.5734033729610174,False,8.193400231952097,0.5904679965659101,0.011571841851494697,2016,0.471286060932866
KwaZulu-Natal,Ward 52504007,KZN254,3943,0.5541465888917069,False,8.279697133877628,0.5920727285716859,0.035697940503432495,2016,0.4881443298969072
KwaZulu-Natal,Ward 52504008,KZN254,4037,0.6029229625959871,False,8.30325712085294,0.5880080307629959,0.021774856203779787,2016,0.4886306215260232
KwaZulu-Natal,Ward 52504009,KZN254,4225,0.6101775147928994,False,8.348774539791274,0.5874034847465867,0.009309542280837859,2016,0.4979647218453188
KwaZulu-Natal,Ward 52504010,KZN254,4137,0.6166304085085811,False,8.327726166461412,0.5868657436036131,0.04155233241865935,2016,0.4275414563806777
KwaZulu-Natal,Ward 52504011,KZN254,4077,0.5778758891341673,False,8.313116702819253,0.5900952868848143,0.02164685908319185,2016,0.5090316106372303
KwaZulu-Natal,Ward 52504012,KZN254,3849,0.5923616523772408,False,8.255568653283746,0.5888881399478915,0.0206140350877193,2016,0.4899789029535865
KwaZulu-Natal,Ward 52504013,KZN254,3615,0.5623789764868603,False,8.192847134592865,0.5913866962720898,0.014756517461878997,2016,0.4786931818181818
KwaZulu-Natal,Ward 52601001,KZN261,5005,0.635964035964036,False,8.518192691749322,0.5993040237862965,0.0235626767200754,2016,0.6504088785046729
KwaZulu-Natal,Ward 52601002,KZN261,5000,0.571,False,8.517193191416238,0.6085846003525874,0.011208406304728547,2016,0.5607968857339134
KwaZulu-Natal,Ward 52601003,KZN261,5292,0.6158352229780801,False,8.573951525234847,0.6021795684985759,0.00736422215403498,2016,0.5384250474383302
KwaZulu-Natal,Ward 52601004,KZN261,5451,0.6301596037424326,False,8.603554357064281,0.6001332283893827,0.01106259097525473,2016,0.5293701344656758
KwaZulu-Natal,Ward 52601005,KZN261,4160,0.588701923076923,False,8.333270353255308,0.6060557541987412,0.016741527153940384,2016,0.5891834570519618
KwaZulu-Natal,Ward 52601006,KZN261,4211,0.5799097601519829,False,8.345455428161928,0.6073117774737327,0.013923013923013924,2016,0.5767158585148747
KwaZulu-Natal,Ward 52601007,KZN261,3840,0.58828125,False,8.253227645581772,0.6061158503525874,0.01859229747675963,2016,0.5265853658536586
KwaZulu-Natal,Ward 52601008,KZN261,4821,0.6212404065546567,False,8.480736654405622,0.6014073994162078,0.014023372287145243,2016,0.6093139988845511
KwaZulu-Natal,Ward 52602001,KZN262,3632,0.6437224669603524,False,8.197538739721184,0.5856369880960862,0.027801539777587682,2016,0.5582635186595583
KwaZulu-Natal,Ward 52602002,KZN262,4112,0.5690661478599222,False,8.321664807135,0.5909695823175455,0.011111111111111112,2016,0.522722029988466
KwaZulu-Natal,Ward 52602003,KZN262,4035,0.5789343246592317,False,8.302761580704049,0.5902647125461663,0.03424657534246575,2016,0.5682492581602374
KwaZulu-Natal,Ward 52602004,KZN262,4429,0.6326484533754798,False,8.395929103923198,0.5864279890664343,0.0053533190578158455,2016,0.5333465660976578
KwaZulu-Natal,Ward 52602005,KZN262,3339,0.564240790655885,False,8.113426639943654,0.5913142506892625,0.024946921443736732,2016,0.5401617250673855
KwaZulu-Natal,Ward 52602006,KZN262,4389,0.6545910230120756,False,8.386856689688234,0.5848606626638203,0.012878524190741385,2016,0.6355507088331516
KwaZulu-Natal,Ward 52602007,KZN262,3890,0.4681233933161953,False,8.266164436612492,0.5981797790706688,0.022515101592531575,2016,0.4998876151944257
KwaZulu-Natal,Ward 52602008,KZN262,3706,0.6308688613059903,False,8.217708406845306,0.5865551027856836,0.00855431993156544,2016,0.538365408647838
KwaZulu-Natal,Ward 52602009,KZN262,4758,0.5519125683060109,False,8.467582690862903,0.5921948379999679,0.008758568164508759,2016,0.5076530612244898
KwaZulu-Natal,Ward 52602010,KZN262,4704,0.5809948979591837,False,8.456168489578463,0.5901175287390269,0.01756311745334797,2016,0.5591489361702128
KwaZulu-Natal,Ward 52602011,KZN262,4028,0.5980635551142006,False,8.301025253838453,0.58889833894224,0.017019510170195103,2016,0.5901972747610331
KwaZulu-Natal,Ward 52602012,KZN262,3814,0.5471945464079706,False,8.246433786160365,0.5925318395641135,0.03258265452803066,2016,0.5163265306122449
KwaZulu-Natal,Ward 52602013,KZN262,3948,0.6339918946301925,False,8.280964400553373,0.5863320289768119,0.011586096683979225,2016,0.4943554738776581
KwaZulu-Natal,Ward 52602014,KZN262,3909,0.5740598618572524,False,8.271036865792954,0.5906128884605933,0.03074866310160428,2016,0.5073564309444708
KwaZulu-Natal,Ward 52602015,KZN262,3191,0.6142275148856158,False,8.068089626278244,0.5877437703871388,0.03010204081632653,2016,0.5757299270072993
KwaZulu-Natal,Ward 52603001,KZN263,4816,0.5404900332225914,False,8.479698986988657,0.5606266132427111,0.012293507491356128,2016,0.4698284988354859
KwaZulu-Natal,Ward 52603002,KZN263,4650,0.5744086021505377,False,8.444622498581403,0.5590114432937613,0.017222014226881317,2016,0.4690841469084147
KwaZulu-Natal,Ward 52603003,KZN263,4590,0.5727668845315904,False,8.431635303054591,0.559089620323235,0.013313046785850133,2016,0.4778240627297231
KwaZulu-Natal,Ward 52603004,KZN263,4499,0.6459213158479662,False,8.411610428841172,0.555606075974836,0.007570543702684102,2016,0.5293151969981238
KwaZulu-Natal,Ward 52603005,KZN263,5213,0.6146173028966047,False,8.558910784768106,0.5570967432582342,0.009987515605493134,2016,0.4391951006124234
KwaZulu-Natal,Ward 52603006,KZN263,5151,0.5659095321296835,False,8.546946149565585,0.5594161609138019,0.022984562607204117,2016,0.5402083889927866
KwaZulu-Natal,Ward 52603007,KZN263,4766,0.5818296265211917,False,8.469262657658687,0.5586580611808729,0.016588532275513886,2016,0.4539170506912442
KwaZulu-Natal,Ward 52603008,KZN263,5082,0.5432900432900433,False,8.53346016388011,0.5604932794299753,0.005432814197754437,2016,0.4441391941391941
KwaZulu-Natal,Ward 52603009,KZN263,4367,0.5555301122051752,False,8.381831553485561,0.5599104190054451,0.004534212695795548,2016,0.4749346638156331
KwaZulu-Natal,Ward 52603010,KZN263,4084,0.5164054848188051,False,8.314832179284556,0.5617734965000343,0.006638217164532954,2016,0.4057206331574562
KwaZulu-Natal,Ward 52603011,KZN263,3176,0.473551637279597,False,8.063377822367027,0.5638141559066632,0.010638297872340425,2016,0.4242424242424242
KwaZulu-Natal,Ward 52603012,KZN263,4077,0.5764042187883247,False,8.313116702819253,0.5589164139300571,0.007659574468085106,2016,0.5439401255432158
KwaZulu-Natal,Ward 52603013,KZN263,4552,0.546572934973638,False,8.423321975806166,0.560336951254566,0.014469453376205787,2016,0.4282982791586998
KwaZulu-Natal,Ward 52603014,KZN263,4510,0.5798226164079823,False,8.414052432496725,0.5587536330910258,0.035564053537284895,2016,0.5167846540306006
KwaZulu-Natal,Ward 52603015,KZN263,4400,0.5509090909090909,False,8.389359819906353,0.5601304676385921,0.025165016501650164,2016,0.5034780522907172
KwaZulu-Natal,Ward 52603016,KZN263,3941,0.5501141842172037,False,8.279189777195004,0.5601683203382057,0.018911439114391145,2016,0.4414154652686762
KwaZulu-Natal,Ward 52603017,KZN263,4847,0.5966577264287188,False,8.486115235845377,0.5579519611852765,0.01037344398340249,2016,0.5225609756097561
KwaZulu-Natal,Ward 52603018,KZN263,3952,0.5680668016194332,False,8.281977058867758,0.5593134337952423,0.0066815144766146995,2016,0.4686883629191321
KwaZulu-Natal,Ward 52603019,KZN263,4087,0.57058967457793,False,8.315566483564277,0.5591932969876949,0.01072041166380789,2016,0.4938398357289528
KwaZulu-Natal,Ward 52603020,KZN263,4772,0.5027242246437552,False,8.470520783217808,0.5624249850797985,0.010004168403501459,2016,0.3662222222222222
KwaZulu-Natal,Ward 52603021,KZN263,3982,0.5590155700652938,False,8.289539484624141,0.55974444482163,0.014824797843665768,2016,0.5236309077269318
KwaZulu-Natal,Ward 52603022,KZN263,4367,0.5280512937943669,False,8.381831553485561,0.5612189341678646,0.011708586296617519,2016,0.4449464922711058
KwaZulu-Natal,Ward 52605001,KZN265,4779,0.5566017995396526,False,8.471986598578159,0.5769571380785199,0.007894736842105263,2016,0.5463447961739922
KwaZulu-Natal,Ward 52605002,KZN265,4593,0.6200740256912693,False,8.432288684325794,0.5737835267709391,0.01580056179775281,2016,0.5485001094810598
KwaZulu-Natal,Ward 52605003,KZN265,5015,0.6053838484546361,False,8.520188700396035,0.5745180356327707,0.025691699604743084,2016,0.5827522082752208
KwaZulu-Natal,Ward 52605004,KZN265,5538,0.5752979414951246,False,8.619388703730907,0.5760223309807463,0.015065913370998116,2016,0.5192761605035405
KwaZulu-Natal,Ward 52605005,KZN265,4719,0.5605001059546514,False,8.459352191726387,0.57676222275777,0.044234404536862004,2016,0.5590062111801242
KwaZulu-Natal,Ward 52605006,KZN265,4492,0.565227070347284,False,8.410053315858335,0.5765258745381383,0.01339109885781804,2016,0.4679196370706416
KwaZulu-Natal,Ward 52605007,KZN265,4130,0.6046004842615013,False,8.326032685955079,0.5745572038424275,0.012414897877452943,2016,0.5375843611822202
KwaZulu-Natal,Ward 52605008,KZN265,4487,0.5823490082460441,False,8.408939605975984,0.5756697776432003,0.023344814389590508,2016,0.4989770402364173
KwaZulu-Natal,Ward 52605009,KZN265,5211,0.5129533678756477,False,8.558527054909215,0.5791395596617201,0.00935278713056491,2016,0.4013333333333333
KwaZulu-Natal,Ward 52605010,KZN265,4003,0.6245316012990257,False,8.294799358992574,0.5735606479905513,0.0064,2016,0.5674994269997709
KwaZulu-Natal,Ward 52605011,KZN265,4835,0.6045501551189245,False,8.483636407887394,0.5745597202995564,0.01505302771125556,2016,0.5294767056745419
KwaZulu-Natal,Ward 52605012,KZN265,4574,0.6031919545255794,False,8.428143374582726,0.5746276303292236,0.008336353751359188,2016,0.5485956308515382
KwaZulu-Natal,Ward 52605013,KZN265,4196,0.5841277407054337,False,8.341886969516187,0.5755808410202309,0.0,2016,0.5034449988120694
KwaZulu-Natal,Ward 52605014,KZN265,4892,0.6112019623875715,False,8.495356496807062,0.5742271299361239,0.012040133779264214,2016,0.5696428571428571
KwaZulu-Natal,Ward 52605015,KZN265,4397,0.6217875824425745,False,8.388677769180811,0.5736978489333738,0.004023408924652524,2016,0.5097499426473961
KwaZulu-Natal,Ward 52605016,KZN265,4686,0.5309432351685873,False,8.452334619067742,0.5782400662970731,0.00964630225080386,2016,0.5250487963565387
KwaZulu-Natal,Ward 52605017,KZN265,4403,0.598001362707245,False,8.390041405755754,0.5748871599201403,0.0189897455374098,2016,0.5236312587739822
KwaZulu-Natal,Ward 52605018,KZN265,5301,0.6076212035465006,False,8.575650760987806,0.5744061678781776,0.018317292766221672,2016,0.5390957446808511
KwaZulu-Natal,Ward 52605019,KZN265,3115,0.3682182985553772,False,8.043984431221553,0.5863763131277338,0.0017436791630340018,2016,0.2694571615434925
KwaZulu-Natal,Ward 52605020,KZN265,4347,0.5555555555555556,False,8.377241230988792,0.5770094502777248,0.08488612836438923,2016,0.4967507148427346
KwaZulu-Natal,Ward 52605021,KZN265,4494,0.6030262572318648,False,8.410498452745275,0.5746359151939093,0.008856088560885609,2016,0.5149857799168672
KwaZulu-Natal,Ward 52606001,KZN266,3910,0.5910485933503836,False,8.271292652979412,0.5902207231898113,0.01125054089138901,2016,0.4798622151563328
KwaZulu-Natal,Ward 52606002,KZN266,4217,0.6208204884989329,False,8.34687925374656,0.5889262929659613,0.007257448433919022,2016,0.5639754485363551
KwaZulu-Natal,Ward 52606003,KZN266,3498,0.5717552887364208,False,8.159946655578548,0.5910595625208531,0.006,2016,0.5410263844592635
KwaZulu-Natal,Ward 52606004,KZN266,4303,0.6093423193121078,False,8.3670677328386,0.5894253438001711,0.012967200610221205,2016,0.5014485755673588
KwaZulu-Natal,Ward 52606005,KZN266,3977,0.639426703545386,False,8.28828304520769,0.5881173270943764,0.0027526543452615023,2016,0.5764494612621858
KwaZulu-Natal,Ward 52606006,KZN266,4088,0.5885518590998043,False,8.31581113188354,0.59032927685288,0.014546965918536992,2016,0.4296875
KwaZulu-Natal,Ward 52606007,KZN266,3723,0.6107977437550363,False,8.222285073872717,0.5893620644765655,0.018909410729991204,2016,0.492987012987013
KwaZulu-Natal,Ward 52606008,KZN266,3909,0.5771297006907138,False,8.271036865792954,0.5908258924358839,0.016843971631205674,2016,0.5445310654382235
KwaZulu-Natal,Ward 52606009,KZN266,4417,0.6255376952682816,False,8.393216011596527,0.5887211970194679,0.016648570394498734,2016,0.5205957644868513
KwaZulu-Natal,Ward 52606010,KZN266,4095,0.5726495726495726,False,8.31752199628717,0.5910206806115856,0.013219616204690832,2016,0.5180897250361794
KwaZulu-Natal,Ward 52606011,KZN266,3900,0.561025641025641,False,8.268731832117737,0.5915260689430609,0.009140767824497258,2016,0.44313832695462
KwaZulu-Natal,Ward 52606012,KZN266,3783,0.5527359238699445,False,8.23827262463303,0.5918864914280912,0.0014347202295552368,2016,0.4650941148439361
KwaZulu-Natal,Ward 52606013,KZN266,4332,0.5877192982456141,False,8.37378460812088,0.5903654751508881,0.014139827179890024,2016,0.4823882088433674
KwaZulu-Natal,Ward 52606014,KZN266,4317,0.6152420662497105,False,8.370315995555478,0.5891688330637536,0.007153614457831325,2016,0.5836584806059215
KwaZulu-Natal,Ward 52606015,KZN266,4643,0.6601335343527891,False,8.443115988019922,0.5872170301027502,0.01631321370309951,2016,0.5543046357615894
KwaZulu-Natal,Ward 52606016,KZN266,3699,0.5912408759124088,False,8.215817791832453,0.5902123630784188,0.010059442158207591,2016,0.5073509015256588
KwaZulu-Natal,Ward 52606017,KZN266,4297,0.603444263439609,False,8.365672383774996,0.5896817810120188,0.009641342074816815,2016,0.5220921901122522
KwaZulu-Natal,Ward 52606018,KZN266,3756,0.5713525026624068,False,8.231109840328154,0.5910770749588538,0.01537744641192917,2016,0.4510060099294486
KwaZulu-Natal,Ward 52606019,KZN266,3488,0.529243119266055,False,8.15708378502887,0.5929079177152168,0.005958829902491874,2016,0.4180158963791581
KwaZulu-Natal,Ward 52606020,KZN266,3929,0.5657928226011708,False,8.27614021955846,0.5913188001789075,0.007647323436797121,2016,0.4929068867681196
KwaZulu-Natal,Ward 52606021,KZN266,4311,0.6051960102064486,False,8.368925174747135,0.5896056181091128,0.010732081257186662,2016,0.5298813868613139
KwaZulu-Natal,Ward 52606022,KZN266,3747,0.559113957832933,False,8.228710798793687,0.5916091856036134,0.007159904534606206,2016,0.44248486443801
KwaZulu-Natal,Ward 52606023,KZN266,3724,0.5542427497314716,False,8.222553638396958,0.5918209772601987,0.011143410852713179,2016,0.4703459637561779
KwaZulu-Natal,Ward 52606024,KZN266,3485,0.6025824964131994,False,8.156223323194624,0.5897192491436019,0.01619047619047619,2016,0.5502661147250147
KwaZulu-Natal,Ward 52701001,KZN271,4045,0.5436341161928306,False,8.305236829492593,0.6433749583706724,0.03137789904502047,2016,0.5145118733509235
KwaZulu-Natal,Ward 52701002,KZN271,4510,0.7181818181818181,False,8.414052432496725,0.6331074464889672,0.01667181228774313,2016,0.6546329723225031
KwaZulu-Natal,Ward 52701003,KZN271,5234,0.6448223156285824,False,8.562931083090092,0.6374227113450399,0.01748148148148148,2016,0.5514619883040935
KwaZulu-Natal,Ward 52701004,KZN271,4365,0.6215349369988545,False,8.381373468273702,0.6387925571467887,0.04718024327312938,2016,0.548488352882868
KwaZulu-Natal,Ward 52701005,KZN271,4814,0.6063564603240549,False,8.479283618343016,0.6396854087158945,0.03597122302158273,2016,0.4766917293233083
KwaZulu-Natal,Ward 52701006,KZN271,4408,0.6737749546279492,False,8.391176350832751,0.6357196149333124,0.03569023569023569,2016,0.6125032972830388
KwaZulu-Natal,Ward 52701007,KZN271,4086,0.698237885462555,False,8.315321775377567,0.634280619001865,0.02663862600771118,2016,0.6015240904621436
KwaZulu-Natal,Ward 52701008,KZN271,4257,0.6542165844491425,False,8.356319965828153,0.6368701072967716,0.03087971274685817,2016,0.6253557567917206
KwaZulu-Natal,Ward 52701009,KZN271,3670,0.679291553133515,False,8.207946941048617,0.6353951091388674,0.0377055756117128,2016,0.6531909483854564
KwaZulu-Natal,Ward 52701010,KZN271,3879,0.6047950502706884,False,8.263332667439967,0.6397772563660925,0.029838022165387893,2016,0.5815407703851926
KwaZulu-Natal,Ward 52701011,KZN271,4444,0.5816831683168316,False,8.39931015075952,0.6411367788339665,0.025918762088974853,2016,0.503957783641161
KwaZulu-Natal,Ward 52701012,KZN271,4324,0.6304347826086957,False,8.371936178759098,0.638269036816798,0.031181217901687455,2016,0.5761830473218928
KwaZulu-Natal,Ward 52701013,KZN271,3922,0.6550229474757777,False,8.274357006756292,0.6368226741775578,0.01985208252238225,2016,0.5897656417974629
KwaZulu-Natal,Ward 52701014,KZN271,5537,0.6610077659382337,False,8.619208116822968,0.6364706260327075,0.031420765027322405,2016,0.6164654226125137
KwaZulu-Natal,Ward 52701015,KZN271,4342,0.6204514048825426,False,8.376090350438238,0.6388562943301012,0.022271714922048998,2016,0.544952285283777
KwaZulu-Natal,Ward 52701016,KZN271,4772,0.6395641240569991,False,8.470520783217808,0.6377320167316036,0.02653997378768021,2016,0.6190853819719799
KwaZulu-Natal,Ward 52701017,KZN271,4601,0.6402955879156705,False,8.434028950155469,0.6376889894457995,0.028513238289205704,2016,0.5415793151642209
KwaZulu-Natal,Ward 52701018,KZN271,4336,0.6077029520295203,False,8.374707543119483,0.6396062033214553,0.014421252371916509,2016,0.596298687325156
KwaZulu-Natal,Ward 52702001,KZN272,3915,0.6337164750957854,False,8.272570608424903,0.6440746668013124,0.016928657799274487,2016,0.5927835051546392
KwaZulu-Natal,Ward 52702002,KZN272,3882,0.6105100463678517,False,8.264105763728956,0.6452960577869932,0.008016877637130802,2016,0.5917653390742734
KwaZulu-Natal,Ward 52702003,KZN272,4971,0.7075035204184269,False,8.511376306094673,0.6401911381001207,0.01620699459766847,2016,0.665407358738502
KwaZulu-Natal,Ward 52702004,KZN272,4356,0.71900826446281,False,8.37930948405285,0.6395856252556795,0.0031928480204342275,2016,0.6551562132957481
KwaZulu-Natal,Ward 52702005,KZN272,5395,0.6363299351251158,False,8.593227877692234,0.643937116273453,0.022429362073987765,2016,0.563922942206655
KwaZulu-Natal,Ward 52702006,KZN272,4512,0.6409574468085106,False,8.414495793177895,0.6436935630269585,0.011756569847856155,2016,0.6297881010594947
KwaZulu-Natal,Ward 52702007,KZN272,5481,0.5949644225506294,False,8.609042845046117,0.6461142485142153,0.011039558417663294,2016,0.5699252284685683
KwaZulu-Natal,Ward 52702008,KZN272,5506,0.691609153650563,False,8.613593685702552,0.641027683719482,0.014180672268907563,2016,0.6039563988696003
KwaZulu-Natal,Ward 52702009,KZN272,4798,0.6215089620675281,False,8.47595444339964,0.6447171674870101,0.012743125419181758,2016,0.5832113225963885
KwaZulu-Natal,Ward 52702010,KZN272,5271,0.6465566306203756,False,8.569975376855206,0.6433988691421234,0.013204225352112676,2016,0.60406852248394
KwaZulu-Natal,Ward 52702011,KZN272,4126,0.612457586039748,False,8.325063693631197,0.6451935556989986,0.01701622477245746,2016,0.5715990453460621
KwaZulu-Natal,Ward 52702012,KZN272,5586,0.7044396706050842,False,8.628018746505122,0.6403523933534546,0.02337992376111817,2016,0.6298997265268915
KwaZulu-Natal,Ward 52702013,KZN272,5238,0.6506300114547537,False,8.563695025067657,0.6431844806771562,0.004694835680751174,2016,0.6120106579217053
KwaZulu-Natal,Ward 52702014,KZN272,4722,0.621135112240576,False,8.459987717645458,0.6447368437936918,0.01261506989430617,2016,0.5276162790697675
KwaZulu-Natal,Ward 52702015,KZN272,4490,0.6238307349665925,False,8.4096079807363,0.6445949689133752,0.03320242770439129,2016,0.5796595373199476
KwaZulu-Natal,Ward 52702016,KZN272,5213,0.6483790523690773,False,8.558910784768106,0.6433029522079813,0.01863905325443787,2016,0.7171814671814671
KwaZulu-Natal,Ward 52702017,KZN272,4728,0.618020304568528,False,8.461257559085935,0.6449007810395891,0.018822724161533196,2016,0.5989492119089317
KwaZulu-Natal,Ward 52702018,KZN272,4213,0.6290054592926656,False,8.345930261979017,0.6443226150014766,0.020754716981132074,2016,0.5908781484002723
KwaZulu-Natal,Ward 52702019,KZN272,4677,0.6750053453068207,False,8.450412157725886,0.6419015683691527,0.006018371872030409,2016,0.5722555302873682
KwaZulu-Natal,Ward 52702020,KZN272,4365,0.5855670103092784,False,8.381373468273702,0.646608849158497,0.013693270735524257,2016,0.5337589000736558
KwaZulu-Natal,Ward 52705001,KZN275,3725,0.5022818791946309,False,8.22282213081366,0.6276521558502729,0.008017103153393906,2016,0.5989110707803993
KwaZulu-Natal,Ward 52705002,KZN275,3799,0.5490918662806001,False,8.242493153187626,0.6251884723194324,0.032598274209012464,2016,0.6425627575871112
KwaZulu-Natal,Ward 52705003,KZN275,4832,0.5600165562913907,False,8.48301573961465,0.6246134886346539,0.02254249815225425,2016,0.548026048026048
KwaZulu-Natal,Ward 52705004,KZN275,3897,0.6561457531434437,False,8.26796230533871,0.619554057221388,0.03989049667579194,2016,0.4028169014084507
KwaZulu-Natal,Ward 52705005,KZN275,5699,0.5183365502719776,False,8.648045999835,0.6268071731619915,0.026066350710900472,2016,0.5214747989801922
KwaZulu-Natal,Ward 52705006,KZN275,4790,0.607098121085595,False,8.474285690404962,0.6221355115402222,0.02269601100412655,2016,0.4375324002073613
KwaZulu-Natal,Ward 52705007,KZN275,4173,0.6690630242032111,False,8.336390480591552,0.6188742008498213,0.02041547277936963,2016,0.4557965943550268
KwaZulu-Natal,Ward 52705008,KZN275,5179,0.6503185943232285,False,8.552367266423891,0.619860749790873,0.037410926365795724,2016,0.6016491327836224
KwaZulu-Natal,Ward 52705009,KZN275,3359,0.6757963679666568,False,8.119398589612294,0.6185198143359557,0.033480176211453744,2016,0.572952121624688
KwaZulu-Natal,Ward 52705010,KZN275,4586,0.6173135630178805,False,8.43076346341785,0.6215978567016808,0.033910279053338044,2016,0.6216216216216216
KwaZulu-Natal,Ward 52705011,KZN275,5226,0.6909682357443552,False,8.561401446080557,0.6177212949792348,0.02160066463583495,2016,0.5561064718162839
KwaZulu-Natal,Ward 52705012,KZN275,5080,0.6618110236220472,False,8.533066540572527,0.6192558850909352,0.015764425936942297,2016,0.5933640106563333
KwaZulu-Natal,Ward 52705013,KZN275,4681,0.6346934415723136,False,8.45126704130007,0.6206831262514475,0.018175698418041064,2016,0.5849095822074413
KwaZulu-Natal,Ward 52705014,KZN275,4103,0.6236899829393127,False,8.319473692442186,0.6212622556531844,0.023837436498632278,2016,0.5783184879426461
KwaZulu-Natal,Ward 52705015,KZN275,4573,0.6564618412420731,False,8.427924723658055,0.6195374210056707,0.024983344437041973,2016,0.609603789836348
KwaZulu-Natal,Ward 52705016,KZN275,4370,0.6540045766590389,False,8.382518288089635,0.6196667507205672,0.0185444366689993,2016,0.5845659163987138
KwaZulu-Natal,Ward 52705017,KZN275,3949,0.6128133704735376,False,8.28121766128665,0.6218347089408568,0.02975206611570248,2016,0.6560898218208445
KwaZulu-Natal,Ward 52705018,KZN275,4898,0.6472029399755002,False,8.496582237512113,0.6200247315986482,0.02082018927444795,2016,0.6339054784857747
KwaZulu-Natal,Ward 52705019,KZN275,5171,0.6549990330690388,False,8.550821372396221,0.6196144109095145,0.01564806613522291,2016,0.6082832022211939
KwaZulu-Natal,Ward 52705020,KZN275,4628,0.5855661192739845,False,8.439880088313567,0.6232687747934648,0.021771217712177122,2016,0.6111877092771322
KwaZulu-Natal,Ward 52706001,KZN276,3953,0.6243359473817354,False,8.282230063296685,0.6379063132630056,0.025121555915721232,2016,0.5389479008598888
KwaZulu-Natal,Ward 52706002,KZN276,3518,0.6335986355884025,False,8.165647925297504,0.6371344225791167,0.011215791834903545,2016,0.6246684350132626
KwaZulu-Natal,Ward 52706003,KZN276,4323,0.6666666666666666,False,8.371704884667631,0.6343787533225946,0.026717557251908396,2016,0.5558231173380035
KwaZulu-Natal,Ward 52706004,KZN276,4005,0.701123595505618,False,8.29529885950246,0.6315073425860154,0.017806267806267807,2016,0.6747439420434674
KwaZulu-Natal,Ward 52706005,KZN276,3967,0.5654146710360474,False,8.28576542051433,0.6428164196251462,0.006687472135532769,2016,0.4405940594059406
KwaZulu-Natal,Ward 52706006,KZN276,4990,0.6525050100200401,False,8.515191188745565,0.6355588913764801,0.018734643734643733,2016,0.6063769751693002
KwaZulu-Natal,Ward 52706007,KZN276,4577,0.6421236617871968,False,8.428799040653642,0.6364240037292171,0.011568560734943858,2016,0.6121495327102804
KwaZulu-Natal,Ward 52706008,KZN276,4257,0.6530420483908856,False,8.356319965828153,0.6355141381789098,0.02014388489208633,2016,0.6189228529839883
KwaZulu-Natal,Ward 52706009,KZN276,3606,0.6422628951747088,False,8.190354403763262,0.6364124009469244,0.02461139896373057,2016,0.5712897741073597
KwaZulu-Natal,Ward 52706010,KZN276,4452,0.6567834681042228,False,8.401108712395436,0.6352023532027983,0.010259917920656635,2016,0.5679918966827044
KwaZulu-Natal,Ward 52706011,KZN276,4374,0.644718792866941,False,8.383433201236713,0.6362077428059051,0.009574468085106383,2016,0.5759786044249939
KwaZulu-Natal,Ward 52706012,KZN276,4219,0.5702773168997393,False,8.347353412124338,0.6424111991365052,0.013300083125519535,2016,0.4698852772466539
KwaZulu-Natal,Ward 52706013,KZN276,4507,0.626358997115598,False,8.413387022690648,0.6377377257851837,0.023025150549061284,2016,0.5717926932880204
KwaZulu-Natal,Ward 52801001,KZN281,3567,0.6590972806279787,False,8.17948018535889,0.64841899682942,0.014887282007656316,2016,0.6071820175438597
KwaZulu-Natal,Ward 52801002,KZN281,4600,0.5758695652173913,False,8.433811582477187,0.6536207290425816,0.01698754246885617,2016,0.4760950472373318
KwaZulu-Natal,Ward 52801003,KZN281,3720,0.6741935483870968,False,8.221478947267192,0.6474754800944751,0.028708133971291867,2016,0.5881722734090422
KwaZulu-Natal,Ward 52801004,KZN281,4652,0.6947549441100602,False,8.445052513638554,0.6461903928617898,0.01547029702970297,2016,0.6179367547952307
KwaZulu-Natal,Ward 52801005,KZN281,5077,0.6878077604884775,False,8.532475814947395,0.6466245918381388,0.017754868270332187,2016,0.5589815463676711
KwaZulu-Natal,Ward 52801006,KZN281,4448,0.6117356115107914,False,8.400209835930418,0.6513791011492441,0.007717750826901874,2016,0.4712134632418069
KwaZulu-Natal,Ward 52801007,KZN281,4362,0.6806510774873911,False,8.380685946761574,0.6470718845257066,0.016167059616032334,2016,0.5304781327894856
KwaZulu-Natal,Ward 52801008,KZN281,4776,0.7049832495812395,False,8.471358655072438,0.6455511237698411,0.02079002079002079,2016,0.562699102229945
KwaZulu-Natal,Ward 52801009,KZN281,4822,0.6582330982994608,False,8.480944058741116,0.6484730082249524,0.017013232514177693,2016,0.5854680950163018
KwaZulu-Natal,Ward 52801010,KZN281,4069,0.625460801179651,False,8.31115254800169,0.6505212767949404,0.0137524557956778,2016,0.5138084632516704
KwaZulu-Natal,Ward 52801011,KZN281,4532,0.6449691085613416,False,8.418918622147897,0.6493020075835848,0.020184741703729046,2016,0.5749626786095117
KwaZulu-Natal,Ward 52801012,KZN281,4654,0.7062741727546197,False,8.445482343862237,0.6454704410715049,0.013081837541831457,2016,0.5388036468756949
KwaZulu-Natal,Ward 52801013,KZN281,4026,0.6537506209637357,False,8.300528606199737,0.6487531630584351,0.01405775075987842,2016,0.5007700205338809
KwaZulu-Natal,Ward 52801014,KZN281,4273,0.6545752398783057,False,8.360071435644025,0.6487016243762745,0.011798355380765105,2016,0.4712452471482889
KwaZulu-Natal,Ward 52801015,KZN281,4489,0.5921140565827578,False,8.409385238781931,0.6526054483322462,0.023325808878856283,2016,0.5181553140736814
KwaZulu-Natal,Ward 52801016,KZN281,3643,0.581388965138622,False,8.200562797008564,0.6532757665475047,0.012275731822474031,2016,0.4189645469893078
KwaZulu-Natal,Ward 52801017,KZN281,4631,0.6279421291297775,False,8.440528106480752,0.6503661937980575,0.015474552957359009,2016,0.4743905166629389
KwaZulu-Natal,Ward 52802001,KZN282,5369,0.6366176196684671,False,8.58839695042257,0.5939622657470333,0.013458162668227034,2016,0.490983026874116
KwaZulu-Natal,Ward 52802002,KZN282,5970,0.5914572864321608,False,8.694502206386648,0.595330760693588,0.0019824412347776836,2016,0.500458435207824
KwaZulu-Natal,Ward 52802003,KZN282,6606,0.5970330003027551,False,8.795733605950735,0.5951617996672064,0.0035496957403651115,2016,0.4942875277689622
KwaZulu-Natal,Ward 52802004,KZN282,6731,0.6348239488931808,False,8.814479000010714,0.5940166194068904,0.012403463608705827,2016,0.4523265772195261
KwaZulu-Natal,Ward 52802005,KZN282,5756,0.6626129256428075,False,8.657998068007258,0.5931745292023562,0.025694808599895123,2016,0.4900019043991621
KwaZulu-Natal,Ward 52802006,KZN282,5529,0.6077048290830168,False,8.617762246337932,0.5948384109162894,0.009821428571428571,2016,0.5170025188916877
KwaZulu-Natal,Ward 52802007,KZN282,4498,0.5404624277456648,False,8.411388132519262,0.5968760594416637,0.0106951871657754,2016,0.4387672343876723
KwaZulu-Natal,Ward 52802008,KZN282,4274,0.5570893776321947,False,8.360305435879093,0.5963722124754052,0.015539689206215875,2016,0.4046327212020033
KwaZulu-Natal,Ward 52802009,KZN282,6175,0.6037246963562753,False,8.728264161496178,0.594959020998918,0.0034871244635193135,2016,0.4156274873971876
KwaZulu-Natal,Ward 52802010,KZN282,5657,0.6252430616934771,False,8.640648995343156,0.594306949322033,0.009047215154085382,2016,0.4600781686208822
KwaZulu-Natal,Ward 52802011,KZN282,4955,0.6468213925327951,False,8.508152446764088,0.5936530605087202,0.014664586583463339,2016,0.5250351900261412
KwaZulu-Natal,Ward 52802012,KZN282,6584,0.5999392466585662,False,8.792397742356906,0.5950737315958182,0.012151898734177215,2016,0.423348300192431
KwaZulu-Natal,Ward 52802013,KZN282,6588,0.6863995142683668,False,8.79300509129753,0.5924537234864303,0.010393631136665192,2016,0.5126175899656563
KwaZulu-Natal,Ward 52802014,KZN282,6334,0.6053047047679192,False,8.753687227098585,0.5949111419561408,0.036515388628064686,2016,0.4268604279782817
KwaZulu-Natal,Ward 52802015,KZN282,6376,0.6281367628607277,False,8.760296220470051,0.5942192614078738,0.012484394506866416,2016,0.4466004583651642
KwaZulu-Natal,Ward 52802016,KZN282,5474,0.5575447570332481,False,8.607764889600624,0.5963584130996157,0.010157273918741808,2016,0.371931908155186
KwaZulu-Natal,Ward 52802017,KZN282,5021,0.578370842461661,False,8.521384396034705,0.5957273196017849,0.004476584022038568,2016,0.3605114231817229
KwaZulu-Natal,Ward 52802018,KZN282,5148,0.703962703962704,False,8.546363568716018,0.5919215056169048,0.006070640176600441,2016,0.5299034175334324
KwaZulu-Natal,Ward 52802019,KZN282,6111,0.5928653248240877,False,8.717845704894916,0.5952880928635296,0.009384487993375655,2016,0.3760180211401837
KwaZulu-Natal,Ward 52802020,KZN282,5771,0.582568012476174,False,8.660600654710967,0.5956001326316482,0.013682331945270671,2016,0.3801235261089276
KwaZulu-Natal,Ward 52802021,KZN282,6110,0.5690671031096562,False,8.71768205216564,0.5960092510973003,0.007477710670117918,2016,0.3553618134263295
KwaZulu-Natal,Ward 52802022,KZN282,6121,0.6157490606110113,False,8.71948076085107,0.594594646324532,0.020164499867338818,2016,0.4755060134936931
KwaZulu-Natal,Ward 52802023,KZN282,5290,0.5916824196597353,False,8.573573524852344,0.5953239384745705,0.004792332268370607,2016,0.4321372854914196
KwaZulu-Natal,Ward 52802024,KZN282,6069,0.5704399406821552,False,8.710949125835855,0.5959676499587396,0.00779896013864818,2016,0.4106110652353427
KwaZulu-Natal,Ward 52802025,KZN282,5160,0.5746124031007752,False,8.548691858475609,0.59584121170363,0.013827993254637436,2016,0.4086790653314258
KwaZulu-Natal,Ward 52802026,KZN282,6067,0.5818361628481952,False,8.710619527942297,0.5956223098931022,0.0084985835694051,2016,0.454453781512605
KwaZulu-Natal,Ward 52802027,KZN282,6072,0.5706521739130435,False,8.711443319075466,0.5959612186487128,0.013275613275613276,2016,0.3965811965811965
KwaZulu-Natal,Ward 52802028,KZN282,6091,0.5092759809555081,False,8.714567550836485,0.5978211032837897,0.008704061895551257,2016,0.3427988437340588
KwaZulu-Natal,Ward 52802029,KZN282,6824,0.6465416178194607,False,8.828201089171515,0.5936615385303364,0.011106074342701723,2016,0.4823843416370106
KwaZulu-Natal,Ward 52802030,KZN282,3578,0.397987702627166,False,8.182559264068665,0.6011934753543454,0.012640449438202247,2016,0.3456211812627291
KwaZulu-Natal,Ward 52802031,KZN282,5387,0.6333766474846854,False,8.591743922680534,0.5940604770253297,0.012602579132473623,2016,0.5153696498054474
KwaZulu-Natal,Ward 52802032,KZN282,6344,0.6763871374527112,False,8.755264763314685,0.5927571288444805,0.016779305523188067,2016,0.5530876661618711
KwaZulu-Natal,Ward 52802033,KZN282,5430,0.6493554327808472,False,8.599694412927981,0.5935762714102945,0.0022688598979013048,2016,0.5223332653477463
KwaZulu-Natal,Ward 52802034,KZN282,6106,0.4117261709793645,False,8.717027173294824,0.6007771581315515,0.015910898965791568,2016,0.2037783909997877
KwaZulu-Natal,Ward 52804001,KZN284,3272,0.6170537897310513,False,8.093156697722637,0.6292173493981518,0.011391778107974244,2016,0.5278522490318737
KwaZulu-Natal,Ward 52804002,KZN284,4349,0.635778339848241,False,8.37770121259764,0.6284971743936445,0.00976491862567812,2016,0.5118506104859948
KwaZulu-Natal,Ward 52804003,KZN284,3744,0.6423611111111112,False,8.227909837597483,0.6282439908835341,0.02702702702702703,2016,0.5505743905855982
KwaZulu-Natal,Ward 52804004,KZN284,4292,0.6393289841565704,False,8.36450810375059,0.6283606111510165,0.017128279883381923,2016,0.5186972255729795
KwaZulu-Natal,Ward 52804005,KZN284,3981,0.6227078623461442,False,8.289288323000317,0.6289998850668022,0.016135538523598225,2016,0.5163432073544433
KwaZulu-Natal,Ward 52804006,KZN284,3837,0.6288767266093302,False,8.252446090246952,0.6287626210566795,0.0074595938665561546,2016,0.5095490716180371
KwaZulu-Natal,Ward 52804007,KZN284,3692,0.6300108342361863,False,8.213923595622743,0.6287190015325697,0.0017196904557179708,2016,0.529989094874591
KwaZulu-Natal,Ward 52804008,KZN284,4785,0.6332288401253918,False,8.473241303887054,0.6285952320752926,0.014521452145214522,2016,0.4765024853140533
KwaZulu-Natal,Ward 52804009,KZN284,3663,0.6366366366366366,False,8.206037762778815,0.6284641629787061,0.013293310463121783,2016,0.4550738677645919
KwaZulu-Natal,Ward 52804010,KZN284,4561,0.5978951984213988,False,8.4252971767117,0.6299542182946769,0.010267693436010267,2016,0.4738580077050082
KwaZulu-Natal,Ward 52804011,KZN284,4612,0.5706851691240243,False,8.436416881388949,0.6310007578830373,0.006838905775075988,2016,0.5035761589403973
KwaZulu-Natal,Ward 52804012,KZN284,3592,0.544543429844098,False,8.18646442942209,0.6320062093938039,0.0081799591002045,2016,0.436670687575392
KwaZulu-Natal,Ward 52804013,KZN284,4863,0.5874974295702241,False,8.489410810403786,0.6303541324812605,0.009800490024501224,2016,0.4394453876627051
KwaZulu-Natal,Ward 52804014,KZN284,4525,0.6448618784530387,False,8.417372856134026,0.6281478075242292,0.017477724468814255,2016,0.5123528053567306
KwaZulu-Natal,Ward 52804015,KZN284,4573,0.6534003936146949,False,8.427924723658055,0.6278194030949347,0.006358768406961178,2016,0.5561002178649237
KwaZulu-Natal,Ward 52804016,KZN284,4575,0.6515846994535519,False,8.428361977709622,0.627889237485748,0.01341831600134183,2016,0.4952759820984584
KwaZulu-Natal,Ward 52804017,KZN284,4205,0.6206896551724138,False,8.344029572407049,0.6290775084196378,0.015708812260536397,2016,0.5011230346892938
KwaZulu-Natal,Ward 52804018,KZN284,3477,0.5547886108714409,False,8.153925132007862,0.6316121639696752,0.02021772939346812,2016,0.4480140186915888
KwaZulu-Natal,Ward 52804019,KZN284,3736,0.6442719486081371,False,8.225770799348734,0.6281704971336486,0.003739094308267553,2016,0.5572115384615385
KwaZulu-Natal,Ward 52804020,KZN284,4692,0.6632566069906224,False,8.453614209773367,0.6274403179650914,0.018958868894601542,2016,0.4888993859234766
KwaZulu-Natal,Ward 52804021,KZN284,3493,0.6464357286000573,False,8.158516244806831,0.6280872748262669,0.02612931798051373,2016,0.4556213017751479
KwaZulu-Natal,Ward 52804022,KZN284,3526,0.6449234259784459,False,8.167919362957816,0.6281454403117135,0.018469656992084433,2016,0.5571253071253072
KwaZulu-Natal,Ward 52804023,KZN284,3583,0.6469439017583031,False,8.183955717304954,0.628067729704796,0.010353753235547885,2016,0.5610942249240122
KwaZulu-Natal,Ward 52804024,KZN284,3714,0.6375875067312871,False,8.219864741912652,0.6284275910519889,0.008868243243243243,2016,0.571206628689798
KwaZulu-Natal,Ward 52804025,KZN284,3575,0.683076923076923,False,8.181720455128108,0.6266779981156183,0.014742014742014743,2016,0.5820450230539734
KwaZulu-Natal,Ward 52804026,KZN284,4480,0.6466517857142857,False,8.40737832540903,0.6280789649372581,0.008974801518812565,2016,0.4695238095238095
KwaZulu-Natal,Ward 52804027,KZN284,3103,0.6516274572993876,False,8.04012466444838,0.6278875929532158,0.005934718100890208,2016,0.4790081713158636
KwaZulu-Natal,Ward 52805001,KZN285,3934,0.6642094560244026,False,8.277411998949004,0.6233922384763141,0.01722158438576349,2016,0.5234308435103664
KwaZulu-Natal,Ward 52805002,KZN285,3288,0.628345498783455,False,8.098034756176071,0.6263809015797265,0.012584704743465635,2016,0.4495259341885109
KwaZulu-Natal,Ward 52805003,KZN285,3680,0.5763586956521739,False,8.210668031162976,0.6307131351739999,0.012258368694012258,2016,0.4643159379407616
KwaZulu-Natal,Ward 52805004,KZN285,2955,0.5949238578680203,False,7.991253929840199,0.6291660383226794,0.024459613196814563,2016,0.5058823529411764
KwaZulu-Natal,Ward 52805005,KZN285,3321,0.6431797651309846,False,8.108021221376747,0.6251447127174323,0.018726591760299626,2016,0.5418646080760094
KwaZulu-Natal,Ward 52805006,KZN285,3068,0.6584093872229465,False,8.028781162487148,0.6238755775431021,0.017326732673267328,2016,0.545227524972253
KwaZulu-Natal,Ward 52805007,KZN285,3799,0.6364832850750197,False,8.242493153187626,0.6257027527220961,0.01282051282051282,2016,0.5223471346312037
KwaZulu-Natal,Ward 52805008,KZN285,3525,0.6334751773049645,False,8.16763571524637,0.6259534283696007,0.019256605463502014,2016,0.4977973568281938
KwaZulu-Natal,Ward 52805009,KZN285,3909,0.6280378613456127,False,8.271036865792954,0.6264065380328799,0.014256619144602852,2016,0.5483036227717079
KwaZulu-Natal,Ward 52805010,KZN285,3854,0.6328489880643487,False,8.256866848974312,0.6260056108063187,0.02214022140221402,2016,0.519990128331688
KwaZulu-Natal,Ward 52805011,KZN285,3072,0.6549479166666666,False,8.030084094267563,0.6241640334227921,0.008449304174950299,2016,0.523067331670823
KwaZulu-Natal,Ward 52805012,KZN285,3069,0.5333985011404366,False,8.029107054619736,0.6342931513833113,0.020769700671960906,2016,0.502416687865683
KwaZulu-Natal,Ward 52805013,KZN285,3088,0.6602979274611399,False,8.035278911144667,0.6237181991899193,0.018146150073565473,2016,0.5770725388601037
KwaZulu-Natal,Ward 52806001,KZN286,4713,0.645448758752387,False,8.45807992692373,0.6597130959229853,0.015450361604207758,2016,0.586756077116513
KwaZulu-Natal,Ward 52806002,KZN286,3519,0.6297243535095197,False,8.165932137321585,0.6609226655570521,0.0157942238267148,2016,0.5124965668772316
KwaZulu-Natal,Ward 52806003,KZN286,3746,0.6428190069407368,False,8.228443883004033,0.6599153845238815,0.014950166112956811,2016,0.5118522601984564
KwaZulu-Natal,Ward 52806004,KZN286,3887,0.6277334705428351,False,8.265392930852224,0.6610758104006431,0.01639344262295082,2016,0.5187533016376122
KwaZulu-Natal,Ward 52806005,KZN286,4628,0.6454191875540191,False,8.439880088313567,0.6597153706305522,0.014060930699698694,2016,0.5265405735204393
KwaZulu-Natal,Ward 52806006,KZN286,4439,0.6940752421716603,False,8.398184404834035,0.6559725971984259,0.012333657903278157,2016,0.6055363321799307
KwaZulu-Natal,Ward 52806007,KZN286,3788,0.6993136219640972,False,8.239593454305968,0.6555696449066999,0.013967534918837296,2016,0.659817945383615
KwaZulu-Natal,Ward 52806008,KZN286,3613,0.6199833933019652,False,8.19229373114764,0.6616719701884025,0.011607142857142858,2016,0.4965969246281825
KwaZulu-Natal,Ward 52806009,KZN286,4281,0.6818500350385424,False,8.361941906144946,0.6569129977471273,0.006166495375128468,2016,0.5615100889563897
KwaZulu-Natal,Ward 52806010,KZN286,4090,0.6665036674816626,False,8.316300249036848,0.658093487559195,0.008437270726338958,2016,0.5715086932136848
KwaZulu-Natal,Ward 52806011,KZN286,3716,0.7134015069967707,False,8.22040309993373,0.6544859614426481,0.024519049415314974,2016,0.5797767564018385
KwaZulu-Natal,Ward 52806012,KZN286,4259,0.6895984972998357,False,8.356789669923213,0.6563169621885663,0.009193054136874362,2016,0.5564803804994055
KwaZulu-Natal,Ward 52806013,KZN286,4586,0.6439162668992586,False,8.43076346341785,0.6598309799116875,0.014561462919065358,2016,0.585180746954264
KwaZulu-Natal,Ward 52806014,KZN286,4441,0.6219319972979058,False,8.398634855292102,0.66152207757333,0.020275162925416364,2016,0.5313763029142735
KwaZulu-Natal,Ward 52901001,KZN291,4403,0.6529638882580059,False,8.390041405755754,0.6137584282170807,0.03165217391304348,2016,0.586965904186448
KwaZulu-Natal,Ward 52901002,KZN291,4291,0.6702400372873456,False,8.364275084991524,0.6127421841565313,0.03129346314325452,2016,0.5214255409418753
KwaZulu-Natal,Ward 52901003,KZN291,4532,0.5688437775816416,False,8.418918622147897,0.6187066700215728,0.017455391776570985,2016,0.4109742441209406
KwaZulu-Natal,Ward 52901004,KZN291,4267,0.6756503398172018,False,8.358666283188,0.6124239310665398,0.018730489073881373,2016,0.4921294271972016
KwaZulu-Natal,Ward 52901005,KZN291,4309,0.6344859596194012,False,8.368461137615839,0.6148453651958221,0.02231163130943672,2016,0.5499331252786447
KwaZulu-Natal,Ward 52901006,KZN291,3835,0.6174706649282921,False,8.251924713801357,0.6158462648835343,0.03420608108108108,2016,0.5293804839138527
KwaZulu-Natal,Ward 52901007,KZN291,4618,0.57968817669987,False,8.43771698991444,0.6180687641910887,0.04632050803137841,2016,0.4190079016681299
KwaZulu-Natal,Ward 52901008,KZN291,4489,0.6168411672978391,False,8.409385238781931,0.615883294155914,0.03611412062116288,2016,0.525503355704698
KwaZulu-Natal,Ward 52901009,KZN291,4748,0.6649115417017691,False,8.465478755729558,0.6130556250733299,0.014570795058599937,2016,0.4275456919060052
KwaZulu-Natal,Ward 52901010,KZN291,4131,0.6368917937545389,False,8.326274787396764,0.6147038455408139,0.017483846446218167,2016,0.4838258785942492
KwaZulu-Natal,Ward 52901011,KZN291,2349,0.6760323541932738,False,7.761744984658913,0.6124014596326531,0.025818639798488665,2016,0.4935313847628174
KwaZulu-Natal,Ward 52901012,KZN291,5455,0.6516956920256646,False,8.604287898267172,0.6138330279954536,0.02081575246132208,2016,0.4566674944127142
KwaZulu-Natal,Ward 52901013,KZN291,3126,0.5962891874600128,False,8.047509510981422,0.6170922341463744,0.013948497854077254,2016,0.4209048361934477
KwaZulu-Natal,Ward 52901014,KZN291,3875,0.5987096774193549,False,8.262300941787448,0.6169498523840601,0.01939655172413793,2016,0.422542735042735
KwaZulu-Natal,Ward 52901015,KZN291,3146,0.5575333757151939,False,8.053887083618223,0.6193719877784226,0.00855188141391106,2016,0.4032014497130776
KwaZulu-Natal,Ward 52901016,KZN291,3639,0.5858752404506733,False,8.19946419761216,0.6177048192645709,0.02626641651031895,2016,0.3962209302325581
KwaZulu-Natal,Ward 52901017,KZN291,3520,0.5517045454545455,False,8.166216268592143,0.6197148601466961,0.02008238928939238,2016,0.375237063126524
KwaZulu-Natal,Ward 52901018,KZN291,4370,0.5510297482837528,False,8.382518288089635,0.619754554097919,0.022425249169435217,2016,0.3824908806670141
KwaZulu-Natal,Ward 52902001,KZN292,3831,0.671626207256591,False,8.25088114470065,0.6635317719617714,0.026039642440730666,2016,0.5801129943502825
KwaZulu-Natal,Ward 52902002,KZN292,4405,0.6964812712826334,False,8.39049553837028,0.6626440911036984,0.019230769230769232,2016,0.6281702898550725
KwaZulu-Natal,Ward 52902003,KZN292,4847,0.6352382917268413,False,8.486115235845377,0.6648313403735481,0.025982461838259176,2016,0.5299657534246576
KwaZulu-Natal,Ward 52902004,KZN292,5778,0.6505711318795431,False,8.661812881026181,0.664283738939523,0.02181431231710561,2016,0.3776766143989209
KwaZulu-Natal,Ward 52902005,KZN292,4276,0.7149204864359214,False,8.360773272144936,0.6619855477053667,0.012103369316323193,2016,0.5981993299832495
KwaZulu-Natal,Ward 52902006,KZN292,4055,0.6764488286066584,False,8.307705966549513,0.6633595354849832,0.004739336492890996,2016,0.4869565217391304
KwaZulu-Natal,Ward 52902007,KZN292,4010,0.6925187032418952,False,8.296546520300614,0.6627856113908676,0.04645300684191574,2016,0.6104
KwaZulu-Natal,Ward 52902008,KZN292,4147,0.5430431637328189,False,8.330140460246382,0.6681240235161917,0.008436944937833037,2016,0.4994037681850704
KwaZulu-Natal,Ward 52902009,KZN292,4101,0.7225067056815411,False,8.31898612539206,0.6617146113037373,0.02632467094161323,2016,0.5491448118586089
KwaZulu-Natal,Ward 52902010,KZN292,3395,0.6126656848306333,False,8.130059039992796,0.6656375049055555,0.016826923076923076,2016,0.5319725057279734
KwaZulu-Natal,Ward 52902011,KZN292,4633,0.729548888409238,False,8.440959885416648,0.6614631047777483,0.03017751479289941,2016,0.5887273451503684
KwaZulu-Natal,Ward 52902012,KZN292,4083,0.6539309331373989,False,8.314587291319576,0.6641637460374568,0.008988764044943821,2016,0.4572983203217411
KwaZulu-Natal,Ward 52902013,KZN292,5269,0.5750616815334978,False,8.569595870209286,0.6669805050233103,0.02013201320132013,2016,0.50945161894067
KwaZulu-Natal,Ward 52902014,KZN292,4244,0.6540999057492931,False,8.353261499733874,0.6641577113013176,0.02197406340057637,2016,0.4882704691812327
KwaZulu-Natal,Ward 52902015,KZN292,5547,0.6399855777897963,False,8.621012520055235,0.6646617944427282,0.022253521126760562,2016,0.4860305745914602
KwaZulu-Natal,Ward 52902016,KZN292,5688,0.5917721518987342,False,8.646113971483077,0.6663837025102662,0.014854426619132501,2016,0.5262197145701958
KwaZulu-Natal,Ward 52902017,KZN292,4415,0.5981879954699887,False,8.392763113038061,0.6661545652398643,0.006815600151457781,2016,0.5104961832061069
KwaZulu-Natal,Ward 52902018,KZN292,3982,0.6926167754897037,False,8.289539484624141,0.6627821088105887,0.03444525018129079,2016,0.5454975183171827
KwaZulu-Natal,Ward 52902019,KZN292,5000,0.5628,False,8.517193191416238,0.6674184222209353,0.013859275053304905,2016,0.4485365380887769
KwaZulu-Natal,Ward 52902020,KZN292,3892,0.6361767728674204,False,8.266678443305896,0.6647978231899561,0.014539579967689823,2016,0.5866247755834829
KwaZulu-Natal,Ward 52902021,KZN292,5086,0.7314195831694849,False,8.534246945982066,0.6613962942505965,0.025268817204301075,2016,0.5241875465145125
KwaZulu-Natal,Ward 52902022,KZN292,4679,0.7783714468903612,False,8.450839690866216,0.659719441974851,0.004667764964305327,2016,0.6670549084858569
KwaZulu-Natal,Ward 52902023,KZN292,5424,0.6904498525073747,False,8.598588829620232,0.6628594989171005,0.024833110814419225,2016,0.5682015638575152
KwaZulu-Natal,Ward 52902024,KZN292,4643,0.6984708162825759,False,8.443115988019922,0.662573035925129,0.02343509096515572,2016,0.4974585635359116
KwaZulu-Natal,Ward 52902025,KZN292,3939,0.66996699669967,False,8.278682162970906,0.6635910294816613,0.028798787419477074,2016,0.534878165312948
KwaZulu-Natal,Ward 52902026,KZN292,3245,0.6456086286594761,False,8.08487062913819,0.6644609711973825,0.021957040572792363,2016,0.5089234312032239
KwaZulu-Natal,Ward 52902027,KZN292,3690,0.6818428184281843,False,8.213381737034572,0.6631668929913573,0.025039745627980923,2016,0.6289308176100629
KwaZulu-Natal,Ward 52902028,KZN292,3664,0.6451965065502183,False,8.20631072579402,0.6644756898441418,0.01988155668358714,2016,0.524455205811138
KwaZulu-Natal,Ward 52902029,KZN292,4506,0.758988015978695,False,8.41316512099219,0.6604117073645533,0.017543859649122806,2016,0.5810276679841897
KwaZulu-Natal,Ward 52903001,KZN293,3415,0.6117130307467057,False,8.13593277200489,0.6431389602321367,0.024413595021541407,2016,0.5126150192935589
KwaZulu-Natal,Ward 52903002,KZN293,3329,0.6311204565935716,False,8.110427237575024,0.6420607699073109,0.023322227510709188,2016,0.4997131382673551
KwaZulu-Natal,Ward 52903003,KZN293,3532,0.6203284258210645,False,8.16961956172385,0.6426603271724501,0.011866727521679598,2016,0.5665471923536439
KwaZulu-Natal,Ward 52903004,KZN293,3292,0.6187727825030377,False,8.09925056179696,0.6427467518012294,0.010309278350515464,2016,0.5215103683070257
KwaZulu-Natal,Ward 52903005,KZN293,3900,0.578974358974359,False,8.268731832117737,0.6449577753306005,0.013728963684676704,2016,0.5694444444444444
KwaZulu-Natal,Ward 52903006,KZN293,3494,0.6348025186033199,False,8.158802490694002,0.6418562109067693,0.009467989179440937,2016,0.458695652173913
KwaZulu-Natal,Ward 52903007,KZN293,3033,0.631388064622486,False,8.017307507688582,0.6420459027945934,0.019843342036553524,2016,0.5972718415069828
KwaZulu-Natal,Ward 52903008,KZN293,3772,0.6739130434782609,False,8.235360643753348,0.6396834039692725,0.01927616050354052,2016,0.5723564562223954
KwaZulu-Natal,Ward 52903009,KZN293,3977,0.6379180286648227,False,8.28828304520769,0.6416831270144636,0.027591643673630272,2016,0.5091593475533249
KwaZulu-Natal,Ward 52903010,KZN293,3441,0.6588201104330137,False,8.14351740579748,0.640521900249564,0.031318923687692984,2016,0.6135710178263369
KwaZulu-Natal,Ward 52903011,KZN293,4234,0.7262635805384978,False,8.350902451694811,0.6367750407992594,0.014634146341463415,2016,0.6837806301050176
KwaZulu-Natal,Ward 52903012,KZN293,4568,0.7338003502626971,False,8.426830751335846,0.6363563313701373,0.012529832935560859,2016,0.5897590361445784
KwaZulu-Natal,Ward 52903013,KZN293,4478,0.6411344350156319,False,8.4069317971587,0.641504437772752,0.023685127133402994,2016,0.5243426191096069
KwaZulu-Natal,Ward 52903014,KZN293,4392,0.651183970856102,False,8.387539983189367,0.6409461302260592,0.03461538461538462,2016,0.482509328358209
KwaZulu-Natal,Ward 52903015,KZN293,4251,0.6271465537520583,False,8.35490952835879,0.6422815422873949,0.02288072018004501,2016,0.4849177330895795
KwaZulu-Natal,Ward 52903016,KZN293,3604,0.6473362930077692,False,8.189799618728228,0.6411598901065222,0.012858979854264894,2016,0.66
KwaZulu-Natal,Ward 52903017,KZN293,4002,0.595952023988006,False,8.294549515143679,0.6440145717187311,0.018867924528301886,2016,0.5024497795198433
KwaZulu-Natal,Ward 52903018,KZN293,3811,0.6171608501705589,False,8.24564690087386,0.6428363035974782,0.02976190476190476,2016,0.4491044124071647
KwaZulu-Natal,Ward 52903019,KZN293,4326,0.6504854368932039,False,8.372398606513004,0.6409849376684424,0.028429282160625444,2016,0.5808187134502923
KwaZulu-Natal,Ward 52904001,KZN294,4137,0.59680928208847,False,8.327726166461412,0.6252485651798693,0.005265289590927501,2016,0.5206871521896927
KwaZulu-Natal,Ward 52904002,KZN294,4633,0.6311245413339089,False,8.440959885416648,0.6218170392553254,0.01094391244870041,2016,0.5648108797280068
KwaZulu-Natal,Ward 52904003,KZN294,3569,0.6155785934435416,False,8.18004072349016,0.6233716340443621,0.014110150204824761,2016,0.5528139728306072
KwaZulu-Natal,Ward 52904004,KZN294,5168,0.6691176470588235,False,8.550241045462437,0.6180177286828339,0.024291497975708502,2016,0.5819311415997929
KwaZulu-Natal,Ward 52904005,KZN294,5019,0.6728431958557481,False,8.520985989654934,0.6176451738031414,0.010660349422564407,2016,0.5287946428571428
KwaZulu-Natal,Ward 52904006,KZN294,4723,0.6246030065636248,False,8.460199469896118,0.6224691927323538,0.013898305084745762,2016,0.5633116883116883
KwaZulu-Natal,Ward 52904007,KZN294,3918,0.5964777947932619,False,8.273336598504486,0.6252817139093901,0.0235344458707745,2016,0.5227823557925352
KwaZulu-Natal,Ward 52904008,KZN294,4656,0.5912800687285223,False,8.445911989411274,0.625801486515864,0.010897203051216855,2016,0.5802226588081205
KwaZulu-Natal,Ward 52904009,KZN294,4647,0.623412954594362,False,8.443977129084978,0.6225881979292801,0.016223679668622714,2016,0.5682498930252461
KwaZulu-Natal,Ward 52904010,KZN294,4811,0.6036167117023488,False,8.478660241699453,0.6245678222184814,0.0203168044077135,2016,0.5032695002335358
KwaZulu-Natal,Ward 52904011,KZN294,4175,0.6244311377245509,False,8.336869637284956,0.6224863796162612,0.009589566551591868,2016,0.5329700272479564
KwaZulu-Natal,Ward 54303001,KZN433,4229,0.5152518325845353,False,8.34972083747249,0.5435048784825379,0.04084442404772832,2016,0.4644433545855811
KwaZulu-Natal,Ward 54303002,KZN433,3984,0.6061746987951807,False,8.290041618704489,0.5334023377924662,0.043064182194616975,2016,0.5582907570831398
KwaZulu-Natal,Ward 54303003,KZN433,4639,0.4557016598404829,False,8.442254104751743,0.5501215643429882,0.019394512771996216,2016,0.3977960242005185
KwaZulu-Natal,Ward 54303004,KZN433,3916,0.524514811031665,False,8.272826003650401,0.5424756586550791,0.022882181110029213,2016,0.4988918985471559
KwaZulu-Natal,Ward 54303005,KZN433,3441,0.4989828538215635,False,8.14351740579748,0.5453125427895348,0.014560279557367502,2016,0.4665343165059558
KwaZulu-Natal,Ward 54303006,KZN433,3577,0.6329326251048365,False,8.182279739259018,0.5304292348691712,0.05697879858657244,2016,0.5343733474352195
KwaZulu-Natal,Ward 54303007,KZN433,4516,0.4977856510186005,False,8.415381925269553,0.5454455653231974,0.045373665480427046,2016,0.369131455399061
KwaZulu-Natal,Ward 54303008,KZN433,3787,0.5252178505413256,False,8.239329427901795,0.5423975431540057,0.01608848667672197,2016,0.4179978700745474
KwaZulu-Natal,Ward 54303009,KZN433,4795,0.5795620437956205,False,8.475328987317539,0.536359299459084,0.04929830874415257,2016,0.5272867025365103
KwaZulu-Natal,Ward 54303010,KZN433,5285,0.5706717123935667,False,8.572627898304338,0.5373471140593122,0.04177718832891247,2016,0.5461233729485003
KwaZulu-Natal,Ward 54304001,KZN434,3528,0.6609977324263039,False,8.168486417126681,0.638588567404287,0.017152658662092625,2016,0.5855245323936026
KwaZulu-Natal,Ward 54304002,KZN434,4208,0.5727186311787072,False,8.344742754417545,0.6453792675002561,0.014937759336099586,2016,0.4655587668593449
KwaZulu-Natal,Ward 54304003,KZN434,4937,0.7034636418877861,False,8.504513138258863,0.6353219589841731,0.03512813129858912,2016,0.5536898839137645
KwaZulu-Natal,Ward 54304004,KZN434,4812,0.6205320033250208,False,8.47886807709457,0.6417013157966935,0.028801071667782986,2016,0.484021164021164
KwaZulu-Natal,Ward 54304005,KZN434,3683,0.6500135758892207,False,8.211482916445066,0.6394335025225243,0.03759398496240601,2016,0.5699535363964894
KwaZulu-Natal,Ward 54304006,KZN434,4175,0.6249101796407186,False,8.336869637284956,0.6413645330031783,0.02108087389804523,2016,0.5107011070110701
KwaZulu-Natal,Ward 54304007,KZN434,4335,0.6016147635524798,False,8.374476889214643,0.643156488086889,0.029524539877300613,2016,0.4342350746268656
KwaZulu-Natal,Ward 54304008,KZN434,4910,0.6352342158859471,False,8.499029220788566,0.6405703763689299,0.017954472587367747,2016,0.4598786244099798
KwaZulu-Natal,Ward 54304009,KZN434,3453,0.6907037358818419,False,8.146998697389993,0.6363034902153996,0.02012578616352201,2016,0.6588046100241223
KwaZulu-Natal,Ward 54304010,KZN434,3701,0.6184814914887868,False,8.216358332386156,0.6418590474764039,0.02839667977282656,2016,0.5837061455144809
KwaZulu-Natal,Ward 54304011,KZN434,4282,0.6900980850070061,False,8.362175469149628,0.6363500787442331,0.0338409475465313,2016,0.5700629517370016
KwaZulu-Natal,Ward 54304012,KZN434,4278,0.6680691912108462,False,8.361240889642351,0.6380446090362455,0.03079076277116865,2016,0.5181698774080561
KwaZulu-Natal,Ward 54304013,KZN434,3449,0.606842563061757,False,8.145839612936841,0.6427543496630984,0.023889154323936932,2016,0.5124162396531337
KwaZulu-Natal,Ward 54304014,KZN434,3648,0.6189692982456141,False,8.201934351194222,0.6418215238797248,0.03720106288751107,2016,0.5344031120836372
KwaZulu-Natal,Ward 54305001,KZN435,4733,0.4988379463342489,False,8.462314529906248,0.5936109254518144,0.030495552731893267,2016,0.5900880037054191
KwaZulu-Natal,Ward 54305002,KZN435,4607,0.4551769047102236,False,8.435332164935916,0.5956900226720061,0.1139723414401526,2016,0.4472507822977201
KwaZulu-Natal,Ward 54305003,KZN435,3885,0.584041184041184,False,8.264878262801748,0.5895536284181508,0.018069634200088145,2016,0.5027485112230875
KwaZulu-Natal,Ward 54305004,KZN435,4349,0.547022303977926,False,8.37770121259764,0.5913164322306869,0.031946195880622114,2016,0.5659238625812442
KwaZulu-Natal,Ward 54305005,KZN435,3686,0.6405317417254477,False,8.212297138229768,0.5868636018617572,0.02075391783142736,2016,0.5468882005068995
KwaZulu-Natal,Ward 54305006,KZN435,3779,0.5808414924583223,False,8.237214703349489,0.5897059946840013,0.0337129840546697,2016,0.5234200743494424
KwaZulu-Natal,Ward 54305007,KZN435,3857,0.6225045372050817,False,8.257644958208228,0.5877220401722509,0.013327780091628489,2016,0.558983666061706
KwaZulu-Natal,Ward 54305008,KZN435,4173,0.6194584231967409,False,8.336390480591552,0.5878670932202671,0.03868471953578337,2016,0.4756274131274131
KwaZulu-Natal,Ward 54305009,KZN435,3646,0.6001097092704334,False,8.201385955238608,0.5887884605500913,0.01782449725776965,2016,0.481768590295722
KwaZulu-Natal,Ward 54305010,KZN435,4568,0.6017950963222417,False,8.426830751335846,0.5887082040238146,0.022917424518006546,2016,0.5447284345047924
KwaZulu-Natal,Ward 54305011,KZN435,4093,0.5621793305643782,False,8.317033476492403,0.5905946690599034,0.02564102564102564,2016,0.4363310274148091
KwaZulu-Natal,Ward 54305012,KZN435,3884,0.5831616889804325,False,8.264620829411216,0.5895955091353294,0.008830022075055188,2016,0.5014678409394182
KwaZulu-Natal,Ward 54305013,KZN435,4315,0.6006952491309386,False,8.36985260351753,0.588760577699591,0.017746913580246913,2016,0.475391245180313
KwaZulu-Natal,Ward 54305014,KZN435,4465,0.6132138857782755,False,8.4040244933106,0.5881644521449559,0.025200876552227903,2016,0.4946313528990694
KwaZulu-Natal,Ward 54305015,KZN435,4357,0.6261188891439063,False,8.379539026117442,0.5875499281751639,0.019794721407624633,2016,0.5357670394598016
KwaZulu-Natal,Ward 54305016,KZN435,5351,0.5150439170248552,False,8.585038738311304,0.5928392125617855,0.015965166908563134,2016,0.3388077858880778
KwaZulu-Natal,Ward 54305017,KZN435,4882,0.6118394100778369,False,8.493310250952906,0.5882299033687863,0.020087043856712422,2016,0.4362255965292841
KwaZulu-Natal,Ward 54305018,KZN435,3737,0.611988225849612,False,8.226038429485484,0.5882228169034638,0.019676432006996064,2016,0.53406292749658
KwaZulu-Natal,Ward 54305019,KZN435,3748,0.5995197438633938,False,8.228977643358313,0.5888165541409027,0.02848242100578549,2016,0.5308595229079894
KwaZulu-Natal,Ward 54305020,KZN435,4886,0.6164551780597626,False,8.494129251817686,0.5880101048934565,0.014940239043824702,2016,0.491162993672267
KwaZulu-Natal,Ward 54305021,KZN435,3776,0.6295021186440678,False,8.236420527265391,0.5873888220084896,0.01724863273033235,2016,0.4929545454545455
KwaZulu-Natal,Ward 54305022,KZN435,3585,0.6446304044630404,False,8.184513753033722,0.5866684274456814,0.027260926006057985,2016,0.5453024811820463
KwaZulu-Natal,Ward 54306001,KZN436,3478,0.683438757906843,False,8.154212694914229,0.6521446742363366,0.03281447202355911,2016,0.6072216097023153
KwaZulu-Natal,Ward 54306002,KZN436,3248,0.6585591133004927,False,8.085794701281568,0.6539217917082187,0.029920523609163162,2016,0.5454545454545454
KwaZulu-Natal,Ward 54306003,KZN436,3530,0.6127478753541077,False,8.169053149927343,0.6571940229901034,0.04160887656033287,2016,0.4473916887709991
KwaZulu-Natal,Ward 54306004,KZN436,4181,0.6802200430519014,False,8.338305731356565,0.652374582440261,0.03340365682137834,2016,0.5399169358560222
KwaZulu-Natal,Ward 54306005,KZN436,3517,0.6394654535115155,False,8.165363632473982,0.6552856245502886,0.013339261894175189,2016,0.5676905574516496
KwaZulu-Natal,Ward 54306006,KZN436,4858,0.6949361877315767,False,8.488382109562117,0.6513234292488557,0.037322274881516584,2016,0.6244774732930795
KwaZulu-Natal,Ward 54306007,KZN436,3756,0.7215122470713525,False,8.231109840328154,0.6494251392960145,0.1070110701107011,2016,0.6182809659828616
KwaZulu-Natal,Ward 54306008,KZN436,4335,0.6581314878892733,False,8.374476889214643,0.6539523363804488,0.03294777427269541,2016,0.5981651376146789
KwaZulu-Natal,Ward 54306009,KZN436,3823,0.6717237771383731,False,8.248790733696413,0.6529814585769416,0.01791277258566978,2016,0.5432569974554707
KwaZulu-Natal,Ward 54306010,KZN436,3316,0.5931845597104946,False,8.106514516255185,0.658591402678933,0.027452974072191154,2016,0.5370529327610872
KwaZulu-Natal,Ward 54306011,KZN436,4050,0.6064197530864197,False,8.306472160100585,0.6576460317235097,0.017915309446254073,2016,0.5285899094437257
KwaZulu-Natal,Ward 54306012,KZN436,3389,0.6403068751844202,False,8.128290171607052,0.655225523002224,0.025806451612903226,2016,0.5517358747447243
KwaZulu-Natal,Ward 54306013,KZN436,3562,0.6591802358225716,False,8.178077463849608,0.6538774258137846,0.05579216354344123,2016,0.5337423312883436
KwaZulu-Natal,Ward 54306014,KZN436,3855,0.6464332036316472,False,8.25712628599743,0.6547879281131364,0.008025682182985553,2016,0.5304798962386511
KwaZulu-Natal,Ward 54306015,KZN436,3631,0.6472046268245663,False,8.197263371414335,0.6547328264564992,0.009361702127659575,2016,0.5351219512195122
Limpopo,Ward 93301001,LIM331,4241,0.4956378212685687,False,8.352554369474591,0.5501017168731239,0.01665080875356803,2016,0.5301824988301357
Limpopo,Ward 93301002,LIM331,3673,0.5164715491423905,False,8.208764045819667,0.5494072592773299,0.013178703215603585,2016,0.5103734439834025
Limpopo,Ward 93301003,LIM331,4004,0.4957542457542457,False,8.295049140435111,0.5500978360569347,0.00906801007556675,2016,0.3988838692532553
Limpopo,Ward 93301004,LIM331,3792,0.4941983122362869,False,8.240648863374913,0.5501497005075334,0.023479188900747065,2016,0.485219707057257
Limpopo,Ward 93301005,LIM331,3899,0.5634778148243139,False,8.268475388982598,0.5478403837545991,0.012289485662266727,2016,0.5059683313032887
Limpopo,Ward 93301006,LIM331,4296,0.5807728119180633,False,8.3654396361887,0.5472638838514742,0.02004008016032064,2016,0.5689325035902346
Limpopo,Ward 93301007,LIM331,4495,0.5701890989988877,False,8.410720946905721,0.5476166742821132,0.011705033164260631,2016,0.5049417966176147
Limpopo,Ward 93301008,LIM331,4154,0.5556090515166104,False,8.331827004436057,0.5481026758648558,0.01776429809358752,2016,0.5357671435619141
Limpopo,Ward 93301009,LIM331,3954,0.5318664643399089,False,8.282483003730562,0.5488940954374126,0.005230622919638612,2016,0.4120603015075377
Limpopo,Ward 93301010,LIM331,4013,0.5885870919511588,False,8.297294370266917,0.5470034078503709,0.010160880609652836,2016,0.526060606060606
Limpopo,Ward 93301011,LIM331,3979,0.5431012817290777,False,8.288785810426928,0.5485196015244402,0.00925497454881999,2016,0.4460212873796249
Limpopo,Ward 93301012,LIM331,4083,0.5202057310800882,False,8.314587291319576,0.5492827865460732,0.015536723163841809,2016,0.4681096016578402
Limpopo,Ward 93301013,LIM331,4909,0.5654919535546955,False,8.498825534058053,0.5477732457969198,0.06736311239193084,2016,0.4057052297939778
Limpopo,Ward 93301014,LIM331,4784,0.5294732441471572,False,8.473032295630468,0.5489738694438376,0.015001973943939992,2016,0.4419354838709677
Limpopo,Ward 93301015,LIM331,3809,0.549225518508795,False,8.245121966478605,0.5483154602984498,0.008126195028680689,2016,0.4920261437908497
Limpopo,Ward 93301016,LIM331,4179,0.589375448671931,False,8.337827262447915,0.5469771292930119,0.01867641088103938,2016,0.5142383190489356
Limpopo,Ward 93301017,LIM331,3501,0.5558411882319337,False,8.160803920954665,0.548094937974345,0.011305241521068859,2016,0.5545914678235719
Limpopo,Ward 93301018,LIM331,5129,0.5829596412556054,False,8.542665987389269,0.5471909895402227,0.012040133779264214,2016,0.5098729227761486
Limpopo,Ward 93301019,LIM331,3248,0.5286330049261084,False,8.085794701281568,0.5490018774178727,0.023878858474082703,2016,0.4256298449612403
Limpopo,Ward 93301020,LIM331,4022,0.5268523122824466,False,8.299534570332597,0.549061233839328,0.004247286455875413,2016,0.4461340206185567
Limpopo,Ward 93301021,LIM331,4256,0.59375,False,8.35608503102148,0.5468313109154096,0.003561535417491096,2016,0.5162942271880819
Limpopo,Ward 93301022,LIM331,3907,0.53263373432301,False,8.27052509505507,0.5488685197713092,0.008649687650168188,2016,0.4401544401544401
Limpopo,Ward 93301023,LIM331,4388,0.6125797629899726,False,8.38662882139512,0.5462036521490771,0.010044642857142858,2016,0.4869256156384869
Limpopo,Ward 93301024,LIM331,3819,0.5506677140612726,False,8.247743887225516,0.5482673871133671,0.008559201141226819,2016,0.4912280701754385
Limpopo,Ward 93301025,LIM331,4429,0.5283359674870174,False,8.395929103923198,0.5490117786658424,0.01452991452991453,2016,0.5526255967265288
Limpopo,Ward 93301026,LIM331,4773,0.5958516656191075,False,8.470730317005897,0.5467612553947726,0.009142053445850914,2016,0.5244618395303327
Limpopo,Ward 93301027,LIM331,4035,0.5531598513011152,False,8.302761580704049,0.5481843158720391,0.022401433691756272,2016,0.5140758873929009
Limpopo,Ward 93301028,LIM331,3973,0.5333501132645356,False,8.287276755814599,0.5488446404732584,0.012741859367626238,2016,0.4213836477987421
Limpopo,Ward 93301029,LIM331,4241,0.523461447771752,False,8.352554369474591,0.5491742626563512,0.009009009009009009,2016,0.5037267080745341
Limpopo,Ward 93301030,LIM331,3669,0.565276642136822,False,8.207674424355282,0.5477804228441822,0.004339440694310511,2016,0.4550037811948575
Limpopo,Ward 93301031,LIM331,3282,0.5258988421694089,False,8.096208271650037,0.5490930161764294,0.005214368482039398,2016,0.4794520547945205
Limpopo,Ward 93302001,LIM332,3951,0.5398633257403189,False,8.281723990411392,0.5147197253099456,0.007032348804500703,2016,0.5086297071129707
Limpopo,Ward 93302002,LIM332,3343,0.5363446006580915,False,8.114623886420098,0.5148410606576086,0.012827663134411601,2016,0.4919458762886597
Limpopo,Ward 93302003,LIM332,3137,0.523748804590373,False,8.051022208190679,0.5152753984530472,0.005477784540474742,2016,0.507514450867052
Limpopo,Ward 93302004,LIM332,3564,0.5356341189674523,False,8.1786387885907,0.5148655600262513,0.01990570979570456,2016,0.5143095304251181
Limpopo,Ward 93302005,LIM332,3253,0.4675683984014755,False,8.087332926473351,0.5172126538388713,0.005917159763313609,2016,0.4844703272323905
Limpopo,Ward 93302006,LIM332,3844,0.4997398543184183,False,8.254268770090183,0.5161032932900111,0.010411244143675169,2016,0.4843418259023354
Limpopo,Ward 93302007,LIM332,3740,0.5379679144385027,False,8.226840890408578,0.5147850843203531,0.018389662027833,2016,0.4922952149229521
Limpopo,Ward 93302008,LIM332,3829,0.5369548184904674,False,8.250358951477294,0.5148200186633887,0.020428015564202335,2016,0.497786211258697
Limpopo,Ward 93302009,LIM332,3725,0.5012080536912752,False,8.22282213081366,0.5160526657254298,0.006427423674343867,2016,0.5040650406504065
Limpopo,Ward 93302010,LIM332,3918,0.5053598774885145,False,8.273336598504486,0.515909499387594,0.02727272727272727,2016,0.439247311827957
Limpopo,Ward 93302011,LIM332,3422,0.5210403272939801,False,8.137980454452139,0.5153687942218883,0.008412787436904094,2016,0.4947248360422013
Limpopo,Ward 93302012,LIM332,4065,0.484870848708487,False,8.310169021981912,0.5166160176213881,0.014713343480466767,2016,0.4675254965110038
Limpopo,Ward 93302013,LIM332,4279,0.5349380696424398,False,8.361474616416817,0.5148895617271139,0.011795543905635648,2016,0.5474375821287779
Limpopo,Ward 93302014,LIM332,3190,0.4893416927899686,False,8.06777619577889,0.5164618505840955,0.0064061499039077515,2016,0.4755366949575637
Limpopo,Ward 93302015,LIM332,3994,0.528292438657987,False,8.29254851397576,0.5151187214162329,0.00900473933649289,2016,0.5418648905803997
Limpopo,Ward 93302016,LIM332,3762,0.5186071238702817,False,8.232706009860976,0.5154526977882227,0.011788826242952332,2016,0.5637181409295352
Limpopo,Ward 93302017,LIM332,3926,0.4880285277636271,False,8.275376374836407,0.516507132136728,0.008872651356993737,2016,0.4714614793959559
Limpopo,Ward 93302018,LIM332,3422,0.5254237288135594,False,8.137980454452139,0.5152176424453511,0.008342602892102336,2016,0.5797227036395147
Limpopo,Ward 93302019,LIM332,3519,0.5089514066496164,False,8.165932137321585,0.5157856535544526,0.014517029592406477,2016,0.5014292520247737
Limpopo,Ward 93302020,LIM332,3916,0.466802860061287,False,8.272826003650401,0.5172390517126708,0.006564551422319475,2016,0.5155972609688054
Limpopo,Ward 93302021,LIM332,3280,0.5094512195121951,False,8.09559870137819,0.5157684186281567,0.014961101137043686,2016,0.5198666296193387
Limpopo,Ward 93302022,LIM332,4408,0.5748638838475499,False,8.391176350832751,0.5135128095131445,0.010655090765588003,2016,0.5644820295983086
Limpopo,Ward 93302023,LIM332,4236,0.5299811142587346,False,8.351374706721296,0.5150604912231036,0.011135857461024499,2016,0.4704605739088497
Limpopo,Ward 93302024,LIM332,3265,0.3638591117917304,False,8.09101504171053,0.520788836135759,0.006734006734006734,2016,0.5325443786982249
Limpopo,Ward 93302025,LIM332,4035,0.5251548946716234,False,8.302761580704049,0.5152269125881765,0.008966493629070316,2016,0.4745850622406639
Limpopo,Ward 93302026,LIM332,4003,0.5438421184111916,False,8.294799358992574,0.5145825255626741,0.01515847496554892,2016,0.4692604692604692
Limpopo,Ward 93302027,LIM332,3861,0.5718725718725719,False,8.258681496264236,0.5136159582019368,0.011322463768115942,2016,0.5986010223298359
Limpopo,Ward 93302028,LIM332,3326,0.5165363800360794,False,8.109525659752872,0.5155241027480228,0.005238649592549476,2016,0.5174632352941176
Limpopo,Ward 93302029,LIM332,3517,0.4955928348023884,False,8.165363632473982,0.5162462939629776,0.011474469305794608,2016,0.4761622742078768
Limpopo,Ward 93302030,LIM332,3363,0.5848944394885519,False,8.12058871174027,0.5131669282841445,0.009659379766141332,2016,0.5182597650047635
Limpopo,Ward 93303001,LIM333,5715,0.4860892388451444,False,8.65084957622891,0.5139624112134547,0.003599712023038157,2016,0.4202475077346167
Limpopo,Ward 93303002,LIM333,5137,0.527545259879307,False,8.544224530467268,0.5127431164771558,0.005904059040590406,2016,0.4743186582809224
Limpopo,Ward 93303003,LIM333,6259,0.589710816424349,False,8.7417757069247,0.5109147177552427,0.01083717149823896,2016,0.4934223443942666
Limpopo,Ward 93303004,LIM333,5452,0.4886280264123258,False,8.603737792816423,0.5138877409908905,0.013888888888888888,2016,0.4787492978842913
Limpopo,Ward 93303005,LIM333,5745,0.5190600522193212,False,8.656085190282855,0.5129926814083319,0.01039570757880617,2016,0.4053530551153372
Limpopo,Ward 93303006,LIM333,5196,0.5384911470361817,False,8.55564437779049,0.5124211786196006,0.01143674052894925,2016,0.4341547939930689
Limpopo,Ward 93303007,LIM333,5389,0.4913713119317127,False,8.592115117933497,0.5138070561226733,0.010196374622356496,2016,0.4189240030097818
Limpopo,Ward 93303008,LIM333,5172,0.4756380510440835,False,8.551014739891748,0.5142697990899565,0.00934959349593496,2016,0.4034079651277987
Limpopo,Ward 93303009,LIM333,5460,0.4998168498168498,False,8.605204068738951,0.513558657949581,0.010993037742762916,2016,0.4377057702304626
Limpopo,Ward 93303010,LIM333,5172,0.5319025522041764,False,8.551014739891748,0.5126149608205419,0.023627771719374774,2016,0.4492898579715943
Limpopo,Ward 93303011,LIM333,5220,0.5544061302681992,False,8.560252680876685,0.5119530908774825,0.013821700069108501,2016,0.474947206757535
Limpopo,Ward 93303012,LIM333,5101,0.4934326602626936,False,8.537191877922927,0.5137464282305855,0.01628923321414382,2016,0.434397845325125
Limpopo,Ward 93303013,LIM333,5075,0.4796059113300492,False,8.532081803909987,0.5141530973168398,0.006162695152013147,2016,0.3700756840675335
Limpopo,Ward 93303014,LIM333,6365,0.606127258444619,False,8.758569510991506,0.5104318812252348,0.011145671332296526,2016,0.4761582685153872
Limpopo,Ward 93303015,LIM333,5833,0.5568318189610835,False,8.671286726753637,0.5118817470923976,0.01539408866995074,2016,0.4713946262109303
Limpopo,Ward 93303016,LIM333,5548,0.5194664744051911,False,8.621192781434722,0.5129807278146297,0.013879250520471894,2016,0.4046121593291404
Limpopo,Ward 93303017,LIM333,5366,0.4135296310100633,False,8.58783803098557,0.5160965173262512,0.014420910319963948,2016,0.4088949843260188
Limpopo,Ward 93303018,LIM333,5268,0.5432801822323462,False,8.569406062863171,0.5122803246432428,0.01013277428371768,2016,0.3775949130353469
Limpopo,Ward 93303019,LIM333,5090,0.5129666011787819,False,8.53503310954457,0.5131719005565829,0.008808885484488702,2016,0.4106432013408758
Limpopo,Ward 93303020,LIM333,4749,0.4704148241735102,False,8.465689348549121,0.5144234234096792,0.005819158460161146,2016,0.3387874973778057
Limpopo,Ward 93303021,LIM333,4497,0.4969979986657772,False,8.411165786770708,0.5136415653363773,0.009395973154362415,2016,0.3933274802458297
Limpopo,Ward 93303022,LIM333,4982,0.4829385788839823,False,8.513586695822125,0.5140550776829006,0.008728179551122194,2016,0.4497708847373987
Limpopo,Ward 93303023,LIM333,4633,0.5046406216274553,False,8.440959885416648,0.5134167823080925,0.008982035928143712,2016,0.4184366104663893
Limpopo,Ward 93303024,LIM333,5656,0.5275813295615276,False,8.640472207576408,0.5127420556041492,0.02111260053619303,2016,0.4057226705796038
Limpopo,Ward 93303025,LIM333,5585,0.4923903312444047,False,8.6278397115033,0.5137770849664176,0.01781818181818182,2016,0.3888888888888889
Limpopo,Ward 93303026,LIM333,4660,0.5463519313304721,False,8.446770727119691,0.5121899790815332,0.015710919088766692,2016,0.4790697674418605
Limpopo,Ward 93303027,LIM333,5518,0.5244653860094237,False,8.615770754777232,0.5128337010027405,0.018659295093296474,2016,0.3922018348623853
Limpopo,Ward 93303028,LIM333,5785,0.4561797752808988,False,8.663023639627777,0.5148421013182854,0.017051913603637742,2016,0.410010649627263
Limpopo,Ward 93303029,LIM333,4786,0.5100292519849561,False,8.47345026846832,0.5132582931799308,0.01188037689471528,2016,0.3888772736776082
Limpopo,Ward 93303030,LIM333,4431,0.5089144662604378,False,8.39638057119949,0.5132910809953577,0.012860310421286032,2016,0.4495092693565976
Limpopo,Ward 93303031,LIM333,5860,0.5296928327645051,False,8.675904882571059,0.5126799525687676,0.008376288659793814,2016,0.4870026525198939
Limpopo,Ward 93303032,LIM333,4397,0.4710029565612917,False,8.388677769180811,0.5144061253982738,0.010140028971511348,2016,0.5101869355177484
Limpopo,Ward 93303033,LIM333,4972,0.5313757039420757,False,8.511577452630602,0.5126304563576626,0.00757002271006813,2016,0.4942910525223168
Limpopo,Ward 93303034,LIM333,5318,0.5770966528770214,False,8.578852571802965,0.5112857225654582,0.021505376344086023,2016,0.5939325419257584
Limpopo,Ward 93303035,LIM333,4932,0.5028386050283861,False,8.503499864284235,0.5134697827963004,0.008064516129032258,2016,0.4403435044765211
Limpopo,Ward 93304001,LIM334,3732,0.495176848874598,False,8.224699561967235,0.5116267390560363,0.015151515151515152,2016,0.3805970149253731
Limpopo,Ward 93304002,LIM334,4522,0.575187969924812,False,8.416709652837914,0.5071816767754689,0.02768166089965398,2016,0.4266433391652087
Limpopo,Ward 93304003,LIM334,3917,0.4697472555527189,False,8.27308133366583,0.5130394942405851,0.010869565217391304,2016,0.3730178706267304
Limpopo,Ward 93304004,LIM334,2998,0.4176117411607739,False,8.005700678662542,0.5159359117068043,0.01597444089456869,2016,0.3582952815829528
Limpopo,Ward 93304005,LIM334,3435,0.4171761280931587,False,8.14177220465645,0.515960112432783,0.0104675505931612,2016,0.3254936120789779
Limpopo,Ward 93304006,LIM334,3405,0.4966226138032305,False,8.133000218583613,0.5115464187822234,0.03725606150206978,2016,0.4284599375650364
Limpopo,Ward 93304007,LIM334,3729,0.5223920622150711,False,8.22389538017882,0.5101147827593434,0.009753593429158111,2016,0.4031128404669261
Limpopo,Ward 93304008,LIM334,3970,0.510831234256927,False,8.286521373681236,0.5107570509792403,0.013313609467455622,2016,0.4175415573053368
Limpopo,Ward 93304009,LIM334,4003,0.5795653260054959,False,8.294799358992574,0.506938490326542,0.00603448275862069,2016,0.4857778877071481
Limpopo,Ward 93304010,LIM334,3193,0.5731287190729721,False,8.068716192714781,0.5072960796005711,0.01092896174863388,2016,0.6232545649838883
Limpopo,Ward 93304011,LIM334,4165,0.476110444177671,False,8.334471554600944,0.5126859837614212,0.002017145738779627,2016,0.3702252693437806
Limpopo,Ward 93304012,LIM334,3553,0.6172248803827751,False,8.175547596021026,0.5048462928611376,0.0031919744642042863,2016,0.4946357989836251
Limpopo,Ward 93304013,LIM334,3337,0.4908600539406653,False,8.112827478751374,0.5118665609968104,0.009768009768009768,2016,0.4424756034925526
Limpopo,Ward 93304014,LIM334,3421,0.4443145279158141,False,8.137688184977605,0.5144524235537465,0.014473684210526316,2016,0.3997711670480549
Limpopo,Ward 93304015,LIM334,3604,0.5110987791342952,False,8.189799618728228,0.510742187374942,0.02280130293159609,2016,0.4333258376433551
Limpopo,Ward 93304016,LIM334,4241,0.4968167884932798,False,8.352554369474591,0.5115356312994428,0.009017560512577124,2016,0.3556983107304306
Limpopo,Ward 93304017,LIM334,3703,0.5884418039427491,False,8.216898580913613,0.5064453526633613,0.012391005048187242,2016,0.5658148505303761
Limpopo,Ward 93304018,LIM334,3746,0.5277629471436198,False,8.228443883004033,0.5098164002633129,0.01568032372281234,2016,0.4838791571464839
Limpopo,Ward 93304019,LIM334,3742,0.4943880277926242,False,8.227375506834035,0.5116705624494793,0.03351351351351351,2016,0.4195264698057994
Limpopo,Ward 93305001,LIM335,4004,0.4972527472527472,False,8.295049140435111,0.5672454301449866,0.011551983927674536,2016,0.4505010999755561
Limpopo,Ward 93305002,LIM335,3610,0.5476454293628809,False,8.191463051326927,0.5633690699826687,0.0065756196256954984,2016,0.5156363636363637
Limpopo,Ward 93305003,LIM335,4085,0.6303549571603427,False,8.315077007294104,0.5570067986136331,0.008155339805825243,2016,0.6170162620787178
Limpopo,Ward 93305004,LIM335,3577,0.6290187307799833,False,8.182279739259018,0.5571095852582761,0.017777777777777778,2016,0.6161228406909789
Limpopo,Ward 93305005,LIM335,3430,0.6072886297376093,False,8.140315540159985,0.5587811314923049,0.008641382621219395,2016,0.616078753076292
Limpopo,Ward 93305006,LIM335,3827,0.5385419388555004,False,8.249836485425702,0.5640693384832364,0.010189228529839884,2016,0.6318575553416746
Limpopo,Ward 93305007,LIM335,3519,0.5777209434498437,False,8.165932137321585,0.5610555688990562,0.014756517461878997,2016,0.5942028985507246
Limpopo,Ward 93305008,LIM335,4251,0.6212655845683369,False,8.35490952835879,0.5577059811207105,0.015903067020068155,2016,0.6723348593852191
Limpopo,Ward 93305009,LIM335,3623,0.5227711841015733,False,8.195057690895077,0.5652824734643077,0.01689545934530095,2016,0.5382491024578846
Limpopo,Ward 93305010,LIM335,3549,0.5007044237813468,False,8.174421152646497,0.5669799165658636,0.015194147439504783,2016,0.6099046610169492
Limpopo,Ward 93305011,LIM335,4579,0.5265341777680717,False,8.429235912657095,0.5649930124130387,0.00953961012028204,2016,0.5362108922363847
Limpopo,Ward 93305012,LIM335,3899,0.5568094383175173,False,8.268475388982598,0.5626641462169274,0.006448641179180101,2016,0.5503597122302158
Limpopo,Ward 93305013,LIM335,3532,0.5738958097395244,False,8.16961956172385,0.5613498099536961,0.009373458312777503,2016,0.6576157227825188
Limpopo,Ward 93305014,LIM335,3050,0.5416393442622951,False,8.022896869601457,0.5638310765288675,0.013317191283292978,2016,0.5565006075334143
Limpopo,Ward 93401001,LIM341,3175,0.5244094488188976,False,8.063062911326792,0.5500356078391054,0.01021021021021021,2016,0.4232820834640728
Limpopo,Ward 93401002,LIM341,3530,0.4399433427762039,False,8.169053149927343,0.5577143447520776,0.0103026400515132,2016,0.3229198886483143
Limpopo,Ward 93401003,LIM341,3524,0.5734960272417707,False,8.16735198705607,0.5455731916188443,0.002474022761009401,2016,0.4480582524271844
Limpopo,Ward 93401004,LIM341,3365,0.5340267459138187,False,8.121183242078828,0.5491613081032036,0.011129660545353366,2016,0.4370235934664246
Limpopo,Ward 93401005,LIM341,3314,0.5844900422450211,False,8.105911197986508,0.5445737357094579,0.011874032008260196,2016,0.4266945356822932
Limpopo,Ward 93401006,LIM341,3566,0.5636567582725743,False,8.179199798423086,0.546467670616044,0.013930348258706468,2016,0.4816652286453839
Limpopo,Ward 93401007,LIM341,3342,0.5077797725912627,False,8.114324709155339,0.5515473965870723,0.008249852681202121,2016,0.528871779686112
Limpopo,Ward 93401008,LIM341,4367,0.6237691779253492,False,8.381831553485561,0.5410029051930644,0.005506607929515419,2016,0.4911213816589637
Limpopo,Ward 93401009,LIM341,4077,0.5869511896001962,False,8.313116702819253,0.5443499950408056,0.010029251984956121,2016,0.5250689972401104
Limpopo,Ward 93401010,LIM341,3616,0.5320796460176991,False,8.193123721512068,0.549338317184669,0.006237006237006237,2016,0.5807743658210948
Limpopo,Ward 93401011,LIM341,3436,0.5387077997671711,False,8.142063283104147,0.5487357577528988,0.01620745542949757,2016,0.5737514518002322
Limpopo,Ward 93401012,LIM341,3970,0.5654911838790933,False,8.286521373681236,0.546300904651815,0.010244988864142539,2016,0.5305334298817282
Limpopo,Ward 93403001,LIM343,4559,0.4323316516779996,False,8.424858580213442,0.45861892727857156,0.007102993404363267,2016,0.4084934277047523
Limpopo,Ward 93403002,LIM343,4755,0.4675078864353312,False,8.46695197497949,0.45773952140963825,0.004948268106162843,2016,0.4732179645653069
Limpopo,Ward 93403003,LIM343,4892,0.4828291087489779,False,8.495356496807062,0.45735649085179714,0.006773920406435224,2016,0.4382542236524537
Limpopo,Ward 93403004,LIM343,4894,0.456681651001226,False,8.495765244002618,0.4580101772954909,0.008053691275167786,2016,0.4469783352337514
Limpopo,Ward 93403005,LIM343,5671,0.5034385469934756,False,8.643120748014027,0.45684125489568467,0.0070052539404553416,2016,0.4791831879460745
Limpopo,Ward 93403006,LIM343,5793,0.4767823234938719,False,8.664405571096625,0.45750766048317476,0.005430847212165098,2016,0.5030748206354629
Limpopo,Ward 93403007,LIM343,5122,0.3941819601718079,False,8.541300266759471,0.4595726695662264,0.014363546310054482,2016,0.3802055164954029
Limpopo,Ward 93403008,LIM343,6009,0.4806124147112664,False,8.701013624333928,0.45741190820273986,0.008310249307479225,2016,0.4098586694243364
Limpopo,Ward 93403009,LIM343,4862,0.4866310160427807,False,8.48920515487607,0.457261443169452,0.006762468300929839,2016,0.4443127962085308
Limpopo,Ward 93403010,LIM343,6013,0.4746382837186096,False,8.70167907103957,0.4575612614775563,0.00700770847932726,2016,0.4916477624252423
Limpopo,Ward 93403011,LIM343,6344,0.4634300126103405,False,8.755264763314685,0.457841468255263,0.005782312925170068,2016,0.4058310991957105
Limpopo,Ward 93403012,LIM343,5807,0.5050800757706216,False,8.66681936537205,0.45680021667625603,0.002386634844868735,2016,0.4051043143609479
Limpopo,Ward 93403013,LIM343,5754,0.4389989572471324,False,8.657650544111494,0.4584522446393432,0.018210609659540775,2016,0.5021033148241629
Limpopo,Ward 93403014,LIM343,5981,0.4646380203979268,False,8.696343057044556,0.4578112680605734,0.007196833393306945,2016,0.4439058171745152
Limpopo,Ward 93403015,LIM343,5704,0.4549438990182328,False,8.648922962094131,0.45805362109506575,0.008092485549132947,2016,0.3961649089165868
Limpopo,Ward 93403016,LIM343,6298,0.4769768180374722,False,8.74798740166097,0.4575027981195848,0.009986684420772303,2016,0.4322196956445688
Limpopo,Ward 93403017,LIM343,5437,0.4603641714180614,False,8.600982717145921,0.45791811428507,0.01278465840990811,2016,0.4211171423568552
Limpopo,Ward 93403018,LIM343,5060,0.4401185770750988,False,8.52912176228151,0.458424254143644,0.005388414907947912,2016,0.3585625695659087
Limpopo,Ward 93403019,LIM343,6044,0.5289543348775645,False,8.70682132339263,0.45620336019858243,0.007194244604316547,2016,0.4724306076519129
Limpopo,Ward 93403020,LIM343,6244,0.5144138372837924,False,8.739376281635323,0.4565668726384267,0.0186799501867995,2016,0.3888573052870949
Limpopo,Ward 93403021,LIM343,5288,0.4273827534039334,False,8.573195381531523,0.4587426497354232,0.008407079646017699,2016,0.3814398943196829
Limpopo,Ward 93403022,LIM343,6861,0.4378370499927124,False,8.833608482690892,0.4584812923207037,0.007989347536617843,2016,0.1554086732226342
Limpopo,Ward 93403023,LIM343,4534,0.4091310101455668,False,8.419359831067474,0.4591989433168823,0.016711590296495958,2016,0.346779440468445
Limpopo,Ward 93403024,LIM343,5696,0.4231039325842696,False,8.647519453091812,0.4588496202559148,0.01701244813278008,2016,0.3799167052290606
Limpopo,Ward 93403025,LIM343,5488,0.4150874635568513,False,8.610319169405722,0.45905003198160027,0.011852502194907815,2016,0.3681763040841084
Limpopo,Ward 93403026,LIM343,5767,0.4336743540835789,False,8.659907293615413,0.45858535971843206,0.013994402239104359,2016,0.4022773623385452
Limpopo,Ward 93403027,LIM343,6313,0.4560430856961824,False,8.750366278367625,0.45802614142811693,0.014588398749565822,2016,0.4244165170556553
Limpopo,Ward 93403028,LIM343,4951,0.3867905473641688,False,8.507344855361422,0.45975745488641734,0.00835509138381201,2016,0.4059820121313532
Limpopo,Ward 93403029,LIM343,5102,0.471187769502156,False,8.537387898701757,0.4576475243329677,0.007071547420965058,2016,0.3686592494814256
Limpopo,Ward 93403030,LIM343,5689,0.4348743188609597,False,8.646289764750648,0.45855536059899754,0.009296685529506871,2016,0.3889697852202403
Limpopo,Ward 93403031,LIM343,5523,0.4593518015571247,False,8.616676469901188,0.4579434235315934,0.005912495072920773,2016,0.422537535060221
Limpopo,Ward 93403032,LIM343,5588,0.4364710093056549,False,8.628376720376853,0.45851544333788014,0.0036900369003690036,2016,0.4143780290791599
Limpopo,Ward 93403033,LIM343,6071,0.4343600724757042,False,8.711278615130434,0.4585682167586289,0.019340159271899887,2016,0.3979955834890437
Limpopo,Ward 93403034,LIM343,4843,0.4947346685938468,False,8.48528964240323,0.4570588518556754,0.004173622704507512,2016,0.4866350710900474
Limpopo,Ward 93403035,LIM343,6016,0.4509640957446808,False,8.702177865629675,0.4581531161769045,0.005160339107998526,2016,0.4152322182526794
Limpopo,Ward 93403036,LIM343,5611,0.51898057387275,False,8.632484235750972,0.4564527042237028,0.004807692307692308,2016,0.415436005625879
Limpopo,Ward 93403037,LIM343,6192,0.4363695090439276,False,8.731013415269564,0.45851798084442336,0.008882309400444115,2016,0.3650159744408945
Limpopo,Ward 93403038,LIM343,5135,0.4979552093476144,False,8.543835122362658,0.45697833833683116,0.021509581540868204,2016,0.3843772760378732
Limpopo,Ward 93403039,LIM343,5111,0.4817061240461749,False,8.53915035876828,0.45738456546936723,0.006904955320877335,2016,0.4256206554121152
Limpopo,Ward 93403040,LIM343,5003,0.4153507895262842,False,8.517793011488205,0.4590434488323645,0.008180943214629451,2016,0.3514582303509639
Limpopo,Ward 93403041,LIM343,5071,0.4521790573851311,False,8.531293315795018,0.45812274213589327,0.0340165721761884,2016,0.395163961576681
Limpopo,Ward 93404001,LIM344,4506,0.5088770528184643,False,8.41316512099219,0.45658423225282435,0.0113388573920628,2016,0.4471472799646174
Limpopo,Ward 93404002,LIM344,5386,0.4667656888228741,False,8.591558273371545,0.45772237722567816,0.010342084327764518,2016,0.4045158821278224
Limpopo,Ward 93404003,LIM344,4857,0.3885114268066708,False,8.488176242345745,0.4598373572801702,0.018018018018018018,2016,0.4615889691398555
Limpopo,Ward 93404004,LIM344,4439,0.1572426222122099,False,8.398184404834035,0.4660878655124529,0.01002865329512894,2016,0.5226407109606432
Limpopo,Ward 93404005,LIM344,4766,0.3248006714225765,False,8.469262657658687,0.46155926958784843,0.00904392764857881,2016,0.3997293029551094
Limpopo,Ward 93404006,LIM344,4453,0.4763081068942286,False,8.401333305321703,0.4574644740345605,0.008958038661008957,2016,0.4286734936889735
Limpopo,Ward 93404007,LIM344,5132,0.6289945440374123,False,8.543250725735527,0.45333781357123126,0.006505576208178439,2016,0.5470897332255457
Limpopo,Ward 93404008,LIM344,4102,0.538030229156509,False,8.319229938632326,0.4557963085680124,0.008155867693701857,2016,0.4809449520837976
Limpopo,Ward 93404009,LIM344,3633,0.5488576933663639,False,8.197814032221203,0.4555036744001784,0.003009027081243731,2016,0.448229190164674
Limpopo,Ward 93404010,LIM344,4405,0.4360953461975028,False,8.39049553837028,0.45855130540474226,0.012493492972410203,2016,0.3848095456631482
Limpopo,Ward 93404011,LIM344,4986,0.4659045326915363,False,8.514389264083503,0.45774565171571435,0.012914334911752045,2016,0.4403205398566006
Limpopo,Ward 93404012,LIM344,5203,0.552373630597732,False,8.556990661290303,0.455408649069601,0.028183716075156576,2016,0.4827111984282907
Limpopo,Ward 93404013,LIM344,4331,0.4507042253521127,False,8.373553741214627,0.4581564708329961,0.010758196721311475,2016,0.3893129770992366
Limpopo,Ward 93404014,LIM344,5170,0.3868471953578336,False,8.550627967502475,0.4598823365085171,0.0135,2016,0.4322001527883881
Limpopo,Ward 93404015,LIM344,5293,0.4749669374645758,False,8.574140471857987,0.45750072185698354,0.016308671439936355,2016,0.4160116980442332
Limpopo,Ward 93404016,LIM344,4428,0.4525745257452574,False,8.395703293828527,0.45810592217372187,0.010479041916167664,2016,0.4327766179540709
Limpopo,Ward 93404017,LIM344,4372,0.4425892040256176,False,8.382975849296429,0.4583757957337122,0.007751937984496124,2016,0.4065089953507176
Limpopo,Ward 93404018,LIM344,4017,0.4329101319392581,False,8.298290634359283,0.45863739227658673,0.010925819436457734,2016,0.3947482638888889
Limpopo,Ward 93404019,LIM344,5069,0.4588676267508384,False,8.53089883847235,0.45793583836276025,0.012897678417884782,2016,0.4700700248475265
Limpopo,Ward 93404020,LIM344,4374,0.4970278920896205,False,8.383433201236713,0.45690447984009047,0.012879484820607176,2016,0.4525077674212162
Limpopo,Ward 93404021,LIM344,4725,0.4368253968253968,False,8.460622839927844,0.45853157430669106,0.006782945736434108,2016,0.3916971916971917
Limpopo,Ward 93404022,LIM344,5255,0.4711703139866793,False,8.566935283311052,0.4576033333023321,0.014135702746365105,2016,0.4361413043478261
Limpopo,Ward 93404023,LIM344,4882,0.5180253994264645,False,8.493310250952906,0.4563369796417974,0.013048635824436536,2016,0.4661962212610972
Limpopo,Ward 93404024,LIM344,4884,0.4807534807534807,False,8.493719835230594,0.4573443287951212,0.0068143100511073255,2016,0.4390743395453614
Limpopo,Ward 93404025,LIM344,4939,0.5100222717149221,False,8.504918160540624,0.45655328039075793,0.021834061135371178,2016,0.4100850546780072
Limpopo,Ward 93404026,LIM344,4904,0.5473083197389886,False,8.497806477616047,0.4555455493630805,0.009314456035767511,2016,0.4335006273525721
Limpopo,Ward 93404027,LIM344,5266,0.4266995822255982,False,8.569026340056254,0.4588052449715505,0.008900756564307966,2016,0.3684866099231887
Limpopo,Ward 93404028,LIM344,5639,0.5410533782585565,False,8.637462023807181,0.4557146018355246,0.004588659455916093,2016,0.4755411255411255
Limpopo,Ward 93404029,LIM344,4395,0.4796359499431172,False,8.388222810119277,0.45737453233053654,0.013757115749525617,2016,0.3921765295887663
Limpopo,Ward 93404030,LIM344,5268,0.4504555808656036,False,8.569406062863171,0.45816319095425306,0.012642225031605562,2016,0.3965825551361017
Limpopo,Ward 93404031,LIM344,4831,0.5073483750776236,False,8.482808764554406,0.45662554786744175,0.010607915136678907,2016,0.532167530224525
Limpopo,Ward 93404032,LIM344,5227,0.4008035201836618,False,8.561592778712923,0.4595051385402515,0.005727923627684964,2016,0.3290707587382779
Limpopo,Ward 93404033,LIM344,4508,0.4185891748003549,False,8.413608875159667,0.45902444517223273,0.008479067302596715,2016,0.4079826620913852
Limpopo,Ward 93404034,LIM344,5283,0.4039371569184176,False,8.572249397164315,0.45942044565552836,0.01640112464854733,2016,0.3675756443780351
Limpopo,Ward 93404035,LIM344,4251,0.4387203011056222,False,8.35490952835879,0.4584803606774958,0.009115281501340482,2016,0.3830334190231362
Limpopo,Ward 93404036,LIM344,5227,0.3627319686244499,False,8.561592778712923,0.4605340993932032,0.012658227848101266,2016,0.3744588744588744
Limpopo,Ward 93404037,LIM344,4463,0.4461124803943536,False,8.40357646462927,0.4582805720480706,0.0155700652938222,2016,0.4517982017982018
Limpopo,Ward 93404038,LIM344,5492,0.4730517115804807,False,8.61104776688786,0.45755248471871585,0.009237875288683603,2016,0.385968266105907
Limpopo,Ward 93405001,LIM345,4766,0.509651699538397,False,8.469262657658687,0.49000513692963427,0.01440922190201729,2016,0.4548839246605344
Limpopo,Ward 93405002,LIM345,4223,0.1153208619464835,False,8.348301054933943,0.5027254865293734,0.030800821355236138,2016,0.4860050890585242
Limpopo,Ward 93405003,LIM345,4781,0.4980129679983267,False,8.472405008626103,0.4903805798825398,0.0125997480050399,2016,0.3740120874012087
Limpopo,Ward 93405004,LIM345,3559,0.4827198651306547,False,8.177234885510194,0.4908739057814969,0.02037252619324796,2016,0.4884596086302057
Limpopo,Ward 93405005,LIM345,4540,0.5312775330396475,False,8.420682291035394,0.48930752939733585,0.013266998341625208,2016,0.4308650850706925
Limpopo,Ward 93405006,LIM345,3910,0.4135549872122762,False,8.271292652979412,0.4931050308756382,0.01422387136672851,2016,0.4731208951593286
Limpopo,Ward 93405009,LIM345,3508,0.1992588369441277,False,8.162801353492073,0.5000178099165462,0.02861230329041488,2016,0.4864451246174027
Limpopo,Ward 93405010,LIM345,4145,0.4911942098914355,False,8.329658067569396,0.4906005398214717,0.009332023575638507,2016,0.4294933078393881
Limpopo,Ward 93405011,LIM345,3893,0.2327254045723092,False,8.266935347610456,0.49893824321886293,0.017660044150110375,2016,0.6116807846633973
Limpopo,Ward 93405012,LIM345,3599,0.1867185329258127,False,8.188411308079031,0.5004223358526209,0.001488095238095238,2016,0.4313624678663239
Limpopo,Ward 93405015,LIM345,4075,0.5379141104294478,False,8.312626025674962,0.4890934462557294,0.010492700729927007,2016,0.4825375773651635
Limpopo,Ward 93405016,LIM345,4406,0.5880617339990921,False,8.39072252736229,0.4874757809792893,0.015824006175221922,2016,0.4977064220183486
Limpopo,Ward 93405017,LIM345,4989,0.5868911605532171,False,8.514990767861038,0.4875135414130272,0.01331967213114754,2016,0.4555428571428571
Limpopo,Ward 93405018,LIM345,4849,0.4656630233037739,False,8.486527777105353,0.49142412648558986,0.00487156775907883,2016,0.4584592145015105
Limpopo,Ward 93405019,LIM345,3385,0.3946824224519941,False,8.127109185346375,0.49371382328726016,0.02245508982035928,2016,0.597646573080099
Limpopo,Ward 93405020,LIM345,4392,0.537568306010929,False,8.387539983189367,0.48910460123697197,0.005082592121982211,2016,0.4886634844868735
Limpopo,Ward 93405021,LIM345,4844,0.6054913294797688,False,8.485496104672983,0.48691353596378356,0.03068530514831231,2016,0.489588623666836
Limpopo,Ward 93405022,LIM345,4504,0.577708703374778,False,8.412721169819527,0.48780974970910584,0.013066871637202153,2016,0.461796106342893
Limpopo,Ward 93405023,LIM345,4858,0.601482091395636,False,8.488382109562117,0.487042866224562,0.007186858316221766,2016,0.5033851055356432
Limpopo,Ward 93405024,LIM345,5265,0.5950617283950618,False,8.568836424568076,0.48724997470845155,0.012448132780082987,2016,0.4638119618338375
Limpopo,Ward 93405025,LIM345,4102,0.5699658703071673,False,8.319229938632326,0.4880595185177385,0.013686911890504704,2016,0.4883288576740343
Limpopo,Ward 93405026,LIM345,5017,0.5485349810643811,False,8.520587424484253,0.48875083752557025,0.010537790697674418,2016,0.4116978989210675
Limpopo,Ward 93405027,LIM345,4879,0.4980528796884607,False,8.492695559815838,0.4903792924086645,0.013580246913580247,2016,0.4547337891029625
Limpopo,Ward 93405028,LIM345,5080,0.573228346456693,False,8.533066540572527,0.4879542773516247,0.009271978021978022,2016,0.4597222222222222
Limpopo,Ward 93405029,LIM345,4870,0.5351129363449691,False,8.490849216076635,0.48918380671006745,0.010744435917114352,2016,0.4423683571948556
Limpopo,Ward 93405030,LIM345,4682,0.4884664673216574,False,8.451480648050856,0.49068853151727104,0.015741145605596852,2016,0.4904286308780691
Limpopo,Ward 93405031,LIM345,4701,0.541799617102744,False,8.45553053102413,0.4889681073307844,0.0176678445229682,2016,0.4409448818897638
Limpopo,Ward 93405032,LIM345,5319,0.5435232186501222,False,8.579040594742317,0.48891250728086894,0.014181943964026288,2016,0.5063819342169857
Limpopo,Ward 93405033,LIM345,4978,0.5478103656086781,False,8.512783482927537,0.48877421221768974,0.021635496883021636,2016,0.5383228133453561
Limpopo,Ward 93405034,LIM345,4167,0.5579553635709144,False,8.334951631422454,0.48844695421890794,0.013763440860215054,2016,0.468051434223541
Limpopo,Ward 93405035,LIM345,4322,0.5576122165664045,False,8.371473537066832,0.4884580234771179,0.004564315352697096,2016,0.4542797494780793
Limpopo,Ward 93405036,LIM345,4027,0.5867891730816985,False,8.300776960851454,0.4875168313314633,0.026237833262801522,2016,0.4573913043478261
Limpopo,Ward 93501001,LIM351,3582,0.5072585147962032,False,8.183676582620658,0.5068588269891398,0.014309301045679693,2016,0.4528083381586566
Limpopo,Ward 93501002,LIM351,3551,0.4902844269219938,False,8.174984532943087,0.5076671168879117,0.01665709362435382,2016,0.4279385705847607
Limpopo,Ward 93501003,LIM351,3760,0.4507978723404255,False,8.23217423638394,0.5095474290108435,0.008849557522123894,2016,0.4054794520547945
Limpopo,Ward 93501004,LIM351,3385,0.478877400295421,False,8.127109185346375,0.5082103086320342,0.010487353485502776,2016,0.4618149146451033
Limpopo,Ward 93501005,LIM351,4404,0.5758401453224341,False,8.390268497842571,0.5035930350593192,0.015378548895899053,2016,0.4520843315764254
Limpopo,Ward 93501006,LIM351,3467,0.5370637438707817,False,8.151044945685024,0.5054395303665408,0.012352309344790547,2016,0.4136390708755211
Limpopo,Ward 93501007,LIM351,3922,0.4882712901580826,False,8.274357006756292,0.5077629805433359,0.017754569190600523,2016,0.4636434714620797
Limpopo,Ward 93501008,LIM351,3802,0.4547606522882693,False,8.243282523048375,0.5093587252038032,0.013302486986697512,2016,0.3775557620817844
Limpopo,Ward 93501009,LIM351,4294,0.4625058220773171,False,8.364973978438726,0.508989907594801,0.011077542799597181,2016,0.4309582309582309
Limpopo,Ward 93501010,LIM351,3841,0.4977870346263994,False,8.253488028345904,0.5073098498543684,0.015690376569037656,2016,0.4469072164948454
Limpopo,Ward 93501011,LIM351,3749,0.4742598026140304,False,8.229244416735913,0.50843019423591,0.003374578177727784,2016,0.5118129818453121
Limpopo,Ward 93501012,LIM351,3939,0.5168824574765168,False,8.278682162970906,0.506400544004363,0.0063850687622789785,2016,0.4665625813166796
Limpopo,Ward 93501013,LIM351,3374,0.5669828097213989,False,8.123854263105914,0.5040148129450829,0.01097752221641401,2016,0.4937733499377335
Limpopo,Ward 93501014,LIM351,4148,0.4975891996142719,False,8.330381569349418,0.5073192705692318,0.00872093023255814,2016,0.4294270833333333
Limpopo,Ward 93501015,LIM351,3621,0.5175365921016294,False,8.19450550976564,0.5063693947365004,0.0192102454642476,2016,0.517436915225404
Limpopo,Ward 93501016,LIM351,4415,0.5648924122310306,False,8.392763113038061,0.5041143556827195,0.01764234161988773,2016,0.5304250559284116
Limpopo,Ward 93501017,LIM351,3724,0.5483351235230934,False,8.222553638396958,0.504902798002145,0.00832517140058766,2016,0.4994419642857143
Limpopo,Ward 93501018,LIM351,4367,0.496908632928784,False,8.381831553485561,0.5073516785066359,0.017972350230414748,2016,0.4159190246146768
Limpopo,Ward 93501019,LIM351,4452,0.4887690925426775,False,8.401108712395436,0.5077392756678791,0.017922794117647058,2016,0.3627781523937963
Limpopo,Ward 93501020,LIM351,3675,0.5376870748299319,False,8.209308411646937,0.5054098479399146,0.012651821862348178,2016,0.4854545454545454
Limpopo,Ward 93501021,LIM351,3377,0.5253183298785905,False,8.124743020385568,0.5059988357947404,0.021984216459977453,2016,0.4322766570605187
Limpopo,Ward 93501022,LIM351,3478,0.4726854514088556,False,8.154212694914229,0.5085051633409182,0.011557177615571776,2016,0.3991296238731737
Limpopo,Ward 93503001,LIM353,3199,0.533291653641763,False,8.070593539949519,0.5159568574811549,0.015240328253223915,2016,0.4551517939282428
Limpopo,Ward 93503002,LIM353,4321,0.5723212219393659,False,8.371242135931933,0.5133548862613148,0.01900525677315002,2016,0.5227027027027027
Limpopo,Ward 93503003,LIM353,3261,0.5001533272002453,False,8.089789175789319,0.5181660792439228,0.012262415695892091,2016,0.4767628205128205
Limpopo,Ward 93503004,LIM353,3371,0.5161673094037378,False,8.12296471523406,0.5170984804303566,0.009770114942528735,2016,0.4295240982115793
Limpopo,Ward 93503005,LIM353,3547,0.5336904426275726,False,8.173857454773621,0.5159302715487676,0.010036978341257264,2016,0.484248675773627
Limpopo,Ward 93503006,LIM353,3739,0.5140411874832843,False,8.226573474977114,0.5172402218917201,0.006763787721123829,2016,0.4005051922537188
Limpopo,Ward 93503007,LIM353,4186,0.5711896798853321,False,8.339500903005945,0.5134303223982503,0.014219991635299039,2016,0.5117739403453689
Limpopo,Ward 93503008,LIM353,3776,0.5161546610169492,False,8.236420527265391,0.5170993236561425,0.021549512570549,2016,0.4899436846339501
Limpopo,Ward 93503009,LIM353,3746,0.5688734650293646,False,8.228443883004033,0.5135847367219815,0.01360863444392304,2016,0.4969005702950657
Limpopo,Ward 93503010,LIM353,3836,0.4992179353493222,False,8.252185436003328,0.5182284387006509,0.009399477806788513,2016,0.430166076776477
Limpopo,Ward 93503011,LIM353,3597,0.4906866833472338,False,8.187855443695623,0.5187971888341235,0.014164305949008499,2016,0.4201202151217969
Limpopo,Ward 93503012,LIM353,3553,0.5074584857866592,False,8.175547596021026,0.5176790686714952,0.0066555740432612314,2016,0.5310796074154853
Limpopo,Ward 93503013,LIM353,3335,0.4923538230884557,False,8.112227958349724,0.5186860461847087,0.028014616321559074,2016,0.4476273148148148
Limpopo,Ward 93503014,LIM353,3752,0.4704157782515991,False,8.230044310126114,0.5201485825071658,0.018130311614730877,2016,0.4183389074693422
Limpopo,Ward 93503015,LIM353,4059,0.4858339492485834,False,8.308691916838898,0.5191207044407002,0.018762677484787018,2016,0.4130380691714357
Limpopo,Ward 93503016,LIM353,3774,0.5007949125596184,False,8.235890725928495,0.5181233068866312,0.019576719576719578,2016,0.4493041749502982
Limpopo,Ward 93504001,LIM354,7463,0.4889454642904998,False,8.917712757131387,0.5177076932127532,0.02740476842970677,2016,0.4738251041046996
Limpopo,Ward 93504002,LIM354,6315,0.4916864608076009,False,8.750683034784592,0.5176453978373646,0.023510466988727857,2016,0.4563433337817839
Limpopo,Ward 93504003,LIM354,6448,0.4984491315136476,False,8.771525284186465,0.5174917007758635,0.01773490976975731,2016,0.4164460364429216
Limpopo,Ward 93504004,LIM354,6564,0.5062461913467398,False,8.789355452209982,0.5173144948705659,0.023472765573277158,2016,0.4773011897307451
Limpopo,Ward 93504005,LIM354,7645,0.4759973839110529,False,8.941807118363164,0.5180019677668315,0.04781533388293487,2016,0.4099971518086015
Limpopo,Ward 93504006,LIM354,6337,0.4872968281521224,False,8.754160749323518,0.5177451622158982,0.01133419689119171,2016,0.451705402958044
Limpopo,Ward 93504007,LIM354,6270,0.4814992025518341,False,8.743531633626967,0.5178769264340866,0.02119907254057635,2016,0.4474752394869297
Limpopo,Ward 93504008,LIM354,8399,0.5529229670198833,False,9.035867930125628,0.5162536590598127,0.011412575366063738,2016,0.3809842651489789
Limpopo,Ward 93504009,LIM354,7379,0.5320504133351402,False,8.906393407058367,0.5167280352799204,0.018084564442180335,2016,0.4594073717176584
Limpopo,Ward 93504010,LIM354,7893,0.5556822500950209,False,8.973731569708402,0.5161909480808323,0.007751937984496124,2016,0.4521452145214521
Limpopo,Ward 93504011,LIM354,7005,0.5357601713062099,False,8.854379458771108,0.5166437225987598,0.009059419131361577,2016,0.4506112125895742
Limpopo,Ward 93504012,LIM354,5659,0.4905460328679978,False,8.641002477142523,0.5176713166541738,0.004682997118155619,2016,0.3950349883372209
Limpopo,Ward 93504013,LIM354,6933,0.5772392903504976,False,8.84404789894249,0.5157010153477533,0.017491254372813594,2016,0.4939589442815249
Limpopo,Ward 93504014,LIM354,7761,0.5708027316067517,False,8.95686647085414,0.5158473007737475,0.0074492099322799096,2016,0.4710782588290508
Limpopo,Ward 93504015,LIM354,7365,0.5585879158180583,False,8.90449432889673,0.5161249102234905,0.012153621779290228,2016,0.4201680672268907
Limpopo,Ward 93504016,LIM354,7848,0.5816768603465852,False,8.9680140012452,0.5156001614842057,0.014457831325301205,2016,0.4712448434845911
Limpopo,Ward 93504017,LIM354,6339,0.5161697428616501,False,8.754476306284166,0.5170889596088635,0.042787286063569685,2016,0.4680139186295503
Limpopo,Ward 93504018,LIM354,7628,0.504719454640797,False,8.93958096672031,0.5173491934320646,0.00909090909090909,2016,0.4538841257469472
Limpopo,Ward 93504019,LIM354,6684,0.5124177139437462,False,8.807471889715284,0.5171742329933612,0.0075912408759124085,2016,0.4036144578313253
Limpopo,Ward 93504020,LIM354,6373,0.5873215126314137,False,8.759825595314295,0.5154718739322779,0.0053433075073470475,2016,0.43027591349739
Limpopo,Ward 93504021,LIM354,6372,0.620527306967985,False,8.759668671029939,0.5147171967882649,0.0032878098128477492,2016,0.5368190528332877
Limpopo,Ward 93504022,LIM354,7112,0.5812710911136107,False,8.86953877719374,0.515609383512228,0.0021770682148040637,2016,0.4714209401709401
Limpopo,Ward 93504023,LIM354,7710,0.6265888456549935,False,8.950273466557375,0.5145794345453784,0.004139929621196439,2016,0.4382117761085534
Limpopo,Ward 93504024,LIM354,7012,0.5907016543069025,False,8.855378246041125,0.5153950525305623,0.0147271849348141,2016,0.4493518239372927
Limpopo,Ward 93504025,LIM354,7825,0.4962300319488817,False,8.965079015408355,0.5175421348568808,0.010301313417460727,2016,0.4038157734840199
Limpopo,Ward 93504026,LIM354,7723,0.2971643143856014,False,8.951958168569265,0.5220663557105918,0.005664488017429194,2016,0.1683545968696567
Limpopo,Ward 93504027,LIM354,7282,0.4901126064268058,False,8.893160828735379,0.5176811672551099,0.02633790977864948,2016,0.423616060822048
Limpopo,Ward 93504028,LIM354,6600,0.5127272727272727,False,8.794824928014517,0.5171671975664629,0.01950354609929078,2016,0.4276522519826425
Limpopo,Ward 93504029,LIM354,5933,0.4786785774481712,False,8.688285266258644,0.5179410315500789,0.016549295774647886,2016,0.4586442786069651
Limpopo,Ward 93504030,LIM354,7036,0.4782546901648664,False,8.85879510585745,0.5179506653519721,0.0237741456166419,2016,0.4568430387230269
Limpopo,Ward 93504031,LIM354,6610,0.510590015128593,False,8.796338932845732,0.5172157716027965,0.013333333333333334,2016,0.4293870192307692
Limpopo,Ward 93504032,LIM354,6950,0.562158273381295,False,8.846496938558838,0.5160437657334169,0.016892756590734578,2016,0.4790299572039942
Limpopo,Ward 93504033,LIM354,6075,0.5134156378600823,False,8.711937268208748,0.5171515529043537,0.016992625841615903,2016,0.4316312276889648
Limpopo,Ward 93504034,LIM354,7069,0.4740415900410242,False,8.863474306170954,0.518046417627514,0.018203521336914354,2016,0.4362022053558642
Limpopo,Ward 93504035,LIM354,7577,0.488055958822753,False,8.932872621931374,0.5177279092461111,0.02163331530557058,2016,0.4558033315421816
Limpopo,Ward 93504036,LIM354,6388,0.545554164057608,False,8.762176509334903,0.5164211318544099,0.020946915351506456,2016,0.4644882860665845
Limpopo,Ward 93504037,LIM354,6463,0.5277734798081386,False,8.773848885262895,0.516825238314625,0.011140428026971563,2016,0.45598719627528
Limpopo,Ward 93504038,LIM354,6210,0.5676328502415459,False,8.733916174927524,0.5159193435320476,0.012198581560283688,2016,0.4653465346534653
Limpopo,Ward 93504039,LIM354,7079,0.5089701935301596,False,8.86488793377419,0.5172525857300336,0.0038856508465167916,2016,0.3735898177610645
Limpopo,Ward 93504040,LIM354,7896,0.4690982776089159,False,8.974111581113318,0.5181587656373347,0.02159827213822894,2016,0.432988373578638
Limpopo,Ward 93504041,LIM354,7538,0.4802334836826744,False,8.92771217382708,0.5179056927720219,0.01878453038674033,2016,0.3936759889140842
Limpopo,Ward 93504042,LIM354,7851,0.4995541969175901,False,8.968396191198256,0.5174665856530466,0.013768485466598673,2016,0.3990777338603425
Limpopo,Ward 93504043,LIM354,7831,0.4561358702592261,False,8.965845494750937,0.5184533658043731,0.019876819708846586,2016,0.3959917069799585
Limpopo,Ward 93504044,LIM354,7896,0.5115248226950354,False,8.974111581113318,0.5171945259762865,0.012874473879673186,2016,0.4447670582024548
Limpopo,Ward 93504045,LIM354,7742,0.4750710410746577,False,8.954415331137593,0.5180230210131133,0.014138118542686243,2016,0.3891706648389307
Limpopo,Ward 93505001,LIM355,3967,0.4527350642803125,False,8.28576542051433,0.49471894863018906,0.012249443207126948,2016,0.4180626365622724
Limpopo,Ward 93505002,LIM355,3974,0.4859084046300956,False,8.287528423111763,0.49357504034226557,0.01294665976178146,2016,0.3806434872859366
Limpopo,Ward 93505003,LIM355,2995,0.476126878130217,False,8.00469951054955,0.49391233435950277,0.033660589060308554,2016,0.4434811603867956
Limpopo,Ward 93505004,LIM355,3169,0.5086778163458504,False,8.06117135969092,0.49278988821413605,0.011786600496277916,2016,0.4106641721234799
Limpopo,Ward 93505005,LIM355,3365,0.4707280832095096,False,8.121183242078828,0.4940984997015961,0.021464646464646464,2016,0.4321103794292882
Limpopo,Ward 93505006,LIM355,3453,0.4975383724297712,False,8.146998697389993,0.4931740069698629,0.033760186263096625,2016,0.4205908160280784
Limpopo,Ward 93505007,LIM355,3627,0.5555555555555556,False,8.196161139282902,0.49117341444828416,0.0228287841191067,2016,0.4064296915838996
Limpopo,Ward 93505008,LIM355,3599,0.4676298971936649,False,8.188411308079031,0.4942053337021424,0.007724301841948901,2016,0.4132124352331606
Limpopo,Ward 93505009,LIM355,3005,0.4386023294509151,False,8.008032846969307,0.4952062843139614,0.024279210925644917,2016,0.3828351012536162
Limpopo,Ward 93505010,LIM355,3065,0.4610114192495921,False,8.027802848370312,0.49443355707952424,0.019815994338287332,2016,0.372907949790795
Limpopo,Ward 93505011,LIM355,3403,0.4695856597120188,False,8.132412674500905,0.4941378936153027,0.03566958698372966,2016,0.3920792079207921
Limpopo,Ward 93505012,LIM355,3082,0.4860480207657365,False,8.033334015880062,0.4935702259927607,0.018024032042723633,2016,0.4306400231682595
Limpopo,Ward 93505013,LIM355,3610,0.5977839335180055,False,8.191463051326927,0.48971726348406175,0.007877664504170528,2016,0.4593290944968208
Limpopo,Ward 93505014,LIM355,4322,0.450023137436372,False,8.371473537066832,0.4948124633489457,0.013881748071979434,2016,0.4324404761904762
Limpopo,Ward 93505015,LIM355,4049,0.5485305013583601,False,8.30622521603216,0.4914156576964633,0.00585321927059883,2016,0.416893115942029
Limpopo,Ward 93505016,LIM355,3026,0.4976867151354924,False,8.014996894348302,0.4931688917041484,0.015272244355909695,2016,0.3968729208250166
Limpopo,Ward 93505017,LIM355,4016,0.5229083665338645,False,8.298041661371565,0.4922991795869632,0.011904761904761904,2016,0.4353125
Limpopo,Ward 93505018,LIM355,2922,0.4757015742642026,False,7.980023592310645,0.4939270000100549,0.007913669064748202,2016,0.4409293129016312
Limpopo,Ward 93505019,LIM355,3701,0.4977033234261011,False,8.216358332386156,0.4931683190044722,0.018458197611292075,2016,0.4565548780487805
Limpopo,Ward 93505020,LIM355,3717,0.4694646220069949,False,8.220672170297252,0.49414206732926896,0.006876790830945559,2016,0.3908136482939632
Limpopo,Ward 93505021,LIM355,3559,0.3652711435796572,False,8.177234885510194,0.497734945895729,0.03,2016,0.3826188393117527
Limpopo,Ward 93505022,LIM355,4036,0.4449950445986125,False,8.3030093814735,0.4949858458605925,0.02338530066815145,2016,0.3771545427987146
Limpopo,Ward 93505023,LIM355,2994,0.4288577154308617,False,8.004365564979574,0.4955423054870667,0.0132398753894081,2016,0.3655438983986747
Limpopo,Ward 93505024,LIM355,3120,0.5028846153846154,False,8.045588280803528,0.49298965376452347,0.01338432122370937,2016,0.4032946918852959
Limpopo,Ward 93505025,LIM355,3569,0.508265620622023,False,8.18004072349016,0.4928041018597853,0.008269018743109152,2016,0.4745716616807179
Limpopo,Ward 93505026,LIM355,4018,0.5139372822299652,False,8.29853954537488,0.49260852732158034,0.015980629539951573,2016,0.439149560117302
Limpopo,Ward 93505027,LIM355,3905,0.4991037131882202,False,8.270013062273787,0.4931200297023302,0.022575679835813236,2016,0.483580637314522
Limpopo,Ward 93505028,LIM355,3403,0.5545107258301498,False,8.132412674500905,0.49120944305950504,0.014308426073131956,2016,0.5679179044018363
Limpopo,Ward 93505029,LIM355,3704,0.6247300215982722,False,8.21716859576607,0.48878808803301804,0.00950734658599827,2016,0.6250655479811221
Limpopo,Ward 93505030,LIM355,3379,0.5270790174607872,False,8.12533508671429,0.49215536403775895,0.01347557551937114,2016,0.4754683318465655
Limpopo,Ward 93601001,LIM361,2999,0.5288429476492164,False,8.00603417874901,0.4994761169340666,0.012610340479192938,2016,0.4712166172106825
Limpopo,Ward 93601002,LIM361,4190,0.698090692124105,False,8.340456012916183,0.48408995834544033,0.006495726495726496,2016,0.5598365440747227
Limpopo,Ward 93601003,LIM361,6413,0.4660845158272259,False,8.766082459148864,0.5051814289178839,0.04182000669120107,2016,0.2951773835920177
Limpopo,Ward 93601004,LIM361,3370,0.5160237388724036,False,8.122668023346407,0.5006414995501405,0.01897642323174238,2016,0.5381210034431874
Limpopo,Ward 93601005,LIM361,2845,0.4119507908611599,False,7.953318346560431,0.5101026766420718,0.015358361774744027,2016,0.4081996434937611
Limpopo,Ward 93601006,LIM361,2741,0.4202845676760306,False,7.916078096302786,0.5093450605679926,0.014756944444444444,2016,0.3631732168850072
Limpopo,Ward 93601007,LIM361,4124,0.4498060135790495,False,8.32457884513685,0.5066612927586273,0.026954177897574125,2016,0.3171694389625035
Limpopo,Ward 93601008,LIM361,3441,0.5056669572798606,False,8.14351740579748,0.5015830251494626,0.01954022988505747,2016,0.3538261515601783
Limpopo,Ward 93601009,LIM361,3957,0.5635582512004044,False,8.283241441385425,0.496320180247595,0.02197309417040359,2016,0.4524759446139404
Limpopo,Ward 93601010,LIM361,4126,0.5014541929229278,False,8.325063693631197,0.5019660037273656,0.024649589173513776,2016,0.3952451708766716
Limpopo,Ward 93601011,LIM361,2667,0.4225721784776903,False,7.888709524182015,0.5091370959496598,0.008873114463176575,2016,0.3054325955734406
Limpopo,Ward 93601012,LIM361,4336,0.5387453874538746,False,8.374707543119483,0.4985758951336431,0.012842465753424657,2016,0.4754510162137474
Limpopo,Ward 93602001,LIM362,6487,0.4188376753507014,False,8.777555453213056,0.5163809366470818,0.010673536989326464,2016,0.303357314148681
Limpopo,Ward 93602002,LIM362,6592,0.3211468446601941,False,8.793612071589308,0.5245218392046241,0.021256495040151157,2016,0.2697864998921717
Limpopo,Ward 93602003,LIM362,4072,0.5741650294695482,False,8.311889558230359,0.5034369904705113,0.004704875962360992,2016,0.3532289628180039
Limpopo,Ward 93602004,LIM362,3803,0.4567446752563765,False,8.24354550792826,0.5132220199882755,0.0028785261945883708,2016,0.3736588975212727
Limpopo,Ward 93602005,LIM362,4916,0.524206672091131,False,8.500250470685925,0.5076001869187127,0.042685292976329066,2016,0.5833130031715053
Limpopo,Ward 93602006,LIM362,3751,0.5065315915755798,False,8.229777750081887,0.5090731102950087,0.014210526315789474,2016,0.5231429216527432
Limpopo,Ward 93602007,LIM362,4079,0.554302525128708,False,8.313607139317558,0.5050921991655812,0.016364440513047324,2016,0.5538631346578367
Limpopo,Ward 93602008,LIM362,4859,0.5682239143856761,False,8.488587934405903,0.5039320833941673,0.03802969938428106,2016,0.628700986929848
Limpopo,Ward 93602009,LIM362,4033,0.530374411108356,False,8.302265794873367,0.5070862086672773,0.009817671809256662,2016,0.5918416030534351
Limpopo,Ward 93602010,LIM362,3676,0.6085418933623504,False,8.209580483475577,0.5005722518127778,0.016987036209208762,2016,0.6042684494728722
Limpopo,Ward 93602011,LIM362,3908,0.59007164790174,False,8.270781013162674,0.5021114389344953,0.013876843018213356,2016,0.5703617269544924
Limpopo,Ward 93602012,LIM362,4138,0.5463992266795553,False,8.327967858305488,0.5057508073696774,0.02476780185758514,2016,0.557860004713646
Limpopo,Ward 93602013,LIM362,3732,0.4158628081457663,False,8.224699561967235,0.5166288422474931,0.004510309278350515,2016,0.4244209670865502
Limpopo,Ward 93606001,LIM366,3398,0.6209535020600353,False,8.130942302231878,0.5446012967195801,0.0037914691943127963,2016,0.5600558659217877
Limpopo,Ward 93606002,LIM366,3201,0.5392064979693846,False,8.071218539969863,0.5548196722309114,0.023754345307068367,2016,0.4586535505687058
Limpopo,Ward 93606003,LIM366,3196,0.5150187734668336,False,8.069655306886165,0.5578431377937304,0.009720534629404616,2016,0.4609427609427609
Limpopo,Ward 93606004,LIM366,3725,0.5280536912751678,False,8.22282213081366,0.5562137730676886,0.020843924758515507,2016,0.4960974086793631
Limpopo,Ward 93606005,LIM366,2944,0.5978260869565217,False,7.987524479848767,0.5474922236075194,0.017045454545454544,2016,0.5470027247956403
Limpopo,Ward 93606006,LIM366,2942,0.5336505778382054,False,7.9868449011613825,0.5555141622473089,0.028662420382165606,2016,0.5165702261967385
Limpopo,Ward 93606007,LIM366,3702,0.5777957860615883,False,8.216628493133443,0.549996011219386,0.02851799906498364,2016,0.5413555427914991
Limpopo,Ward 93606008,LIM366,3018,0.5212060967528165,False,8.012349639327795,0.5570697223829825,0.015257469802924348,2016,0.4853484363457276
Limpopo,Ward 93606009,LIM366,4086,0.5440528634361234,False,8.315321775377567,0.5542138765475692,0.016644174538911382,2016,0.4452261306532663
Limpopo,Ward 93607001,LIM367,4696,0.5251277683134583,False,8.454466361507933,0.4871078074688072,0.015815085158150853,2016,0.4739843193157519
Limpopo,Ward 93607002,LIM367,3770,0.473209549071618,False,8.234830280442056,0.4887825887346731,0.021860986547085202,2016,0.4294727354664263
Limpopo,Ward 93607003,LIM367,4264,0.5649624765478424,False,8.357962965845681,0.4858228168806013,0.0103777501037775,2016,0.5282544040265386
Limpopo,Ward 93607004,LIM367,4309,0.5437456486423764,False,8.368461137615839,0.4865072306840034,0.04353393085787452,2016,0.4190031152647975
Limpopo,Ward 93607005,LIM367,4135,0.4766626360338573,False,8.327242607457793,0.48867119883266535,0.020801623541349568,2016,0.4577502691065662
Limpopo,Ward 93607006,LIM367,4116,0.5162779397473275,False,8.32263709695394,0.4873932858096502,0.02776470588235294,2016,0.452628839146278
Limpopo,Ward 93607007,LIM367,4062,0.4359921221073363,False,8.30943074214033,0.4899831508948112,0.01637492941840768,2016,0.4842377260981912
Limpopo,Ward 93607008,LIM367,3771,0.4645982498011137,False,8.235095497258357,0.4890603725821087,0.014269406392694063,2016,0.4174950298210735
Limpopo,Ward 93607009,LIM367,4344,0.4689226519337016,False,8.37655086161377,0.488920875739122,0.02110947471772214,2016,0.381786718581008
Limpopo,Ward 93607010,LIM367,4642,0.475872468763464,False,8.442900586834382,0.4886966880994522,0.008601177003168854,2016,0.4390368852459016
Limpopo,Ward 93607011,LIM367,4047,0.493451939708426,False,8.305731144875866,0.48812960839155023,0.01602403605408112,2016,0.4207470974255426
Limpopo,Ward 93607012,LIM367,4672,0.4556934931506849,False,8.449342524508063,0.4893476227966386,0.005166744950681071,2016,0.374750830564784
Limpopo,Ward 93607013,LIM367,4938,0.5194410692588093,False,8.504715669905124,0.4872912493737959,0.01793372319688109,2016,0.3862118320610687
Limpopo,Ward 93607014,LIM367,4981,0.5039148765308171,False,8.513385953073284,0.48779209430050535,0.01593625498007968,2016,0.3987867894855089
Limpopo,Ward 93607015,LIM367,3951,0.4581118704125538,False,8.281723990411392,0.48926961062690094,0.022651933701657457,2016,0.376833807751259
Limpopo,Ward 93607016,LIM367,3856,0.3962655601659751,False,8.257385655730436,0.4912646528929196,0.01767015706806283,2016,0.3830655445039531
Limpopo,Ward 93607017,LIM367,4849,0.4844297793359455,False,8.486527777105353,0.48842064582292055,0.02681992337164751,2016,0.3466257668711656
Limpopo,Ward 93607018,LIM367,4917,0.4923733984136669,False,8.50045386741194,0.48816440004621986,0.010326311441553077,2016,0.2999386628501329
Limpopo,Ward 93607019,LIM367,4820,0.4614107883817427,False,8.480529207044645,0.48916319391821744,0.016636690647482015,2016,0.3225098727512067
Limpopo,Ward 93607020,LIM367,4425,0.4912994350282486,False,8.39502555744203,0.4881990440263947,0.020239190432382703,2016,0.4323251417769376
Limpopo,Ward 93607021,LIM367,4674,0.4067180145485665,False,8.449770515098804,0.4909274769450941,0.016833245660178853,2016,0.4023765621798811
Limpopo,Ward 93607022,LIM367,3785,0.5001321003963012,False,8.23880116587155,0.4879141193371026,0.021658742736397254,2016,0.4109229668495111
Limpopo,Ward 93607023,LIM367,5375,0.466046511627907,False,8.589513852995864,0.48901365445866374,0.016766467065868262,2016,0.4297504798464491
Limpopo,Ward 93607024,LIM367,4029,0.5214693472325639,False,8.301273485191347,0.4872258210520619,0.010947168015230843,2016,0.418610747051114
Limpopo,Ward 93607025,LIM367,4886,0.4838313548915268,False,8.494129251817686,0.4884399498372567,0.01353637901861252,2016,0.4062282128747385
Limpopo,Ward 93607026,LIM367,5125,0.4472195121951219,False,8.54188580400661,0.48962097702101165,0.008289703315881327,2016,0.3621621621621622
Limpopo,Ward 93607027,LIM367,4342,0.4633809304467987,False,8.376090350438238,0.4890996409483769,0.01143141153081511,2016,0.3364764267990074
Limpopo,Ward 93607028,LIM367,4757,0.4942190456169855,False,8.467372496432281,0.4881048630396612,0.01786473840918758,2016,0.3162428219852338
Limpopo,Ward 93607029,LIM367,5228,0.4910099464422341,False,8.561784074744113,0.488208382367879,0.015192832099727308,2016,0.3619750483219118
Limpopo,Ward 93607030,LIM367,5325,0.4873239436619718,False,8.580167990577626,0.48832728568337136,0.010404624277456647,2016,0.37688127090301
Limpopo,Ward 93607031,LIM367,4508,0.6242236024844721,False,8.413608875159667,0.48391116765683906,0.004619758351101635,2016,0.563984674329502
Limpopo,Ward 93607032,LIM367,4432,0.5381317689530686,False,8.39660622842712,0.4866883235772069,0.007547169811320755,2016,0.4592716818399616
Limpopo,Ward 93608001,LIM368,4044,0.5140949554896143,False,8.304989580140361,0.5823370236275396,0.015873015873015872,2016,0.4814814814814814
Limpopo,Ward 93608002,LIM368,3580,0.4980446927374302,False,8.183118079394745,0.5835716592238614,0.014021312394840156,2016,0.4554943461873006
Limpopo,Ward 93608003,LIM368,3593,0.5563595880879488,False,8.186742787113518,0.5790858980430523,0.00400200100050025,2016,0.488991888760139
Limpopo,Ward 93608004,LIM368,4022,0.5678766782695176,False,8.299534570332597,0.5781999680290855,0.01838879159369527,2016,0.495900555408622
Limpopo,Ward 93608005,LIM368,4622,0.5763738641280831,False,8.438582790834326,0.5775463383476573,0.0063813813813813815,2016,0.4876768598813327
Limpopo,Ward 93608006,LIM368,3522,0.6340147643384441,False,8.166784289056151,0.5731124229468604,0.012539184952978056,2016,0.5291666666666667
Limpopo,Ward 93608007,LIM368,2594,0.6522744795682344,False,7.860956364876389,0.5717078294676458,0.01182033096926714,2016,0.4924578527062999
Limpopo,Ward 93608008,LIM368,3340,0.6014970059880239,False,8.113726085970747,0.5756137889738158,0.012444001991040319,2016,0.4622751015670342
Limpopo,Ward 93608009,LIM368,2994,0.5531062124248497,False,8.004365564979574,0.5793361577094445,0.021135265700483092,2016,0.5221122112211221
Limpopo,Ward 93608010,LIM368,3243,0.5679925994449584,False,8.084254106307318,0.5781910510155901,0.02062975027144408,2016,0.5018026876433956
Limpopo,Ward 93608011,LIM368,4875,0.5788717948717949,False,8.491875383431948,0.5773541898289103,0.007795889440113395,2016,0.4765375854214123
Limpopo,Ward 93608012,LIM368,3436,0.7630966239813737,False,8.142063283104147,0.5631830491281734,0.004195270785659802,2016,0.6690042075736325
Limpopo,Ward 93608013,LIM368,3753,0.5153210764721556,False,8.23031079913502,0.5822427066288826,0.009307135470527405,2016,0.4217379750199309
Limpopo,Ward 93608014,LIM368,3062,0.5055519268451992,False,8.026823576217629,0.58299417967711,0.01227390180878553,2016,0.4826086956521739
Limpopo,Ward 94701001,LIM471,3031,0.5163312438139228,False,8.016647877057803,0.5001172519074615,0.042172523961661344,2016,0.4325077399380805
Limpopo,Ward 94701002,LIM471,3808,0.4855567226890756,False,8.244859395911256,0.502168886649118,0.019469983775013522,2016,0.4598174860170739
Limpopo,Ward 94701003,LIM471,3390,0.5144542772861357,False,8.128585200374497,0.5002423830093139,0.013761467889908258,2016,0.4468085106382978
Limpopo,Ward 94701004,LIM471,3321,0.4465522433002107,False,8.108021221376747,0.5047691852750423,0.01820633850303439,2016,0.5352760736196319
Limpopo,Ward 94701005,LIM471,3512,0.5227790432801822,False,8.163940954755008,0.4996873986097109,0.011437908496732025,2016,0.463743676222597
Limpopo,Ward 94701006,LIM471,2982,0.4852448021462106,False,8.000349495324684,0.5021896813519756,0.011748445058742226,2016,0.4703296703296703
Limpopo,Ward 94701007,LIM471,3137,0.5349059611093402,False,8.051022208190679,0.49887893742110034,0.006555423122765197,2016,0.417506478548805
Limpopo,Ward 94701008,LIM471,3993,0.5128975707488104,False,8.292298107063221,0.5003461634451356,0.02392578125,2016,0.4074784276126558
Limpopo,Ward 94701009,LIM471,3915,0.5128991060025543,False,8.272570608424903,0.5003460610948861,0.030378486055776893,2016,0.3983158969124776
Limpopo,Ward 94701010,LIM471,3796,0.55927291886196,False,8.241703159729818,0.49725447357092567,0.0131888836552049,2016,0.4513548387096774
Limpopo,Ward 94701011,LIM471,3339,0.4630128781072177,False,8.113426639943654,0.5036718096212418,0.02199223803363519,2016,0.4121540312876053
Limpopo,Ward 94701012,LIM471,4088,0.485078277886497,False,8.31581113188354,0.5022007829692899,0.012102874432677761,2016,0.401219512195122
Limpopo,Ward 94701013,LIM471,3506,0.5039931545921278,False,8.16223106548118,0.5009397911889145,0.011884550084889643,2016,0.498837749883775
Limpopo,Ward 94701014,LIM471,3095,0.5079159935379645,False,8.037543185118697,0.5006782685925254,0.015267175572519083,2016,0.4390581717451524
Limpopo,Ward 94701015,LIM471,4163,0.493634398270478,False,8.333991247194975,0.5016303749436911,0.023844282238442822,2016,0.4430905566325118
Limpopo,Ward 94701016,LIM471,3858,0.4735614307931571,False,8.257904193465674,0.5029685727755125,0.008210180623973728,2016,0.4098499858477215
Limpopo,Ward 94702001,LIM472,3915,0.5358876117496807,False,8.272570608424903,0.5145598663385805,0.013822688274547188,2016,0.4070976491862568
Limpopo,Ward 94702002,LIM472,4911,0.5055996742007738,False,8.499232866039245,0.5155694642568774,0.02134514699959726,2016,0.3636363636363636
Limpopo,Ward 94702003,LIM472,3727,0.4923530990072444,False,8.223358899479258,0.5160110167633284,0.015258855585831062,2016,0.3501377410468319
Limpopo,Ward 94702004,LIM472,4290,0.4958041958041958,False,8.364042011922063,0.5158959802034301,0.019275975552421252,2016,0.4025617566331198
Limpopo,Ward 94702005,LIM472,3755,0.5304926764314247,False,8.230843564198235,0.5147396975158557,0.014056224899598393,2016,0.4125560538116592
Limpopo,Ward 94702006,LIM472,3499,0.5533009431266076,False,8.160232492367689,0.5139794219593496,0.010330578512396695,2016,0.4502786740979759
Limpopo,Ward 94702007,LIM472,3973,0.4976088598036748,False,8.287276755814599,0.5158358247367807,0.0278199291856348,2016,0.371057928874972
Limpopo,Ward 94702008,LIM472,3481,0.5357655846021259,False,8.15507488781144,0.5145639339101656,0.011796246648793566,2016,0.4744318181818182
Limpopo,Ward 94702009,LIM472,4268,0.5885660731021556,False,8.358900612421644,0.5128039176268314,0.016719745222929936,2016,0.4556601707904532
Limpopo,Ward 94702010,LIM472,4244,0.5096606974552309,False,8.353261499733874,0.5154340968150621,0.01571890892279242,2016,0.3700199203187251
Limpopo,Ward 94702011,LIM472,3703,0.4779908182554685,False,8.216898580913613,0.5164897594550543,0.015254237288135594,2016,0.3845699083653562
Limpopo,Ward 94702012,LIM472,4222,0.561819043107532,False,8.348064228408266,0.5136954852933189,0.03330522765598651,2016,0.3893611853291231
Limpopo,Ward 94702013,LIM472,3863,0.5477608076624385,False,8.259199362666282,0.5141640931414886,0.01275992438563327,2016,0.4934486373165618
Limpopo,Ward 94702014,LIM472,4168,0.5206333973128598,False,8.335191583433202,0.5150683401531412,0.012903225806451613,2016,0.3974234321827904
Limpopo,Ward 94702015,LIM472,3821,0.4111489138968856,False,8.2482674474469,0.5187178229336736,0.0241884150222788,2016,0.3596325317481761
Limpopo,Ward 94702016,LIM472,4541,0.4983483814137855,False,8.420902531097951,0.5158111740164437,0.02342023862129916,2016,0.3804878048780488
Limpopo,Ward 94702017,LIM472,3421,0.4869921075708857,False,8.137688184977605,0.5161897164778737,0.006602641056422569,2016,0.3645032297754537
Limpopo,Ward 94702018,LIM472,3581,0.5850321139346552,False,8.183397369998433,0.512921716265748,0.016229116945107397,2016,0.4689185353391995
Limpopo,Ward 94702019,LIM472,3404,0.5396592244418331,False,8.132706489693264,0.5144341459155088,0.005443658138268917,2016,0.418978102189781
Limpopo,Ward 94702020,LIM472,3863,0.5534558633186643,False,8.259199362666282,0.5139742579529477,0.008886810102899906,2016,0.432775240994419
Limpopo,Ward 94702021,LIM472,3730,0.5485254691689008,False,8.224163512637862,0.5141386044246066,0.013685239491691105,2016,0.4869945918104558
Limpopo,Ward 94702022,LIM472,4243,0.462880037709168,False,8.353025845202325,0.516993452139931,0.017311608961303463,2016,0.3773584905660377
Limpopo,Ward 94702023,LIM472,3919,0.4940035723398826,False,8.273591798199632,0.5159560009855738,0.022727272727272728,2016,0.4089012517385257
Limpopo,Ward 94702024,LIM472,3253,0.4208422994159237,False,8.087332926473351,0.5183947100830391,0.04601899196493791,2016,0.4094345328091926
Limpopo,Ward 94702025,LIM472,3658,0.559322033898305,False,8.204671828950811,0.5137787189336264,0.007820136852394917,2016,0.3772775991425509
Limpopo,Ward 94702026,LIM472,3422,0.5137346580946814,False,8.137980454452139,0.5152982981270805,0.009670079635949944,2016,0.4422671088332831
Limpopo,Ward 94702027,LIM472,4006,0.4658012980529206,False,8.295548516225763,0.5168960767951393,0.015541264737406217,2016,0.356066411238825
Limpopo,Ward 94702028,LIM472,4184,0.518642447418738,False,8.339023005744759,0.5151347051496119,0.01566820276497696,2016,0.3714964370546318
Limpopo,Ward 94702029,LIM472,3622,0.5670900055218111,False,8.19478163844336,0.5135197865461761,0.026777020447906523,2016,0.4648526077097505
Limpopo,Ward 94702030,LIM472,3970,0.5438287153652392,False,8.286521373681236,0.5142951628847287,0.018990273274664196,2016,0.4671236354404671
Limpopo,Ward 94702031,LIM472,4512,0.4501329787234042,False,8.414495793177895,0.517418354106123,0.014771048744460856,2016,0.2845714285714286
Limpopo,Ward 94703001,LIM473,4023,0.4896843151876709,False,8.299783171949787,0.5026995754530892,0.018274111675126905,2016,0.3796181502603521
Limpopo,Ward 94703002,LIM473,4357,0.5347716318567822,False,8.379539026117442,0.5011966648974521,0.017167381974248927,2016,0.5308291991495393
Limpopo,Ward 94703003,LIM473,4392,0.4879326047358834,False,8.387539983189367,0.502757965801482,0.009332711152589827,2016,0.4212368728121353
Limpopo,Ward 94703004,LIM473,4214,0.4902705268153773,False,8.346167594364134,0.502680035065499,0.012584704743465635,2016,0.4504329004329004
Limpopo,Ward 94703005,LIM473,4130,0.5317191283292978,False,8.326032685955079,0.5012984150150349,0.01092896174863388,2016,0.4174454828660436
Limpopo,Ward 94703006,LIM473,3861,0.5957005957005957,False,8.258681496264236,0.49916569943599165,0.007391304347826087,2016,0.6157511913719589
Limpopo,Ward 94703007,LIM473,3687,0.5787903444534852,False,8.212568398234145,0.499729374477562,0.006091846298031865,2016,0.4763542562338779
Limpopo,Ward 94703008,LIM473,4655,0.4917293233082707,False,8.445697189711167,0.5026314085157358,0.014853647881170816,2016,0.3859319557503652
Limpopo,Ward 94703009,LIM473,4834,0.471038477451386,False,8.483429561263428,0.503321103377632,0.01756697408871322,2016,0.3984174085064292
Limpopo,Ward 94703010,LIM473,4567,0.4519378147580468,False,8.426611813185,0.5039577921340767,0.011627906976744186,2016,0.3839830283744365
Limpopo,Ward 94703011,LIM473,3547,0.4460107132788272,False,8.173857454773621,0.504155362183384,0.00695322376738306,2016,0.4323965479088293
Limpopo,Ward 94703012,LIM473,4414,0.5820117806977798,False,8.392536586816682,0.49962199326941886,0.017905799922148698,2016,0.5946358482337549
Limpopo,Ward 94703013,LIM473,4426,0.5065521915951198,False,8.395251520610994,0.5021373129061742,0.012934879571810883,2016,0.4290249433106576
Limpopo,Ward 94703014,LIM473,4381,0.5354941794110933,False,8.385032287813898,0.501172579978975,0.020460358056265986,2016,0.4314516129032258
Limpopo,Ward 94703015,LIM473,3757,0.5541655576257652,False,8.231376045573969,0.5005502007051527,0.04514889529298751,2016,0.3583170799665645
Limpopo,Ward 94703016,LIM473,4277,0.4907645545943418,False,8.361007108226909,0.5026635674728668,0.014292520247737018,2016,0.3682595352915388
Limpopo,Ward 94703017,LIM473,3975,0.4435220125786163,False,8.287780027088433,0.504238318873391,0.02041973908111174,2016,0.3782722513089005
Limpopo,Ward 94703018,LIM473,4263,0.4463992493549144,False,8.35772841676521,0.5041424109808477,0.021019442984760904,2016,0.3873873873873873
Limpopo,Ward 94703019,LIM473,4662,0.4731874731874732,False,8.447199819595703,0.5032494701864291,0.009066183136899365,2016,0.4466922921302853
Limpopo,Ward 94703020,LIM473,3555,0.5555555555555556,False,8.176110342237342,0.5005038674408263,0.019240506329113925,2016,0.4605225380419179
Limpopo,Ward 94703021,LIM473,3680,0.5989130434782609,False,8.210668031162976,0.49905861784340283,0.018148820326678767,2016,0.5129151291512916
Limpopo,Ward 94703022,LIM473,4541,0.4633340673860383,False,8.420902531097951,0.5035779170464769,0.016159695817490494,2016,0.3723696248856358
Limpopo,Ward 94703023,LIM473,3739,0.4905054827493982,False,8.226573474977114,0.5026722032010316,0.022900763358778626,2016,0.4751552795031056
Limpopo,Ward 94703024,LIM473,4168,0.4803262955854127,False,8.335191583433202,0.5030115094398311,0.023476523476523476,2016,0.5092682926829268
Limpopo,Ward 94703025,LIM473,4524,0.5282935455349248,False,8.41715183723601,0.5014126011081806,0.019246861924686193,2016,0.475
Limpopo,Ward 94703026,LIM473,3879,0.4859499871100799,False,8.263332667439967,0.5028240530556755,0.014323607427055704,2016,0.4257172131147541
Limpopo,Ward 94703027,LIM473,3606,0.4132002218524681,False,8.190354403763262,0.5052490452309292,0.02080536912751678,2016,0.3316062176165803
Limpopo,Ward 94703028,LIM473,4161,0.5006008171112714,False,8.333510708982942,0.5023356920556358,0.01584253480556889,2016,0.4828850855745721
Limpopo,Ward 94703029,LIM473,3895,0.4626444159178434,False,8.267448958304849,0.50360090542875,0.017758046614872364,2016,0.3643931256713211
Limpopo,Ward 94703030,LIM473,3842,0.4908901613742842,False,8.253748343328501,0.502659380580202,0.02014846235418876,2016,0.3558197401161183
Limpopo,Ward 94703031,LIM473,3675,0.4987755102040816,False,8.209308411646937,0.5023965356192088,0.018548827059465357,2016,0.4387588459444747
Limpopo,Ward 94706001,LIM476,4245,0.5762073027090695,False,8.353497098745448,0.4967855070349063,0.016353229762878167,2016,0.4964349376114082
Limpopo,Ward 94706002,LIM476,4496,0.4777580071174377,False,8.410943391573527,0.49937627797152817,0.007914338919925512,2016,0.3563636363636364
Limpopo,Ward 94706003,LIM476,5103,0.5085243974132863,False,8.537583881063972,0.49856663612163743,0.017726396917148363,2016,0.4023904382470119
Limpopo,Ward 94706004,LIM476,4417,0.3907629612859407,False,8.393216011596527,0.5016656212828834,0.016801853997682505,2016,0.2690331620737973
Limpopo,Ward 94706005,LIM476,4551,0.4605581190947044,False,8.423102268016642,0.4998289066037054,0.011450381679389313,2016,0.3198365527488855
Limpopo,Ward 94706006,LIM476,5698,0.5454545454545454,False,8.647870515057853,0.49759479012055163,0.02252252252252252,2016,0.3759117594734033
Limpopo,Ward 94706007,LIM476,4756,0.4358704793944491,False,8.467162257810672,0.5004785813326594,0.06705258080077182,2016,0.409726443768997
Limpopo,Ward 94706008,LIM476,5360,0.4582089552238806,False,8.586719254064848,0.4998907267055691,0.007328990228013029,2016,0.3658122879758764
Limpopo,Ward 94706009,LIM476,5142,0.5114741345779852,False,8.545197387825835,0.49848901145940855,0.04068441064638783,2016,0.3797748291113791
Limpopo,Ward 94706010,LIM476,5374,0.5206550055824339,False,8.589327789175437,0.4982474095908704,0.01679771265189421,2016,0.4459382692671843
Limpopo,Ward 94706011,LIM476,4786,0.5532804011700794,False,8.47345026846832,0.49738884654909016,0.021148036253776436,2016,0.4965211891208096
Limpopo,Ward 94706012,LIM476,4382,0.4753537197626654,False,8.385260520155413,0.49943954869139057,0.014882381180988958,2016,0.3758526603001364
Limpopo,Ward 94706013,LIM476,5903,0.4577333559207183,False,8.683215975240689,0.499903242476705,0.008882309400444115,2016,0.3286559594251902
Limpopo,Ward 94706014,LIM476,4760,0.4928571428571429,False,8.468002947225466,0.4989789322941675,0.011082693947144074,2016,0.4371894960965223
Limpopo,Ward 94706015,LIM476,5808,0.4865702479338843,False,8.666991556504632,0.49914437689741115,0.014508138711960368,2016,0.4028371218595112
Limpopo,Ward 94706016,LIM476,5430,0.5348066298342542,False,8.599694412927981,0.4978749984263488,0.008264462809917356,2016,0.4655076752358054
Limpopo,Ward 94706017,LIM476,5426,0.4769627718392923,False,8.598957493218878,0.49939720521568987,0.01854714064914992,2016,0.4157324719741592
Limpopo,Ward 94706018,LIM476,5039,0.4733081960706489,False,8.524962928680598,0.4994933782622331,0.008385744234800839,2016,0.3988339451522349
Limpopo,Ward 94706019,LIM476,4693,0.480929043255913,False,8.453827315794417,0.49929282965209465,0.01284891448825875,2016,0.4002044989775051
Limpopo,Ward 94706020,LIM476,5405,0.4527289546716003,False,8.595079730073309,0.5000349372464187,0.012668573763792398,2016,0.4109565217391304
Limpopo,Ward 94706021,LIM476,5503,0.559331273850627,False,8.613048677059759,0.49722961305749686,0.02696556205328135,2016,0.432844243792325
Limpopo,Ward 94706022,LIM476,4609,0.5862443046213929,False,8.435766192720509,0.4965213754056346,0.014063656550703183,2016,0.4158142555609677
Limpopo,Ward 94706023,LIM476,4955,0.5063572149344097,False,8.508152446764088,0.4986236672395026,0.01753686727779992,2016,0.4261544585987261
Limpopo,Ward 94706024,LIM476,4280,0.4796728971962616,False,8.361708288575842,0.4993258861273486,0.029225523623964928,2016,0.4045676998368678
Limpopo,Ward 94706025,LIM476,5792,0.4197168508287293,False,8.664232934065552,0.500903676821231,0.01316330728095434,2016,0.3452660406885759
Limpopo,Ward 94706026,LIM476,4582,0.5467044958533391,False,8.42989086301344,0.4975618966890044,0.012375249500998005,2016,0.5147058823529411
Limpopo,Ward 94706027,LIM476,4508,0.5024401064773736,False,8.413608875159667,0.49872674904100356,0.017660044150110375,2016,0.3695512132273996
Limpopo,Ward 94706028,LIM476,4968,0.4231078904991948,False,8.510772623613315,0.5008144389351661,0.01807802093244529,2016,0.3373493975903614
Limpopo,Ward 94706029,LIM476,4652,0.5062338779019776,False,8.445052513638554,0.4986269129508824,0.009766454352441613,2016,0.4364025695931477
Limpopo,Ward 94706030,LIM476,6398,0.4577993122850891,False,8.763740720509464,0.49990150678290574,0.02902014339364971,2016,0.4072323813437435
Limpopo,Ward 94706031,LIM476,4471,0.5090583762021919,False,8.405367376233981,0.4985525840482452,0.011862917398945518,2016,0.3339760068551842
Limpopo,Ward 94706032,LIM476,6063,0.5559953818241794,False,8.70996000607173,0.49731739968977184,0.015129041827350934,2016,0.4405687203791469
Limpopo,Ward 94706033,LIM476,5193,0.5534373194685153,False,8.555066843844319,0.49738471712018406,0.016701461377870562,2016,0.5406379527842855
Limpopo,Ward 94706034,LIM476,5798,0.5317350810624353,False,8.6652683094816,0.49795582865718613,0.024002594875121634,2016,0.4613985782774012
Limpopo,Ward 94706035,LIM476,4645,0.531324004305705,False,8.443546651247939,0.49796664646657374,0.02106969205834684,2016,0.4800604800604801
Limpopo,Ward 94706036,LIM476,5893,0.496012217885627,False,8.681520484837913,0.49889590400394423,0.011631885049606569,2016,0.4696881657950804
Limpopo,Ward 94706037,LIM476,5850,0.5261538461538462,False,8.674196940225903,0.49810270326004374,0.014944769330734242,2016,0.4634298812252552
Limpopo,Ward 94706038,LIM476,5028,0.5073587907716786,False,8.522777569710138,0.49859730998062707,0.012936103488827911,2016,0.5068493150684932
Limpopo,Ward 94706039,LIM476,4716,0.4853689567430025,False,8.458716261657262,0.499175989823487,0.023591087811271297,2016,0.3804300131636682
Mpumalanga,Ward 83001001,MP301,3982,0.6037167252636866,False,8.289539484624141,0.5906461050645099,0.029950083194675542,2016,0.4201762977473066
Mpumalanga,Ward 83001002,MP301,4301,0.5742850499883748,False,8.366602832783736,0.5918724248676479,0.012145748987854251,2016,0.4086915222037521
Mpumalanga,Ward 83001003,MP301,3753,0.5544897415401012,False,8.23031079913502,0.592697229386326,0.017299375300336376,2016,0.4676671214188267
Mpumalanga,Ward 83001004,MP301,3619,0.5374412821221332,False,8.193953023563742,0.5934075818620747,0.02365038560411311,2016,0.4240134340890008
Mpumalanga,Ward 83001005,MP301,3429,0.5386410032079323,False,8.14002395246292,0.5933575934834997,0.022198159177043854,2016,0.351235886481538
Mpumalanga,Ward 83001006,MP301,3693,0.5686433793663688,False,8.214194414852564,0.5921074944768981,0.011428571428571429,2016,0.3704579025110783
Mpumalanga,Ward 83001007,MP301,3766,0.5610727562400425,False,8.233768709217097,0.5924229371071618,0.011831519167061051,2016,0.4567983924983255
Mpumalanga,Ward 83001008,MP301,3087,0.5419501133786848,False,8.034955024502159,0.5932197138930516,0.008368200836820083,2016,0.3952810952519662
Mpumalanga,Ward 83001009,MP301,4006,0.5906140788816775,False,8.295548516225763,0.5911920486637603,0.0076077768385460695,2016,0.4823889739663093
Mpumalanga,Ward 83001010,MP301,4019,0.6471759144065689,False,8.2987883944492,0.5888353055168898,0.01730103806228374,2016,0.411037325395008
Mpumalanga,Ward 83001011,MP301,3648,0.5359100877192983,False,8.201934351194222,0.5934713816288594,0.01278772378516624,2016,0.385099685204617
Mpumalanga,Ward 83001012,MP301,3585,0.6064156206415621,False,8.184513753033722,0.5905336510904318,0.010119595216191352,2016,0.5261225642473878
Mpumalanga,Ward 83001013,MP301,3115,0.5906902086677368,False,8.043984431221553,0.591188876589341,0.01141304347826087,2016,0.4954787234042553
Mpumalanga,Ward 83001014,MP301,3905,0.6204865556978233,False,8.270013062273787,0.5899473621297542,0.013206768468840282,2016,0.4339356295878035
Mpumalanga,Ward 83001015,MP301,4783,0.6077775454735521,False,8.472823243680297,0.5904769042224322,0.0068799449604403165,2016,0.4454428754813864
Mpumalanga,Ward 83001016,MP301,4187,0.5963697157869596,False,8.339739766019143,0.5909522304593735,0.01922306768121746,2016,0.4078556263269639
Mpumalanga,Ward 83001017,MP301,3191,0.6070197430272641,False,8.068089626278244,0.5905084793243608,0.014971605575632421,2016,0.4207181442643787
Mpumalanga,Ward 83001018,MP301,4260,0.6586854460093897,False,8.357024439263416,0.5883557417001056,0.00962223806129722,2016,0.5432705432705432
Mpumalanga,Ward 83001019,MP301,3613,0.6985884306670357,False,8.19229373114764,0.5866931173393704,0.005546751188589541,2016,0.4579670329670329
Mpumalanga,Ward 83001020,MP301,3148,0.5667090216010165,False,8.054522609537294,0.5921880927171211,0.01569506726457399,2016,0.395748987854251
Mpumalanga,Ward 83001021,MP301,3958,0.5727640222334512,False,8.28349412616251,0.591935801024103,0.012351124834583149,2016,0.4386057565355162
Mpumalanga,Ward 83001022,MP301,2459,0.5612037413582758,False,7.807510042216193,0.592417479393902,0.021739130434782608,2016,0.4254787676935886
Mpumalanga,Ward 83001023,MP301,3075,0.6351219512195122,False,8.031060180240619,0.5893375539830171,0.02048131080389145,2016,0.4954188481675393
Mpumalanga,Ward 83001024,MP301,4379,0.6019639187029002,False,8.384575666801398,0.5907191386712093,0.005690440060698027,2016,0.4398813597992242
Mpumalanga,Ward 83001025,MP301,3631,0.6014871936105756,False,8.197263371414335,0.5907390022167228,0.023809523809523808,2016,0.4254422914911541
Mpumalanga,Ward 83002001,MP302,3148,0.5400254129606099,False,8.054522609537294,0.5737154247420782,0.008823529411764706,2016,0.3856589147286822
Mpumalanga,Ward 83002002,MP302,4346,0.5821445006902899,False,8.377011160816375,0.5713754754237625,0.01818181818181818,2016,0.3837535014005602
Mpumalanga,Ward 83002003,MP302,4547,0.6201891356938641,False,8.42222295382501,0.5692618845902306,0.009929078014184398,2016,0.4734832414085702
Mpumalanga,Ward 83002004,MP302,2883,0.5015608740894901,False,7.9665866976384025,0.5758523435682514,0.012448132780082987,2016,0.3582774444052241
Mpumalanga,Ward 83002005,MP302,2991,0.5356068204613842,False,8.003363058629947,0.5739609021031462,0.016853932584269662,2016,0.4212475078325263
Mpumalanga,Ward 83002006,MP302,3522,0.4559909142532652,False,8.166784289056151,0.5783840080035972,0.00809464508094645,2016,0.3230622617534943
Mpumalanga,Ward 83002007,MP302,4289,0.4973187223128934,False,8.36380888451688,0.5760880186669513,0.0046882325363338025,2016,0.4299591002044989
Mpumalanga,Ward 83002008,MP302,4208,0.6240494296577946,False,8.344742754417545,0.5690474238144567,0.006473724295506474,2016,0.4333259863345823
Mpumalanga,Ward 83002009,MP302,5167,0.574608089800658,False,8.550047528287184,0.5717941649176309,0.007746716066015493,2016,0.3785602152949092
Mpumalanga,Ward 83002010,MP302,3457,0.6291582296789123,False,8.148156439921625,0.5687636015910613,0.009655172413793104,2016,0.5193959135327213
Mpumalanga,Ward 83002011,MP302,3579,0.5680357641799385,False,8.182838710766026,0.5721592941187821,0.009345794392523364,2016,0.4266862170087976
Mpumalanga,Ward 83002012,MP302,3633,0.6127167630057804,False,8.197814032221203,0.5696770164062354,0.017969451931716084,2016,0.4457175594385563
Mpumalanga,Ward 83002013,MP302,4199,0.5248868778280543,False,8.342601680684194,0.5745564544716646,0.013611615245009074,2016,0.2656807751147373
Mpumalanga,Ward 83002014,MP302,2936,0.5827656675749319,False,7.984803389734406,0.5713409661523935,0.02104032729398013,2016,0.3774526105753242
Mpumalanga,Ward 83002015,MP302,4247,0.6722392276901342,False,8.353968130313271,0.5663702128126601,0.016112084063047285,2016,0.4517886756692726
Mpumalanga,Ward 83002016,MP302,5476,0.5544192841490139,False,8.60813018640834,0.5729157652316113,0.014492753623188406,2016,0.3221178925404278
Mpumalanga,Ward 83002017,MP302,3465,0.5258297258297259,False,8.150467911624004,0.5745040740271272,0.02030735455543359,2016,0.3983585858585858
Mpumalanga,Ward 83002018,MP302,2609,0.5852817171330011,False,7.866722285136729,0.5712011856213898,0.03798297314996726,2016,0.3711139896373057
Mpumalanga,Ward 83002019,MP302,2635,0.6800759013282732,False,7.876638460975463,0.5659348420549857,0.021205357142857144,2016,0.5283742331288344
Mpumalanga,Ward 83003001,MP303,3938,0.4865413915693245,False,8.278428259199071,0.5760112450340151,0.021920668058455117,2016,0.4082758620689655
Mpumalanga,Ward 83003002,MP303,3632,0.5718612334801763,False,8.197538739721184,0.5712712538167457,0.026480500722195474,2016,0.4604205318491032
Mpumalanga,Ward 83003003,MP303,4630,0.5438444924406047,False,8.440312147080279,0.5728277394300552,0.024225575853852262,2016,0.3680076172339919
Mpumalanga,Ward 83003004,MP303,3489,0.6202350243622815,False,8.157370441186774,0.5685838209899621,0.016173752310536044,2016,0.4631006864988558
Mpumalanga,Ward 83003005,MP303,4083,0.5882929218711731,False,8.314587291319576,0.5703583822394681,0.018318068276436304,2016,0.4054466785441588
Mpumalanga,Ward 83003006,MP303,3743,0.6115415442158696,False,8.22764270790443,0.5690667921092072,0.011795543905635648,2016,0.4858989424206815
Mpumalanga,Ward 83003007,MP303,3859,0.6092251878725058,False,8.258163361537619,0.5691954785727273,0.0017014036580178648,2016,0.5493482309124768
Mpumalanga,Ward 83003008,MP303,3940,0.5901015228426396,False,8.27893600229198,0.57025790440772,0.026236559139784947,2016,0.4263862332695984
Mpumalanga,Ward 83003009,MP303,4149,0.576524463726199,False,8.330622620332868,0.5710121854697444,0.013377926421404682,2016,0.4478170478170478
Mpumalanga,Ward 83003010,MP303,3202,0.5727670206121174,False,8.07153089355666,0.5712209323094156,0.022900763358778626,2016,0.4384
Mpumalanga,Ward 83003011,MP303,4385,0.5660205245153934,False,8.385944904806284,0.5715957376481225,0.02054794520547945,2016,0.3963723659642571
Mpumalanga,Ward 83003012,MP303,3290,0.5531914893617021,False,8.098642843759418,0.5723084618233276,0.008241758241758242,2016,0.4506589521054323
Mpumalanga,Ward 83003013,MP303,3653,0.5510539282781276,False,8.203304026795282,0.5724272152168595,0.01639344262295082,2016,0.2693065758824583
Mpumalanga,Ward 83003014,MP303,3946,0.6016218955904714,False,8.28045768658256,0.569617883699507,0.018112889637742206,2016,0.4590233545647558
Mpumalanga,Ward 83003015,MP303,4035,0.6374225526641883,False,8.302761580704049,0.5676289583065227,0.01594090202177294,2016,0.4989802855200544
Mpumalanga,Ward 83003016,MP303,4058,0.4539181862986693,False,8.30844552038576,0.5778236453268294,0.013029315960912053,2016,0.3431372549019608
Mpumalanga,Ward 83003017,MP303,3887,0.6236171854900951,False,8.265392930852224,0.5683959231495279,0.028052805280528052,2016,0.4740868706811451
Mpumalanga,Ward 83003018,MP303,2718,0.4805003679175864,False,7.907651594711089,0.5763468574591117,0.0222052067381317,2016,0.4774924974991664
Mpumalanga,Ward 83003019,MP303,3353,0.6164628690724724,False,8.117610746466228,0.5687933851727291,0.020319303338171262,2016,0.503030303030303
Mpumalanga,Ward 83004001,MP304,4161,0.6724345109348714,False,8.333510708982942,0.5869718162970009,0.02644746247319514,2016,0.4367899444041576
Mpumalanga,Ward 83004002,MP304,2464,0.5982142857142857,False,7.80954132465341,0.5943938388190595,0.0203527815468114,2016,0.4708
Mpumalanga,Ward 83004003,MP304,2966,0.6341874578556979,False,7.994969522697877,0.5907965216049182,0.01701222753854333,2016,0.5017160686427458
Mpumalanga,Ward 83004004,MP304,4835,0.5311271975180972,False,8.483636407887394,0.6011025476386782,0.01440809968847352,2016,0.4481098001444739
Mpumalanga,Ward 83004005,MP304,3559,0.5984827198651307,False,8.177234885510194,0.594366995403975,0.02488262910798122,2016,0.4608111470515053
Mpumalanga,Ward 83004006,MP304,3317,0.6119987940910461,False,8.106816038947052,0.5930153879813834,0.017733990147783252,2016,0.4182487956928308
Mpumalanga,Ward 83004007,MP304,3826,0.6006272869837951,False,8.249575150000199,0.5941525386921085,0.013489991296779809,2016,0.4834782608695652
Mpumalanga,Ward 83004008,MP304,3010,0.6225913621262459,False,8.009695357742922,0.5919561311778634,0.01814300960512273,2016,0.4180445722501797
Mpumalanga,Ward 83004009,MP304,3117,0.5668912415784408,False,8.044626279767337,0.597526143232644,0.021505376344086023,2016,0.4209294550317619
Mpumalanga,Ward 83004010,MP304,3959,0.5534225814599646,False,8.28374674710613,0.5988730092444915,0.032861706983112735,2016,0.4573002754820937
Mpumalanga,Ward 83004011,MP304,3287,0.5521752357773045,False,8.097730573664219,0.5989977438127576,0.02809917355371901,2016,0.3725862614751503
Mpumalanga,Ward 83005001,MP305,3146,0.6026700572155118,False,8.053887083618223,0.5760086190146574,0.023206751054852322,2016,0.4471337579617834
Mpumalanga,Ward 83005002,MP305,3141,0.5122572429162687,False,8.052296499538647,0.5824666771788891,0.035425730267246734,2016,0.4382510013351134
Mpumalanga,Ward 83005003,MP305,3904,0.5730020491803278,False,8.269756947532983,0.578127762445742,0.013410818059901655,2016,0.4614093959731543
Mpumalanga,Ward 83005004,MP305,2719,0.6881206325855094,False,7.908019444632471,0.5699050064882291,0.005344735435595938,2016,0.5831836148041681
Mpumalanga,Ward 83005005,MP305,4159,0.5311372926184179,False,8.33302993974291,0.5811181022001641,0.019013128112267994,2016,0.4511456412957598
Mpumalanga,Ward 83005006,MP305,3567,0.5001401738155312,False,8.17948018535889,0.5833321821146561,0.021860986547085202,2016,0.4394575395544075
Mpumalanga,Ward 83005007,MP305,4519,0.5618499668068156,False,8.41604600941128,0.5789243397581357,0.0145726664040961,2016,0.4691414256433614
Mpumalanga,Ward 83005008,MP305,3871,0.5303539137173857,False,8.261268150577648,0.5811740578359521,0.011203117389186557,2016,0.4763397054214979
Mpumalanga,Ward 83005009,MP305,2542,0.6018882769472856,False,7.8407064517494,0.5760644604623879,0.01895424836601307,2016,0.4778675282714055
Mpumalanga,Ward 83005010,MP305,2901,0.5966907962771458,False,7.972810784121404,0.5764357090816835,0.0034662045060658577,2016,0.4802748226950354
Mpumalanga,Ward 83005011,MP305,4963,0.5629659480153133,False,8.50976567558744,0.5788446268146716,0.050465282748747314,2016,0.3968819599109131
Mpumalanga,Ward 83005012,MP305,3045,0.5333333333333333,False,8.021256180143997,0.5809612421490987,0.0166256157635468,2016,0.416354556803995
Mpumalanga,Ward 83005013,MP305,2707,0.6475803472478758,False,7.903596289614301,0.5728007411552029,0.01654306902452938,2016,0.4035159443990188
Mpumalanga,Ward 83005014,MP305,3943,0.6347958407304083,False,8.279697133877628,0.5737139201921648,0.02996404314822213,2016,0.5101148168398032
Mpumalanga,Ward 83005015,MP305,4122,0.5900048520135857,False,8.324093761450404,0.5769132765290808,0.03577302631578947,2016,0.4116788321167883
Mpumalanga,Ward 83006001,MP306,3971,0.583732057416268,False,8.286773231131251,0.6025937435735862,0.021570319240724764,2016,0.4689709347996857
Mpumalanga,Ward 83006002,MP306,3350,0.5471641791044776,False,8.116715624819111,0.6099073192359443,0.01691216584833606,2016,0.4529825475384215
Mpumalanga,Ward 83006003,MP306,2822,0.6265060240963856,False,7.945201132412759,0.5940389502375627,0.009615384615384616,2016,0.5062638172439204
Mpumalanga,Ward 83006004,MP306,4275,0.6350877192982456,False,8.360539381370861,0.5923226111971907,0.03462246777163904,2016,0.4360420405024353
Mpumalanga,Ward 83006005,MP306,3396,0.5859835100117785,False,8.130353547431238,0.6021434530544841,0.01457286432160804,2016,0.4192125984251968
Mpumalanga,Ward 83006006,MP306,3599,0.6182272853570436,False,8.188411308079031,0.595694697985431,0.02292134831460674,2016,0.4831428571428571
Mpumalanga,Ward 83007001,MP307,3937,0.5496570993141986,False,8.278174290943738,0.5332511964224047,0.021256931608133085,2016,0.4405500134807226
Mpumalanga,Ward 83007002,MP307,4657,0.5537899935580846,False,8.446126742982377,0.5331178772532471,0.031019775106630478,2016,0.3752693965517241
Mpumalanga,Ward 83007003,MP307,4572,0.5201224846894138,False,8.427706024914702,0.5342039259264301,0.012615643397813289,2016,0.4071938495332235
Mpumalanga,Ward 83007004,MP307,4330,0.458891454965358,False,8.373322820996535,0.5361791204336577,0.01459486663311525,2016,0.4443008529335746
Mpumalanga,Ward 83007005,MP307,3455,0.6269175108538351,False,8.14757773620177,0.5307589250824164,0.0,2016,0.5840779853777417
Mpumalanga,Ward 83007006,MP307,3023,0.6778035064505458,False,8.014004994779459,0.5291174413534904,0.008784773060029283,2016,0.4212436486813453
Mpumalanga,Ward 83007007,MP307,3339,0.5309973045822103,False,8.113426639943654,0.5338531252847268,0.005076142131979695,2016,0.4051724137931034
Mpumalanga,Ward 83007008,MP307,5407,0.431477714074348,False,8.595449689382004,0.5370634346559483,0.018002571795970854,2016,0.2972216239500323
Mpumalanga,Ward 83007009,MP307,4016,0.4596613545816733,False,8.298041661371565,0.5361542849621636,0.011375947995666305,2016,0.3319903303787268
Mpumalanga,Ward 83007010,MP307,5844,0.4575633127994524,False,8.67317077287059,0.5362219637293321,0.019820493642483172,2016,0.348781388478582
Mpumalanga,Ward 83007011,MP307,5966,0.4351324170298357,False,8.693831965074693,0.5369455410122229,0.018875192604006163,2016,0.2915762834417932
Mpumalanga,Ward 83007012,MP307,3900,0.4589743589743589,False,8.268731832117737,0.5361764461107866,0.012849162011173185,2016,0.3373461012311901
Mpumalanga,Ward 83007013,MP307,4158,0.4935064935064935,False,8.332789468417959,0.5350625062871693,0.04580896686159844,2016,0.3433797011849562
Mpumalanga,Ward 83007014,MP307,4581,0.466055446409081,False,8.429672593886743,0.535948023935473,0.021545667447306793,2016,0.3526077097505669
Mpumalanga,Ward 83007015,MP307,4715,0.5953340402969247,False,8.458504195067558,0.5317777467132845,0.017456359102244388,2016,0.3914919852034525
Mpumalanga,Ward 83007016,MP307,6041,0.6742261215030624,False,8.706324840138741,0.5292328408679253,0.012275963663147557,2016,0.3722185863874345
Mpumalanga,Ward 83007017,MP307,4838,0.4764365440264572,False,8.484256691169973,0.5356131498187835,0.019522776572668113,2016,0.3290529695024077
Mpumalanga,Ward 83007018,MP307,5309,0.5328687135053682,False,8.57715877258367,0.5337927572549476,0.008483563096500531,2016,0.4391480730223123
Mpumalanga,Ward 83007019,MP307,3774,0.4939056703762586,False,8.235890725928495,0.5350496296139512,0.017703862660944206,2016,0.3544267053701015
Mpumalanga,Ward 83007020,MP307,3855,0.5579766536964981,False,8.25712628599743,0.532982823700395,0.052533705253370526,2016,0.3869451697127937
Mpumalanga,Ward 83007021,MP307,4582,0.5641641204714098,False,8.42989086301344,0.5327832279979785,0.0023210831721470018,2016,0.5124894157493649
Mpumalanga,Ward 83007022,MP307,4865,0.5897225077081192,False,8.489821994620105,0.5319587638935686,0.024398745207389334,2016,0.4990512333965844
Mpumalanga,Ward 83007023,MP307,3720,0.5733870967741935,False,8.221478947267192,0.5324857126333726,0.014533520862634786,2016,0.3629441624365482
Mpumalanga,Ward 83007024,MP307,4381,0.560374343757133,False,8.385032287813898,0.5329054788597294,0.019144602851323828,2016,0.3774050320670942
Mpumalanga,Ward 83007025,MP307,5856,0.6284153005464481,False,8.675222055641148,0.5307106092858805,0.004347826086956522,2016,0.4734939759036145
Mpumalanga,Ward 83007026,MP307,5075,0.5525123152709359,False,8.532081803909987,0.5331590926818648,0.012838801711840228,2016,0.4078810922917387
Mpumalanga,Ward 83007027,MP307,3060,0.5179738562091504,False,8.026170194946426,0.5342732365225676,0.0138801261829653,2016,0.4313521028849496
Mpumalanga,Ward 83007028,MP307,5573,0.608469406064956,False,8.625688787569537,0.5313540252368965,0.006782659982306104,2016,0.4934350603264726
Mpumalanga,Ward 83007029,MP307,4926,0.4573690621193666,False,8.502282578680484,0.5362282298803025,0.0031069684864624943,2016,0.330607966457023
Mpumalanga,Ward 83007030,MP307,4963,0.6592786620995366,False,8.50976567558744,0.5297150169777164,0.0024449877750611247,2016,0.626599634369287
Mpumalanga,Ward 83007031,MP307,3455,0.4243125904486252,False,8.14757773620177,0.5372945676761328,0.013642564802182811,2016,0.3249730312837109
Mpumalanga,Ward 83007032,MP307,5122,0.4931667317454119,False,8.541300266759471,0.5350734663439785,0.015439429928741092,2016,0.3610236220472441
Mpumalanga,Ward 83101001,MP311,3462,0.5109763142692085,False,8.149601735736155,0.5582350289742324,0.00395703787450537,2016,0.5076515597410242
Mpumalanga,Ward 83101002,MP311,3233,0.4664398391586761,False,8.081165777725433,0.5638020883630489,0.014588859416445624,2016,0.5086760925449871
Mpumalanga,Ward 83101003,MP311,4896,0.5408496732026143,False,8.496173824192162,0.5545008591075566,0.02379154078549849,2016,0.4559855624624022
Mpumalanga,Ward 83101004,MP311,3530,0.5515580736543909,False,8.169053149927343,0.5531623090510845,0.023112480739599383,2016,0.5061305959509552
Mpumalanga,Ward 83101005,MP311,3596,0.5444938820912124,False,8.18757739559151,0.5540453329964818,0.01940755873340143,2016,0.5538424476029873
Mpumalanga,Ward 83101006,MP311,3656,0.5853391684901532,False,8.204124932574041,0.5489396721966142,0.01542056074766355,2016,0.5392296718972895
Mpumalanga,Ward 83101007,MP311,3865,0.5335058214747737,False,8.259716961021523,0.5554188405735367,0.05577109602327837,2016,0.497614863168466
Mpumalanga,Ward 83101008,MP311,3538,0.5808366308648955,False,8.17131687471973,0.5495024893997715,0.014111922141119221,2016,0.5467904098994586
Mpumalanga,Ward 83101009,MP311,3675,0.6628571428571428,False,8.209308411646937,0.5392499254007406,0.01929392446633826,2016,0.5499254843517138
Mpumalanga,Ward 83102001,MP312,6098,0.5062315513283043,False,8.7157161275482,0.513318656242554,0.01198574667962423,2016,0.3452655889145496
Mpumalanga,Ward 83102002,MP312,4742,0.4584563475326866,False,8.464214266625351,0.5147663896909062,0.004139834406623735,2016,0.3767968882124133
Mpumalanga,Ward 83102003,MP312,6128,0.4640992167101828,False,8.720623711420426,0.5145953936552244,0.011251758087201125,2016,0.328
Mpumalanga,Ward 83102004,MP312,4967,0.5049325548620898,False,8.51057131510735,0.5133580197718333,0.005980861244019139,2016,0.3723919915700737
Mpumalanga,Ward 83102005,MP312,5047,0.5161482068555577,False,8.526549286340263,0.513018151529607,0.014587332053742802,2016,0.4107981220657277
Mpumalanga,Ward 83102006,MP312,6232,0.4476893453145057,False,8.737452587550584,0.5150926624853964,0.04516129032258064,2016,0.3838001514004542
Mpumalanga,Ward 83102007,MP312,4280,0.5535046728971963,False,8.361708288575842,0.5118861374071331,0.010552975939214858,2016,0.3746524938675388
Mpumalanga,Ward 83102008,MP312,5421,0.4764803541781959,False,8.598035579260339,0.5142202076713451,0.03677893921796361,2016,0.3345425231761386
Mpumalanga,Ward 83102009,MP312,5409,0.467923830652616,False,8.595819511871428,0.5144794962630295,0.018174634531805612,2016,0.3936748156771439
Mpumalanga,Ward 83102010,MP312,7195,0.4353022932592078,False,8.881141619321468,0.5154680276991933,0.016283524904214558,2016,0.3073486709850346
Mpumalanga,Ward 83102011,MP312,4643,0.4458324359250484,False,8.443115988019922,0.5151489324668951,0.026570048309178744,2016,0.363168535195736
Mpumalanga,Ward 83102012,MP312,5250,0.5708571428571428,False,8.565983355585669,0.5113603049841043,0.016349683016349682,2016,0.433718558803535
Mpumalanga,Ward 83102013,MP312,4434,0.5241317095173658,False,8.397057390176256,0.5127762272065218,0.015920826161790018,2016,0.4235202187927329
Mpumalanga,Ward 83102014,MP312,5186,0.4321249517932896,False,8.55371796609861,0.5155643107739181,0.040160642570281124,2016,0.2954312114989733
Mpumalanga,Ward 83102015,MP312,7506,0.4628297362110312,False,8.923457979694966,0.5146338627612593,0.03137593552101324,2016,0.4124975666731555
Mpumalanga,Ward 83102016,MP312,4742,0.5061155630535639,False,8.464214266625351,0.5133221710387583,0.017916666666666668,2016,0.3624603368318281
Mpumalanga,Ward 83102017,MP312,5541,0.5087529326836311,False,8.61993026886735,0.5132422507469381,0.008513657325292657,2016,0.451233059320151
Mpumalanga,Ward 83102018,MP312,7118,0.6074740095532453,False,8.870382066070137,0.5102507029630103,0.004625346901017576,2016,0.4440692894891368
Mpumalanga,Ward 83102019,MP312,5703,0.5048220234964054,False,8.648747631156539,0.513361369207157,0.030913511635984717,2016,0.3544954128440367
Mpumalanga,Ward 83102020,MP312,6176,0.6442681347150259,False,8.728426091704613,0.5091357294732594,0.0035184719778838906,2016,0.4806629834254143
Mpumalanga,Ward 83102021,MP312,6830,0.5068814055636897,False,8.829079952564836,0.5132989636899666,0.00924321201617562,2016,0.3761211586531392
Mpumalanga,Ward 83102022,MP312,4495,0.3546162402669633,False,8.410720946905721,0.5179130596080492,0.00439146800501882,2016,0.229637526652452
Mpumalanga,Ward 83102023,MP312,5761,0.5330671758375282,False,8.658866349732383,0.5125054554998503,0.02507326603712146,2016,0.4329101719427928
Mpumalanga,Ward 83102024,MP312,5412,0.6718403547671841,False,8.59637398929068,0.508300207653497,0.003025302530253025,2016,0.5362395888711678
Mpumalanga,Ward 83102025,MP312,6291,0.5509457955809887,False,8.74687531957003,0.5119636791439878,0.042989036353144834,2016,0.4663719608462267
Mpumalanga,Ward 83102026,MP312,5369,0.5105233749301545,False,8.58839695042257,0.5131886009818919,0.006202116016052536,2016,0.4402861860209136
Mpumalanga,Ward 83102027,MP312,4090,0.4447432762836186,False,8.316300249036848,0.5151819373045142,0.013194062671797692,2016,0.3787761425251743
Mpumalanga,Ward 83102028,MP312,5465,0.505946935041171,False,8.60611940061064,0.5133272809785279,0.01952983725135624,2016,0.4039349528207187
Mpumalanga,Ward 83102029,MP312,6822,0.5171503957783641,False,8.82790796297859,0.5129877821683098,0.00963718820861678,2016,0.3670361960731935
Mpumalanga,Ward 83102030,MP312,5417,0.6839579102824441,False,8.597297435657898,0.5079330090015195,0.012145748987854251,2016,0.3058656742867269
Mpumalanga,Ward 83102031,MP312,6049,0.4567697140023144,False,8.707648248106914,0.5148174997978872,0.01737242128121607,2016,0.3066808813077469
Mpumalanga,Ward 83102032,MP312,4757,0.3710321631280218,False,8.467372496432281,0.5174156074001384,0.01643059490084986,2016,0.3388203017832647
Mpumalanga,Ward 83102033,MP312,4843,0.6254387776171795,False,8.48528964240323,0.509706316051982,0.0049521294156487285,2016,0.4956666052000738
Mpumalanga,Ward 83102034,MP312,6105,0.6748566748566749,False,8.716863386544805,0.5082088040144216,0.0024271844660194173,2016,0.5643303718328397
Mpumalanga,Ward 83103001,MP313,2446,0.4750613246116107,False,7.802209316247118,0.530810298309377,0.018072289156626505,2016,0.3608082956660463
Mpumalanga,Ward 83103002,MP313,4637,0.4528790166055639,False,8.441822884391462,0.5316025235953072,0.037142857142857144,2016,0.5003162555344719
Mpumalanga,Ward 83103003,MP313,3735,0.478714859437751,False,8.225503097566918,0.5306798149227291,0.020134228187919462,2016,0.4502369668246445
Mpumalanga,Ward 83103004,MP313,3936,0.4197154471544715,False,8.277920258172143,0.5327869367899891,0.009079903147699757,2016,0.3407281001137656
Mpumalanga,Ward 83103005,MP313,3495,0.3871244635193133,False,8.15908865466791,0.5339509004912447,0.014781966001478197,2016,0.2893258426966292
Mpumalanga,Ward 83103006,MP313,3996,0.5743243243243243,False,8.293049139768444,0.5272651911767801,0.00522875816993464,2016,0.4331501831501831
Mpumalanga,Ward 83103007,MP313,3036,0.5069169960474308,False,8.01829613851552,0.5296725957580977,0.02664067576348278,2016,0.3940600122473974
Mpumalanga,Ward 83103008,MP313,4975,0.4074371859296482,False,8.512180649592693,0.5332254461194471,0.016773556980759743,2016,0.3370029206919793
Mpumalanga,Ward 83103009,MP313,2822,0.6580439404677534,False,7.945201132412759,0.5242752048859434,0.01723209477652127,2016,0.5008833922261484
Mpumalanga,Ward 83103010,MP313,4239,0.4493984430290162,False,8.352082671352637,0.5317268297944696,0.05196850393700787,2016,0.3685429696548529
Mpumalanga,Ward 83103011,MP313,2992,0.5127005347593583,False,8.003697339094368,0.5294660408041002,0.0,2016,0.3262759081791843
Mpumalanga,Ward 83103012,MP313,4577,0.7011142669871094,False,8.428799040653642,0.5227369789388234,0.0012464942349641633,2016,0.5995991983967935
Mpumalanga,Ward 83103013,MP313,4527,0.5964214711729622,False,8.417814747435958,0.5264760073607573,0.0007407407407407407,2016,0.5276370843426558
Mpumalanga,Ward 83103014,MP313,3604,0.6637069922308546,False,8.189799618728228,0.5240729530372611,0.005016722408026756,2016,0.5960227272727273
Mpumalanga,Ward 83103015,MP313,4288,0.6448227611940298,False,8.363575702750637,0.5247473898600049,0.0032549728752260397,2016,0.5831973898858075
Mpumalanga,Ward 83103016,MP313,3469,0.7027961948688383,False,8.15162164696975,0.5226769100859046,0.002050861361771944,2016,0.6054640417838489
Mpumalanga,Ward 83103017,MP313,2552,0.4549373040752351,False,7.844632644464681,0.5315290133285332,0.0,2016,0.3853423680456491
Mpumalanga,Ward 83103018,MP313,2980,0.5026845637583892,False,7.9996785794994505,0.5298237540541348,0.008678237650200267,2016,0.4554210236653825
Mpumalanga,Ward 83103019,MP313,3103,0.5072510473735095,False,8.04012466444838,0.5296606653535949,0.0019059720457433292,2016,0.4551083591331269
Mpumalanga,Ward 83103020,MP313,3852,0.555036344755971,False,8.256347772918016,0.5279540475899356,0.0313376987839102,2016,0.4473966720343532
Mpumalanga,Ward 83103021,MP313,3268,0.5018359853121175,False,8.091933455979893,0.5298540604272161,0.0,2016,0.4394677052904901
Mpumalanga,Ward 83103022,MP313,3927,0.5255920550038197,False,8.27563105457801,0.5290056293667981,0.010174418604651164,2016,0.4953102453102453
Mpumalanga,Ward 83103023,MP313,4456,0.5758527827648114,False,8.40200678160712,0.5272106033753341,0.011691348402182385,2016,0.4440481497993758
Mpumalanga,Ward 83103024,MP313,4304,0.5390334572490706,False,8.36730010184162,0.5285255792866106,0.01896551724137931,2016,0.4029960707269155
Mpumalanga,Ward 83103025,MP313,3842,0.5700156168662155,False,8.253748343328501,0.5274190735859983,0.0091324200913242,2016,0.3911598537720173
Mpumalanga,Ward 83103026,MP313,4539,0.5082617316589557,False,8.420462002456466,0.5296245694862575,0.013437364542696142,2016,0.3594681338835396
Mpumalanga,Ward 83103027,MP313,3430,0.4606413994169096,False,8.140315540159985,0.5313252956377592,0.01139240506329114,2016,0.4097841726618705
Mpumalanga,Ward 83103028,MP313,5386,0.4632380245079837,False,8.591558273371545,0.5312325590273637,0.013226452905811623,2016,0.5351473922902494
Mpumalanga,Ward 83103029,MP313,4290,0.5421911421911422,False,8.364042011922063,0.5284128048243938,0.0176268271711092,2016,0.4766107678729038
Mpumalanga,Ward 83104001,MP314,3785,0.6295904887714663,False,8.23880116587155,0.5502604771784615,0.016365925304238357,2016,0.4953715286464848
Mpumalanga,Ward 83104002,MP314,3046,0.5210111621799081,False,8.021584533455107,0.565771809548684,0.02142407057340895,2016,0.437069278200943
Mpumalanga,Ward 83104003,MP314,3265,0.5592649310872895,False,8.09101504171053,0.5603069854190581,0.012595837897042717,2016,0.4512
Mpumalanga,Ward 83104004,MP314,3603,0.5989453233416597,False,8.189522110748094,0.5546383579541481,0.005560704355885079,2016,0.5225021228417775
Mpumalanga,Ward 83104005,MP314,2340,0.4371794871794872,False,7.757906208351747,0.5777477631201727,0.006842619745845552,2016,0.3857274684712396
Mpumalanga,Ward 83104006,MP314,3900,0.5641025641025641,False,8.268731832117737,0.5596158949883047,0.012272727272727272,2016,0.4401798063623789
Mpumalanga,Ward 83104007,MP314,3549,0.5728374189912652,False,8.174421152646497,0.5583680585756331,0.003443187407771766,2016,0.517095149748211
Mpumalanga,Ward 83104008,MP314,3163,0.5984824533670566,False,8.059276223305648,0.5547044822362343,0.006339144215530904,2016,0.5155161494616846
Mpumalanga,Ward 83105001,MP315,3486,0.5869191049913941,False,8.156510226079966,0.5518915565590182,0.016617790811339198,2016,0.420251961017352
Mpumalanga,Ward 83105002,MP315,5027,0.55719116769445,False,8.522578663692576,0.5528505222782745,0.01820778293466619,2016,0.4368421052631579
Mpumalanga,Ward 83105003,MP315,5552,0.5109870317002881,False,8.62191350218664,0.5543409782780863,0.014804370814240395,2016,0.3826225587883619
Mpumalanga,Ward 83105004,MP315,5241,0.5540927303949628,False,8.564267598802166,0.5529504718685806,0.01825068870523416,2016,0.3605502551586421
Mpumalanga,Ward 83105005,MP315,4266,0.5759493670886076,False,8.358431899031295,0.5522454190720114,0.018315018315018316,2016,0.399617133285475
Mpumalanga,Ward 83105006,MP315,5407,0.5768448307749214,False,8.595449689382004,0.5522165331466465,0.020198781660788714,2016,0.4105582985187998
Mpumalanga,Ward 83105007,MP315,3371,0.5487985760901809,False,8.12296471523406,0.5531212510397026,0.01783783783783784,2016,0.4296875
Mpumalanga,Ward 83105008,MP315,5391,0.532368762752736,False,8.592486175451668,0.5536512450183299,0.020557491289198607,2016,0.4203030856308198
Mpumalanga,Ward 83105009,MP315,4843,0.5579186454676853,False,8.48528964240323,0.5528270552533315,0.018504811250925242,2016,0.3780764861794775
Mpumalanga,Ward 83105010,MP315,5209,0.5484737953541947,False,8.558143177745192,0.5531317278376376,0.014700735036751837,2016,0.3821576763485477
Mpumalanga,Ward 83105011,MP315,5780,0.5354671280276817,False,8.662158961666423,0.5535512977513961,0.031663974151857836,2016,0.4111130963015901
Mpumalanga,Ward 83105012,MP315,3817,0.5889441970133613,False,8.247220052745229,0.5518262310099226,0.03291814946619217,2016,0.4738340267133786
Mpumalanga,Ward 83105013,MP315,4869,0.5547340316286712,False,8.4906438561827,0.5529297847320093,0.029618659755646058,2016,0.4089361702127659
Mpumalanga,Ward 83105014,MP315,6052,0.5667547918043622,False,8.708144074908246,0.5525420182747289,0.010495626822157435,2016,0.3665456944902672
Mpumalanga,Ward 83105015,MP315,4557,0.5619925389510643,False,8.424419791263883,0.5526956393345128,0.017961733697774308,2016,0.3968692449355432
Mpumalanga,Ward 83105016,MP315,5235,0.5293218720152818,False,8.563122123304638,0.5537495318163123,0.009022013713460845,2016,0.4389799635701275
Mpumalanga,Ward 83105017,MP315,4526,0.53844454264251,False,8.417593826193484,0.5534552521186598,0.02051702913418137,2016,0.4104675876726886
Mpumalanga,Ward 83105018,MP315,5564,0.5372034507548527,False,8.624072553043334,0.5534952873408422,0.019404483104717297,2016,0.3718020541549953
Mpumalanga,Ward 83105019,MP315,5838,0.5303186022610483,False,8.67214355141406,0.5537173792277391,0.018733850129198967,2016,0.4067796610169492
Mpumalanga,Ward 83105020,MP315,5563,0.5319072442926479,False,8.623892810075294,0.5536661327105908,0.018249408583981074,2016,0.3720758887456253
Mpumalanga,Ward 83105021,MP315,4171,0.5883481179573243,False,8.335911094196945,0.5518454593665689,0.010187449062754686,2016,0.4245977011494253
Mpumalanga,Ward 83105022,MP315,5460,0.5437728937728937,False,8.605204068738951,0.5532833698241313,0.0242505894240485,2016,0.4041859667181334
Mpumalanga,Ward 83105023,MP315,4847,0.5502372601609243,False,8.486115235845377,0.5530748418761303,0.0386201724784402,2016,0.3950789229340761
Mpumalanga,Ward 83105024,MP315,6676,0.5599161174355902,False,8.806274284781725,0.5527626206737216,0.020064205457463884,2016,0.4872581406323737
Mpumalanga,Ward 83105025,MP315,4251,0.5742178310985651,False,8.35490952835879,0.5523012750716902,0.021302744776730848,2016,0.5234131113423517
Mpumalanga,Ward 83105026,MP315,4149,0.5341046035189202,False,8.330622620332868,0.5535952501549046,0.024368231046931407,2016,0.3984944147644487
Mpumalanga,Ward 83105027,MP315,4630,0.4974082073434125,False,8.440312147080279,0.5547790048702436,0.0182370820668693,2016,0.3693877551020408
Mpumalanga,Ward 83105028,MP315,3463,0.6052555587640774,False,8.149890544402423,0.5513000580502221,0.01431297709923664,2016,0.3832219107181367
Mpumalanga,Ward 83105029,MP315,4015,0.5947696139476961,False,8.297792626380861,0.5516383143346214,0.017587939698492462,2016,0.3807279392511128
Mpumalanga,Ward 83105030,MP315,4551,0.5644913205888815,False,8.423102268016642,0.5526150334752283,0.01946282600233554,2016,0.39421088904204
Mpumalanga,Ward 83105031,MP315,4767,0.5456261799874135,False,8.469472455204826,0.5532235863978564,0.02768166089965398,2016,0.4931568319497419
Mpumalanga,Ward 83105032,MP315,4148,0.5127772420443587,False,8.330381569349418,0.5542832295573098,0.007522331922896097,2016,0.3567184205482078
Mpumalanga,Ward 83106001,MP316,4617,0.5841455490578298,False,8.43750042250699,0.5443934784606239,0.023730070448646643,2016,0.4184319119669876
Mpumalanga,Ward 83106002,MP316,4354,0.5493798805695912,False,8.378850241794492,0.5455523340768985,0.022157190635451504,2016,0.3545935988947732
Mpumalanga,Ward 83106003,MP316,4524,0.5393457117595049,False,8.41715183723601,0.5458868063705681,0.02459016393442623,2016,0.3909090909090909
Mpumalanga,Ward 83106004,MP316,3497,0.57048899056334,False,8.159660737063376,0.5448486970771069,0.02355889724310777,2016,0.4918280871670702
Mpumalanga,Ward 83106005,MP316,3976,0.5201207243460765,False,8.288031567776464,0.5465276392843491,0.014990328820116054,2016,0.431959040689841
Mpumalanga,Ward 83106006,MP316,4996,0.5496397117694155,False,8.516392871245468,0.5455436730369044,0.01820830298616169,2016,0.4304059652029826
Mpumalanga,Ward 83106007,MP316,3865,0.5598965071151358,False,8.259716961021523,0.5452017798587138,0.03650646950092421,2016,0.4481891348088531
Mpumalanga,Ward 83106008,MP316,4101,0.5364545232870032,False,8.31898612539206,0.5459831793196516,0.025454545454545455,2016,0.5334928229665071
Mpumalanga,Ward 83106009,MP316,3672,0.6176470588235294,False,8.20849175174038,0.543276761468434,0.01895943562610229,2016,0.4404618715419774
Mpumalanga,Ward 83106010,MP316,4622,0.5984422327996538,False,8.438582790834326,0.5439169223358964,0.022415039768618944,2016,0.4259169884169884
Mpumalanga,Ward 83106011,MP316,4124,0.661251212415131,False,8.32457884513685,0.5418232896820473,0.02456912357902457,2016,0.5241533864541833
Mpumalanga,Ward 83106012,MP316,4636,0.5815358067299397,False,8.441607204459642,0.5444804698715536,0.017804154302670624,2016,0.4813084112149532
Mpumalanga,Ward 83106013,MP316,4117,0.6099101287345154,False,8.322880021769905,0.5435346591380678,0.022700119474313024,2016,0.5313539800358331
Mpumalanga,Ward 83106014,MP316,4063,0.7671671178931824,False,8.309676895987726,0.5382927594994454,0.023419955085017645,2016,0.4448519779931884
Mpumalanga,Ward 83106015,MP316,5083,0.5711194176667322,False,8.533656917446903,0.5448276828403272,0.013434378229417844,2016,0.4678824721377912
Mpumalanga,Ward 83106016,MP316,3457,0.469482210008678,False,8.148156439921625,0.5482155897622624,0.0166358595194085,2016,0.3663455749548465
Mpumalanga,Ward 83106017,MP316,4668,0.544344473007712,False,8.448485993406447,0.5457201809956279,0.012593467138921684,2016,0.3947604120017913
Mpumalanga,Ward 83106018,MP316,4332,0.6232686980609419,False,8.37378460812088,0.5430893734938536,0.012962962962962963,2016,0.4183874139626352
Mpumalanga,Ward 83106019,MP316,4916,0.573840520748576,False,8.500250470685925,0.5447369794042658,0.017015242821694435,2016,0.3985675163261007
Mpumalanga,Ward 83106020,MP316,3751,0.5683817648627033,False,8.229777750081887,0.5449189379337949,0.021106941838649154,2016,0.4190751445086705
Mpumalanga,Ward 83106021,MP316,4709,0.4933106816733913,False,8.457230850243555,0.5474213073734385,0.009470512268618166,2016,0.4198744198744198
Mpumalanga,Ward 83106022,MP316,4288,0.4850746268656716,False,8.363575702750637,0.5476958425336959,0.012980769230769231,2016,0.3653395784543325
Mpumalanga,Ward 83106023,MP316,3684,0.4926710097719869,False,8.211754397375197,0.5474426297701521,0.018732782369146005,2016,0.3722397476340694
Mpumalanga,Ward 83106024,MP316,4259,0.4787508804883775,False,8.356789669923213,0.5479066340796057,0.029916625796959292,2016,0.4020255394099515
Mpumalanga,Ward 83106025,MP316,4082,0.4777070063694267,False,8.31434234336979,0.5479414298835706,0.030256410256410255,2016,0.4374787052810903
Mpumalanga,Ward 83106026,MP316,3934,0.49644128113879,False,8.277411998949004,0.5473169540579252,0.04198668714797747,2016,0.4477769936485533
Mpumalanga,Ward 83106027,MP316,3775,0.4593377483443708,False,8.236155661683124,0.5485537384844059,0.01787773933102653,2016,0.4525942515864128
Mpumalanga,Ward 83106028,MP316,3375,0.4651851851851852,False,8.12415060330663,0.5483588239230455,0.022929936305732482,2016,0.4080891884884625
Mpumalanga,Ward 83106029,MP316,4251,0.4845918607386497,False,8.35490952835879,0.5477119347379299,0.020388349514563107,2016,0.4103641456582633
Mpumalanga,Ward 83106030,MP316,3802,0.4502893214097843,False,8.243282523048375,0.5488553527155589,0.03329439252336448,2016,0.3621390809272062
Mpumalanga,Ward 83106031,MP316,4615,0.5367280606717226,False,8.437067146936952,0.5459740614068275,0.015341138473960436,2016,0.4179894179894179
Mpumalanga,Ward 83201001,MP321,3640,0.4788461538461538,False,8.199738960630786,0.5390672253284557,0.019506597819850834,2016,0.3293293293293293
Mpumalanga,Ward 83201002,MP321,2819,0.5952465413267116,False,7.9441374911141125,0.5301133493684127,0.005363528009535161,2016,0.4206420642064206
Mpumalanga,Ward 83201003,MP321,4101,0.5562058034625701,False,8.31898612539206,0.5331164830502698,0.004822446295484437,2016,0.3538650306748466
Mpumalanga,Ward 83201004,MP321,3346,0.5409444112372983,False,8.11552088154677,0.5342904362983677,0.02541436464088398,2016,0.5522326915198689
Mpumalanga,Ward 83201005,MP321,5241,0.5418813203587102,False,8.564267598802166,0.5342183663659513,0.01056338028169014,2016,0.4167082294264339
Mpumalanga,Ward 83201006,MP321,3534,0.5045274476513866,False,8.170185652879642,0.5370917411895916,0.03196859226023556,2016,0.4138300723666577
Mpumalanga,Ward 83201007,MP321,3744,0.5483440170940171,False,8.227909837597483,0.5337212358478508,0.01802240623477837,2016,0.4433129667345553
Mpumalanga,Ward 83201008,MP321,3767,0.5402176798513406,False,8.23403420769204,0.5343463387126721,0.03095823095823096,2016,0.545550289626119
Mpumalanga,Ward 83201009,MP321,4604,0.5666811468288445,False,8.434680769841773,0.5323106874067103,0.08662322729014948,2016,0.501941082438913
Mpumalanga,Ward 83201010,MP321,3720,0.5454301075268817,False,8.221478947267192,0.5339453827376305,0.017742730409068506,2016,0.3987906708897207
Mpumalanga,Ward 83201011,MP321,2862,0.3836477987421384,False,7.959275960116396,0.5463901757210723,0.02459016393442623,2016,0.249909714698447
Mpumalanga,Ward 83201012,MP321,3645,0.6809327846364883,False,8.201111644442758,0.5235220998830453,0.0016116035455278,2016,0.5242914979757085
Mpumalanga,Ward 83201013,MP321,3022,0.5215089344804765,False,8.013674142832684,0.5357854729719693,0.012690355329949238,2016,0.4262704174228675
Mpumalanga,Ward 83201014,MP321,3504,0.4823059360730594,False,8.161660452056282,0.5388010882340784,0.007692307692307693,2016,0.4124133585381222
Mpumalanga,Ward 83204001,MP324,5808,0.6210399449035813,False,8.666991556504632,0.6079368100045045,0.02273357360687552,2016,0.4382060360816051
Mpumalanga,Ward 83204002,MP324,5732,0.6280530355896721,False,8.653819788948063,0.6077176509205642,0.015,2016,0.4119544184046441
Mpumalanga,Ward 83204003,MP324,5729,0.6002792808518066,False,8.653296274408579,0.6085855807561225,0.013085199185809828,2016,0.3637747336377473
Mpumalanga,Ward 83204004,MP324,5237,0.5812488065686462,False,8.563504094279487,0.6091802830774713,0.010183968462549276,2016,0.4374639769452449
Mpumalanga,Ward 83204005,MP324,5362,0.5980977247295786,False,8.587092318795905,0.6086537543849422,0.01216089803554724,2016,0.3671761866452132
Mpumalanga,Ward 83204006,MP324,5556,0.5973722102231821,False,8.622633703874234,0.608676426713267,0.012955709551069599,2016,0.514668598333937
Mpumalanga,Ward 83204007,MP324,4877,0.5938076686487594,False,8.492285555710053,0.6087878186374678,0.011395027624309393,2016,0.4856593214410633
Mpumalanga,Ward 83204008,MP324,5427,0.6062281186659296,False,8.599141774063405,0.6083996795744312,0.0121580547112462,2016,0.4542260797685472
Mpumalanga,Ward 83204009,MP324,5924,0.6473666441593517,False,8.68676717538769,0.6071141006527617,0.015123859191655802,2016,0.4626632595116411
Mpumalanga,Ward 83204010,MP324,5342,0.6063272182703108,False,8.583355393669907,0.6083965827117942,0.017906761346094473,2016,0.4206803637588414
Mpumalanga,Ward 83204011,MP324,4716,0.6034775233248516,False,8.458716261657262,0.6084856356788398,0.02354181307097681,2016,0.535234552593511
Mpumalanga,Ward 83204012,MP324,5365,0.6626281453867661,False,8.587651655064798,0.606637178739405,0.008157524613220815,2016,0.5318084345961401
Mpumalanga,Ward 83204013,MP324,5084,0.6184107002360346,False,8.533853632309345,0.6080189739003654,0.005089058524173028,2016,0.493713163064833
Mpumalanga,Ward 83204014,MP324,5193,0.6019641825534373,False,8.555066843844319,0.6085329275779465,0.011836212412028152,2016,0.4892857142857142
Mpumalanga,Ward 83204015,MP324,5299,0.5468956406869221,False,8.575273402492762,0.6102538195112751,0.016563146997929608,2016,0.419501822600243
Mpumalanga,Ward 83204016,MP324,5314,0.6637184794881446,False,8.57810012631976,0.6066031057987369,0.016161043379642755,2016,0.534680753330271
Mpumalanga,Ward 83204017,MP324,5625,0.6426666666666667,False,8.63497622707262,0.6072609749494081,0.012171507607192255,2016,0.4661752661752661
Mpumalanga,Ward 83204018,MP324,4938,0.6354799513973268,False,8.504715669905124,0.607485559801575,0.014021669853409816,2016,0.5409136546184738
Mpumalanga,Ward 83204019,MP324,5019,0.6304044630404463,False,8.520985989654934,0.6076441688127275,0.01801517067003793,2016,0.4801278210505292
Mpumalanga,Ward 83204020,MP324,4468,0.5957923008057296,False,8.404696160189092,0.6087257988825624,0.022539444027047332,2016,0.4702017832003754
Mpumalanga,Ward 83204021,MP324,5568,0.6018318965517241,False,8.624791202014256,0.6085370615155001,0.010444643390032825,2016,0.4097174362508615
Mpumalanga,Ward 83204022,MP324,4627,0.529500756429652,False,8.439663988907,0.6107974096443148,0.003673469387755102,2016,0.3585992907801418
Mpumalanga,Ward 83204023,MP324,3981,0.5980909319266516,False,8.289288323000317,0.6086539666600336,0.010499790004199917,2016,0.4607797087834664
Mpumalanga,Ward 83204024,MP324,5020,0.6414342629482072,False,8.521185212685776,0.60729948756561,0.009006211180124223,2016,0.4244060475161987
Mpumalanga,Ward 83204025,MP324,5351,0.6082975144832742,False,8.585038738311304,0.6083350109551391,0.017511520737327188,2016,0.5067982864593034
Mpumalanga,Ward 83204026,MP324,4150,0.5886746987951808,False,8.330863613224745,0.608948223945392,0.011870650839132215,2016,0.4059627886124187
Mpumalanga,Ward 83204027,MP324,4422,0.5829941203075532,False,8.394347361417392,0.6091257420231304,0.008145849495733127,2016,0.4089159067882472
Mpumalanga,Ward 83204028,MP324,4235,0.5782762691853601,False,8.351138607086154,0.609273174870699,0.008166598611678236,2016,0.4212707182320442
Mpumalanga,Ward 83204029,MP324,5484,0.6513493800145879,False,8.609590040682205,0.6069896401572856,0.015397536394176932,2016,0.4645576044662494
Mpumalanga,Ward 83204030,MP324,4943,0.5966012542990087,False,8.505727713306959,0.6087005190858974,0.006442861987114276,2016,0.5021207836800646
Mpumalanga,Ward 83204031,MP324,4111,0.6582340063244952,False,8.321421586897879,0.606774495585101,0.008499630450849963,2016,0.4772339907475043
Mpumalanga,Ward 83204032,MP324,4536,0.5864197530864198,False,8.419800845407588,0.6090186909987908,0.013157894736842105,2016,0.380477625782518
Mpumalanga,Ward 83204033,MP324,4566,0.5720543144984669,False,8.42639282708974,0.6094676109546644,0.009954058192955589,2016,0.4217118997912317
Mpumalanga,Ward 83205001,MP325,6558,0.557029582189692,False,8.788440957404594,0.5341792402207846,0.01149739939775527,2016,0.4027859756817377
Mpumalanga,Ward 83205002,MP325,5939,0.5103552786664421,False,8.68929604801586,0.5354407078835751,0.018475750577367205,2016,0.3772083090662007
Mpumalanga,Ward 83205003,MP325,7475,0.5208026755852843,False,8.919319398258887,0.5351583458046875,0.015155407141022348,2016,0.4236111111111111
Mpumalanga,Ward 83205004,MP325,6347,0.5002363321254136,False,8.75573753930647,0.5357141929252245,0.015748031496062992,2016,0.34872867718056
Mpumalanga,Ward 83205005,MP325,5717,0.5088333041805142,False,8.651199471263972,0.5354818423291408,0.006875214850464077,2016,0.3240459304289091
Mpumalanga,Ward 83205006,MP325,6953,0.545663742269524,False,8.846928500099018,0.5344864250834918,0.022930943595150237,2016,0.3707060371290747
Mpumalanga,Ward 83205007,MP325,5581,0.4785880666547213,False,8.627123250788433,0.5362992811811891,0.018719580681392737,2016,0.4422448238285507
Mpumalanga,Ward 83205008,MP325,5594,0.5187701108330354,False,8.629449873761905,0.5352132799871807,0.009648518263266712,2016,0.3863714383796773
Mpumalanga,Ward 83205009,MP325,7194,0.50403113705866,False,8.881002624255569,0.5356116306297313,0.01709873138444567,2016,0.3626578645235361
Mpumalanga,Ward 83205010,MP325,6331,0.5226662454588532,False,8.753213480544126,0.5351079790513478,0.016923541855545482,2016,0.4126884422110553
Mpumalanga,Ward 83205011,MP325,6645,0.4830699774266365,False,8.801619971147346,0.5361781484576238,0.022741433021806853,2016,0.3335914511382995
Mpumalanga,Ward 83205012,MP325,5923,0.5162924193820699,False,8.686598356276965,0.5352802446209906,0.012753433616742969,2016,0.4154547047485544
Mpumalanga,Ward 83205013,MP325,7103,0.4834576939321413,False,8.86827250899781,0.5361676696331508,0.016598718695398952,2016,0.4520931603773584
Mpumalanga,Ward 83205014,MP325,6785,0.4985998526160649,False,8.82246957226897,0.5357584221011529,0.03399349689624594,2016,0.3692748091603053
Mpumalanga,Ward 83205015,MP325,7033,0.6459547845869472,False,8.858368636308018,0.53177585637221,0.011886418666079684,2016,0.5647486861608948
Mpumalanga,Ward 83205016,MP325,7492,0.6301388147357181,False,8.921591063563978,0.5322033150168378,0.012497352255877992,2016,0.4744868035190616
Mpumalanga,Ward 83205017,MP325,7117,0.5819867921877195,False,8.87024156729927,0.5335047210316486,0.016658619024625784,2016,0.4065111637769739
Mpumalanga,Ward 83205018,MP325,7577,0.5935066649069553,False,8.932872621931374,0.533193373120318,0.05492550589281743,2016,0.3606266149870801
Mpumalanga,Ward 83205019,MP325,6734,0.5424710424710425,False,8.814924599721019,0.5345727142672345,0.021626060771968245,2016,0.3881073241479333
Mpumalanga,Ward 83205020,MP325,5812,0.5851686166551961,False,8.667680024690174,0.5334187257757709,0.010585122022934431,2016,0.4269423749429831
Mpumalanga,Ward 83205021,MP325,6666,0.5636063606360636,False,8.804775258867686,0.5340014894519637,0.011445302102741549,2016,0.4752863170584689
Mpumalanga,Ward 83205022,MP325,6340,0.5563091482649842,False,8.754634047431272,0.5341987114079388,0.013892826764956054,2016,0.4148277504365772
Mpumalanga,Ward 83205023,MP325,7151,0.5320934135086002,False,8.875007486048396,0.5348531907256788,0.009461235216819974,2016,0.4551830311323982
Mpumalanga,Ward 83205024,MP325,6899,0.4831134947093781,False,8.839131752546109,0.5361769723148471,0.015001500150015001,2016,0.3986204914499209
Mpumalanga,Ward 83205025,MP325,5940,0.4942760942760942,False,8.68946441235669,0.5358752804346655,0.027247956403269755,2016,0.4464152630794455
Mpumalanga,Ward 83205026,MP325,5826,0.5369035358736698,False,8.67008593751938,0.5347231874185149,0.011828644501278773,2016,0.4147882268485283
Mpumalanga,Ward 83205027,MP325,6740,0.5124629080118694,False,8.815815203906352,0.5353837449282932,0.013317892298784018,2016,0.4887437465258477
Mpumalanga,Ward 83205028,MP325,5780,0.5217993079584775,False,8.662158961666423,0.5351314097946012,0.009615384615384616,2016,0.4717820900836745
Mpumalanga,Ward 83205029,MP325,5927,0.5645351779989877,False,8.687273461787838,0.5339763862799928,0.022414823670053794,2016,0.5296515937731653
Mpumalanga,Ward 83205030,MP325,6016,0.4787234042553192,False,8.702177865629675,0.5362956234082,0.02847222222222222,2016,0.4268527430221366
Mpumalanga,Ward 83205031,MP325,6109,0.5586839089867409,False,8.717518372649767,0.5341345286857292,0.0187518312335189,2016,0.4646287186694776
Mpumalanga,Ward 83205032,MP325,6035,0.575973487986744,False,8.705331133531631,0.5336672427668102,0.022727272727272728,2016,0.4633140972794723
Mpumalanga,Ward 83205033,MP325,6927,0.5389057311967663,False,8.843182098022606,0.5346690740314042,0.02303777122957407,2016,0.4981539335416075
Mpumalanga,Ward 83205034,MP325,5666,0.5314154606424285,False,8.642238680390461,0.534871513776116,0.01693789438724676,2016,0.4670203359858532
Mpumalanga,Ward 83205035,MP325,6050,0.5434710743801653,False,8.707813551024888,0.5345456863777988,0.014902676399026763,2016,0.5166351881447043
Mpumalanga,Ward 83205036,MP325,6201,0.5720045154007418,False,8.732465848349879,0.5337745122961616,0.01127713560755568,2016,0.4569563443492452
Mpumalanga,Ward 83205037,MP325,6266,0.4886690073412065,False,8.742893471512136,0.5360268233247977,0.015022860875244938,2016,0.3934102141680395
Mpumalanga,Ward 83205038,MP325,5731,0.541092305007852,False,8.653645314551737,0.5346099774419154,0.01580135440180587,2016,0.5477504599431343
Mpumalanga,Ward 83206001,MP326,6930,0.5568542568542568,False,8.84361509218395,0.5945557949168232,0.009587976159626846,2016,0.3687074829931973
Mpumalanga,Ward 83206002,MP326,8027,0.6115609816868071,False,8.990566138131577,0.5933124602615379,0.014870645752699124,2016,0.3961111803564751
Mpumalanga,Ward 83206003,MP326,7758,0.5527197731374065,False,8.956479847999912,0.5946497604558425,0.00816231343283582,2016,0.320668494581538
Mpumalanga,Ward 83206004,MP326,5589,0.605296117373412,False,8.628555659269699,0.5934548435413878,0.006207508128879693,2016,0.3812335958005249
Mpumalanga,Ward 83206005,MP326,8286,0.6206854936036689,False,9.022322622637347,0.5931050849907001,0.01108302547151468,2016,0.4496115173674588
Mpumalanga,Ward 83206006,MP326,7839,0.5832376578645235,False,8.966866554188723,0.5939561721665899,0.010717410323709537,2016,0.3624380057426259
Mpumalanga,Ward 83206007,MP326,7002,0.5939731505284205,False,8.85395110151461,0.5937121836969559,0.03005530175522962,2016,0.4336513443191674
Mpumalanga,Ward 83206008,MP326,6907,0.6095265672506153,False,8.840290669088972,0.5933586969532696,0.010451306413301662,2016,0.4179431072210066
Mpumalanga,Ward 83206009,MP326,6098,0.6180714988520827,False,8.7157161275482,0.5931644939623272,0.01804192093393473,2016,0.3969963162368943
Mpumalanga,Ward 83206010,MP326,7049,0.5853312526599518,False,8.860641041773876,0.5939085904666938,0.018904507998061076,2016,0.3461351482741857
Mpumalanga,Ward 83206011,MP326,7249,0.600496620223479,False,8.888618807300878,0.5935639230220682,0.01401332414426832,2016,0.3734410430839002
Mpumalanga,Ward 83206012,MP326,6320,0.4830696202531646,False,8.751474487140904,0.596232718475939,0.007206026858827383,2016,0.3254179034525855
Mpumalanga,Ward 83206013,MP326,7093,0.3860143803750176,False,8.866863661202087,0.5984385193822604,0.008765522279035792,2016,0.3586441681468324
Mpumalanga,Ward 83206014,MP326,7255,0.5682977257064094,False,8.889446165318288,0.5942957160792743,0.007518796992481203,2016,0.4616216216216216
Mpumalanga,Ward 83206015,MP326,8943,0.6962987811696298,False,9.09862638234618,0.5913866011823828,0.0028906375461699055,2016,0.5481319216258975
Mpumalanga,Ward 83206016,MP326,5160,0.5468992248062016,False,8.548691858475609,0.5947820456451881,0.010985116938341602,2016,0.4324824269330373
Mpumalanga,Ward 83206017,MP326,11676,0.6498800959232613,False,9.365290731974005,0.5924415713016186,0.004085397996837111,2016,0.5799546998867497
Mpumalanga,Ward 83206018,MP326,7817,0.6260713828834591,False,8.96405612822033,0.5929826784161595,0.006742950551695954,2016,0.4168485377564382
Mpumalanga,Ward 83206019,MP326,7114,0.6002249086308687,False,8.8698199525084,0.5935700982855366,0.005152224824355972,2016,0.4154024170737979
Mpumalanga,Ward 83206020,MP326,7024,0.5921127562642369,False,8.857088135314953,0.5937544653847783,0.0045684058667949026,2016,0.41031652989449
Mpumalanga,Ward 83206021,MP326,6399,0.6025941553367714,False,8.76389700713946,0.5935162517694933,0.016597510373443983,2016,0.4217697980121834
Mpumalanga,Ward 83206022,MP326,7019,0.5835589115258584,False,8.856376036730422,0.5939488709470141,0.010009765625,2016,0.4072304507087115
Mpumalanga,Ward 83206023,MP326,5281,0.567506154137474,False,8.571870752706934,0.5943137063422047,0.010343677010343676,2016,0.4139820657588841
Mpumalanga,Ward 83206024,MP326,7992,0.6192442442442443,False,8.98619632032839,0.5931378406579598,0.011921600323297636,2016,0.431331592689295
Mpumalanga,Ward 83206025,MP326,8076,0.5527488855869243,False,8.996651979432729,0.5946490988092625,0.017921146953405017,2016,0.3979819312448668
Mpumalanga,Ward 83206026,MP326,4208,0.5846007604562737,False,8.344742754417545,0.593925192562232,0.012601626016260163,2016,0.4314483647494764
Mpumalanga,Ward 83206027,MP326,7680,0.607421875,False,8.946374826141717,0.5934065308680563,0.011146838156484458,2016,0.3340544667854416
Mpumalanga,Ward 83206028,MP326,8938,0.5933094652047438,False,9.098067129493398,0.5937272674543121,0.022062983217046955,2016,0.3586335548560103
Mpumalanga,Ward 83206029,MP326,7361,0.5520988996060318,False,8.903951072058707,0.5946638712179192,0.00984251968503937,2016,0.4169088141690881
Mpumalanga,Ward 83206030,MP326,8094,0.6310847541388683,False,8.998878325435811,0.5928687381603548,0.0031323414252153485,2016,0.4978154716011308
Mpumalanga,Ward 83206031,MP326,7245,0.5641131815044859,False,8.888066854754783,0.5943908193565908,0.017372155615365793,2016,0.3910525553786014
Mpumalanga,Ward 83206032,MP326,6777,0.5763612217795485,False,8.821289805136113,0.5941124548048847,0.009472606246799796,2016,0.3648435030034777
Mpumalanga,Ward 83206033,MP326,6515,0.6,False,8.781862489558945,0.593575209845329,0.00844205679201842,2016,0.3808700662633247
Mpumalanga,Ward 83206034,MP326,5945,0.6506307821698907,False,8.690305809124883,0.5924245102505588,0.012150982419855223,2016,0.4609929078014184
Mpumalanga,Ward 83206035,MP326,7329,0.6104516305089371,False,8.89959435992585,0.5933376727883077,0.029503799731783638,2016,0.4049597855227882
Mpumalanga,Ward 83206036,MP326,6146,0.5802147738366418,False,8.72355674269043,0.5940248740763144,0.01430173864273696,2016,0.366138448707256
Mpumalanga,Ward 83206037,MP326,6268,0.608647096362476,False,8.74321260347591,0.593378684928,0.014416775884665793,2016,0.4707551631720006
Mpumalanga,Ward 83206038,MP326,5486,0.5845789281808239,False,8.60995467149755,0.5939256887503103,0.011849080137199874,2016,0.427262313860252
Mpumalanga,Ward 83206039,MP326,6435,0.5544677544677544,False,8.769507120030227,0.5946100336074255,0.015975336322869956,2016,0.3705781517843229
Mpumalanga,Ward 83206040,MP326,7614,0.8343840294194904,False,8.937743936942443,0.5882483000857952,0.00755548559735558,2016,0.3358219085109271
Mpumalanga,Ward 83206041,MP326,6842,0.6109324758842444,False,8.830835365537549,0.5933267444843234,0.020813397129186603,2016,0.4006044786371754
Mpumalanga,Ward 83206042,MP326,6476,0.6037677578752316,False,8.775858314797526,0.5934895789845283,0.004603580562659846,2016,0.414951768488746
Mpumalanga,Ward 83206043,MP326,6813,0.5919565536474387,False,8.826587830773668,0.5937580154442509,0.009422266303000248,2016,0.4472759226713532
Mpumalanga,Ward 83206044,MP326,6501,0.5889863097984925,False,8.77971129020447,0.5938255209862724,0.004962131104727083,2016,0.4353796445880452
Mpumalanga,Ward 83206045,MP326,6329,0.5770263864749565,False,8.752897524775305,0.5940973374254437,0.01067907995618839,2016,0.3674536523530344
North West,Ward 63701001,NW371,3368,0.5463182897862233,False,8.122074375362217,0.5235737492924186,0.017934782608695653,2016,0.4458174904942966
North West,Ward 63701002,NW371,3334,0.5218956208758249,False,8.111928063310739,0.5245506560488346,0.017816091954022988,2016,0.4731404958677686
North West,Ward 63701003,NW371,3763,0.5041190539463194,False,8.232971790593437,0.5252617187260148,0.018977332630469163,2016,0.3752450294035284
North West,Ward 63701004,NW371,3518,0.5361000568504832,False,8.165647925297504,0.5239824786098483,0.024920466595970307,2016,0.4743849493487699
North West,Ward 63701005,NW371,3205,0.5201248049921997,False,8.07246736935477,0.5246214886841796,0.011397720455908818,2016,0.4757403906742281
North West,Ward 63701006,NW371,3350,0.5134328358208955,False,8.116715624819111,0.5248891674510318,0.015116279069767442,2016,0.5055147058823529
North West,Ward 63701007,NW371,3800,0.5657894736842105,False,8.242756345714477,0.5227949019364991,0.020465116279069766,2016,0.4346747519294377
North West,Ward 63701008,NW371,3324,0.4317087845968712,False,8.10892415597534,0.5281581294999927,0.006968641114982578,2016,0.4484823456535205
North West,Ward 63701009,NW371,3923,0.5888350751975528,False,8.274611946209552,0.5218730778759655,0.020346320346320345,2016,0.391212949337818
North West,Ward 63701010,NW371,4150,0.5363855421686747,False,8.330863613224745,0.5239710591971205,0.01752021563342318,2016,0.4721562417524412
North West,Ward 63701011,NW371,4435,0.5382187147688838,False,8.39728289474368,0.5238977322931122,0.007959782153330541,2016,0.4160562554937005
North West,Ward 63701012,NW371,3477,0.4745470232959448,False,8.153925132007862,0.5264445999520297,0.02303030303030303,2016,0.3442265795206972
North West,Ward 63701013,NW371,4178,0.5098133078027764,False,8.33758794211651,0.5250339485717564,0.01596244131455399,2016,0.446331109763493
North West,Ward 63701014,NW371,3837,0.4769351055512119,False,8.252446090246952,0.5263490766618191,0.01366120218579235,2016,0.4207424867413082
North West,Ward 63701015,NW371,3547,0.5362277981392726,False,8.173857454773621,0.5239773689582967,0.023133543638275498,2016,0.5018835120254999
North West,Ward 63701016,NW371,4236,0.5521718602455147,False,8.351374706721296,0.523339606474047,0.020521590423257803,2016,0.3432984554060787
North West,Ward 63701017,NW371,4131,0.5267489711934157,False,8.326274787396764,0.5243565220361309,0.01838235294117647,2016,0.4299454120093579
North West,Ward 63701018,NW371,3444,0.5206155632984901,False,8.144388865547622,0.524601858351928,0.01505856107083101,2016,0.3692977960020502
North West,Ward 63701019,NW371,3633,0.5681255161023947,False,8.197814032221203,0.5227014602397717,0.02131782945736434,2016,0.4354882337030024
North West,Ward 63701020,NW371,4461,0.5395651199282672,False,8.403128235128264,0.5238438760867369,0.03822185292895721,2016,0.3889925373134328
North West,Ward 63701021,NW371,4030,0.5141439205955335,False,8.301521654940728,0.5248607240600462,0.032335907335907334,2016,0.3889332269220537
North West,Ward 63701022,NW371,3236,0.4805315203955501,False,8.082093278178382,0.5262052200680456,0.03536977491961415,2016,0.4152695383028114
North West,Ward 63701023,NW371,4119,0.5314396698227725,False,8.323365694436081,0.5241688940909567,0.02147099132023755,2016,0.5681818181818182
North West,Ward 63701024,NW371,3027,0.4942186983812355,False,8.01532730902172,0.5256577329486182,0.0106951871657754,2016,0.3512419006479482
North West,Ward 63701025,NW371,4787,0.6062251932316691,False,8.473659189392508,0.5211774731546008,0.011371467953135768,2016,0.5251299826689775
North West,Ward 63701026,NW371,3510,0.5014245014245015,False,8.163371316459912,0.5253695008268875,0.019886363636363636,2016,0.464096051720157
North West,Ward 63702001,NW372,4637,0.5372007763640285,False,8.441822884391462,0.5280384796265554,0.02408671216378964,2016,0.4676957001102536
North West,Ward 63702002,NW372,5432,0.5022091310751104,False,8.600062669238532,0.5289132707587783,0.02309384164222874,2016,0.362574388362354
North West,Ward 63702003,NW372,4569,0.5386298971328518,False,8.427049641563272,0.5280027516073348,0.01950426655830963,2016,0.5162337662337663
North West,Ward 63702004,NW372,4726,0.5260262378332629,False,8.460834457746854,0.5283178430898244,0.04102976669348351,2016,0.4138009565019357
North West,Ward 63702005,NW372,5468,0.5788222384784198,False,8.60666819784384,0.5269979430736955,0.010110584518167456,2016,0.375281743050338
North West,Ward 63702006,NW372,5126,0.5364806866952789,False,8.542080906924017,0.5280564818682741,0.022545454545454546,2016,0.3912952936276551
North West,Ward 63702007,NW372,6085,0.533278553820871,False,8.713582005421628,0.5281365351901343,0.021263482280431432,2016,0.367514218802275
North West,Ward 63702008,NW372,6215,0.5218020917135962,False,8.734721003944811,0.5284234467428162,0.022510021584952206,2016,0.3348977539389876
North West,Ward 63702009,NW372,5254,0.4842025123715264,False,8.566744970245486,0.5293634362263678,0.042059748427672954,2016,0.3136778115501519
North West,Ward 63702010,NW372,6664,0.4932472989195678,False,8.804475183846678,0.5291373165626669,0.02555521752357773,2016,0.3420408163265306
North West,Ward 63702011,NW372,5319,0.5476593344613649,False,8.579040594742317,0.5277770156741219,0.04840370751802266,2016,0.381928355016931
North West,Ward 63702012,NW372,5851,0.5397367971286959,False,8.674367865788236,0.5279750791074387,0.016149461684610514,2016,0.3932980599647266
North West,Ward 63702013,NW372,5971,0.4322559035337464,False,8.694669696546992,0.5306621014473124,0.0197597830298334,2016,0.3615982643283312
North West,Ward 63702014,NW372,5230,0.5240917782026768,False,8.56216655705897,0.5283662045805891,0.009485589201021525,2016,0.4815175097276264
North West,Ward 63702015,NW372,5523,0.4935723338765164,False,8.616676469901188,0.5291291906887431,0.01577402787967718,2016,0.3726319350473613
North West,Ward 63702016,NW372,4928,0.5586444805194806,False,8.502688505213357,0.527502387022669,0.01670904467853251,2016,0.3933599495692372
North West,Ward 63702017,NW372,5804,0.4891454169538249,False,8.666302614004078,0.5292398636118104,0.021838675589996477,2016,0.3916474210931486
North West,Ward 63702018,NW372,4610,0.5407809110629067,False,8.435983135990694,0.5279489762590834,0.032089851584436425,2016,0.3680971106171995
North West,Ward 63702019,NW372,5742,0.5156739811912225,False,8.655562860681009,0.5285766495058755,0.03343465045592705,2016,0.4385105340519353
North West,Ward 63702020,NW372,4883,0.5633831660864222,False,8.49351506406166,0.5273839198834955,0.009451108687749909,2016,0.4164859002169197
North West,Ward 63702021,NW372,5975,0.4977405857740585,False,8.695339376799712,0.5290249843913046,0.006724949562878279,2016,0.4360847333820307
North West,Ward 63702022,NW372,4966,0.6562625855819573,False,8.510369966068112,0.5250619343961072,0.005830009205277692,2016,0.4970414201183432
North West,Ward 63702023,NW372,4980,0.5710843373493976,False,8.513185170018698,0.5271913906019211,0.007735583684950774,2016,0.4972375690607735
North West,Ward 63702024,NW372,4867,0.5354427778919252,False,8.490233009833455,0.5280824295883579,0.014965464313123561,2016,0.4742157284056725
North West,Ward 63702025,NW372,5563,0.4533525076397627,False,8.623892810075294,0.530134686344662,0.018636003172085646,2016,0.3933877075444217
North West,Ward 63702026,NW372,6316,0.4498100063331222,False,8.750841375375533,0.530223248877328,0.016191481872580078,2016,0.2654926067453065
North West,Ward 63702027,NW372,6051,0.5412328540737068,False,8.707978826622321,0.5279376776838134,0.0061068702290076335,2016,0.4745788904342451
North West,Ward 63702028,NW372,4745,0.5131717597471022,False,8.464846711044029,0.5286392050419785,0.018480492813141684,2016,0.3182282098387426
North West,Ward 63702029,NW372,6720,0.6190476190476191,False,8.812843433517195,0.5259923085594655,0.03870192307692308,2016,0.5117277832837793
North West,Ward 63702030,NW372,6669,0.6729644624381467,False,8.805225202632306,0.5246443874747024,0.02250445632798574,2016,0.4689895470383275
North West,Ward 63702031,NW372,5930,0.502866779089376,False,8.68777949199177,0.5288968295584217,0.02012072434607646,2016,0.3597437099546804
North West,Ward 63702032,NW372,5333,0.437464841552597,False,8.581669210600602,0.5305318779968411,0.009429918559794257,2016,0.3179989504985132
North West,Ward 63702033,NW372,5382,0.6204013377926422,False,8.590815331286851,0.52595846559084,0.001497454327643007,2016,0.5009481668773704
North West,Ward 63702034,NW372,5338,0.5307231172723866,False,8.58260632996447,0.5282004211038464,0.016237204376985528,2016,0.5198130841121495
North West,Ward 63702035,NW372,5961,0.5473913772856903,False,8.692993531219926,0.5277837146035138,0.02819491265706405,2016,0.4334243251440703
North West,Ward 63702036,NW372,4440,0.4909909909909909,False,8.39840965542627,0.5291937242608813,0.012385321100917432,2016,0.3679653679653679
North West,Ward 63702037,NW372,5274,0.5011376564277589,False,8.570544366913232,0.5289400576249621,0.014755959137343927,2016,0.3807457092128625
North West,Ward 63702038,NW372,5655,0.5253757736516357,False,8.640295388550221,0.5283341046943651,0.017839111410299563,2016,0.4244656268053148
North West,Ward 63702039,NW372,4587,0.5598430346631785,False,8.430981494597171,0.5274724231690766,0.007009345794392523,2016,0.4291615667074663
North West,Ward 63702040,NW372,6448,0.4745657568238213,False,8.771525284186465,0.5296043551150605,0.036601307189542485,2016,0.4261302954788181
North West,Ward 63702041,NW372,4872,0.5010262725779967,False,8.491259809389733,0.5289428422212061,0.011470708725931995,2016,0.3727825030376671
North West,Ward 63703001,NW373,6964,0.5287191269385411,False,8.848509300888079,0.4979157598510556,0.027702335687126562,2016,0.4427275304791607
North West,Ward 63703002,NW373,7033,0.4612540878714631,False,8.858368636308018,0.49944905619348917,0.01911220715166461,2016,0.3647444298820446
North West,Ward 63703003,NW373,5418,0.4509043927648579,False,8.59748202264504,0.49968427653682107,0.031109291854277528,2016,0.2541152263374485
North West,Ward 63703004,NW373,7343,0.4638431158926869,False,8.90150275745161,0.49939021464755223,0.020258367586611863,2016,0.2612859097127223
North West,Ward 63703005,NW373,6433,0.458883879993782,False,8.769196271411001,0.4995029245543456,0.02168021680216802,2016,0.3826505224747056
North West,Ward 63703006,NW373,6317,0.4589203735950609,False,8.7509996908987,0.4995020951543165,0.014487754398068299,2016,0.3517064846416382
North West,Ward 63703007,NW373,6877,0.5103969754253308,False,8.835937789319836,0.49833217238544675,0.024216524216524215,2016,0.3767794416712886
North West,Ward 63703008,NW373,5858,0.5343120518948447,False,8.675563527387679,0.4977886479202305,0.005750798722044728,2016,0.3311198851399856
North West,Ward 63703009,NW373,5939,0.4889712072739518,False,8.68929604801586,0.4988191216616144,0.01997245179063361,2016,0.3171224732461355
North West,Ward 63703010,NW373,6972,0.4337349397590361,False,8.849657406639912,0.5000744913778625,0.03009259259259259,2016,0.2483870967741935
North West,Ward 63703011,NW373,5852,0.4560833902939166,False,8.674538762140015,0.4995665720475243,0.02098164106406894,2016,0.2866513611020007
North West,Ward 63703012,NW373,7554,0.4588297590680434,False,8.929832503272403,0.4995041545753851,0.019907674552798616,2016,0.3198198198198198
North West,Ward 63703013,NW373,7939,0.4103791409497417,False,8.979542601725113,0.5006053049871646,0.022713321055862493,2016,0.2664788732394366
North West,Ward 63703014,NW373,6622,0.6100875868317729,False,8.798152718107191,0.49606647667166387,0.006435643564356435,2016,0.4993865030674846
North West,Ward 63703015,NW373,6431,0.6030166381589177,False,8.768885326134862,0.49622718005059246,0.0023207839092315627,2016,0.4956186470382054
North West,Ward 63703016,NW373,9310,0.59484425349087,False,9.138844370271112,0.49641291606577537,0.007945106536655833,2016,0.4875932673954538
North West,Ward 63703017,NW373,6481,0.5798487887671656,False,8.776630098427717,0.4967537220822232,0.004257583821181479,2016,0.482267096555235
North West,Ward 63703018,NW373,4632,0.4119170984455959,False,8.440744019252831,0.5005703514077134,0.005241090146750524,2016,0.3482227115445108
North West,Ward 63703019,NW373,7652,0.4158389963408259,False,8.942722330560143,0.5004812173646399,0.02011313639220616,2016,0.2794704388828437
North West,Ward 63703020,NW373,6780,0.4882005899705015,False,8.821732380934442,0.4988366356912383,0.03202416918429003,2016,0.3149273893954745
North West,Ward 63703021,NW373,6655,0.504282494365139,False,8.803123730829212,0.4984711378640874,0.014302741358760428,2016,0.3808029292533019
North West,Ward 63703022,NW373,8392,0.4665157292659675,False,9.035034150076132,0.4993294734345231,0.02247765006385696,2016,0.2855147366950691
North West,Ward 63703023,NW373,5876,0.5629680054458815,False,8.678631537293768,0.497137376248616,0.02418379685610641,2016,0.4042262085740347
North West,Ward 63703024,NW373,6614,0.4413365588146356,False,8.796943893541737,0.49990172730841703,0.017814319972593355,2016,0.282874617737003
North West,Ward 63703025,NW373,6226,0.5859299710889817,False,8.736489351001554,0.496615513393091,0.03070175438596491,2016,0.5315652456882525
North West,Ward 63703026,NW373,5913,0.5657026889903602,False,8.68490859582083,0.4970752243498779,0.010762331838565023,2016,0.4741215163579713
North West,Ward 63703027,NW373,7286,0.5750754872357947,False,8.89370997756851,0.4968622062079362,0.013365155131264916,2016,0.4237312163311596
North West,Ward 63703028,NW373,6558,0.5797499237572431,False,8.788440957404594,0.49675596901426683,0.01262493424513414,2016,0.421608832807571
North West,Ward 63703029,NW373,5098,0.5613966261278933,False,8.53660358493606,0.4971730894149339,0.011879804332634521,2016,0.557366467645635
North West,Ward 63703030,NW373,5905,0.5356477561388654,False,8.683554728631462,0.49775829100559366,0.014226999683844452,2016,0.3803756362998069
North West,Ward 63703031,NW373,6289,0.5037366830974718,False,8.746557354543503,0.49848354266562533,0.02462121212121212,2016,0.2677672639420173
North West,Ward 63703032,NW373,6954,0.4706643658326143,False,8.847072312567807,0.4992351862398266,0.009471432936144211,2016,0.3304093567251462
North West,Ward 63703033,NW373,4844,0.3728323699421965,False,8.485496104672983,0.5014586406918816,0.036544850498338874,2016,0.2441490357610934
North West,Ward 63703034,NW373,6388,0.4331559173450219,False,8.762176509334903,0.500087650978181,0.016985905312612938,2016,0.343804537521815
North West,Ward 63703035,NW373,7710,0.5097276264591439,False,8.950273466557375,0.4983473848619509,0.022137404580152672,2016,0.3879399970295559
North West,Ward 63703036,NW373,6909,0.5536257056013895,False,8.840580188488795,0.4973497012450817,0.023790849673202615,2016,0.4310583885379757
North West,Ward 63703037,NW373,5878,0.4474310990132698,False,8.678971846978863,0.4997632150311754,0.012547528517110267,2016,0.2614044079958995
North West,Ward 63703038,NW373,6837,0.440251572327044,False,8.830104317913793,0.499926386092226,0.03255813953488372,2016,0.263681592039801
North West,Ward 63703039,NW373,7086,0.4441151566469094,False,8.865876285425417,0.49983857735768356,0.011439466158245948,2016,0.3050112191473448
North West,Ward 63703040,NW373,7628,0.5707918196119559,False,8.93958096672031,0.49695956229029614,0.011713367018833257,2016,0.3657430233704762
North West,Ward 63703041,NW373,6077,0.4502221490867204,False,8.712266432135355,0.4996997820749606,0.0222953216374269,2016,0.3058038881793671
North West,Ward 63703042,NW373,7618,0.4900236282488842,False,8.938269147038548,0.4987952030030932,0.0032145727297080095,2016,0.3216501760858628
North West,Ward 63703043,NW373,6794,0.5133941713276421,False,8.82379514872053,0.4982640542967578,0.05246559633027523,2016,0.3205291679948996
North West,Ward 63703044,NW373,5737,0.5759107547498693,False,8.654691704601872,0.49684322285534355,0.01725181598062954,2016,0.4486121530382596
North West,Ward 63703045,NW373,5540,0.4635379061371841,False,8.61974977974133,0.49939715123290457,0.02336448598130841,2016,0.3469079939668175
North West,Ward 63704001,NW374,2704,0.588387573964497,False,7.902487437162855,0.600298805678236,0.028284098051539912,2016,0.4790040876997399
North West,Ward 63704002,NW374,2983,0.5370432450553134,False,8.000684784514748,0.6088561938297666,0.05305867665418227,2016,0.5227840199750312
North West,Ward 63704003,NW374,2405,0.572972972972973,False,7.785305182539862,0.60286790584349,0.006531204644412192,2016,0.4994590695997115
North West,Ward 63704004,NW374,3060,0.5604575163398693,False,8.026170194946426,0.6049538152823407,0.02040816326530612,2016,0.4589752776782515
North West,Ward 63704005,NW374,2925,0.7005128205128205,False,7.981049759665957,0.5816112645868488,0.06930209858467545,2016,0.460724043715847
North West,Ward 63704006,NW374,2921,0.5645326942827799,False,7.979681302387741,0.6042746189585222,0.013947847180109158,2016,0.4860335195530726
North West,Ward 63704007,NW374,2544,0.6662735849056604,False,7.841492924460013,0.5873178038547088,0.02182890855457227,2016,0.5111673958093483
North West,Ward 63705001,NW375,4087,0.525813555174945,False,8.315566483564277,0.5169138253299704,0.020009306654257795,2016,0.4549356223175965
North West,Ward 63705002,NW375,4006,0.5476784822765851,False,8.295548516225763,0.5162512517814359,0.040109389243391066,2016,0.4769311890324281
North West,Ward 63705003,NW375,3532,0.6027746319365799,False,8.16961956172385,0.5145816714887088,0.020197275716298733,2016,0.4229892543145555
North West,Ward 63705004,NW375,4305,0.4977932636469221,False,8.367532416861831,0.517762925073244,0.014465702286514233,2016,0.4011642622120982
North West,Ward 63705005,NW375,3423,0.5585743499853929,False,8.138272638530186,0.5159210739720782,0.040271966527196654,2016,0.4365714285714285
North West,Ward 63705006,NW375,3935,0.560864040660737,False,8.277666160851503,0.5158516894061587,0.02809243316719529,2016,0.4611260053619302
North West,Ward 63705007,NW375,3541,0.4069471900593053,False,8.172164452111904,0.5205158363940807,0.016655100624566273,2016,0.3473618090452261
North West,Ward 63705008,NW375,3735,0.5261044176706827,False,8.225503097566918,0.5169050113149481,0.030025445292620866,2016,0.4760826493065384
North West,Ward 63705009,NW375,3579,0.4886839899413244,False,8.182838710766026,0.5180389636703833,0.03945111492281304,2016,0.3478260869565217
North West,Ward 63705010,NW375,3446,0.4866511897852583,False,8.144969417087875,0.5181005636751125,0.02564102564102564,2016,0.6790159189580318
North West,Ward 63705011,NW375,3514,0.6172453044963006,False,8.164510268747042,0.5141431662596264,0.013831258644536652,2016,0.4469964664310954
North West,Ward 63705012,NW375,3315,0.5260935143288085,False,8.106212902619962,0.5169053417192473,0.027522935779816515,2016,0.5193897012078831
North West,Ward 63705013,NW375,3073,0.4201106410673609,False,8.030409562130485,0.5201169439392912,0.001549186676994578,2016,0.2811059907834101
North West,Ward 63705014,NW375,3028,0.4785336856010568,False,8.01565761455734,0.5183465486503913,0.0779848171152519,2016,0.2409830833067347
North West,Ward 63705015,NW375,3861,0.5457135457135457,False,8.258681496264236,0.5163107953136492,0.06597057427622212,2016,0.4196625091709464
North West,Ward 63705016,NW375,4186,0.5169612995699953,False,8.339500903005945,0.5171820754998174,0.013863216266173753,2016,0.3440252992997515
North West,Ward 63705017,NW375,3415,0.5420204978038068,False,8.13593277200489,0.5164227058563686,0.01350621285791464,2016,0.3881064162754303
North West,Ward 63705018,NW375,3419,0.5185726820707809,False,8.137103389639302,0.5171332457270664,0.028764805414551606,2016,0.4108865411116215
North West,Ward 63705019,NW375,3736,0.5642398286937902,False,8.225770799348734,0.5157493927990964,0.019924098671726755,2016,0.4632471728594507
North West,Ward 63705020,NW375,3479,0.5630928427709112,False,8.154500175151941,0.5157841499482746,0.006125574272588055,2016,0.3955976765515133
North West,Ward 63705021,NW375,4314,0.5521557719054242,False,8.369620826949102,0.5161155763381378,0.012174643157010915,2016,0.3987771739130434
North West,Ward 63705022,NW375,3539,0.4970330601864933,False,8.171599480345463,0.5177859615417418,0.01023308698123934,2016,0.3457568807339449
North West,Ward 63705023,NW375,3390,0.4929203539823009,False,8.128585200374497,0.5179105890024749,0.022142429682824656,2016,0.396694214876033
North West,Ward 63705024,NW375,3742,0.505344735435596,False,8.227375506834035,0.5175340925947992,0.030671602326811213,2016,0.3651014170602945
North West,Ward 63705025,NW375,4016,0.4549302788844621,False,8.298041661371565,0.5190618033993791,0.02353585112205802,2016,0.3887279431129839
North West,Ward 63705026,NW375,4266,0.4460853258321612,False,8.358431899031295,0.5193298322797518,0.02995270625328429,2016,0.482442748091603
North West,Ward 63705027,NW375,3742,0.5277926242650989,False,8.227375506834035,0.5168538535393598,0.025822784810126582,2016,0.3900775922877968
North West,Ward 63705028,NW375,4266,0.5421940928270043,False,8.358431899031295,0.5164174454011202,0.06052745352356247,2016,0.3605231866825208
North West,Ward 63705029,NW375,3653,0.5480427046263345,False,8.203304026795282,0.5162402147405345,0.03196803196803197,2016,0.4683730508973227
North West,Ward 63705030,NW375,3731,0.5684803001876173,False,8.224431573221159,0.5156208936629199,0.011786892975011787,2016,0.3773992322456814
North West,Ward 63705031,NW375,3726,0.4989264626945786,False,8.223090551161533,0.5177285857081635,0.014523937600860678,2016,0.4106914212548015
North West,Ward 63705032,NW375,3214,0.4340385812072184,False,8.075271546297458,0.5196948851471743,0.023655913978494623,2016,0.3500334001336005
North West,Ward 63705033,NW375,4703,0.5324261109929832,False,8.455955881945048,0.516713444850636,0.019968051118210862,2016,0.4110576923076923
North West,Ward 63705034,NW375,3404,0.4891304347826087,False,8.132706489693264,0.5180254350388291,0.03123123123123123,2016,0.3321403006442376
North West,Ward 63801001,NW381,4036,0.563181367690783,False,8.3030093814735,0.5295755487055634,0.025076990761108666,2016,0.4953584321815368
North West,Ward 63801002,NW381,3897,0.5445214267385168,False,8.26796230533871,0.5310109287788147,0.027803958529688973,2016,0.44832179009057
North West,Ward 63801003,NW381,3574,0.4966424174594292,False,8.181440695719374,0.5346939294925906,0.031549295774647886,2016,0.388100271821202
North West,Ward 63801004,NW381,4109,0.6084205402774397,False,8.32093496888341,0.5260956123527437,0.0168,2016,0.538517796196977
North West,Ward 63801005,NW381,3274,0.4468540012217471,False,8.09376775793108,0.5385238076647201,0.021872863978127138,2016,0.4080717488789238
North West,Ward 63801006,NW381,3111,0.537769206043073,False,8.042699496897637,0.5315303303707719,0.019127316198445904,2016,0.4325361677000295
North West,Ward 63801007,NW381,3392,0.5014740566037735,False,8.129174996911793,0.5343222649430257,0.026455026455026454,2016,0.4447284345047923
North West,Ward 63801008,NW381,3963,0.4817057784506687,False,8.284756593190435,0.5358429017240337,0.029334730225248823,2016,0.4760056457304163
North West,Ward 63801009,NW381,3492,0.5186139747995419,False,8.158229916959494,0.5330038096971974,0.025952512424075095,2016,0.3767351471404775
North West,Ward 63801010,NW381,2852,0.5908134642356241,False,7.955775781534187,0.5274500028174988,0.03323442136498516,2016,0.3492176386913229
North West,Ward 63801011,NW381,3152,0.5501269035532995,False,8.05579245097777,0.5305797382546007,0.011534025374855825,2016,0.4659400544959128
North West,Ward 63801012,NW381,3700,0.5510810810810811,False,8.216088098632316,0.5305063399832328,0.02501226091221187,2016,0.4366149696561024
North West,Ward 63801013,NW381,3469,0.5390602479100606,False,8.15162164696975,0.5314310194579267,0.03529411764705882,2016,0.4298395356777057
North West,Ward 63801014,NW381,3937,0.5173990347980696,False,8.278174290943738,0.5330972666203876,0.026509572901325478,2016,0.3470149253731343
North West,Ward 63802001,NW382,3552,0.3572635135135135,False,8.17526610411206,0.5160648878111183,0.027580772261623327,2016,0.3754881345749474
North West,Ward 63802002,NW382,3363,0.5052036871840618,False,8.12058871174027,0.5046848744518454,0.05650382577987051,2016,0.3707301786273895
North West,Ward 63802003,NW382,3268,0.5030599755201959,False,8.091933455979893,0.5048497753490658,0.025547445255474453,2016,0.4730859244399866
North West,Ward 63802004,NW382,3855,0.522697795071336,False,8.25712628599743,0.5033391738451319,0.02183622828784119,2016,0.4148641153632834
North West,Ward 63802005,NW382,3553,0.4570785251899803,False,8.175547596021026,0.5083868099898516,0.03140394088669951,2016,0.4079648792724992
North West,Ward 63802006,NW382,3683,0.5476513711648113,False,8.211482916445066,0.5014196679917877,0.027764005949429845,2016,0.4465592972181552
North West,Ward 63802007,NW382,3885,0.5917631917631918,False,8.264878262801748,0.49802645102268145,0.013919095258808177,2016,0.4840848806366047
North West,Ward 63802008,NW382,3654,0.5856595511767926,False,8.203577736937952,0.4984959618370199,0.011214953271028037,2016,0.558708959376739
North West,Ward 63802009,NW382,3633,0.4957335535370217,False,8.197814032221203,0.5054133462708484,0.024430871737923375,2016,0.419121585431173
North West,Ward 63802010,NW382,3040,0.4947368421052631,False,8.019612794400267,0.5054900163809837,0.03523936170212766,2016,0.420557608330534
North West,Ward 63802011,NW382,3643,0.4894317869887455,False,8.200562797008564,0.5058980975437927,0.018508132361189006,2016,0.3726394378568292
North West,Ward 63802012,NW382,2918,0.4369431117203564,False,7.978653729082731,0.5099356879490534,0.034509803921568626,2016,0.3780877651845394
North West,Ward 63802013,NW382,3157,0.5102945834653152,False,8.057377488557991,0.5042932670455951,0.0111731843575419,2016,0.4540453074433657
North West,Ward 63802014,NW382,3623,0.5685895666574662,False,8.195057690895077,0.49980903756927575,0.024271844660194174,2016,0.4361781537695944
North West,Ward 63803001,NW383,3780,0.5148148148148148,False,8.237479288613633,0.49923691737273296,0.030832476875642344,2016,0.3354943273905997
North West,Ward 63803002,NW383,3950,0.4989873417721518,False,8.281470857895167,0.4997024312857525,0.015728056823947234,2016,0.4153649167733674
North West,Ward 63803003,NW383,4462,0.550649932765576,False,8.403352374992478,0.4981829433153577,0.028897028897028897,2016,0.5022634676324128
North West,Ward 63803004,NW383,3687,0.5478708977488473,False,8.212568398234145,0.4982646796393791,0.019801980198019802,2016,0.4545711859609397
North West,Ward 63803005,NW383,3775,0.4495364238410596,False,8.236155661683124,0.5011568700484317,0.02121390689451974,2016,0.3054878048780488
North West,Ward 63803006,NW383,3740,0.5422459893048128,False,8.226840890408578,0.4984301181230272,0.024161735700197237,2016,0.3821416353061923
North West,Ward 63803007,NW383,3891,0.489077358005654,False,8.266421472984554,0.4999939013965318,0.01418812401471361,2016,0.3511508951406649
North West,Ward 63803008,NW383,3594,0.3759042849193099,False,8.187021067343505,0.503322521193189,0.012583271650629163,2016,0.276093023255814
North West,Ward 63803009,NW383,3625,0.5528275862068965,False,8.195609567288775,0.49811889468473064,0.028942115768463075,2016,0.4629940119760479
North West,Ward 63803010,NW383,4290,0.3909090909090909,False,8.364042011922063,0.5028812033699602,0.00655933214072749,2016,0.3155493155493155
North West,Ward 63803011,NW383,3587,0.4672428212991357,False,8.185071477532283,0.500636093652606,0.018496420047732696,2016,0.3288690476190476
North West,Ward 63803012,NW383,4338,0.4220839096357768,False,8.37516869138682,0.5019642969368223,0.006007646095030038,2016,0.2621474283005451
North West,Ward 63803013,NW383,2944,0.4853940217391304,False,7.987524479848767,0.5001022348161355,0.004198740377886634,2016,0.365544167886774
North West,Ward 63803014,NW383,4363,0.4240201696080678,False,8.38091517312361,0.501907348114108,0.022702702702702703,2016,0.3135531135531135
North West,Ward 63803015,NW383,3737,0.5244848809205245,False,8.226038429485484,0.4989525036637415,0.018877551020408164,2016,0.3822682786413356
North West,Ward 63803016,NW383,3275,0.5258015267175572,False,8.094073148069352,0.4989137787873582,0.029616724738675958,2016,0.315227070347284
North West,Ward 63803017,NW383,3299,0.5744164898454077,False,8.101374671228582,0.49748392693065674,0.012137203166226913,2016,0.4948453608247423
North West,Ward 63803018,NW383,4141,0.4921516541898092,False,8.328692583545568,0.49990348092052733,0.01521099116781158,2016,0.3683264887063655
North West,Ward 63803019,NW383,3837,0.5027365129007036,False,8.252446090246952,0.49959216154667746,0.03265940902021773,2016,0.3741339491916859
North West,Ward 63803020,NW383,4204,0.5111798287345385,False,8.343791731996841,0.4993438287280353,0.023266635644485806,2016,0.3374394184168013
North West,Ward 63803021,NW383,3690,0.502710027100271,False,8.213381737034572,0.49959294054080783,0.04690026954177898,2016,0.3293914046726276
North West,Ward 63803022,NW383,3989,0.499122587114565,False,8.291295851905407,0.49969845348156383,0.04118533400301356,2016,0.4073908174692049
North West,Ward 63803023,NW383,4125,0.5658181818181818,False,8.324821298768782,0.49773681834322225,0.027420736932305057,2016,0.4508568548387097
North West,Ward 63803024,NW383,3986,0.5363773206221776,False,8.29054350077274,0.4986027260254577,0.025724976613657625,2016,0.44750656167979
North West,Ward 63803025,NW383,3940,0.5256345177664975,False,8.27893600229198,0.4989186908153305,0.01883148237566393,2016,0.4496979248752298
North West,Ward 63803026,NW383,4138,0.5309328177863702,False,8.327967858305488,0.49876285846180485,0.036868456986800184,2016,0.4209081836327345
North West,Ward 63803027,NW383,3531,0.5842537524780516,False,8.169336395928386,0.49719459567675545,0.016480853126514785,2016,0.45193401592719
North West,Ward 63803028,NW383,3771,0.465924158048263,False,8.235095497258357,0.5006748778658668,0.011383039271485486,2016,0.3094849685388021
North West,Ward 63803029,NW383,3530,0.5447592067988668,False,8.169053149927343,0.49835619996143743,0.01924076963078523,2016,0.4125814678379144
North West,Ward 63803030,NW383,4238,0.4403020292590844,False,8.351846738828245,0.5014284698890781,0.018756698821007504,2016,0.3872549019607843
North West,Ward 63803031,NW383,3526,0.5224049914917753,False,8.167919362957816,0.49901367688223414,0.014115092290988056,2016,0.3209987966305656
North West,Ward 63803032,NW383,3239,0.4918184624884223,False,8.08301991917133,0.49991328067645047,0.008160703075957313,2016,0.3545335085413929
North West,Ward 63803033,NW383,4055,0.4983970406905055,False,8.307705966549513,0.4997197930822715,0.008906481939633844,2016,0.3776978417266187
North West,Ward 63803034,NW383,3627,0.4786324786324786,False,8.196161139282902,0.5003011037310371,0.014976958525345621,2016,0.3831904893558197
North West,Ward 63803035,NW383,4303,0.4594468975133627,False,8.3670677328386,0.500865385528658,0.02680829539706626,2016,0.3220623501199041
North West,Ward 63804001,NW384,3034,0.4456163480553724,False,8.017637159908478,0.5110666719687058,0.04585798816568047,2016,0.3880756872545519
North West,Ward 63804002,NW384,3212,0.4919053549190536,False,8.074649075066652,0.5086304084495648,0.019620253164556962,2016,0.439970446989287
North West,Ward 63804003,NW384,3760,0.560372340425532,False,8.23217423638394,0.5050268828965921,0.022306597057427623,2016,0.4978486459124272
North West,Ward 63804004,NW384,3708,0.5121359223300971,False,8.218247926685745,0.5075656417437203,0.02843601895734597,2016,0.4320422535211267
North West,Ward 63804005,NW384,3971,0.5056660790732813,False,8.286773231131251,0.5079061598098685,0.0249003984063745,2016,0.4646818447168709
North West,Ward 63804006,NW384,4030,0.6362282878411911,False,8.301521654940728,0.5010344646115574,0.002730109204368175,2016,0.5762799073835864
North West,Ward 63804007,NW384,3999,0.5401350337584396,False,8.293799608846818,0.5060920043001234,0.005555555555555556,2016,0.5001551349674217
North West,Ward 63804008,NW384,3619,0.5576126001657916,False,8.193953023563742,0.505172132383947,0.04757185332011893,2016,0.4407744874715262
North West,Ward 63804009,NW384,4080,0.5406862745098039,False,8.313852267398207,0.5060629916289989,0.027198549410698096,2016,0.4129048712063249
North West,Ward 63804010,NW384,3667,0.4758658303790564,False,8.207129168071326,0.5094745939516698,0.03037249283667622,2016,0.4155806545033304
North West,Ward 63804011,NW384,4048,0.4849308300395257,False,8.305978210967302,0.508997488706382,0.017320427916454408,2016,0.4140969162995594
North West,Ward 63804012,NW384,3089,0.443185496924571,False,8.035602692918582,0.5111946115019059,0.028487947406866325,2016,0.3774390243902439
North West,Ward 63804013,NW384,3352,0.5023866348448688,False,8.117312461601975,0.5080787621376797,0.014845605700712588,2016,0.3312406576980568
North West,Ward 63804014,NW384,3274,0.4642638973732437,False,8.09376775793108,0.5100852220046074,0.038157894736842106,2016,0.2613348352576738
North West,Ward 63804015,NW384,4088,0.5058708414872799,False,8.31581113188354,0.5078953828407107,0.010638297872340425,2016,0.4788880146865985
North West,Ward 63804016,NW384,3541,0.5097430104490257,False,8.172164452111904,0.5076915844743031,0.021606648199445983,2016,0.5187024164184045
North West,Ward 63804017,NW384,3179,0.423718150361749,False,8.064321960910803,0.5122192086894228,0.017074981440237565,2016,0.4006363899334683
North West,Ward 63804018,NW384,3613,0.4943260448380847,False,8.19229373114764,0.5085030037169842,0.03303471444568869,2016,0.4530065689742294
North West,Ward 63804019,NW384,3370,0.4694362017804154,False,8.122668023346407,0.5098129954568615,0.039190897597977246,2016,0.4801312431644185
North West,Ward 63804020,NW384,3682,0.5917979359043998,False,8.211211361793023,0.5033729041871782,0.015144561725562184,2016,0.6122448979591837
North West,Ward 63805001,NW385,3516,0.550910125142207,False,8.165079258805068,0.5265897470065259,0.017552916881775942,2016,0.428239973483593
North West,Ward 63805002,NW385,3457,0.5339890078102401,False,8.148156439921625,0.5275298090805243,0.01895991332611051,2016,0.4056065492433639
North West,Ward 63805003,NW385,4122,0.5909752547307132,False,8.324093761450404,0.5243639064738312,0.01600985221674877,2016,0.4811439346323067
North West,Ward 63805004,NW385,3928,0.4809063136456212,False,8.275885669474356,0.5304788476452252,0.04393859184753838,2016,0.4555359246171967
North West,Ward 63805005,NW385,4089,0.5385179750550256,False,8.316055720364643,0.5272781997891473,0.019981834695731154,2016,0.572680412371134
North West,Ward 63805006,NW385,3398,0.4935256032960565,False,8.130942302231878,0.5297777759979788,0.013714967203339297,2016,0.4153132250580046
North West,Ward 63805007,NW385,3818,0.5128339444735464,False,8.247482004285693,0.5287050903770072,0.04647599591419816,2016,0.5897849462365592
North West,Ward 63805008,NW385,3181,0.557057529078906,False,8.064950891749143,0.5262482245655984,0.025959367945823927,2016,0.5765389082462253
North West,Ward 63805009,NW385,3207,0.5179295291549735,False,8.073091199693154,0.5284220023391502,0.018663455749548464,2016,0.4209721797615408
North West,Ward 63805010,NW385,3130,0.4805111821086262,False,8.048788283534199,0.5305007993972805,0.015957446808510637,2016,0.3661528782636049
North West,Ward 63805011,NW385,3211,0.4933042665836188,False,8.074337694089515,0.5297900724820032,0.020833333333333332,2016,0.4014962593516209
North West,Ward 63805012,NW385,4070,0.4916461916461916,False,8.311398278436641,0.5298821877563047,0.02048975512243878,2016,0.4469053398058252
North West,Ward 63805013,NW385,3357,0.4924039320822163,False,8.118802996980035,0.5298400910654144,0.0205686630369026,2016,0.5104036099273
North West,Ward 63805014,NW385,3886,0.4801852804940813,False,8.265135629937385,0.530518905042533,0.02304394426580922,2016,0.4735109248727925
North West,Ward 63805015,NW385,3548,0.6062570462232244,False,8.17413934342947,0.5235149180575807,0.01301720130172013,2016,0.5190032720865845
North West,Ward 63805016,NW385,3931,0.5080132281862122,False,8.27664912542186,0.5289729079485258,0.01602403605408112,2016,0.4810836057916861
North West,Ward 63805017,NW385,3192,0.5109649122807017,False,8.068402958569699,0.5288089254988318,0.011036174126302882,2016,0.450519242516799
North West,Ward 63805018,NW385,3507,0.5412033076703735,False,8.162516250140179,0.5271290146438501,0.026343519494204427,2016,0.4262905800957956
North West,Ward 63805019,NW385,4195,0.6483909415971395,False,8.341648618901306,0.5211741460923631,0.026470588235294117,2016,0.6581112207963146
North West,Ward 63902001,NW392,3759,0.5724926842245278,False,8.231908243564177,0.5582764851228466,0.009758364312267658,2016,0.5051177072671443
North West,Ward 63902002,NW392,3633,0.5450041288191577,False,8.197814032221203,0.5617125545485179,0.013131313131313131,2016,0.4477653631284916
North West,Ward 63902003,NW392,3217,0.5461610195834629,False,8.076204527239026,0.5615679432029798,0.020489470688673878,2016,0.4659121530584748
North West,Ward 63902004,NW392,2734,0.584491587417703,False,7.913521017283895,0.5567766222236997,0.025031289111389236,2016,0.4775675675675676
North West,Ward 63902005,NW392,2990,0.4541806020066889,False,8.003028666384733,0.5730654954000765,0.027982326951399118,2016,0.3538961038961039
North West,Ward 63902006,NW392,3041,0.5379809273265374,False,8.019941687677365,0.5625904547350954,0.013447432762836185,2016,0.3944087646392142
North West,Ward 63902007,NW392,4591,0.6708778043999128,False,8.431853144249223,0.5459783451009235,0.012337662337662338,2016,0.3963486454652532
North West,Ward 63902008,NW392,2507,0.5281212604706821,False,7.826842098158293,0.5638229130920773,0.01812688821752266,2016,0.4220713073005093
North West,Ward 63902009,NW392,1982,0.5993945509586277,False,7.591861714889934,0.5549137517810842,0.045454545454545456,2016,0.4298981426003595
North West,Ward 63903001,NW393,3409,0.6881783514227046,False,8.134174272137903,0.5767197560482126,0.020034100596760442,2016,0.5946437857514301
North West,Ward 63903002,NW393,2969,0.5816773324351634,False,7.99598047476376,0.5919341873321472,0.021424435437174292,2016,0.4975304576885084
North West,Ward 63903003,NW393,3170,0.6160883280757098,False,8.061486866871327,0.587018330812069,0.03225806451612903,2016,0.5946805435096849
North West,Ward 63903004,NW393,2893,0.5572070515036295,False,7.970049304976135,0.5954299417509377,0.022332506203473945,2016,0.4861491628614916
North West,Ward 63903005,NW393,2965,0.5885328836424958,False,7.994632311431825,0.5909548228739567,0.01833810888252149,2016,0.5052571753339017
North West,Ward 63903006,NW393,3330,0.5603603603603604,False,8.110727582974489,0.594979469057119,0.02304394426580922,2016,0.4611347982945228
North West,Ward 63903007,NW393,3911,0.5673740731270774,False,8.271548374755515,0.5939775100904451,0.01622352410995944,2016,0.4627187724766243
North West,Ward 63903008,NW393,2994,0.5657982631930528,False,8.004365564979574,0.5942026257953057,0.01948051948051948,2016,0.541566426089281
North West,Ward 63904001,NW394,3813,0.6136900078678206,False,8.246171559857563,0.5622266891983939,0.03632478632478633,2016,0.5911850092372658
North West,Ward 63904002,NW394,3567,0.6083543594056631,False,8.17948018535889,0.5624586739141398,0.03778801843317972,2016,0.5404422902150864
North West,Ward 63904003,NW394,4213,0.6031331592689295,False,8.345930261979017,0.5626856826157369,0.03620621802439984,2016,0.4111700783421784
North West,Ward 63904004,NW394,3548,0.5701803833145435,False,8.17413934342947,0.5641184120050581,0.03262481463173505,2016,0.553021327014218
North West,Ward 63904005,NW394,4263,0.5742434904996482,False,8.35772841676521,0.563941755170923,0.024101307189542485,2016,0.4222972972972973
North West,Ward 63904006,NW394,3594,0.5584307178631052,False,8.187021067343505,0.5646292670246859,0.03388141504733433,2016,0.558581560283688
North West,Ward 63904007,NW394,3873,0.5959204750839143,False,8.261784679514752,0.5629992775803029,0.05199306759098787,2016,0.4690857006445452
North West,Ward 63904008,NW394,4199,0.5827577994760658,False,8.342601680684194,0.5635715678241224,0.030241111565181854,2016,0.4703623710103192
North West,Ward 63904009,NW394,4223,0.5406109400899834,False,8.348301054933943,0.5654040399713434,0.03591765221200175,2016,0.4854961832061069
North West,Ward 63904010,NW394,3493,0.4846836530203263,False,8.158516244806831,0.567835661148285,0.02303603071470762,2016,0.4113018597997139
North West,Ward 63904011,NW394,3195,0.4466353677621283,False,8.069342366811636,0.5694899344203804,0.021723896285914507,2016,0.4123772686700386
North West,Ward 63904012,NW394,3780,0.582010582010582,False,8.237479288613633,0.5636040555400129,0.02181818181818182,2016,0.4127937336814621
North West,Ward 63904013,NW394,4181,0.5658933269552738,False,8.338305731356565,0.5643048057598089,0.04057480980557904,2016,0.4126292868807839
North West,Ward 63904014,NW394,3454,0.5613781123335263,False,8.147288258706624,0.5645011194390154,0.026817947395564725,2016,0.463739837398374
North West,Ward 63904015,NW394,3236,0.5414091470951793,False,8.082093278178382,0.5653693353189435,0.02226027397260274,2016,0.4839137645107794
North West,Ward 63904016,NW394,4189,0.5674385294819766,False,8.340217320947035,0.5642376230412566,0.01724863273033235,2016,0.5262475696694751
North West,Ward 63904017,NW394,4125,0.5558787878787879,False,8.324821298768782,0.5647402205022649,0.020497165285651986,2016,0.5177061914553347
North West,Ward 63904018,NW394,3917,0.5800357416390094,False,8.27308133366583,0.5636899181648639,0.04445422535211268,2016,0.5083709806005846
North West,Ward 63904019,NW394,3477,0.5306298533218292,False,8.153925132007862,0.5658380002656109,0.04986449864498645,2016,0.4331594839418062
North West,Ward 63904020,NW394,3489,0.5468615649183147,False,8.157370441186774,0.5651322736744594,0.02148846960167715,2016,0.485042735042735
North West,Ward 63904021,NW394,3152,0.5920050761421319,False,8.05579245097777,0.5631695123169022,0.04233654876741694,2016,0.5890932149651237
North West,Ward 63904022,NW394,3556,0.531214848143982,False,8.176391596633795,0.565812565708126,0.030174695606140816,2016,0.5001460706982179
North West,Ward 63904023,NW394,3245,0.6206471494607088,False,8.08487062913819,0.5619242047813118,0.0253227408142999,2016,0.5516462233699161
North West,Ward 63904024,NW394,3764,0.5908607863974495,False,8.23323750070527,0.5632192640449317,0.030575539568345324,2016,0.5325889379381978
North West,Ward 63906001,NW396,3271,0.5970651177010089,False,8.092851027538384,0.5701499826341233,0.09933435739887353,2016,0.5041791044776119
North West,Ward 63906002,NW396,2804,0.5381597717546363,False,7.938802248154481,0.579967540291852,0.005964214711729622,2016,0.4860956618464961
North West,Ward 63906003,NW396,3034,0.5260382333553065,False,8.017637159908478,0.5819877966917404,0.02944862155388471,2016,0.5387478849407783
North West,Ward 63906004,NW396,3107,0.628580624396524,False,8.041412909393047,0.5648973981848707,0.05683563748079877,2016,0.5769760396584963
North West,Ward 63906005,NW396,2736,0.5588450292397661,False,7.914252278742441,0.5765199973776638,0.01831262262916939,2016,0.42261404981808
North West,Ward 63906006,NW396,2817,0.5346112886048988,False,7.943427767876373,0.5805589541501416,0.006640106241699867,2016,0.4298074239464136
North West,Ward 63906007,NW396,3104,0.6346649484536082,False,8.04044688130311,0.5638833441753568,0.027411167512690356,2016,0.4280185758513932
North West,Ward 63907001,NW397,3970,0.5841309823677582,False,8.286521373681236,0.5083140410766724,0.03708495040965933,2016,0.5081552305961755
North West,Ward 63907002,NW397,2821,0.4101382488479262,False,7.944846711001996,0.5207420934709461,0.03889369057908384,2016,0.4216383307573416
North West,Ward 63907003,NW397,3961,0.4582176218126735,False,8.284251797621916,0.5173078525448928,0.050137741046831955,2016,0.3734134936539746
North West,Ward 63907004,NW397,3659,0.51516807871003,False,8.204945165019208,0.5132399627665102,0.014323607427055704,2016,0.3202107014139174
North West,Ward 63907005,NW397,3297,0.4828632089778586,False,8.10076824307173,0.5155474534616653,0.05150753768844221,2016,0.4083229036295369
North West,Ward 63907006,NW397,3577,0.5546547386077719,False,8.182279739259018,0.5104194870595287,0.05594758064516129,2016,0.5098211668132513
North West,Ward 63907007,NW397,3979,0.5129429504900729,False,8.288785810426928,0.513398900496507,0.03968642822146007,2016,0.4057285180572851
North West,Ward 63907008,NW397,3264,0.4825367647058823,False,8.090708716083997,0.5155707709096636,0.05206349206349206,2016,0.5032238256063862
North West,Ward 63907009,NW397,3320,0.4990963855421687,False,8.107720061910534,0.5143879408499289,0.03741701870850935,2016,0.4022764227642276
North West,Ward 63907010,NW397,4289,0.5269293541618093,False,8.36380888451688,0.5123998716628116,0.024778761061946902,2016,0.458421175919419
North West,Ward 63907011,NW397,3494,0.4856897538637664,False,8.158802490694002,0.5153455573983862,0.041838538597525045,2016,0.4323939652718474
North West,Ward 63907012,NW397,3319,0.4645977704127749,False,8.107418811719974,0.5168521276448855,0.01556420233463035,2016,0.2726412117387188
North West,Ward 63907013,NW397,3235,0.5635239567233384,False,8.081784206935001,0.5097859714798453,0.030718595721338452,2016,0.5117867371667768
North West,Ward 63907014,NW397,3802,0.5423461336138874,False,8.243282523048375,0.5112986731305204,0.06547041707080505,2016,0.4276947705442903
North West,Ward 63907015,NW397,3301,0.6176916086034535,False,8.101980731853192,0.5059168534884085,0.027954879843060325,2016,0.4177254415866129
North West,Ward 64003001,NW403,5504,0.5505087209302325,False,8.61323037961318,0.5579037053919714,0.029372937293729372,2016,0.3748376322137688
North West,Ward 64003002,NW403,5039,0.6110339353046239,False,8.524962928680598,0.5562678887872581,0.003897369275738876,2016,0.3937058445728966
North West,Ward 64003003,NW403,5339,0.5776362614721858,False,8.582793648500186,0.5571705286205673,0.010700389105058366,2016,0.4928611162618209
North West,Ward 64003004,NW403,5750,0.5796521739130435,False,8.656955133791396,0.5571160445005441,0.0222022202220222,2016,0.4365577889447236
North West,Ward 64003005,NW403,4313,0.5928587989798284,False,8.369388996647842,0.5567591086879282,0.01329683222526398,2016,0.4562068197013594
North West,Ward 64003006,NW403,4338,0.5714615029967727,False,8.37516869138682,0.5573374139847675,0.048406615570794675,2016,0.4501653282947567
North West,Ward 64003007,NW403,4262,0.6316283435007038,False,8.357493812658563,0.555711283160337,0.023402674591381872,2016,0.4236848313281434
North West,Ward 64003008,NW403,6159,0.5366130865400227,False,8.725669705687043,0.5582792630781933,0.024508320726172466,2016,0.4099412079102084
North West,Ward 64003009,NW403,5195,0.558614051973051,False,8.555451903533328,0.5576846423908141,0.015851137146795313,2016,0.4053554939981533
North West,Ward 64003010,NW403,4616,0.5961871750433275,False,8.437283808187935,0.556669152578104,0.016715116279069766,2016,0.3928658685560713
North West,Ward 64003011,NW403,4855,0.5283213182286303,False,8.487764380725425,0.5585033649244471,0.0050682261208577,2016,0.3813747228381374
North West,Ward 64003012,NW403,4475,0.6127374301675977,False,8.406261630708956,0.5562218483855561,0.03391684901531729,2016,0.4407923378319547
North West,Ward 64003013,NW403,4756,0.4711942809083263,False,8.467162257810672,0.560047338906077,0.0214190093708166,2016,0.4015236388079767
North West,Ward 64003014,NW403,4922,0.5556684274685088,False,8.501470230951002,0.5577642538639099,0.02120658135283364,2016,0.4207486631016043
North West,Ward 64003015,NW403,5555,0.6136813681368137,False,8.62245370207373,0.5561963365485503,0.011146963919037842,2016,0.510515938218863
North West,Ward 64003016,NW403,4589,0.7127914578339507,False,8.431417414394833,0.5535176854756546,0.0006114338122898196,2016,0.6082066236200792
North West,Ward 64003017,NW403,6490,0.7107858243451464,False,8.778017809698136,0.553571891786163,0.006069802731411229,2016,0.6137172436104821
North West,Ward 64003018,NW403,4396,0.5652866242038217,False,8.388450315523512,0.5575043026007933,0.020523138832997986,2016,0.4567099567099567
North West,Ward 64003019,NW403,5477,0.550666423224393,False,8.608312784783722,0.5578994431678049,0.010610079575596816,2016,0.4794828555368184
North West,Ward 64003020,NW403,3933,0.516653953724892,False,8.27715777243181,0.5588186991002239,0.017716535433070866,2016,0.3860864745011086
North West,Ward 64003021,NW403,4030,0.3481389578163771,False,8.301521654940728,0.5633731584491026,0.015680684248039915,2016,0.2586644125105664
North West,Ward 64003022,NW403,4870,0.4574948665297741,False,8.490849216076635,0.5604175933487405,0.010323159784560144,2016,0.3765041811136039
North West,Ward 64003023,NW403,5400,0.5338888888888889,False,8.594154232552366,0.5583528900417374,0.015608740894901144,2016,0.3394970414201183
North West,Ward 64003024,NW403,4916,0.5335638730675346,False,8.500250470685925,0.5583616742531253,0.030880670987418986,2016,0.3640232974910394
North West,Ward 64003025,NW403,4971,0.5001005833836251,False,8.511376306094673,0.5592660874878257,0.01327433628318584,2016,0.3789223111880545
North West,Ward 64003026,NW403,4890,0.5184049079754601,False,8.494947582468917,0.5587713760123707,0.058777120315581854,2016,0.390064397424103
North West,Ward 64003027,NW403,5099,0.5385369680329476,False,8.536799721055155,0.5582272662810872,0.01820830298616169,2016,0.3557405036278275
North West,Ward 64003028,NW403,4945,0.537108190091001,False,8.506132244056813,0.5582658819011398,0.006400602409638554,2016,0.4237870330613997
North West,Ward 64003029,NW403,4456,0.53254039497307,False,8.40200678160712,0.5583893358232461,0.004214075010535188,2016,0.4212893553223388
North West,Ward 64003030,NW403,5249,0.5324823775957325,False,8.5657928612523,0.5583909038604713,0.0035778175313059034,2016,0.4987421383647799
North West,Ward 64003031,NW403,5449,0.521563589649477,False,8.603187384583098,0.5586860062373972,0.007741027445460943,2016,0.4037602382725242
North West,Ward 64003032,NW403,4159,0.5236835777831209,False,8.33302993974291,0.5586287092608122,0.018824609733700644,2016,0.3770010672358591
North West,Ward 64003033,NW403,4065,0.4260762607626076,False,8.310169021981912,0.5612667448559613,0.015011547344110854,2016,0.2967063382230833
North West,Ward 64003034,NW403,4263,0.4883884588318086,False,8.35772841676521,0.5595826313946315,0.023054755043227664,2016,0.3892617449664429
North West,Ward 64003035,NW403,3996,0.8578578578578578,False,8.293049139768444,0.549596971961495,0.023628938156359393,2016,0.4181078331637843
North West,Ward 64003037,NW403,5982,0.5205616850551655,False,8.696510239189893,0.5587130847399461,0.009633911368015413,2016,0.3718431963814549
North West,Ward 64003038,NW403,4577,0.4944286650644527,False,8.428799040653642,0.559419382577533,0.02828104286345559,2016,0.2463874602008327
North West,Ward 64003039,NW403,4787,0.6841445581783998,False,8.473659189392508,0.5542919260068858,0.003969465648854962,2016,0.5859649122807018
North West,Ward 64004001,NW404,3097,0.5776557959315467,False,8.038189179973203,0.5712317616655395,0.019005030743432086,2016,0.4821726091302899
North West,Ward 64004002,NW404,3139,0.6202612296909844,False,8.051659556841953,0.5669712182895956,0.04879301489470981,2016,0.409500693481276
North West,Ward 64004003,NW404,3043,0.5649030561945448,False,8.02059914989697,0.5725070356392397,0.02152414194299011,2016,0.4826057298772169
North West,Ward 64004004,NW404,3331,0.5514860402281597,False,8.11102783819368,0.5738487372358781,0.02231899836690256,2016,0.4709806537691794
North West,Ward 64004005,NW404,3713,0.5232965257204417,False,8.21959545417708,0.57666768868665,0.03654143077714874,2016,0.4913280475718533
North West,Ward 64004006,NW404,3390,0.591740412979351,False,8.128585200374497,0.5698232999607591,0.015453639082751745,2016,0.4844776119402985
North West,Ward 64004007,NW404,2683,0.5702571748043235,False,7.894690850425624,0.5719716237782617,0.01699346405228758,2016,0.4605210420841683
North West,Ward 64004008,NW404,3996,0.5843343343343343,False,8.293049139768444,0.5705639078252607,0.035546038543897214,2016,0.4793997965412004
North West,Ward 64004009,NW404,3140,0.5863057324840765,False,8.0519780789023,0.5703667680102865,0.024986420423682782,2016,0.5242749054224464
North West,Ward 64004010,NW404,3914,0.5600408788962699,False,8.272315147956022,0.5729932533690671,0.05337591240875912,2016,0.4386357978590988
North West,Ward 64004011,NW404,4029,0.5596922313229089,False,8.301273485191347,0.5730281181264033,0.040354767184035474,2016,0.4898282694848084
North West,Ward 64005001,NW405,3904,0.5445696721311475,False,8.269756947532983,0.5726611552141819,0.016933207902163686,2016,0.4497770784159454
North West,Ward 64005002,NW405,3806,0.6460851287440883,False,8.244334047856094,0.5695849292562141,0.020333468889792598,2016,0.5309597523219814
North West,Ward 64005003,NW405,5132,0.6607560405300078,False,8.543250725735527,0.5691403561717921,0.01150103214391035,2016,0.6422854602045354
North West,Ward 64005004,NW405,3015,0.7144278606965174,False,8.011355109161286,0.5675139373788677,0.03806870937790158,2016,0.5718626557277423
North West,Ward 64005005,NW405,2662,0.6840721262208865,False,7.8868329989550565,0.5684338081205534,0.003844041735310269,2016,0.6236405266170578
North West,Ward 64005006,NW405,3307,0.4962201390988812,False,8.103796712981794,0.574126292578796,0.03595368677635588,2016,0.3786213786213786
North West,Ward 64005007,NW405,4604,0.5979582971329279,False,8.434680769841773,0.5710433180929159,0.000726480203414457,2016,0.3773728170083523
North West,Ward 64005008,NW405,2916,0.5881344307270233,False,7.977968093128549,0.5713410110143068,0.012244897959183673,2016,0.4011049723756906
North West,Ward 64005009,NW405,3899,0.5360348807386509,False,8.268475388982598,0.5729197852563788,0.010047846889952153,2016,0.3723804406233208
North West,Ward 64005010,NW405,2972,0.4996635262449529,False,7.99699040583765,0.5740219475137636,0.009427609427609427,2016,0.3960506706408346
North West,Ward 64005011,NW405,1783,0.6730229949523275,False,7.48605261786314,0.5687686302802067,0.015,2016,0.5472255017709563
North West,Ward 64005012,NW405,3212,0.6011830635118306,False,8.074649075066652,0.5709455978996157,0.008285862247540134,2016,0.5050637046716759
North West,Ward 64005013,NW405,3832,0.6051670146137788,False,8.251142139090751,0.5708248721086475,0.02630444156964209,2016,0.4556197478991596
North West,Ward 64005014,NW405,3289,0.5998783824870781,False,8.098338846189057,0.5709851336882447,0.01013684744044602,2016,0.3051282051282051
North West,Ward 64005015,NW405,2955,0.6247038917089679,False,7.991253929840199,0.5702328455300055,0.03466955579631636,2016,0.5516703090852326
North West,Ward 64005016,NW405,3931,0.5510048333757314,False,8.27664912542186,0.5724661503279823,0.014773776546629732,2016,0.4210374639769452
North West,Ward 64005017,NW405,3690,0.4582655826558265,False,8.213381737034572,0.575276430652828,0.03075103489059728,2016,0.390101117615753
North West,Ward 64005018,NW405,3437,0.5577538551061972,False,8.142354276849835,0.5722616345179683,0.02138758476786646,2016,0.4279635258358663
North West,Ward 64005019,NW405,3345,0.6068759342301944,False,8.11522197256233,0.5707730866657259,0.0665024630541872,2016,0.4892781636967683
North West,Ward 64005020,NW405,4114,0.5639280505590666,False,8.322151070212902,0.5720745376860631,0.00646551724137931,2016,0.419106699751861
North West,Ward 64005021,NW405,3716,0.5126480086114101,False,8.22040309993373,0.5736284783511436,0.012598425196850394,2016,0.4508060033351862
North West,Ward 64005022,NW405,2312,0.3533737024221453,False,7.7458682297922685,0.578454972478091,0.0,2016,0.2934068820593643
North West,Ward 64005023,NW405,4190,0.7451073985680191,False,8.340456012916183,0.5665842544130645,0.003843689942344651,2016,0.7149321266968326
North West,Ward 64005024,NW405,2537,0.6610169491525424,False,7.838737559599282,0.5691324498498972,0.008348240906380441,2016,0.5124398073836276
North West,Ward 64005025,NW405,2979,0.5300436388049681,False,7.999342952713282,0.5731013380422478,0.005699810006333122,2016,0.4242424242424242
North West,Ward 64005026,NW405,3837,0.5780557727391191,False,8.252446090246952,0.5716464248927282,0.013976555455365193,2016,0.4501197126895451
North West,Ward 64005027,NW405,3144,0.5712468193384224,False,8.053251153549096,0.5718527568139614,0.02338530066815145,2016,0.4269625703875455
North West,Ward 64005028,NW405,3097,0.4940264772360349,False,8.038189179973203,0.5741927671807004,0.015032679738562092,2016,0.3913322632423756
North West,Ward 64005029,NW405,3809,0.4933053294828038,False,8.245121966478605,0.5742146201429196,0.015433741351782864,2016,0.385824345146379
North West,Ward 64005030,NW405,3300,0.5036363636363637,False,8.101677747454572,0.5739015585019026,0.019253910950661854,2016,0.4159052453468697
North West,Ward 64005031,NW405,3125,0.55776,False,8.047189562170502,0.5722614483090651,0.01721170395869191,2016,0.4526003949967083
North West,Ward 64005032,NW405,3589,0.5494566731680134,False,8.185628891147607,0.5725130642736708,0.012677484787018255,2016,0.4980030721966206
North West,Ward 64005033,NW405,3783,0.5691250330425588,False,8.23827262463303,0.5719170533683815,0.036228518346493266,2016,0.4920469361147327
North West,Ward 64005034,NW405,3098,0.513879922530665,False,8.038512020976814,0.5735911476263177,0.02198492462311558,2016,0.4901125646486157
Northern Cape,Ward 30601001,NC061,1553,0.5775917578879588,False,7.347943823148687,0.6003390679682397,0.013377926421404682,2016,0.66
Northern Cape,Ward 30601002,NC061,1829,0.4975396391470749,False,7.511524648390866,0.6270231075485343,0.02197802197802198,2016,0.5464895635673624
Northern Cape,Ward 30601003,NC061,1783,0.6135726303982053,False,7.48605261786314,0.5883454437981576,0.010968921389396709,2016,0.5644644002565747
Northern Cape,Ward 30601004,NC061,2209,0.6899049343594387,False,7.700295203420117,0.5629013424777464,0.004593175853018373,2016,0.837386018237082
Northern Cape,Ward 30602001,NC062,3524,0.572360953461975,False,8.16735198705607,0.5825283513328466,0.0034705007436787306,2016,0.5352805089647195
Northern Cape,Ward 30602002,NC062,3128,0.5728900255754475,False,8.048149101665201,0.5824622173186625,0.006138392857142857,2016,0.5602016607354685
Northern Cape,Ward 30602003,NC062,3263,0.5957707631014404,False,8.09040229659332,0.5796021251279134,0.00720164609053498,2016,0.5191793041926851
Northern Cape,Ward 30602004,NC062,2902,0.6264645072363887,False,7.973155433444133,0.575765407111045,0.0044004400440044,2016,0.5939068100358423
Northern Cape,Ward 30602005,NC062,2880,0.5711805555555556,False,7.965545573129992,0.5826759010711491,0.00851063829787234,2016,0.5191218130311614
Northern Cape,Ward 30602006,NC062,3659,0.5728341076796939,False,8.204945165019208,0.5824692070556318,0.0028625954198473282,2016,0.5116671352263144
Northern Cape,Ward 30602007,NC062,2907,0.6401788785689715,False,7.9748769005588755,0.5740511106944721,0.007522837184309511,2016,0.6112224448897795
Northern Cape,Ward 30602008,NC062,3264,0.5147058823529411,False,8.090708716083997,0.5897352352214759,0.005357142857142857,2016,0.4973544973544973
Northern Cape,Ward 30602009,NC062,3444,0.5662020905923345,False,8.144388865547622,0.5832982091915517,0.005128205128205128,2016,0.5589831476720937
Northern Cape,Ward 30604001,NC064,1896,0.6640295358649789,False,7.547501682814967,0.6808381840518808,0.007942811755361398,2016,0.6957250628667225
Northern Cape,Ward 30604002,NC064,2069,0.6843885935234413,False,7.634820677745543,0.6740518314990599,0.005649717514124294,2016,0.7220267417311752
Northern Cape,Ward 30604003,NC064,1642,0.6260657734470159,False,7.403670290012373,0.693492771524535,0.007782101167315175,2016,0.7106227106227107
Northern Cape,Ward 30604004,NC064,1728,0.7320601851851852,False,7.454719949364001,0.6581613009451454,0.009486166007905139,2016,0.7363984674329502
Northern Cape,Ward 30605001,NC065,3044,0.6478318002628121,False,8.020927718981577,0.6673476283532628,0.006085192697768763,2016,0.5220618556701031
Northern Cape,Ward 30605002,NC065,3029,0.6196764608781776,False,8.015987811027237,0.6743864631994214,0.011188066062866276,2016,0.5377291960507757
Northern Cape,Ward 30605003,NC065,2435,0.6903490759753593,False,7.79770203551669,0.656718309425126,0.006543723973825104,2016,0.6427357689039932
Northern Cape,Ward 30605004,NC065,2483,0.6830447039871124,False,7.817222785508166,0.6585444024221877,0.012382075471698114,2016,0.7504542701393095
Northern Cape,Ward 30605005,NC065,2348,0.676320272572402,False,7.761319180947987,0.6602255102758653,0.013853904282115869,2016,0.6570657065706571
Northern Cape,Ward 30606001,NC066,2059,0.6284604176784847,False,7.629975707027789,0.6098174862744528,0.012364760432766615,2016,0.5890949971894323
Northern Cape,Ward 30606002,NC066,2009,0.6665007466401195,False,7.605392364814935,0.5971373766205744,0.012696041822255415,2016,0.6207792207792208
Northern Cape,Ward 30606003,NC066,1222,0.5351882160392799,False,7.108244139731541,0.6409082201541877,0.0045871559633027525,2016,0.5308641975308642
Northern Cape,Ward 30606004,NC066,1945,0.6277634961439589,False,7.573017256052546,0.610049793452628,0.028665028665028666,2016,0.6052631578947368
Northern Cape,Ward 30607001,NC067,1621,0.6181369524984578,False,7.390798521735676,0.5654166325386704,0.0,2016,0.7010560519902518
Northern Cape,Ward 30607002,NC067,1621,0.5657001850709439,False,7.390798521735676,0.5828955550145083,0.0,2016,0.6055045871559633
Northern Cape,Ward 30607003,NC067,1919,0.6310578426263679,False,7.5595594960077,0.5611096691627003,0.0,2016,0.5776865160848734
Northern Cape,Ward 30607004,NC067,1968,0.4994918699186992,False,7.584773077612199,0.6049649933985899,0.0,2016,0.3951417004048583
Northern Cape,Ward 30701001,NC071,2780,0.6899280575539568,False,7.930206206684683,0.6609336466101482,0.01929092805005214,2016,0.625
Northern Cape,Ward 30701002,NC071,2424,0.7062706270627063,False,7.793174347189205,0.6554861234405651,0.02570093457943925,2016,0.5800842992623815
Northern Cape,Ward 30701003,NC071,2174,0.6131554737810487,False,7.684324067681155,0.6865245078677843,0.012003000750187547,2016,0.7799834574028123
Northern Cape,Ward 30701004,NC071,2329,0.6633748389866896,False,7.753194269884341,0.669784719465904,0.038187702265372166,2016,0.5408544172542513
Northern Cape,Ward 30702001,NC072,2860,0.6625874125874126,False,7.958576903813898,0.6738889182626702,0.013720316622691292,2016,0.6779266161910309
Northern Cape,Ward 30702002,NC072,1801,0.668517490283176,False,7.496097345175956,0.6727029027235175,0.015780730897009966,2016,0.5637124381894256
Northern Cape,Ward 30702003,NC072,1971,0.6316590563165906,False,7.58629630715272,0.6800745895168345,0.012048192771084338,2016,0.6627188465499485
Northern Cape,Ward 30702004,NC072,3148,0.7217280813214739,False,8.054522609537294,0.6620607845158579,0.015404929577464789,2016,0.6973923590054578
Northern Cape,Ward 30702005,NC072,2271,0.6781153676794364,False,7.7279755421055585,0.6707833272442654,0.01103896103896104,2016,0.6524216524216524
Northern Cape,Ward 30702006,NC072,2659,0.669424595712674,False,7.88570539124302,0.6725214816376178,0.037640449438202245,2016,0.6558540293968576
Northern Cape,Ward 30703001,NC073,2667,0.6670416197975253,False,7.888709524182015,0.6404017995543284,0.007307476110174255,2016,0.4879585031493145
Northern Cape,Ward 30703002,NC073,3864,0.5957556935817805,False,8.259458195332408,0.6505855032994349,0.019113814074717638,2016,0.462882096069869
Northern Cape,Ward 30703003,NC073,3075,0.599349593495935,False,8.031060180240619,0.6500720890259842,0.01410743353228432,2016,0.5262039660056658
Northern Cape,Ward 30703004,NC073,1899,0.7008952080042128,False,7.549082710812286,0.6355655726676588,0.010518407212622089,2016,0.524248496993988
Northern Cape,Ward 30703005,NC073,3512,0.5301822323462415,False,8.163940954755008,0.6599531406187975,0.001611170784103115,2016,0.4510921177587844
Northern Cape,Ward 30703006,NC073,2790,0.6620071684587814,False,7.933796874815411,0.6411210068884348,0.011911207363291824,2016,0.5570613409415122
Northern Cape,Ward 30703007,NC073,3273,0.6535288725939505,False,8.09346227450118,0.642332192011982,0.014492753623188406,2016,0.4800374298190892
Northern Cape,Ward 30703008,NC073,1993,0.7410938283993979,False,7.597396320212795,0.6298229126112037,0.006770480704129994,2016,0.596466759646676
Northern Cape,Ward 30704001,NC074,2419,0.6622571310458867,False,7.791109510610028,0.6654259603854161,0.0299625468164794,2016,0.6080246913580247
Northern Cape,Ward 30704002,NC074,1993,0.6317109884596086,False,7.597396320212795,0.6756080079141755,0.019062748212867357,2016,0.647244094488189
Northern Cape,Ward 30704003,NC074,1277,0.7133907595927956,False,7.152268856032539,0.6483814175364464,0.0043907793633369925,2016,0.8131241084165478
Northern Cape,Ward 30704004,NC074,1743,0.6511761331038439,False,7.463363045520021,0.669119626366097,0.014977973568281937,2016,0.5064377682403434
Northern Cape,Ward 30705001,NC075,1520,0.7197368421052631,False,7.326465613840322,0.7015656937830212,0.014625228519195612,2016,0.7246465888137676
Northern Cape,Ward 30705002,NC075,2079,0.6878306878306878,False,7.639642287858013,0.712201078541213,0.012587412587412588,2016,0.8304172274562585
Northern Cape,Ward 30705003,NC075,1362,0.8105726872246696,False,7.216709486709457,0.671287078743219,0.04800724637681159,2016,0.7193415637860082
Northern Cape,Ward 30705004,NC075,1430,0.6062937062937063,False,7.265429723253953,0.7393800723868735,0.008073817762399077,2016,0.6580779944289693
Northern Cape,Ward 30706001,NC076,2123,0.6462552991050401,False,7.660585461703256,0.652340780736976,0.007288629737609329,2016,0.6716666666666666
Northern Cape,Ward 30706002,NC076,2516,0.6383147853736089,False,7.830425617820331,0.6549876186474531,0.03424657534246575,2016,0.6355241716458446
Northern Cape,Ward 30706003,NC076,2036,0.6493123772102161,False,7.618742377670413,0.6513217547019173,0.00832072617246596,2016,0.600715137067938
Northern Cape,Ward 30706004,NC076,2199,0.6693951796271033,False,7.695757990554761,0.6446274872296217,0.01358695652173913,2016,0.5726495726495726
Northern Cape,Ward 30707001,NC077,2774,0.6730353280461427,False,7.928045600874777,0.6546924650038186,0.024638457418318157,2016,0.5436341900777047
Northern Cape,Ward 30707002,NC077,2793,0.5717866093805943,False,7.934871565945177,0.6800046446702057,0.026299311208515967,2016,0.6519893899204244
Northern Cape,Ward 30707003,NC077,1650,0.7448484848484849,False,7.408530566894626,0.636739175803233,0.008136696501220505,2016,0.6371191135734072
Northern Cape,Ward 30707004,NC077,2167,0.6289801568989386,False,7.681099001536359,0.6657062577906196,0.024944974321349962,2016,0.6062291434927698
Northern Cape,Ward 30707005,NC077,2723,0.6731546088872568,False,7.909489492673759,0.6546626447935401,0.011456628477905073,2016,0.605072463768116
Northern Cape,Ward 30708001,NC078,2597,0.6118598382749326,False,7.862112211662748,0.6410673778829082,0.013845185651353053,2016,0.5121659353809334
Northern Cape,Ward 30708002,NC078,3265,0.6091883614088821,False,8.09101504171053,0.64151262402725,0.011060834590246356,2016,0.4538379908029713
Northern Cape,Ward 30708003,NC078,3267,0.6740128558310376,False,8.09162741160107,0.6307085416235574,0.013169845594913715,2016,0.5768194070080862
Northern Cape,Ward 30708004,NC078,2358,0.7302798982188295,False,7.765569081097317,0.6213307012255921,0.012775842044134728,2016,0.628693368351937
Northern Cape,Ward 30708005,NC078,2783,0.6058210564139418,False,7.931284761525891,0.6420738415264067,0.01542111506524318,2016,0.479221635883905
Northern Cape,Ward 30708006,NC078,2773,0.5492246664262531,False,7.927685045615778,0.6515065731910215,0.019041365725541694,2016,0.4724540901502504
Northern Cape,Ward 30708007,NC078,2676,0.6778774289985052,False,7.892078421248119,0.630064446095646,0.012679162072767364,2016,0.6067669172932331
Northern Cape,Ward 30802001,NC082,2966,0.5623735670937289,False,7.994969522697877,0.6388906542602584,0.011390887290167866,2016,0.6161790017211703
Northern Cape,Ward 30802002,NC082,2670,0.7172284644194756,False,7.8898337513942955,0.6216845545573976,0.019321148825065273,2016,0.7055238095238096
Northern Cape,Ward 30802003,NC082,2409,0.8181818181818182,False,7.786967002614872,0.6104675152504706,0.014205986808726534,2016,0.5957796656618252
Northern Cape,Ward 30802004,NC082,2589,0.555813055233681,False,7.859026979751538,0.6396196000224859,0.017373175816539264,2016,0.5454937473048728
Northern Cape,Ward 30802005,NC082,2773,0.6905878110349801,False,7.927685045615778,0.6246446271556748,0.020365535248041775,2016,0.6641566265060241
Northern Cape,Ward 30802006,NC082,3703,0.6943019173642992,False,8.216898580913613,0.6242319486746394,0.012446518864255154,2016,0.6075133165124754
Northern Cape,Ward 30802007,NC082,4399,0.5869515799045237,False,8.389132521348719,0.6361597639479478,0.019752130131680867,2016,0.6695596271295403
Northern Cape,Ward 30802008,NC082,3434,0.5768782760629004,False,8.141481041457421,0.6372790199303504,0.009086320040383645,2016,0.5931642778390298
Northern Cape,Ward 30802009,NC082,3424,0.6638434579439252,False,8.138564737261632,0.6276162219435698,0.014958205015398152,2016,0.670076726342711
Northern Cape,Ward 30802010,NC082,3050,0.4462295081967213,False,8.022896869601457,0.6517955496932593,0.019103600293901544,2016,0.4298380878951426
Northern Cape,Ward 30804001,NC084,2431,0.7482517482517482,False,7.796057974316123,0.7633663743124051,0.008246289169873557,2016,0.6638054363376252
Northern Cape,Ward 30804002,NC084,2408,0.7612126245847176,False,7.786551806428712,0.7590460822014152,0.010365521003818877,2016,0.7400408580183861
Northern Cape,Ward 30804003,NC084,2639,0.729064039408867,False,7.878155336503324,0.7697622772600322,0.030145530145530147,2016,0.6839647119875454
Northern Cape,Ward 30804004,NC084,2253,0.7998224589436307,False,7.720017940432244,0.7461761374151109,0.03107658157602664,2016,0.677710843373494
Northern Cape,Ward 30805001,NC085,2044,0.6594911937377691,False,7.622663951323595,0.6319984851575975,0.002225519287833828,2016,0.4967718794835007
Northern Cape,Ward 30805002,NC085,2361,0.576874205844981,False,7.766840537085513,0.6457679831397288,0.013215859030837005,2016,0.420375865479723
Northern Cape,Ward 30805003,NC085,3631,0.7072431836959515,False,8.197263371414335,0.624039820164567,0.012461059190031152,2016,0.4787922358015816
Northern Cape,Ward 30805004,NC085,2683,0.6571002609019754,False,7.894690850425624,0.6323969739635631,0.01191151446398185,2016,0.5546511627906977
Northern Cape,Ward 30805005,NC085,2743,0.5825738242799854,False,7.916807490937603,0.6448180467338948,0.015018773466833541,2016,0.4668949771689498
Northern Cape,Ward 30805006,NC085,2640,0.5507575757575758,False,7.878534196140362,0.650120754820963,0.013067400275103164,2016,0.4440518256772673
Northern Cape,Ward 30805007,NC085,2580,0.7174418604651163,False,7.855544677915663,0.6223400407030396,0.0189086980010805,2016,0.6065573770491803
Northern Cape,Ward 30806001,NC086,2189,0.5865692096847875,False,7.691200097522863,0.5887121006874781,0.0132398753894081,2016,0.5131164742917104
Northern Cape,Ward 30806002,NC086,1882,0.6477151965993624,False,7.540090320145325,0.5683301050492866,0.012305168170631665,2016,0.5009966777408638
Northern Cape,Ward 30806003,NC086,3224,0.6386476426799007,False,8.07837810362652,0.5713526230224405,0.01651287032540068,2016,0.4129668780831571
Northern Cape,Ward 30806004,NC086,2472,0.4797734627831715,False,7.812782818577581,0.6243106829880168,0.007588532883642495,2016,0.5714285714285714
Northern Cape,Ward 30807001,NC087,4766,0.6154007553503986,False,8.469262657658687,0.6486217358038076,0.006137061029662462,2016,0.4896110815130527
Northern Cape,Ward 30807002,NC087,3486,0.5955249569707401,False,8.156510226079966,0.6499467890291181,0.012524084778420038,2016,0.5045361428153351
Northern Cape,Ward 30807003,NC087,3196,0.6329787234042553,False,8.069655306886165,0.6474498712668838,0.0034602076124567475,2016,0.5506371562709591
Northern Cape,Ward 30807004,NC087,3023,0.5947734039034072,False,8.014004994779459,0.6499968925669404,0.004449388209121246,2016,0.5299832495812395
Northern Cape,Ward 30807005,NC087,4298,0.6561191251744998,False,8.365905077202456,0.6459071778155341,0.02375886524822695,2016,0.4661134163208852
Northern Cape,Ward 30807006,NC087,3190,0.6197492163009405,False,8.06777619577889,0.6483318384071047,0.014162873039959535,2016,0.4659294680215182
Northern Cape,Ward 30807007,NC087,2930,0.6194539249146758,False,7.982757702011113,0.6483515244995224,0.006060606060606061,2016,0.4900163666121113
Northern Cape,Ward 30807008,NC087,4041,0.6535511012125711,False,8.304247465078474,0.6460783794129961,0.007951533510034078,2016,0.5251901140684411
Northern Cape,Ward 30807009,NC087,4180,0.6466507177033493,False,8.338066525518801,0.6465384049802776,0.003329633740288568,2016,0.6636885768985322
Northern Cape,Ward 30807010,NC087,2810,0.6138790035587188,False,7.940939762327791,0.6487231859232528,0.0052173913043478265,2016,0.5270790174607872
Northern Cape,Ward 30807011,NC087,3406,0.6990604815032296,False,8.133293861222633,0.6430444207269521,0.0020999580008399833,2016,0.4631688672689367
Northern Cape,Ward 30807012,NC087,3681,0.6745449606085303,False,8.210939733379021,0.6446787887865988,0.022553362867498993,2016,0.6072008662696264
Northern Cape,Ward 30807013,NC087,4210,0.6767220902612826,False,8.345217926676428,0.6445336468097486,0.009126009126009126,2016,0.5026189933955819
Northern Cape,Ward 30807014,NC087,3534,0.6972269383135258,False,8.170185652879642,0.6431666569395991,0.007305194805194805,2016,0.6618572927597062
Northern Cape,Ward 30807015,NC087,3019,0.6382908247764161,False,8.012680929706839,0.6470957311754064,0.010897768552153606,2016,0.4675480769230769
Northern Cape,Ward 30807016,NC087,4222,0.7108005684509711,False,8.348064228408266,0.6422617482637694,0.00433188937020993,2016,0.6117486338797814
Northern Cape,Ward 30901001,NC091,4104,0.581140350877193,False,8.319717386850606,0.6026769061531819,0.006289308176100629,2016,0.5510107015457788
Northern Cape,Ward 30901002,NC091,4843,0.5589510633904604,False,8.48528964240323,0.6033703213871423,0.008496490579977835,2016,0.4466994669946699
Northern Cape,Ward 30901003,NC091,3904,0.6331967213114754,False,8.269756947532983,0.6010501445771106,0.013754045307443365,2016,0.582063452410692
Northern Cape,Ward 30901004,NC091,3923,0.612031608462911,False,8.274611946209552,0.6017115543536282,0.01749271137026239,2016,0.4553259994633754
Northern Cape,Ward 30901005,NC091,4067,0.6333907056798623,False,8.310660905907225,0.6010440825655985,0.010869565217391304,2016,0.5030518819938963
Northern Cape,Ward 30901006,NC091,3450,0.6185507246376811,False,8.146129510025405,0.6015078319731666,0.015932521087160263,2016,0.4959119496855346
Northern Cape,Ward 30901007,NC091,3970,0.5566750629722922,False,8.286521373681236,0.60344144640021,0.012217194570135747,2016,0.4812554489973845
Northern Cape,Ward 30901008,NC091,5206,0.6189012677679601,False,8.55756708555451,0.6014968775003454,0.009000620732464307,2016,0.4904380012338063
Northern Cape,Ward 30901009,NC091,4159,0.5996633806203414,False,8.33302993974291,0.6020980614737085,0.01082598235765838,2016,0.4450994841562269
Northern Cape,Ward 30901010,NC091,3447,0.6573832317957644,False,8.145259566516865,0.6002943161244765,0.01059135039717564,2016,0.5188449848024316
Northern Cape,Ward 30901011,NC091,3354,0.5873583780560525,False,8.117908942383155,0.6024825928038425,0.016243654822335026,2016,0.4658608297941849
Northern Cape,Ward 30901012,NC091,3372,0.6058718861209964,False,8.123261319121745,0.601904045676813,0.015173764072442487,2016,0.4595835884874464
Northern Cape,Ward 30901013,NC091,3790,0.5836411609498681,False,8.240121298076472,0.6025987558384108,0.02802893309222423,2016,0.4494447691408533
Northern Cape,Ward 30901014,NC091,3604,0.6140399556048834,False,8.189799618728228,0.6016487935054415,0.0072300045187528245,2016,0.5
Northern Cape,Ward 30901015,NC091,3304,0.6035108958837773,False,8.102889134640868,0.6019778266217262,0.013039117352056168,2016,0.4735068912710566
Northern Cape,Ward 30901016,NC091,3691,0.6423733405581143,False,8.213652703029998,0.600763375225653,0.010122311261071278,2016,0.4722797331492984
Northern Cape,Ward 30901017,NC091,4085,0.6171358629130967,False,8.315077007294104,0.6015520464020598,0.010710035700119,2016,0.4637159032424086
Northern Cape,Ward 30901018,NC091,2853,0.5983175604626709,False,7.9561263512135,0.6021401183536357,0.02460456942003515,2016,0.4669106434888685
Northern Cape,Ward 30901019,NC091,3476,0.6121979286536249,False,8.153637486385282,0.6017063568476684,0.003289473684210526,2016,0.4980660517703064
Northern Cape,Ward 30901020,NC091,3588,0.6569119286510591,False,8.185350223178686,0.6003090443477486,0.009333899024183284,2016,0.4820352061731372
Northern Cape,Ward 30901021,NC091,4809,0.6088583905177791,False,8.478244441277663,0.6018107174144136,0.005806010928961749,2016,0.4910166022287923
Northern Cape,Ward 30901022,NC091,4641,0.5166989872872226,False,8.442685139241176,0.6046906987653684,0.012510425354462052,2016,0.5279187817258884
Northern Cape,Ward 30901023,NC091,4580,0.6425764192139738,False,8.429454277108231,0.6007570290176575,0.0020387359836901123,2016,0.5486600846262342
Northern Cape,Ward 30901024,NC091,4430,0.7040632054176073,False,8.39615486303918,0.5988355669487939,0.0022443090734209684,2016,0.6192606545797034
Northern Cape,Ward 30901025,NC091,5110,0.5056751467710372,False,8.53895468319775,0.6050351937814993,0.010835913312693499,2016,0.4414527238572323
Northern Cape,Ward 30901026,NC091,4146,0.653159671972986,False,8.329899292995725,0.6004263023689383,0.01883308714918759,2016,0.5308988764044944
Northern Cape,Ward 30901027,NC091,3887,0.5448932338564446,False,8.265392930852224,0.6038096285600802,0.0056657223796034,2016,0.5049531459170014
Northern Cape,Ward 30901028,NC091,4221,0.6370528310826818,False,8.347827345782498,0.6009296411467604,0.010412792859799182,2016,0.5778761061946903
Northern Cape,Ward 30901029,NC091,3230,0.4696594427244582,False,8.080237416216702,0.6061606845329548,0.012524719841793012,2016,0.2965879265091863
Northern Cape,Ward 30901030,NC091,3561,0.6433586071328279,False,8.177796683277778,0.6007325856451933,0.014404190309908338,2016,0.449902248289345
Northern Cape,Ward 30901031,NC091,4563,0.5860179706333553,False,8.425735580927402,0.6025244805358018,0.005609573672400898,2016,0.4429031459004211
Northern Cape,Ward 30901032,NC091,4447,0.545086575219249,False,8.399984990510696,0.6038035866424927,0.028052805280528052,2016,0.3950617283950617
Northern Cape,Ward 30901033,NC091,2503,0.6184578505793048,False,7.8252452914317745,0.6015107342874909,0.02260981912144703,2016,0.5503206709422792
Northern Cape,Ward 30902001,NC092,2723,0.5211164157179581,False,7.909489492673759,0.6281152463032557,0.0,2016,0.5535444947209653
Northern Cape,Ward 30902002,NC092,4123,0.6133883094833859,False,8.3243363327069,0.612736597342351,0.014234875444839857,2016,0.5842072794571253
Northern Cape,Ward 30902003,NC092,3238,0.6899320568252008,False,8.08271113423758,0.5999793061187152,0.03670546105640107,2016,0.6319914499465622
Northern Cape,Ward 30902004,NC092,3366,0.6565656565656566,False,8.121480374750751,0.6055403728286392,0.017194570135746608,2016,0.5351030387705205
Northern Cape,Ward 30902005,NC092,3444,0.5882694541231127,False,8.144388865547622,0.6169230732357298,0.017769002961500493,2016,0.5447647951441578
Northern Cape,Ward 30902006,NC092,2872,0.5999303621169917,False,7.962763930168115,0.6149795885700834,0.017411491584445733,2016,0.5476270615954224
Northern Cape,Ward 30902007,NC092,2873,0.6206056387051863,False,7.96311205897929,0.6115337091387175,0.01962983735277622,2016,0.5697719366061075
Northern Cape,Ward 30903001,NC093,2934,0.5906612133605998,False,7.984121958702927,0.5973082595142325,0.02308136180034622,2016,0.5397058823529411
Northern Cape,Ward 30903002,NC093,2085,0.6282973621103117,False,7.642524134232902,0.5878992223268045,0.012213740458015267,2016,0.5768286696121747
Northern Cape,Ward 30903003,NC093,1929,0.5878693623639192,False,7.564757012905729,0.5980062222634026,0.018518518518518517,2016,0.4468629961587708
Northern Cape,Ward 30903004,NC093,3078,0.564327485380117,False,8.032035314398824,0.6038916915093532,0.017271157167530225,2016,0.5323406235458352
Northern Cape,Ward 30903005,NC093,2014,0.608738828202582,False,7.607878073278507,0.592788855803737,0.00734094616639478,2016,0.5168661588683352
Northern Cape,Ward 30904001,NC094,3792,0.568301687763713,False,8.240648863374913,0.5840553405271264,0.024129930394431554,2016,0.4955580233203775
Northern Cape,Ward 30904002,NC094,3348,0.5570489844683393,False,8.116118431609365,0.585305640893279,0.031099195710455763,2016,0.4544629349470499
Northern Cape,Ward 30904003,NC094,2764,0.5752532561505065,False,7.92443418488756,0.5832829440397049,0.02389937106918239,2016,0.4314516129032258
Northern Cape,Ward 30904004,NC094,3059,0.5406995750245178,False,8.025843344150903,0.5871222419425925,0.021160822249093107,2016,0.4892035398230088
Northern Cape,Ward 30904005,NC094,3750,0.6394666666666666,False,8.229511118964457,0.5761481206490204,0.0316930775646372,2016,0.4902959728287239
Northern Cape,Ward 30904006,NC094,2688,0.5654761904761905,False,7.89655270164304,0.5843692846701845,0.021052631578947368,2016,0.5538570920725204
Northern Cape,Ward 30904007,NC094,1781,0.5811341942728804,False,7.484930283289661,0.5826295064705522,0.01642512077294686,2016,0.5154471544715448
Northern Cape,Ward 30904008,NC094,5073,0.5876207372363493,False,8.53168763756669,0.5819087794746112,0.03287487420328749,2016,0.4898937992463172
Northern Cape,Ward 30904009,NC094,2955,0.5648054145516075,False,7.991253929840199,0.5844438153284714,0.02756141402037148,2016,0.5283816425120773
Northern Cape,Ward 30904010,NC094,2876,0.6449930458970793,False,7.964155718840937,0.5755340785123079,0.01725067385444744,2016,0.5995145631067961
Northern Cape,Ward 34501001,NC451,3276,0.5729548229548229,False,8.09437844497296,0.5446727795613335,0.015450186467767715,2016,0.8557182923028981
Northern Cape,Ward 34501002,NC451,3431,0.5867094141649665,False,8.14060704285845,0.543690308760609,0.018877297565822158,2016,0.5257037943696451
Northern Cape,Ward 34501003,NC451,3495,0.51931330472103,False,8.15908865466791,0.548504316578033,0.03305785123966942,2016,0.4714412548091151
Northern Cape,Ward 34501004,NC451,3787,0.5518880380248218,False,8.239329427901795,0.5461775499134764,0.028708133971291867,2016,0.4653866955110871
Northern Cape,Ward 34501005,NC451,3559,0.5990446754706378,False,8.177234885510194,0.5428092186673468,0.020637898686679174,2016,0.4855390008764242
Northern Cape,Ward 34501006,NC451,3251,0.6625653645032298,False,8.086717920303906,0.5382720265935902,0.02321262766945218,2016,0.6445287792536369
Northern Cape,Ward 34501007,NC451,3734,0.5605249062667381,False,8.225235324101668,0.5455606307533396,0.031055900621118012,2016,0.5201768933112216
Northern Cape,Ward 34501008,NC451,3065,0.5432300163132137,False,8.027802848370312,0.5467959800357342,0.02822822822822823,2016,0.5644551392231008
Northern Cape,Ward 34501009,NC451,3725,0.5363758389261745,False,8.22282213081366,0.5472855641348084,0.035035035035035036,2016,0.4322314049586777
Northern Cape,Ward 34501010,NC451,3245,0.5275808936825886,False,8.08487062913819,0.5479137745093502,0.02394859813084112,2016,0.4158893534898681
Northern Cape,Ward 34501011,NC451,3004,0.466711051930759,False,8.007700012884026,0.5522616203487666,0.023537803138373753,2016,0.4953364423717522
Northern Cape,Ward 34501012,NC451,3458,0.4647194910352805,False,8.148445666243235,0.5524038746984437,0.029869321717486,2016,0.3990355635925256
Northern Cape,Ward 34501013,NC451,3725,0.5057718120805369,False,8.22282213081366,0.5494715660523539,0.029723991507430998,2016,0.4231525709468952
Northern Cape,Ward 34501014,NC451,3660,0.5363387978142077,False,8.205218426395412,0.5472882099285203,0.019867549668874173,2016,0.4227951948432464
Northern Cape,Ward 34501015,NC451,3496,0.5646453089244852,False,8.159374736775426,0.5452663162777862,0.027862208713272545,2016,0.5368677635588056
Northern Cape,Ward 34502001,NC452,3524,0.6001702610669694,False,8.16735198705607,0.5699316035651708,0.00425531914893617,2016,0.5264221773029165
Northern Cape,Ward 34502002,NC452,3914,0.6223811957077159,False,8.272315147956022,0.5682230701312672,0.02257799671592775,2016,0.4195804195804196
Northern Cape,Ward 34502003,NC452,4126,0.6369365002423655,False,8.325063693631197,0.5671034313209096,0.0136986301369863,2016,0.3998224326723882
Northern Cape,Ward 34502004,NC452,3750,0.5258666666666667,False,8.229511118964457,0.5756472646728864,0.008620689655172414,2016,0.4456806282722513
Northern Cape,Ward 34502005,NC452,3190,0.4971786833855799,False,8.06777619577889,0.5778540326175853,0.02080706179066835,2016,0.366891064871481
Northern Cape,Ward 34502006,NC452,3348,0.5468936678614098,False,8.116118431609365,0.5740298030425215,0.015292190060076462,2016,0.4963680387409201
Northern Cape,Ward 34502007,NC452,3451,0.6389452332657201,False,8.146419323098003,0.566948913396036,0.03945578231292517,2016,0.3836996336996337
Northern Cape,Ward 34502008,NC452,3708,0.540722761596548,False,8.218247926685745,0.5745044881398186,0.013965087281795512,2016,0.3987556561085973
Northern Cape,Ward 34502009,NC452,2826,0.5038924274593064,False,7.946617563244473,0.5773375907657602,0.011938202247191011,2016,0.3754760091393754
Northern Cape,Ward 34502010,NC452,3634,0.5756741882223445,False,8.198089248956116,0.5718159168609112,0.010038240917782026,2016,0.4194927329723568
Northern Cape,Ward 34502011,NC452,3609,0.5261845386533666,False,8.19118600464279,0.5756228129816018,0.010531858873091101,2016,0.39264664608476
Northern Cape,Ward 34502012,NC452,3332,0.5744297719087635,False,8.111328003286733,0.571911641192725,0.011494252873563218,2016,0.4174358974358974
Northern Cape,Ward 34502013,NC452,3726,0.605475040257649,False,8.223090551161533,0.5695235436274262,0.00975177304964539,2016,0.4551569506726457
Northern Cape,Ward 34502014,NC452,3331,0.6145301711197838,False,8.11102783819368,0.5688269950995697,0.015144113336590131,2016,0.4914150384843102
Northern Cape,Ward 34503001,NC453,3303,0.6088404480775053,False,8.10258642539079,0.5905046439435189,0.036300348085529587,2016,0.5531181447821999
Northern Cape,Ward 34503002,NC453,3418,0.6217086015213575,False,8.136810863675537,0.5883599517028768,0.05552941176470588,2016,0.6027749229188079
Northern Cape,Ward 34503003,NC453,1925,0.5875324675324676,False,7.562681246721884,0.5940559740343585,0.05570291777188329,2016,0.5722713864306784
Northern Cape,Ward 34503004,NC453,3535,0.6132956152758133,False,8.170468578330674,0.5897621160771341,0.03505535055350553,2016,0.6571428571428571
Northern Cape,Ward 34503005,NC453,4608,0.4893663194444444,False,8.435549202375727,0.6104169987156957,0.01197339246119734,2016,0.3457117595048629
Northern Cape,Ward 34503006,NC453,4208,0.535171102661597,False,8.344742754417545,0.6027828681795036,0.005772646536412078,2016,0.4982774819918572
Northern Cape,Ward 34503007,NC453,865,0.6959537572254335,False,6.762729506931879,0.5759857590855307,0.013289036544850499,2016,0.4770897832817337
Western Cape,Ward 19100001,CPT,19398,0.7954943808640066,True,9.872925246953487,0.6372602440669042,0.0035642537748687706,2016,0.6475855452510393
Western Cape,Ward 19100002,CPT,18644,0.7567045698347994,True,9.833279657492632,0.6375975467715059,0.009994329458463283,2016,0.5885401670025914
Western Cape,Ward 19100003,CPT,15858,0.7804262832639677,True,9.671429383832344,0.6373912710025567,0.0019392372333548805,2016,0.6265567995974336
Western Cape,Ward 19100004,CPT,15425,0.5958508914100487,True,9.643744848773588,0.638996274409982,0.008595365031008596,2016,0.4429129945000331
Western Cape,Ward 19100005,CPT,18014,0.782335960919285,True,9.798904512343688,0.6373746651099017,0.002483502448023842,2016,0.6195596735804149
Western Cape,Ward 19100006,CPT,19407,0.5521203689390426,True,9.873389104712095,0.6393765398227734,0.02809146056929538,2016,0.3336091345358266
Western Cape,Ward 19100007,CPT,16060,0.6762764632627646,True,9.684086987500752,0.6382969216112627,0.0031304668078445817,2016,0.4822690822690822
Western Cape,Ward 19100008,CPT,20577,0.7825727754288769,True,9.931929226167432,0.6373726058532966,0.003788114016021859,2016,0.595775255065383
Western Cape,Ward 19100009,CPT,17132,0.5406840999299556,True,9.748703338735261,0.6394759856402437,0.012199071575083667,2016,0.407100798694106
Western Cape,Ward 19100010,CPT,15127,0.6345607192437364,True,9.6242365055622,0.6386596672114282,0.00666736118345661,2016,0.4699680132685701
Western Cape,Ward 19100011,CPT,18189,0.7470998955412612,True,9.808572294739841,0.6376810656784062,0.0061814703068658475,2016,0.5450587282300526
Western Cape,Ward 19100012,CPT,16416,0.6324926900584795,True,9.706011747970496,0.6386776500739086,0.008186458634306077,2016,0.4574636807714267
Western Cape,Ward 19100013,CPT,19472,0.6087202136400987,True,9.876732815227308,0.6388843672601555,0.01282375769847296,2016,0.3756623536660505
Western Cape,Ward 19100014,CPT,17378,0.6663597652203936,True,9.762960317399152,0.6383831537681529,0.0065630397236614854,2016,0.4406473865746882
Western Cape,Ward 19100015,CPT,19268,0.7628191820635251,True,9.866200967750112,0.6375443762303866,0.005034698598448769,2016,0.6837672674985877
Western Cape,Ward 19100016,CPT,19224,0.6051290054099043,True,9.863914777416305,0.6389155951578094,0.007908536061205193,2016,0.4034526051475204
Western Cape,Ward 19100017,CPT,19813,0.650330591026094,True,9.89409356689426,0.6385225378915816,0.007217694994179278,2016,0.4807638145665521
Western Cape,Ward 19100018,CPT,15595,0.5553703109971144,True,9.654705629041903,0.639348279457051,0.0172035561713428,2016,0.3536712749615975
Western Cape,Ward 19100019,CPT,18952,0.6233642887294217,True,9.849664745838622,0.6387570274767701,0.017521584560690705,2016,0.3988298643471057
Western Cape,Ward 19100020,CPT,18134,0.5936914084041028,True,9.805543908206001,0.6390150525230772,0.0247074122236671,2016,0.3548707753479125
Western Cape,Ward 19100021,CPT,16577,0.8056343126017976,True,9.715771471424866,0.6371720707474451,0.0022463496817671283,2016,0.6665674485057745
Western Cape,Ward 19100022,CPT,15799,0.6466864991455156,True,9.66770192587285,0.6385542256470649,0.009493980620534404,2016,0.4868581907090464
Western Cape,Ward 19100023,CPT,17821,0.741877560181808,True,9.7881328161731,0.6377264772902276,0.003554950457605325,2016,0.6162887455793634
Western Cape,Ward 19100024,CPT,16008,0.5990129935032483,True,9.68084387626357,0.6389687778700411,0.012618625508395036,2016,0.3179982693971733
Western Cape,Ward 19100025,CPT,17680,0.6182126696832579,True,9.780189336191635,0.638801824164128,0.01857273559011894,2016,0.4620296950667873
Western Cape,Ward 19100026,CPT,18971,0.6886827262664066,True,9.850666776352545,0.638189041063405,0.008189820130118637,2016,0.4734400718240311
Western Cape,Ward 19100027,CPT,13567,0.7279428023881477,True,9.515395652485308,0.6378476490971291,0.006277845281490482,2016,0.5581090813854515
Western Cape,Ward 19100028,CPT,17640,0.6325396825396825,True,9.777924329560783,0.6386772414436374,0.019537551532532713,2016,0.5007557762902181
Western Cape,Ward 19100029,CPT,16954,0.6000353898784947,True,9.73825907316835,0.6389598874667781,0.0060945640420721515,2016,0.4769202588838686
Western Cape,Ward 19100030,CPT,17410,0.6484204480183803,True,9.764800032762235,0.6385391478307791,0.014261670652847905,2016,0.4371093987015351
Western Cape,Ward 19100031,CPT,15129,0.610747570890343,True,9.624368710744834,0.6388667380666752,0.014935064935064935,2016,0.4532720273738237
Western Cape,Ward 19100032,CPT,18949,0.5763364821362605,True,9.849506438669614,0.6391659649254063,0.00998077099166743,2016,0.3943947587354409
Western Cape,Ward 19100033,CPT,17606,0.5015903669203681,True,9.775995032020852,0.6398159311446749,0.02094892990601291,2016,0.3021565731166913
Western Cape,Ward 19100034,CPT,17524,0.4964049303811915,True,9.771326648933789,0.6398610218971895,0.02483044028049201,2016,0.3359059814067707
Western Cape,Ward 19100035,CPT,19746,0.5675073432593943,True,9.890706218171395,0.6392427400460747,0.010619311083348206,2016,0.2755905511811024
Western Cape,Ward 19100036,CPT,14781,0.5857519788918206,True,9.601097851212073,0.6390840910405753,0.028644028644028645,2016,0.369797397889831
Western Cape,Ward 19100037,CPT,13922,0.5897859502944979,True,9.541225601728613,0.6390490130283781,0.019973206673973936,2016,0.3432155074116305
Western Cape,Ward 19100038,CPT,13421,0.543476641084867,True,9.504575923397805,0.6394517026736792,0.015355086372360844,2016,0.3848309473042948
Western Cape,Ward 19100039,CPT,15598,0.5737274009488396,True,9.654897979890443,0.6391886525879056,0.01787909263604872,2016,0.3554796254112883
Western Cape,Ward 19100040,CPT,18259,0.5342023111890026,True,9.812413388136733,0.6395323490205997,0.024707812179618618,2016,0.324062274918278
Western Cape,Ward 19100041,CPT,15129,0.5730054861524225,True,9.624368710744834,0.6391949301078744,0.012804245010958589,2016,0.361051930758988
Western Cape,Ward 19100042,CPT,14461,0.5904156005808727,True,9.579210649614792,0.6390435378084967,0.02260482548606231,2016,0.4784864205065608
Western Cape,Ward 19100043,CPT,18424,0.676237516283109,True,9.82140944150052,0.638297260280651,0.011878962998635525,2016,0.5001081314878892
Western Cape,Ward 19100044,CPT,18588,0.6764579298472132,True,9.830271490204868,0.6382953436409632,0.01519007475743598,2016,0.4734367653972731
Western Cape,Ward 19100045,CPT,15079,0.5578619271835003,True,9.621058326365796,0.6393266132293434,0.007013789824060866,2016,0.4166024158314058
Western Cape,Ward 19100046,CPT,15218,0.6393744250229991,True,9.630234216736469,0.6386178089003043,0.007708119218910586,2016,0.4812675358970127
Western Cape,Ward 19100047,CPT,15185,0.609417188014488,True,9.62806337747985,0.6388783066134217,0.027879835746704128,2016,0.4734049194656012
Western Cape,Ward 19100048,CPT,13551,0.5883698620028042,True,9.514215624322715,0.6390613268396103,0.011538943935783268,2016,0.52904765456037
Western Cape,Ward 19100049,CPT,18012,0.6635021097046413,True,9.798793481421463,0.6384080029465509,0.008283825621286921,2016,0.5183333333333333
Western Cape,Ward 19100050,CPT,15752,0.6432199085830371,True,9.664722620318962,0.6385843699128256,0.019640742202921436,2016,0.5042601049689864
Western Cape,Ward 19100051,CPT,14306,0.5597651335104152,True,9.56843430866833,0.6393100636091094,0.009365634365634366,2016,0.3954177897574124
Western Cape,Ward 19100052,CPT,14405,0.5103783408538702,True,9.575330647518628,0.6397395139800357,0.019042437431991296,2016,0.3057320668195218
Western Cape,Ward 19100053,CPT,14682,0.7460155292194524,True,9.594377532670727,0.6376904949507699,0.002921573997991418,2016,0.6148814390842191
Western Cape,Ward 19100054,CPT,16798,0.6237647338968925,True,9.729015110685573,0.638753545344879,0.006298912006108036,2016,0.5105303612605688
Western Cape,Ward 19100055,CPT,15577,0.6824805803428131,True,9.653550746326605,0.6382429727670884,0.0050794845263851,2016,0.5434232181288771
Western Cape,Ward 19100056,CPT,16972,0.6752887108178176,True,9.739320206322216,0.6383055107629579,0.012302591396911264,2016,0.4693444770161541
Western Cape,Ward 19100057,CPT,19385,0.5495486200670622,True,9.87225485010503,0.6393989028564429,0.012954097437341595,2016,0.3788345962895218
Western Cape,Ward 19100058,CPT,18218,0.7057305961137337,True,9.810165395304756,0.6380407987169064,0.004822275803064479,2016,0.57888361764409
Western Cape,Ward 19100059,CPT,18157,0.6579831469956491,True,9.806811440270668,0.638455993926629,0.004771072235707709,2016,0.4919285023170545
Western Cape,Ward 19100060,CPT,17828,0.7175790890733678,True,9.788525534066446,0.6379377683433445,0.008911123270538576,2016,0.5635659441462254
Western Cape,Ward 19100061,CPT,16373,0.6742197520307824,True,9.703388915639492,0.6383148060567583,0.01250113234894465,2016,0.5028713050837212
Western Cape,Ward 19100062,CPT,16773,0.705300184820843,True,9.727525729694754,0.6380445414238012,0.0036348267117497887,2016,0.5800783718872456
Western Cape,Ward 19100063,CPT,18898,0.7321409672981268,True,9.846811375342572,0.6378111433153031,0.008600751662330153,2016,0.5527745558879189
Western Cape,Ward 19100064,CPT,19443,0.7082240395000772,True,9.875242387095826,0.6380191166005035,0.0030501089324618735,2016,0.5796522793894673
Western Cape,Ward 19100065,CPT,17564,0.7062741972215896,True,9.773606631681607,0.6380360717507513,0.007013301088270859,2016,0.4891981943250215
Western Cape,Ward 19100066,CPT,17283,0.6711219117051438,True,9.757478638400492,0.6383417437987203,0.007673075265109061,2016,0.6246520634152245
Western Cape,Ward 19100067,CPT,21210,0.6242809995285242,True,9.962228047558728,0.6387490560785171,0.013518616418699494,2016,0.4826571099449635
Western Cape,Ward 19100068,CPT,14888,0.6754433100483611,True,9.608310798322087,0.6383041664218227,0.009844868735083532,2016,0.5195259897656881
Western Cape,Ward 19100069,CPT,18103,0.6273545821134618,True,9.803832949375943,0.6387223292734305,0.008629039358985648,2016,0.5113254809998401
Western Cape,Ward 19100070,CPT,17814,0.7975188054339284,True,9.787739943991815,0.6372426403749918,0.011402829591046668,2016,0.6580290968981608
Western Cape,Ward 19100071,CPT,15678,0.7065314453374155,True,9.660013734748668,0.6380338348106136,0.0048749661460684305,2016,0.5521974481247583
Western Cape,Ward 19100072,CPT,17361,0.7410287425839526,True,9.761981590241948,0.6377338583128177,0.0045860862806062965,2016,0.6081475003643784
Western Cape,Ward 19100073,CPT,19018,0.7627510779261752,True,9.85314117809939,0.6375449684402766,0.004136219495381221,2016,0.6084746926722066
Western Cape,Ward 19100074,CPT,17550,0.6525925925925926,True,9.772809228894012,0.6385028683127425,0.011088797694927092,2016,0.4453147664635915
Western Cape,Ward 19100075,CPT,16645,0.671973565635326,True,9.719865150009126,0.638334338112371,0.009208761734465802,2016,0.5187370726365738
Western Cape,Ward 19100076,CPT,16098,0.6556093924711144,True,9.686450319653678,0.6384766352703205,0.009948834565093803,2016,0.4629958180205297
Western Cape,Ward 19100077,CPT,17887,0.6560630625594007,True,9.791829470993246,0.6384726903130312,0.008777162334895611,2016,0.5288287328146648
Western Cape,Ward 19100078,CPT,17138,0.6930797059166763,True,9.749053499229063,0.6381508064577505,0.006230005051355447,2016,0.5253437852919683
Western Cape,Ward 19100079,CPT,18939,0.6156080046464967,True,9.848978567035735,0.6388244734253172,0.012865597392572262,2016,0.5038872691933917
Western Cape,Ward 19100080,CPT,18090,0.5803206191265893,True,9.80311457838934,0.6391313202559251,0.015812535721089732,2016,0.3278324165138634
Western Cape,Ward 19100081,CPT,20125,0.6879006211180124,True,9.909718102286764,0.6381958419777388,0.02419820861022826,2016,0.5429521652986131
Western Cape,Ward 19100082,CPT,16555,0.599637571730595,True,9.714443449981347,0.6389633467550208,0.0075551526140828044,2016,0.451985121080999
Western Cape,Ward 19100083,CPT,17111,0.7128163169890713,True,9.747476810531971,0.6379791837527731,0.009592522751496269,2016,0.6449614088487879
Western Cape,Ward 19100084,CPT,20938,0.6525933709045754,True,9.9493209688793,0.6385028615448123,0.005927985948477751,2016,0.5606161745827984
Western Cape,Ward 19100085,CPT,17261,0.6325241874746539,True,9.75620490038669,0.6386773761833332,0.01263967759662942,2016,0.4190830619734326
Western Cape,Ward 19100086,CPT,18404,0.6095957400565094,True,9.82032331127536,0.6388767539869694,0.011587485515643106,2016,0.3412745329865216
Western Cape,Ward 19100087,CPT,14328,0.5710496929089894,True,9.569970943740548,0.6392119370056435,0.025421657296504523,2016,0.3834647810715257
Western Cape,Ward 19100088,CPT,18804,0.5202084662837694,True,9.841824892144022,0.6396540346284714,0.022490288284604375,2016,0.3345343680709534
Western Cape,Ward 19100089,CPT,15198,0.5218449796025793,True,9.62891911922973,0.6396398040778731,0.023326188374732063,2016,0.3301710229106163
Western Cape,Ward 19100090,CPT,13988,0.5432513583071203,True,9.545955098183267,0.6394536616543554,0.013028030003947888,2016,0.346395224246135
Western Cape,Ward 19100091,CPT,15793,0.5585385930475527,True,9.667322082870054,0.6393207291783515,0.011676680648452556,2016,0.3622852467957458
Western Cape,Ward 19100092,CPT,15827,0.5668793833322803,True,9.669472621333282,0.63924820056718,0.03644672313865359,2016,0.4172915246534878
Western Cape,Ward 19100093,CPT,16560,0.5714975845410628,True,9.71474542793925,0.6392080422957993,0.02578191039729501,2016,0.348685079952425
Western Cape,Ward 19100094,CPT,17509,0.5583414244103033,True,9.770470313426317,0.6393224436882408,0.020355973813420622,2016,0.3540323641626102
Western Cape,Ward 19100095,CPT,16884,0.5620705993840323,True,9.734121706902389,0.6392900160797735,0.020864067439409904,2016,0.3602453655676333
Western Cape,Ward 19100096,CPT,18308,0.5760323355909984,True,9.815093401773533,0.6391686096779738,0.01194765787976484,2016,0.3216798011318559
Western Cape,Ward 19100097,CPT,14751,0.5545386753440444,True,9.599066156080049,0.6393555110714255,0.01234718826405868,2016,0.3586495368987152
Western Cape,Ward 19100098,CPT,16827,0.5290901527307303,True,9.730740018176446,0.6395768025724109,0.02201505110636864,2016,0.3303303303303303
Western Cape,Ward 19100099,CPT,16403,0.5721514357129793,True,9.705219523912486,0.6392023566334348,0.025679275439531166,2016,0.3255739111778588
Western Cape,Ward 19100100,CPT,16930,0.6606024808033077,True,9.736842475127181,0.6384332171109103,0.00715307582260372,2016,0.4283913898270908
Western Cape,Ward 19100101,CPT,17664,0.566802536231884,True,9.779283949076822,0.6392488688028356,0.015181781861765881,2016,0.3351207803482968
Western Cape,Ward 19100102,CPT,18771,0.7747589366576102,True,9.840068404666473,0.6374405522773946,0.008251392422471292,2016,0.6041209461107047
Western Cape,Ward 19100103,CPT,16719,0.817513009151265,True,9.724301076237646,0.6370687777339714,0.0010242903131401815,2016,0.6789306511381683
Western Cape,Ward 19100104,CPT,16530,0.5097398669086509,True,9.712932190815069,0.6397450659273856,0.026821742226441965,2016,0.3125434878866468
Western Cape,Ward 19100105,CPT,16894,0.6832603291109269,True,9.734713808287442,0.6382361923430179,0.008923156891622628,2016,0.4992301314698567
Western Cape,Ward 19100106,CPT,19837,0.5436810001512326,True,9.89530415972811,0.6394499256383195,0.016133518776077885,2016,0.322484501669051
Western Cape,Ward 19100107,CPT,16711,0.7159356112740112,True,9.723822464203383,0.6379520594546433,0.02357071213640923,2016,0.5490639588045623
Western Cape,Ward 19100108,CPT,18457,0.5559408354553828,True,9.823198981307291,0.6393433183748052,0.014228632686872624,2016,0.3607486263736263
Western Cape,Ward 19100109,CPT,17794,0.6239181746656176,True,9.786616600804713,0.6387522110773249,0.010718789407313998,2016,0.4389748398187216
Western Cape,Ward 19100110,CPT,14584,0.674917718047175,True,9.5876803163585,0.6383087367870506,0.007518033119983745,2016,0.4791021671826625
Western Cape,Ward 19100111,CPT,16151,0.6641694012754629,True,9.689737246238513,0.6384022004111524,0.016313974084086885,2016,0.4863677673432293
Western Cape,Ward 19100112,CPT,16654,0.7739281854209199,True,9.720405706795765,0.6374477762011919,0.0038016913647296144,2016,0.6517820079463915
Western Cape,Ward 19100113,CPT,15805,0.7372983233154066,True,9.668081624649718,0.6377662967412399,0.0051488886981893075,2016,0.5735641227380016
Western Cape,Ward 19100114,CPT,13994,0.5140774617693297,True,9.546383945305841,0.6397073477112056,0.01807061440088963,2016,0.355957630585989
Western Cape,Ward 19100115,CPT,18520,0.6049136069114471,True,9.82660650820017,0.6389174681882307,0.007497991609390342,2016,0.447298090085392
Western Cape,Ward 19100116,CPT,14176,0.623589164785553,True,9.559305672844863,0.6387550720328037,0.013574660633484163,2016,0.4786644240951847
Western Cape,Ward 10101001,WC011,3764,0.6115834218916046,False,8.23323750070527,0.5962296664886295,0.010425716768027803,2016,0.5365663900414938
Western Cape,Ward 10101002,WC011,3307,0.6132446325975204,False,8.103796712981794,0.5959923506734988,0.011834319526627219,2016,0.6078784757981462
Western Cape,Ward 10101003,WC011,3667,0.5080447232069811,False,8.207129168071326,0.6110209091578614,0.0,2016,0.4443359375
Western Cape,Ward 10101004,WC011,4021,0.554837105197712,False,8.299285906897275,0.6043362831591856,0.00582698341550874,2016,0.4785087719298245
Western Cape,Ward 10101005,WC011,3763,0.67791655593941,False,8.232971790593437,0.5867535044818002,0.005488043904351235,2016,0.5173925752703887
Western Cape,Ward 10101006,WC011,4204,0.6177450047573739,False,8.343791731996841,0.5953494403649481,0.0061609549480169425,2016,0.5718343195266272
Western Cape,Ward 10101007,WC011,4056,0.658284023668639,False,8.30795254527102,0.5895581519490533,0.003745318352059925,2016,0.5888724766125062
Western Cape,Ward 10101008,WC011,3411,0.5435356200527705,False,8.134760782418645,0.6059507810370344,0.008629989212513484,2016,0.5711554220158427
Western Cape,Ward 10102001,WC012,4013,0.6062795913281834,False,8.297294370266917,0.6143295974540927,0.01972872996300863,2016,0.4798679867986798
Western Cape,Ward 10102002,WC012,4517,0.6610582244852778,False,8.415603335654604,0.6033738708226737,0.007032819825853985,2016,0.5519441674975075
Western Cape,Ward 10102003,WC012,5038,0.6079793568876538,False,8.524764456912555,0.6139896443421986,0.010773751224289911,2016,0.5595171773444754
Western Cape,Ward 10102004,WC012,3237,0.6286685202347853,False,8.082402253926244,0.6098518116727722,0.008353808353808353,2016,0.609297052154195
Western Cape,Ward 10102005,WC012,5259,0.6702795208214489,False,8.567696173589344,0.6015296115554396,0.0070921985815602835,2016,0.6116863905325444
Western Cape,Ward 10102006,WC012,2867,0.5036623648412976,False,7.96102146588337,0.6348530427514698,0.009002770083102494,2016,0.4740364025695932
Western Cape,Ward 10103001,WC013,3548,0.6155580608793687,False,8.17413934342947,0.6287969261614232,0.01098901098901099,2016,0.5256627185561196
Western Cape,Ward 10103002,WC013,3637,0.6574099532581799,False,8.19891444498699,0.6218216107649547,0.012965286491007947,2016,0.5368449055599893
Western Cape,Ward 10103003,WC013,3841,0.6175475136683155,False,8.253488028345904,0.6284653506965988,0.003372681281618887,2016,0.5160767360172926
Western Cape,Ward 10103004,WC013,4113,0.5852176027230732,False,8.321907968230423,0.6338536691874724,0.0062318238471125885,2016,0.4892448512585812
Western Cape,Ward 10103005,WC013,3833,0.6055309157318027,False,8.251403065380556,0.6304681170193509,0.008186126669538992,2016,0.5319587628865979
Western Cape,Ward 10103006,WC013,3989,0.5931311105540236,False,8.291295851905407,0.6325347512156475,0.006339814032121725,2016,0.5691002455905336
Western Cape,Ward 10103007,WC013,3349,0.7139444610331442,False,8.116417072794205,0.6123991928024607,0.002509410288582183,2016,0.6537046768260641
Western Cape,Ward 10104001,WC014,4799,0.7070222963117316,False,8.476162841858246,0.6343479619363145,0.1632773356911288,2016,0.4807767752059631
Western Cape,Ward 10104002,WC014,4558,0.5947784115840281,False,8.42463920980563,0.6429821069153685,0.005164146071560309,2016,0.4096819363872774
Western Cape,Ward 10104003,WC014,3309,0.518887881535207,False,8.104401307921613,0.6488198399960472,0.0064065230052417,2016,0.4492072812683499
Western Cape,Ward 10104004,WC014,3938,0.6043676993397664,False,8.278428259199071,0.6422444693956965,0.018907563025210083,2016,0.5247337278106509
Western Cape,Ward 10104005,WC014,3469,0.7177861055059095,False,8.15162164696975,0.6335199766136854,0.0024096385542168677,2016,0.5541725601131542
Western Cape,Ward 10104006,WC014,4182,0.7159253945480631,False,8.338544879988579,0.6336631082258274,0.0033400133600534404,2016,0.5871425589647256
Western Cape,Ward 10104007,WC014,4280,0.6677570093457944,False,8.361708288575842,0.6373683686260019,0.009447165850244927,2016,0.568600046587468
Western Cape,Ward 10104008,WC014,4000,0.663,False,8.294049640102028,0.6377342924218323,0.0015082956259426848,2016,0.5366531850353893
Western Cape,Ward 10104009,WC014,4901,0.5166292593348296,False,8.497194544909547,0.648993580165307,0.014612954186413903,2016,0.4391273750879662
Western Cape,Ward 10104010,WC014,4580,0.6493449781659388,False,8.429454277108231,0.6387846787167601,0.010423671822461332,2016,0.5064907427112152
Western Cape,Ward 10104011,WC014,3418,0.7056758338209479,False,8.136810863675537,0.6344515359740671,0.00538971807628524,2016,0.5699739521667061
Western Cape,Ward 10104012,WC014,4589,0.6330355197210721,False,8.431417414394833,0.6400392524432882,0.014457831325301205,2016,0.5025041736227045
Western Cape,Ward 10104013,WC014,3884,0.5198249227600412,False,8.264620829411216,0.6487477599018292,0.0024764735017335313,2016,0.4484313357129438
Western Cape,Ward 10104014,WC014,2860,0.7395104895104895,False,7.958576903813898,0.6318488701517946,0.004728132387706856,2016,0.6034392912975508
Western Cape,Ward 10105001,WC015,3815,0.6070773263433814,False,8.246695943718557,0.5893267333267818,0.005613126079447323,2016,0.4889696340513885
Western Cape,Ward 10105002,WC015,4453,0.5488434763081069,False,8.401333305321703,0.594620719693625,0.017594108019639936,2016,0.4255368275225121
Western Cape,Ward 10105003,WC015,3671,0.588395532552438,False,8.208219383496834,0.5910250782168676,0.012037037037037037,2016,0.4789607455521039
Western Cape,Ward 10105004,WC015,3540,0.5426553672316384,False,8.17188200612782,0.5951832750642129,0.008328995314940135,2016,0.4466513878278584
Western Cape,Ward 10105005,WC015,3837,0.6619755016940317,False,8.252446090246952,0.5843359901130862,0.005118110236220472,2016,0.6067157313707452
Western Cape,Ward 10105006,WC015,4033,0.5397966774113563,False,8.302265794873367,0.5954431559569658,0.00964630225080386,2016,0.448786717752235
Western Cape,Ward 10105007,WC015,4365,0.5718213058419244,False,8.381373468273702,0.5925318260996415,0.010416666666666666,2016,0.4926982700516737
Western Cape,Ward 10105008,WC015,3818,0.6495547407019382,False,8.247482004285693,0.5854651502032766,0.004838709677419355,2016,0.5537763544168668
Western Cape,Ward 10105009,WC015,4706,0.5684232894177645,False,8.456593569287309,0.592840736683656,0.011588785046728972,2016,0.3497916666666666
Western Cape,Ward 10105010,WC015,4445,0.7070866141732284,False,8.399535147948004,0.5802349798877048,0.005408845052497614,2016,0.6003083021360933
Western Cape,Ward 10105011,WC015,4478,0.5381866904868244,False,8.4069317971587,0.5955895184046506,0.01037344398340249,2016,0.3993937980881324
Western Cape,Ward 10105012,WC015,4024,0.5658548707753479,False,8.300031711779575,0.5930742292875121,0.018006148440931048,2016,0.4292452830188679
Western Cape,Ward 10202001,WC022,3655,0.5537619699042408,False,8.203851372183879,0.5089811796042997,0.033102766798418976,2016,0.4125622578859989
Western Cape,Ward 10202002,WC022,3810,0.5251968503937008,False,8.245384468120747,0.5115780086507125,0.014492753623188406,2016,0.4880164346039717
Western Cape,Ward 10202003,WC022,3791,0.5207069374835136,False,8.240385115516334,0.5119861825516385,0.005572441742654508,2016,0.4824680619733623
Western Cape,Ward 10202004,WC022,4013,0.4841764266135061,False,8.297294370266917,0.5153071380852756,0.03139475038600103,2016,0.440236991241628
Western Cape,Ward 10202005,WC022,3361,0.6158881285331747,False,8.119993827725105,0.5033333470016694,0.005797101449275362,2016,0.4820396885204722
Western Cape,Ward 10202006,WC022,4157,0.4876112581188357,False,8.332548939252638,0.5149948806757002,0.016773556980759743,2016,0.4111242603550296
Western Cape,Ward 10202007,WC022,5540,0.5953068592057762,False,8.61974977974133,0.5052043714859784,0.011522134627046696,2016,0.5117348173239777
Western Cape,Ward 10202008,WC022,3946,0.444500760263558,False,8.28045768658256,0.5189140168443618,0.03135689851767389,2016,0.343995938055344
Western Cape,Ward 10202009,WC022,3272,0.3811124694376528,False,8.093156697722637,0.5246765887376259,0.014434643143544507,2016,0.3128385698808234
Western Cape,Ward 10202010,WC022,3959,0.5013892397069967,False,8.28374674710613,0.5137423368949583,0.027707808564231738,2016,0.35375
Western Cape,Ward 10202011,WC022,4388,0.5419325432999088,False,8.38662882139512,0.5100565820228753,0.014297729184188394,2016,0.515442690459849
Western Cape,Ward 10202012,WC022,3088,0.5009715025906736,False,8.035278911144667,0.5137803129964422,0.011635423400129283,2016,0.3898781630740394
Western Cape,Ward 10203001,WC023,3842,0.586153045288912,False,8.253748343328501,0.6490656410172212,0.009769094138543518,2016,0.4612446641204223
Western Cape,Ward 10203002,WC023,3868,0.7675801447776629,False,8.260492856573185,0.6433960441581977,0.004715392388009431,2016,0.7148058252427184
Western Cape,Ward 10203003,WC023,4494,0.6497552291944815,False,8.410498452745275,0.6470780727701722,0.03561643835616438,2016,0.5053763440860215
Western Cape,Ward 10203004,WC023,4572,0.7629046369203849,False,8.427706024914702,0.6435421537787377,0.0028669724770642203,2016,0.6754791804362195
Western Cape,Ward 10203005,WC023,3689,0.621035510978585,False,8.213110697596676,0.6479755639644189,0.024443474465298997,2016,0.413158558104361
Western Cape,Ward 10203006,WC023,3651,0.6012051492741715,False,8.202756381655638,0.6485952627676819,0.01184510250569476,2016,0.4226573426573426
Western Cape,Ward 10203007,WC023,3717,0.6080172181867097,False,8.220672170297252,0.6483823856141651,0.00752212389380531,2016,0.4632737276478679
Western Cape,Ward 10203008,WC023,3774,0.5257021727609963,False,8.235890725928495,0.6509547307837186,0.018649193548387098,2016,0.4117959617428268
Western Cape,Ward 10203009,WC023,4190,0.6501193317422435,False,8.340456012916183,0.6470666945655547,0.016152716593245228,2016,0.4474467030242935
Western Cape,Ward 10203010,WC023,3355,0.6238450074515648,False,8.118207049405783,0.6478877671996384,0.011944577161968466,2016,0.5102040816326531
Western Cape,Ward 10203011,WC023,3783,0.6558287073750991,False,8.23827262463303,0.6468882765770279,0.011688835147118097,2016,0.5313054499366286
Western Cape,Ward 10203012,WC023,3639,0.6493542181918109,False,8.19946419761216,0.6470906043640057,0.00973338975878121,2016,0.4625102993683054
Western Cape,Ward 10203013,WC023,3175,0.594015748031496,False,8.063062911326792,0.6488199315565155,0.003711558854718982,2016,0.4686500319897633
Western Cape,Ward 10203014,WC023,4832,0.6206539735099338,False,8.48301573961465,0.6479874870103143,0.006668889629876626,2016,0.4077827320632347
Western Cape,Ward 10203015,WC023,4003,0.7599300524606545,False,8.294799358992574,0.6436351095431043,0.008547008547008548,2016,0.6560266793711291
Western Cape,Ward 10203016,WC023,4786,0.5938152946092771,False,8.47345026846832,0.6488261957259598,0.10485573539760731,2016,0.3483572030328559
Western Cape,Ward 10203017,WC023,3930,0.7414758269720102,False,8.276394704863307,0.6442118040896244,0.002745367192862045,2016,0.6601535240753663
Western Cape,Ward 10203018,WC023,3960,0.6409090909090909,False,8.283999304248526,0.6473545145915907,0.0070921985815602835,2016,0.4775487670224512
Western Cape,Ward 10203019,WC023,4032,0.7331349206349206,False,8.302017809751204,0.6444724574126585,0.017591339648173207,2016,0.6480487804878049
Western Cape,Ward 10203020,WC023,3985,0.6155583437892095,False,8.290292591224315,0.6481467254390869,0.04565837749694252,2016,0.4973347547974414
Western Cape,Ward 10203021,WC023,4079,0.55969600392253,False,8.313607139317558,0.6498924235599207,0.00788436268068331,2016,0.4712277910368602
Western Cape,Ward 10203022,WC023,4363,0.6770570708228283,False,8.38091517312361,0.6462248902192863,0.0013540961408259986,2016,0.5008656937917388
Western Cape,Ward 10203023,WC023,2476,0.712843295638126,False,7.814399633804487,0.6451065706938083,0.0084985835694051,2016,0.6184402332361516
Western Cape,Ward 10203024,WC023,3319,0.6053028020488099,False,8.107418811719974,0.6484672111184744,0.039820806371329016,2016,0.4189927184466019
Western Cape,Ward 10203025,WC023,3477,0.6085706068449813,False,8.153925132007862,0.6483650922185941,0.00945179584120983,2016,0.5165016501650165
Western Cape,Ward 10203026,WC023,4700,0.6272340425531915,False,8.45531778769815,0.6477818598527125,0.005427408412483039,2016,0.4664128974473802
Western Cape,Ward 10203027,WC023,4032,0.6282242063492064,False,8.302017809751204,0.6477509172340871,0.026845637583892617,2016,0.4841389728096676
Western Cape,Ward 10203028,WC023,4105,0.6684531059683313,False,8.31996102188653,0.6464937641209894,0.012026239067055394,2016,0.5224515854437114
Western Cape,Ward 10203029,WC023,4030,0.7057071960297767,False,8.301521654940728,0.6453295738065692,0.01230661040787623,2016,0.5791349809885932
Western Cape,Ward 10203030,WC023,4093,0.6169069142438309,False,8.317033476492403,0.64810458261238,0.007920792079207921,2016,0.5151908595170086
Western Cape,Ward 10203031,WC023,4679,0.6063261380636888,False,8.450839690866216,0.6484352318680094,0.009164610504053579,2016,0.5392325315005727
Western Cape,Ward 10203032,WC023,4337,0.6052570901544847,False,8.374938143835367,0.6484686396151721,0.013333333333333334,2016,0.4479191159181754
Western Cape,Ward 10203033,WC023,2298,0.7336814621409922,False,7.739794458408701,0.6444553779905937,0.006524317912218268,2016,0.5824839562098906
Western Cape,Ward 10204001,WC024,4361,0.5861041045631736,False,8.380456667842767,0.6101975170538696,0.01134585289514867,2016,0.4407381121362668
Western Cape,Ward 10204002,WC024,4670,0.5747323340471092,False,8.448914350662942,0.6107390299355868,0.013785394932935917,2016,0.4488577896686561
Western Cape,Ward 10204003,WC024,3547,0.5813363405694953,False,8.173857454773621,0.6104245534345208,0.01066925315227934,2016,0.4046242774566474
Western Cape,Ward 10204004,WC024,4481,0.6748493639812542,False,8.407601514786142,0.6059715523196753,0.002976190476190476,2016,0.5516547406082289
Western Cape,Ward 10204005,WC024,3509,0.6637218580792249,False,8.163086375583216,0.6065014335531052,0.0055817947617003,2016,0.4938787697820245
Western Cape,Ward 10204006,WC024,3208,0.5819825436408977,False,8.073402968986406,0.6103937818596922,0.011247991430101767,2016,0.4506862432173635
Western Cape,Ward 10204007,WC024,3680,0.7081521739130435,False,8.210668031162976,0.6043857042276852,0.001918649270913277,2016,0.5317702227432591
Western Cape,Ward 10204008,WC024,4997,0.6053632179307584,False,8.516593011344206,0.6092804164173179,0.0019834710743801653,2016,0.3326137794567368
Western Cape,Ward 10204009,WC024,3311,0.5647840531561462,False,8.105005537547246,0.6112127575970613,0.0032085561497326204,2016,0.4038080126933756
Western Cape,Ward 10204010,WC024,4700,0.5729787234042554,False,8.45531778769815,0.6108225352042942,0.0011139992573338284,2016,0.3550429669832655
Western Cape,Ward 10204011,WC024,3944,0.6643002028397565,False,8.279950715722526,0.6064738933264132,0.004961832061068702,2016,0.5104633781763827
Western Cape,Ward 10204012,WC024,4776,0.6245812395309883,False,8.471358655072438,0.6083652725315927,0.012738853503184714,2016,0.3529007895640233
Western Cape,Ward 10204013,WC024,2900,0.5703448275862069,False,7.9724660159745655,0.6109479588146774,0.007859733978234583,2016,0.3811369509043927
Western Cape,Ward 10204014,WC024,4023,0.2831220482227193,False,8.299783171949787,0.6246252340224626,0.010535557506584723,2016,0.373229115779189
Western Cape,Ward 10204015,WC024,4621,0.5371131789655919,False,8.438366410870266,0.612530418272802,0.014907332796132152,2016,0.3461920859017697
Western Cape,Ward 10204016,WC024,4876,0.5572190319934373,False,8.492080490601163,0.6115729967000474,0.009201324990798674,2016,0.4288830715532286
Western Cape,Ward 10204017,WC024,4910,0.6928716904276986,False,8.499029220788566,0.605113346298416,0.01440329218106996,2016,0.5580374950139609
Western Cape,Ward 10204018,WC024,4940,0.6495951417004049,False,8.505120610181969,0.6071741343330489,0.023683390464319103,2016,0.4072214713265109
Western Cape,Ward 10204019,WC024,3498,0.6143510577472842,False,8.159946655578548,0.6088524240451024,0.007445323406235459,2016,0.4816380449141347
Western Cape,Ward 10204020,WC024,4024,0.5775347912524851,False,8.300031711779575,0.6106055795924737,0.0021514629948364886,2016,0.5111331024245424
Western Cape,Ward 10204021,WC024,4523,0.7612204289188592,False,8.416930769477844,0.6018586444655035,0.003194888178913738,2016,0.6677432377876463
Western Cape,Ward 10204022,WC024,4382,0.7539936102236422,False,8.385260520155413,0.6022027786890853,0.003026634382566586,2016,0.6715675186609364
Western Cape,Ward 10205001,WC025,3710,0.5536388140161725,False,8.21878715560148,0.6057611170021855,0.02969814995131451,2016,0.5709415158667716
Western Cape,Ward 10205002,WC025,4075,0.4937423312883435,False,8.312626025674962,0.608755941138577,0.019880715705765408,2016,0.3612935826174835
Western Cape,Ward 10205003,WC025,4176,0.5567528735632183,False,8.337109129562474,0.6056054140248333,0.015053763440860216,2016,0.4176359210170408
Western Cape,Ward 10205004,WC025,3528,0.5986394557823129,False,8.168486417126681,0.6035110849138785,0.008996212121212122,2016,0.4678751720972923
Western Cape,Ward 10205005,WC025,3712,0.6392780172413793,False,8.21932609390609,0.6014791568409252,0.007585335018963337,2016,0.4779468661336085
Western Cape,Ward 10205006,WC025,3449,0.732096259785445,False,8.145839612936841,0.5968382447137219,0.0035643564356435645,2016,0.6578120536989431
Western Cape,Ward 10205007,WC025,3339,0.7367475292003594,False,8.113426639943654,0.5966056812429762,0.0020325203252032522,2016,0.6573065902578796
Western Cape,Ward 10205008,WC025,1899,0.6392838335966298,False,7.549082710812286,0.6014788660231627,0.014827018121911038,2016,0.4234060171128899
Western Cape,Ward 10205009,WC025,5320,0.575,False,8.57922858233569,0.6046930577029942,0.012422360248447204,2016,0.4607645875251509
Western Cape,Ward 10205010,WC025,3876,0.5874613003095975,False,8.262558973010657,0.6040699926875143,0.007465963987703118,2016,0.4635696821515892
Western Cape,Ward 10205011,WC025,3069,0.5930270446399478,False,8.029107054619736,0.6037917054709967,0.006043956043956044,2016,0.4711087975013014
Western Cape,Ward 10205012,WC025,3743,0.6265028052364413,False,8.22764270790443,0.602117917441172,0.007249466950959489,2016,0.4834822356118844
Western Cape,Ward 10205013,WC025,4007,0.5952083853256801,False,8.295798110636145,0.6036826384367101,0.008385744234800839,2016,0.4485199485199485
Western Cape,Ward 10205014,WC025,3330,0.6207207207207207,False,8.110727582974489,0.6024070216669581,0.006773101112723754,2016,0.4969933854479855
Western Cape,Ward 10205015,WC025,3593,0.7280823824102421,False,8.186742787113518,0.597038938582482,0.0011467889908256881,2016,0.6664795058955643
Western Cape,Ward 10205016,WC025,3273,0.5762297586312252,False,8.09346227450118,0.6046315697714328,0.013255567338282079,2016,0.3567700337734111
Western Cape,Ward 10205017,WC025,3094,0.5943762120232708,False,8.037220031133012,0.6037242471018306,0.013594344752582926,2016,0.4081911262798635
Western Cape,Ward 10205018,WC025,4132,0.5687318489835431,False,8.326516830239528,0.605006465253817,0.02170212765957447,2016,0.4210399032648125
Western Cape,Ward 10205019,WC025,3848,0.5239085239085239,False,8.255308811785596,0.6072476315075679,0.011904761904761904,2016,0.390975412050797
Western Cape,Ward 10205020,WC025,3446,0.589959373186303,False,8.144969417087875,0.6039450890436789,0.010329562223315297,2016,0.4978063761333723
Western Cape,Ward 10205021,WC025,4864,0.5394736842105263,False,8.489616423646003,0.6064693734924679,0.015625,2016,0.4276595744680851
Western Cape,Ward 10206001,WC026,3398,0.6427310182460271,False,8.130942302231878,0.5842755251288486,0.007326007326007326,2016,0.5776379754074922
Western Cape,Ward 10206002,WC026,4757,0.7029640529745638,False,8.467372496432281,0.5787997946989816,0.008672248803827751,2016,0.4130030959752322
Western Cape,Ward 10206003,WC026,3843,0.565703877179287,False,8.254008590564844,0.5912779924985522,0.00919963201471941,2016,0.4506765067650676
Western Cape,Ward 10206004,WC026,3408,0.5745305164319249,False,8.133880887949207,0.5904755707483124,0.011235955056179775,2016,0.4239034442154842
Western Cape,Ward 10206005,WC026,3291,0.5858401701610453,False,8.098946748943339,0.5894474204093014,0.019190871369294607,2016,0.4305266289794704
Western Cape,Ward 10206006,WC026,3589,0.5544719977709669,False,8.185628891147607,0.5922990724447632,0.015577889447236181,2016,0.4076987917954481
Western Cape,Ward 10206007,WC026,4082,0.6024007839294464,False,8.31434234336979,0.5879419100667196,0.012200081333875559,2016,0.5170552147239263
Western Cape,Ward 10206008,WC026,3488,0.5711009174311926,False,8.15708378502887,0.5907873524756517,0.015060240963855422,2016,0.450717119316448
Western Cape,Ward 10206009,WC026,3553,0.5786659161272164,False,8.175547596021026,0.5900996253214678,0.017509727626459144,2016,0.4972847168347556
Western Cape,Ward 10206010,WC026,3080,0.5594155844155844,False,8.03268487596762,0.5918496554770706,0.009866511897852582,2016,0.5519036771884153
Western Cape,Ward 10206011,WC026,2659,0.6220383602858217,False,7.88570539124302,0.5861566758525036,0.021160822249093107,2016,0.5333990633473009
Western Cape,Ward 10206012,WC026,4142,0.5098985997102848,False,8.328934041955529,0.5963511995411888,0.016098484848484848,2016,0.3943491910166626
Western Cape,Ward 10301001,WC031,4447,0.6550483472003598,False,8.399984990510696,0.5770177831713981,0.010641949879848954,2016,0.5294246815985947
Western Cape,Ward 10301002,WC031,4386,0.5574555403556771,False,8.386172928977834,0.5845249221594505,0.01717791411042945,2016,0.4315276932440657
Western Cape,Ward 10301003,WC031,4144,0.6163127413127413,False,8.329416783939319,0.5799974451627533,0.00822239624119029,2016,0.4146905725853094
Western Cape,Ward 10301004,WC031,4990,0.6557114228456914,False,8.515191188745565,0.5769667773525264,0.023227383863080684,2016,0.5573183213920164
Western Cape,Ward 10301005,WC031,4177,0.6107254010055063,False,8.337348564497175,0.5804272405710021,0.00901607212857703,2016,0.4841116995666827
Western Cape,Ward 10301006,WC031,4453,0.5690545699528408,False,8.401333305321703,0.5836326891135148,0.0023677979479084454,2016,0.4033264033264033
Western Cape,Ward 10301007,WC031,3893,0.5884921654251221,False,8.266935347610456,0.582137489461801,0.00785683107813182,2016,0.4906419802777219
Western Cape,Ward 10301008,WC031,4516,0.5717449069973428,False,8.415381925269553,0.5834257401100916,0.017428350116189,2016,0.4106718513717866
Western Cape,Ward 10301009,WC031,3079,0.4689834361805781,False,8.0323601479245,0.5913304686344582,0.03393351800554017,2016,0.3811265544989027
Western Cape,Ward 10301010,WC031,3213,0.4721444133208839,False,8.074960359115858,0.5910873165467423,0.013183915622940013,2016,0.3874966316356777
Western Cape,Ward 10301011,WC031,3627,0.539840088227185,False,8.196161139282902,0.5858799569385653,0.011235955056179775,2016,0.4440636968353154
Western Cape,Ward 10301012,WC031,3651,0.5516296904957546,False,8.202756381655638,0.5849730644563677,0.022343594836146972,2016,0.3325661680092059
Western Cape,Ward 10301013,WC031,4360,0.7158256880733945,False,8.38022733634308,0.5723426031042416,0.17013777635373278,2016,0.4093637454981992
Western Cape,Ward 10301014,WC031,3751,0.5833111170354572,False,8.229777750081887,0.5825360316456213,0.008226691042047532,2016,0.3724304715840387
Western Cape,Ward 10302001,WC032,4111,0.7433714424714182,False,8.321421586897879,0.6686452425505641,0.007853403141361256,2016,0.5195476575121163
Western Cape,Ward 10302002,WC032,4750,0.636,False,8.465899897028686,0.6775928627565156,0.0023171135385633896,2016,0.5226089339545081
Western Cape,Ward 10302003,WC032,3920,0.7413265306122448,False,8.273846932784508,0.6688156518721619,0.0020646937370956643,2016,0.7058686539357243
Western Cape,Ward 10302004,WC032,3788,0.6623548046462513,False,8.239593454305968,0.6753966290359946,0.0051813471502590676,2016,0.5553036029226506
Western Cape,Ward 10302005,WC032,5611,0.5405453573338086,False,8.632484235750972,0.6855474163120315,0.01615562149686779,2016,0.371233780514625
Western Cape,Ward 10302006,WC032,3325,0.6240601503759399,False,8.109224953089955,0.6785878502251873,0.021204819277108433,2016,0.4993617021276595
Western Cape,Ward 10302007,WC032,3794,0.7432788613600422,False,8.24117615049496,0.6686529576431787,0.0010638297872340426,2016,0.6853146853146853
Western Cape,Ward 10302008,WC032,4303,0.6428073437136881,False,8.3670677328386,0.6770255841137082,0.008676789587852495,2016,0.5781505728314239
Western Cape,Ward 10302009,WC032,3443,0.7354051699099623,False,8.144098463338524,0.6693090985973521,0.001579778830963665,2016,0.595257972950409
Western Cape,Ward 10302010,WC032,4673,0.6740851701262572,False,8.449556542700426,0.6744190985793274,0.0012698412698412698,2016,0.6962816716025009
Western Cape,Ward 10302011,WC032,4507,0.6398934990015531,False,8.413387022690648,0.677268404506386,0.004507628294036061,2016,0.7047960308710033
Western Cape,Ward 10302012,WC032,2998,0.5810540360240161,False,8.005700678662542,0.6821716930878475,0.0,2016,0.4808345463367297
Western Cape,Ward 10302013,WC032,4161,0.8029319875030041,False,8.333510708982942,0.6636818637979319,0.00598623166716552,2016,0.7219704433497537
Western Cape,Ward 10303001,WC033,3752,0.6633795309168443,False,8.230044310126114,0.6783210848568507,0.014865407794294898,2016,0.589481555333998
Western Cape,Ward 10303002,WC033,3154,0.6518706404565631,False,8.056426767522984,0.680622862948907,0.009727626459143969,2016,0.5706695005313497
Western Cape,Ward 10303003,WC033,3760,0.597872340425532,False,8.23217423638394,0.6914225229551132,0.010231316725978648,2016,0.4039160839160839
Western Cape,Ward 10303004,WC033,3425,0.7004379562043795,False,8.138856750696325,0.6709093997993436,0.007503126302626094,2016,0.6288124594419209
Western Cape,Ward 10303005,WC033,3440,0.7377906976744186,False,8.143226750367445,0.6634388515053359,0.0070921985815602835,2016,0.6459844211657265
Western Cape,Ward 10303006,WC033,2119,0.7036337895233601,False,7.6586995582682995,0.6702702331355476,0.010731052984574111,2016,0.583360954590653
Western Cape,Ward 10304001,WC034,3163,0.6063863420803035,False,8.059276223305648,0.6707712479053981,0.005735140771637122,2016,0.595352016404648
Western Cape,Ward 10304002,WC034,3181,0.7312165985539139,False,8.064950891749143,0.6458051966106761,0.012467755803955288,2016,0.6881337352699369
Western Cape,Ward 10304003,WC034,3623,0.6643665470604472,False,8.195057690895077,0.6591752069093694,0.01038637307852098,2016,0.6312646065956894
Western Cape,Ward 10304004,WC034,2968,0.7358490566037735,False,7.995643604287271,0.6448787050007041,0.006868131868131868,2016,0.6158815612382235
Western Cape,Ward 10304005,WC034,4047,0.6073634791203361,False,8.305731144875866,0.6705758204973916,0.02115541090317331,2016,0.4452436194895591
Western Cape,Ward 10304006,WC034,1899,0.6150605581885202,False,7.549082710812286,0.6690364046837548,0.004280821917808219,2016,0.488615664845173
Western Cape,Ward 10401001,WC041,3625,0.728,False,8.195609567288775,0.6949912324075663,0.0162940507768094,2016,0.5826901874310915
Western Cape,Ward 10401002,WC041,4689,0.7067605033056089,False,8.452974619089586,0.7020710646390301,0.012673506336753168,2016,0.6544405997693195
Western Cape,Ward 10401003,WC041,3021,0.6726249586229726,False,8.013343181386672,0.7134495795332422,0.019192913385826772,2016,0.6289871292669278
Western Cape,Ward 10401004,WC041,3400,0.7055882352941176,False,8.131530710604252,0.7024618206428604,0.011254689453939141,2016,0.5570588235294117
Western Cape,Ward 10402001,WC042,2816,0.7404119318181818,False,7.943072717277933,0.7025482580886084,0.00671462829736211,2016,0.6681332495285983
Western Cape,Ward 10402002,WC042,4113,0.6107464138098712,False,8.321907968230423,0.7187564478396472,0.011544585987261146,2016,0.5485743123896039
Western Cape,Ward 10402003,WC042,3944,0.7543103448275862,False,8.279950715722526,0.7008109564624329,0.0030252100840336134,2016,0.7362428842504743
Western Cape,Ward 10402004,WC042,3389,0.7356152257303039,False,8.128290171607052,0.7031478463495932,0.005214600882470918,2016,0.6197101449275362
Western Cape,Ward 10402005,WC042,2750,0.7498181818181818,False,7.919356190660617,0.7013724768386084,0.00048496605237633366,2016,0.6440030557677616
Western Cape,Ward 10402006,WC042,3593,0.6685221263568049,False,8.186742787113518,0.7115344837712805,0.004995836802664446,2016,0.607871720116618
Western Cape,Ward 10402007,WC042,4020,0.7256218905472637,False,8.299037181613066,0.7043970132474732,0.0082276311278711,2016,0.6470923603192702
Western Cape,Ward 10402008,WC042,3620,0.7591160220994475,False,8.194229304819817,0.7002102468034502,0.004730713245997089,2016,0.6316793893129771
Western Cape,Ward 10402009,WC042,2705,0.6166358595194085,False,7.902857191280582,0.7180202671259551,0.002398081534772182,2016,0.5743827160493827
Western Cape,Ward 10403001,WC043,4282,0.6221391872956562,False,8.362175469149628,0.6473270644395672,0.006756756756756757,2016,0.3726894639556377
Western Cape,Ward 10403002,WC043,4088,0.49779843444227,False,8.31581113188354,0.6568917377359816,0.02457002457002457,2016,0.3168996811380917
Western Cape,Ward 10403003,WC043,4984,0.5038121990369181,False,8.51398806046729,0.6564291404594702,0.013142174432497013,2016,0.3549618320610687
Western Cape,Ward 10403004,WC043,4221,0.7434257285003554,False,8.347827345782498,0.6379973305007443,0.0057361376673040155,2016,0.7959519887032243
Western Cape,Ward 10403005,WC043,4172,0.7372962607861937,False,8.336150816120663,0.6384688280172183,0.0,2016,0.6547934052513739
Western Cape,Ward 10403006,WC043,4511,0.7311017512746619,False,8.414274137408396,0.6389453287488744,0.0072771376591873865,2016,0.6746666666666666
Western Cape,Ward 10403007,WC043,3879,0.6875483372003094,False,8.263332667439967,0.6422955913699785,0.00562429696287964,2016,0.5834036093776354
Western Cape,Ward 10403008,WC043,2998,0.7041360907271514,False,8.005700678662542,0.6410196103294522,0.0018948365703458077,2016,0.6927835051546392
Western Cape,Ward 10403009,WC043,6166,0.5236782354849173,False,8.726805608446096,0.6549009838096241,0.024775472282440383,2016,0.4887287938647455
Western Cape,Ward 10403010,WC043,4369,0.7182421606775006,False,8.382289428951436,0.6399345280255793,0.0006373486297004461,2016,0.7626530612244898
Western Cape,Ward 10403011,WC043,4567,0.6803153054521568,False,8.426611813185,0.6428519784275288,0.00482780817508851,2016,0.6652202213061401
Western Cape,Ward 10403012,WC043,2208,0.6811594202898551,False,7.699842407396986,0.6427870465169365,0.011968085106382979,2016,0.4716721672167216
Western Cape,Ward 10403013,WC043,4112,0.626215953307393,False,8.321664807135,0.6470134670540492,0.009320388349514564,2016,0.4467063129002744
Western Cape,Ward 10403014,WC043,4713,0.5805219605346913,False,8.45807992692373,0.6505283895750261,0.012426900584795321,2016,0.4733231707317073
Western Cape,Ward 10404001,WC044,3132,0.6133461047254151,False,8.049427057110695,0.6032377426424218,0.009370119729307652,2016,0.4868421052631579
Western Cape,Ward 10404002,WC044,3432,0.6995920745920746,False,8.140898460607852,0.5999205899552427,0.014993752603082049,2016,0.6521239954075775
Western Cape,Ward 10404003,WC044,3362,0.7682926829268293,False,8.120291313968561,0.5972782588654444,0.001548586914440573,2016,0.7161214953271028
Western Cape,Ward 10404004,WC044,4079,0.6984555037999509,False,8.313607139317558,0.5999643042164782,0.011934011934011933,2016,0.6598258706467661
Western Cape,Ward 10404005,WC044,4677,0.63566388710712,False,8.450412157725886,0.6023793663969716,0.006390850992263707,2016,0.5523124357656731
Western Cape,Ward 10404006,WC044,3921,0.5646518745218057,False,8.27410200229233,0.605110597650253,0.018066847335140017,2016,0.4782928623988227
Western Cape,Ward 10404007,WC044,3824,0.560407949790795,False,8.249052274171293,0.6052738255245227,0.01679888007466169,2016,0.4285352255448555
Western Cape,Ward 10404008,WC044,3630,0.5484848484848485,False,8.196987927258897,0.6057324063439821,0.01607232546459066,2016,0.4846660934365147
Western Cape,Ward 10404009,WC044,3811,0.5423773287850958,False,8.24564690087386,0.6059673109478187,0.01741654571843251,2016,0.3646843070474194
Western Cape,Ward 10404010,WC044,2735,0.4928702010968921,False,7.913886714856082,0.607871431243519,0.026706231454005934,2016,0.3246650906225374
Western Cape,Ward 10404011,WC044,4227,0.6039744499645139,False,8.34924780056679,0.6035981909024565,0.015667841754798278,2016,0.4672594987873888
Western Cape,Ward 10404012,WC044,2518,0.5246227164416203,False,7.831220214604293,0.6066501806533371,0.016654049962149888,2016,0.3693435309114085
Western Cape,Ward 10404013,WC044,3990,0.5817042606516291,False,8.29154650988391,0.6044547366452598,0.008616975441619991,2016,0.4393078512396694
Western Cape,Ward 10404014,WC044,3325,0.5566917293233082,False,8.109224953089955,0.6054167570809644,0.018368449486763912,2016,0.4777270131353512
Western Cape,Ward 10404015,WC044,4965,0.5083585095669688,False,8.510168576479273,0.6072757270715928,0.014263074484944533,2016,0.333913421796824
Western Cape,Ward 10404016,WC044,3860,0.5494818652849741,False,8.258422462458876,0.6056940595439773,0.007072135785007072,2016,0.480483907783611
Western Cape,Ward 10404017,WC044,4102,0.5592393954168698,False,8.319229938632326,0.6053187699235197,0.011769834350479512,2016,0.503582395087001
Western Cape,Ward 10404018,WC044,3423,0.7458369851007888,False,8.138272638530186,0.5981419395510613,0.0019584802193497847,2016,0.717424473603906
Western Cape,Ward 10404019,WC044,5360,0.6973880597014925,False,8.586719254064848,0.6000053597587266,0.004280363830925628,2016,0.642288410498378
Western Cape,Ward 10404020,WC044,3748,0.5635005336179295,False,8.228977643358313,0.6051548799927098,0.01893939393939394,2016,0.4716180371352785
Western Cape,Ward 10404021,WC044,4516,0.5124003542958371,False,8.415381925269553,0.607120271505098,0.049265341400172864,2016,0.3530431015811133
Western Cape,Ward 10404022,WC044,4070,0.6245700245700245,False,8.311398278436641,0.6028060534176292,0.0055074744295830055,2016,0.5653683949392211
Western Cape,Ward 10404023,WC044,3568,0.655829596412556,False,8.1797604936999,0.6016037621929164,0.017948717948717947,2016,0.5713353632013919
Western Cape,Ward 10404024,WC044,3174,0.5343415248897291,False,8.062747901086354,0.6062763803284098,0.01945754716981132,2016,0.4181560283687943
Western Cape,Ward 10404025,WC044,3859,0.6773775589530967,False,8.258163361537619,0.6007749944028956,0.011094108645753635,2016,0.5731101229400994
Western Cape,Ward 10404026,WC044,2290,0.7327510917030567,False,7.736307096548285,0.5986452431432818,0.003575685339690107,2016,0.719900959455277
Western Cape,Ward 10404027,WC044,3288,0.545316301703163,False,8.098034756176071,0.6058542735278931,0.021751254880089235,2016,0.5850910141577579
Western Cape,Ward 10405001,WC045,5134,0.3091156992598364,False,8.543640361431086,0.5751760374199478,0.004410838059231254,2016,0.1360505166475315
Western Cape,Ward 10405002,WC045,4616,0.6425476603119584,False,8.437283808187935,0.5473900406656044,0.00033715441672285906,2016,0.5872442839951865
Western Cape,Ward 10405003,WC045,3862,0.5950284826514759,False,8.258940462988459,0.5513499721373112,0.002175805047867711,2016,0.4083921143063845
Western Cape,Ward 10405004,WC045,3366,0.482174688057041,False,8.121480374750751,0.5607544550201807,0.01170671595810228,2016,0.5275619681834998
Western Cape,Ward 10405005,WC045,3479,0.5616556481747629,False,8.154500175151941,0.5541310416770373,0.01330603889457523,2016,0.4469531439669822
Western Cape,Ward 10405006,WC045,4622,0.5934660320207702,False,8.438582790834326,0.5514801763565367,0.006562158220925993,2016,0.3986069651741293
Western Cape,Ward 10405007,WC045,4089,0.6299828808999756,False,8.316055720364643,0.548437105616603,0.03183229813664596,2016,0.5228607918263091
Western Cape,Ward 10405008,WC045,4271,0.5247014750643877,False,8.359603270841466,0.5572105561029019,0.01740294511378849,2016,0.4028695058073331
Western Cape,Ward 10405009,WC045,3385,0.6011816838995568,False,8.127109185346375,0.5508372053666378,0.008845208845208846,2016,0.4583734359961501
Western Cape,Ward 10405010,WC045,3784,0.6104651162790697,False,8.238536930171769,0.5500635860016784,0.01038961038961039,2016,0.4881266490765171
Western Cape,Ward 10405011,WC045,4493,0.5610950367237926,False,8.41027590907016,0.5541777592979514,0.012693375644585482,2016,0.5757575757575758
Western Cape,Ward 10405012,WC045,3548,0.5028184892897407,False,8.17413934342947,0.5590341382507892,0.013452914798206279,2016,0.352873231302339
Western Cape,Ward 10405013,WC045,3794,0.5969952556668424,False,8.24117615049496,0.5511860743860307,0.011920529801324504,2016,0.4614583333333333
Western Cape,Ward 10407001,WC047,2995,0.7185308848080133,False,8.00469951054955,0.667288698117631,0.011617100371747211,2016,0.6738373284163082
Western Cape,Ward 10407002,WC047,5185,0.7677917068466731,False,8.553525120663627,0.6590785611111877,0.003265511178095956,2016,0.7382645803698435
Western Cape,Ward 10407003,WC047,2772,0.5732323232323232,False,7.927324360309794,0.6915051250469126,0.024543738200125866,2016,0.5873054474708171
Western Cape,Ward 10407004,WC047,3597,0.6755629691409508,False,8.187855443695623,0.6744500173954747,0.012757201646090535,2016,0.6584429824561403
Western Cape,Ward 10407005,WC047,4285,0.66487747957993,False,8.36287583103188,0.6762309323223116,0.008073008073008073,2016,0.6139150943396227
Western Cape,Ward 10407006,WC047,4302,0.6262203626220363,False,8.366835309827675,0.6826737851486272,0.010764662212323682,2016,0.5996089506843363
Western Cape,Ward 10407007,WC047,4731,0.6960473472838723,False,8.461891875631148,0.6710359543716545,0.006377163680534467,2016,0.6026631158455393
Western Cape,Ward 10408001,WC048,3599,0.6860238955265352,False,8.188411308079031,0.632702113124418,0.012150668286755772,2016,0.639269406392694
Western Cape,Ward 10408002,WC048,3652,0.6489594742606791,False,8.20303024171486,0.6364085552510036,0.008016877637130802,2016,0.5898427429749935
Western Cape,Ward 10408003,WC048,3591,0.5976051239209134,False,8.186185994226083,0.6415439902849802,0.018173345759552657,2016,0.4823529411764706
Western Cape,Ward 10408004,WC048,4170,0.6299760191846523,False,8.335671314792847,0.6383069007586063,0.015607156452226875,2016,0.5245901639344263
Western Cape,Ward 10408005,WC048,3752,0.6545842217484008,False,8.230044310126114,0.6358460805022315,0.009364820846905538,2016,0.6110047846889952
Western Cape,Ward 10408006,WC048,4213,0.5494896748160456,False,8.345930261979017,0.646355535195467,0.007775377969762419,2016,0.4798274549606698
Western Cape,Ward 10408007,WC048,3235,0.6136012364760433,False,8.081784206935001,0.6399443790294672,0.01057934508816121,2016,0.4623506529591553
Western Cape,Ward 10408008,WC048,3923,0.6166199337241907,False,8.274611946209552,0.6396425093046525,0.007854485324514262,2016,0.5338256312529777
Western Cape,Ward 10408009,WC048,3028,0.7060766182298547,False,8.01565761455734,0.6306968408540861,0.0023386342376052385,2016,0.6419789227166276
Western Cape,Ward 10408010,WC048,3892,0.6778006166495375,False,8.266678443305896,0.6335244410121178,0.0037907505686125853,2016,0.5968765251342119
Western Cape,Ward 10408011,WC048,2959,0.6323082122338628,False,7.99260665240021,0.6380736814536853,0.03313735970069481,2016,0.5867465867465868
Western Cape,Ward 10501001,WC051,1242,0.750402576489533,False,7.124478262493424,0.6728091726932505,0.028969957081545063,2016,0.6865284974093264
Western Cape,Ward 10501002,WC051,961,0.7096774193548387,False,6.8679744089702925,0.6863842250714821,0.01466275659824047,2016,0.6360759493670886
Western Cape,Ward 10501003,WC051,730,0.5342465753424658,False,6.593044534142437,0.7448611730756064,0.005128205128205128,2016,0.6550179211469535
Western Cape,Ward 10501004,WC051,1561,0.7745035233824471,False,7.353081920515432,0.6647755237289459,0.019851116625310174,2016,0.7118863049095607
Western Cape,Ward 10502001,WC052,1939,0.6848891181021145,False,7.569927655242652,0.7919685469476173,0.007530120481927711,2016,0.6582716049382716
Western Cape,Ward 10502002,WC052,1222,0.8502454991816694,False,7.108244139731541,0.7368497532544324,0.009624639076034648,2016,0.7761194029850746
Western Cape,Ward 10502003,WC052,1789,0.7797652319731694,False,7.489412083508719,0.7603431756572657,0.008602150537634409,2016,0.7211267605633803
Western Cape,Ward 10502004,WC052,2436,0.7458949096880131,False,7.798112628829788,0.771633283085651,0.022564667033571822,2016,0.6776735459662289
Western Cape,Ward 10503001,WC053,3762,0.654173312068049,False,8.232706009860976,0.6041475325367353,0.007314099959366111,2016,0.5684913217623498
Western Cape,Ward 10503002,WC053,3467,0.6509950966253245,False,8.151044945685024,0.6046772351105226,0.004873726185201595,2016,0.560778859527121
Western Cape,Ward 10503003,WC053,4129,0.5938483894405425,False,8.32579052588609,0.6142016863079863,0.004078303425774877,2016,0.5738623103850642
Western Cape,Ward 10503004,WC053,3172,0.6346153846153846,False,8.06211758275474,0.6074071871121792,0.014406358668653751,2016,0.6505818904342889
Western Cape,Ward 10503005,WC053,3881,0.6181396547281628,False,8.263848131368906,0.6101531420933829,0.011254689453939141,2016,0.5705639614855571
Western Cape,Ward 10503006,WC053,3433,0.5779201864258666,False,8.141189793457691,0.6168563868104323,0.014112903225806451,2016,0.5680491551459294
Western Cape,Ward 10503007,WC053,4183,0.5493664833851303,False,8.338783971442199,0.6216153373172216,0.014360313315926894,2016,0.5380165289256198
