Province,Ward,MunicipalityCode,RegisteredVoters_prior,Turnout_prior,IsMetro,LogRegisteredVoters_prior,MunicipalityAvgTurnout_prior,SnapshotYear,TurnoutDelta_prior,RegistrationGrowth_prior,Target_Turnout
Eastern Cape,Ward 29200001,BUF,8851,0.5708959439611343,True,9.088285725968877,0.555891318766564,2016,0.0194648169486119,0.3194692903995229,0.4004588591093961
Eastern Cape,Ward 29200002,BUF,7794,0.4665127020785219,True,8.961109485898655,0.5580215890090663,2016,-0.0559665646172441,0.1340026189436927,0.4416721097322011
Eastern Cape,Ward 29200003,BUF,8118,0.4169746242916974,True,9.001839097398843,0.5590325701883893,2016,0.0327859973846239,0.1259361997226074,0.3385202288926814
Eastern Cape,Ward 29200004,BUF,9175,0.6742234332425068,True,9.12423767292277,0.5537825944955156,2016,-0.0011179736113968,0.1820407111569182,0.4914763589578643
Eastern Cape,Ward 29200005,BUF,9228,0.5603597745990464,True,9.129997619293645,0.5561063426310964,2016,-0.0121507791630594,0.145766078966973,0.4038021071919377
Eastern Cape,Ward 29200006,BUF,8327,0.5525399303470637,True,9.02725852623582,0.5562659312893001,2016,-0.0326088883089656,0.2775391224301933,0.4326311853421413
Eastern Cape,Ward 29200007,BUF,7130,0.5347826086956522,True,8.872066513408342,0.5566283256087167,2016,0.0056842480399145,-0.0259562841530054,0.4702388986367931
Eastern Cape,Ward 29200008,BUF,9130,0.5683461117196057,True,9.119320973589014,0.5559433561592482,2016,0.0340527625509595,0.3554038004750595,0.4256541161455009
Eastern Cape,Ward 29200009,BUF,9063,0.4907867152157122,True,9.111955470054781,0.5575262009858583,2016,-0.023943506565155,0.0,0.385095281306715
Eastern Cape,Ward 29200010,BUF,9262,0.5899373785359534,True,9.133675287040697,0.5555027180609554,2016,0.0316721365497811,0.164299182903834,0.4118570867687475
Eastern Cape,Ward 29200011,BUF,7689,0.5601508648718949,True,8.94754601503218,0.5561106060949158,2016,-0.0126753550131485,-0.0596795890913538,0.4210369930173823
Eastern Cape,Ward 29200012,BUF,8256,0.5362160852713178,True,9.018695487721343,0.5565990709847235,2016,-0.0625934385382059,-0.0171428571428571,0.4049554781262098
Eastern Cape,Ward 29200013,BUF,8558,0.59546623042767,True,9.054621796976763,0.5553898843488795,2016,-0.0139886778921504,0.0674816015966071,0.4258757062146893
Eastern Cape,Ward 29200014,BUF,7616,0.53125,True,8.938006576471201,0.55670041966373,2016,-0.0219348133040476,0.1948540947599624,0.4495620231703871
Eastern Cape,Ward 29200015,BUF,8948,0.6165623603039786,True,9.09918532261002,0.5549593510860978,2016,0.0165867446004915,0.0909534259936601,0.488196218702095
Eastern Cape,Ward 29200016,BUF,9558,0.45323289391086,True,9.165133779138104,0.5582926055022838,2016,-0.1149758842623309,0.1338078291814946,0.4618898459932132
Eastern Cape,Ward 29200017,BUF,7714,0.5680580762250453,True,8.950792138768174,0.5559492344346474,2016,0.0243751914311967,0.0226700251889169,0.4308285163776493
Eastern Cape,Ward 29200018,BUF,8595,0.7159976730657359,True,9.05893591781695,0.552930058988919,2016,0.0907089894629645,0.2406177829099307,0.5960289251133717
Eastern Cape,Ward 29200019,BUF,8290,0.5867310012062726,True,9.022805248129341,0.5555681543329898,2016,0.0331567794011733,0.2967307993117472,0.4354066985645933
Eastern Cape,Ward 29200020,BUF,9264,0.5533246977547496,True,9.133891199812776,0.5562499156279187,2016,0.0386588374584084,0.400665255518597,0.4495458504417071
Eastern Cape,Ward 29200021,BUF,7215,0.5083853083853084,True,8.88391747120797,0.5571670460232135,2016,-0.0557139914237304,-0.0814767663908339,0.4324285092175932
Eastern Cape,Ward 29200022,BUF,9420,0.5248407643312102,True,9.150590367570409,0.5568312203916644,2016,-0.0543772196458315,0.1263900514169555,0.4467548076923077
Eastern Cape,Ward 29200023,BUF,8316,0.5607263107263107,True,9.025936648977904,0.5560988623019686,2016,0.0115873750795413,0.0767836333031206,0.4852134509897448
Eastern Cape,Ward 29200024,BUF,9963,0.5338753387533876,True,9.206633510044856,0.5566468413218242,2016,-0.0046508254328822,0.1957513202112337,0.4550394617673696
Eastern Cape,Ward 29200025,BUF,7090,0.4929478138222849,True,8.866440619526173,0.5574820969326629,2016,0.029199156464605,-0.0480665950590762,0.465486482777549
Eastern Cape,Ward 29200026,BUF,8591,0.6134326620882319,True,9.058470422638056,0.5550232224782559,2016,-0.0308082678166642,0.0086885053422567,0.4207636635887197
Eastern Cape,Ward 29200027,BUF,8352,0.5997365900383141,True,9.03025631012242,0.555302734152744,2016,-0.0486523302556372,-0.0557377049180327,0.4713183899734876
Eastern Cape,Ward 29200028,BUF,9267,0.7170605373907414,True,9.134214981586691,0.5529083678802454,2016,0.0675735414470525,0.1055833929849678,0.561078167115903
Eastern Cape,Ward 29200029,BUF,7152,0.6912751677852349,True,8.87514731685335,0.5534345999130109,2016,0.0332549281667633,-0.1680818890310573,0.5372463570747651
Eastern Cape,Ward 29200030,BUF,7169,0.5593527688659506,True,8.877521453852872,0.5561268937685065,2016,-0.0602763582258629,0.0808080808080808,0.4085798493614234
Eastern Cape,Ward 29200031,BUF,8541,0.5774499473129611,True,9.052633375946147,0.5557575635961185,2016,-0.0540130714674701,-0.0098539299791328,0.5119073869900772
Eastern Cape,Ward 29200032,BUF,8147,0.5753037928071683,True,9.005405040310642,0.5558013626676653,2016,-0.04814722426087,-0.0475800794949731,0.5324553151458138
Eastern Cape,Ward 29200033,BUF,8451,0.5985090521831736,True,9.042040056544483,0.555327785945706,2016,0.0127947664688878,-0.0341714285714285,0.4887480600103466
Eastern Cape,Ward 29200034,BUF,8434,0.5286933839222195,True,9.040026434306505,0.556752595502052,2016,-0.0345060057013816,0.0724821973550355,0.4844455594581033
Eastern Cape,Ward 29200035,BUF,9163,0.5669540543490124,True,9.122928914965213,0.555971765493342,2016,0.0039166155343542,0.2121973806059003,0.4891873435010243
Eastern Cape,Ward 29200036,BUF,7429,0.558756225602369,True,8.913146539151807,0.5561390681208245,2016,0.0073354670718732,-0.116751872547854,0.3661383285302593
Eastern Cape,Ward 29200037,BUF,9264,0.5292530224525043,True,9.133891199812776,0.5567411743075564,2016,0.0322497260785156,0.3880731195684745,0.4013046901360926
Eastern Cape,Ward 29200038,BUF,8058,0.5362372797220154,True,8.994420665751292,0.5565986384449133,2016,0.0267985042118112,0.0278061224489796,0.4175479827653741
Eastern Cape,Ward 29200039,BUF,8603,0.5514355457398582,True,9.059866258621348,0.5562884697506717,2016,0.0236722506407967,0.1213503649635037,0.4595364977072748
Eastern Cape,Ward 29200040,BUF,9093,0.5526228967337512,True,9.115260165725912,0.5562642380977351,2016,-0.0251941082677198,0.3375992939099734,0.5270334928229665
Eastern Cape,Ward 29200041,BUF,7485,0.4498329993319973,True,8.920656296853728,0.5583619911059341,2016,-0.0592489233172057,-0.075126652662795,0.3940671585604577
Eastern Cape,Ward 29200042,BUF,6990,0.5434907010014306,True,8.852235835227855,0.556450609439211,2016,0.023511127402554,-0.107621600919188,0.4399416909620991
Eastern Cape,Ward 29200043,BUF,8796,0.4961346066393815,True,9.082052351674651,0.557417060344559,2016,-0.0064418275756648,0.0072140158021298,0.4464562239428231
Eastern Cape,Ward 29200044,BUF,9362,0.5491348002563555,True,9.144414221860016,0.5563354237401309,2016,-0.0413839622421741,0.1012822020938712,0.5459317585301837
Eastern Cape,Ward 29200045,BUF,8770,0.5874572405929305,True,9.079092085366229,0.5555533331210172,2016,0.013491916208143,0.2262304250559283,0.4503341261751047
Eastern Cape,Ward 29200046,BUF,8878,0.5904482991664789,True,9.09133158539398,0.5554922911093121,2016,0.0333848953844989,-0.0124582869855395,0.4296754250386398
Eastern Cape,Ward 29200047,BUF,7630,0.3851900393184796,True,8.939843124278502,0.5596812351878426,2016,0.0475295341682044,0.0766191618456328,0.2248291571753986
Eastern Cape,Ward 29200048,BUF,7508,0.5456846030900373,True,8.9237243977064,0.5564058359271986,2016,-0.0276366856784059,0.1303824149352603,0.4075739988392339
Eastern Cape,Ward 29200049,BUF,7989,0.5159594442358243,True,8.985820874482043,0.5570124718221825,2016,-0.0591670062253479,0.1884855697709015,0.4923258559622196
Eastern Cape,Ward 29200050,BUF,7352,0.6270402611534276,True,8.902727664035522,0.5547455163748845,2016,0.0666860588852902,0.1421469628709026,0.5637556375563756
Eastern Cape,Ward 21001001,EC101,3327,0.6107604448452059,False,8.109826276018477,0.6217817231359989,2016,-0.0036117583661655,-0.1242432219005,0.5668715247292947
Eastern Cape,Ward 21001002,EC101,3231,0.6756422160321882,False,8.080546965824498,0.6109680946048351,2016,0.0634028442477311,-0.1251015434606011,0.5543816034804226
Eastern Cape,Ward 21001003,EC101,1944,0.6702674897119342,False,7.572502985020384,0.6118638823248775,2016,0.1317132728444643,-0.4144578313253012,0.2851764705882353
Eastern Cape,Ward 21001004,EC101,3398,0.5968216597998823,False,8.130942302231878,0.6241048539768861,2016,0.0538253138802721,-0.1722289890377588,0.4335148990708106
Eastern Cape,Ward 21001005,EC101,3534,0.6106395019807583,False,8.170185652879642,0.6218018802800734,2016,0.091104127112754,0.2439281942977824,0.3917835671342685
Eastern Cape,Ward 21001006,EC101,2620,0.6389312977099236,False,7.8709295967551425,0.6170865809918792,2016,-0.0151075250828127,-0.1797119599248591,0.4404978749241044
Eastern Cape,Ward 21001007,EC101,2097,0.5383881735813066,False,7.64826303090192,0.6338437683466488,2016,-0.0841253888056734,-0.0519891500904159,0.516532618409294
Eastern Cape,Ward 21002001,EC102,3363,0.5129348795718108,False,8.12058871174027,0.6247209859107496,2016,-0.0609191102414319,0.903225806451613,0.5244263508512214
Eastern Cape,Ward 21002002,EC102,3654,0.6587301587301587,False,8.203577736937952,0.5955619300790802,2016,0.0280160864266032,0.0917239318792948,0.5700834005918751
Eastern Cape,Ward 21002003,EC102,3209,0.5995637270177625,False,8.073714641109857,0.6073952164215595,2016,-0.0287220930488795,0.1880784894483524,0.4968112244897959
Eastern Cape,Ward 21002004,EC102,2858,0.6189643107067879,False,7.957877358489813,0.6035150996837543,2016,-0.0041069604173854,0.0499632623071271,0.5994246673858324
Eastern Cape,Ward 21002005,EC102,3167,0.6725607830754657,False,8.06054004653864,0.5927958052100187,2016,0.0951127118588485,-0.0602373887240356,0.5155945419103314
Eastern Cape,Ward 21002006,EC102,2121,0.5737859500235738,False,7.659642954564682,0.6125507718203972,2016,0.0514947536353119,-0.4015237020316027,0.430900937627395
Eastern Cape,Ward 21004001,EC104,2129,0.6162517613903241,False,7.663407664893479,0.5025217749614256,2016,0.0040257657126457,-0.3426983636924977,0.4714661984196663
Eastern Cape,Ward 21004002,EC104,3042,0.4894806048652202,False,8.020270472819238,0.5122734023864335,2016,-0.0815681395956365,-0.1013293943870015,0.4803030303030303
Eastern Cape,Ward 21004003,EC104,3979,0.490575521487811,False,8.288785810426928,0.5121891780308496,2016,-0.0437337191343299,0.2134797194266544,0.3938195302843016
Eastern Cape,Ward 21004004,EC104,4900,0.5959183673469388,False,8.496990484098719,0.5040858821955321,2016,0.0620776497606382,0.3318836640391411,0.4518392112248767
Eastern Cape,Ward 21004005,EC104,3780,0.5060846560846561,False,8.237479288613633,0.5109961676772461,2016,-0.0573039695077609,0.1196682464454976,0.4594237377742532
Eastern Cape,Ward 21004006,EC104,2841,0.5892291446673706,False,7.951911381854188,0.5046004377862681,2016,-0.0253377844664876,0.1185039370078739,0.4821558630735615
Eastern Cape,Ward 21004007,EC104,3465,0.4317460317460317,False,8.150467911624004,0.5167145233956019,2016,-0.1663796573388635,0.910143329658214,0.4170648464163822
Eastern Cape,Ward 21004008,EC104,2554,0.5540328895849648,False,7.845416036592485,0.5073078420233762,2016,0.0323975568484682,-0.2378394509101761,0.3910319815364326
Eastern Cape,Ward 21004009,EC104,2757,0.5201305767138193,False,7.921898411023797,0.5099157122442336,2016,-0.0321653416535275,-0.1208545918367347,0.4568784181741691
Eastern Cape,Ward 21004010,EC104,3428,0.5137106184364061,False,8.13973227971767,0.51040955518865,2016,-0.0246067493270257,-0.2861307788421491,0.432512315270936
Eastern Cape,Ward 21004011,EC104,3325,0.5163909774436091,False,8.109224953089955,0.5102033737265574,2016,-0.0735498509587577,-0.0162721893491124,0.4629258517034068
Eastern Cape,Ward 21004012,EC104,4139,0.3976805991785455,False,8.328209491748732,0.5193349412854086,2016,0.0956525180553005,0.2914196567862714,0.1849665486029122
Eastern Cape,Ward 21004013,EC104,3079,0.3449171809028905,False,8.0323601479245,0.5233936657681512,2016,-0.293026081508457,0.0918439716312056,0.4658427737727428
Eastern Cape,Ward 21004014,EC104,2980,0.5828859060402685,False,7.9996785794994505,0.5050883792191221,2016,-0.0394137455276757,0.038327526132404,0.5924959216965743
Eastern Cape,Ward 21005001,EC105,3925,0.6456050955414012,False,8.275121630216509,0.651161411270132,2016,-0.0306056872791896,0.1955528480048736,0.6123408965135584
Eastern Cape,Ward 21005002,EC105,2632,0.6808510638297872,False,7.875499292445208,0.6472451925714224,2016,-0.0151541326625804,-0.1451770055212731,0.552165725047081
Eastern Cape,Ward 21005003,EC105,3727,0.7053930775422592,False,8.223358899479258,0.6445183021589256,2016,-0.0289023384169937,0.0546123372948499,0.5648558758314856
Eastern Cape,Ward 21005004,EC105,3464,0.7410508083140878,False,8.150179269682326,0.6405563320731669,2016,-0.0535405013182428,0.0525676086295958,0.6235157833767738
Eastern Cape,Ward 21005005,EC105,3546,0.6548223350253807,False,8.173575486634153,0.6501372735496899,2016,-0.0354070083613613,0.1140433553251649,0.5477629987908101
Eastern Cape,Ward 21005006,EC105,2715,0.6515653775322283,False,7.906547232368036,0.6504991577155956,2016,0.0018818332284308,-0.1408227848101265,0.5137088733798604
Eastern Cape,Ward 21005007,EC105,3045,0.6203612479474548,False,8.021256180143997,0.653966283225015,2016,-0.0170590745122376,0.1417322834645669,0.5332424139106716
Eastern Cape,Ward 21005008,EC105,2791,0.5030455034037979,False,7.934155233536322,0.6670013659520879,2016,-0.0839760276966805,-0.1653708133971292,0.4940725244072524
Eastern Cape,Ward 21005009,EC105,4856,0.6435337726523888,False,8.487970332739334,0.6513915582578,2016,0.0595192404089737,0.4701786254919771,0.5274064171122995
Eastern Cape,Ward 21005010,EC105,3754,0.659829515183804,False,8.230577217146454,0.6495809201987539,2016,-0.0118082288509031,0.0178958785249456,0.5683874401277275
Eastern Cape,Ward 21006001,EC106,3400,0.5752941176470588,False,8.131530710604252,0.5759267268917542,2016,-0.0521062836140474,-0.0255087417598165,0.43700061462815
Eastern Cape,Ward 21006002,EC106,3733,0.6303241360835788,False,8.224967478914584,0.5680652956865371,2016,-0.0382136130042685,0.0477126017401066,0.5147540983606558
Eastern Cape,Ward 21006003,EC106,3885,0.5369369369369369,False,8.264878262801748,0.5814063241360573,2016,-0.1143045980517764,0.0962189616252822,0.4027814923776411
Eastern Cape,Ward 21006004,EC106,2736,0.5785818713450293,False,7.914252278742441,0.5754570477920442,2016,-0.0252295629578794,-0.0852557673019057,0.4725776965265082
Eastern Cape,Ward 21006005,EC106,3442,0.6063335270191749,False,8.143807976771484,0.5714925255528804,2016,-0.0887812463769405,0.0129487934078869,0.4299111549851925
Eastern Cape,Ward 21006006,EC106,2760,0.575,False,7.9229859587111955,0.5759687436984768,2016,-0.107952182952183,-0.0436590436590436,0.4570158102766798
Eastern Cape,Ward 21006007,EC106,2973,0.5469223007063572,False,7.997326822998097,0.5799798435975687,2016,-0.0426542465249132,0.0760043431053203,0.4414970930232558
Eastern Cape,Ward 21006008,EC106,2910,0.5573883161512028,False,7.975908360165538,0.5784846985340194,2016,-0.0425384774066303,0.0651537335285505,0.5168722364440307
Eastern Cape,Ward 21008001,EC108,2838,0.686046511627907,False,7.950854857719988,0.6553057846938731,2016,0.0011022737096914,1.6375464684014869,0.5187517109225295
Eastern Cape,Ward 21008002,EC108,4167,0.5694744420446364,False,8.334951631422454,0.6636323610926782,2016,0.0028712070303642,0.9823977164605138,0.6148403136354944
Eastern Cape,Ward 21008003,EC108,2489,0.680996384089996,False,7.819636302367592,0.6556665080894383,2016,0.0214710050524218,-0.1796308503625576,0.6862996158770807
Eastern Cape,Ward 21008004,EC108,3571,0.5771492579109493,False,8.18060094759445,0.6630841599593701,2016,-0.0938268248298392,-0.4229153199741435,0.4985082723081095
Eastern Cape,Ward 21008005,EC108,3589,0.6508776818055169,False,8.185628891147607,0.6578178439669011,2016,0.0642464879245724,0.1935483870967742,0.5791414274427179
Eastern Cape,Ward 21008006,EC108,3859,0.6164809536149262,False,8.258163361537619,0.6602747531233718,2016,-0.0563119574451329,0.2664916311125698,0.4960254372019078
Eastern Cape,Ward 21008007,EC108,4071,0.6934414148857775,False,8.31164394850298,0.654777577318311,2016,0.027349460862789,0.1698275862068965,0.5755841678588459
Eastern Cape,Ward 21008008,EC108,5179,0.8138636802471519,False,8.552367266423891,0.6461759869353557,2016,-0.0055042524869738,0.5015946651203247,0.6441449990510534
Eastern Cape,Ward 21008009,EC108,4133,0.6249697556254536,False,8.326758814511733,0.6596684101226199,2016,-0.0690771226155751,-0.1427089815390997,0.5140671273445212
Eastern Cape,Ward 21008010,EC108,4026,0.5777446597118728,False,8.300528606199737,0.6630416312593042,2016,-0.0481734934885469,0.0561385099685205,0.5241290322580645
Eastern Cape,Ward 21008011,EC108,2721,0.6769570011025359,False,7.908754738783246,0.6559550354456853,2016,0.1238108937438441,-0.032705296836118,0.6268656716417911
Eastern Cape,Ward 21008012,EC108,3695,0.6465493910690122,False,8.214735833382303,0.6581270075909371,2016,-0.0989578553077993,0.0710144927536231,0.6850961538461539
Eastern Cape,Ward 21008013,EC108,4451,0.6877106268254325,False,8.400884069015854,0.6551869193226213,2016,-0.0151769111684885,0.6911094224924013,0.5558998808104887
Eastern Cape,Ward 21008014,EC108,5338,0.7040089921318846,False,8.58260632996447,0.6540227503721605,2016,-0.0271738035670401,0.304496578690127,0.4833503575076608
Eastern Cape,Ward 21008015,EC108,4018,0.6540567446490791,False,8.29853954537488,0.6575907680495038,2016,-0.1067735802606681,-0.0934115523465703,0.576307363927428
Eastern Cape,Ward 21009001,EC109,4414,0.5337562301767105,False,8.392536586816682,0.6096485563264273,2016,-0.0471986911356394,0.1773806348359563,0.5219764435507038
Eastern Cape,Ward 21009002,EC109,3188,0.654642409033877,False,8.067149039910106,0.5854713205549941,2016,-0.0331113122110485,0.0784844384303111,0.4613130128956623
Eastern Cape,Ward 21009003,EC109,3056,0.580824607329843,False,8.024862150286411,0.6002348808958009,2016,-0.0029201704901342,0.160653247246487,0.5821392869043652
Eastern Cape,Ward 21009004,EC109,3034,0.6222808174027686,False,8.017637159908478,0.5919436388812158,2016,0.0185072324971082,0.0600978336827393,0.5514295103516267
Eastern Cape,Ward 21009005,EC109,3604,0.591842397336293,False,8.189799618728228,0.5980313228945109,2016,-0.0237723199834797,0.0780735865988633,0.4675720620842572
Eastern Cape,Ward 21009006,EC109,3117,0.5986525505293552,False,8.044626279767337,0.5966692922558984,2016,-0.039357989655098,0.0266798418972331,0.5092682926829268
Eastern Cape,Ward 21201001,EC121,4359,0.3654507914659325,False,8.379997952238393,0.5404337488537743,2016,-0.0757172589205547,0.2479244202691095,0.3105960264900662
Eastern Cape,Ward 21201002,EC121,4206,0.567284831193533,False,8.344267356262645,0.5337059475295209,2016,-0.0165268794838493,0.2072330654420207,0.4800394282897979
Eastern Cape,Ward 21201003,EC121,4288,0.5496735074626866,False,8.363575702750637,0.5342929916538826,2016,-0.0419275424060797,0.1254593175853018,0.4745301007899755
Eastern Cape,Ward 21201004,EC121,4922,0.5321007720438846,False,8.501470230951002,0.5348787495011759,2016,-0.0460284158414008,0.3192173679978558,0.4191980558930741
Eastern Cape,Ward 21201005,EC121,3864,0.4932712215320911,False,8.259458195332408,0.536173067851569,2016,-0.0824938327620846,-0.0463968410661401,0.4555528788243796
Eastern Cape,Ward 21201006,EC121,4244,0.5303958529688972,False,8.353261499733874,0.5349355801370088,2016,-0.0389193462675618,0.0126461465044143,0.4706619859578736
Eastern Cape,Ward 21201007,EC121,4400,0.5184090909090909,False,8.389359819906353,0.5353351388723356,2016,-0.0952413105733056,0.358863495985176,0.4609830602610386
Eastern Cape,Ward 21201008,EC121,4099,0.5611124664552329,False,8.318498320504338,0.5339116930207977,2016,-0.0353948864859435,0.2558210784313726,0.4329380764163373
Eastern Cape,Ward 21201009,EC121,4903,0.5066285947379155,False,8.497602541651233,0.5357278220780415,2016,-0.0267430968616241,0.4105293440736479,0.3664407571862584
Eastern Cape,Ward 21201010,EC121,3610,0.5501385041551247,False,8.191463051326927,0.5342774917641345,2016,-0.0394023897335953,0.0975980541197931,0.4383600917431192
Eastern Cape,Ward 21201011,EC121,4707,0.5459953261100489,False,8.456806041401142,0.5344155976989704,2016,-0.0469892520574746,0.4233444209253099,0.5
Eastern Cape,Ward 21201012,EC121,3550,0.5535211267605634,False,8.174702882469461,0.5341647376772866,2016,-0.0280939935143507,0.0166093928980526,0.4624331971078277
Eastern Cape,Ward 21201013,EC121,4115,0.4770352369380315,False,8.32239411311117,0.5367142673380376,2016,0.0887163734810465,0.0826098395159169,0.4143703322173577
Eastern Cape,Ward 21201014,EC121,4176,0.5950670498084292,False,8.337109129562474,0.532779873575691,2016,-0.0352852537146061,0.1317073170731706,0.5863060989643268
Eastern Cape,Ward 21201015,EC121,3699,0.5314949986482833,False,8.215817791832453,0.5348989419476958,2016,-0.0909588147103145,-0.1238749407863571,0.4736992567181246
Eastern Cape,Ward 21201016,EC121,3868,0.5540330920372285,False,8.260492856573185,0.5341476721680644,2016,-0.023720392521394,0.0571194315386718,0.4776080766243852
Eastern Cape,Ward 21201017,EC121,4550,0.4953846153846153,False,8.422882511944996,0.5361026213898181,2016,-0.0551801337616941,0.1951667980036775,0.436609152288072
Eastern Cape,Ward 21201018,EC121,3661,0.5192570335973777,False,8.205491613120236,0.5353068741160595,2016,-0.0936121647148585,-0.0345464135021097,0.479818485789348
Eastern Cape,Ward 21201019,EC121,4168,0.4683301343570057,False,8.335191583433202,0.5370044374240718,2016,-0.0758620631303206,-0.081331276173683,0.4153672316384181
Eastern Cape,Ward 21201020,EC121,3928,0.5381873727087576,False,8.275885669474356,0.5346758628123467,2016,-0.0633890320713085,-0.0012712941774726,0.4718815089099745
Eastern Cape,Ward 21201021,EC121,3300,0.536969696969697,False,8.101677747454572,0.5347164520036488,2016,-0.1045619672423796,-0.0279823269513991,0.4515845070422535
Eastern Cape,Ward 21201022,EC121,3555,0.6303797468354431,False,8.176110342237342,0.5316027836747906,2016,-0.0169526745051862,-0.027359781121751,0.5015656134358099
Eastern Cape,Ward 21201023,EC121,4316,0.5922150139017609,False,8.370084326378025,0.5328749414392466,2016,-0.0415018210360179,0.0133834233388119,0.4904223968565815
Eastern Cape,Ward 21201024,EC121,3464,0.549364896073903,False,8.150179269682326,0.5343032787001752,2016,-0.0907681983719633,-0.1133862298438699,0.4847250509164969
Eastern Cape,Ward 21201025,EC121,4742,0.4989455925769717,False,8.464214266625351,0.535983922150073,2016,-0.0182957867333731,0.2578249336870026,0.3964188012932106
Eastern Cape,Ward 21201026,EC121,3479,0.5127910319057201,False,8.154500175151941,0.5355224075057813,2016,-0.0647418893520063,-0.0650362805697393,0.5602391629297458
Eastern Cape,Ward 21201027,EC121,3661,0.5747063643813166,False,8.205491613120236,0.5334585630899281,2016,-0.0402064826167466,0.1817301484828921,0.4594288945433983
Eastern Cape,Ward 21201028,EC121,4261,0.5116169913165923,False,8.357259153499912,0.5355615421920856,2016,-0.0683155033136623,0.3074562749309604,0.4739372469635627
Eastern Cape,Ward 21201029,EC121,3739,0.6124632254613533,False,8.226573474977114,0.532200001053927,2016,-0.0020019905974881,0.1458780263561139,0.5818755377114998
Eastern Cape,Ward 21201030,EC121,3812,0.5401364113326338,False,8.245909264774093,0.5346108948582177,2016,-0.0641968360235694,-0.0167655403662625,0.4459539279385706
Eastern Cape,Ward 21201031,EC121,3487,0.5661026670490393,False,8.156797046675651,0.533745353001004,2016,-0.0742146999800527,0.0246841022627093,0.5100130039011703
Eastern Cape,Ward 21202001,EC122,4497,0.4178341116299755,False,8.411165786770708,0.5139572883180271,2016,0.0385556657465342,0.0400092506938021,0.2596246390760346
Eastern Cape,Ward 21202002,EC122,4146,0.4717800289435601,False,8.329899292995725,0.512159091074241,2016,0.0027246543507262,-0.0353652861796184,0.3403128153380423
Eastern Cape,Ward 21202003,EC122,3782,0.4563722897937599,False,8.238008249218403,0.5126726823792344,2016,-0.076714976222586,-0.0029000790930662,0.3355508249068653
Eastern Cape,Ward 21202004,EC122,4124,0.4243452958292919,False,8.32457884513685,0.5137402488447166,2016,-0.0478974872943201,0.0175178879842092,0.3536411232746311
Eastern Cape,Ward 21202005,EC122,4335,0.4064590542099192,False,8.374476889214643,0.5143364568986957,2016,-0.0347103103708974,0.0473544334380284,0.3184668989547038
Eastern Cape,Ward 21202006,EC122,3796,0.3411485774499473,False,8.241703159729818,0.5165134727906947,2016,0.0143388627600156,-0.1049280829992925,0.226193515445494
Eastern Cape,Ward 21202007,EC122,3965,0.4491803278688525,False,8.285261134068948,0.512912414443398,2016,-0.0882452095566849,0.026936026936027,0.3406735751295336
Eastern Cape,Ward 21202008,EC122,3766,0.5151354221986192,False,8.233768709217097,0.5107139112990723,2016,0.0006966011209175,0.1211670139922596,0.4586269903419472
Eastern Cape,Ward 21202009,EC122,3700,0.5027027027027027,False,8.216088098632316,0.5111283352822695,2016,-0.0647704155768672,-0.0053763440860215,0.387213847012842
Eastern Cape,Ward 21202010,EC122,3635,0.5243466299862448,False,8.19836438996762,0.5104068710394849,2016,-0.0379390842994694,0.0385714285714284,0.5040797824116047
Eastern Cape,Ward 21202011,EC122,4385,0.5511972633979475,False,8.385944904806284,0.5095118499257614,2016,0.0004309798730433,0.0500478927203065,0.4585755813953488
Eastern Cape,Ward 21202012,EC122,4068,0.5358898721730581,False,8.31090675716845,0.5100220962999243,2016,0.0001085802942052,0.0903243098365049,0.4821338701560141
Eastern Cape,Ward 21202013,EC122,3738,0.5473515248796148,False,8.226305988015508,0.5096400412097059,2016,-0.0189735117236062,0.0945827232796485,0.4541374474053296
Eastern Cape,Ward 21202014,EC122,3984,0.5328815261044176,False,8.290041618704489,0.5101223745022124,2016,-0.0629993533834755,0.1088227108266073,0.48313704496788
Eastern Cape,Ward 21202015,EC122,3662,0.5660841070453304,False,8.205764725234456,0.5090156218041819,2016,0.0029693529469697,0.0005464480874317,0.4698263173388284
Eastern Cape,Ward 21202016,EC122,4277,0.5590367079728782,False,8.361007108226909,0.5092505351065971,2016,-0.0204787633631736,0.0259054929239626,0.4471166278769071
Eastern Cape,Ward 21202017,EC122,3885,0.5163449163449163,False,8.264878262801748,0.510673594827529,2016,-0.0448499025818613,0.0269627279936557,0.438877755511022
Eastern Cape,Ward 21202018,EC122,3813,0.5405192761605035,False,8.246171559857563,0.5098677828336762,2016,-0.0257490562675246,0.0355784899511135,0.4829914307971955
Eastern Cape,Ward 21202019,EC122,3689,0.5361886690159935,False,8.213110697596676,0.5100121364051599,2016,-0.0628995583908179,-0.0107267363904531,0.4753631444033039
Eastern Cape,Ward 21202020,EC122,4048,0.545207509881423,False,8.305978210967302,0.5097115083763122,2016,0.0038969685708816,0.1532763532763532,0.453788285867813
Eastern Cape,Ward 21202021,EC122,3786,0.5258848388800845,False,8.239065331769268,0.5103555974096902,2016,-0.0120183869263671,0.017741935483871,0.3743435858964741
Eastern Cape,Ward 21202022,EC122,4027,0.5468090389868389,False,8.300776960851454,0.5096581240727984,2016,-0.0696858063739859,0.0378865979381444,0.4555555555555555
Eastern Cape,Ward 21202023,EC122,4017,0.5519044062733384,False,8.298290634359283,0.5094882784965817,2016,0.0113638657327977,0.033976833976834,0.4332514332514332
Eastern Cape,Ward 21202024,EC122,4758,0.5580075662042875,False,8.467582690862903,0.5092848398322167,2016,-0.0417733757453291,0.0422782037239868,0.5212393803098451
Eastern Cape,Ward 21202025,EC122,3965,0.5556116015132408,False,8.285261134068948,0.5093647053219182,2016,-0.0420354573102885,-0.1518716577540106,0.4201520912547528
Eastern Cape,Ward 21202026,EC122,4334,0.4852330410706045,False,8.374246182096304,0.5117106573366729,2016,-0.1208136836201879,-0.0073293632615666,0.4330995792426367
Eastern Cape,Ward 21202027,EC122,4525,0.5551381215469613,False,8.417372856134026,0.5093804879874609,2016,-0.0548916471729837,0.0361804442408977,0.4975357897207228
Eastern Cape,Ward 21202028,EC122,4324,0.5612858464384829,False,8.371936178759098,0.5091755638244102,2016,-0.0270356781156339,0.0564378206694355,0.4675324675324675
Eastern Cape,Ward 21202029,EC122,4377,0.5195339273474983,False,8.384118837190895,0.5105672944607764,2016,-0.081070864464551,0.0181437543614793,0.480154355016538
Eastern Cape,Ward 21202030,EC122,4330,0.5080831408775982,False,8.373322820996535,0.5109489873431063,2016,-0.0810530160977547,0.0361330461832973,0.4135317237507018
Eastern Cape,Ward 21202031,EC122,4457,0.5290554184428988,False,8.402231172946555,0.510249911424263,2016,-0.0524302958428154,0.0187428571428571,0.4117983963344788
Eastern Cape,Ward 21203001,EC123,2528,0.7464398734177216,False,7.8351837552667485,0.5972631279509287,2016,0.1584831751768555,-0.1447902571041949,0.6515589842494375
Eastern Cape,Ward 21203002,EC123,2185,0.6073226544622425,False,7.68937110752969,0.6204493311101752,2016,0.0019431408292285,-0.1949152542372881,0.3766546329723225
Eastern Cape,Ward 21203003,EC123,2612,0.6259571209800919,False,7.867871490396322,0.6173435866905337,2016,-0.0131788383591711,-0.170266836086404,0.5497915701713756
Eastern Cape,Ward 21203004,EC123,2677,0.5670526709002615,False,7.892452043520352,0.627160995037172,2016,-0.0629149475866387,-0.2119517221077421,0.52775290957923
Eastern Cape,Ward 21203005,EC123,2283,0.6736749890494963,False,7.733245646529795,0.6093906086789663,2016,0.1050698959290098,-0.1322690992018244,0.6439854191980559
Eastern Cape,Ward 21203006,EC123,2692,0.5449479940564635,False,7.898039690764619,0.6308451078444718,2016,-0.1511057422995397,-0.2465715085362441,0.5540847201210287
Eastern Cape,Ward 21203007,EC123,2708,0.5646233382570163,False,7.903965634032166,0.6275658838110463,2016,0.0481474450901762,-0.0607006590357266,0.5299115044247787
Eastern Cape,Ward 21204001,EC124,3199,0.4767114723351047,False,8.070593539949519,0.5458833561121345,2016,-0.125245598371966,0.0097853535353535,0.3717948717948718
Eastern Cape,Ward 21204002,EC124,3184,0.5144472361809045,False,8.065893546964274,0.543187944408863,2016,-0.0035625318288635,-0.028083028083028,0.4357522123893805
Eastern Cape,Ward 21204003,EC124,3596,0.478587319243604,False,8.18757739559151,0.5457493670472416,2016,-0.0701007274036263,0.0483965014577258,0.4175320708613317
Eastern Cape,Ward 21204004,EC124,3240,0.5712962962962963,False,8.083328608786376,0.5391272972577636,2016,0.0233425318476865,0.0121836925960636,0.438299343242309
Eastern Cape,Ward 21204005,EC124,3883,0.5843420036054597,False,8.264363329731667,0.5381954610213948,2016,-0.0265281900921406,0.1225787799942179,0.4856541195051329
Eastern Cape,Ward 21204006,EC124,3693,0.5518548605469807,False,8.214194414852564,0.5405159712398576,2016,-0.1099313766418919,0.0814055636896047,0.4921985815602837
Eastern Cape,Ward 21204007,EC124,3481,0.6095949439816145,False,8.15507488781144,0.5363916795659552,2016,0.0032536543485542,0.2401140007125044,0.565752128666036
Eastern Cape,Ward 21204008,EC124,3589,0.3513513513513513,False,8.185628891147607,0.5548376504681168,2016,-0.246395299074958,0.0928745432399513,0.5240187463386058
Eastern Cape,Ward 21204009,EC124,3806,0.5969521807672097,False,8.244334047856094,0.5372947340812698,2016,0.0192804951263724,0.3977230995225853,0.5454545454545454
Eastern Cape,Ward 21204010,EC124,3140,0.5111464968152867,False,8.0519780789023,0.5434237115064071,2016,-0.0076480592443374,0.0174983797796499,0.4595729786489324
Eastern Cape,Ward 21204011,EC124,3452,0.5040556199304751,False,8.146709052203319,0.5439302027124652,2016,-0.1053193800695249,0.1725543478260869,0.4016139044072005
Eastern Cape,Ward 21204012,EC124,3737,0.5854963874765855,False,8.226038429485484,0.5381130050306001,2016,-0.011352294946669,0.0152132572670469,0.4823993241340467
Eastern Cape,Ward 21204013,EC124,4122,0.6622998544395924,False,8.324093761450404,0.532627043104671,2016,0.1157287183085791,0.4063459570112588,0.5320725785842065
Eastern Cape,Ward 21204014,EC124,3495,0.547925608011445,False,8.15908865466791,0.540796632135253,2016,-0.0432896189285257,0.0234260614934114,0.4156240463838877
Eastern Cape,Ward 21204015,EC124,3328,0.5730168269230769,False,8.1101268019411,0.5390044022129936,2016,-0.0125845778179239,-0.0260462393912789,0.4816393442622951
Eastern Cape,Ward 21206001,EC126,3376,0.5779028436018957,False,8.124446855715847,0.5741243417800301,2016,0.0915929493890768,0.0504044803982577,0.5431034482758621
Eastern Cape,Ward 21206002,EC126,3457,0.5866358113971651,False,8.148156439921625,0.5733304356168238,2016,0.1722600954750574,-0.0100229095074455,0.5386029411764706
Eastern Cape,Ward 21206003,EC126,3369,0.5814781834372217,False,8.122371243406553,0.5737993108859096,2016,0.0506174812854662,-0.0461494903737259,0.492179700499168
Eastern Cape,Ward 21206004,EC126,3024,0.5476190476190477,False,8.014335737299424,0.5768774141421072,2016,0.0533731360503014,-0.0841913991520291,0.431243505368895
Eastern Cape,Ward 21206005,EC126,3247,0.5697566984909147,False,8.085486772102845,0.574864900426483,2016,0.0350523283109661,-0.0725506998000571,0.5309849967384214
Eastern Cape,Ward 21206006,EC126,3174,0.5308758664146188,False,8.062747901086354,0.5783995215243279,2016,0.0703785418946313,-0.0009442870632672,0.4889191953631094
Eastern Cape,Ward 21206007,EC126,3159,0.5982905982905983,False,8.058010800802085,0.5722709095356027,2016,0.137212753979221,-0.0044122281752284,0.4687287559483344
Eastern Cape,Ward 21206008,EC126,3501,0.4955726935161382,False,8.160803920954665,0.5816089008787354,2016,-0.063104992434275,0.1573553719008265,0.4731246308328411
Eastern Cape,Ward 21206009,EC126,3007,0.5693382108413702,False,8.008698182988528,0.5749029447582598,2016,0.1945055468520796,0.0063587684069612,0.5443864229765013
Eastern Cape,Ward 21206010,EC126,3356,0.6087604290822408,False,8.118505067587098,0.5713191067363623,2016,0.2717472429430197,0.0291321680466114,0.5240174672489083
Eastern Cape,Ward 21206011,EC126,2866,0.6297976273551988,False,7.960672608388117,0.5694066341660935,2016,0.1903902199477914,-0.1508148148148148,0.5982436882546652
Eastern Cape,Ward 21206012,EC126,3409,0.597242593135817,False,8.134174272137903,0.5723661827314918,2016,0.0649284861170539,0.184503127171647,0.6647058823529411
Eastern Cape,Ward 21301001,EC131,3495,0.5925608011444922,False,8.15908865466791,0.5676965336045217,2016,-0.0208651247814337,0.0112847222222223,0.515423779574723
Eastern Cape,Ward 21301002,EC131,2923,0.5658569962367431,False,7.980365765111246,0.5710345092179903,2016,-0.0444010893562003,-0.0450833061091147,0.4544405997693195
Eastern Cape,Ward 21301003,EC131,2909,0.5964248882777586,False,7.975564658495202,0.5672135227128633,2016,-0.0273238172797145,0.0041422160856057,0.4966561070045758
Eastern Cape,Ward 21301004,EC131,3660,0.5439890710382513,False,8.205218426395412,0.5737679998678017,2016,-0.0136416653544914,-0.023479188900747,0.4683130020827135
Eastern Cape,Ward 21301005,EC131,3173,0.6284273558146865,False,8.062432791583195,0.5632132142707473,2016,0.0538285166204222,0.0833048822123592,0.5743557901272897
Eastern Cape,Ward 21301006,EC131,3360,0.5279761904761905,False,8.11969625295725,0.5757696099380594,2016,-0.0168901948965239,-0.0548523206751054,0.4352485858886573
Eastern Cape,Ward 21301007,EC131,3295,0.5068285280728376,False,8.100161446936607,0.5784130677384784,2016,-0.0502888302493399,-0.2648371262829094,0.4663333333333333
Eastern Cape,Ward 21301008,EC131,4705,0.5358129649309246,False,8.45638105201948,0.5747900131312176,2016,-0.1402772606329851,0.4150375939849624,0.4746325272641062
Eastern Cape,Ward 21301009,EC131,3387,0.6362562739887806,False,8.127699852817772,0.5622345994989856,2016,-0.0007275680219913,0.2161579892280072,0.5387896560917089
Eastern Cape,Ward 21305001,EC135,4232,0.5982986767485823,False,8.350429973538136,0.577533013889723,2016,-0.0164597266127622,0.1113445378151261,0.5190895741556535
Eastern Cape,Ward 21305002,EC135,3466,0.621465666474322,False,8.150756470275551,0.576374664403436,2016,0.0045642580236178,0.0848200312989044,0.484437596302003
Eastern Cape,Ward 21305003,EC135,4421,0.6328884867676996,False,8.394121193826242,0.5758035233887672,2016,0.0357527457963421,0.37640099626401,0.505104934770278
Eastern Cape,Ward 21305004,EC135,4170,0.6232613908872902,False,8.335671314792847,0.5762848781827876,2016,-0.0414784935057733,0.0480020105554159,0.5754527162977867
Eastern Cape,Ward 21305005,EC135,3694,0.5985381700054142,False,8.214465160759186,0.5775210392268815,2016,-0.022708943158558,-0.0520913523222992,0.4887879648027249
Eastern Cape,Ward 21305006,EC135,3890,0.5850899742930591,False,8.266164436612492,0.5781934490124991,2016,-0.0243358111890644,0.0536294691224268,0.4889621923369703
Eastern Cape,Ward 21305007,EC135,3991,0.5697820095214232,False,8.291797105048733,0.5789588472510809,2016,-0.0230791170820346,0.1129392080312325,0.5503472222222222
Eastern Cape,Ward 21305008,EC135,3957,0.5799848369977255,False,8.283241441385425,0.5784487058772658,2016,0.0215569815506139,0.0437879187549459,0.4772256728778468
Eastern Cape,Ward 21305009,EC135,3312,0.5431763285024155,False,8.10530751550515,0.5802891313020313,2016,-0.0401570048309178,0.0298507462686568,0.4938530734632683
Eastern Cape,Ward 21305010,EC135,3318,0.5774562989752863,False,8.10711747075039,0.5785751327783878,2016,-0.0319753817985952,0.0030229746070133,0.5429292929292929
Eastern Cape,Ward 21305011,EC135,3377,0.5863192182410424,False,8.124743020385568,0.5781319868151,2016,-0.0287058234951846,0.1275459098497495,0.5125737348649487
Eastern Cape,Ward 21305012,EC135,3395,0.5449189985272459,False,8.130059039992796,0.5802019978007898,2016,0.0095929115707241,0.02506038647343,0.360079387581514
Eastern Cape,Ward 21305013,EC135,4126,0.5533204071740184,False,8.325063693631197,0.5797819273684512,2016,-0.0295050775905245,0.1429362880886426,0.4527043126042411
Eastern Cape,Ward 21305014,EC135,4203,0.5065429455151083,False,8.343553835005117,0.5821208004513967,2016,0.0573206216358767,0.281793229643184,0.3570731707317073
Eastern Cape,Ward 21305015,EC135,3213,0.5645813881107998,False,8.074960359115858,0.5792188783216121,2016,-0.0456155366261842,-0.1332613973563529,0.5022040302267002
Eastern Cape,Ward 21305016,EC135,3236,0.5664400494437577,False,8.082093278178382,0.5791259452549642,2016,-0.0739175495345308,-0.1734355044699872,0.4920221426245522
Eastern Cape,Ward 21305017,EC135,3470,0.5576368876080692,False,8.151909872940905,0.5795661033467486,2016,-0.0047473001621594,0.0716491661519456,0.4623782826792564
Eastern Cape,Ward 21305018,EC135,3404,0.5796122209165687,False,8.132706489693264,0.5784673366813237,2016,-0.0333918428533593,0.0640825257893091,0.4565868263473054
Eastern Cape,Ward 21305019,EC135,3600,0.5541666666666667,False,8.1886891244442,0.5797396143938187,2016,-0.0519036208732693,0.1501597444089457,0.5303173107131637
Eastern Cape,Ward 21305020,EC135,4069,0.5979356107151634,False,8.31115254800169,0.577551167191394,2016,0.0115795375038489,0.3540765391014975,0.5212306127637936
Eastern Cape,Ward 21305021,EC135,3394,0.6075427224513847,False,8.129764445794171,0.5770708116045828,2016,-0.022375976735607,0.103739837398374,0.5473200612557427
Eastern Cape,Ward 21306001,EC136,3713,0.7748451387018583,False,8.21959545417708,0.5857887375114504,2016,0.1451748090315286,0.0200549450549449,0.5493355951371218
Eastern Cape,Ward 21306002,EC136,3437,0.6063427407622927,False,8.142354276849835,0.5963201373826733,2016,-0.0313565402630277,0.074398249452954,0.5838946723821188
Eastern Cape,Ward 21306003,EC136,4004,0.5846653346653347,False,8.295049140435111,0.5976749752637331,2016,-0.0314510615294051,0.1203133743704532,0.4800849707912905
Eastern Cape,Ward 21306004,EC136,3548,0.5450958286358512,False,8.17413934342947,0.6001480693905759,2016,-0.01718626328174,0.1245641838351823,0.4513451631368059
Eastern Cape,Ward 21306005,EC136,4081,0.5802499387405048,False,8.314097335405807,0.597950937509035,2016,-0.0496069119752415,0.0432004089979549,0.5476370988122314
Eastern Cape,Ward 21306006,EC136,3754,0.6225359616409164,False,8.230577217146454,0.5953080610777592,2016,-0.0126640383590835,0.0010666666666667,0.5339753879079722
Eastern Cape,Ward 21306007,EC136,3854,0.5446289569278672,False,8.256866848974312,0.6001772488723248,2016,-0.0561442389484214,-0.006701030927835,0.4681448217793993
Eastern Cape,Ward 21306008,EC136,3875,0.592,False,8.262300941787448,0.5972165586803165,2016,-0.029998450813323,0.0005163955589981,0.5117038649972782
Eastern Cape,Ward 21306009,EC136,3885,0.5868725868725869,False,8.264878262801748,0.5975370220007798,2016,-0.020109395109395,0.09375,0.553246013667426
Eastern Cape,Ward 21306010,EC136,3320,0.6168674698795181,False,8.107720061910534,0.5956623418128467,2016,-0.0240042925967927,0.0486418193303852,0.5672306322350846
Eastern Cape,Ward 21306011,EC136,3622,0.5704030922142462,False,8.19478163844336,0.5985663654169262,2016,-0.0672051782523646,0.0120145291980999,0.5526244952893674
Eastern Cape,Ward 21306012,EC136,3525,0.6062411347517731,False,8.16763571524637,0.5963264877583307,2016,-0.0577056769738237,0.0652765185856754,0.4762046400951814
Eastern Cape,Ward 21306013,EC136,3114,0.6152858060372511,False,8.043663352393944,0.5957611958029884,2016,-0.0275475827223098,0.0355836381775855,0.5611202635914333
Eastern Cape,Ward 21306014,EC136,3355,0.629806259314456,False,8.118207049405783,0.594853667473163,2016,-0.0356472681211542,-0.0607502799552072,0.5885125184094256
Eastern Cape,Ward 21306015,EC136,3937,0.5514351028702057,False,8.278174290943738,0.5997518647509287,2016,-0.0573793829514547,0.3450632046463957,0.4958971553610503
Eastern Cape,Ward 21306016,EC136,3255,0.5453149001536098,False,8.08794755464267,0.600134377420716,2016,-0.0357074854127116,0.0875375877046442,0.4823079375199235
Eastern Cape,Ward 21306017,EC136,3192,0.574874686716792,False,8.068402958569699,0.5982868907605171,2016,-0.074445830353145,0.0580046403712297,0.5690897184020957
Eastern Cape,Ward 21307001,EC137,3406,0.5132119788608338,False,8.133293861222633,0.5184836877140464,2016,-0.0312357912678701,0.0194552529182878,0.4677271336800245
Eastern Cape,Ward 21307002,EC137,3445,0.5640058055152395,False,8.144679183447758,0.5158103284164461,2016,-0.0115381724191766,0.0557768924302788,0.48085513720485
Eastern Cape,Ward 21307003,EC137,3238,0.5370599135268684,False,8.08271113423758,0.5172285332579394,2016,-0.001327183247325,0.0445161290322579,0.5005038629492778
Eastern Cape,Ward 21307004,EC137,3668,0.5657033805888768,False,8.207401833376355,0.5157209823599389,2016,0.0093386849873621,0.0684532478881445,0.4673480976717774
Eastern Cape,Ward 21307005,EC137,3231,0.5326524295883628,False,8.080546965824498,0.517460506096808,2016,-0.0562545850935295,0.0541598694942904,0.5368663594470046
Eastern Cape,Ward 21307006,EC137,3459,0.4877132119109569,False,8.148734808937169,0.5198257280798294,2016,-0.0938185978481536,0.0682520074119827,0.5644508670520231
Eastern Cape,Ward 21307007,EC137,3955,0.5484197218710493,False,8.282735880201754,0.5166306486082457,2016,-0.0640662173865435,0.1122047244094488,0.4284511784511784
Eastern Cape,Ward 21307008,EC137,3416,0.5652810304449649,False,8.13622555490846,0.5157432113148817,2016,-0.0120556114078059,-0.0581748001102839,0.4992185057830572
Eastern Cape,Ward 21307009,EC137,4134,0.4925012094823415,False,8.327000740241713,0.5195737282076514,2016,-0.0321227952360306,0.2191094072544972,0.4477459016393442
Eastern Cape,Ward 21307010,EC137,4180,0.4406698564593301,False,8.338066525518801,0.5223016941562308,2016,-0.0299480502241503,0.0542244640605296,0.3609671848013817
Eastern Cape,Ward 21307011,EC137,3116,0.4287548138639281,False,8.044305406990638,0.522928801661252,2016,0.0491589211842328,0.0321298443193109,0.3856062727527303
Eastern Cape,Ward 21307012,EC137,3499,0.535295798799657,False,8.160232492367689,0.5173213814014769,2016,-0.0022896226126436,-0.0037015945330296,0.4925130208333333
Eastern Cape,Ward 21307013,EC137,3875,0.5189677419354839,False,8.262300941787448,0.5181807528153807,2016,-0.0234006791171477,0.019736842105263,0.4272004387167535
Eastern Cape,Ward 21307014,EC137,3797,0.5493810903344746,False,8.241966560231802,0.5165800502680654,2016,-0.0172302971724352,0.0494748479823106,0.4726918075422627
Eastern Cape,Ward 21307015,EC137,4168,0.5026391554702495,False,8.335191583433202,0.5190401521030246,2016,-0.057728298597992,0.0939632545931759,0.4764914054600607
Eastern Cape,Ward 21307016,EC137,3775,0.4596026490066225,False,8.236155661683124,0.5213052313905839,2016,-0.1112830569273148,0.1034785150540777,0.4669678147939017
Eastern Cape,Ward 21307017,EC137,3765,0.5096945551128818,False,8.233503140233994,0.5186688152797282,2016,-0.0284521856062062,0.1005553931598948,0.4727272727272727
Eastern Cape,Ward 21307018,EC137,3919,0.5276856340903292,False,8.273591798199632,0.5177219163861784,2016,-0.0261361061900199,0.0364982808780744,0.4777984578569529
Eastern Cape,Ward 21307019,EC137,4230,0.5286052009456265,False,8.349957272040324,0.5176735181306363,2016,0.0066021660442607,0.069802731411229,0.482063882063882
Eastern Cape,Ward 21307020,EC137,3218,0.5565568676196395,False,8.076515327552329,0.5162023777793725,2016,-0.0084273595096979,0.0151419558359622,0.4782380702674357
Eastern Cape,Ward 21308001,EC138,3860,0.5310880829015544,False,8.258422462458876,0.5548450868536587,2016,0.0230608720172006,0.0503401360544217,0.4744703965236285
Eastern Cape,Ward 21308002,EC138,3712,0.5581896551724138,False,8.21932609390609,0.5514573903198013,2016,-0.002255875933264,0.0084216245585437,0.5065514357401728
Eastern Cape,Ward 21308003,EC138,3916,0.5602655771195098,False,8.272826003650401,0.5511979000764143,2016,-0.044793946690014,0.1654761904761905,0.494661921708185
Eastern Cape,Ward 21308004,EC138,2889,0.4600207684319833,False,7.968665700466235,0.5637285011623552,2016,-0.0278920677954596,-0.0163432073544432,0.4102878138395591
Eastern Cape,Ward 21308005,EC138,3785,0.5455746367239102,False,8.23880116587155,0.5530342676258643,2016,-0.0335961109091293,0.2357166176950702,0.4115495165926313
Eastern Cape,Ward 21308006,EC138,3282,0.5850091407678245,False,8.096208271650037,0.548104954620375,2016,-0.0438104153595476,0.0556449018977163,0.4998276456394346
Eastern Cape,Ward 21308007,EC138,3094,0.5723981900452488,False,8.037220031133012,0.549681323460697,2016,-0.031993916893007,-0.0152768936982813,0.474949221394719
Eastern Cape,Ward 21308008,EC138,2973,0.6279852001345443,False,7.997326822998097,0.542732947199535,2016,0.0074912081452251,-0.0076769025367156,0.5862681266646937
Eastern Cape,Ward 21308009,EC138,3121,0.5293175264338353,False,8.045908742270779,0.5550664064121237,2016,-0.0656231356523607,-0.0252966895690193,0.5486928104575164
Eastern Cape,Ward 21401001,EC141,3766,0.4750398300584174,False,8.233768709217097,0.5492399732576596,2016,-0.1244477873625902,0.072018218047253,0.4945454545454545
Eastern Cape,Ward 21401002,EC141,4023,0.5610241113596818,False,8.299783171949787,0.5438659556763306,2016,-0.0252473394983525,0.2552262090483619,0.4231499051233396
Eastern Cape,Ward 21401003,EC141,3897,0.5522196561457532,False,8.26796230533871,0.5444162341272011,2016,-0.048265911698865,0.0512543835985972,0.4613704613704614
Eastern Cape,Ward 21401004,EC141,3934,0.5348246059989832,False,8.277411998949004,0.5455034247613743,2016,0.0126756898821123,0.2359409362236884,0.4242746872504658
Eastern Cape,Ward 21401005,EC141,4229,0.5159612201466067,False,8.34972083747249,0.5466823863771477,2016,-0.007981724326139,0.0771777890983189,0.4644632206759443
Eastern Cape,Ward 21401006,EC141,3368,0.5531472684085511,False,8.122074375362217,0.5443582583607762,2016,0.0079284677602529,0.0917341977309562,0.5076045627376425
Eastern Cape,Ward 21401007,EC141,3626,0.5934914506343077,False,8.195885391314796,0.5418367469716665,2016,0.0171134978784022,-0.0482939632545932,0.5509245670678016
Eastern Cape,Ward 21401008,EC141,3511,0.5593847906579322,False,8.163656176168432,0.54396841322019,2016,-0.0170532284131228,0.0799753921870194,0.4923965936739659
Eastern Cape,Ward 21401009,EC141,3730,0.4723860589812332,False,8.224163512637862,0.5494058339499837,2016,-0.0258153798676876,-0.0416238437821171,0.3611111111111111
Eastern Cape,Ward 21401010,EC141,3999,0.5673918479619905,False,8.293799608846818,0.5434679721386863,2016,-0.0601847537093187,0.1139275766016714,0.4736154649947753
Eastern Cape,Ward 21401011,EC141,3610,0.5481994459833796,False,8.191463051326927,0.5446674972623494,2016,-0.0245705070682636,0.0592723004694835,0.4651639344262295
Eastern Cape,Ward 21401012,EC141,3319,0.622777945164206,False,8.107418811719974,0.5400063410635478,2016,-0.0033902791348593,0.0696100547856912,0.496425240907678
Eastern Cape,Ward 21401013,EC141,3712,0.5202047413793104,False,8.21932609390609,0.5464171663001038,2016,0.0105784673136252,0.0509626274065684,0.4517694063926941
Eastern Cape,Ward 21401014,EC141,4016,0.5042330677290837,False,8.298041661371565,0.547415395903243,2016,-0.0788795150523732,0.3298013245033113,0.4639709694142042
Eastern Cape,Ward 21401015,EC141,3813,0.5452399685287176,False,8.246171559857563,0.5448524646032659,2016,0.002999752604291,0.0291497975708501,0.4826725810923205
Eastern Cape,Ward 21401016,EC141,3694,0.5668651867893882,False,8.214465160759186,0.543500888461974,2016,-0.0007023807781793,0.1345208845208845,0.517165613842351
Eastern Cape,Ward 21401017,EC141,3646,0.5704882062534284,False,8.201385955238608,0.5432744497454715,2016,0.0134120009657145,0.134059097978227,0.6368593238822247
Eastern Cape,Ward 21402001,EC142,3679,0.5922805110084262,False,8.210396255104774,0.5782653278097918,2016,-0.0498609147001338,0.0532493558545663,0.4540244855431102
Eastern Cape,Ward 21402002,EC142,4202,0.5459305092812946,False,8.343315881404946,0.5811622029177375,2016,-0.0596333257907372,0.0437158469945355,0.4630350194552529
Eastern Cape,Ward 21402003,EC142,3804,0.557570977917981,False,8.24380842366528,0.5804346736279445,2016,-0.0076601810433869,0.2045598480050665,0.4049899193548387
Eastern Cape,Ward 21402004,EC142,3573,0.5362440526168486,False,8.181160858023409,0.5817676064592654,2016,-0.0568980509110116,0.1780415430267061,0.4543290687295447
Eastern Cape,Ward 21402005,EC142,3344,0.6079545454545454,False,8.114922974204593,0.5772857006569093,2016,0.1140029325513196,0.1236559139784945,0.4747956403269754
Eastern Cape,Ward 21402006,EC142,3695,0.5832205683355887,False,8.214735833382303,0.5788315742268441,2016,-0.0422578351635911,0.010114816839803,0.5097520661157025
Eastern Cape,Ward 21402007,EC142,4131,0.5996126845800048,False,8.326274787396764,0.577807066961568,2016,-0.0016068276151171,0.2594512195121952,0.4512451245124512
Eastern Cape,Ward 21402008,EC142,3732,0.5444801714898178,False,8.224699561967235,0.5812528490297048,2016,-0.0176966992584816,0.0155102040816326,0.4795814190913731
Eastern Cape,Ward 21402009,EC142,3415,0.5997071742313324,False,8.13593277200489,0.5778011613583601,2016,-0.0029846158090445,-0.0807537012113055,0.5073846153846154
Eastern Cape,Ward 21402010,EC142,4348,0.6149954001839927,False,8.3774712482411,0.5768456472363188,2016,0.0960732082372776,0.3163790493490765,0.4128861003861004
Eastern Cape,Ward 21402011,EC142,3873,0.5806868060934676,False,8.261784679514752,0.5789899343669767,2016,-0.0583402806948132,0.0704809286898839,0.4847039012068481
Eastern Cape,Ward 21402012,EC142,4165,0.5896758703481393,False,8.334471554600944,0.5784281178510596,2016,-0.0434045545380519,0.2640364188163884,0.4981989470767525
Eastern Cape,Ward 21402013,EC142,4346,0.6023930050621261,False,8.377011160816375,0.5776332969314355,2016,0.0198773940005739,0.2922985429675884,0.4658554755401043
Eastern Cape,Ward 21402014,EC142,3792,0.5785864978902954,False,8.240648863374913,0.5791212036296749,2016,-0.0590625179123106,0.0512891599667313,0.5005571030640669
Eastern Cape,Ward 21402015,EC142,3252,0.5433579335793358,False,8.087025470667701,0.5813229888991099,2016,-0.0600842863012401,0.1422550052687039,0.4338842975206611
Eastern Cape,Ward 21402016,EC142,3580,0.526536312849162,False,8.183118079394745,0.5823743401947458,2016,-0.0735329392284003,0.239612188365651,0.4695281782437746
Eastern Cape,Ward 21402017,EC142,3744,0.6412927350427351,False,8.227909837597483,0.5752020638076474,2016,0.0489797631827487,0.2848318462594372,0.4399164054336468
Eastern Cape,Ward 21503001,EC153,3807,0.5476753349093775,False,8.244596756382498,0.5142846458527736,2016,0.0561052611475229,0.0028977871443625,0.4889441680486456
Eastern Cape,Ward 21503002,EC153,4393,0.5224220350557706,False,8.38776764397578,0.5151264225145604,2016,-0.0556525849350171,0.0117457392906494,0.42456224514272
Eastern Cape,Ward 21503003,EC153,4651,0.5459041066437326,False,8.444837529224097,0.5143436867949617,2016,0.015877296992258,0.246916890080429,0.4938245760937827
Eastern Cape,Ward 21503004,EC153,4187,0.5106281347026511,False,8.339739766019143,0.5155195525263311,2016,-0.0432896310072015,0.082751486940781,0.3955486998677832
Eastern Cape,Ward 21503005,EC153,4459,0.5786050684009868,False,8.402679804627477,0.5132536547363865,2016,-0.0046720725295593,0.0022476961114856,0.4916980296657073
Eastern Cape,Ward 21503006,EC153,4973,0.4749648099738588,False,8.511778558714738,0.5167083300172908,2016,0.0485688708875644,0.3286134117018435,0.3879118657772387
Eastern Cape,Ward 21503007,EC153,4700,0.526595744680851,False,8.45531778769815,0.5149872988603911,2016,-0.0058631259283086,0.0449088483770565,0.4755600814663951
Eastern Cape,Ward 21503008,EC153,4023,0.5560526969922943,False,8.299783171949787,0.5140054004500096,2016,-0.0117733899642273,0.1660869565217391,0.5047549378200439
Eastern Cape,Ward 21503009,EC153,4045,0.5362175525339926,False,8.305236829492593,0.514666571931953,2016,-0.0126501471084388,0.2053039332538737,0.449607600165221
Eastern Cape,Ward 21503010,EC153,3940,0.3446700507614213,False,8.27893600229198,0.5210514886577055,2016,-0.1581942082672213,-0.0186799501867994,0.470573988859288
Eastern Cape,Ward 21503011,EC153,4550,0.4934065934065934,False,8.422882511944996,0.5160936039028663,2016,-0.008782122546714,0.1065175097276265,0.4367691641403204
Eastern Cape,Ward 21503012,EC153,4812,0.5182876142975894,False,8.47886807709457,0.5152642365398331,2016,-0.0221379176173042,0.3651063829787233,0.3690205011389522
Eastern Cape,Ward 21503013,EC153,4381,0.4017347637525679,False,8.385032287813898,0.5191493315580005,2016,-0.1689106386894954,0.0917019686020432,0.4148213111159833
Eastern Cape,Ward 21503014,EC153,4499,0.4827739497666148,False,8.411610428841172,0.5164480253575322,2016,-0.0158109558937625,0.0610849056603772,0.4023231256599788
Eastern Cape,Ward 21503015,EC153,4933,0.4859112102169065,False,8.503702601233739,0.5163434500091892,2016,0.0703723630991119,0.2363408521303258,0.3422212891035062
Eastern Cape,Ward 21503016,EC153,3757,0.54990684056428,False,8.231376045573969,0.5142102623309435,2016,-0.0283791609436365,-0.0557929127921588,0.4994840041279669
Eastern Cape,Ward 21503017,EC153,4084,0.5112634671890304,False,8.314832179284556,0.5154983747767851,2016,-0.0007209252301446,0.1382385730211817,0.4224119530416222
Eastern Cape,Ward 21503018,EC153,4436,0.5737150586113616,False,8.397508348470257,0.5134166550627074,2016,0.0030657079620109,0.1522077922077922,0.4346366508688783
Eastern Cape,Ward 21503019,EC153,4951,0.4940416077560088,False,8.507344855361422,0.5160724367578858,2016,0.0067708713749521,0.3553243909115795,0.4003959415986142
Eastern Cape,Ward 21503020,EC153,4317,0.5302293259207783,False,8.370315995555478,0.5148661794857268,2016,0.0090795245653214,0.0088805795746669,0.4059334298118668
Eastern Cape,Ward 21503021,EC153,4390,0.4125284738041002,False,8.387084506069217,0.5187895412229494,2016,-0.0778165034143854,-0.0475157300932956,0.4075564498099709
Eastern Cape,Ward 21503022,EC153,3607,0.5040199611865817,False,8.19063168090354,0.5157398249768667,2016,0.0227168450392728,0.021813031161473,0.4781256479369687
Eastern Cape,Ward 21503023,EC153,3717,0.5394135055152004,False,8.220672170297252,0.5145600401659127,2016,-0.0198686362912132,0.0935569285083848,0.4994742376445846
Eastern Cape,Ward 21503024,EC153,3793,0.5623517005009228,False,8.2409125416889,0.5137954336663887,2016,-0.0341764425816653,-0.0023671751709626,0.6178022482220693
Eastern Cape,Ward 21503025,EC153,3821,0.5781209107563465,False,8.2482674474469,0.5132697933245411,2016,-0.2073471348548972,0.0132590824714928,0.5333666583354162
Eastern Cape,Ward 21503026,EC153,4001,0.5411147213196701,False,8.294299608857235,0.5145033329724303,2016,-0.0252935474141799,0.0338501291989663,0.4783168741949334
Eastern Cape,Ward 21503027,EC153,3793,0.5154231479040338,False,8.2409125416889,0.5153597187529516,2016,-0.0283724725339223,-0.0112095933263816,0.4254173397953689
Eastern Cape,Ward 21503028,EC153,4659,0.5260785576303928,False,8.446556111816797,0.5150045384287396,2016,-0.007852300244127,0.1930857874519846,0.4447724477244772
Eastern Cape,Ward 21503029,EC153,4533,0.4983454665784249,False,8.41913925094085,0.5159289747971386,2016,-0.0428572060273658,0.2619710467706013,0.455578947368421
Eastern Cape,Ward 21503030,EC153,4051,0.5699827203159714,False,8.30671904320269,0.5135410663392204,2016,-0.005985934451116,-0.1181976491075316,0.5021212877464437
Eastern Cape,Ward 21503031,EC153,4084,0.5438295788442703,False,8.314832179284556,0.5144128377216104,2016,0.0348770273670993,-0.0859444941808414,0.4937850353399951
Eastern Cape,Ward 21504001,EC154,4225,0.554792899408284,False,8.348774539791274,0.5626264989683265,2016,-0.061379055555892,0.0811156601842375,0.5595913734392736
Eastern Cape,Ward 21504002,EC154,4566,0.5801576872536137,False,8.42639282708974,0.5612915101343617,2016,-0.0073696650439792,0.2489059080962801,0.559508574353724
Eastern Cape,Ward 21504003,EC154,3887,0.5353743246719835,False,8.265392930852224,0.5636485292176054,2016,-0.0639086317538299,0.0719801434087148,0.4765564950038432
Eastern Cape,Ward 21504004,EC154,3318,0.5548523206751055,False,8.10711747075039,0.5626233715332306,2016,-0.0005501049037258,-0.0854465270121278,0.4573362339859801
Eastern Cape,Ward 21504005,EC154,3420,0.5684210526315789,False,8.13739583005665,0.5619092277460479,2016,0.0130818770392387,0.110029211295034,0.4890142517814727
Eastern Cape,Ward 21504006,EC154,4158,0.4728234728234728,False,8.332789468417959,0.5669406793148956,2016,-0.0378521633274485,0.2161450716583797,0.394240317775571
Eastern Cape,Ward 21504007,EC154,4307,0.550034827025772,False,8.36799688505411,0.562876923830564,2016,0.0182660806033335,0.2326846021751574,0.5094105993065874
Eastern Cape,Ward 21504008,EC154,3596,0.6187430478309233,False,8.18757739559151,0.5592607016829244,2016,0.0144863135442587,0.1958762886597937,0.5526943252265141
Eastern Cape,Ward 21504009,EC154,3353,0.5666567253206084,False,8.117610746466228,0.5620020870782042,2016,-0.0128848415627306,0.1471091344509065,0.4953757225433526
Eastern Cape,Ward 21504010,EC154,3480,0.6192528735632183,False,8.15478757276852,0.5592338687496458,2016,-0.0327079107505071,-0.0522875816993464,0.6584579302257403
Eastern Cape,Ward 21504011,EC154,4051,0.5714638360898544,False,8.30671904320269,0.5617490812482439,2016,-0.0032168968362977,0.1246529705719043,0.6082834331337326
Eastern Cape,Ward 21504012,EC154,4166,0.557369179068651,False,8.334711621820917,0.5624909053019914,2016,-0.0299077798142038,0.0773209206102922,0.4861111111111111
Eastern Cape,Ward 21504013,EC154,3016,0.5779177718832891,False,8.011686729127847,0.5614094004170105,2016,0.0417935315051661,0.0182309250506413,0.5048566142460684
Eastern Cape,Ward 21504014,EC154,3441,0.5300784655623365,False,8.14351740579748,0.563927258644429,2016,-0.0503433159925895,0.0830972615675165,0.4573891625615763
Eastern Cape,Ward 21504015,EC154,3593,0.5385471750626217,False,8.186742787113518,0.5634815370917824,2016,0.0145989549978967,0.1627831715210355,0.4255906719852715
Eastern Cape,Ward 21504016,EC154,3743,0.6104728827144003,False,8.22764270790443,0.5596959735311625,2016,0.0071809781124519,0.2573060127645281,0.5748074807480749
Eastern Cape,Ward 21504017,EC154,3667,0.5748568311971639,False,8.207129168071326,0.5615705025583855,2016,-0.0226973655788227,0.0191773207337409,0.520410996945293
Eastern Cape,Ward 21504018,EC154,4029,0.5534872176718789,False,8.301273485191347,0.5626952190597162,2016,0.0237798573408117,0.1909547738693466,0.4760312151616499
Eastern Cape,Ward 21504019,EC154,3572,0.5545912653975364,False,8.18088094199639,0.5626371112846816,2016,-0.0093782002513185,0.0906870229007632,0.5583541147132169
Eastern Cape,Ward 21504020,EC154,4279,0.5548025239541949,False,8.361474616416817,0.5626259924132786,2016,0.0308504281458117,0.1646706586826347,0.5031037540644399
Eastern Cape,Ward 21505001,EC155,4710,0.5348195329087049,False,8.457443187010464,0.5092731465490262,2016,-0.0570172017851726,0.1048557353976074,0.4277970511708586
Eastern Cape,Ward 21505002,EC155,3716,0.5158772874058127,False,8.22040309993373,0.5099045547324559,2016,-0.1169772906911351,0.1119090365050867,0.4944432338200044
Eastern Cape,Ward 21505003,EC155,4237,0.5662025017701203,False,8.351610750626559,0.508227047586979,2016,-0.0086139860898457,0.1962168266516093,0.4326492097192734
Eastern Cape,Ward 21505004,EC155,4146,0.5453449107573565,False,8.329899292995725,0.5089223006207378,2016,-0.0083740975071063,0.1053052519328179,0.4277763053273257
Eastern Cape,Ward 21505005,EC155,4279,0.5555036223416686,False,8.361474616416817,0.5085836769012607,2016,-0.0599613724336709,0.1178160919540229,0.4673292450835272
Eastern Cape,Ward 21505006,EC155,4516,0.5436226749335695,False,8.415381925269553,0.5089797084815307,2016,-0.0101958796538215,0.1573552024602766,0.4681000233699462
Eastern Cape,Ward 21505007,EC155,4409,0.4288954411431163,False,8.391403185357937,0.5128039496078791,2016,-0.0706753743075275,0.261516452074392,0.4010605637733743
Eastern Cape,Ward 21505008,EC155,4501,0.5089980004443457,False,8.412054873292933,0.5101338642978381,2016,0.050004014659764,0.2304537998906506,0.447070914696814
Eastern Cape,Ward 21505009,EC155,4819,0.4664868229923221,False,8.480321716640333,0.5115509035462389,2016,-0.0557029192346245,0.2806271591815041,0.4591395401775552
Eastern Cape,Ward 21505010,EC155,4674,0.4850235344458707,False,8.449770515098804,0.5109330131644539,2016,-0.0054592882096539,0.084958217270195,0.35361380798274
Eastern Cape,Ward 21505011,EC155,4733,0.5077118106908938,False,8.462314529906248,0.5101767372896199,2016,0.0571330039233069,0.4048679133273969,0.3720826850411202
Eastern Cape,Ward 21505012,EC155,4743,0.3755007379295804,False,8.464425125877582,0.5145837730483304,2016,-0.0546944683960929,0.1719792438843588,0.3322087269455691
Eastern Cape,Ward 21505013,EC155,3542,0.5073404856013551,False,8.17244681834278,0.5101891147926045,2016,-0.0272669524151737,-0.0852272727272727,0.3883560115993754
Eastern Cape,Ward 21505014,EC155,3664,0.5343886462882096,False,8.20631072579402,0.509287509436376,2016,0.0278181747602528,-0.055913424375161,0.4320058280718795
Eastern Cape,Ward 21505015,EC155,4652,0.531384350816853,False,8.445052513638554,0.5093876526187545,2016,0.0124264536314609,0.0821121190974645,0.3802721088435374
Eastern Cape,Ward 21505016,EC155,4056,0.4726331360946745,False,8.30795254527102,0.5113460264428272,2016,-0.0937807925770469,0.139005897219882,0.453105355795826
Eastern Cape,Ward 21505017,EC155,4794,0.5185648727576136,False,8.475120414994329,0.5098149685540626,2016,0.0308561529060366,0.1117810760667903,0.4152659134747864
Eastern Cape,Ward 21505018,EC155,3760,0.575,False,8.23217423638394,0.507933797645983,2016,0.0002555954683614,0.0389610389610388,0.4627089049638314
Eastern Cape,Ward 21505019,EC155,4043,0.5847143210487262,False,8.304742269640771,0.5076099869443589,2016,-0.0083644379011544,-0.0350835322195703,0.481500125849484
Eastern Cape,Ward 21505020,EC155,4684,0.5046968403074296,False,8.451907724717607,0.5102772363024021,2016,-0.0386006156612592,0.1457925636007828,0.447457627118644
Eastern Cape,Ward 21505021,EC155,3621,0.4794255730461199,False,8.19450550976564,0.511119611877779,2016,-0.0143978677493004,0.0909912624284423,0.4354197194892191
Eastern Cape,Ward 21505022,EC155,3773,0.4542804134640869,False,8.235625719964311,0.5119577838638468,2016,-0.0574411115181532,-0.1065593180203646,0.3791621911922664
Eastern Cape,Ward 21505023,EC155,3529,0.5069424766222727,False,8.16876982367527,0.5102023817585739,2016,-0.0395278128647765,-0.1038598273235145,0.3921052631578947
Eastern Cape,Ward 21505024,EC155,3877,0.4802682486458602,False,8.262816937670928,0.511091522691121,2016,-0.0356746605554759,0.1773458852110536,0.4545454545454545
Eastern Cape,Ward 21505025,EC155,4591,0.5286429971683729,False,8.431853144249223,0.509479031073704,2016,-0.0558415936924134,0.2197130712008501,0.4230110159118727
Eastern Cape,Ward 21505026,EC155,4416,0.4719202898550724,False,8.392989587956931,0.5113697879841472,2016,-0.0413902903497057,0.004778156996587,0.4491315136476427
Eastern Cape,Ward 21505027,EC155,3728,0.5686695278969958,False,8.223627175805483,0.5081448133827499,2016,-0.0793601117123002,0.2556416301785114,0.4841930116472546
Eastern Cape,Ward 21505028,EC155,3690,0.5739837398373984,False,8.213381737034572,0.5079676729847364,2016,-0.0503756210308561,0.1124510099487487,0.435672514619883
Eastern Cape,Ward 21505029,EC155,4359,0.4517091075934847,False,8.379997952238393,0.5120434940595335,2016,-0.0288537352398088,0.0395897925113284,0.3491175204476969
Eastern Cape,Ward 21505030,EC155,4684,0.5113151152860803,False,8.451907724717607,0.510056627136447,2016,-0.0527136616923369,0.1232613908872901,0.403177527055031
Eastern Cape,Ward 21505031,EC155,3737,0.5231469092855231,False,8.226038429485484,0.5096622340031323,2016,-0.0617825261983479,-0.0582157258064516,0.4134275618374558
Eastern Cape,Ward 21506001,EC156,3873,0.5517686547895688,False,8.261784679514752,0.5226411314678618,2016,-0.0387244069169561,0.1434898139946856,0.4481605351170568
Eastern Cape,Ward 21506002,EC156,3322,0.4704996989765201,False,8.10832229017324,0.5258918897003838,2016,0.0255643881529164,0.0482802145787315,0.3329077561442706
Eastern Cape,Ward 21506003,EC156,3470,0.4988472622478386,False,8.151909872940905,0.524757987169531,2016,-0.0245510664429692,-0.0334261838440111,0.4098699763593381
Eastern Cape,Ward 21506004,EC156,3426,0.4287799182720374,False,8.139148678884066,0.5275606809285631,2016,-0.072782137961987,-0.0269809713149673,0.3930741190765492
Eastern Cape,Ward 21506005,EC156,4170,0.5189448441247002,False,8.335671314792847,0.5239540838944565,2016,0.0009534370355487,0.1197636949516649,0.4776909503403075
Eastern Cape,Ward 21506006,EC156,4055,0.4049321824907521,False,8.307705966549513,0.5285145903598145,2016,-0.0581988441683516,0.1500283607487238,0.3868040225656119
Eastern Cape,Ward 21506007,EC156,4265,0.5458382180539273,False,8.35819745992578,0.5228783489372875,2016,-0.0082542167511333,0.1012135295636458,0.4508263343267407
Eastern Cape,Ward 21506008,EC156,3599,0.5137538205056961,False,8.188411308079031,0.5241617248392167,2016,-0.0595755703872666,0.0641632170313424,0.4307030129124821
Eastern Cape,Ward 21506009,EC156,3949,0.5249430235502659,False,8.28121766128665,0.5237141567174339,2016,-0.0617592818289522,0.3194119612429,0.5120466649759067
Eastern Cape,Ward 21506010,EC156,4102,0.5202340321794247,False,8.319229938632326,0.5239025163722676,2016,-0.0818226833082662,0.2782798379557494,0.4340727048675292
Eastern Cape,Ward 21506011,EC156,3636,0.5792079207920792,False,8.19863945529737,0.5215435608277614,2016,-0.0741726519861907,0.0735163861824623,0.3622281799225499
Eastern Cape,Ward 21506012,EC156,3474,0.5046056419113414,False,8.153061946801051,0.5245276519829909,2016,-0.0697237639547905,-0.1291050388568563,0.5105659460772407
Eastern Cape,Ward 21506013,EC156,4210,0.5714964370546318,False,8.345217926676428,0.5218520201772593,2016,-0.0358117237249053,0.0255785627283799,0.4765298599164413
Eastern Cape,Ward 21506014,EC156,4003,0.5690731951036723,False,8.294799358992574,0.5219489498552977,2016,-0.0319766736627319,0.0506561679790025,0.5496417604912999
Eastern Cape,Ward 21506015,EC156,3768,0.4891188959660297,False,8.234299635696253,0.5251471218208034,2016,-0.0171803166323955,-0.011023622047244,0.4489041457618167
Eastern Cape,Ward 21506016,EC156,3336,0.5494604316546763,False,8.112527763478637,0.5227334603932575,2016,-0.0067305892203594,-0.0460394623963397,0.459718026183283
Eastern Cape,Ward 21506017,EC156,3831,0.5476376925084834,False,8.25088114470065,0.5228063699591052,2016,-0.0039463854768944,0.0373679935012185,0.4676931536981028
Eastern Cape,Ward 21506018,EC156,3272,0.5204767726161369,False,8.093156697722637,0.5238928067547991,2016,-0.0488095367423746,-0.0913635101360733,0.462214983713355
Eastern Cape,Ward 21506019,EC156,3715,0.5636608344549126,False,8.220133957151859,0.522165444281248,2016,-0.0050488429644423,0.1983870967741936,0.5037546933667084
Eastern Cape,Ward 21506020,EC156,3260,0.5202453987730061,False,8.089482474360754,0.5239020617085243,2016,-0.0486613835125312,0.0096004955094457,0.4680717206668763
Eastern Cape,Ward 21506021,EC156,3704,0.558585313174946,False,8.21716859576607,0.5223684651324467,2016,-0.0247480201583873,0.220026350461133,0.4309126871997739
Eastern Cape,Ward 21506022,EC156,3388,0.5817591499409681,False,8.127995055771946,0.5214415116618059,2016,-0.0251307405934813,0.0907920154539601,0.5279141104294478
Eastern Cape,Ward 21506023,EC156,4133,0.5535930316961045,False,8.326758814511733,0.5225681563916004,2016,-0.0632383358525088,0.3175007969397514,0.493492972410203
Eastern Cape,Ward 21506024,EC156,3679,0.5115520521880946,False,8.210396255104774,0.5242497955719209,2016,-0.051369296126512,0.0334269662921349,0.4954038082731451
Eastern Cape,Ward 21506025,EC156,3991,0.5073916311701328,False,8.291797105048733,0.5244162124126392,2016,-0.0472259180751984,0.0209772320286518,0.5491403643828586
Eastern Cape,Ward 21506026,EC156,3336,0.5113908872901679,False,8.112527763478637,0.5242562421678378,2016,-0.0605099391561131,0.1028099173553718,0.4376374489475337
Eastern Cape,Ward 21507001,EC157,5412,0.43810051736881,False,8.59637398929068,0.4502940532435405,2016,-0.0114229216508359,0.05271347986773,0.3171940526115135
Eastern Cape,Ward 21507002,EC157,5814,0.4052287581699346,False,8.668024081118821,0.4512608696905662,2016,0.0295102422319447,0.012715554781397,0.2956603773584905
Eastern Cape,Ward 21507003,EC157,5941,0.3906749705436795,False,8.689632748355741,0.45168892226780905,2016,-0.0295751579469835,0.0178173719376391,0.3604446012702893
Eastern Cape,Ward 21507004,EC157,6586,0.4582447616155481,False,8.792701462936309,0.44970157547157763,2016,-0.0442594120071563,0.2216657391949545,0.4416666666666666
Eastern Cape,Ward 21507005,EC157,6936,0.296280276816609,False,8.844480518460378,0.4544652367891935,2016,0.0434047975700679,0.1561926987831305,0.1476190476190476
Eastern Cape,Ward 21507006,EC157,4842,0.4566294919454771,False,8.485083137498004,0.44974908340305025,2016,0.0773542476458028,-0.0142508143322475,0.324740207833733
Eastern Cape,Ward 21507007,EC157,4309,0.3397540032490136,False,8.368461137615839,0.45318659777647563,2016,0.0119523232654036,-0.1171891005941405,0.5090946249744533
Eastern Cape,Ward 21507008,EC157,4860,0.382716049382716,False,8.48879371689454,0.4519230081843079,2016,0.0798661215327881,-0.1233766233766233,0.3145147535391437
Eastern Cape,Ward 21507009,EC157,6161,0.3906833306281448,False,8.725994381014571,0.45168867638297183,2016,-0.05453862432484,0.3472556308768861,0.3001437076575652
Eastern Cape,Ward 21507010,EC157,6169,0.485005673528935,False,8.72729202920964,0.4489144898270662,2016,-0.0094955805710071,0.1902373142967393,0.4183340138832176
Eastern Cape,Ward 21507011,EC157,6782,0.4202300206428782,False,8.822027322685583,0.45081965608842084,2016,0.0408426562523229,0.082003828972559,0.3227053140096618
Eastern Cape,Ward 21507012,EC157,6519,0.364473078693051,False,8.782476268924539,0.4524595661457687,2016,-0.0099215306983997,0.3727100442198356,0.2496694995278564
Eastern Cape,Ward 21507013,EC157,5234,0.484715322888804,False,8.562931083090092,0.448923029551776,2016,0.0392477558742756,0.0710047063638223,0.4018063432052089
Eastern Cape,Ward 21507014,EC157,5231,0.4366277958325368,False,8.562357743370612,0.4503373685828426,2016,-0.056654738757397,0.0489272107479445,0.3442815249266862
Eastern Cape,Ward 21507015,EC157,4921,0.4253200568990042,False,8.501267040865978,0.45066994913971126,2016,-0.0605844066875267,-0.0366092404072043,0.4483193277310924
Eastern Cape,Ward 21507016,EC157,5698,0.4650754650754651,False,8.647870515057853,0.4495006724286389,2016,-0.0603733596515383,0.0545992966870256,0.4180572633058141
Eastern Cape,Ward 21507017,EC157,5146,0.4692965410027205,False,8.545974992841689,0.44937652313666077,2016,-0.0638451870375165,-0.075624214118915,0.4451501154734411
Eastern Cape,Ward 21507018,EC157,6626,0.5055840627829762,False,8.798756582859841,0.4483092430843003,2016,-0.0257245876179792,0.1305238013990786,0.4421790898711466
Eastern Cape,Ward 21507019,EC157,6456,0.4451672862453532,False,8.772765209949785,0.45008620710011277,2016,-0.0303023471670123,0.1774575962064564,0.4102853458004191
Eastern Cape,Ward 21507020,EC157,6190,0.4951534733441033,False,8.730690365678642,0.4486160251266201,2016,-0.0233224668759656,0.0165872885531286,0.4308546433378196
Eastern Cape,Ward 21507021,EC157,6182,0.4687803299902944,False,8.729397122692061,0.44939170581349686,2016,-0.0775827106388012,0.0127785058977718,0.4428284078601269
Eastern Cape,Ward 21507022,EC157,5272,0.4990515933232169,False,8.570165076182343,0.4485013745389991,2016,-0.0509484066767831,-0.1631746031746032,0.4786977491961415
Eastern Cape,Ward 21507023,EC157,6506,0.5124500461112819,False,8.780480107033297,0.4481073023981737,2016,-0.0279539942927585,0.0268308080808081,0.5309054460407617
Eastern Cape,Ward 21507024,EC157,6824,0.5096717467760844,False,8.828201089171515,0.44818901708450304,2016,-0.0807669647819975,-0.0053927998833989,0.4579932789246279
Eastern Cape,Ward 21507025,EC157,5990,0.4298831385642738,False,8.697846691109495,0.4505357408554386,2016,-0.125620520162178,-0.0674139810057605,0.3770676088003854
Eastern Cape,Ward 21507026,EC157,5437,0.5125988596652565,False,8.600982717145921,0.4481029255289391,2016,-0.0111714634464948,0.1189545173904096,0.4612258719945817
Eastern Cape,Ward 21507027,EC157,5773,0.4675212194699463,False,8.660947155060933,0.44942873847586,2016,-0.0860061608951252,-0.0506495642164117,0.420312774556317
Eastern Cape,Ward 21507028,EC157,6278,0.4732398853137942,False,8.744806737401898,0.4492605424216292,2016,-0.0464893535833496,0.0364867095922074,0.4113774476704929
Eastern Cape,Ward 21507029,EC157,6612,0.4668784029038113,False,8.796641458940915,0.44944764484545224,2016,-0.1055126970648506,0.0360388592917579,0.4501445086705202
Eastern Cape,Ward 21507030,EC157,6574,0.4225737754791603,False,8.790877754224164,0.45075072212264783,2016,0.0101826815779018,0.2727976766698934,0.2690183502583289
Eastern Cape,Ward 21507031,EC157,5585,0.5059982094897045,False,8.6278397115033,0.44829706229880834,2016,0.003659939809268,0.0882696804364771,0.4521340247307538
Eastern Cape,Ward 21507032,EC157,5819,0.4725897920604915,False,8.66888370465667,0.4492796628114322,2016,-0.0236889094438632,-0.0785431512272367,0.4277625570776255
Eastern Cape,Ward 21507033,EC157,5368,0.5007451564828614,False,8.588210678651517,0.44845156385783314,2016,0.0272556373706542,0.1031648170982326,0.4311135571454779
Eastern Cape,Ward 21507034,EC157,5978,0.4713951154232185,False,8.695841342843883,0.44931480035958726,2016,-0.008186251291331,0.2267596962856557,0.4233076263924593
Eastern Cape,Ward 21507035,EC157,6003,0.47976011994003,False,8.700014623251842,0.4490687708149752,2016,-0.0340604025893149,0.1365013252555851,0.3619691119691119
Eastern Cape,Ward 24401001,EC441,4492,0.4942119323241318,False,8.410053315858335,0.5978515028227843,2016,0.0308989806843318,0.2484713729849916,0.4514743773260807
Eastern Cape,Ward 24401002,EC441,3734,0.5623995715050883,False,8.225235324101668,0.5951239972555461,2016,-0.0103344368920467,-0.0777969869103482,0.4052631578947368
Eastern Cape,Ward 24401003,EC441,3716,0.6442411194833154,False,8.22040309993373,0.591850335336417,2016,0.0389290344899555,-0.0130146082337317,0.5713245997088792
Eastern Cape,Ward 24401004,EC441,3886,0.5898095728255275,False,8.265135629937385,0.5940275972027285,2016,-0.0027935566197072,0.1055476529160739,0.5331550802139038
Eastern Cape,Ward 24401005,EC441,3541,0.5645297938435471,False,8.172164452111904,0.5950387883620077,2016,-0.0667993200805036,0.1205696202531645,0.5314797059763503
Eastern Cape,Ward 24401006,EC441,3804,0.6169821240799159,False,8.24380842366528,0.592940695152553,2016,0.0179516531657885,0.317174515235457,0.5151343705799152
Eastern Cape,Ward 24401007,EC441,3711,0.5785502559956885,False,8.219056661060598,0.594477969875922,2016,0.0139368877125954,-0.0272608125819134,0.5349716446124764
Eastern Cape,Ward 24401008,EC441,3905,0.5851472471190781,False,8.270013062273787,0.5942140902309865,2016,0.0303566561839088,0.1201950659781985,0.5036997885835095
Eastern Cape,Ward 24401009,EC441,4302,0.5216178521617852,False,8.366835309827675,0.5967552660292782,2016,-0.0871041345129572,0.3028467595396729,0.4894409937888199
Eastern Cape,Ward 24401010,EC441,3990,0.6117794486215539,False,8.29154650988391,0.5931488021708874,2016,0.0074257071249552,0.0857142857142856,0.5662592858854542
Eastern Cape,Ward 24401011,EC441,4032,0.5828373015873016,False,8.302017809751204,0.5943064880522575,2016,-0.0506904691456427,0.0225716459548566,0.5343980343980343
Eastern Cape,Ward 24401012,EC441,3813,0.6050354051927616,False,8.246171559857563,0.5934185639080392,2016,-0.013529337396942,-0.0085803432137285,0.5227221342979878
Eastern Cape,Ward 24401013,EC441,3296,0.6504854368932039,False,8.100464891029363,0.5916005626400215,2016,0.0081579982166494,-0.0598973188819167,0.583743842364532
Eastern Cape,Ward 24401014,EC441,3352,0.6181384248210023,False,8.117312461601975,0.5928944431229095,2016,0.0137501269486619,0.1143617021276595,0.4824451410658307
Eastern Cape,Ward 24401015,EC441,3663,0.5992355992355992,False,8.206037762778815,0.5936505561463256,2016,-0.0145397467573199,0.1789507563566141,0.4856512141280353
Eastern Cape,Ward 24401016,EC441,4228,0.618968779564806,False,8.349484346990128,0.5928612289331574,2016,0.0400042728894559,0.3767502442201238,0.5289281364190013
Eastern Cape,Ward 24401017,EC441,3971,0.6328380760513724,False,8.286773231131251,0.5923064570736947,2016,0.0031178913189627,0.0787829394186363,0.5351861295257522
Eastern Cape,Ward 24401018,EC441,3374,0.6004742145820984,False,8.123854263105914,0.5936010115324657,2016,-0.0146809166828181,0.006563245823389,0.5010839269123568
Eastern Cape,Ward 24401019,EC441,3498,0.4719839908519154,False,8.159946655578548,0.598740620481673,2016,0.0491825013073722,0.0020051561157261,0.4046997389033943
Eastern Cape,Ward 24401020,EC441,3818,0.5746464117338921,False,8.247482004285693,0.5946341236463939,2016,0.0027981211356015,0.0197649572649571,0.4347324723247232
Eastern Cape,Ward 24401021,EC441,3457,0.6398611512872433,False,8.148156439921625,0.5920255340642598,2016,-0.0121774419278205,0.0759414877061936,0.6115384615384616
Eastern Cape,Ward 24401022,EC441,3317,0.5580343684051854,False,8.106816038947052,0.5952986053795422,2016,-0.0316058301059808,0.0288461538461537,0.5582390706206053
Eastern Cape,Ward 24401023,EC441,3250,0.6150769230769231,False,8.086410275323782,0.5930169031926726,2016,-0.0059786479926106,-0.0924322814856185,0.5436778205507847
Eastern Cape,Ward 24401024,EC441,3268,0.6202570379436965,False,8.091933455979893,0.5928096985980017,2016,0.0036897332684533,0.0254157514904298,0.560195062480951
Eastern Cape,Ward 24401025,EC441,4240,0.6127358490566037,False,8.352318548226004,0.5931105461534855,2016,0.0020488261558403,0.2448620082207868,0.5577105014191107
Eastern Cape,Ward 24401026,EC441,3877,0.670621614650503,False,8.262816937670928,0.5907951155297294,2016,0.0058050867442432,0.1954979956830096,0.5879278808466162
Eastern Cape,Ward 24402001,EC442,3939,0.6202081746636202,False,8.278682162970906,0.539319039929881,2016,-0.0732950892468553,0.2244327012744793,0.5521176768957646
Eastern Cape,Ward 24402002,EC442,3874,0.5668559628291172,False,8.262042843966942,0.5413710480773618,2016,-0.0072181112449568,0.4640967498110355,0.5265524023602135
Eastern Cape,Ward 24402003,EC442,3232,0.5618811881188119,False,8.080856419640986,0.5415623855662197,2016,-0.0446251768033946,-0.0857142857142857,0.4561531007751938
Eastern Cape,Ward 24402004,EC442,4058,0.6153277476589453,False,8.30844552038576,0.53950674866083,2016,0.0083670515893382,0.2175217521752175,0.5169213973799127
Eastern Cape,Ward 24402005,EC442,3704,0.5990820734341252,False,8.21716859576607,0.5401315822848616,2016,-0.0110470904000011,0.2590074779061861,0.5876288659793815
Eastern Cape,Ward 24402006,EC442,3155,0.6196513470681458,False,8.056743774975313,0.5393404563758607,2016,-0.0409984724264389,0.0354446997046276,0.5377329666972197
Eastern Cape,Ward 24402007,EC442,4860,0.5415637860082304,False,8.48879371689454,0.5423438241089344,2016,0.0204202481880994,0.4472900536033353,0.4902127659574468
Eastern Cape,Ward 24402008,EC442,3513,0.6077426700825506,False,8.164225652265827,0.5397984824137683,2016,0.0231671678142421,0.1383668178872326,0.492121553179516
Eastern Cape,Ward 24402009,EC442,3516,0.5136518771331058,False,8.165079258805068,0.54341735906567,2016,-0.0390946896584047,0.097378277153558,0.4642857142857143
Eastern Cape,Ward 24402010,EC442,3847,0.5126072264101897,False,8.255048902752295,0.5434575379396283,2016,-0.0360790177938288,-0.0090159711488922,0.4885832187070151
Eastern Cape,Ward 24402011,EC442,4092,0.5549853372434017,False,8.316789127071518,0.5418276105998894,2016,-0.0658555190888139,0.0554552489037916,0.5441988950276243
Eastern Cape,Ward 24402012,EC442,3427,0.5307849430989203,False,8.139440521874608,0.5427583949900617,2016,0.0341988086451388,-0.1000525210084033,0.4917471192774836
Eastern Cape,Ward 24402013,EC442,3577,0.5255800950517193,False,8.182279739259018,0.5429585814534156,2016,0.0271119577968173,0.0958946078431373,0.4864056552474171
Eastern Cape,Ward 24402014,EC442,3960,0.5343434343434343,False,8.283999304248526,0.5426215299421958,2016,-0.0210371430843872,0.0393700787401574,0.4347716376482463
Eastern Cape,Ward 24402015,EC442,3693,0.5477931221229353,False,8.214194414852564,0.5421042342583688,2016,-0.018863234202459,0.1422827095576864,0.5033713692946058
Eastern Cape,Ward 24402016,EC442,4158,0.5004810004810005,False,8.332789468417959,0.5439239312445971,2016,0.0666741822991823,0.1812499999999999,0.3647196261682243
Eastern Cape,Ward 24402017,EC442,3776,0.511917372881356,False,8.236420527265391,0.5434840707676604,2016,0.0476073796794525,0.2834806254248809,0.4063476797307045
Eastern Cape,Ward 24402018,EC442,4061,0.3730608224575227,False,8.309184527686298,0.5488247073224232,2016,0.0535191292684711,0.2924888605983451,0.2961325966850828
Eastern Cape,Ward 24402019,EC442,3641,0.4910738808019775,False,8.200013648175434,0.5442857435399442,2016,-0.0307241154070666,-0.0140806932033576,0.4341552990556138
Eastern Cape,Ward 24402020,EC442,4117,0.5110517367014816,False,8.322880021769905,0.5435173644668863,2016,0.0077640654686048,0.1279452054794521,0.4459211732355637
Eastern Cape,Ward 24402021,EC442,4253,0.5123442276040442,False,8.355379895253634,0.5434676532783261,2016,-0.0056474041951189,0.1863319386331938,0.4479902557856273
Eastern Cape,Ward 24402022,EC442,3501,0.5612682090831191,False,8.160803920954665,0.5415859616829771,2016,0.0210620235161088,0.031222385861561,0.4591346153846153
Eastern Cape,Ward 24402023,EC442,3970,0.5624685138539043,False,8.286521373681236,0.54153979611487,2016,-0.0043016724814994,0.0274327122153208,0.5618896806545263
Eastern Cape,Ward 24402024,EC442,4095,0.5682539682539682,False,8.31752199628717,0.5413172786379445,2016,-0.0619570456420688,0.0537828100874935,0.5039290240811153
Eastern Cape,Ward 24402025,EC442,4065,0.4489544895448955,False,8.310169021981912,0.545905720126755,2016,-0.1072359866455807,0.1061224489795917,0.3889284865763839
Eastern Cape,Ward 24402026,EC442,4033,0.6513761467889908,False,8.302265794873367,0.5381202717712129,2016,0.051829918768571,0.1437889960294951,0.5430296930045294
Eastern Cape,Ward 24402027,EC442,3322,0.4981938591210114,False,8.10832229017324,0.5440118982199813,2016,-0.0348654077512051,0.1380609797875984,0.4616526472043543
Eastern Cape,Ward 24403001,EC443,4726,0.3906051629284807,False,8.460834457746854,0.5660219873460675,2016,-0.0756492065256736,0.2707717128260285,0.326673751328374
Eastern Cape,Ward 24403002,EC443,3831,0.5536413469068129,False,8.25088114470065,0.560587447880123,2016,0.074879040296405,0.0776371308016876,0.490387080235837
Eastern Cape,Ward 24403003,EC443,3700,0.5659459459459459,False,8.216088098632316,0.5601772945788187,2016,-0.0327402290316592,0.1048074051955807,0.4904423812124522
Eastern Cape,Ward 24403004,EC443,3751,0.6001066382298054,False,8.229777750081887,0.5590386048360233,2016,0.0511544955960862,0.173287456990929,0.5052362707535122
Eastern Cape,Ward 24403005,EC443,3603,0.5809048015542604,False,8.189522110748094,0.5596786660585414,2016,-0.0304864769980979,0.0688223079204983,0.5225949542556141
Eastern Cape,Ward 24403006,EC443,4813,0.522543112403906,False,8.47907586930311,0.5616240556968867,2016,-0.0417972539304319,0.1159285879897982,0.4852263486039577
Eastern Cape,Ward 24403007,EC443,3776,0.5590572033898306,False,8.236420527265391,0.5604069193306891,2016,-0.0029312779681567,0.1445892694755985,0.4379746835443038
Eastern Cape,Ward 24403008,EC443,4676,0.5425577416595381,False,8.450198322591959,0.5609569013883655,2016,-0.0501623763926015,0.1500245941957698,0.5225571947829806
Eastern Cape,Ward 24403009,EC443,4561,0.5511949133961851,False,8.4252971767117,0.5606689956638107,2016,-0.0408050866038148,-0.0644102564102564,0.4647739221871714
Eastern Cape,Ward 24403010,EC443,4412,0.5167724388032638,False,8.392083380373393,0.5618164114835746,2016,0.0548356185029013,0.1424132573795959,0.4496792744967927
Eastern Cape,Ward 24403011,EC443,4099,0.5691632105391559,False,8.318498320504338,0.5600700524257116,2016,0.0700982893529416,0.0951108736307775,0.4762368998293931
Eastern Cape,Ward 24403012,EC443,4214,0.6271950640721404,False,8.346167594364134,0.5581356573079455,2016,0.0057971486828087,0.2918454935622316,0.4527456987980203
Eastern Cape,Ward 24403013,EC443,4787,0.5569250052224776,False,8.473659189392508,0.5604779926029342,2016,0.008537908448284,0.1787737010588526,0.4240039350713231
Eastern Cape,Ward 24403014,EC443,4242,0.5780292314945781,False,8.352790135124629,0.5597745183938642,2016,0.0001624312942776,0.0620931397095643,0.5153774464119292
Eastern Cape,Ward 24403015,EC443,4028,0.5322740814299901,False,8.301025253838453,0.5612996900626839,2016,-0.05694478555279,0.0052408285500373,0.5292533659730723
Eastern Cape,Ward 24403016,EC443,4339,0.581700852731044,False,8.37539918579835,0.5596521310193154,2016,-0.0437116885230813,0.1933443344334433,0.4578703703703703
Eastern Cape,Ward 24403017,EC443,4970,0.5396378269617707,False,8.511175119090675,0.5610542318782912,2016,-0.0100173454520224,0.1425287356321838,0.4568622245818954
Eastern Cape,Ward 24403018,EC443,4468,0.5696060877350044,False,8.404696160189092,0.5600552898525167,2016,-0.0130730094190681,0.0961727183513247,0.4774222827320172
Eastern Cape,Ward 24403019,EC443,4837,0.5503411205292537,False,8.484049972822984,0.5606974554260417,2016,-0.2013397400713739,0.0840430300313761,0.4552643470402169
Eastern Cape,Ward 24403020,EC443,4235,0.5497048406139315,False,8.351138607086154,0.5607186647565524,2016,0.0055187941023036,0.0367197062423501,0.4294418718011211
Eastern Cape,Ward 24403021,EC443,3979,0.5677305855742649,False,8.288785810426928,0.560117806591208,2016,-0.0504512326075532,0.1303977272727272,0.4954152475766308
Eastern Cape,Ward 24403022,EC443,4727,0.5813412312248784,False,8.461046030793236,0.5596641184028541,2016,-0.0059524155985333,0.1823411705852926,0.4605694129503653
Eastern Cape,Ward 24403023,EC443,4730,0.6052854122621565,False,8.46168048148598,0.558865979034945,2016,0.0091468245869382,0.2509918011108172,0.4524739583333333
Eastern Cape,Ward 24403024,EC443,4468,0.6345120859444942,False,8.404696160189092,0.557891756578867,2016,0.0680785195109276,0.4202161474888748,0.4034617762208943
Eastern Cape,Ward 24403025,EC443,4466,0.6233766233766234,False,8.404248432400102,0.5582629386644627,2016,0.0208156183029341,0.0790045904807925,0.5822354441138972
Eastern Cape,Ward 24403026,EC443,3777,0.5673815197246492,False,8.236685322712457,0.5601294421195285,2016,-0.0211969266984395,0.1596561252686521,0.5343995938055344
Eastern Cape,Ward 24403027,EC443,3777,0.594387079692878,False,8.236685322712457,0.5592292567872542,2016,0.0603634110538247,0.1174556213017752,0.5233999494055148
Eastern Cape,Ward 24403028,EC443,3868,0.5103412616339194,False,8.260492856573185,0.5620307840558862,2016,-0.0658806670318666,0.0219286657859973,0.4673965936739659
Eastern Cape,Ward 24403029,EC443,3476,0.5273302646720368,False,8.153637486385282,0.5614644839546156,2016,-0.0756318543823636,-0.0099686698946168,0.4334069168506254
Eastern Cape,Ward 24403030,EC443,4213,0.582008070258723,False,8.345930261979017,0.5596418904350594,2016,0.0300010383220105,0.2343978904189863,0.3757120072909546
Eastern Cape,Ward 24403031,EC443,4286,0.5396640223985067,False,8.363109176033522,0.5610533586970665,2016,-0.0195371188283121,0.2228245363766048,0.4586150617859641
Eastern Cape,Ward 24404001,EC444,3361,0.5840523653674502,False,8.119993827725105,0.535032995214317,2016,0.0077418146043446,0.115129396151294,0.5574455386451805
Eastern Cape,Ward 24404002,EC444,3521,0.5089463220675944,False,8.166500319155052,0.539727122920558,2016,-0.0199769310824629,0.0083046964490263,0.4651222651222651
Eastern Cape,Ward 24404003,EC444,3291,0.4898207231844424,False,8.098946748943339,0.540922472850755,2016,-0.1133741649944713,0.0514376996805112,0.5250551528521904
Eastern Cape,Ward 24404004,EC444,3295,0.5960546282245827,False,8.100161446936607,0.5342828537857462,2016,0.0397865935980997,0.0564283424174414,0.4798105682951146
Eastern Cape,Ward 24404005,EC444,4247,0.5829997645396751,False,8.353968130313271,0.5350987827660529,2016,0.0480324442782371,0.3879084967320261,0.5054001661589588
Eastern Cape,Ward 24404006,EC444,4099,0.472798243474018,False,8.318498320504338,0.5419863778326565,2016,-0.0425356630894672,0.174835196331327,0.5226837060702876
Eastern Cape,Ward 24404007,EC444,4126,0.5433834222006786,False,8.325063693631197,0.5375748041622402,2016,-0.0201996223207823,0.0999733404425486,0.4747972190034762
Eastern Cape,Ward 24404008,EC444,4458,0.5179452669358456,False,8.402455513945814,0.5391646888662923,2016,-0.0421022954898381,0.3252080856123662,0.4437086092715231
Eastern Cape,Ward 24404009,EC444,4108,0.582035053554041,False,8.32069157104845,0.5351590772026551,2016,0.0888843686225341,0.2789539227895392,0.3591078066914498
Eastern Cape,Ward 24404010,EC444,3692,0.4845612134344528,False,8.213923595622743,0.5412511922101293,2016,-0.0321723876364976,0.2356091030789826,0.4306969459671104
Eastern Cape,Ward 24404011,EC444,3497,0.5164426651415499,False,8.159660737063376,0.5392586014784357,2016,-0.0448872251102254,0.1287927695287283,0.4885264030964888
Eastern Cape,Ward 24404012,EC444,3451,0.544190089829035,False,8.146419323098003,0.5375243874354679,2016,0.010399993285902,0.0747430706944876,0.4933774834437086
Eastern Cape,Ward 24404013,EC444,4162,0.5209034118212398,False,8.33375100695358,0.5389798048109552,2016,-0.0530826021647742,0.1641958041958042,0.4405412438199323
Eastern Cape,Ward 24404014,EC444,3259,0.60632095734888,False,8.089175678837561,0.5336412082154777,2016,0.0519701847817887,-0.1165627541339116,0.5018544935805992
Eastern Cape,Ward 24404015,EC444,3923,0.5574815192454754,False,8.274611946209552,0.5366936730969404,2016,-0.0136085281478894,0.3280297901150981,0.498580352072686
Eastern Cape,Ward 24404016,EC444,3432,0.4705710955710955,False,8.140898460607852,0.5421255745765892,2016,-0.0751120561472616,-0.0410729253981558,0.6028169014084507
Eastern Cape,Ward 24404017,EC444,4215,0.566073546856465,False,8.346404870435956,0.5361566713712536,2016,0.0796566180603541,0.2053188447240492,0.4702983848891322
Eastern Cape,Ward 29300001,NMA,13237,0.6596660874820579,True,9.490771217713771,0.6305565960042211,2016,0.0481105319265023,0.3073580246913581,0.4355910745371103
Eastern Cape,Ward 29300002,NMA,9828,0.7366707366707367,True,9.19299073364107,0.6292514324586502,2016,0.16553671605218,-0.1189601075750784,0.4879783610498898
Eastern Cape,Ward 29300003,NMA,11834,0.7487747169173568,True,9.378732023236639,0.6290462802510803,2016,0.0602255281337124,0.1098190002813466,0.58044824278364
Eastern Cape,Ward 29300004,NMA,11538,0.5238342867048015,True,9.353401214816834,0.6328588299157,2016,0.0484924668085261,0.0879773691654879,0.3747640873550822
Eastern Cape,Ward 29300005,NMA,10169,0.5582653161569476,True,9.227099155791137,0.6322752531453246,2016,-0.0198434472652899,0.1741138436670131,0.3575435784411941
Eastern Cape,Ward 29300006,NMA,11971,0.7955893409071924,True,9.39024233725137,0.6282528120478629,2016,0.0550203208861175,0.2614330874604846,0.6022110552763819
Eastern Cape,Ward 29300007,NMA,12920,0.7458204334365325,True,9.466531777336593,0.6290963528524502,2016,0.062205893746803,0.4630279696523609,0.5889758115277403
Eastern Cape,Ward 29300008,NMA,11498,0.787180379196382,True,9.349928386183237,0.6283953368226224,2016,0.0672896416746535,-0.0482575945699859,0.5786153079860534
Eastern Cape,Ward 29300009,NMA,10641,0.796541678413683,True,9.272469743441732,0.6282366707341935,2016,0.0393376285694462,0.0359228971962617,0.6020475251244481
Eastern Cape,Ward 29300010,NMA,11533,0.6877655423567155,True,9.35296777022594,0.630080334057193,2016,0.0329734283610098,0.1256099941440562,0.5496748374187094
Eastern Cape,Ward 29300011,NMA,9131,0.64910743620633,True,9.11943049661634,0.6307355561953352,2016,0.0403650884456169,-0.0193319729352379,0.459986865559621
Eastern Cape,Ward 29300012,NMA,13186,0.7186409828606097,True,9.486910939673246,0.6295570215062795,2016,0.027847860287121,0.2188944352005917,0.5372961411638891
Eastern Cape,Ward 29300013,NMA,9757,0.6279594137542277,True,9.18574025510795,0.6310939972538453,2016,-0.0556907763598407,0.0599674090168387,0.4466604341954918
Eastern Cape,Ward 29300014,NMA,10148,0.5847457627118644,True,9.225031920719173,0.6318264320172753,2016,-0.0476354047263201,0.1457604154905725,0.4248316315446448
Eastern Cape,Ward 29300015,NMA,8806,0.6022030433795139,True,9.0831885863157,0.6315305459042643,2016,-0.041513688858394,0.0189770886368896,0.4850718761518614
Eastern Cape,Ward 29300016,NMA,8130,0.5927429274292743,True,9.003316202541857,0.6316908868525732,2016,-0.0010070725707257,0.071993670886076,0.4430124848973016
Eastern Cape,Ward 29300017,NMA,7618,0.5553951168285639,True,8.938269147038548,0.6323239005915684,2016,-0.066280003794967,-0.0575281454905356,0.509594138853355
Eastern Cape,Ward 29300018,NMA,8505,0.5774250440917108,True,9.048409504829962,0.631950511993888,2016,-0.03834789734872,-0.0458828808615661,0.4042172523961661
Eastern Cape,Ward 29300019,NMA,9432,0.5734732824427481,True,9.151863442217207,0.6320174910048874,2016,-0.0355399650501329,0.1677603070446949,0.3892617449664429
Eastern Cape,Ward 29300020,NMA,9195,0.5601957585644372,True,9.126415137038421,0.6322425337824857,2016,-0.040505644241174,0.1516783567134267,0.3882468650110646
Eastern Cape,Ward 29300021,NMA,7885,0.5978440076093849,True,8.972717499397138,0.6316044278664698,2016,-0.0356475008821235,-0.0153596403596403,0.4193329564725834
Eastern Cape,Ward 29300022,NMA,8136,0.6132005899705014,True,9.004053937728395,0.6313441468095017,2016,-0.0232403970235426,-0.0110611401482921,0.4375
Eastern Cape,Ward 29300023,NMA,8824,0.6167271078875793,True,9.085230560933338,0.6312843753193818,2016,-0.0014714426703408,0.0150695962268492,0.400197628458498
Eastern Cape,Ward 29300024,NMA,6712,0.6142729439809297,True,8.811652248147043,0.6313259713177996,2016,-0.0311542588708024,-0.2523114626267126,0.4168239735724398
Eastern Cape,Ward 29300025,NMA,10390,0.6102021174205967,True,9.248599084093273,0.6313949683781441,2016,-0.0004388933595121,0.2043584096441404,0.4205112219451372
Eastern Cape,Ward 29300026,NMA,9478,0.6074066258704368,True,9.156728602527533,0.6314423495908587,2016,-0.0622110287356704,0.2160636386964332,0.390487514863258
Eastern Cape,Ward 29300027,NMA,9009,0.5858585858585859,True,9.10597935665144,0.6318075706080086,2016,-0.0885724004318441,0.199121522693997,0.3957793889176592
Eastern Cape,Ward 29300028,NMA,8328,0.608669548511047,True,9.027378610294805,0.6314209441223738,2016,-0.0192442328212459,-0.1877499268506778,0.42746949113516
Eastern Cape,Ward 29300029,NMA,10106,0.5702552938848209,True,9.220884585851854,0.6320720331838353,2016,-0.0893815618724814,0.1397315890380062,0.3698050753953659
Eastern Cape,Ward 29300030,NMA,9474,0.6227570192104708,True,9.156306483483696,0.6311821734325531,2016,0.0369344601378002,0.0559518502006242,0.4090600226500566
Eastern Cape,Ward 29300031,NMA,8485,0.6305244549204478,True,9.046055177668327,0.6310505219798416,2016,-0.0301749622319251,-0.1168817651956702,0.4768607967614316
Eastern Cape,Ward 29300032,NMA,12226,0.6747914281040406,True,9.41132011058867,0.6303002342987637,2016,-0.0022009954118317,0.172532847415364,0.4855922188891919
Eastern Cape,Ward 29300033,NMA,9610,0.5645161290322581,True,9.170559501964338,0.6321693071643872,2016,-0.0964120146803166,0.0275876817792986,0.4236335936012188
Eastern Cape,Ward 29300034,NMA,11224,0.6786350677120456,True,9.325809621782296,0.6302350878647298,2016,0.0407690195821529,0.0847588673045327,0.4801569199890521
Eastern Cape,Ward 29300035,NMA,11657,0.6767607446169683,True,9.363662136919832,0.6302668560527819,2016,0.0453924374238909,0.2608977825851812,0.461164603392939
Eastern Cape,Ward 29300036,NMA,9574,0.6059118445790683,True,9.166806369952454,0.6314676848669836,2016,0.0501692107847208,0.1514131088394468,0.4040438269513159
Eastern Cape,Ward 29300037,NMA,10763,0.650840843630958,True,9.283869605264298,0.6307061764084769,2016,-0.0043898884299262,0.3001932834017879,0.4327328134803263
Eastern Cape,Ward 29300038,NMA,11124,0.5421610931319669,True,9.316860215353856,0.6325482060779515,2016,-0.0965236745850588,0.3854776435421596,0.3976664116296863
Eastern Cape,Ward 29300039,NMA,12550,0.7429482071713147,True,9.43747594455993,0.6291450346535556,2016,0.0340819407482746,0.0919690246236839,0.5749087591240876
Eastern Cape,Ward 29300040,NMA,12440,0.6540996784565917,True,9.42867236629317,0.630650941919907,2016,0.0116376448651203,0.2511314492607865,0.5403098848289005
Eastern Cape,Ward 29300041,NMA,13166,0.5609144766823637,True,9.485393028027822,0.6322303521194701,2016,-0.0952797396689394,-0.0599071760085683,0.4716482687045947
Eastern Cape,Ward 29300042,NMA,8328,0.635806916426513,True,9.027378610294805,0.6309609887339761,2016,-0.035612874599916,0.0237246465888136,0.4141949152542373
Eastern Cape,Ward 29300043,NMA,7693,0.5602495775380216,True,8.948066103458935,0.6322416215964929,2016,-0.1116489659074831,-0.034028126569563,0.4492066989863376
Eastern Cape,Ward 29300044,NMA,9137,0.5663784612017073,True,9.120087382998621,0.6321377422123626,2016,-0.1105850616375959,0.0008763281849053,0.4273989136994569
Eastern Cape,Ward 29300045,NMA,10098,0.5909090909090909,True,9.22009266341886,0.6317219688274917,2016,-0.045322341520534,0.0489248987223434,0.4054871687878155
Eastern Cape,Ward 29300046,NMA,10285,0.583373845405931,True,9.238441802087058,0.631849684852969,2016,-0.0245638400540096,-0.0462722551928783,0.4345549738219895
Eastern Cape,Ward 29300047,NMA,8912,0.6060368043087971,True,9.095153962167066,0.6314655669054627,2016,-0.0831333785322717,-0.0358108839121497,0.4297887662025924
Eastern Cape,Ward 29300048,NMA,10793,0.6129899008616696,True,9.286653054825347,0.6313477178113462,2016,0.0208516935507031,0.3511517275913871,0.3765770358098636
Eastern Cape,Ward 29300049,NMA,9756,0.6419639196391964,True,9.18563775933581,0.6308566327473204,2016,0.027973992386818,0.0918858421936206,0.4390913081650571
Eastern Cape,Ward 29300050,NMA,8898,0.5928298494043606,True,9.093581811365986,0.6316894135987583,2016,-0.0207829870345628,-0.2324016563146997,0.3778712059064807
Eastern Cape,Ward 29300051,NMA,11834,0.7453101233733311,True,9.378732023236639,0.6291050021755554,2016,0.0412316515096243,0.221889519876097,0.5101250220109174
Eastern Cape,Ward 29300052,NMA,10722,0.7372691662003358,True,9.280052984387483,0.6292412895852673,2016,-0.0218010252308401,-0.0226071103008204,0.5832124728063814
Eastern Cape,Ward 29300053,NMA,11515,0.670516717325228,True,9.351405812254786,0.6303726870238283,2016,0.0051126769211875,0.2115951178451178,0.4314671814671815
Eastern Cape,Ward 29300054,NMA,11492,0.59963452836756,True,9.34940642009918,0.6315740800570092,2016,-0.0559864613485338,0.0101081128592774,0.4434840983468994
Eastern Cape,Ward 29300055,NMA,11480,0.571602787456446,True,9.348361669873558,0.6320491943097398,2016,-0.036482238165114,0.0893907762383754,0.4162315550510783
Eastern Cape,Ward 29300056,NMA,7499,0.6063475130017336,True,8.92252495730139,0.6314603006564299,2016,-0.0225903420507711,-0.3545360647271475,0.3941319163682569
Eastern Cape,Ward 29300057,NMA,9200,0.5871739130434782,True,9.126958763037132,0.6317852769269089,2016,-0.0347184354962273,0.1103065411537533,0.4167636786961583
Eastern Cape,Ward 29300058,NMA,9805,0.6233554309026007,True,9.190647738630446,0.6311720308615,2016,-0.0316964757681773,0.0078116969883852,0.4129852744310575
Eastern Cape,Ward 29300059,NMA,9027,0.5921125512351834,True,9.107975365298154,0.631701571194846,2016,-0.0284171001908012,0.0216161158895427,0.401886572726214
Eastern Cape,Ward 29300060,NMA,12505,0.6273490603758497,True,9.433883843311719,0.6311043422263602,2016,0.0235875338534357,0.1416963389025838,0.4448424068767908
Free State,Ward 41601001,FS161,2962,0.5600945307224848,False,7.993619994827744,0.5985988701742142,2016,-0.0272014238552298,0.0511000709723208,0.4504428511176718
Free State,Ward 41601002,FS161,3420,0.5880116959064328,False,8.13739583005665,0.5930154371374247,2016,-0.0833846278600941,0.1028700419219605,0.5182967398536261
Free State,Ward 41601003,FS161,3663,0.6049686049686049,False,8.206037762778815,0.5896240553249903,2016,0.0454569060876283,0.2421159715157681,0.5149489975378122
Free State,Ward 41601004,FS161,3282,0.603290676416819,False,8.096208271650037,0.5899596410353475,2016,-0.0947601990374261,0.0842418235877107,0.4901356350184956
Free State,Ward 41601005,FS161,3042,0.5463510848126233,False,8.020270472819238,0.6013475593561866,2016,-0.0243473819676152,0.0364565587734242,0.48582995951417
Free State,Ward 41601006,FS161,3089,0.6503722887665911,False,8.035602692918582,0.580543318565393,2016,0.0391055598528033,-0.0385932150638033,0.5066722268557131
Free State,Ward 41602001,FS162,3232,0.6095297029702971,False,8.080856419640986,0.6245839142496793,2016,-0.067596120688316,0.0141198619391276,0.4300554016620498
Free State,Ward 41602002,FS162,3652,0.6150054764512596,False,8.20303024171486,0.6238016608952561,2016,-0.0186963460763771,0.0911263818344787,0.4991376336667816
Free State,Ward 41602003,FS162,3713,0.5952060328575276,False,8.21959545417708,0.6266301528372179,2016,-0.0721059140451272,0.0268252212389381,0.4918485769549599
Free State,Ward 41602004,FS162,3227,0.6411527734738147,False,8.079308192051961,0.6200663327491769,2016,-0.0348945562351715,0.0319795330988168,0.5061289047054172
Free State,Ward 41602005,FS162,2758,0.6370558375634517,False,7.922261058353247,0.6206516093078002,2016,-0.0259235134689966,0.016961651917404,0.5177453027139874
Free State,Ward 41602006,FS162,3166,0.6370814908401768,False,8.060224240440958,0.6206479445539823,2016,-0.1025614865933024,0.0663523071741327,0.47779632721202
Free State,Ward 41602007,FS162,2885,0.6065857885615251,False,7.9672801789422,0.6250044734509325,2016,-0.0122210870704263,-0.0276373441186383,0.4888608659100462
Free State,Ward 41602008,FS162,3275,0.64,False,8.094073148069352,0.6202310146740075,2016,-0.0035643564356435,0.0133044554455445,0.4979553318653664
Free State,Ward 41603001,FS163,3572,0.4974804031354983,False,8.18088094199639,0.5656332332046483,2016,-0.0683052489121345,0.037467325007261,0.4148125571472112
Free State,Ward 41603002,FS163,3080,0.5785714285714286,False,8.03268487596762,0.5494150281174622,2016,-0.0453830712612913,0.0304449648711944,0.5019577133907596
Free State,Ward 41603003,FS163,2770,0.5249097472924188,False,7.926602599181384,0.5601473643732643,2016,-0.0616430015931681,0.0289747399702822,0.4118382659441434
Free State,Ward 41603004,FS163,2489,0.5588589795098433,False,7.819636302367592,0.5533575179297794,2016,0.06196972194037,0.0323517212774782,0.6438679245283019
Free State,Ward 41603005,FS163,3044,0.5413929040735874,False,8.020927718981577,0.5568507330170306,2016,-0.0130323248175621,0.0322143099355713,0.4878253568429891
Free State,Ward 41603006,FS163,3528,0.6244331065759637,False,8.168486417126681,0.5402426925165552,2016,0.0342841251226344,0.0726664639708118,0.5678552421500799
Free State,Ward 41801001,FS181,3345,0.6236173393124066,False,8.11522197256233,0.5841414576797042,2016,0.0060050461681985,-0.0115248226950354,0.4866508955728286
Free State,Ward 41801002,FS181,2435,0.6390143737166324,False,7.79770203551669,0.5824306760792347,2016,0.0357980954101013,-0.2008532983262225,0.4466501240694789
Free State,Ward 41801003,FS181,3114,0.6307000642260758,False,8.043663352393944,0.583354488244852,2016,0.0538707959333929,-0.050609756097561,0.4706723891273247
Free State,Ward 41801004,FS181,3252,0.5824108241082411,False,8.087025470667701,0.588719959369056,2016,0.0410529824242802,-0.0358731099911058,0.5355921666148585
Free State,Ward 41801005,FS181,3929,0.4937643166200051,False,8.27614021955846,0.5985695713121932,2016,0.0691690311897296,0.1158761715421754,0.3786516853932584
Free State,Ward 41801006,FS181,3194,0.4996869129618034,False,8.069029328774958,0.5979115050519934,2016,0.0464452039686752,-0.0457125784284433,0.3765690376569037
Free State,Ward 41801007,FS181,2921,0.5977404998288257,False,7.979681302387741,0.5870166620667688,2016,0.0080758865502493,-0.0003422313483915,0.4422641509433962
Free State,Ward 41801008,FS181,3145,0.6025437201907791,False,8.05356916913454,0.5864829709154407,2016,0.0458995070860638,-0.0370483772198407,0.4577249575551783
Free State,Ward 41801009,FS181,3126,0.5665387076135636,False,8.047509510981422,0.5904835278684646,2016,0.0222894533875112,0.0361286045740802,0.4615132656403538
Free State,Ward 41801010,FS181,2692,0.6448736998514116,False,7.898039690764619,0.581779639842037,2016,0.0827174842298494,-0.0128346167950128,0.4480446927374302
Free State,Ward 41802001,FS182,3518,0.6887436043206367,False,8.165647925297504,0.601183613964445,2016,0.1325250113558126,0.1048994974874371,0.6479338842975206
Free State,Ward 41802002,FS182,4154,0.6401059220028887,False,8.331827004436057,0.6173961747370277,2016,0.0107809078225143,0.1781055019852524,0.5929253228523301
Free State,Ward 41802003,FS182,3337,0.5849565477974228,False,8.112827478751374,0.635779299472183,2016,0.0269417925995689,0.119047619047619,0.6141235813366961
Free State,Ward 41802004,FS182,2752,0.5784883720930233,False,7.920083199053234,0.6379353580403162,2016,0.0543453569806016,0.0143752303722815,0.5199212985735366
Free State,Ward 41803001,FS183,2718,0.5264900662251656,False,7.907651594711089,0.6084502998333853,2016,-0.0502962254010872,-0.1212415130940833,0.4219773674806432
Free State,Ward 41803002,FS183,4090,0.6063569682151589,False,8.316300249036848,0.5970407424062435,2016,0.0585439968727757,0.2337858220211162,0.4247706422018348
Free State,Ward 41803003,FS183,3407,0.5711769885529792,False,8.133587417660966,0.6020664537865548,2016,-0.0538230114470208,0.021282973621103,0.4187572365881898
Free State,Ward 41803004,FS183,3548,0.6685456595264938,False,8.17413934342947,0.5881566436474813,2016,0.0417375592371978,0.1404693024750885,0.5248249522597072
Free State,Ward 41803005,FS183,2735,0.5254113345521024,False,7.913886714856082,0.6086044043581086,2016,0.0453274771097544,-0.0443745632424877,0.4682332463011314
Free State,Ward 41803006,FS183,3474,0.6027633851468048,False,8.153061946801051,0.5975541114160083,2016,-0.000964816897693,0.0444978953698136,0.4764460345855694
Free State,Ward 41803007,FS183,3109,0.627854615632036,False,8.042056410058754,0.5939696499181181,2016,-0.0362705850100185,0.2475922953451044,0.4748091603053435
Free State,Ward 41803008,FS183,3152,0.6570431472081218,False,8.05579245097777,0.589799859692963,2016,0.0086584740300602,0.1840721262208866,0.4894574079280292
Free State,Ward 41804001,FS184,6460,0.4995356037151702,False,8.773384596776648,0.5476495475073637,2016,-0.0271419148234443,0.1683848797250859,0.4287753807106599
Free State,Ward 41804002,FS184,6631,0.5958377318654803,False,8.799510901368867,0.5448980581316405,2016,0.0253562796160722,0.04672454617206,0.4314798973481608
Free State,Ward 41804003,FS184,6275,0.5918725099601594,False,8.744328763999984,0.5450113501860783,2016,0.0177922978289031,0.0399403380841896,0.5793731041456016
Free State,Ward 41804004,FS184,5573,0.5935761708236138,False,8.625688787569537,0.5449626741614081,2016,-0.0201705605921501,0.04090399701158,0.5145364783324191
Free State,Ward 41804005,FS184,4273,0.5228176924877136,False,8.360071435644025,0.5469843449710053,2016,-0.0712181655437537,-0.2182583241858763,0.4446601941747573
Free State,Ward 41804006,FS184,5785,0.5512532411408816,False,8.663023639627777,0.546171900723772,2016,-0.0629397670232381,0.2110110948293908,0.4435107376283846
Free State,Ward 41804007,FS184,5991,0.6020697713236521,False,8.698013622083925,0.5447199998614071,2016,0.0452594864035686,0.0408269631688673,0.4397411229665908
Free State,Ward 41804008,FS184,5018,0.5368672777999203,False,8.520786726926367,0.5465829282477994,2016,0.0051687132066188,0.0003987240829346,0.45747982619491
Free State,Ward 41804009,FS184,6617,0.5668732053800816,False,8.797397374012059,0.5457256160312234,2016,0.0315461679544082,0.1572228051766351,0.4598081376116441
Free State,Ward 41804010,FS184,5747,0.5978771532973726,False,8.656433258507741,0.5448397889478722,2016,0.0527610391332172,0.0187909945045203,0.4373661670235546
Free State,Ward 41804011,FS184,6290,0.5437201907790143,False,8.746716349694486,0.546387130734111,2016,-0.0434537999319538,0.1236155769917828,0.4922515952597994
Free State,Ward 41804012,FS184,4905,0.5007135575942916,False,8.498010371999463,0.5476158916822459,2016,-0.0071104754733198,-0.2759078830823738,0.4161598609904431
Free State,Ward 41804013,FS184,4619,0.6009958865555315,False,8.437933510430605,0.5447506822833533,2016,0.1116215072109436,-0.0826216484607745,0.4111888111888112
Free State,Ward 41804014,FS184,6388,0.5103318722604884,False,8.762176509334903,0.5473410826917832,2016,-0.0385573769692829,0.0358359007621209,0.4457789382071366
Free State,Ward 41804015,FS184,4956,0.4941485068603712,False,8.508354242749032,0.547803464560358,2016,0.0369911636121035,-0.1624133851613993,0.3735899137358991
Free State,Ward 41804016,FS184,5865,0.5435635123614663,False,8.676757761087575,0.5463916072603267,2016,0.0638875395566058,-0.1515984377260234,0.4080737828847898
Free State,Ward 41804017,FS184,7466,0.5432627913206536,False,8.91811465947453,0.5464001992900641,2016,-0.1093723324375548,0.2571139922545884,0.5661700262927257
Free State,Ward 41804018,FS184,5042,0.5509718365727886,False,8.525558107747866,0.5461799408542889,2016,-0.0138203394663312,-0.0517208952416776,0.4170220326936745
Free State,Ward 41804019,FS184,6438,0.5770425598011805,False,8.769973211858753,0.5454350630477633,2016,-0.0358497790445839,0.0863989200134998,0.4040620871862616
Free State,Ward 41804020,FS184,5256,0.4925799086757991,False,8.567125560164447,0.5478482816513457,2016,-0.054698560579263,-0.0235927921233513,0.3960608006850781
Free State,Ward 41804021,FS184,6017,0.5665614093402027,False,8.702344075220351,0.5457345244895055,2016,-0.0087064634860751,0.0569119971895311,0.4285714285714285
Free State,Ward 41804022,FS184,6154,0.5212869678258043,False,8.724857555881988,0.5470280799613455,2016,-0.0429201978357778,0.091521816246896,0.3671698113207547
Free State,Ward 41804023,FS184,6441,0.5156031672100605,False,8.77043908654689,0.5471904742646525,2016,0.0233406794529595,0.2617042115572967,0.4104540123973865
Free State,Ward 41804024,FS184,5475,0.4328767123287671,False,8.607947554684701,0.5495540872612609,2016,0.057217661362159,0.2027680140597538,0.2788862091646569
Free State,Ward 41804025,FS184,7587,0.6030051403716884,False,8.934191535338075,0.5446932750314631,2016,0.0685223817509987,0.3213166144200627,0.4860830980233965
Free State,Ward 41804026,FS184,5192,0.5500770416024653,False,8.554874258383926,0.5462055064248695,2016,-0.0214036960276241,-0.0520357860142414,0.4100153072381369
Free State,Ward 41804027,FS184,5402,0.5725657164013328,False,8.59452453435256,0.5455629728591876,2016,0.0319208042561309,0.0430585055029928,0.5027045890769499
Free State,Ward 41804028,FS184,4197,0.5501548725279962,False,8.34212526333359,0.54620328268414,2016,-0.0114857706787154,-0.0219063155441622,0.4010946051602814
Free State,Ward 41804029,FS184,5189,0.5315089612642128,False,8.55429627936774,0.5467360230059625,2016,0.0116119111751215,0.0273213225103938,0.4061242735806884
Free State,Ward 41804030,FS184,4875,0.4689230769230769,False,8.491875383431948,0.548524191129995,2016,-0.0547113768584357,-0.1465336134453781,0.3162609095084979
Free State,Ward 41804031,FS184,5235,0.483476599808978,False,8.563122123304638,0.5481083761903978,2016,-0.008167605042774,-0.0592991913746631,0.3908021390374331
Free State,Ward 41804032,FS184,6694,0.5699133552435016,False,8.808966881771273,0.5456387546065542,2016,0.002457565169343,-0.0453508271534511,0.4695895829899456
Free State,Ward 41804033,FS184,6002,0.5766411196267911,False,8.699848026000312,0.5454465327670316,2016,0.0403769756831813,0.1133370432201816,0.4859664607237423
Free State,Ward 41804034,FS184,6487,0.6067519654694004,False,8.777555453213056,0.5445862228858143,2016,0.0290768307503856,-0.0012317167051577,0.5511948093052699
Free State,Ward 41804035,FS184,5962,0.5333780610533378,False,8.693161274238017,0.5466826201548446,2016,0.0184553713733666,0.0719165767709457,0.4814321398834305
Free State,Ward 41804036,FS184,5471,0.5686346188996527,False,8.607216694063826,0.5456752899306642,2016,-0.0036029078833286,-0.162687480869299,0.4705658944170148
Free State,Ward 41805001,FS185,3543,0.4905447360993508,False,8.172729104865471,0.5632972090077728,2016,-0.0236988788318869,-0.1299115913555992,0.4005745292052346
Free State,Ward 41805002,FS185,3363,0.6119536128456735,False,8.12058871174027,0.5522600383944708,2016,-0.0359763770567163,0.1319421070346684,0.5758811535100495
Free State,Ward 41805003,FS185,3316,0.5627261761158022,False,8.106514516255185,0.5567352599153682,2016,0.0388879141966712,0.0006035003017501,0.4924242424242424
Free State,Ward 41805004,FS185,3128,0.5249360613810742,False,8.048149101665201,0.5601707248912526,2016,0.0021434535781994,0.2845995893223818,0.398503910234614
Free State,Ward 41805005,FS185,3375,0.6219259259259259,False,8.12415060330663,0.5513534644780842,2016,0.0400067651730717,0.0413452638074667,0.5042483660130719
Free State,Ward 41805006,FS185,3410,0.5551319648093842,False,8.134467570277563,0.5574256427614063,2016,0.0436599359359631,-0.1209074503738076,0.4971807628524046
Free State,Ward 41805007,FS185,2693,0.6123282584478277,False,7.898411092811599,0.552225979703366,2016,0.0756667919891693,0.4004160166406656,0.532156862745098
Free State,Ward 41805008,FS185,2880,0.5284722222222222,False,7.965545573129992,0.5598492557238756,2016,0.0915415985361675,0.0091100210231254,0.4318924809298947
Free State,Ward 41805009,FS185,3733,0.5537101526922047,False,8.224967478914584,0.5575548984084225,2016,0.0363481741760918,-0.0674494129402948,0.4314829713059802
Free State,Ward 41805010,FS185,2641,0.4327906096175691,False,7.878912912297133,0.5685475841424803,2016,0.0375810287792457,-0.1214238190286094,0.313426514188903
Free State,Ward 41805011,FS185,3736,0.5302462526766595,False,8.225770799348734,0.5596879802280176,2016,0.023988160315848,-0.1937850668968493,0.419676945668135
Free State,Ward 41805012,FS185,4619,0.6620480623511582,False,8.437933510430605,0.5477059975303358,2016,0.0034524207046691,0.5977170529228641,0.5469540356278865
Free State,Ward 41901001,FS191,3073,0.5942076147087536,False,8.030409562130485,0.5341134391649606,2016,0.0078201801537798,-0.0535879273175238,0.4447802197802197
Free State,Ward 41901002,FS191,3878,0.5603403816400206,False,8.263074835802596,0.5362301412317564,2016,0.0235034464730264,-0.0476424361493124,0.4345881475959746
Free State,Ward 41901003,FS191,2916,0.5202331961591221,False,7.977968093128549,0.5387368403243126,2016,0.0655891773662056,0.0538489338633898,0.4373650107991361
Free State,Ward 41901004,FS191,3351,0.5992241122053118,False,8.11701408773731,0.5337999080714257,2016,0.0996206229111008,-0.1141950832672482,0.58003120124805
Free State,Ward 41901005,FS191,3478,0.4824611845888442,False,8.154212694914229,0.5410975910474549,2016,0.0780679544844149,0.2524306805905654,0.3906093906093906
Free State,Ward 41901006,FS191,4208,0.5990969581749049,False,8.344742754417545,0.5338078551983262,2016,-0.0082692683713077,0.4621264767199444,0.5287076036355576
Free State,Ward 41901007,FS191,2842,0.5615763546798029,False,7.952263308657046,0.53615289291677,2016,0.0761700964626059,-0.2526952405995266,0.5190494153149755
Free State,Ward 41901008,FS191,3754,0.5487480021310602,False,8.230577217146454,0.5369546649510665,2016,-0.0257431783302695,0.0187245590230664,0.50627990430622
Free State,Ward 41901009,FS191,2592,0.6168981481481481,False,7.860185057472165,0.5326952808249984,2016,0.0882581481481481,-0.17056,0.492221530802738
Free State,Ward 41901010,FS191,4019,0.4451356058721075,False,8.2987883944492,0.543430439717251,2016,-0.1222832163623449,1.2118877270225648,0.3698919061428948
Free State,Ward 41901011,FS191,3109,0.5538758443229335,False,8.042056410058754,0.5366341748140744,2016,0.0076339637166853,-0.0383544695329415,0.461566091954023
Free State,Ward 41901012,FS191,3114,0.5327552986512524,False,8.043663352393944,0.5379542089185544,2016,0.0480756329130908,-0.0362116991643454,0.4420412301453194
Free State,Ward 41901013,FS191,4197,0.5244222063378604,False,8.34212526333359,0.5384750271881414,2016,-0.0478000158843617,0.6654761904761906,0.4083930399181167
Free State,Ward 41901014,FS191,3356,0.4949344457687723,False,8.118505067587098,0.5403180122237095,2016,0.0422899193235078,0.031980319803198,0.3840996168582375
Free State,Ward 41901015,FS191,4329,0.5992145992145992,False,8.37309184744198,0.5338005026333452,2016,0.0492145992145991,0.2584302325581395,0.4970092441544317
Free State,Ward 41901016,FS191,3774,0.4390567037625861,False,8.235890725928495,0.543810371099096,2016,0.0679917339032424,-0.1574012056262558,0.3674274443505212
Free State,Ward 41901017,FS191,3063,0.4678419849820437,False,8.027150106832774,0.5420112910228799,2016,0.100553606215903,0.0986370157819225,0.3347193347193347
Free State,Ward 41902001,FS192,3162,0.543010752688172,False,8.058960017769417,0.5896682012609811,2016,-0.0351345132002846,0.0252918287937742,0.4270379067427038
Free State,Ward 41902002,FS192,3099,0.5337205550177476,False,8.038834757787749,0.5901571590331086,2016,-0.0111935797246566,0.0234478203434609,0.4082537517053206
Free State,Ward 41902003,FS192,4062,0.6541112752338749,False,8.30943074214033,0.583820805337523,2016,0.0058969895195891,0.2089285714285713,0.5717003567181926
Free State,Ward 41902004,FS192,3692,0.6004875406283857,False,8.213923595622743,0.5866431071588645,2016,-0.0394016560475145,0.1363496460449369,0.4263742523497579
Free State,Ward 41902005,FS192,2257,0.5108551174124945,False,7.721791776817535,0.5913606031175956,2016,-0.0607047967769017,-0.3083052405761569,0.3983983983983984
Free State,Ward 41902006,FS192,4094,0.5911089399120665,False,8.317277766221235,0.5871367177228813,2016,-0.0907403751564266,0.4020547945205479,0.4639746634996041
Free State,Ward 41902007,FS192,3534,0.5911148839841539,False,8.170185652879642,0.5871364048769819,2016,-0.0210646031953333,0.0297202797202797,0.458710407239819
Free State,Ward 41902008,FS192,3149,0.54144172753255,False,8.054840221101024,0.5897507815323295,2016,-0.026387729831791,0.0171188630490957,0.4396645021645021
Free State,Ward 41902009,FS192,3999,0.5863965991497875,False,8.293799608846818,0.5873847356577381,2016,0.0164614873978047,0.4416005767844269,0.5056440903054449
Free State,Ward 41902010,FS192,3497,0.7128967686588504,False,8.159660737063376,0.5807268319993664,2016,0.0149533239287733,0.1237146529562982,0.6673211781206171
Free State,Ward 41902011,FS192,3807,0.5524034672970843,False,8.244596756382498,0.589173847860512,2016,0.0177868885948179,0.1819310773051847,0.5135058288313904
Free State,Ward 41902012,FS192,3849,0.5879449207586386,False,8.255568653283746,0.5873032450467459,2016,0.0211246442609427,0.1085829493087557,0.4635458703255313
Free State,Ward 41902013,FS192,2905,0.5838209982788296,False,7.974188669286011,0.5875202935983148,2016,0.0433840492562155,0.113453430433116,0.4791231732776618
Free State,Ward 41902014,FS192,3931,0.5716102772831341,False,8.27664912542186,0.5881629631244041,2016,0.0521436106164674,0.0482666666666666,0.4506895654436638
Free State,Ward 41902015,FS192,3854,0.6320705760249092,False,8.256866848974312,0.584980842137995,2016,0.0284422087901649,0.0593732820230896,0.5955165692007798
Free State,Ward 41902016,FS192,4351,0.5380372328200413,False,8.37816098272068,0.5899299654645669,2016,0.0179112265197263,0.5229261463073154,0.4521951219512195
Free State,Ward 41902017,FS192,3874,0.5389778007227671,False,8.262042843966942,0.5898804618907392,2016,-0.0464687262893607,0.0678059536934949,0.5482676540597725
Free State,Ward 41902018,FS192,3708,0.6302588996763754,False,8.218247926685745,0.5850761935247598,2016,0.0548612326562268,-0.2135737009544008,0.5138286334056399
Free State,Ward 41902019,FS192,4228,0.565515610217597,False,8.349484346990128,0.5884837350752218,2016,-0.0800444301456724,0.0665993945509586,0.4918689606410558
Free State,Ward 41902020,FS192,4162,0.6809226333493513,False,8.33375100695358,0.5824096812261822,2016,0.0379052469219817,0.1671340437464947,0.5714285714285714
Free State,Ward 41903001,FS193,3573,0.5885810243492863,False,8.181160858023409,0.5324440411801618,2016,0.0356085899421125,0.1866489538359348,0.4523670368205728
Free State,Ward 41903002,FS193,3906,0.4997439836149513,False,8.270269111436624,0.5435486712719537,2016,-0.0580826658029012,0.010608020698577,0.4439398240136247
Free State,Ward 41903003,FS193,3630,0.571900826446281,False,8.196987927258897,0.5345290659180375,2016,0.0840332843395154,0.0362546388809592,0.5129390018484289
Free State,Ward 41903004,FS193,3192,0.4683583959899749,False,8.068402958569699,0.5474718697250757,2016,-0.005273772764145,0.052076466710613,0.5464429947188568
Free State,Ward 41903005,FS193,3093,0.5709666989977368,False,8.03689677268507,0.5346458318491055,2016,0.0408577944493703,-0.0092889173606662,0.4738871363477042
Free State,Ward 41903006,FS193,3183,0.5912661011624254,False,8.065579427282092,0.5321084065785194,2016,0.0043028635967782,-0.0166821130676552,0.5490020851951147
Free State,Ward 41903007,FS193,2794,0.5322118826055834,False,7.935229539816907,0.5394901838981246,2016,-0.0054263621321976,-0.0032108455226542,0.4142969984202211
Free State,Ward 41903008,FS193,2778,0.5255579553635709,False,7.9294865233142895,0.5403219248033763,2016,-0.0369648299080296,0.012759752096245,0.4058313632781717
Free State,Ward 41903009,FS193,4410,0.499546485260771,False,8.391629968440892,0.5435733585662262,2016,-0.0851529682911415,0.2049180327868851,0.3974006498375406
Free State,Ward 41904001,FS194,6123,0.5823942511840601,False,8.719807451477955,0.5228835774997335,2016,-0.0124202571596166,-0.155564749689698,0.462662598361972
Free State,Ward 41904002,FS194,5953,0.4893331093566269,False,8.69165057315339,0.5256206699064228,2016,-0.0271042886382437,0.3879692235952436,0.3942678669851185
Free State,Ward 41904003,FS194,5531,0.5866931838727174,False,8.618123909994678,0.5227571383030082,2016,0.0349690459416829,0.2974431151771053,0.4817246273953158
Free State,Ward 41904004,FS194,5607,0.514000356696986,False,8.631771096123673,0.5248951626317062,2016,-0.081898080803014,0.0951171875,0.4108192865542924
Free State,Ward 41904005,FS194,5916,0.5385395537525355,False,8.68541582383069,0.5241734215418371,2016,-0.0788428940491959,0.0042437616703445,0.4964512514008218
Free State,Ward 41904006,FS194,7459,0.5675023461590025,False,8.917176635955164,0.5233215747063528,2016,0.01123224969598,2.997320471596999,0.4771217712177121
Free State,Ward 41904007,FS194,4921,0.5405405405405406,False,8.501267040865978,0.5241145689892487,2016,0.0281976321024794,0.1043536804308797,0.5062062739787858
Free State,Ward 41904008,FS194,4294,0.4829995342338146,False,8.364973978438726,0.5258069515276818,2016,-0.0182900320029966,0.0067995310668229,0.4682036990119078
Free State,Ward 41904009,FS194,4668,0.4946443873179091,False,8.448485993406447,0.5254644558487379,2016,-0.0202292883137127,-0.0488997555012225,0.4805497321220591
Free State,Ward 41904010,FS194,5179,0.5066615176675033,False,8.552367266423891,0.5251110108384557,2016,-0.0487838304777059,0.0273755207300139,0.494741270509045
Free State,Ward 41904011,FS194,4952,0.4674878836833602,False,8.507546814364431,0.5262631765438717,2016,-0.032003469317657,0.007527975584944,0.4448818897637795
Free State,Ward 41904012,FS194,5526,0.5282301845819761,False,8.617219505483362,0.5244766382821477,2016,0.0032908011389556,-0.0429511603740907,0.4857198748043818
Free State,Ward 41904013,FS194,4703,0.5186051456517117,False,8.455955881945048,0.5247597276624496,2016,0.0361386829546064,0.1068486702753588,0.4510338559418314
Free State,Ward 41904014,FS194,4737,0.538948701709943,False,8.463159302923751,0.524161387778384,2016,0.0128274597188143,0.1673238048299654,0.4291543867603718
Free State,Ward 41904015,FS194,4780,0.4960251046025105,False,8.472195825485501,0.5254238465168379,2016,0.0070500127282761,-0.0240914659044507,0.4392014519056261
Free State,Ward 41904016,FS194,5341,0.5122636210447482,False,8.58316818033977,0.5249462430920662,2016,0.01652902388835,0.0125118483412323,0.4478935698447893
Free State,Ward 41904017,FS194,5704,0.5166549789621319,False,8.648922962094131,0.5248170855062607,2016,0.0079022437323725,0.0401167031363967,0.4132153614457831
Free State,Ward 41904018,FS194,5660,0.5674911660777385,False,8.641179171197228,0.5233219035322724,2016,-0.024995485333398,0.0793287566742944,0.5501369863013699
Free State,Ward 41904019,FS194,5156,0.5967804499612103,False,8.547916364059079,0.5224604540062879,2016,0.0152709388137363,0.054612395172837,0.5464190981432361
Free State,Ward 41904020,FS194,4624,0.511461937716263,False,8.439015410352214,0.5249698220134922,2016,-0.0495469239060955,0.0506703022040444,0.449047619047619
Free State,Ward 41904021,FS194,4766,0.5046160302140159,False,8.469262657658687,0.5251711722341464,2016,0.0039354935622561,-0.0733035193466847,0.6836829836829836
Free State,Ward 41904022,FS194,3758,0.5880787653006918,False,8.231642179973411,0.5227163859080678,2016,0.0039677943044749,-0.5261034047919294,0.4730259473585962
Free State,Ward 41904023,FS194,5335,0.5681349578256795,False,8.582044163735853,0.5233029684808622,2016,0.0367328720782866,0.2363847045191194,0.479911164950535
Free State,Ward 41904024,FS194,5481,0.5303776683087028,False,8.609042845046117,0.5244134769960676,2016,-0.0147486854819108,-0.1396954952126824,0.4345736158091507
Free State,Ward 41904025,FS194,4318,0.539138490041686,False,8.370547611074752,0.5241558057686267,2016,0.0769094556646332,-0.054521567768776,0.4438143247216971
Free State,Ward 41904026,FS194,5000,0.5082,False,8.517193191416238,0.5250657613580882,2016,-0.0218834431269213,0.0979358805445762,0.4683113568694173
Free State,Ward 41904027,FS194,5572,0.4946159368269921,False,8.625509334899697,0.5254652926278824,2016,-0.0307149623058239,0.2715654952076678,0.4431160817585808
Free State,Ward 41904028,FS194,6017,0.5545953132790428,False,8.702344075220351,0.5237011933204692,2016,0.0324617864285348,0.0916182873730042,0.4243515850144092
Free State,Ward 41904029,FS194,5177,0.4757581610971605,False,8.551981016901902,0.5260199330905246,2016,-0.0087373270078435,-0.1506152584085316,0.3847995212447636
Free State,Ward 41904030,FS194,4693,0.4964841252929896,False,8.453827315794417,0.5254103459082943,2016,0.0380205254716407,0.0480125055828495,0.4662429135887304
Free State,Ward 41904031,FS194,5808,0.5401170798898072,False,8.666991556504632,0.5241270237142703,2016,0.0019929938233772,0.2132859828702735,0.5127447358699667
Free State,Ward 41904032,FS194,6516,0.5426642111724984,False,8.782015969721936,0.5240521080883087,2016,-0.0010000020759599,0.2962005172070818,0.4556841905484912
Free State,Ward 41904033,FS194,5155,0.507274490785645,False,8.54772239645106,0.5250929822173339,2016,0.0029496893734649,-0.0900264783759929,0.3986559722523303
Free State,Ward 41904034,FS194,5770,0.4766031195840554,False,8.660427359502146,0.5259950813703218,2016,0.1017492207695621,-0.0365670395725497,0.401677079907925
Free State,Ward 41904035,FS194,5643,0.4765195817827397,False,8.63817111796914,0.5259975383644782,2016,0.0183217627660953,0.0795867610484024,0.435810134187863
Free State,Ward 41905001,FS195,3051,0.6463454605047525,False,8.02322468471667,0.5870053157085288,2016,-0.0760471775320573,1.3397239263803682,0.5451669595782074
Free State,Ward 41905002,FS195,3681,0.5878837272480304,False,8.210939733379021,0.5953569918880605,2016,-0.0167888826505248,0.1315708576698431,0.4386376981796829
Free State,Ward 41905003,FS195,3795,0.5665349143610013,False,8.24143968982973,0.5984068223004932,2016,0.0100762786570826,0.1015965166908563,0.4550995530272247
Free State,Ward 41905004,FS195,3290,0.5519756838905775,False,8.098642843759418,0.6004867123676966,2016,-0.0106992772291736,0.0233281493001555,0.4116924588553181
Free State,Ward 41905005,FS195,3092,0.5863518758085382,False,8.036573409707312,0.5955758278079879,2016,0.0361801856139559,0.1797024036627241,0.4403600900225056
Free State,Ward 41905006,FS195,3014,0.5497677504976775,False,8.01102337918644,0.6008021314238252,2016,-0.0197261910561358,0.0741268709907341,0.4301418439716312
Free State,Ward 41905007,FS195,3521,0.5768247656915649,False,8.166500319155052,0.5969368435389841,2016,-0.0171329382359275,0.0637462235649546,0.4342517219787101
Free State,Ward 41905008,FS195,2388,0.6896984924623115,False,7.778211474512493,0.5808120254288774,2016,0.0594282221920412,-0.4836756756756757,0.544646308465404
Free State,Ward 41906001,FS196,3785,0.5746367239101717,False,8.23880116587155,0.5351046833353638,2016,0.015687860273808,0.3441051136363635,0.4656889872717211
Free State,Ward 41906002,FS196,2907,0.5988992088063295,False,7.9748769005588755,0.532071872723344,2016,-0.11371408424503,0.0978096676737159,0.5270396999062207
Free State,Ward 41906003,FS196,2762,0.4377262853005069,False,7.923710333969238,0.5522184881615718,2016,-0.0238121762379546,-0.1363352095059412,0.3665212217374058
Free State,Ward 41906004,FS196,3491,0.5488398739616156,False,8.157943507105037,0.5383292895789333,2016,-0.0522306550056388,0.0991813602015112,0.4350877192982456
Free State,Ward 41906005,FS196,2611,0.5051704327843738,False,7.8674885686991285,0.5437879697260886,2016,-0.0189211943878221,0.0312006319115323,0.4035573122529644
Free State,Ward 41906006,FS196,3236,0.4258343634116193,False,8.082093278178382,0.5537049783976828,2016,-0.0443243667471108,0.0273015873015873,0.3819212808539026
Free State,Ward 41906007,FS196,4183,0.5503227348792733,False,8.338783971442199,0.538143931964226,2016,0.0840394102582591,0.0933089388395191,0.4696469392938786
Free State,Ward 41906008,FS196,2728,0.6337976539589443,False,7.911324018963353,0.5277095670792672,2016,0.0904215186629843,-0.1456310679611651,0.5387978142076503
Free State,Ward 41906009,FS196,2673,0.5802469135802469,False,7.890956716138919,0.5344034096266044,2016,0.0389940487979704,0.0210084033613444,0.4780966767371601
Free State,Ward 42001001,FS201,4029,0.5254405559692231,False,8.301273485191347,0.5204634902655829,2016,0.0062741036924029,0.0365320298430666,0.4417098445595855
Free State,Ward 42001002,FS201,2929,0.4701263229771253,False,7.982416346827733,0.5230975013604447,2016,-0.0227631405005734,-0.0533290239172592,0.4760401721664275
Free State,Ward 42001003,FS201,3710,0.5986522911051213,False,8.21878715560148,0.5169772171638735,2016,-0.0221247359219056,0.0444819819819819,0.503579295154185
Free State,Ward 42001004,FS201,3356,0.5297973778307509,False,8.118505067587098,0.5202560225578912,2016,-0.0475158714775798,0.0316630802336304,0.4140285536933581
Free State,Ward 42001005,FS201,3824,0.5243200836820083,False,8.249052274171293,0.5205168460887836,2016,0.0275296845751146,0.0672620708903153,0.4589134589134589
Free State,Ward 42001006,FS201,4123,0.484841135095804,False,8.3243363327069,0.5223967960214599,2016,0.0711935796965778,0.4502286317270489,0.3865389731311519
Free State,Ward 42001007,FS201,3622,0.5005521811154059,False,8.19478163844336,0.5216486509729075,2016,-0.0054144059967659,0.2349130583020797,0.3866699950074888
Free State,Ward 42001008,FS201,2890,0.5093425605536333,False,7.969011781106478,0.521230061475849,2016,0.0174770507922449,-0.2163774403470716,0.4359430604982206
Free State,Ward 42001009,FS201,3006,0.498003992015968,False,8.00836557031292,0.521769993310976,2016,-0.0431993156544054,-0.1428571428571429,0.4342194955691888
Free State,Ward 42001010,FS201,4095,0.5978021978021978,False,8.31752199628717,0.517017697797346,2016,0.0087198133413806,0.3713998660415272,0.3175921120913337
Free State,Ward 42001011,FS201,4183,0.4747788668419794,False,8.338783971442199,0.5228759516525945,2016,-0.0446038956721342,0.5743319533308242,0.3417513938996392
Free State,Ward 42001012,FS201,3024,0.5343915343915344,False,8.014335737299424,0.5200372531978538,2016,-0.0163285657963178,-0.0532247964934251,0.4357650096836669
Free State,Ward 42001013,FS201,3103,0.588462777956816,False,8.04012466444838,0.5174624320756975,2016,-0.0181953526449765,-0.2053777208706786,0.4923653125900317
Free State,Ward 42001014,FS201,2901,0.5429162357807652,False,7.972810784121404,0.5196313150364619,2016,0.0409911395259524,0.0154007700385019,0.421579532814238
Free State,Ward 42001015,FS201,2971,0.5146415348367553,False,7.9966538754626075,0.5209777293671289,2016,-0.0188687504983474,-0.0142667551426675,0.3968363136176066
Free State,Ward 42001016,FS201,3016,0.4509283819628647,False,8.011686729127847,0.5240116890277905,2016,-0.1493164910092809,-0.0768288950107132,0.4689973614775725
Free State,Ward 42001017,FS201,4085,0.6629130966952265,False,8.315077007294104,0.5139171788024399,2016,-0.006779640734941,-0.0491154562383612,0.6002560819462228
Free State,Ward 42001018,FS201,3821,0.5268254383669196,False,8.2482674474469,0.5203975434847402,2016,-0.1060512739618474,0.7447488584474886,0.4241996233521657
Free State,Ward 42001019,FS201,3862,0.5082858622475401,False,8.258940462988459,0.5212803804428059,2016,-0.0743730972900321,0.1161849710982658,0.378698224852071
Free State,Ward 42001020,FS201,2675,0.4938317757009345,False,7.891704659330107,0.5219686702783586,2016,-0.0548053167629885,-0.2851416354890432,0.3630322421855771
Free State,Ward 42001021,FS201,3843,0.4894613583138173,False,8.254008590564844,0.5221767853920307,2016,-0.0790906108896176,0.1379923008587504,0.3767430278884462
Free State,Ward 42001022,FS201,3486,0.4288582903040734,False,8.156510226079966,0.5250626457734471,2016,-0.0914391996246529,0.0802603036876354,0.3137053227050655
Free State,Ward 42003001,FS203,3415,0.6005856515373352,False,8.13593277200489,0.5817982164162319,2016,0.0960081867486027,0.2024647887323942,0.4333834586466165
Free State,Ward 42003002,FS203,3467,0.6420536486876262,False,8.151044945685024,0.5793589224662147,2016,0.0161712957464497,0.1653781512605041,0.5595350298460572
Free State,Ward 42003003,FS203,2611,0.4909996170049789,False,7.8674885686991285,0.5882444537416646,2016,-0.1055604312750452,-0.212130356065178,0.3809946714031971
Free State,Ward 42003004,FS203,3022,0.5350761085373924,False,8.013674142832684,0.5856517189456403,2016,0.0562862367846794,-0.0062479447550147,0.4759871931696905
Free State,Ward 42003005,FS203,4204,0.5523311132254995,False,8.343791731996841,0.5846367186698692,2016,0.0737695641245313,0.4536652835408021,0.36420214090117
Free State,Ward 42003006,FS203,4023,0.5423813074819787,False,8.299783171949787,0.5852220013606646,2016,0.0020742057545314,0.9304222648752398,0.3766124509254066
Free State,Ward 42003007,FS203,4728,0.5693739424703892,False,8.461257559085935,0.5836341993025228,2016,0.0315253368926999,0.3454752418895845,0.4246399176954732
Free State,Ward 42003008,FS203,2654,0.5587792012057272,False,7.8838232148921525,0.5842574193769147,2016,-0.033068337174368,-0.297511911064055,0.5332075471698113
Free State,Ward 42003009,FS203,3561,0.5925301881493963,False,8.177796683277778,0.5822720672037577,2016,0.014477637917557,0.1007727975270478,0.4541666666666666
Free State,Ward 42003010,FS203,4102,0.6089712335446124,False,8.319229938632326,0.581304946886392,2016,-0.0224081773623575,0.1962671332750072,0.5034352049277422
Free State,Ward 42003011,FS203,3308,0.5707376058041113,False,8.104099056143582,0.5835539838123038,2016,-0.0533537752966156,0.1450328833506404,0.4756843800322061
Free State,Ward 42003012,FS203,4670,0.686509635974304,False,8.448914350662942,0.5767438643905278,2016,0.0554474521004569,0.3894674204105921,0.5849210669569951
Free State,Ward 42003013,FS203,3106,0.6072118480360592,False,8.041091003708633,0.5814084401516011,2016,-0.0512157091556315,-0.1832763607678148,0.4353233830845771
Free State,Ward 42003014,FS203,3491,0.6055571469492982,False,8.157943507105037,0.5815057755096458,2016,-0.0567977452563402,0.1578772802653398,0.5020184544405998
Free State,Ward 42003015,FS203,5905,0.6118543607112616,False,8.683554728631462,0.5811353511707068,2016,0.1120025967029604,0.7506670619626445,0.3853349426674713
Free State,Ward 42003016,FS203,3615,0.5571230982019364,False,8.192847134592865,0.584354837200667,2016,0.0066707669562857,0.2578288100208767,0.4526475037821482
Free State,Ward 42003017,FS203,4382,0.6141031492469192,False,8.385260520155413,0.5810030694921386,2016,0.0049491964036459,0.2155339805825242,0.5060551404277248
Free State,Ward 42003018,FS203,3613,0.5449764738444506,False,8.19229373114764,0.5850693445158133,2016,-0.1002249184976677,-0.1016907011437096,0.3649025069637883
Free State,Ward 42004001,FS204,4553,0.5627059081924006,False,8.423541635334782,0.5746716170180173,2016,0.0331486487316041,0.1261439525105119,0.4261677548970367
Free State,Ward 42004002,FS204,4196,0.5395614871306006,False,8.341886969516187,0.5758288380711073,2016,0.0324493468725787,0.3880251405888191,0.4051769677760169
Free State,Ward 42004003,FS204,3634,0.6001651073197578,False,8.198089248956116,0.5727986570616495,2016,0.0180222501769006,-0.0016483516483516,0.4639264156366772
Free State,Ward 42004004,FS204,3177,0.5476864966949953,False,8.063692634269517,0.5754225875928876,2016,-0.0434719415108776,0.0251694094869312,0.5088397790055249
Free State,Ward 42004005,FS204,3393,0.6678455643972885,False,8.129469764784231,0.5694146342077728,2016,0.0328374606695737,0.0998379254457051,0.5273972602739726
Free State,Ward 42004006,FS204,3323,0.501354198013843,False,8.108623268354595,0.5777392025269451,2016,0.0349242432042883,0.0726275016139443,0.4318253717178108
Free State,Ward 42004007,FS204,3260,0.5975460122699386,False,8.089482474360754,0.5729296118141403,2016,0.0573838899412724,0.2011790714812085,0.3882978723404255
Free State,Ward 42004008,FS204,3809,0.5437122604358099,False,8.245121966478605,0.5756212994058468,2016,0.0613015704985314,0.0387237523861467,0.4256476683937824
Free State,Ward 42004009,FS204,3057,0.5286228328426562,False,8.025189321890835,0.5763757707855045,2016,0.0919827169845823,0.1068066618392469,0.4025740025740025
Free State,Ward 42004010,FS204,3369,0.6081923419412288,False,8.122371243406553,0.5723972953305758,2016,0.0865256752745622,0.123,0.4482663731425426
Free State,Ward 42004011,FS204,3370,0.570919881305638,False,8.122668023346407,0.5742609183623554,2016,0.0244016164654553,-0.03824200913242,0.4462890625
Free State,Ward 42004012,FS204,3023,0.5031425736023818,False,8.014004994779459,0.5776497837475182,2016,0.0194094155346854,-0.0065724613867893,0.3994708994708995
Free State,Ward 42004013,FS204,4773,0.4313848732453383,False,8.470730317005897,0.5812376687653703,2016,-0.0451547161974769,0.1664222873900294,0.3621238071935405
Free State,Ward 42004014,FS204,3856,0.7637448132780082,False,8.257385655730436,0.5646196717637368,2016,0.072368743117223,-0.1948214658592608,0.6161928306551298
Free State,Ward 42004015,FS204,4071,0.5900270203881111,False,8.31164394850298,0.5733055614082316,2016,0.0127329318400032,0.0069255503339105,0.4676680244399185
Free State,Ward 42004016,FS204,4182,0.7333811573409852,False,8.338544879988579,0.566137854560588,2016,0.0467859830782506,0.1211796246648793,0.5984848484848485
Free State,Ward 42004017,FS204,4477,0.5541657359839178,False,8.406708458240965,0.5750986256284414,2016,0.0036682235461068,0.1136815920398011,0.3070246813127203
Free State,Ward 42004018,FS204,3982,0.6506780512305375,False,8.289539484624141,0.5702730098661104,2016,0.0349275226893112,1.104651162790698,0.4328103683492497
Free State,Ward 42004019,FS204,4391,0.4281484855386017,False,8.387312270561717,0.5813994881507072,2016,-0.0627494485992588,-0.101861321333606,0.45767004341534
Free State,Ward 42004020,FS204,4918,0.601870679137861,False,8.500657222776137,0.5727133784707442,2016,0.0622092121614255,0.6322602057749751,0.5299019607843137
Free State,Ward 42004021,FS204,2861,0.5312827682628452,False,7.95892649305011,0.5762427740144951,2016,0.0456564848952886,-0.0208761122518822,0.4426048565121412
Free State,Ward 42005001,FS205,3005,0.6239600665557404,False,8.008032846969307,0.5274083400489206,2016,-0.0195971022282885,0.0907441016333938,0.4548032612548741
Free State,Ward 42005002,FS205,3846,0.5481019240769631,False,8.254788926148725,0.5368906078587677,2016,-0.0416627174118162,0.0525451559934317,0.4050089445438282
Free State,Ward 42005003,FS205,3073,0.6072242108688578,False,8.030409562130485,0.5295003220097809,2016,0.025911800027203,0.0959343794579172,0.4825938566552901
Free State,Ward 42005004,FS205,3231,0.552460538532962,False,8.080546965824498,0.5363457810517679,2016,-0.0817212796488562,0.1749090909090909,0.4979265402843602
Free State,Ward 42005005,FS205,3710,0.5870619946091644,False,8.21878715560148,0.5320205990422426,2016,-0.0146307471194839,-0.0484739676840215,0.5589847130083646
Free State,Ward 42005006,FS205,3060,0.5490196078431373,False,8.026170194946426,0.536775897387996,2016,0.0141209265951476,-0.0157606947571566,0.4090909090909091
Free State,Ward 42005007,FS205,4218,0.2878141299193931,False,8.34711636103872,0.569426582128464,2016,-0.2735946599662179,0.2697170379289584,0.3762450199203187
Free State,Ward 42005008,FS205,3685,0.5554952510176391,False,8.212025804623437,0.5359664419911833,2016,-0.0646552990692167,0.0668789808917198,0.4368794326241135
Free State,Ward 42005009,FS205,3054,0.5320890635232483,False,8.024207485778577,0.5388922154279822,2016,-0.0369047090103472,0.0009832841691248,0.4640111809923131
Free State,Ward 49400001,MAN,7009,0.5846768440576402,True,8.854950316500325,0.5738749409570675,2016,0.0586335909354958,0.0674687785561987,0.4525179856115108
Free State,Ward 49400002,MAN,8504,0.5718485418626529,True,9.048291920021784,0.5741421972527964,2016,0.0582412846588108,0.1344717182497332,0.3307382898663553
Free State,Ward 49400003,MAN,7091,0.571710619094627,True,8.866581653303996,0.5741450706437969,2016,0.0397527486574605,0.0230846919636416,0.4282912478548664
Free State,Ward 49400004,MAN,6960,0.555603448275862,True,8.847934753328465,0.5744806367025213,2016,0.023301355464215,0.0555050045495906,0.3845122360040228
Free State,Ward 49400005,MAN,7540,0.5944297082228117,True,8.927977461002001,0.5736717562869598,2016,0.0094466765486035,0.0661764705882352,0.4238645313730638
Free State,Ward 49400006,MAN,8201,0.5670040238995244,True,9.012011377036412,0.5742431247103615,2016,0.0063138513563886,0.2304576144036008,0.5254171011470281
Free State,Ward 49400007,MAN,7117,0.507517212308557,True,8.87024156729927,0.5754824332851735,2016,-0.0330639500160923,-0.1085921843687375,0.3781997187060478
Free State,Ward 49400008,MAN,9313,0.5055299044346613,True,9.139166552521658,0.5755238355325463,2016,0.0431935250817346,0.150037046184243,0.3114241001564945
Free State,Ward 49400009,MAN,7968,0.5380271084337349,True,8.983188799264434,0.5748468104492322,2016,0.0568123683064992,-0.0435722002160604,0.3846868365180467
Free State,Ward 49400010,MAN,11688,0.608829568788501,True,9.366317953430535,0.5733717591918412,2016,0.0544378474356489,0.475012619888945,0.384907091391733
Free State,Ward 49400011,MAN,9668,0.4910012412081092,True,9.176576741823373,0.5758265160164328,2016,-0.1019091540654877,0.3599662399774932,0.4033366045142296
Free State,Ward 49400012,MAN,8635,0.571627099015634,True,9.06357899058078,0.5741468106454427,2016,0.0907765802504232,0.1060586653003714,0.3722018042098229
Free State,Ward 49400013,MAN,7220,0.5879501385041551,True,8.884610231886873,0.5738067473227652,2016,0.0040050379615441,0.1522502393871687,0.4008857666463042
Free State,Ward 49400014,MAN,9548,0.5736279849183075,True,9.16408698745872,0.5741051255224703,2016,-0.000662902227136,0.152444176222088,0.4109294320137693
Free State,Ward 49400015,MAN,7725,0.549126213592233,True,8.952217101765946,0.5746155790917635,2016,0.034338153077036,0.0528826495842986,0.3762786839922588
Free State,Ward 49400016,MAN,8108,0.6053280710409472,True,9.000606507571892,0.5734447070615819,2016,0.0071233550709579,0.0862808145766345,0.5514673674989049
Free State,Ward 49400017,MAN,8657,0.5215432597897655,True,9.066123521215774,0.5751902239626482,2016,0.0509397555717252,0.1235561323815703,0.3850794755772131
Free State,Ward 49400018,MAN,9027,0.5852442671984048,True,9.107975365298154,0.5738631196416349,2016,0.0079684017284373,-0.1096755104053653,0.4973006644518272
Free State,Ward 49400019,MAN,9832,0.456773799837266,True,9.19339765124587,0.5765395877116587,2016,0.0654150020914927,0.2313087038196619,0.3091767173571054
Free State,Ward 49400020,MAN,10212,0.5950842146494321,True,9.231318778361375,0.5736581207364052,2016,0.0212536477169035,0.1006682474671265,0.5739987149282502
Free State,Ward 49400021,MAN,9238,0.5494695821606408,True,9.13108069099055,0.5746084255799216,2016,-0.0825304178393592,0.5082448979591836,0.4471925133689839
Free State,Ward 49400022,MAN,9396,0.7214772243507875,True,9.148039345778804,0.5710249330342936,2016,0.1090997454358114,0.07089126966036,0.5994092251760963
Free State,Ward 49400023,MAN,9248,0.5134083044982699,True,9.13216259091216,0.5753597021978877,2016,-0.0531147568296571,0.17181956411556,0.3444494686864119
Free State,Ward 49400024,MAN,9199,0.7009457549733666,True,9.126850061477157,0.5714526719796565,2016,-0.0013514167169799,0.2214845306068251,0.6083269082498073
Free State,Ward 49400025,MAN,9350,0.7291978609625669,True,9.143131622282732,0.5708640864382148,2016,0.0227682801806544,0.1010362694300517,0.6591564335290977
Free State,Ward 49400026,MAN,8723,0.6690358821506363,True,9.07371849443322,0.5721174609967967,2016,0.0546237456146059,0.1027812895069533,0.5852970054000982
Free State,Ward 49400027,MAN,8250,0.566060606060606,True,9.017968479328726,0.5742627792486724,2016,0.0242429311233325,0.1499860607750209,0.3796508127633955
Free State,Ward 49400028,MAN,8038,0.5681761632246828,True,8.991935575009146,0.5742187051410875,2016,0.001616372225989,-0.0454815342595891,0.4351631861948231
Free State,Ward 49400029,MAN,8681,0.5644511001036747,True,9.068892008391808,0.5742963106227751,2016,0.055631190353914,0.1870641323670177,0.3909334633195223
Free State,Ward 49400030,MAN,7649,0.5500065368021964,True,8.942330199321866,0.5745972390248892,2016,0.0210251074268446,0.0761114237478897,0.3849281648143128
Free State,Ward 49400031,MAN,6885,0.5644153957879449,True,8.837100411162755,0.5742970544626862,2016,0.0376105351732201,-0.0157255182273051,0.3804316127150773
Free State,Ward 49400032,MAN,6887,0.5745607666618266,True,8.837390855544697,0.5740856925694803,2016,0.029343754032998,-0.0002903178980984,0.4473643768249577
Free State,Ward 49400033,MAN,7084,0.5134105025409373,True,8.865593998902725,0.5753596564053322,2016,-0.0061753956123922,-0.0089535534415221,0.3863439930855661
Free State,Ward 49400034,MAN,7069,0.6067336256896307,True,8.863474306170954,0.5734154246730677,2016,0.0499968841702804,-0.1556378404204491,0.4297266076241817
Free State,Ward 49400035,MAN,7716,0.5800933125972006,True,8.951051374025619,0.5739704311958267,2016,0.0554083779226718,-0.1078737426292056,0.441748304446119
Free State,Ward 49400036,MAN,7502,0.5866435617168755,True,8.922924930641832,0.5738339676725001,2016,0.0241347526964386,0.0573643410852713,0.4088971006253553
Free State,Ward 49400037,MAN,7734,0.5810705973622964,True,8.953381472167242,0.5739500710965538,2016,0.0336610176946522,0.0800167574361123,0.4092959158105738
Free State,Ward 49400038,MAN,7535,0.580092899800929,True,8.927314111060596,0.573970439795749,2016,0.0164796682487662,0.1983142493638676,0.4007855688100087
Free State,Ward 49400039,MAN,10216,0.5369028974158183,True,9.231710397712375,0.5748702315121055,2016,0.0163318197369727,0.5683143997543751,0.3773522614724331
Free State,Ward 49400040,MAN,8702,0.5129855205699839,True,9.071308163280625,0.5753685101963937,2016,0.0225036645319113,0.2941701368233194,0.3814756671899529
Free State,Ward 49400041,MAN,8418,0.5451413637443573,True,9.038127549330516,0.5746985967969276,2016,0.0434179389546151,0.1606231904039707,0.375491564125333
Free State,Ward 49400042,MAN,6400,0.56328125,True,8.764053269347762,0.5743206824999351,2016,0.02184649427953,-0.0105132962275819,0.3676734243552613
Free State,Ward 49400043,MAN,6854,0.5542748759848264,True,8.832587702434553,0.5745083152919178,2016,0.0014043990637165,-0.1236414780718577,0.4502077151335311
Free State,Ward 49400044,MAN,10441,0.6473517862273729,True,9.25349564229011,0.5725692129951981,2016,0.008020309904253,0.1633426183844011,0.5551181102362205
Free State,Ward 49400045,MAN,8013,0.5452389866466991,True,8.98882050177807,0.5746965629864621,2016,0.1090277706127812,-0.2278859125072267,0.3653895935801191
Free State,Ward 49400046,MAN,10531,0.5716456177001235,True,9.262078567380597,0.5741464248395157,2016,0.1672222369734252,0.5124228062616689,0.3850785031283201
Free State,Ward 49400047,MAN,10498,0.5835397218517813,True,9.258940041812245,0.5738986310030229,2016,0.0490966307704441,0.4207605900663147,0.4879804900708396
Free State,Ward 49400048,MAN,10067,0.665838879507301,True,9.217018026729423,0.5721840652185329,2016,0.0165729741239405,0.0948341489940185,0.5567543268150146
Free State,Ward 49400049,MAN,10014,0.542740163770721,True,9.211739392889891,0.5747486217963783,2016,0.0402548497173996,0.508359692724808,0.3758585601628084
Gauteng,Ward 79700001,EKU,16935,0.7128432240921169,True,9.737137765251871,0.5725082012535678,2016,0.1190429797034101,0.0891375651167276,0.6763095590411364
Gauteng,Ward 79700002,EKU,14109,0.4596356935289531,True,9.554568170613157,0.5750402765591995,2016,0.0262113046517379,-0.0117671779785669,0.3265694356372859
Gauteng,Ward 79700003,EKU,14856,0.4008481421647819,True,9.606159103032542,0.5756281520728411,2016,-0.0053781296651346,0.128018223234624,0.2987044732339281
Gauteng,Ward 79700004,EKU,11875,0.5099789473684211,True,9.382190628902842,0.5745368440208047,2016,0.1692510183565396,-0.1070085727177019,0.3631460367310712
Gauteng,Ward 79700005,EKU,12413,0.4836058970434222,True,9.426499589515949,0.5748005745240548,2016,-0.0229865196300688,0.0165424617148473,0.3530060315195538
Gauteng,Ward 79700006,EKU,11995,0.4910379324718633,True,9.392245175273795,0.5747262541697704,2016,-0.0010726639380961,-0.1318037058482918,0.351038338658147
Gauteng,Ward 79700007,EKU,12336,0.5143482490272373,True,9.42027709580311,0.5744931510042166,2016,0.0600239671248671,-0.0318631298069377,0.3570752312286068
Gauteng,Ward 79700008,EKU,15122,0.5048935326015077,True,9.623905916118215,0.5745876981684739,2016,-0.0319441870012976,0.0500659676411361,0.3566237749183278
Gauteng,Ward 79700009,EKU,11767,0.4414039262343843,True,9.37305428246393,0.5752225942321452,2016,-0.0144304027182242,-0.0627638391079251,0.3380922497646689
Gauteng,Ward 79700010,EKU,12049,0.5065980579301187,True,9.396736947923277,0.5745706529151878,2016,0.0312090186878994,0.0190290933694181,0.3759177679882525
Gauteng,Ward 79700011,EKU,14807,0.4953062740595664,True,9.602855320908718,0.5746835707538933,2016,0.0228706816457264,0.0065257290462918,0.3445438799076212
Gauteng,Ward 79700012,EKU,15485,0.457733290280917,True,9.647627092407303,0.5750593005916798,2016,-0.010266999637181,0.1223454374139305,0.3393880792872435
Gauteng,Ward 79700013,EKU,13594,0.5341327056054141,True,9.517383797906584,0.5742953064384348,2016,-0.024662705484452,0.083014659018483,0.384665320253895
Gauteng,Ward 79700014,EKU,14728,0.5260727865290603,True,9.597505722912913,0.5743759056291984,2016,0.0093335474684563,0.0513241487615103,0.3539091586001489
Gauteng,Ward 79700015,EKU,16287,0.682200528028489,True,9.698122522573561,0.5728146282142041,2016,0.0139597523075469,0.0255005666792595,0.5007605526682722
Gauteng,Ward 79700016,EKU,14302,0.63984058173682,True,9.568154666608342,0.5732382276771208,2016,0.0193690463716675,-0.0861925755542777,0.4593037661050545
Gauteng,Ward 79700017,EKU,15327,0.6502250929731845,True,9.637371257998907,0.5731343825647571,2016,0.1095230765430127,0.1446601941747571,0.4481881754609027
Gauteng,Ward 79700018,EKU,15948,0.6835339854527214,True,9.677088708501246,0.5728012936399618,2016,0.038570501919581,0.0988011575031004,0.5418412698412698
Gauteng,Ward 79700019,EKU,14075,0.6949911190053286,True,9.552155453007892,0.5726867223044357,2016,0.0367937052682436,-0.0853856650854506,0.5674864169287961
Gauteng,Ward 79700020,EKU,15884,0.6969906824477462,True,9.673067592251142,0.5726667266700115,2016,0.0550551985767784,0.045687952600395,0.5767185598052406
Gauteng,Ward 79700021,EKU,14205,0.3951425554382259,True,9.561349294288288,0.5756852079401067,2016,-0.1515368826205225,-0.092911877394636,0.2579024034959942
Gauteng,Ward 79700022,EKU,15172,0.692459794358028,True,9.627206902808789,0.5727120355509087,2016,0.0561516326494085,0.1572845156369184,0.5183356376324972
Gauteng,Ward 79700023,EKU,14105,0.7175469691598724,True,9.554284623436097,0.5724611638028904,2016,0.0587747450739951,-0.0536732640053673,0.5233829534975629
Gauteng,Ward 79700024,EKU,14815,0.663584205197435,True,9.603395460007665,0.5730007914425146,2016,0.051297893550651,-0.0889804452096912,0.5116093855296208
Gauteng,Ward 79700025,EKU,14998,0.6564875316708895,True,9.615672137861335,0.5730717581777801,2016,0.1611692532854933,0.1801085844676999,0.5168158567774936
Gauteng,Ward 79700026,EKU,15223,0.5043026998620509,True,9.630562721059254,0.5745936064958684,2016,0.0124738533169908,0.0322777514070657,0.3367583015786609
Gauteng,Ward 79700027,EKU,16207,0.7240081446288641,True,9.69319852665812,0.5723965520482004,2016,0.0609785286447348,0.1482924755561854,0.577920443101712
Gauteng,Ward 79700028,EKU,12531,0.6964328465405794,True,9.435960853165286,0.5726723050290832,2016,0.0593270951491137,-0.0700556586270871,0.5621577441765427
Gauteng,Ward 79700029,EKU,12822,0.5099828419903292,True,9.458917724547202,0.5745368050745857,2016,-0.0063304423021849,0.1096495023799222,0.3804330520617736
Gauteng,Ward 79700030,EKU,12307,0.5415617128463476,True,9.417923485172336,0.5742210163660255,2016,0.0687799198277407,-0.0537444256497001,0.3908191198146978
Gauteng,Ward 79700031,EKU,16096,0.6400347912524851,True,9.686326072899465,0.5732362855819642,2016,0.0235448180758341,0.0279729211904458,0.5060680515225969
Gauteng,Ward 79700032,EKU,13829,0.6765492804975053,True,9.534523115464658,0.572871140689514,2016,0.0394865169152676,0.1435541222194658,0.5463446008718645
Gauteng,Ward 79700033,EKU,14598,0.5955610357583231,True,9.588639812011577,0.5736810231369058,2016,0.0927807118964226,-0.107974335472044,0.4695420809410446
Gauteng,Ward 79700034,EKU,12172,0.641390075583306,True,9.406893511016861,0.573222732738656,2016,0.1006513842013721,-0.1581131553465209,0.5431673272445287
Gauteng,Ward 79700035,EKU,15030,0.4328010645375915,True,9.61780348274702,0.5753086228491131,2016,-0.0770153252565425,0.1946586121929894,0.3046048742035078
Gauteng,Ward 79700036,EKU,15484,0.6574528545595454,True,9.647562511697538,0.5730621049488935,2016,0.1081996241517588,0.2992112770599093,0.5095451155853841
Gauteng,Ward 79700037,EKU,15972,0.6992862509391435,True,9.678592468183112,0.5726437709850976,2016,0.0516343877436356,0.0191424196018377,0.5716286769387495
Gauteng,Ward 79700038,EKU,15886,0.7475764824373662,True,9.673193497193077,0.5721608686701153,2016,0.04203496730453,-0.0207729766381064,0.6078431372549019
Gauteng,Ward 79700039,EKU,15490,0.6670109748224661,True,9.647949933410914,0.5729665237462643,2016,0.0526073235707041,0.0396670917511241,0.5082293680079658
Gauteng,Ward 79700040,EKU,12698,0.5381162387777603,True,9.449199779730396,0.5742554711067114,2016,0.0097532946153237,-0.1942893401015228,0.3841373671300082
Gauteng,Ward 79700041,EKU,15635,0.4976015350175887,True,9.65726726989194,0.5746606181443131,2016,-0.0551723900864335,0.0842579750346741,0.3520305719282336
Gauteng,Ward 79700042,EKU,16437,0.5886718987649815,True,9.707290170206525,0.5737499145068392,2016,0.023220083313166,0.1218263718263719,0.4189030131826742
Gauteng,Ward 79700043,EKU,16852,0.7041894137194399,True,9.732224623098908,0.5725947393572945,2016,0.1097463232977972,0.3690795352993745,0.5253483198688678
Gauteng,Ward 79700044,EKU,15671,0.5699061961585093,True,9.659567149523216,0.5739375715329039,2016,0.0169563436511347,0.1556784660766961,0.393502538071066
Gauteng,Ward 79700045,EKU,14801,0.5505709073711236,True,9.60245002503719,0.5741309244207777,2016,0.067994491077899,-0.0100327737275098,0.3764281828073993
Gauteng,Ward 79700046,EKU,13618,0.5510353943310324,True,9.519147726042911,0.5741262795511787,2016,-0.0156713364381982,-0.0906784188034187,0.3704020530367836
Gauteng,Ward 79700047,EKU,14476,0.574468085106383,True,9.580247384683632,0.5738919526434252,2016,0.0287238280356089,-0.038905855796043,0.3897857142857143
Gauteng,Ward 79700048,EKU,12020,0.5782861896838603,True,9.394327208089198,0.5738537715976504,2016,0.0068576182552888,-0.0433744528452049,0.4487489911218725
Gauteng,Ward 79700049,EKU,14695,0.5801973460360667,True,9.595262578853017,0.5738346600341283,2016,0.0177019602848669,0.0849021779254337,0.4394731032452719
Gauteng,Ward 79700050,EKU,13086,0.5538743695552499,True,9.479298235429685,0.5740978897989365,2016,-0.0035184925089639,-0.0983877635386523,0.4143327180804109
Gauteng,Ward 79700051,EKU,13728,0.5083770396270396,True,9.527192821727743,0.5745528630982186,2016,-0.004990291542795,0.0607324988409827,0.3778295363563578
Gauteng,Ward 79700052,EKU,14662,0.4768108034374573,True,9.593014391783532,0.5748685254601145,2016,-0.0234796128258534,-0.0537592771861891,0.3078151077570568
Gauteng,Ward 79700053,EKU,14801,0.5801635024660496,True,9.60245002503719,0.5738349984698285,2016,-0.0100842647480097,0.0660472486315182,0.4718560841771794
Gauteng,Ward 79700054,EKU,14224,0.5544150731158605,True,9.562685957753686,0.5740924827633304,2016,-0.0035364093639238,-0.0415094339622641,0.4167744881650049
Gauteng,Ward 79700055,EKU,13594,0.5732676180667942,True,9.517383797906584,0.573903957313821,2016,0.0221293466276698,-0.0870995903565912,0.4535424383324139
Gauteng,Ward 79700056,EKU,13605,0.5734656376332231,True,9.518192651217346,0.5739019771181568,2016,0.0087730421648811,-0.0396696548316509,0.4307139509451648
Gauteng,Ward 79700057,EKU,14047,0.5927956147220047,True,9.55016412883091,0.5737086773472689,2016,0.0450611437763645,-0.0920431775580117,0.4913818503241013
Gauteng,Ward 79700058,EKU,12909,0.5699124641722829,True,9.46568002150671,0.5739375088527662,2016,0.0489955970244614,-0.1373295910184442,0.3862364932178711
Gauteng,Ward 79700059,EKU,12227,0.5258853357323955,True,9.41140190014419,0.574377780137165,2016,-0.0319536994632727,-0.2476618262367709,0.3628267973856209
Gauteng,Ward 79700060,EKU,12664,0.6075489576753,True,9.446518601560848,0.573561143917736,2016,-0.0002459599787725,-0.0562635069677323,0.3732275489534098
Gauteng,Ward 79700061,EKU,15452,0.5840667874708776,True,9.645493723786172,0.5737959656197803,2016,0.0200896073567781,0.144847003037712,0.4048716260697828
Gauteng,Ward 79700062,EKU,12299,0.590373201073258,True,9.41727323724241,0.5737329014837564,2016,-0.0360159494258943,0.1583160670559427,0.4482875264270613
Gauteng,Ward 79700063,EKU,12325,0.5401217038539554,True,9.41938499891089,0.5742354164559494,2016,-0.0782972931777583,-0.0372598031557569,0.3887485491909606
Gauteng,Ward 79700064,EKU,15444,0.5552318052318053,True,9.644975857384127,0.574084315442171,2016,-0.0562865193755245,0.0781151832460733,0.4089495741516831
Gauteng,Ward 79700065,EKU,13894,0.5658557650784511,True,9.539212371252827,0.5739780758437045,2016,-0.0721273453203653,-0.1435616100597916,0.3675194152581087
Gauteng,Ward 79700066,EKU,12130,0.5970321516900248,True,9.403437001938096,0.5736663119775888,2016,-0.0133066841049361,-0.2472384262132307,0.3983613626563174
Gauteng,Ward 79700067,EKU,14260,0.5755259467040673,True,9.565213693968287,0.5738813740274483,2016,-0.0310412973272307,-0.046345215007022,0.3852307236500999
Gauteng,Ward 79700068,EKU,13542,0.5295377344557672,True,9.51355124604559,0.5743412561499314,2016,-0.060641410501766,-0.0334736992363142,0.394968732234224
Gauteng,Ward 79700069,EKU,15244,0.539818945158751,True,9.63194126199375,0.5742384440429015,2016,0.0156782892915048,0.2045831687080206,0.3940065744209158
Gauteng,Ward 79700070,EKU,13629,0.5572675911658963,True,9.519955154427514,0.57406395758283,2016,0.0231052326357859,-0.0478552466117088,0.3993192648059904
Gauteng,Ward 79700071,EKU,13931,0.5161151388988586,True,9.541871851706224,0.5744754821055004,2016,-0.0860622546330017,-0.1078450208133204,0.4531937928545651
Gauteng,Ward 79700072,EKU,13677,0.5725670834247276,True,9.523470868881551,0.5739109626602417,2016,0.0404231943753199,-0.0120629875758451,0.4748383260239351
Gauteng,Ward 79700073,EKU,16439,0.6081270150252448,True,9.707411839509511,0.5735553633442365,2016,0.0800380265489323,0.3155409731113956,0.4351789123606577
Gauteng,Ward 79700074,EKU,15327,0.55340249233379,True,9.637371257998907,0.5741026085711511,2016,-0.0697482617976958,0.1060835678718337,0.433366077275704
Gauteng,Ward 79700075,EKU,15834,0.6224580017683466,True,9.669914805731379,0.5734120534768056,2016,0.0441439203602058,0.0886963696369635,0.5015741090542752
Gauteng,Ward 79700076,EKU,14394,0.6656245657913019,True,9.57456673206775,0.572980387836576,2016,0.0400332163882831,0.0808740707366524,0.5208974127012846
Gauteng,Ward 79700077,EKU,12263,0.5924325205903939,True,9.414341877762027,0.5737123082885851,2016,0.0230270429684833,-0.1808283233132932,0.4539902616159115
Gauteng,Ward 79700078,EKU,12235,0.540008173273396,True,9.412055975876772,0.574236551761755,2016,0.010614188083733,-0.0754873809883632,0.41907174522754
Gauteng,Ward 79700079,EKU,13425,0.4872998137802607,True,9.504873919377065,0.5747636353566864,2016,-0.0549392412974129,-0.1382077288483759,0.3913077403245942
Gauteng,Ward 79700080,EKU,11586,0.5314172276885897,True,9.35755275165657,0.5743224612176031,2016,-0.0179831149727467,-0.1729011993146773,0.4146206896551724
Gauteng,Ward 79700081,EKU,15293,0.5086640946838423,True,9.635150486348124,0.5745499925476506,2016,-0.0265823604140644,0.0326130992572586,0.3986175115207373
Gauteng,Ward 79700082,EKU,13122,0.6158360006096631,True,9.482045489904824,0.5734782734883924,2016,0.0491485103707126,0.0246759331563328,0.4320132417851888
Gauteng,Ward 79700083,EKU,15171,0.562388768044295,True,9.627140989748092,0.574012745814046,2016,-0.023722343066816,0.1389639639639639,0.4317834836918806
Gauteng,Ward 79700084,EKU,13284,0.5257452574525745,True,9.494315582496638,0.5743791809199632,2016,-0.0724463570888264,-0.1773084783551124,0.3303455144411246
Gauteng,Ward 79700085,EKU,11813,0.5632777448573605,True,9.37695589894852,0.5740038560459154,2016,-0.0080107705488019,-0.1727591036414566,0.3798566308243727
Gauteng,Ward 79700086,EKU,12892,0.6056469128141483,True,9.464362242935328,0.5735801643663475,2016,0.0611189474682443,-0.1787488852083067,0.4103345903875471
Gauteng,Ward 79700087,EKU,13018,0.6022430480872638,True,9.474088294132333,0.5736142030136163,2016,0.077737939530431,0.0391123882503192,0.3813294232649071
Gauteng,Ward 79700088,EKU,16063,0.6358712569258544,True,9.684273769557766,0.5732779209252304,2016,0.0310254716791783,0.0840925963420395,0.5404114879573063
Gauteng,Ward 79700089,EKU,13099,0.5076723414001069,True,9.48029117039765,0.5745599100804879,2016,0.0567581773645682,-0.0381819516851457,0.3711739100393836
Gauteng,Ward 79700090,EKU,14284,0.442733127975357,True,9.566895308714338,0.5752093022147354,2016,0.0127670487166492,0.1817655332175063,0.3009688140866982
Gauteng,Ward 79700091,EKU,13452,0.676033303597978,True,9.50688307286016,0.5728763004585092,2016,0.0767749973844004,0.0180882464239764,0.5276087279204393
Gauteng,Ward 79700092,EKU,15440,0.6694300518134715,True,9.644716823578767,0.5729423329763543,2016,0.0489100237038439,0.0850316233309909,0.5417509956257753
Gauteng,Ward 79700093,EKU,14427,0.4153323629306162,True,9.576856729945773,0.5754833098651829,2016,0.0290541674418943,0.1299342105263157,0.2880197322057787
Gauteng,Ward 79700094,EKU,13839,0.7215116699183467,True,9.53524597222593,0.5724215167953055,2016,0.0685502208520647,0.1091608559749939,0.5265198725938236
Gauteng,Ward 79700095,EKU,16046,0.5492957746478874,True,9.6832148763136,0.5741436757480102,2016,0.0001708615247433,0.0138371137928856,0.3611611472911182
Gauteng,Ward 79700096,EKU,13749,0.5366208451523747,True,9.528721373177234,0.5742704250429652,2016,-0.0478358767629106,0.012817679558011,0.3714812538414259
Gauteng,Ward 79700097,EKU,15035,0.6197539075490522,True,9.61813609542263,0.5734390944189984,2016,0.0609727025187074,-0.059313020083839,0.5206493506493507
Gauteng,Ward 79700098,EKU,12069,0.5774297787720607,True,9.398395460617898,0.5738623357067684,2016,0.0112132424062706,-0.0469083155650319,0.412281349177061
Gauteng,Ward 79700099,EKU,15675,0.5484529505582137,True,9.659822365501121,0.5741521039889068,2016,-0.0137265856781068,0.1995867452360908,0.3594614533382516
Gauteng,Ward 79700100,EKU,14328,0.4022194304857621,True,9.569970943740548,0.5756144391896314,2016,-0.1485536576880783,-0.0020894274968658,0.2511136277840695
Gauteng,Ward 79700101,EKU,13146,0.5582686748820934,True,9.483872808823522,0.5740539467456681,2016,-0.0052239488208782,-0.0720688924966471,0.455747558226897
Gauteng,Ward 74201001,GT421,8568,0.723155929038282,False,9.055789612127585,0.5397728733172253,2016,-0.1975750098401049,0.079773156899811,0.6136200716845878
Gauteng,Ward 74201002,GT421,8679,0.5655029381265123,False,9.068661593644245,0.5433558958379474,2016,0.0275119923293754,0.0619111709286674,0.4458181818181818
Gauteng,Ward 74201003,GT421,8562,0.5329362298528382,False,9.055089086704891,0.5440960482987127,2016,-0.0332502003897428,0.0543036571850756,0.4617903930131004
Gauteng,Ward 74201004,GT421,9397,0.5299563690539534,False,9.148145768383065,0.5441637724077784,2016,0.0086581946117627,0.2707234617985126,0.429437316900697
Gauteng,Ward 74201005,GT421,8468,0.7372461029759093,False,9.044049632254756,0.5394526420913702,2016,0.0737079914855793,-0.1971937808115282,0.6785799380509888
Gauteng,Ward 74201006,GT421,8829,0.4791029561671763,False,9.085797036901582,0.5453195317915687,2016,0.0183370215126503,0.1822442420996251,0.4180716253443526
Gauteng,Ward 74201007,GT421,9012,0.5410563692853972,False,9.106312301552135,0.5439114996752455,2016,0.0053126406315284,0.0613590860911552,0.4419186178676972
Gauteng,Ward 74201008,GT421,7544,0.5201484623541888,False,8.928507824313293,0.5443866793782275,2016,-0.0097789448503037,0.033283111902479,0.4221073044602456
Gauteng,Ward 74201009,GT421,8762,0.6266834056151563,False,9.078179468373843,0.5419654306677509,2016,0.0682477530458066,-0.0038653933606184,0.526217008797654
Gauteng,Ward 74201010,GT421,9006,0.5300910504108373,False,9.105646300861517,0.5441607114678491,2016,-0.0320818170385898,0.2740132974961098,0.4344813320922536
Gauteng,Ward 74201011,GT421,8624,0.5296846011131725,False,9.06230429314878,0.544169948951887,2016,-0.0408980930060577,0.1605436684160948,0.4139134481154025
Gauteng,Ward 74201012,GT421,6904,0.5042004634994206,False,8.839856232763264,0.5447491338976541,2016,-0.0207310433498945,-0.0542465753424658,0.3980852378011118
Gauteng,Ward 74201013,GT421,7162,0.5342083216978497,False,8.876544550558378,0.544067137120417,2016,-0.0168557928785122,-0.0413599250435015,0.4200816573415998
Gauteng,Ward 74201014,GT421,6936,0.5263840830449827,False,8.844480518460378,0.5442449607261639,2016,-0.0165441624962864,-0.0410618000829531,0.4031977204369162
Gauteng,Ward 74201015,GT421,9054,0.4708416169648774,False,9.110961927995904,0.5455072895007119,2016,0.0216741093967643,0.1420282542885973,0.3529134229771172
Gauteng,Ward 74201016,GT421,8120,0.6341133004926108,False,9.002085433155724,0.5417965694205361,2016,0.0159605615881726,0.0822337731574036,0.5345724907063197
Gauteng,Ward 74201017,GT421,7881,0.5561476969927674,False,8.97221007835365,0.5435685149546234,2016,0.0576122546963409,0.1542179261862917,0.4399101017269931
Gauteng,Ward 74201018,GT421,7698,0.509742790335152,False,8.948715833843691,0.5446231719241147,2016,0.0267244211003165,0.0173120126866657,0.3709387529379234
Gauteng,Ward 74201019,GT421,7468,0.4866095340117836,False,8.918382504661613,0.5451489277496457,2016,-0.0092559566166618,0.0292171995589856,0.3950237629298295
Gauteng,Ward 74201020,GT421,7176,0.5489130434782609,False,8.878497403738631,0.5437329388981349,2016,-0.0472540439672291,-0.1764975900849208,0.3974605049461095
Gauteng,Ward 74201021,GT421,9664,0.5554635761589404,False,9.176162920174596,0.5435840631553922,2016,-0.0065123148263845,0.2662473794549267,0.3965917893106119
Gauteng,Ward 74201022,GT421,8499,0.5245322979174021,False,9.047703788498627,0.5442870467517907,2016,-0.012242208322753,0.029807342784442,0.4006353240152477
Gauteng,Ward 74201023,GT421,9214,0.584870848708487,False,9.128479345495862,0.5429157160519934,2016,0.0375274704372736,0.4613798572561458,0.4769997733967822
Gauteng,Ward 74201024,GT421,6827,0.4886480152336311,False,8.82864061741828,0.5451025986309674,2016,-0.0332608784756964,-0.0127259580621836,0.3918839730442426
Gauteng,Ward 74201025,GT421,9572,0.5715628917676556,False,9.166597449028265,0.5432181696188305,2016,0.0242640798420783,0.0728536202645147,0.4924050632911392
Gauteng,Ward 74201026,GT421,8566,0.5448283913144992,False,9.055556158175316,0.5438257719018568,2016,-0.0116416589827115,-0.0208047553726565,0.5092873619036057
Gauteng,Ward 74201027,GT421,8964,0.5095939312806783,False,9.100971834920818,0.5446265550844436,2016,0.0228682675638641,0.2204220558202858,0.3596481206443505
Gauteng,Ward 74201028,GT421,7271,0.5904277265850639,False,8.891649112650057,0.5427894233729803,2016,0.0251552297536317,-0.1622306717363751,0.4126746506986028
Gauteng,Ward 74201029,GT421,7149,0.5189536998181564,False,8.874727765766853,0.5444138330722282,2016,0.0103972548830197,-0.0133866961081976,0.3830208809632678
Gauteng,Ward 74201030,GT421,8364,0.5742467718794835,False,9.031692060548524,0.5431571723435616,2016,-0.0165029359181455,0.3965603606612122,0.4286441109132536
Gauteng,Ward 74201031,GT421,8022,0.5315382697581651,False,8.989943046329998,0.5441278201190461,2016,0.0364563025450503,-0.0258652094717668,0.4468227424749164
Gauteng,Ward 74201032,GT421,8263,0.5275323732300617,False,9.019542996701185,0.5442188632219577,2016,-0.0049889728271959,0.0375439477649421,0.4330750032838565
Gauteng,Ward 74201033,GT421,7851,0.5143293847917463,False,8.968396191198256,0.5445189311410102,2016,-0.0255433220596202,-0.0202171471359041,0.4253150978814695
Gauteng,Ward 74201034,GT421,7049,0.5251808767201022,False,8.860641041773876,0.5442723063244567,2016,-0.0188662530236983,-0.0342512672968899,0.4261045426260112
Gauteng,Ward 74201035,GT421,6790,0.559499263622975,False,8.823206220552741,0.5434923429857551,2016,-0.0083910503973699,0.0010319917440659,0.428183849345675
Gauteng,Ward 74201036,GT421,8413,0.5230001188636634,False,9.037533407550814,0.5443218690030122,2016,-0.1753751431908439,0.1023322851153039,0.395263671875
Gauteng,Ward 74201037,GT421,7486,0.4873096446700508,False,8.920789888464375,0.5451330161437761,2016,-0.0448314258652168,-0.0637818909454727,0.4063404968754763
Gauteng,Ward 74201038,GT421,7396,0.5213628988642509,False,8.908694592507015,0.5443590785484533,2016,-0.1330233099498738,0.0282218823856528,0.3840298721815309
Gauteng,Ward 74201039,GT421,6987,0.5264061829111206,False,8.85180655855245,0.5442444584564791,2016,-0.0583259729785304,0.0198511166253101,0.3532651455546813
Gauteng,Ward 74201040,GT421,7375,0.5030508474576271,False,8.905851181208021,0.5447752615349676,2016,-0.0502780912371653,-0.027686222808174,0.4274450341167551
Gauteng,Ward 74201041,GT421,7427,0.5354786589470849,False,8.912877287669296,0.544038265819298,2016,-0.0418571544740054,0.0626699098583487,0.4338721011946592
Gauteng,Ward 74201042,GT421,7763,0.4786809223238438,False,8.95712413640568,0.5453291234698262,2016,0.0340482409746985,0.1955952564300016,0.3597301657134477
Gauteng,Ward 74201043,GT421,7410,0.5376518218623482,False,8.910585718290132,0.5439888757530421,2016,0.0276322346994734,0.1164682838631911,0.393058568329718
Gauteng,Ward 74201044,GT421,7534,0.4731882134324396,False,8.927181388251986,0.5454539577628127,2016,-0.0331930134098822,0.0338959791409358,0.3685023883113234
Gauteng,Ward 74201045,GT421,8928,0.6790994623655914,False,9.096947684621092,0.5407741566506956,2016,0.035825421231628,0.2406892718176765,0.5604288499025342
Gauteng,Ward 74202001,GT422,3763,0.6526707414297104,False,8.232971790593437,0.6561137931797073,2016,-0.0107959252369562,0.0034666666666667,0.5638655462184874
Gauteng,Ward 74202002,GT422,3175,0.7691338582677165,False,8.063062911326792,0.6471550918844761,2016,0.0100647275353414,0.0865845311430526,0.7019464720194647
Gauteng,Ward 74202003,GT422,3464,0.749133949191686,False,8.150179269682326,0.6486935464287862,2016,-0.016513276981856,0.2318634423897581,0.6597093791281374
Gauteng,Ward 74202004,GT422,3881,0.6717340891522804,False,8.263848131368906,0.6546473818164327,2016,-0.0724449250599965,0.1735712125793771,0.5562484410077326
Gauteng,Ward 74202005,GT422,3203,0.6356540743053387,False,8.071843149609158,0.6574227675738897,2016,-0.0961732573877948,-0.2836054573920823,0.5031329774889766
Gauteng,Ward 74202006,GT422,4396,0.6428571428571429,False,8.388450315523512,0.6568686853775971,2016,-0.0409210912290993,0.2895277207392197,0.423566168266012
Gauteng,Ward 74202007,GT422,3922,0.609382967873534,False,8.274357006756292,0.6594436219147978,2016,-0.0073050937439242,0.0069319640564826,0.5510396975425331
Gauteng,Ward 74202008,GT422,4237,0.5598300684446542,False,8.351610750626559,0.663255383409327,2016,-0.0761490308337732,0.0542423488429957,0.4773130544993663
Gauteng,Ward 74202009,GT422,3003,0.5727605727605728,False,8.00736706798333,0.6622607292311795,2016,0.0024649707418272,0.0825522710886805,0.4946236559139785
Gauteng,Ward 74202010,GT422,3945,0.5830164765525983,False,8.280204233279974,0.6614718135548697,2016,-0.0896393347893445,0.1075238629983155,0.4601679816747264
Gauteng,Ward 74202011,GT422,3713,0.6145973606248317,False,8.21959545417708,0.6590425147800827,2016,0.0434086433649257,0.2468099395567495,0.4651260504201681
Gauteng,Ward 74202012,GT422,3599,0.6051681022506252,False,8.188411308079031,0.6597678423473293,2016,0.0344454339368512,0.1114885731933292,0.4633786178381571
Gauteng,Ward 74202013,GT422,3351,0.7108325872873769,False,8.11701408773731,0.6516398050368098,2016,0.0063791459918303,-0.0955465587044533,0.5893707033315706
Gauteng,Ward 74202014,GT422,3756,0.8053780617678381,False,8.231109840328154,0.6443670762306206,2016,-0.0458563082225433,0.2042321256813082,0.7172867628448494
Gauteng,Ward 74203001,GT423,3944,0.6376774847870182,False,8.279950715722526,0.6367871520839611,2016,0.0855359577851561,0.2240844196151459,0.4881825590872045
Gauteng,Ward 74203002,GT423,3391,0.6363904452963728,False,8.128880142125638,0.6368944053748482,2016,-0.0230008857826312,0.0424223793421456,0.4833440102498398
Gauteng,Ward 74203003,GT423,3956,0.6291708796764408,False,8.282988692742602,0.6374960358431759,2016,0.0287620907137428,0.0107307102708227,0.501649327581832
Gauteng,Ward 74203004,GT423,3474,0.6499712147380541,False,8.153061946801051,0.6357626745880415,2016,0.0260370777195301,0.0214642752131726,0.4552919708029197
Gauteng,Ward 74203005,GT423,3201,0.662293033427054,False,8.071218539969863,0.6347358563639581,2016,0.0205291850305525,0.1665451895043732,0.4708710407239819
Gauteng,Ward 74203006,GT423,2930,0.5969283276450512,False,7.982757702011113,0.6401829151791251,2016,0.014561738317905,-0.028836592641697,0.5073457394711067
Gauteng,Ward 74203007,GT423,3891,0.6080699049087638,False,8.266421472984554,0.639254450407149,2016,-0.0123680512956158,0.092363840539023,0.4440196613872201
Gauteng,Ward 74203008,GT423,4674,0.6050492083868207,False,8.449770515098804,0.6395061751173109,2016,0.0115286900282893,0.0095032397408207,0.5247482322691236
Gauteng,Ward 74203009,GT423,4274,0.6406176883481516,False,8.360305435879093,0.6365421351205333,2016,0.0159842572631075,0.044477028347996,0.5937264742785445
Gauteng,Ward 74203010,GT423,3830,0.6715404699738904,False,8.250620082174692,0.6339652366517218,2016,0.0345151535181942,0.2120253164556962,0.5725961538461538
Gauteng,Ward 74203011,GT423,2808,0.6417378917378918,False,7.940227765145702,0.636448784838055,2016,0.0106006697488023,0.1783466219051614,0.4893445918777643
Gauteng,Ward 74203012,GT423,3351,0.6535362578334826,False,8.11701408773731,0.6354655876634224,2016,-0.0067117839419743,0.093668407310705,0.5489058792512523
Gauteng,Ward 74203013,GT423,4612,0.6461405030355594,False,8.436416881388949,0.6360819005632493,2016,-0.004935963185673,0.1413016580054442,0.52346316283435
Gauteng,Ward 74801001,GT481,3834,0.6231090245174752,False,8.251663923605589,0.6165872378245031,2016,0.0099119984951703,-0.287360594795539,0.4260244811069718
Gauteng,Ward 74801002,GT481,4695,0.5735889243876464,False,8.454253391642363,0.6180878469193464,2016,-0.0555220118830066,-0.2612116443745083,0.4004489337822671
Gauteng,Ward 74801003,GT481,5254,0.5239817282070803,False,8.566744970245486,0.6195910952884545,2016,-0.0113379905743056,-0.1205222631402744,0.3946551724137931
Gauteng,Ward 74801004,GT481,4618,0.6152013858813339,False,8.43771698991444,0.6168268632377195,2016,0.0154640685278615,-0.2418322114595305,0.4347826086956521
Gauteng,Ward 74801005,GT481,4779,0.5704122201297342,False,8.471986598578159,0.6181841106847377,2016,0.0151665646909872,0.0253164556962024,0.4298073141958317
Gauteng,Ward 74801006,GT481,4325,0.6233526011560694,False,8.37216741936598,0.6165798567142428,2016,-0.0047504433404177,0.0128805620608898,0.4530489218641317
Gauteng,Ward 74801007,GT481,5557,0.5641533201367644,False,8.622813673279921,0.6183737743208884,2016,0.0426559146512196,0.0298369162342475,0.4312260536398467
Gauteng,Ward 74801008,GT481,4389,0.579630895420369,False,8.386856689688234,0.6179047568880518,2016,0.020137630506963,-0.2961834509300833,0.4686693264491903
Gauteng,Ward 74801009,GT481,6471,0.6462679647658786,False,8.775085935057266,0.6158854517563697,2016,-0.0115960221469515,0.5122692217807898,0.4851666666666667
Gauteng,Ward 74801010,GT481,4854,0.6091882983106716,False,8.487558386286548,0.6170090780125881,2016,0.0332616343011059,-0.0326823435631725,0.4673224043715847
Gauteng,Ward 74801011,GT481,5264,0.6445668693009119,False,8.568646473005153,0.6159370001037929,2016,0.0269198104773824,0.0677484787018256,0.4692814994793474
Gauteng,Ward 74801012,GT481,4332,0.5680978762696214,False,8.37378460812088,0.6182542423168623,2016,0.1635111172908243,-0.062743401125054,0.3143890467579436
Gauteng,Ward 74801013,GT481,5812,0.5557467309015829,False,8.667680024690174,0.6186285194492271,2016,0.0171280899806768,0.0790939472707017,0.4046396316628298
Gauteng,Ward 74801014,GT481,4664,0.5934819897084048,False,8.447628728030327,0.6174850267581113,2016,-0.0447879971854352,-0.2359108781127129,0.4723270440251572
Gauteng,Ward 74801015,GT481,4630,0.5717062634989201,False,8.440312147080279,0.6181448972493078,2016,0.0041938031454991,0.0489352061622112,0.4644896094998858
Gauteng,Ward 74801016,GT481,5454,0.5590392372570591,False,8.604104563405533,0.6185287465293642,2016,-0.0207034623549482,0.1137431080253217,0.4057520404197435
Gauteng,Ward 74801017,GT481,4988,0.7125100240577386,False,8.514790306799927,0.6138781166263133,2016,0.0431050507007225,0.1074600355239787,0.5832451872223398
Gauteng,Ward 74801018,GT481,6027,0.766882362701178,False,8.704004653483045,0.6122304700007546,2016,0.0423736493159352,0.1173526140155729,0.6418088737201365
Gauteng,Ward 74801019,GT481,4225,0.5822485207100592,False,8.348774539791274,0.6178254349095763,2016,0.0614459863911573,-0.1077085533262935,0.4436229205175601
Gauteng,Ward 74801020,GT481,4623,0.600259571706684,False,8.438799123988225,0.6172796454854362,2016,0.0331404163522345,-0.2252388134741075,0.4639311714096625
Gauteng,Ward 74801021,GT481,5710,0.7747810858143608,False,8.649974302650056,0.6119911147549005,2016,0.0362658696872043,0.1068036441170769,0.6487758945386064
Gauteng,Ward 74801022,GT481,5362,0.7342409548675867,False,8.587092318795905,0.6132196035714694,2016,0.0535951584509691,0.0557196298483952,0.6347393626818936
Gauteng,Ward 74801023,GT481,5248,0.5912728658536586,False,8.565602330623925,0.6175519699052249,2016,0.0256314555010703,-0.0157539384846211,0.4522152435919199
Gauteng,Ward 74801024,GT481,5469,0.5428780398610349,False,8.606851063346772,0.6190184797837892,2016,-0.0644785247288982,-0.0374868004223865,0.4480342545737641
Gauteng,Ward 74801025,GT481,4969,0.564701147112095,False,8.51097389160232,0.618357173503454,2016,-0.0544079555347739,0.0692920163546373,0.4234990316333118
Gauteng,Ward 74801026,GT481,4759,0.567135952931288,False,8.46779284112111,0.6182833915089331,2016,0.0180241451987906,-0.1711947056774643,0.4481448368350469
Gauteng,Ward 74801027,GT481,4632,0.6101036269430051,False,8.440744019252831,0.6169813407813053,2016,-0.017306361442593,0.07595818815331,0.4530729975593521
Gauteng,Ward 74801028,GT481,4822,0.7422231439236832,False,8.480944058741116,0.612977719054618,2016,0.0601837954997356,0.0200973133065369,0.5811186037286791
Gauteng,Ward 74801029,GT481,3929,0.7569356070246882,False,8.27614021955846,0.6125318868394362,2016,0.0982307237975119,-0.3048478414720452,0.666747927840078
Gauteng,Ward 74801030,GT481,5492,0.581755280407866,False,8.61104776688786,0.6178403815854004,2016,-0.0103636273003954,-0.0508123055651572,0.4743301642178046
Gauteng,Ward 74801031,GT481,5669,0.6399717763273945,False,8.642768014324304,0.6160762453454146,2016,0.0086336139179397,0.0806328631338162,0.4910268270120259
Gauteng,Ward 74801032,GT481,4322,0.6265617769551134,False,8.371473537066832,0.6164826089627565,2016,0.0579422756374568,-0.1238597202513683,0.5046753940689287
Gauteng,Ward 74801033,GT481,4610,0.562472885032538,False,8.435983135990694,0.618424696596774,2016,0.063526502452346,0.0793725122922033,0.4719730941704035
Gauteng,Ward 74801034,GT481,5444,0.5920279206465834,False,8.602269363771356,0.6175290894569544,2016,-0.0609450523263895,0.177081081081081,0.4104704097116843
Gauteng,Ward 74804001,GT484,4870,0.5958932238193019,False,8.490849216076635,0.5264916852271709,2016,-0.0593934848316759,0.6141862777593636,0.4422143802382002
Gauteng,Ward 74804002,GT484,4780,0.5663179916317992,False,8.472195825485501,0.5275870641970785,2016,-0.0726965885592515,0.2016088486676721,0.4729493891797556
Gauteng,Ward 74804003,GT484,2745,0.492896174863388,False,7.917536353943631,0.5303063907440566,2016,-0.0528421954144765,-0.1429909459881361,0.4430003713330858
Gauteng,Ward 74804004,GT484,3555,0.4728551336146273,False,8.176110342237342,0.5310486515310477,2016,-0.1269437603019136,-0.1063348416289592,0.4390243902439024
Gauteng,Ward 74804005,GT484,2595,0.3152215799614644,False,7.861341795599989,0.5368869312959796,2016,-0.0778252573152135,0.2530178657653308,0.2604131391804944
Gauteng,Ward 74804006,GT484,3270,0.5483180428134556,False,8.0925452638913,0.5282537289681282,2016,-0.0200529441068773,-0.0279429250891795,0.45368492224476
Gauteng,Ward 74804007,GT484,3640,0.5645604395604396,False,8.199738960630786,0.5276521587182399,2016,-0.0308906210069001,-0.0697674418604651,0.5150822669104205
Gauteng,Ward 74804008,GT484,3081,0.5556637455371632,False,8.033009498596668,0.5279816659042871,2016,-0.0348764167914121,-0.1376994122586062,0.4355016538037486
Gauteng,Ward 74804009,GT484,2544,0.5216194968553459,False,7.841492924460013,0.5292425640036137,2016,-0.0488030383559217,-0.1468812877263581,0.4817771607080874
Gauteng,Ward 74804010,GT484,3311,0.5832074901842343,False,8.105005537547246,0.5269615272136549,2016,-0.0200597210176326,-0.0341306884480746,0.3848768054375531
Gauteng,Ward 74804011,GT484,3046,0.4399212081418253,False,8.021584533455107,0.5322684265485589,2016,-0.0610440428234257,-0.0199485199485199,0.3292547274749722
Gauteng,Ward 74804012,GT484,4012,0.6071784646061814,False,8.297045149081827,0.5260737133461754,2016,0.0808626751324972,0.3364423717521652,0.5292485549132948
Gauteng,Ward 74804013,GT484,3531,0.5097706032285472,False,8.169336395928386,0.5296814119157174,2016,0.0351988687531724,-0.0548715203426124,0.4505644885391721
Gauteng,Ward 74804014,GT484,4300,0.6004651162790697,False,8.366370301681654,0.5263223558768091,2016,0.2005830755831098,0.2680625184311411,0.4480604009372559
Gauteng,Ward 74804015,GT484,3451,0.4378441031585048,False,8.146419323098003,0.532345356362756,2016,0.0661090285316391,0.6096082089552239,0.370939161252215
Gauteng,Ward 74804016,GT484,3549,0.5455057762750071,False,8.174421152646497,0.5283578869880707,2016,-0.0015778498669465,0.247013352073085,0.424310008363535
Gauteng,Ward 74804017,GT484,3483,0.5420614412862474,False,8.155649270366002,0.5284854549506174,2016,-0.0161594482689749,-0.1296851574212894,0.4235474006116208
Gauteng,Ward 74804018,GT484,3766,0.4694636218799787,False,8.233768709217097,0.5311742630767755,2016,-0.0065995615951124,-0.0848116646415553,0.3523509174311927
Gauteng,Ward 74804019,GT484,2286,0.4050743657042869,False,7.734558844354756,0.5335590503425418,2016,0.03653575689765,-0.2705807275047862,0.3040562120728202
Gauteng,Ward 74804020,GT484,4233,0.5546893456177652,False,8.350666240520924,0.5280177547901908,2016,-0.0420567322439431,0.2298082510168506,0.3341002044989775
Gauteng,Ward 74804021,GT484,4349,0.6675097723614624,False,8.37770121259764,0.5238392204663501,2016,0.0344263609275354,0.0189784442361762,0.5714285714285714
Gauteng,Ward 74804022,GT484,3829,0.5920605902324366,False,8.250358951477294,0.526633634619277,2016,-0.0287881182546482,0.177429274292743,0.4407720144752714
Gauteng,Ward 74804023,GT484,3912,0.4890081799591002,False,8.271804031154709,0.5304503905553265,2016,-0.0203772661710104,0.0059141167395218,0.3715753424657534
Gauteng,Ward 74804024,GT484,3098,0.5936087798579729,False,8.038512020976814,0.5265762942627756,2016,-0.0390876108002011,-0.2691672564284029,0.4931554931554932
Gauteng,Ward 74804025,GT484,3114,0.5873474630700064,False,8.043663352393944,0.5268081948845522,2016,-0.0392128698010061,0.0797503467406379,0.3596824301001035
Gauteng,Ward 74804026,GT484,3870,0.5736434108527132,False,8.261009786023827,0.5273157523740816,2016,-0.0602889811027853,-0.1720154043645699,0.4231957315360853
Gauteng,Ward 74804027,GT484,3650,0.3736986301369863,False,8.202482446576537,0.5347211146228121,2016,-0.0492296652687672,0.5671962215543151,0.1723347344287352
Gauteng,Ward 74804028,GT484,4094,0.6057645334636053,False,8.317277766221235,0.5261260811662708,2016,0.0217862052902306,0.5843653250773995,0.4882641217436162
Gauteng,Ward 79800001,JHB,14454,0.521654905216549,True,9.578726471842927,0.564295536381782,2016,-0.0501769450442671,-0.1129794415464866,0.3940114733454596
Gauteng,Ward 79800002,JHB,14970,0.5507014028056112,True,9.613803477413674,0.5640703697338048,2016,-0.0150926839070217,-0.1252775505434147,0.3786692759295499
Gauteng,Ward 79800003,JHB,13968,0.5121706758304696,True,9.544524278079383,0.5643690575398136,2016,-0.0518146356085936,-0.0322178341301184,0.3953299342348333
Gauteng,Ward 79800004,JHB,18289,0.5424572147192301,True,9.814055065204576,0.5641342781685829,2016,-0.0423352124291952,0.1315349873167111,0.4008762945260043
Gauteng,Ward 79800005,JHB,15969,0.6713632663285115,True,9.678404621840867,0.5631350064506815,2016,0.1007428395929768,-0.0180778454159749,0.3582964394836939
Gauteng,Ward 79800006,JHB,16319,0.4818309945462344,True,9.700085352130934,0.5646042488675984,2016,-0.0858716341503701,0.1171276013143483,0.4649830220713073
Gauteng,Ward 79800007,JHB,19415,0.6175637393767706,True,9.873801242165767,0.5635520570472066,2016,0.0200066028156674,0.2223761254171126,0.4871120994642676
Gauteng,Ward 79800008,JHB,17313,0.5517818979957257,True,9.759212943379076,0.5640619938020984,2016,0.0455915902489977,0.2248319773611602,0.3606493794326241
Gauteng,Ward 79800009,JHB,16825,0.5979197622585438,True,9.730621154512928,0.563704335939596,2016,0.0593389410204839,0.0436050117851383,0.4684164190601959
Gauteng,Ward 79800010,JHB,13739,0.5766067399374045,True,9.527993782923948,0.5638695531668916,2016,0.0534477685756278,0.0037258912916422,0.4278866194247603
Gauteng,Ward 79800011,JHB,17511,0.5534806692935869,True,9.7705845338719,0.5640488250323475,2016,0.0168216525041194,0.0575552602971374,0.4273036253776435
Gauteng,Ward 79800012,JHB,16599,0.4908126995602144,True,9.71709773156622,0.5645346232473349,2016,0.0005133975372639,-0.0181592334082574,0.3931061192873741
Gauteng,Ward 79800013,JHB,15352,0.5421443460135488,True,9.639001037687535,0.5641367035073866,2016,0.0576303046406145,-0.1129088177510689,0.4040829552819183
Gauteng,Ward 79800014,JHB,14753,0.5520911001152308,True,9.599201730917567,0.5640595968864434,2016,0.0031803481826938,0.0367533380182711,0.440583591767691
Gauteng,Ward 79800015,JHB,15796,0.5257027095467207,True,9.66751202240654,0.564264158053641,2016,-0.0734162331845568,0.0233221041720652,0.3570430408049189
Gauteng,Ward 79800016,JHB,14696,0.6455498094719652,True,9.595330626894961,0.563335110767399,2016,0.0633800244957015,0.0259703993297961,0.4209851936218678
Gauteng,Ward 79800017,JHB,18613,0.6150002686294526,True,9.831615540298333,0.5635719289134649,2016,0.0376695049580481,0.1209949409780775,0.5184820108427797
Gauteng,Ward 79800018,JHB,18582,0.6573027661177484,True,9.829948649201258,0.5632440025763463,2016,0.0297486975312983,0.1101684789102641,0.5445502645502646
Gauteng,Ward 79800019,JHB,14841,0.5492891314601442,True,9.605148899895818,0.5640813175736921,2016,0.0531404268958817,-0.0552549493920682,0.3827058647067646
Gauteng,Ward 79800020,JHB,15040,0.575997340425532,True,9.618468597503831,0.5638742771941154,2016,0.0031217414687781,-0.0877661187602353,0.3740265359100087
Gauteng,Ward 79800021,JHB,15995,0.5070334479524852,True,9.680031452383618,0.564408881011736,2016,-0.1121368851713363,0.0053425518541798,0.5064935064935064
Gauteng,Ward 79800022,JHB,18276,0.5787371416064785,True,9.813344002683163,0.5638530384252709,2016,0.0040473734023108,0.0697728869117302,0.436917140100761
Gauteng,Ward 79800023,JHB,18388,0.722971503154231,True,9.819453556926119,0.5627349425993193,2016,0.0434725524721743,0.2059286463798531,0.5531344284277573
Gauteng,Ward 79800024,JHB,18484,0.5022181346028998,True,9.824660771990157,0.5644462090221979,2016,0.0113027393185724,0.2818307905686545,0.3500092302012184
Gauteng,Ward 79800025,JHB,17988,0.553035356904603,True,9.797460147890598,0.5640522770663707,2016,0.0061298772096216,0.0633090973576875,0.403676774841875
Gauteng,Ward 79800026,JHB,15134,0.559997356944628,True,9.624699147254466,0.5639983080738123,2016,0.0126338791504512,0.0152958540185159,0.3741835147744946
Gauteng,Ward 79800027,JHB,18016,0.5873667850799289,True,9.799015530939418,0.5637861419642364,2016,0.0087121038884914,0.3724384855641045,0.4256534024016953
Gauteng,Ward 79800028,JHB,14480,0.5586325966850829,True,9.580523665939708,0.564008887610708,2016,0.0233344472676737,-0.0075394105551748,0.4237644584647739
Gauteng,Ward 79800029,JHB,16766,0.5728856018131934,True,9.727108305197802,0.5638983991988622,2016,0.0079284951045591,0.0347466518545949,0.4457494762237318
Gauteng,Ward 79800030,JHB,17420,0.5044776119402985,True,9.765374250406493,0.564428693694001,2016,-0.0182429458804188,0.0293683153105241,0.4002125132820801
Gauteng,Ward 79800031,JHB,14044,0.4950868698376531,True,9.549950537288323,0.5645014901444091,2016,-0.0131018541152356,-0.0212558366436685,0.3886229894076108
Gauteng,Ward 79800032,JHB,19191,0.6756813089469021,True,9.862196698118247,0.5631015332520892,2016,0.0801702256309407,0.3335417969564311,0.4406805957798924
Gauteng,Ward 79800033,JHB,14084,0.6180772507810282,True,9.552794680274943,0.5635480763386465,2016,-3.074181050910507e-05,0.0032768200598376,0.466802860061287
Gauteng,Ward 79800034,JHB,14287,0.5431511163995241,True,9.567105311865157,0.5641288990857899,2016,0.0194500317228296,-0.1438245340684365,0.4257651245551601
Gauteng,Ward 79800035,JHB,13498,0.570825307452956,True,9.510296805303351,0.5639143704729727,2016,-0.0024605827892774,-0.0763651293280416,0.438
Gauteng,Ward 79800036,JHB,14299,0.5772431638576124,True,9.567944883732848,0.5638646196481303,2016,-0.0042878024079814,0.055510445117,0.4357985655895735
Gauteng,Ward 79800037,JHB,15946,0.5425184999372884,True,9.67696329306244,0.5641338030893731,2016,0.028295016338846,0.0524717840406574,0.3897166679533699
Gauteng,Ward 79800038,JHB,14276,0.5399971980947044,True,9.566335084610051,0.564153348064897,2016,-0.0043678297011225,0.0306837051476427,0.4300343793431351
Gauteng,Ward 79800039,JHB,14411,0.5692179585039207,True,9.575747082838362,0.5639268305423449,2016,0.0019149726987321,-0.1182697014194811,0.4325939203824034
Gauteng,Ward 79800040,JHB,15951,0.5343238668422042,True,9.677276802172448,0.564197327376932,2016,-0.0206141981059042,0.0680281218613994,0.4398550229091157
Gauteng,Ward 79800041,JHB,18271,0.5866673964205572,True,9.813070382411665,0.563791563581751,2016,-0.0093934809294875,0.0904804535959415,0.3887769613652524
Gauteng,Ward 79800042,JHB,14036,0.567326873753206,True,9.549380736703105,0.5639414901140559,2016,0.0051954499958344,-0.0146026397079471,0.4172029172029172
Gauteng,Ward 79800043,JHB,15559,0.5767080146538981,True,9.652394528314963,0.5638687680915699,2016,-0.0069384223326649,-0.0091702222505253,0.4493231395104159
Gauteng,Ward 79800044,JHB,19111,0.5170320757678823,True,9.858019364488982,0.5643313722689809,2016,-0.0185026992175063,0.1169491525423729,0.4054639054639055
Gauteng,Ward 79800045,JHB,17065,0.5453266920597715,True,9.744784861340808,0.5641120341581911,2016,-0.0089930696085502,0.1297583581595498,0.4293701799485861
Gauteng,Ward 79800046,JHB,17207,0.5432672749462428,True,9.753071556753158,0.5641279986319393,2016,-0.0308756122443902,0.2064081890205427,0.4199812675616609
Gauteng,Ward 79800047,JHB,16447,0.5269046026630997,True,9.707898368741269,0.5642548410527389,2016,-0.0108726549011304,-0.0374553754316147,0.3746159300401796
Gauteng,Ward 79800048,JHB,16107,0.5533618923449432,True,9.68700923909068,0.5640497457838874,2016,0.0028596776091517,0.0048661800486617,0.4333771954917329
Gauteng,Ward 79800049,JHB,19173,0.542377301413446,True,9.861258318318392,0.5641348976515734,2016,-0.0272037675829081,0.3189103666506157,0.3565600440506583
Gauteng,Ward 79800050,JHB,14304,0.5545302013422819,True,9.568294497413296,0.5640406891249933,2016,-0.0263152906143211,0.0702581369248036,0.381184103811841
Gauteng,Ward 79800051,JHB,15746,0.5379143909564333,True,9.664341643744413,0.5641694938566666,2016,-0.0188794637218188,-0.0085631532552574,0.3910051438898929
Gauteng,Ward 79800052,JHB,13970,0.5231925554760201,True,9.544667452251007,0.5642836166123287,2016,-0.02964892009726,-0.005127474718701,0.4207890275851441
Gauteng,Ward 79800053,JHB,15727,0.5891778470146881,True,9.663134259490725,0.5637721027244321,2016,0.0071902693749366,-0.1859730848861284,0.3682351134094516
Gauteng,Ward 79800054,JHB,19300,0.6521761658031088,True,9.867860374892977,0.5632837436640566,2016,0.0290591321994008,0.1181923522595596,0.4773910801753029
Gauteng,Ward 79800055,JHB,14853,0.5791422608227295,True,9.605957144029533,0.5638498979662301,2016,0.0508016061536066,0.0523593595012044,0.4234153100103914
Gauteng,Ward 79800056,JHB,15883,0.5702323238682868,True,9.673004633835156,0.5639189672449468,2016,0.0363972453342553,0.0394633507853403,0.4164768660115832
Gauteng,Ward 79800057,JHB,18404,0.6020430341230167,True,9.82032331127536,0.5636723725918094,2016,0.0382067482341956,0.1242516799022601,0.4379728920581351
Gauteng,Ward 79800058,JHB,18241,0.5458582314566087,True,9.811427086686914,0.5641079136977505,2016,0.0575488134363595,0.3286473887391652,0.3460633164646345
Gauteng,Ward 79800059,JHB,13573,0.2851985559566787,True,9.515837804297965,0.5661285313372848,2016,0.0268691489431497,-0.0864239079221915,0.2183908045977011
Gauteng,Ward 79800060,JHB,15313,0.3672696401750147,True,9.636457419815208,0.5654923213821039,2016,0.0541718613433017,0.2104181487629437,0.2339535729438147
Gauteng,Ward 79800061,JHB,16023,0.4746926293453161,True,9.68178046900788,0.5646595850319466,2016,0.1095427263597743,0.0028791387619704,0.3104014137843979
Gauteng,Ward 79800062,JHB,13442,0.3544115459009076,True,9.506139412529912,0.5655919965315157,2016,0.0491331655682973,-0.028054953000723,0.2390455916267518
Gauteng,Ward 79800063,JHB,13436,0.3212265555224769,True,9.505692950732183,0.5658492445189454,2016,0.046284805893161,-0.051330932711996,0.2290909090909091
Gauteng,Ward 79800064,JHB,16322,0.3565739492709227,True,9.700269170029188,0.5655752337146938,2016,0.0394126900161222,-0.017516402817071,0.232072072072072
Gauteng,Ward 79800065,JHB,17319,0.4309140250591836,True,9.759559443729044,0.5649989540574205,2016,0.0299235902175853,0.1748863713452275,0.3128147733631785
Gauteng,Ward 79800066,JHB,15048,0.5443912812333865,True,9.619000370980867,0.5641192854049072,2016,0.0433088034067227,0.0509113764927717,0.3784893839192482
Gauteng,Ward 79800067,JHB,13747,0.3636429766494508,True,9.52857589747142,0.5655204350528448,2016,0.0236657556927309,-0.0214265375854214,0.2690920254816179
Gauteng,Ward 79800068,JHB,16041,0.597905367495792,True,9.682903223616842,0.5637044475269041,2016,0.0407909047341878,-0.0622588565415643,0.4704459650778669
Gauteng,Ward 79800069,JHB,16276,0.5475546817399852,True,9.697446909121581,0.56409476292036,2016,0.0521178319091089,0.0387389112259877,0.3856679182842232
Gauteng,Ward 79800070,JHB,20048,0.6516360734237829,True,9.90588467713585,0.5632879304266871,2016,0.0322929133513754,0.2960951642099818,0.4991574791776997
Gauteng,Ward 79800071,JHB,17035,0.6508365130613443,True,9.743025330095067,0.5632941285690316,2016,0.0183299856462006,0.1119451697127937,0.456097849208225
Gauteng,Ward 79800072,JHB,16122,0.6483066617045031,True,9.687940077843546,0.5633137398198598,2016,0.04901382981765,0.0364513018322083,0.550638358915507
Gauteng,Ward 79800073,JHB,15167,0.619898463770027,True,9.626877294051397,0.5635339584084992,2016,0.0545762366766469,0.1082127721759462,0.4493109917836579
Gauteng,Ward 79800074,JHB,15439,0.6617656583975646,True,9.644652054641927,0.5632094065121617,2016,0.0519062904858755,0.1673219416301226,0.5114839348727791
Gauteng,Ward 79800075,JHB,16286,0.4525359204224487,True,9.698061122027077,0.5648313424654572,2016,0.0154536213962886,0.0365985615174082,0.3328461587341933
Gauteng,Ward 79800076,JHB,15030,0.4797737857618097,True,9.61780348274702,0.5646201962225164,2016,0.0229362960385978,0.0297341737462317,0.3739501882421083
Gauteng,Ward 79800077,JHB,16107,0.4839510771714161,True,9.68700923909068,0.564587814118566,2016,-0.0063427472377094,-0.0553633217993079,0.3250095069083534
Gauteng,Ward 79800078,JHB,15620,0.5140845070422535,True,9.656307423393677,0.564354221638947,2016,-0.0310539794567614,-0.0949125043458106,0.3255872063968016
Gauteng,Ward 79800079,JHB,17197,0.4678723033087166,True,9.752490228984199,0.5647124557764164,2016,0.0070581730010782,0.0057901508948414,0.3261103038726388
Gauteng,Ward 79800080,JHB,13481,0.476299977746458,True,9.509036565691064,0.5646471249668213,2016,0.0439337039477272,0.2222121486854034,0.4204796233632485
Gauteng,Ward 79800081,JHB,17588,0.5552080964293836,True,9.7749721303007,0.5640354341243181,2016,0.007826779430915,0.0773660030627871,0.4073386234453261
Gauteng,Ward 79800082,JHB,17908,0.6249720795175341,True,9.793002819360856,0.5634946280538673,2016,0.043151548475477,0.1569222818011499,0.496973125884017
Gauteng,Ward 79800083,JHB,16272,0.7525811209439528,True,9.69720111828834,0.5625054106784687,2016,0.0415591586130899,0.1064119126946352,0.5956194214091283
Gauteng,Ward 79800084,JHB,18755,0.6332178085843775,True,9.839215662515988,0.5634307076735042,2016,0.0358243190162633,0.0960785459645841,0.4842850818946436
Gauteng,Ward 79800085,JHB,17792,0.6838466726618705,True,9.78650419705031,0.56303823585895,2016,0.0276934585793219,0.1245812527653118,0.4896487555245405
Gauteng,Ward 79800086,JHB,19302,0.6870790591648533,True,9.867963996467081,0.5630131785992369,2016,0.0602785092873804,0.1536668459745382,0.5321745562130178
Gauteng,Ward 79800087,JHB,16256,0.6168799212598425,True,9.696217350378209,0.5635573579628418,2016,0.0189012142701804,0.2541274494676748,0.4866310160427807
Gauteng,Ward 79800088,JHB,16381,0.6886026494109029,True,9.703877405604631,0.5630013678221358,2016,0.0486184742823257,0.0801134115785309,0.555072
Gauteng,Ward 79800089,JHB,18288,0.7055446194225722,True,9.814000386034591,0.5628700347212702,2016,0.0612699245974392,0.3695798696922039,0.5404728789986092
Gauteng,Ward 79800090,JHB,16176,0.7273120672601385,True,9.691283941260252,0.5627012948155525,2016,0.1275306605480387,0.0399897132570399,0.5297057893071813
Gauteng,Ward 79800091,JHB,15777,0.5613868289281866,True,9.666308462257454,0.5639875369731646,2016,0.0340078097661209,0.0248132510555374,0.4287075261987932
Gauteng,Ward 79800092,JHB,14712,0.5082245785753127,True,9.596418766284158,0.5643996474410163,2016,-0.0020787986427754,-0.1578706353749284,0.364535681610247
Gauteng,Ward 79800093,JHB,18132,0.6983234061328039,True,9.80543361206074,0.5629260131188653,2016,0.109073686088011,0.3536394176931692,0.5212787619629403
Gauteng,Ward 79800094,JHB,17562,0.6411001024940212,True,9.773492755919941,0.5633696046199411,2016,0.0238374283593091,0.2610943558810856,0.4696908407974574
Gauteng,Ward 79800095,JHB,18372,0.4438819943392118,True,9.818583045445685,0.5648984271637768,2016,0.0500584649274471,0.0807058823529411,0.2979160878021673
Gauteng,Ward 79800096,JHB,19919,0.6047492343993173,True,9.899429329075273,0.5636513942950938,2016,0.0427886236447255,0.1019583978756362,0.4734027968193035
Gauteng,Ward 79800097,JHB,19577,0.7572150993512795,True,9.882110686776542,0.5624694883652336,2016,0.0886167654143001,0.1817578172159846,0.5247387072175123
Gauteng,Ward 79800098,JHB,17625,0.6427234042553192,True,9.777073627680469,0.5633570208853573,2016,0.0360273480179784,0.0499821279637793,0.4917020904908868
Gauteng,Ward 79800099,JHB,15294,0.7002092323787106,True,9.63521587360417,0.5629113943107574,2016,0.0602352270353644,0.1043396635136111,0.5683921147914711
Gauteng,Ward 79800100,JHB,20129,0.5369864374782652,True,9.909916840301031,0.5641766872944819,2016,0.0022248618044573,0.3910850034554249,0.4033350436121087
Gauteng,Ward 79800101,JHB,20382,0.6718673339220881,True,9.922407437388639,0.563131098949956,2016,0.0101009190470154,0.1843114468332365,0.5097332709405709
Gauteng,Ward 79800102,JHB,17803,0.6798854125709151,True,9.787122261404862,0.5630689433015156,2016,0.0421329196023648,0.1380081820506264,0.5268076471216491
Gauteng,Ward 79800103,JHB,19037,0.6789410096128592,True,9.85413973290579,0.5630762642546788,2016,0.0501697200751463,0.1579683698296836,0.5088221756252238
Gauteng,Ward 79800104,JHB,17297,0.6648551771983581,True,9.758288355043923,0.563185456754016,2016,0.0523769752995012,0.1171607569592456,0.5128864506543231
Gauteng,Ward 79800105,JHB,18269,0.5041874213147955,True,9.81296091333657,0.5644309432337336,2016,-0.0571800121770434,0.1739493638349827,0.3880589218554116
Gauteng,Ward 79800106,JHB,19116,0.6820987654320988,True,9.85828095969805,0.5630517855273979,2016,0.0310266406757635,0.3308270676691729,0.52441085810878
Gauteng,Ward 79800107,JHB,16421,0.5831557152426771,True,9.706316282491837,0.5638187859164631,2016,-0.0412857503516035,0.2228924635090854,0.3795625120277118
Gauteng,Ward 79800108,JHB,14158,0.4933606441587795,True,9.558035114334135,0.5645148717388189,2016,-0.0163443247853198,0.0992236024844721,0.3569049812229859
Gauteng,Ward 79800109,JHB,18333,0.5387007036491572,True,9.816457993563025,0.5641633984094362,2016,0.0094933075827339,0.0795548227535036,0.4074746702351366
Gauteng,Ward 79800110,JHB,15672,0.4832184788157223,True,9.659630959624376,0.5645934931755867,2016,0.0138687986451465,-0.1646055437100213,0.2554967815945446
Gauteng,Ward 79800111,JHB,15419,0.4722096115182567,True,9.643355794171352,0.5646788332321564,2016,-0.0289503396416944,-0.0586691086691086,0.3076687116564417
Gauteng,Ward 79800112,JHB,16498,0.67365741301976,True,9.710994440420677,0.5631172223678036,2016,0.0713970209630586,0.0534448630355659,0.4482318070318888
Gauteng,Ward 79800113,JHB,19356,0.427567679272577,True,9.87075772791321,0.565024894722433,2016,-0.0128265197307266,0.0838232823786326,0.2680979906413432
Gauteng,Ward 79800114,JHB,14406,0.5240177703734555,True,9.575400065449308,0.5642772195976199,2016,-0.0059520651816675,-0.2991145275858713,0.3796006144393241
Gauteng,Ward 79800115,JHB,20234,0.6660077097953939,True,9.915119636765835,0.5631765223927987,2016,-0.0146959149380815,0.1984126984126983,0.454360679970436
Gauteng,Ward 79800116,JHB,14385,0.4625651720542231,True,9.573941275985648,0.5647535963287768,2016,-0.0266377071779816,-0.0412556651559584,0.3646148175451529
Gauteng,Ward 79800117,JHB,14320,0.6982541899441341,True,9.569412440514636,0.5629265496784673,2016,0.0284896786422518,0.1278254705836023,0.5293084059600787
Gauteng,Ward 79800118,JHB,18986,0.5325503002212156,True,9.851457144441744,0.5642110759553892,2016,0.0220955830024223,0.1957425368434311,0.3193349824541218
Gauteng,Ward 79800119,JHB,19222,0.5644053688481948,True,9.863810735383229,0.563964137438901,2016,0.0220137643190592,0.3271195802264568,0.404071661237785
Gauteng,Ward 79800120,JHB,18613,0.5834631709020577,True,9.831615540298333,0.5638164025392586,2016,0.0149385336372969,0.3369487142651917,0.4089673913043478
Gauteng,Ward 79800121,JHB,18994,0.5783405285879751,True,9.851878418802897,0.5638561129447942,2016,0.0082481842328961,0.1316056002383079,0.4680417621594092
Gauteng,Ward 79800122,JHB,18847,0.5820554995489998,True,9.844109029016629,0.5638273147202901,2016,-0.0029343318490189,0.2364363970347045,0.4114131584514491
Gauteng,Ward 79800123,JHB,16068,0.3423574807069953,True,9.684584995479172,0.5656854388973599,2016,0.0685887158926681,0.0579404793257836,0.2112845990063875
Gauteng,Ward 79800124,JHB,16036,0.467760039910202,True,9.682591473762397,0.5647133260353195,2016,0.0437120555330224,0.118426558794811,0.3179443008900373
Gauteng,Ward 79800125,JHB,15314,0.6507770667363197,True,9.63652272167307,0.5632945893932566,2016,0.0696953082521851,-0.2323424733069327,0.4782924107142857
Gauteng,Ward 79800126,JHB,18963,0.7071138532932553,True,9.850244991140409,0.5628578701176215,2016,0.0496192395659546,0.1673130193905816,0.5306615161757605
Gauteng,Ward 79800127,JHB,16222,0.4947602021945506,True,9.69412362463029,0.5645040224517199,2016,-0.0112674584814349,0.1997633311145625,0.386183048852266
Gauteng,Ward 79800128,JHB,17720,0.5094243792325056,True,9.782449224159071,0.5643903466607281,2016,0.0014869204174333,0.0615227939855029,0.3562464669304692
Gauteng,Ward 79800129,JHB,15447,0.555771347187156,True,9.64517008871425,0.5640310678393741,2016,-0.0505840808243229,0.0811926926576607,0.4014004668222741
Gauteng,Ward 79800130,JHB,13483,0.5635244381814136,True,9.509184911634074,0.5639709663587985,2016,-0.0279164252799797,0.0176617103177598,0.4384281471327393
Gauteng,Ward 79900001,TSH,14831,0.6396062301935136,True,9.604474863741963,0.5859230848135899,2016,-0.0224938989127839,0.0637641658298666,0.4921804238874464
Gauteng,Ward 79900002,TSH,14620,0.667578659370725,True,9.59014573330377,0.5856541191484245,2016,-0.0086512019198754,0.2595847333505643,0.4986218992733651
Gauteng,Ward 79900003,TSH,15734,0.5490021609253846,True,9.663579254889187,0.586794277787322,2016,0.0657214965614542,0.1563166017490997,0.3216161116945697
Gauteng,Ward 79900004,TSH,16012,0.5991131651261554,True,9.681093720112464,0.5863124412084684,2016,0.1020371417343425,0.1147312726260094,0.4290778114458864
Gauteng,Ward 79900005,TSH,16747,0.726398757986505,True,9.725974416734479,0.5850885412771188,2016,0.0111574048888235,0.2730520714557203,0.5903458957150233
Gauteng,Ward 79900006,TSH,12527,0.5475373193901173,True,9.435641593844192,0.5868083628020841,2016,0.0201780036159895,0.2175138497424433,0.4084517045454545
Gauteng,Ward 79900007,TSH,13382,0.4483634733223733,True,9.501665799342762,0.5877619574758124,2016,-0.0815566847153252,0.1014898345542842,0.4479371316306483
Gauteng,Ward 79900008,TSH,13022,0.5359391798494855,True,9.474395513796807,0.5869198833745902,2016,0.002616803318957,0.0700961459446134,0.3945741227392178
Gauteng,Ward 79900009,TSH,12880,0.5798913043478261,True,9.463430999658344,0.5864972667928754,2016,-0.0467790359194283,-0.1128254580520733,0.3867701102490812
Gauteng,Ward 79900010,TSH,16238,0.4740115777805148,True,9.695109453422392,0.5875153410867918,2016,0.0132323124183452,0.3935805012015105,0.3299492385786802
Gauteng,Ward 79900011,TSH,13903,0.561173847371071,True,9.539859923169542,0.5866772423407288,2016,-0.0142353856618515,0.2785543498252714,0.405329928987473
Gauteng,Ward 79900012,TSH,11957,0.4957765325750606,True,9.38907215991958,0.5873060626753058,2016,0.0334125896040349,-0.0834738617200674,0.3592607802874743
Gauteng,Ward 79900013,TSH,12984,0.571241528034504,True,9.471473109194427,0.586580437718965,2016,-0.0004834554607331,0.2245590870508347,0.4265692999926237
Gauteng,Ward 79900014,TSH,13399,0.5604895887752818,True,9.502935356288608,0.5866838217503036,2016,-0.0332351257801439,0.2046210554706464,0.4008535525171896
Gauteng,Ward 79900015,TSH,17138,0.568444392577897,True,9.749053499229063,0.5866073332522016,2016,0.0245747850527592,0.3897178073305223,0.4455494778717056
Gauteng,Ward 79900016,TSH,13757,0.5590608417532892,True,9.529303064460995,0.5866975597024383,2016,0.0533700418797513,0.0873379702813783,0.4269188894937398
Gauteng,Ward 79900017,TSH,13589,0.4867907866656855,True,9.517015920920498,0.5873924640782806,2016,-0.027928275726593,-0.063150637711134,0.3783457436103843
Gauteng,Ward 79900018,TSH,13171,0.567534735403538,True,9.485772721999046,0.5866160799558012,2016,0.0335665830469724,0.0539329439065374,0.4278353964536634
Gauteng,Ward 79900019,TSH,14162,0.5956079649766982,True,9.55831760021172,0.5863461450560593,2016,-0.01906472125355,0.0656132430398797,0.4266012155212716
Gauteng,Ward 79900020,TSH,14890,0.5402955003357959,True,9.608445125678054,0.5868779956776065,2016,0.0393462000052987,0.0470431052668589,0.393855962903927
Gauteng,Ward 79900021,TSH,14376,0.5333889816360601,True,9.573315428463395,0.5869444045112577,2016,0.0459148541647875,0.0260509599600313,0.3978129156199202
Gauteng,Ward 79900022,TSH,12533,0.5017952605122477,True,9.436120444611522,0.5872481902912944,2016,0.0069269745047211,0.0719295244611699,0.405548017488316
Gauteng,Ward 79900023,TSH,11672,0.518848526387937,True,9.364948090202622,0.5870842165809512,2016,0.017948436378936,0.0505850585058504,0.3979156797726196
Gauteng,Ward 79900024,TSH,14516,0.5427114907688069,True,9.583006768332961,0.5868547650003659,2016,-0.0198475100299732,0.0540991939583181,0.3597622745998514
Gauteng,Ward 79900025,TSH,12062,0.5423644503399104,True,9.397815294010933,0.5868581019275669,2016,-0.0356509898470716,-0.1456902046887173,0.3610133708655876
Gauteng,Ward 79900026,TSH,12538,0.5488913702344872,True,9.436519311833914,0.5867953430824268,2016,-0.0398764272694678,0.1019511337669185,0.4022625187156879
Gauteng,Ward 79900027,TSH,11888,0.5011776581426649,True,9.38328476695754,0.5872541287756173,2016,-0.0613899581573711,0.0717634331049406,0.4106668878566689
Gauteng,Ward 79900028,TSH,11679,0.5618631732168851,True,9.365547636278565,0.5866706142075959,2016,0.0409906954781382,-0.0459112817580262,0.3952169625246548
Gauteng,Ward 79900029,TSH,13935,0.57086472909939,True,9.542158939916048,0.5865840607856488,2016,0.0002146334970956,0.3322179732313575,0.4297660145761411
Gauteng,Ward 79900030,TSH,15308,0.5616017768487066,True,9.636130846545592,0.5866731276342131,2016,0.0096143526403077,0.1458941537540234,0.4062322588784457
Gauteng,Ward 79900031,TSH,13793,0.5302689770173277,True,9.53191649607552,0.5869744045556686,2016,0.0096847427508424,-0.0124579365647597,0.3932301044292401
Gauteng,Ward 79900032,TSH,14861,0.5320637911311487,True,9.60649561075857,0.5869571467276511,2016,0.0411420034216514,0.1530881440099316,0.3828091206821973
Gauteng,Ward 79900033,TSH,13364,0.5633043998802754,True,9.500319803476646,0.5866567562589096,2016,0.0091677092327933,0.201798561151079,0.399464175310847
Gauteng,Ward 79900034,TSH,13435,0.506587272050614,True,9.505618521049591,0.5872021132572717,2016,0.0057835981126117,0.0283199387677,0.3645096433092561
Gauteng,Ward 79900035,TSH,12385,0.4884134033104562,True,9.42424134192346,0.5873768619951578,2016,0.0376749306879777,0.1153638328530259,0.3555924236139914
Gauteng,Ward 79900036,TSH,14082,0.4785541826445107,True,9.552652665079078,0.5874716621938688,2016,-0.0086643200943815,0.0713633597078515,0.3619239341433604
Gauteng,Ward 79900037,TSH,16347,0.5212577231296263,True,9.701799673251209,0.5870610512276657,2016,-0.0435175621300182,0.2688814717069006,0.3854455301152107
Gauteng,Ward 79900038,TSH,12942,0.4513985473651676,True,9.468233115617211,0.5877327740715548,2016,0.0847346149560133,0.0616028217537527,0.2571254249106598
Gauteng,Ward 79900039,TSH,13497,0.5347855078906424,True,9.510222717509283,0.5869309763741944,2016,-0.014171013848488,0.1736521739130434,0.3628776756046673
Gauteng,Ward 79900040,TSH,15593,0.4573847239145771,True,9.654577374584886,0.5876752146816566,2016,-0.0539491906451439,0.1328828828828829,0.318639033281577
Gauteng,Ward 79900041,TSH,14531,0.7027045626591425,True,9.584039577320695,0.5853163700783435,2016,0.0839244028616581,0.1495134878569732,0.5531153608883406
Gauteng,Ward 79900042,TSH,13769,0.7232188248965067,True,9.530174967444372,0.5851191175568304,2016,0.0595968038054164,0.1433197708212239,0.5942531078051763
Gauteng,Ward 79900043,TSH,15313,0.6056945079344348,True,9.636457419815208,0.586249159066081,2016,0.0757612140055316,0.2930000844380647,0.4378999518337576
Gauteng,Ward 79900044,TSH,13880,0.7746397694524496,True,9.538204234060796,0.5846246853976387,2016,0.1075315041988984,0.0215647309928608,0.6240705996803558
Gauteng,Ward 79900045,TSH,14730,0.7503054989816701,True,9.597641509456675,0.58485866876755,2016,0.0643180475326112,0.466985360023902,0.6315248664200576
Gauteng,Ward 79900046,TSH,12670,0.7256511444356748,True,9.446992273315185,0.5850957298689538,2016,0.0690454619468459,0.0682067279318776,0.5921122994652407
Gauteng,Ward 79900047,TSH,15394,0.7320384565415097,True,9.641733102094262,0.5850343134063977,2016,0.0793988883175258,0.2981953111823241,0.6254300079386081
Gauteng,Ward 79900048,TSH,17620,0.6675368898978433,True,9.77678989949017,0.5856545207779713,2016,0.1997203761363754,0.2932110091743118,0.5205431551955242
Gauteng,Ward 79900049,TSH,14888,0.5425174637291779,True,9.608310798322087,0.5868566306449778,2016,0.0363613075730216,0.1177177177177177,0.3915227413472786
Gauteng,Ward 79900050,TSH,14818,0.7477392360642462,True,9.603597936976602,0.5848833443725252,2016,0.0803031906709013,-0.0499455023401936,0.6564519491348759
Gauteng,Ward 79900051,TSH,11955,0.580844834797156,True,9.388904879892426,0.5864880982308626,2016,0.0933606553568522,-0.1594009281395021,0.3831562974203338
Gauteng,Ward 79900052,TSH,13963,0.7623003652510205,True,9.544166252942194,0.58474333351496,2016,0.0305551555151323,0.0329954871643116,0.5994762803726935
Gauteng,Ward 79900053,TSH,14462,0.7120730189462039,True,9.579279798734897,0.585226288767891,2016,0.0597776097645671,0.1546506986027944,0.5217587712693872
Gauteng,Ward 79900054,TSH,15529,0.7155000321978234,True,9.65046452256919,0.5851933367173946,2016,0.0102338738567702,0.1066058576213211,0.597891365274256
Gauteng,Ward 79900055,TSH,18203,0.6581332747349338,True,9.809341694645898,0.5857449401545378,2016,0.0247516610346696,0.5509073868961405,0.496422774003487
Gauteng,Ward 79900056,TSH,11580,0.5831606217616581,True,9.357034751126987,0.5864658310485116,2016,0.087115424021545,-0.0653753026634382,0.3930715143200137
Gauteng,Ward 79900057,TSH,13261,0.6945931679360531,True,9.4925826756776,0.5853943642583732,2016,0.0791926724777541,-0.0874621524910542,0.5036507453605111
Gauteng,Ward 79900058,TSH,13404,0.412115786332438,True,9.5033084488572,0.5881104929276387,2016,0.0194074529991046,-0.0691666666666667,0.2545534665099882
Gauteng,Ward 79900059,TSH,14344,0.4298661461238148,True,9.571087015284968,0.5879398163911832,2016,-0.0079319840040233,0.3684411371875595,0.2935074913561275
Gauteng,Ward 79900060,TSH,12123,0.4253897550111358,True,9.402859753746583,0.5879828586134205,2016,-0.0122618298345613,0.0138830810403947,0.4521481243988458
Gauteng,Ward 79900061,TSH,16072,0.6014186162269786,True,9.68483390649477,0.586290273409422,2016,0.095943910752273,0.1137907137907137,0.4705533479627543
Gauteng,Ward 79900062,TSH,12650,0.5694071146245059,True,9.445412494155667,0.5865980763094458,2016,0.0460069236025383,-0.0706046579972081,0.4542190305206463
Gauteng,Ward 79900063,TSH,11872,0.48955525606469,True,9.381937965407161,0.5873658826417517,2016,0.0473904468786042,0.0023640661938533,0.3807615230460922
Gauteng,Ward 79900064,TSH,15043,0.698464402047464,True,9.618668045697824,0.5853571408534558,2016,0.0141767855361457,0.0015312916111851,0.583561864816906
Gauteng,Ward 79900065,TSH,17271,0.7511435354061722,True,9.756784073343919,0.5848506107250067,2016,0.0795456124121485,0.6920740668168903,0.55012182387748
Gauteng,Ward 79900066,TSH,13774,0.6712647016117322,True,9.530538036104643,0.5856186764345686,2016,0.1527809470990968,-0.0054873646209385,0.5517904797368585
Gauteng,Ward 79900067,TSH,11076,0.4916937522571325,True,9.312535884290853,0.5873453201783628,2016,0.0127391442791408,0.0156808803301238,0.4106421387432304
Gauteng,Ward 79900068,TSH,14730,0.5575016972165648,True,9.597641509456675,0.5867125514768298,2016,0.0363576874189998,0.061162740436568,0.4247647597635107
Gauteng,Ward 79900069,TSH,14344,0.7191160066926938,True,9.571087015284968,0.585158567731867,2016,0.0604532314207384,-0.0485539931016184,0.6253184520198957
Gauteng,Ward 79900070,TSH,15240,0.7705380577427822,True,9.631678829240638,0.5846641249333084,2016,0.1127381131597952,0.0556940980881131,0.5555555555555556
Gauteng,Ward 79900071,TSH,12354,0.4389671361502347,True,9.421735176255844,0.5878523068716984,2016,0.0065682962109998,-0.1469410302444413,0.309708327462308
Gauteng,Ward 79900072,TSH,11666,0.4964855134579118,True,9.364433907313582,0.5872992455514322,2016,0.0576339779318351,0.0599672905687806,0.4006640413867655
Gauteng,Ward 79900073,TSH,16043,0.5447858879261983,True,9.683027896351076,0.5868348188738526,2016,0.0310710452639871,0.1168894458368141,0.4006842682848105
Gauteng,Ward 79900074,TSH,12619,0.5387114668357239,True,9.44295889365291,0.5868932267689533,2016,0.0443831569993926,0.0224436882190892,0.4206494587843464
Gauteng,Ward 79900075,TSH,13970,0.5285612025769506,True,9.544667452251007,0.5869908254637491,2016,0.0635424759851903,0.046441947565543,0.4033856615785285
Gauteng,Ward 79900076,TSH,12482,0.5600865245954174,True,9.432042885493988,0.5866876973674178,2016,0.0071828540801667,0.0754782009305532,0.4081548259035646
Gauteng,Ward 79900077,TSH,14235,0.6490340709518791,True,9.563458999712138,0.5858324324986056,2016,0.1599982199250779,-0.1742081447963801,0.3836184325362192
Gauteng,Ward 79900078,TSH,12371,0.6872524452348234,True,9.423110302862831,0.5854649481305004,2016,-0.007439365486322,0.0800593679064083,0.554180756225023
Gauteng,Ward 79900079,TSH,15953,0.7466934118974488,True,9.677402178300998,0.5848934003741291,2016,0.0781722222553029,0.0957483343636238,0.6127341302819153
Gauteng,Ward 79900080,TSH,12099,0.3458137036118687,True,9.400878083541478,0.5887480129537981,2016,0.0807100787418999,-0.0318476434344242,0.2314626541954724
Gauteng,Ward 79900081,TSH,12518,0.3382329445598338,True,9.434922887484646,0.58882090486776,2016,0.0953937036002921,0.1204797708557106,0.2116243201558568
Gauteng,Ward 79900082,TSH,12840,0.7245327102803738,True,9.460320577243952,0.5851064840435239,2016,0.0466825212064337,0.0330678252474052,0.592018396261405
Gauteng,Ward 79900083,TSH,12005,0.6933777592669721,True,9.393078508655353,0.5854060508801913,2016,0.0504003556338307,0.0638015064244572,0.5980542413540347
Gauteng,Ward 79900084,TSH,15917,0.7331783627568009,True,9.675142999429854,0.5850233527697122,2016,0.0756509866805659,0.3305191005600603,0.6045398773006135
Gauteng,Ward 79900085,TSH,17150,0.7397667638483965,True,9.749753452594087,0.5849600027592161,2016,0.027349806105776,0.1745770837613862,0.6218778605989277
Gauteng,Ward 79900086,TSH,16221,0.5383761790271869,True,9.694061978050115,0.5868964506901893,2016,0.0400118667595289,0.2060223048327136,0.3677235772357723
Gauteng,Ward 79900087,TSH,15571,0.6501830325605292,True,9.653165488841426,0.5858213847908302,2016,0.0618505255368967,0.2866468352338456,0.5205544933078394
Gauteng,Ward 79900088,TSH,12247,0.5456030048175063,True,9.413036288021287,0.5868269619806669,2016,0.016016986895563,-0.0930163667333184,0.3975313896573739
Gauteng,Ward 79900089,TSH,12677,0.5303305198390786,True,9.447544606938727,0.5869738127977672,2016,0.0331024414444506,-0.0101506988365737,0.3378874388254486
Gauteng,Ward 79900090,TSH,17543,0.5452317163541014,True,9.772410288929185,0.5868305320620458,2016,0.0550390264724803,0.5158558714248682,0.3622901047152859
Gauteng,Ward 79900091,TSH,19534,0.7885225760212962,True,9.879911816007422,0.5844911968729382,2016,0.0890380773645038,0.4182821462281274,0.6062780269058295
Gauteng,Ward 79900092,TSH,13512,0.4614416814683244,True,9.511333458487636,0.5876362054744091,2016,0.0680176451871453,0.1784406070120356,0.3169619098304569
Gauteng,Ward 79900093,TSH,11964,0.4950685389501839,True,9.389657419749838,0.5873128703063142,2016,-0.0275645235601792,-0.0081246891062841,0.3642594329413462
Gauteng,Ward 79900094,TSH,12529,0.5657275121717615,True,9.435801236245553,0.5866334571022607,2016,-0.0126197977311877,0.180533308206916,0.4615384615384615
Gauteng,Ward 79900095,TSH,12953,0.5770091870609125,True,9.469082700530256,0.5865249794590958,2016,-0.0262572618424938,0.2088660755949603,0.4397134250590246
Gauteng,Ward 79900096,TSH,15745,0.6259129882502382,True,9.664278133535126,0.586054750601506,2016,0.0074289572694706,0.3702027673831694,0.4925706771860618
Gauteng,Ward 79900097,TSH,13094,0.4621200549870169,True,9.479909389001037,0.5876296826521139,2016,0.0013239150593932,0.052995577000402,0.3594094461887901
Gauteng,Ward 79900098,TSH,16432,0.7089216163583252,True,9.70698593216834,0.5852565907158513,2016,0.0390438538714799,0.3302031895086215,0.5103803997421019
Gauteng,Ward 79900099,TSH,17359,0.5961748948672159,True,9.761866382868549,0.586340693807112,2016,0.0988162049570204,0.5283500616305687,0.421903460837887
Gauteng,Ward 79900100,TSH,14948,0.6162697350816163,True,9.612332790605375,0.5861474741896658,2016,0.0761145991417902,0.1711979942019901,0.4578947368421052
Gauteng,Ward 79900101,TSH,17376,0.7221454880294659,True,9.762845222733661,0.5851294381036288,2016,0.0780609694074153,0.42859491901669,0.574052074052074
Gauteng,Ward 79900102,TSH,14634,0.6135711357113571,True,9.591102867443976,0.5861734222605338,2016,0.0424118520167293,0.1493873704052779,0.4589883800410116
Gauteng,Ward 79900103,TSH,12429,0.6007723871590634,True,9.42778773074551,0.5862964871504597,2016,0.0260754588936363,0.1328958162428219,0.4131423374261028
Gauteng,Ward 79900104,TSH,12336,0.5671206225680934,True,9.42027709580311,0.5866200618099883,2016,-0.01852316388323,0.106864064602961,0.3938198553583169
Gauteng,Ward 79900105,TSH,13125,0.6121142857142857,True,9.482274087459825,0.5861874304335826,2016,0.0384350323535528,0.1238119702029283,0.4763112787110045
KwaZulu-Natal,Ward 59500001,ETH,17187,0.7568511083958807,True,9.751908563076688,0.5911810384389705,2016,0.1828469428140009,0.1186539963551158,0.5762480179342775
KwaZulu-Natal,Ward 59500002,ETH,15903,0.6478023014525561,True,9.674263049655917,0.5922501443893952,2016,-0.0404103603172935,0.1124868835257082,0.4893377625375054
KwaZulu-Natal,Ward 59500003,ETH,15544,0.6340710241893979,True,9.651429991057276,0.5923847647547203,2016,-0.0535558619560068,-0.1471056241426611,0.4425957841707543
KwaZulu-Natal,Ward 59500004,ETH,19368,0.6705906650144569,True,9.871377498617894,0.5920267290603569,2016,-0.0094337699275101,0.1831398900427612,0.443921925566343
KwaZulu-Natal,Ward 59500005,ETH,15202,0.6676753058808051,True,9.629182277125986,0.5920553110126476,2016,-0.0346455132318228,0.0376791808873719,0.4484765491270113
KwaZulu-Natal,Ward 59500006,ETH,18013,0.5985677011047577,True,9.798848998423558,0.5927328365496678,2016,-0.0487381990068128,0.1821880947693115,0.4447083517454706
KwaZulu-Natal,Ward 59500007,ETH,16130,0.6675139491630502,True,9.688436171119255,0.5920568929412531,2016,0.0274157129496096,0.2004167596933839,0.4951723295037888
KwaZulu-Natal,Ward 59500008,ETH,21114,0.6337974803447949,True,9.95769160654964,0.5923874465571184,2016,-0.0237788245134316,0.2710854253205708,0.5119662130455185
KwaZulu-Natal,Ward 59500009,ETH,20532,0.688534969803234,True,9.929739923680193,0.5918508045036043,2016,0.0268382166765012,0.2649867537428378,0.54200918116793
KwaZulu-Natal,Ward 59500010,ETH,16102,0.7077381691715315,True,9.686698766859926,0.5916625378431307,2016,0.0588795579608227,-0.0377674196247161,0.5748292486942547
KwaZulu-Natal,Ward 59500011,ETH,18258,0.5489100668200241,True,9.812358619125026,0.5932196761014789,2016,-0.0155512229631541,0.0176690262527172,0.386491843268791
KwaZulu-Natal,Ward 59500012,ETH,17139,0.6182974502596418,True,9.749111847392573,0.5925394076363846,2016,0.0035041217607295,0.2428571428571428,0.3667334669338677
KwaZulu-Natal,Ward 59500013,ETH,15923,0.5918482697984048,True,9.675519883856426,0.592798713327181,2016,-0.0240555826876011,-0.1261661727582044,0.4096553556013015
KwaZulu-Natal,Ward 59500014,ETH,19425,0.6213127413127413,True,9.874316175235847,0.5925098459593934,2016,-0.0155369399539665,0.3314826238947153,0.3774174433011905
KwaZulu-Natal,Ward 59500015,ETH,19497,0.572549623018926,True,9.878015886562459,0.5929879157465876,2016,-0.0417369005181498,0.1044581657508638,0.3846435674657176
KwaZulu-Natal,Ward 59500016,ETH,19469,0.6325440443782423,True,9.87657873597891,0.5923997351450258,2016,0.0116257888446021,0.066677624369932,0.4187189596026829
KwaZulu-Natal,Ward 59500017,ETH,17171,0.6011880496185429,True,9.750977193313803,0.5927071468583561,2016,-0.0043230500200734,0.1080924109447598,0.4371080781999262
KwaZulu-Natal,Ward 59500018,ETH,19286,0.6376127761070206,True,9.867134723070329,0.5923500416967044,2016,0.0212816799101526,0.027271758815383,0.4757752949775504
KwaZulu-Natal,Ward 59500019,ETH,19490,0.6393535146228835,True,9.877656792501606,0.5923329756328234,2016,-0.020432051067627,0.0396330079479383,0.425675317093881
KwaZulu-Natal,Ward 59500020,ETH,16636,0.6468502043760519,True,9.719324300862802,0.5922594786744589,2016,0.0105084329852755,0.0003006433768264,0.4249447426586675
KwaZulu-Natal,Ward 59500021,ETH,18020,0.6048279689234184,True,9.799237531162328,0.5926714613749751,2016,-0.0337516278265064,0.0845621426421907,0.4075199174643205
KwaZulu-Natal,Ward 59500022,ETH,17889,0.5971267259209571,True,9.791941277791215,0.592746963757352,2016,-0.0494826907210328,0.0594610601125258,0.378861031935315
KwaZulu-Natal,Ward 59500023,ETH,20789,0.5755447592476791,True,9.942179279647114,0.5929585516659136,2016,0.0471942437837615,0.1162478522336769,0.4053721550133278
KwaZulu-Natal,Ward 59500024,ETH,19462,0.6107285993217552,True,9.876219125381935,0.5926136120573443,2016,0.0159200981041328,0.0771529776400266,0.4418323975442095
KwaZulu-Natal,Ward 59500025,ETH,20155,0.5522699082113619,True,9.911207675551266,0.5931867364799951,2016,0.0130718232323074,0.3401821929649578,0.3914639457475269
KwaZulu-Natal,Ward 59500026,ETH,15224,0.4067919075144509,True,9.630628408975985,0.5946129913887884,2016,0.0513237263581963,0.1084898791320809,0.2647746014293567
KwaZulu-Natal,Ward 59500027,ETH,14908,0.5773410249530453,True,9.60965326059915,0.5929409412178218,2016,0.0218084785321162,0.0290605370332022,0.4256875834445928
KwaZulu-Natal,Ward 59500028,ETH,16419,0.3923503258420123,True,9.706194479812028,0.594754575522832,2016,0.0080235831663015,0.1848030018761726,0.208611641221374
KwaZulu-Natal,Ward 59500029,ETH,18318,0.5632165083524402,True,9.815639461962933,0.5930794168707689,2016,-0.0416006192122342,0.2569820901667468,0.31299538367738
KwaZulu-Natal,Ward 59500030,ETH,19880,0.5742957746478873,True,9.897469480210566,0.5929707966129704,2016,0.0357095634522757,0.2392469766861986,0.4506437768240343
KwaZulu-Natal,Ward 59500031,ETH,19297,0.5845468207493393,True,9.867704922396356,0.5928702961609954,2016,0.0644245589052231,0.0922624101432048,0.4193663044582106
KwaZulu-Natal,Ward 59500032,ETH,17859,0.4114452096981913,True,9.7902628618215,0.5945673707791439,2016,0.0140894577401544,0.2832507005820219,0.171405686824189
KwaZulu-Natal,Ward 59500033,ETH,18530,0.5538586076632488,True,9.827146319279406,0.5931711609951728,2016,-0.0015712565901448,0.0480769230769231,0.3630340017436791
KwaZulu-Natal,Ward 59500034,ETH,18106,0.6101844692367171,True,9.803998654035386,0.5926189466660211,2016,0.0631779074807215,0.0513907438592415,0.4182947959610444
KwaZulu-Natal,Ward 59500035,ETH,18100,0.6919889502762431,True,9.803667217253917,0.5918169419499474,2016,0.0691793622788217,0.0607747758307448,0.5497207964352191
KwaZulu-Natal,Ward 59500036,ETH,17928,0.6528893351182508,True,9.794119015480764,0.5922002715103197,2016,0.0434241562032834,-0.0145660418842411,0.5210643015521065
KwaZulu-Natal,Ward 59500037,ETH,19423,0.5727230602893477,True,9.874213209832133,0.5929862153811913,2016,0.0240656392211859,0.1462378282679257,0.3786412790396854
KwaZulu-Natal,Ward 59500038,ETH,17082,0.5806697108066972,True,9.745780556506093,0.592908307042786,2016,-0.0504493949365895,0.0973917512527302,0.3763650783966811
KwaZulu-Natal,Ward 59500039,ETH,19298,0.4740905793346461,True,9.86775674258033,0.5939532004885905,2016,-0.0213586188574163,0.1948486161847564,0.2706235647412118
KwaZulu-Natal,Ward 59500040,ETH,18336,0.6112020069808028,True,9.816621619514466,0.5926089708057849,2016,0.0123905263890718,0.1591857377671008,0.3788781474820143
KwaZulu-Natal,Ward 59500041,ETH,14943,0.5658167703941644,True,9.611998241741393,0.5930539241056539,2016,-0.0272030808677667,-0.1249634010657609,0.3572847455305158
KwaZulu-Natal,Ward 59500042,ETH,14542,0.627767844863155,True,9.584796293210003,0.5924465606304677,2016,-0.0383249961673567,-0.1367683723139023,0.3564893018018018
KwaZulu-Natal,Ward 59500043,ETH,14992,0.6292022411953042,True,9.615272004478204,0.5924324979213291,2016,-0.0128830559652889,-0.1382917576732958,0.3748282495190986
KwaZulu-Natal,Ward 59500044,ETH,15361,0.6213137165549117,True,9.639587108749145,0.5925098363981957,2016,-0.0376559872916785,-0.1285033473278112,0.379308135810378
KwaZulu-Natal,Ward 59500045,ETH,15032,0.6192788717402874,True,9.617936541093302,0.5925297858571625,2016,-0.0685820593145152,-0.1142015321154978,0.3862144420131291
KwaZulu-Natal,Ward 59500046,ETH,13089,0.4720757888303155,True,9.479527461791719,0.5939729533366721,2016,-0.1172904436346143,-0.1802980961923848,0.309749920861032
KwaZulu-Natal,Ward 59500047,ETH,14466,0.6023088621595465,True,9.579556347409227,0.592696158500111,2016,-0.0390763088623358,0.0244316974718503,0.3459390722618455
KwaZulu-Natal,Ward 59500048,ETH,18482,0.5775348988204739,True,9.824552564447986,0.5929390404936313,2016,0.0056041433651445,0.2258406844863036,0.4674574396164956
KwaZulu-Natal,Ward 59500049,ETH,19696,0.5808793663688059,True,9.888170848424235,0.5929062515960987,2016,0.010019229754972,0.306187412958419,0.4850330305532617
KwaZulu-Natal,Ward 59500050,ETH,17590,0.6082433200682206,True,9.775085837731604,0.5926379775402221,2016,0.0539632052785516,0.2311891929726324,0.5133499081180413
KwaZulu-Natal,Ward 59500051,ETH,20096,0.6144506369426752,True,9.908276069267925,0.5925771214924332,2016,0.029740993895259,0.0706446457112413,0.470746077116024
KwaZulu-Natal,Ward 59500052,ETH,18508,0.5858007348173763,True,9.825958350026891,0.5928580028858186,2016,0.0285053217702894,0.024069053283904,0.472452219386167
KwaZulu-Natal,Ward 59500053,ETH,17483,0.5646628153062976,True,9.76898425919765,0.5930652373908291,2016,-0.0110315865577038,0.0719847936722055,0.3198991091553075
KwaZulu-Natal,Ward 59500054,ETH,14610,0.5934976043805612,True,9.589461504744746,0.5927825433802971,2016,0.004553008328013,-0.0727930443612362,0.3397736848441073
KwaZulu-Natal,Ward 59500055,ETH,16910,0.6199290360733294,True,9.735660441892627,0.5925234116970347,2016,-0.0066546491900624,-0.0603467437208268,0.3824406537039246
KwaZulu-Natal,Ward 59500056,ETH,15036,0.6478451715881883,True,9.618202604684068,0.5922497240939478,2016,0.0206916028170819,-0.1393738194722683,0.3720871455289895
KwaZulu-Natal,Ward 59500057,ETH,18526,0.6167008528554464,True,9.826930429813974,0.592555060552112,2016,-0.0280706761427961,0.0174648506151142,0.4413862129363193
KwaZulu-Natal,Ward 59500058,ETH,17968,0.636353517364203,True,9.796347676978224,0.5923623873706535,2016,0.0643542022566178,0.0255122424519147,0.4513459969700501
KwaZulu-Natal,Ward 59500059,ETH,16602,0.6395012649078424,True,9.71727844901498,0.5923315271006179,2016,0.0314577994852947,-0.0195476288903324,0.4342580809366251
KwaZulu-Natal,Ward 59500060,ETH,16989,0.5966802048384249,True,9.740321354781914,0.592751341415024,2016,0.0635244421171552,-0.0572665223905444,0.4049793377888883
KwaZulu-Natal,Ward 59500061,ETH,17208,0.5520106927010693,True,9.753129670947565,0.5931892778085275,2016,0.0532024025456288,-0.1083937823834196,0.4777184789859907
KwaZulu-Natal,Ward 59500062,ETH,16722,0.5682334648965435,True,9.724480496710003,0.5930302310222973,2016,0.008998541989771,0.0878927851148265,0.4173734536221706
KwaZulu-Natal,Ward 59500063,ETH,18437,0.6396919238487824,True,9.82211479407039,0.5923296578953146,2016,0.0370919967439348,0.1199732717774269,0.4867196128964393
KwaZulu-Natal,Ward 59500064,ETH,19037,0.5751956715869097,True,9.85413973290579,0.5929619740939603,2016,0.0280734115939428,0.1157543078185441,0.4063233098741736
KwaZulu-Natal,Ward 59500065,ETH,19821,0.6242369204379193,True,9.894497260697996,0.5924811775365976,2016,0.0426673806319839,0.1247233728650059,0.4605867970660147
KwaZulu-Natal,Ward 59500066,ETH,17986,0.6184810408095185,True,9.79734895647446,0.5925376077290329,2016,0.0543090763102424,0.1321206017498584,0.4595951146059896
KwaZulu-Natal,Ward 59500067,ETH,15894,0.6053227633069083,True,9.673696958500125,0.5926666104496466,2016,-0.0471071108706283,-0.0826503520720304,0.4164802386278896
KwaZulu-Natal,Ward 59500068,ETH,19449,0.5981284384801275,True,9.875550933843105,0.5927371430459877,2016,0.0164470371292956,0.0679808906704739,0.4718412922109599
KwaZulu-Natal,Ward 59500069,ETH,17647,0.690315634385448,True,9.778321076243234,0.5918333470077002,2016,0.108876240446054,-0.0169897504456327,0.4659802504816955
KwaZulu-Natal,Ward 59500070,ETH,19408,0.5976401483924155,True,9.873440631183831,0.5927419302037104,2016,0.0467835012442914,0.0522663196703534,0.4883086742094575
KwaZulu-Natal,Ward 59500071,ETH,21006,0.5469389698181472,True,9.952563390182721,0.5932390005818894,2016,-0.0292273531292917,0.170837745945042,0.4105953262133869
KwaZulu-Natal,Ward 59500072,ETH,17092,0.5781652234963726,True,9.746365796763916,0.592932860839946,2016,0.0448712447478483,0.0089728453364816,0.399367699067624
KwaZulu-Natal,Ward 59500073,ETH,19111,0.5718696038930459,True,9.858019364488982,0.5929945826007629,2016,0.0275422973982624,0.0439176271371606,0.4860920021534964
KwaZulu-Natal,Ward 59500074,ETH,15050,0.5687043189368771,True,9.619133270177022,0.5930256148062156,2016,-0.0109893041482671,0.0723192019950125,0.3752151462994836
KwaZulu-Natal,Ward 59500075,ETH,15966,0.5520481022172116,True,9.678216740205745,0.5931889110485652,2016,0.0170657700617344,0.0257629296498553,0.402684124386252
KwaZulu-Natal,Ward 59500076,ETH,14187,0.4534432931557059,True,9.560081331311986,0.5941556248628937,2016,-0.0212253929480426,0.0743657705414615,0.2820304418501552
KwaZulu-Natal,Ward 59500077,ETH,16178,0.5949437507726543,True,9.691407573577898,0.5927683654744923,2016,0.0521510883109911,-0.0638273248075921,0.4530576618842398
KwaZulu-Natal,Ward 59500078,ETH,18497,0.5341406714602368,True,9.82536383575455,0.5933644740952023,2016,-0.0245503911717125,0.3016889514426459,0.3567275747508305
KwaZulu-Natal,Ward 59500079,ETH,20213,0.5491020630287439,True,9.914081240746999,0.5932177937857072,2016,-0.017411545808682,0.3451121314966394,0.3127222322666184
KwaZulu-Natal,Ward 59500080,ETH,15546,0.5814357390968738,True,9.651558649790164,0.5929007969615098,2016,0.0052181552891572,0.0925574530887622,0.3708310919849381
KwaZulu-Natal,Ward 59500081,ETH,15236,0.5354423733263324,True,9.631416327598494,0.5933517123122013,2016,-0.0340471071050076,0.1489329613151346,0.3202699910462153
KwaZulu-Natal,Ward 59500082,ETH,18738,0.531860390650016,True,9.838308826511133,0.5933868297894201,2016,-0.0187213346621293,0.3293132803632237,0.3284553893759669
KwaZulu-Natal,Ward 59500083,ETH,17479,0.5595285771497225,True,9.768755439335086,0.5931155730590308,2016,-0.0201660702690382,0.0383769975643082,0.3663886092334244
KwaZulu-Natal,Ward 59500084,ETH,18198,0.5262116716122651,True,9.809066976916636,0.5934422093878294,2016,-0.0478481902449873,0.0743255209870712,0.3744306883058567
KwaZulu-Natal,Ward 59500085,ETH,16401,0.5483811962685202,True,9.70509758756311,0.5932248611068858,2016,-0.0235093670844324,0.0607981372485608,0.3355104358937952
KwaZulu-Natal,Ward 59500086,ETH,16158,0.5626934026488427,True,9.690170562039654,0.5930845453580591,2016,-0.0114426809300482,0.0821055451379586,0.3532883642495784
KwaZulu-Natal,Ward 59500087,ETH,14705,0.506426385583135,True,9.595942850988095,0.5936361827802719,2016,-0.0573502825966198,0.1124981086397336,0.3339787028073572
KwaZulu-Natal,Ward 59500088,ETH,17203,0.4877056327384758,True,9.752839066197039,0.5938197195728666,2016,-0.0359169474699985,0.1644104507919317,0.2980964922782234
KwaZulu-Natal,Ward 59500089,ETH,15634,0.5446462837405655,True,9.657203308780275,0.5932614778963755,2016,0.0006759007825026,-0.051162226133398,0.4044895972746076
KwaZulu-Natal,Ward 59500090,ETH,18855,0.5666401485017237,True,9.844533409692458,0.5930458517712661,2016,0.0213342485153495,0.2845755552527591,0.4540441176470588
KwaZulu-Natal,Ward 59500091,ETH,15369,0.6338733814822044,True,9.640107772607312,0.5923867024283203,2016,0.0262204945672744,0.0501537410317731,0.4178213746741666
KwaZulu-Natal,Ward 59500092,ETH,18887,0.6105787049293164,True,9.846229133695847,0.5926150816102113,2016,-0.0390597642964786,0.1102815825054377,0.4104705753903264
KwaZulu-Natal,Ward 59500093,ETH,16813,0.5945399393326593,True,9.729907675678929,0.5927723244101785,2016,-0.0156111704930944,0.2156026317692141,0.4227982997066395
KwaZulu-Natal,Ward 59500094,ETH,17729,0.6134581758700435,True,9.782956995898381,0.5925868515029492,2016,0.0071578095696771,0.2988278388278389,0.3460410557184751
KwaZulu-Natal,Ward 59500095,ETH,19359,0.625187251407614,True,9.87091270660395,0.5924718605663064,2016,-0.0376774886385689,0.3546287873486811,0.4458918863473177
KwaZulu-Natal,Ward 59500096,ETH,17883,0.6414471844768774,True,9.791605819888035,0.5923124494577843,2016,-0.041153065280303,0.240668794227834,0.4475931262674778
KwaZulu-Natal,Ward 59500097,ETH,15646,0.6445097788572159,True,9.657970572245025,0.5922824240226829,2016,0.0400467182664742,0.129919838232108,0.4784014485256078
KwaZulu-Natal,Ward 59500098,ETH,17135,0.632156405018967,True,9.74887843430871,0.592403535530901,2016,0.0161219320360334,-0.0284628905142597,0.4061120543293718
KwaZulu-Natal,Ward 59500099,ETH,15493,0.5388239850254953,True,9.648143587996293,0.5933185592563271,2016,-0.0777374261243304,-0.156522212543554,0.4972074050831503
KwaZulu-Natal,Ward 59500100,ETH,19518,0.7070908904600881,True,9.879092395701406,0.5916688837128508,2016,-0.0081779544074189,0.2553383071777719,0.5226073637034095
KwaZulu-Natal,Ward 59500101,ETH,16754,0.517368986510684,True,9.726392314713754,0.5935289023790215,2016,-0.0282049069626844,0.0473868467116778,0.3234567901234568
KwaZulu-Natal,Ward 59500102,ETH,17345,0.6516575381954454,True,9.76105955940385,0.5922123479507394,2016,0.0569430064693888,0.1488276592926216,0.4862535388486945
KwaZulu-Natal,Ward 59500103,ETH,16915,0.6754951226721845,True,9.735956081214809,0.591978646142144,2016,0.0265775860646036,0.1851047432214672,0.5276744448202006
KwaZulu-Natal,Ward 52102001,KZN212,4244,0.6399622997172478,False,8.353261499733874,0.6104025592513542,2016,-0.0529921798420447,0.2305015946651203,0.4811425402107598
KwaZulu-Natal,Ward 52102002,KZN212,3178,0.5808684707363121,False,8.064007347096661,0.616968540249236,2016,-0.1271436759583853,-0.257650081756599,0.4937706585303839
KwaZulu-Natal,Ward 52102003,KZN212,4064,0.6286909448818898,False,8.309922989258318,0.6116549320108384,2016,0.0822604564224158,0.0907139023081051,0.5657004830917874
KwaZulu-Natal,Ward 52102004,KZN212,3642,0.6164195496979682,False,8.200288260287554,0.6130184203646075,2016,-0.0710804503020318,0.3081896551724137,0.546812176909822
KwaZulu-Natal,Ward 52102005,KZN212,4010,0.644139650872818,False,8.296546520300614,0.6099384091229576,2016,0.0204270760225185,-0.0395209580838323,0.5650051387461459
KwaZulu-Natal,Ward 52102006,KZN212,4286,0.5751283247783481,False,8.363109176033522,0.6176063342445653,2016,0.0688366889530335,0.0574882802862077,0.2368487289202114
KwaZulu-Natal,Ward 52102007,KZN212,4153,0.623645557428365,False,8.331586243630754,0.6122155306167857,2016,0.0077725415553491,0.1985569985569986,0.5698324022346368
KwaZulu-Natal,Ward 52102008,KZN212,5818,0.5610175317978687,False,8.668711839055147,0.6191742001312853,2016,-0.0785751748088089,0.3776935827610703,0.4597280334728033
KwaZulu-Natal,Ward 52102009,KZN212,2187,0.5811614083219021,False,7.690286020676768,0.6169359916286149,2016,-0.0921612753841681,-0.4177316293929712,0.4203470031545741
KwaZulu-Natal,Ward 52102010,KZN212,2665,0.6825515947467167,False,7.887959336599945,0.605670415359191,2016,0.0779727994588749,-0.4076461435874638,0.4945317160469278
KwaZulu-Natal,Ward 52103001,KZN213,3565,0.5842917251051893,False,8.178919332848396,0.5749596200575022,2016,-0.0429324741830668,0.0572360616844602,0.547103410936654
KwaZulu-Natal,Ward 52103002,KZN213,3847,0.4920717442162724,False,8.255048902752295,0.5800829523291087,2016,-0.1416709146198194,0.0269620928990923,0.4471872774744837
KwaZulu-Natal,Ward 52103003,KZN213,4389,0.596719070403281,False,8.386856689688234,0.5742692119853859,2016,0.0192341090741489,0.2572328845602978,0.4622100274382639
KwaZulu-Natal,Ward 52103004,KZN213,3977,0.5959265778224793,False,8.28828304520769,0.574313239350986,2016,-0.020477523202777,-0.0055013753438359,0.4626451287228672
KwaZulu-Natal,Ward 52103005,KZN213,4380,0.5105022831050229,False,8.384804003370492,0.5790590335019559,2016,-0.1467886125278417,0.0806809770540339,0.47808105872622
KwaZulu-Natal,Ward 52103006,KZN213,3380,0.5875739644970415,False,8.125630988477065,0.5747772734246215,2016,-0.0495136350478959,-0.0386803185437997,0.5276041666666667
KwaZulu-Natal,Ward 52103007,KZN213,4297,0.5946008843379101,False,8.365672383774996,0.5743868889890177,2016,0.0212960584368716,0.3124618204031766,0.520448348985156
KwaZulu-Natal,Ward 52103008,KZN213,4087,0.6026425250795204,False,8.315566483564277,0.5739401311700393,2016,0.017168899009374,0.1286937310135321,0.5367426860170468
KwaZulu-Natal,Ward 52103009,KZN213,4072,0.5108055009823183,False,8.311889558230359,0.5790421880643284,2016,-0.1254144737332316,0.2869785082174463,0.3881516587677725
KwaZulu-Natal,Ward 52103010,KZN213,3911,0.5402710304270008,False,8.271548374755515,0.5774052142062904,2016,0.0037071537750184,-0.1385462555066079,0.4321556579621096
KwaZulu-Natal,Ward 52103011,KZN213,3617,0.6497097041747304,False,8.193400231952097,0.5713252878869721,2016,0.0978844976732649,-0.0362376765254462,0.5219322598556357
KwaZulu-Natal,Ward 52103012,KZN213,3806,0.5782974251182343,False,8.244334047856094,0.5752926367234441,2016,-0.0219285635823306,-0.1398870056497175,0.5880893300248139
KwaZulu-Natal,Ward 52103013,KZN213,3761,0.5575644775325711,False,8.232440158470336,0.5764444671448699,2016,-0.060798354325836,0.0400995575221239,0.5051753881541116
KwaZulu-Natal,Ward 52103014,KZN213,3726,0.5872249060654858,False,8.223090551161533,0.5747966655597079,2016,-0.036835244310454,0.0775014459224985,0.5870499731327243
KwaZulu-Natal,Ward 52103015,KZN213,4565,0.5610076670317634,False,8.426173793029069,0.5762531788393592,2016,-0.0429932422658042,0.0377358490566037,0.4650698602794411
KwaZulu-Natal,Ward 52103016,KZN213,4108,0.6119766309639727,False,8.32069157104845,0.5734215697320142,2016,0.0344572511190114,0.0614987080103359,0.5223463687150838
KwaZulu-Natal,Ward 52103017,KZN213,3486,0.5639701663798049,False,8.156510226079966,0.5760885955422457,2016,-0.0621766226110207,-0.1116207951070336,0.5911274371291325
KwaZulu-Natal,Ward 52103018,KZN213,3784,0.6207716701902748,False,8.238536930171769,0.5729329564416641,2016,-0.0220704572009381,-0.2045406768972041,0.5941803065731359
KwaZulu-Natal,Ward 52103019,KZN213,3834,0.5876369327073553,False,8.251663923605589,0.5747737751907152,2016,-0.0648488451803518,-0.0516942864209745,0.5160947060388401
KwaZulu-Natal,Ward 52104001,KZN214,4198,0.514292520247737,False,8.342363500380579,0.6339212306194059,2016,-0.1983706020335583,0.0144997583373609,0.5729649936735555
KwaZulu-Natal,Ward 52104002,KZN214,5708,0.6581990189208129,False,8.649623978596727,0.6179316196557307,2016,0.0138040671761952,0.4125216530561741,0.546227143960855
KwaZulu-Natal,Ward 52104003,KZN214,5484,0.5171407731582787,False,8.609590040682205,0.63360475807379,2016,0.0195298516565721,0.2477815699658703,0.3888219706094917
KwaZulu-Natal,Ward 52104004,KZN214,3911,0.6573766300178983,False,8.271548374755515,0.618022996200499,2016,-0.0191757332814529,0.2082174853259191,0.561848784397542
KwaZulu-Natal,Ward 52104005,KZN214,4801,0.5927931680899813,False,8.476579508530941,0.625198936414712,2016,-0.0502234530958286,0.1910195981146116,0.5055278560589638
KwaZulu-Natal,Ward 52104006,KZN214,4086,0.6632403328438571,False,8.315321775377567,0.6173714736642814,2016,-0.020954103108451,0.2491592785081016,0.6035876705406771
KwaZulu-Natal,Ward 52104007,KZN214,4501,0.6405243279271273,False,8.412054873292933,0.6198954742105847,2016,-0.0209510819089382,0.2297814207650272,0.5746324445551956
KwaZulu-Natal,Ward 52104008,KZN214,4273,0.6400655277322724,False,8.360071435644025,0.619946452010013,2016,-0.0541988114198472,0.0655860349127182,0.5361930294906166
KwaZulu-Natal,Ward 52104009,KZN214,5361,0.6776720761052043,False,8.586905803827538,0.6157679466352428,2016,0.0095281762094795,0.3975495307612096,0.5855962219598583
KwaZulu-Natal,Ward 52104010,KZN214,3696,0.6582792207792207,False,8.215006432761575,0.6179227083381299,2016,-0.0048457792207792,0.155,0.587915078933043
KwaZulu-Natal,Ward 52106001,KZN216,5626,0.601315321720583,False,8.635153989049803,0.6098018089246712,2016,-0.0146384355048505,0.3008092485549132,0.4629471162074277
KwaZulu-Natal,Ward 52106002,KZN216,3620,0.588121546961326,False,8.194229304819817,0.6102730151660732,2016,0.0480157734928377,-0.2022917584839135,0.5301126516464472
KwaZulu-Natal,Ward 52106003,KZN216,4710,0.5955414012738853,False,8.457443187010464,0.6100080203691961,2016,0.0515212777888636,0.0770638005945574,0.4727717723842545
KwaZulu-Natal,Ward 52106004,KZN216,5287,0.5967467372801211,False,8.57300625623545,0.6099649726546877,2016,-0.0508404780948528,0.1044495508669312,0.4413239719157472
KwaZulu-Natal,Ward 52106005,KZN216,5159,0.571622407443303,False,8.54849804124465,0.6108622701488597,2016,-0.0591360848787072,0.2003257328990229,0.4356896900951995
KwaZulu-Natal,Ward 52106006,KZN216,5219,0.547997700708948,False,8.560061091643414,0.6117060096750867,2016,0.0267278594391068,0.1045502645502645,0.4333129708816942
KwaZulu-Natal,Ward 52106007,KZN216,5800,0.706551724137931,False,8.66561319653451,0.6060433659811945,2016,-0.0672108689413506,0.2702584318878669,0.5614867536575722
KwaZulu-Natal,Ward 52106008,KZN216,4091,0.6641407968711807,False,8.316544717929398,0.607558041955007,2016,-0.0563970359788061,0.0785657790667018,0.4797162088411861
KwaZulu-Natal,Ward 52106009,KZN216,6094,0.6724647193961273,False,8.715059959545654,0.6072607590076874,2016,-0.056225966016878,0.3387521968365554,0.5369960124058485
KwaZulu-Natal,Ward 52106010,KZN216,5737,0.5842774969496253,False,8.654691704601872,0.6104103026664911,2016,-0.0962329940735198,0.2409690677049534,0.4767393126571668
KwaZulu-Natal,Ward 52106011,KZN216,3772,0.6182396606574762,False,8.235360643753348,0.6091973682483536,2016,-0.0330305471947178,-0.0320759558634847,0.4761321909424724
KwaZulu-Natal,Ward 52106012,KZN216,4672,0.6005993150684932,False,8.449342524508063,0.6098273805908173,2016,-0.0170117733946132,-0.0476966979209131,0.4814464665563696
KwaZulu-Natal,Ward 52106013,KZN216,3991,0.6091205211726385,False,8.291797105048733,0.6095230518013836,2016,0.0065977085048982,0.0711218464841654,0.4987986544930322
KwaZulu-Natal,Ward 52106014,KZN216,5459,0.6530500091591867,False,8.605020901781758,0.6079541415161496,2016,-0.0929339265837851,0.3702309236947791,0.4847492323439099
KwaZulu-Natal,Ward 52106015,KZN216,4459,0.6010316214397847,False,8.402679804627477,0.6098119410775569,2016,-0.0527387087721423,0.098817151306062,0.6324382384532761
KwaZulu-Natal,Ward 52106016,KZN216,4649,0.6283071628307163,False,8.444407421690585,0.6088378145993093,2016,0.0258945582024543,0.1445100935499754,0.5353319057815846
KwaZulu-Natal,Ward 52106017,KZN216,4622,0.6146689744699264,False,8.438582790834326,0.6093248927550519,2016,0.0670625914912029,0.2292553191489361,0.4615829000577701
KwaZulu-Natal,Ward 52106018,KZN216,4364,0.5311640696608616,False,8.381144346952961,0.612307210783947,2016,0.0116803267966273,0.0831471829238024,0.4125301204819277
KwaZulu-Natal,Ward 52106019,KZN216,4326,0.646786870087841,False,8.372398606513004,0.608177825054412,2016,0.060931141657855,0.2237623762376237,0.5316401205337925
KwaZulu-Natal,Ward 52106020,KZN216,6597,0.5426709110201606,False,8.794370279222871,0.611896252163972,2016,-0.1372169094926598,0.3215144230769231,0.4707550514002127
KwaZulu-Natal,Ward 52106021,KZN216,4606,0.60790273556231,False,8.43511508038063,0.6095665441446095,2016,-0.0536201584422435,0.1651909941816343,0.4270293609671848
KwaZulu-Natal,Ward 52106022,KZN216,4509,0.6052339764914615,False,8.413830678421084,0.6096618569685683,2016,-0.0602293207407887,0.0851985559566788,0.4494151446747383
KwaZulu-Natal,Ward 52106023,KZN216,4327,0.55095909406055,False,8.372629740224884,0.6116002456268153,2016,0.0571606444481468,0.1180878552971576,0.3839050131926121
KwaZulu-Natal,Ward 52106024,KZN216,5417,0.6132545689496031,False,8.597297435657898,0.6093754072379205,2016,-0.0823874725325689,0.2624096947098577,0.4180234759560772
KwaZulu-Natal,Ward 52106025,KZN216,4855,0.6601441812564367,False,8.487764380725425,0.6077007782269621,2016,-0.0433579484170133,0.148840511121628,0.4928919577579204
KwaZulu-Natal,Ward 52106026,KZN216,3373,0.6931514971835162,False,8.12355783506165,0.6065219455152807,2016,0.048513345957082,-0.3162375836205149,0.4776334776334776
KwaZulu-Natal,Ward 52106027,KZN216,4905,0.5337410805300714,False,8.498010371999463,0.6122151746814752,2016,-0.1211617561909471,0.0955997319633683,0.3550852439741329
KwaZulu-Natal,Ward 52106028,KZN216,3911,0.6532856047046791,False,8.271548374755515,0.6079457273895249,2016,0.0200661341666773,-0.1650298889837745,0.4620060790273556
KwaZulu-Natal,Ward 52106029,KZN216,5133,0.5836742645626339,False,8.543445562560303,0.6104318466803121,2016,-0.1037564603320678,0.1378851695854577,0.5212809079854074
KwaZulu-Natal,Ward 52201001,KZN221,4463,0.7340354021958324,False,8.40357646462927,0.6727861873063122,2016,0.0468392919851354,0.2055645596974609,0.5844787481497146
KwaZulu-Natal,Ward 52201002,KZN221,3901,0.6095872853114586,False,8.268988209506656,0.6831568637133434,2016,0.014571708987471,0.0127206645898234,0.5166835187057633
KwaZulu-Natal,Ward 52201003,KZN221,4848,0.6759488448844885,False,8.48632152774915,0.6776267337489243,2016,0.0095149528919372,0.1284916201117318,0.5624385447394297
KwaZulu-Natal,Ward 52201004,KZN221,3796,0.6625395152792413,False,8.241703159729818,0.6787441778826949,2016,0.0157342414455698,-0.0375253549695739,0.4770420492991784
KwaZulu-Natal,Ward 52201005,KZN221,3615,0.6271092669432918,False,8.192847134592865,0.6816966985773574,2016,-0.0141849602447901,-0.1585195530726256,0.5151763740771124
KwaZulu-Natal,Ward 52201006,KZN221,4154,0.6853635050553684,False,8.331827004436057,0.6768421787346842,2016,-0.0477825623603619,0.1668539325842697,0.5503969208563868
KwaZulu-Natal,Ward 52201007,KZN221,3962,0.7130237253912166,False,8.284504227258497,0.6745371603733635,2016,0.0671192885311483,0.1268486916951081,0.5441092771770063
KwaZulu-Natal,Ward 52201008,KZN221,4041,0.6676565206632021,False,8.304247465078474,0.6783177607673648,2016,-0.0456079749682514,0.0698967434471802,0.5392572944297083
KwaZulu-Natal,Ward 52201009,KZN221,4094,0.6939423546653639,False,8.317277766221235,0.676127274600518,2016,0.0438482939290026,0.1002418704649288,0.4192962542565266
KwaZulu-Natal,Ward 52201010,KZN221,4439,0.6530750168956972,False,8.398184404834035,0.6795328860813236,2016,-0.0317640277564315,0.1523883696780892,0.5806265615990774
KwaZulu-Natal,Ward 52201011,KZN221,4173,0.7174694464414091,False,8.336390480591552,0.6741666836191809,2016,0.0014401543340046,0.131814483319772,0.5795019157088123
KwaZulu-Natal,Ward 52201012,KZN221,3877,0.6982202734072737,False,8.262816937670928,0.6757707813720256,2016,-0.0061348354704482,0.082356225572306,0.5562582345191041
KwaZulu-Natal,Ward 52201013,KZN221,3649,0.6694984927377363,False,8.202208436436448,0.678164263094487,2016,0.0441988922051131,-0.0282290279627164,0.4684375892602114
KwaZulu-Natal,Ward 52202001,KZN222,3864,0.6040372670807453,False,8.259458195332408,0.6862126706144122,2016,-0.0007260732870568,0.164908049442267,0.5226960110041265
KwaZulu-Natal,Ward 52202002,KZN222,3717,0.6537530266343826,False,8.220672170297252,0.681693056109536,2016,0.1040864769678329,0.3046683046683047,0.5981050138176076
KwaZulu-Natal,Ward 52202003,KZN222,3572,0.6262597984322509,False,8.18088094199639,0.684192440491548,2016,-0.0025440581510572,0.0762277794516421,0.4816502151354087
KwaZulu-Natal,Ward 52202004,KZN222,3689,0.6156139875304961,False,8.213110697596676,0.6851602414826167,2016,-0.0360773443933939,-0.0251057082452431,0.5554631170271769
KwaZulu-Natal,Ward 52202005,KZN222,3327,0.7911030958821761,False,8.109826276018477,0.6692066861779185,2016,0.0105257964692602,-0.1861545988258317,0.7425890381744509
KwaZulu-Natal,Ward 52202006,KZN222,5000,0.7648,False,8.517193191416238,0.6715978767126617,2016,0.0650159827213823,0.1999040076793856,0.6240552796372274
KwaZulu-Natal,Ward 52202007,KZN222,4292,0.7378844361602982,False,8.36450810375059,0.6740447461526347,2016,0.0388323034588764,0.1300684570826751,0.6244787322768974
KwaZulu-Natal,Ward 52202008,KZN222,5690,0.6576449912126537,False,8.646465527120377,0.681339241147875,2016,0.0235724105674924,0.4339717741935485,0.5754475703324808
KwaZulu-Natal,Ward 52202009,KZN222,5221,0.66289982761923,False,8.560444233410552,0.6808615287472771,2016,-0.0140080019149622,0.293607532210109,0.5257847533632287
KwaZulu-Natal,Ward 52202010,KZN222,3699,0.6896458502297919,False,8.215817791832453,0.678430072146317,2016,-0.0225137444503854,0.1713109563014565,0.4987503471257984
KwaZulu-Natal,Ward 52202011,KZN222,4275,0.6783625730994152,False,8.360539381370861,0.6794558246127149,2016,-0.0053184084956768,0.0490797546012269,0.546242774566474
KwaZulu-Natal,Ward 52202012,KZN222,5218,0.6703717899578383,False,8.559869465696673,0.6801822594437673,2016,-0.0356895252773594,0.2211560964193775,0.6036363636363636
KwaZulu-Natal,Ward 52203001,KZN223,2846,0.640196767392832,False,7.953669778649798,0.6391724200282761,2016,0.026758917448823,-0.3625979843225084,0.4507589128132721
KwaZulu-Natal,Ward 52203002,KZN223,2662,0.5950413223140496,False,7.8868329989550565,0.654224235054537,2016,0.0683285630431508,-0.163419233186675,0.4853911404335532
KwaZulu-Natal,Ward 52203003,KZN223,3351,0.6574156968069234,False,8.11701408773731,0.6334327768902457,2016,-0.005996430633981,-0.1390030832476875,0.5420865441612329
KwaZulu-Natal,Ward 52203004,KZN223,3320,0.6650602409638554,False,8.107720061910534,0.6308845955046016,2016,0.0582719703566053,-0.2334333872084969,0.5092202318229716
KwaZulu-Natal,Ward 52204001,KZN224,3895,0.7193838254172016,False,8.267448958304849,0.6759869331611373,2016,0.1372563819036194,-0.0111703478040111,0.5689272503082614
KwaZulu-Natal,Ward 52204002,KZN224,4401,0.6705294251306522,False,8.38958706681109,0.6922717332566539,2016,0.0384013008889632,0.067944673622907,0.5762859633827376
KwaZulu-Natal,Ward 52204003,KZN224,4059,0.6649421039664942,False,8.308691916838898,0.6941341736447066,2016,0.0413652538716176,-0.0372390891840607,0.5373847729600546
KwaZulu-Natal,Ward 52204004,KZN224,4660,0.6924892703862661,False,8.446770727119691,0.684951784838116,2016,0.0675619025768529,0.3538640325392213,0.5494890510948905
KwaZulu-Natal,Ward 52205001,KZN225,10643,0.703279150615428,False,9.272657678041044,0.6648741799364427,2016,0.011510323995463,0.3313735301476106,0.5684523809523809
KwaZulu-Natal,Ward 52205002,KZN225,9897,0.7154693341416591,False,9.199986959896691,0.6645355637273808,2016,0.0028133148153942,0.3282780834787278,0.5588844401491095
KwaZulu-Natal,Ward 52205003,KZN225,9795,0.7685553854007147,False,9.189627330378642,0.663060951192407,2016,0.0444001285234378,0.230373068709961,0.5911799761620977
KwaZulu-Natal,Ward 52205004,KZN225,9666,0.7244982412580178,False,9.17636985240503,0.6642847607519263,2016,-0.0051078578525286,0.2282083862770012,0.5391660970608338
KwaZulu-Natal,Ward 52205005,KZN225,9297,0.7637947725072604,False,9.137447046455858,0.6631931904394475,2016,0.0754122756527937,0.2997343771843981,0.5476699444206926
KwaZulu-Natal,Ward 52205006,KZN225,8121,0.7319295653244674,False,9.002208578282412,0.6640783350834139,2016,0.0718343020272987,0.074490605980418,0.5299228980540938
KwaZulu-Natal,Ward 52205007,KZN225,7778,0.7309076883517613,False,8.959054514715692,0.664106720554878,2016,0.0419956271769264,-0.0988297995597266,0.6110822060353798
KwaZulu-Natal,Ward 52205008,KZN225,7710,0.716083009079118,False,8.950273466557375,0.6645185172013403,2016,0.0237304112974484,0.1252189141856392,0.5506915536457634
KwaZulu-Natal,Ward 52205009,KZN225,8373,0.7168278991998089,False,9.032767522204432,0.6644978258090988,2016,0.0710053771448011,0.0862740010378826,0.5295994328252392
KwaZulu-Natal,Ward 52205010,KZN225,7639,0.7230003927215604,False,8.94102198354136,0.664326367655717,2016,0.008835131338761,0.0734963462619449,0.4782843999458801
KwaZulu-Natal,Ward 52205011,KZN225,9330,0.7054662379421222,False,9.140990293841389,0.6648134275107013,2016,0.0356574222225257,0.2387148167817312,0.5076169170128901
KwaZulu-Natal,Ward 52205012,KZN225,7239,0.6654234010222406,False,8.88723835429314,0.6659257285362535,2016,0.0484275901305589,0.0830341113105923,0.4769415853495522
KwaZulu-Natal,Ward 52205013,KZN225,12067,0.6497058092317892,False,9.3982297330736,0.6663623283082105,2016,0.0188576731297126,0.5095071303477607,0.4339643407440017
KwaZulu-Natal,Ward 52205014,KZN225,8071,0.7267996530789246,False,8.996032669324372,0.6642208326457901,2016,0.084682599032439,0.1300756090730888,0.4724689165186501
KwaZulu-Natal,Ward 52205015,KZN225,10693,0.6782942111661835,False,9.277344600756656,0.6655682060322552,2016,0.0323562685886117,0.3767220290974635,0.4251813598917988
KwaZulu-Natal,Ward 52205016,KZN225,8098,0.6727587058532971,False,8.999372396592106,0.6657219700687241,2016,0.0198297271078331,0.0495075168481078,0.416170320618426
KwaZulu-Natal,Ward 52205017,KZN225,9877,0.683608383112281,False,9.197964100908127,0.6654205901448635,2016,0.0506348796775411,0.211604514229637,0.4059345737565365
KwaZulu-Natal,Ward 52205018,KZN225,8943,0.6885832494688583,False,9.09862638234618,0.6652823994127364,2016,0.0959323308336876,0.1736220472440945,0.4725341796875
KwaZulu-Natal,Ward 52205019,KZN225,9257,0.6519390731338447,False,9.133135301067211,0.6663002931998201,2016,0.0609331559740813,0.0955029585798816,0.4195859872611465
KwaZulu-Natal,Ward 52205020,KZN225,7675,0.6874267100977198,False,8.945723572455398,0.665314525506379,2016,-0.0001490474780377,0.1628787878787878,0.4698166242805515
KwaZulu-Natal,Ward 52205021,KZN225,7931,0.6593115622241836,False,8.97853441008332,0.6660955018361996,2016,-0.0652972134738832,0.2167842896594047,0.5111368610789236
KwaZulu-Natal,Ward 52205022,KZN225,8610,0.6886178861788618,False,9.060679597421776,0.6652814372819029,2016,0.0877159696061447,0.2133596392333709,0.4350282485875706
KwaZulu-Natal,Ward 52205023,KZN225,8189,0.5598974233728172,False,9.010547069270189,0.668857005693182,2016,-0.0718460200298189,0.1127870634597092,0.4390600267868014
KwaZulu-Natal,Ward 52205024,KZN225,9408,0.5766369047619048,False,9.149315670138408,0.6683920200990406,2016,0.0473640644884429,0.1694220012430081,0.366535654126895
KwaZulu-Natal,Ward 52205025,KZN225,8037,0.6873211397287545,False,8.991811158212718,0.6653174580166281,2016,0.0685482717298803,0.1310160427807487,0.5587698722960647
KwaZulu-Natal,Ward 52205026,KZN225,8936,0.6605863921217547,False,9.097843340749037,0.6660600898946004,2016,0.0526722740341252,0.1154662339283485,0.519433465085639
KwaZulu-Natal,Ward 52205027,KZN225,7300,0.4965753424657534,False,8.895629627136483,0.6706159523850448,2016,0.0650191465003355,0.0518731988472622,0.3188322839152833
KwaZulu-Natal,Ward 52205028,KZN225,9157,0.596592770558043,False,9.122273893107732,0.6678376904935923,2016,0.0419592989121232,0.1513894128002011,0.4488908705829896
KwaZulu-Natal,Ward 52205029,KZN225,9721,0.6295648595823475,False,9.18204377282107,0.666921799131806,2016,0.1611188630744902,0.2123971065103518,0.4796871351856175
KwaZulu-Natal,Ward 52205030,KZN225,10402,0.6506441069025187,False,9.249753374333018,0.6663362644840236,2016,0.0695805530763189,0.2265063082183704,0.5068193649141073
KwaZulu-Natal,Ward 52205031,KZN225,9128,0.5774539877300614,False,9.119101891541911,0.6683693233499253,2016,0.0777743773238073,0.1698064846853775,0.4242521026296178
KwaZulu-Natal,Ward 52205032,KZN225,9097,0.6362537100142904,False,9.115699967822062,0.6667359977309189,2016,0.064499399055191,0.2964229727803904,0.4259448416751787
KwaZulu-Natal,Ward 52205033,KZN225,9125,0.529095890410959,False,9.118773178450692,0.6697126038310114,2016,0.038186799501868,0.202239789196311,0.3788421852937982
KwaZulu-Natal,Ward 52205034,KZN225,6671,0.6409833608154699,False,8.805525052709516,0.6666046185419972,2016,0.0635015206217652,-0.1923728813559322,0.3941855493800769
KwaZulu-Natal,Ward 52205035,KZN225,9479,0.6750712100432535,False,9.156834104453042,0.6656577338412254,2016,0.074859120965841,0.1168846471073405,0.5176775867661368
KwaZulu-Natal,Ward 52205036,KZN225,7348,0.6261567773543821,False,8.902183446335016,0.667016468082583,2016,0.0336406483221241,-0.0518709677419354,0.3760727552196746
KwaZulu-Natal,Ward 52205037,KZN225,7801,0.6436354313549545,False,8.962007209588313,0.6665309499159003,2016,0.0175390718691921,-0.0627177700348432,0.5023708829937203
KwaZulu-Natal,Ward 52206001,KZN226,5786,0.6790528862772208,False,8.66319648553608,0.6275012641500766,2016,-0.076784885127941,0.185170012290045,0.5092049362735181
KwaZulu-Natal,Ward 52206002,KZN226,3762,0.7288676236044657,False,8.232706009860976,0.6191988079288692,2016,-0.0230415611220565,-0.2235294117647058,0.1705533596837944
KwaZulu-Natal,Ward 52206003,KZN226,4527,0.6324276562845151,False,8.417814747435958,0.6352721358155275,2016,0.0272867457859087,0.4019820377825953,0.4551993423756679
KwaZulu-Natal,Ward 52206004,KZN226,3550,0.596338028169014,False,8.174702882469461,0.6412870738347777,2016,-0.01527682502615,-0.2335924006908463,0.4890234670704012
KwaZulu-Natal,Ward 52206005,KZN226,4003,0.6632525605795653,False,8.294799358992574,0.6301346517663525,2016,0.0099192272462319,0.1602898550724638,0.1916726489590811
KwaZulu-Natal,Ward 52206006,KZN226,4659,0.6044215496887744,False,8.446556111816797,0.639939820248151,2016,0.0046840168803754,0.2228346456692913,0.5296638845025942
KwaZulu-Natal,Ward 52206007,KZN226,3602,0.5397001665741255,False,8.189244525735901,0.6507267174339258,2016,-0.0716037501338566,-0.1070897372335151,0.4935339139614674
KwaZulu-Natal,Ward 52207001,KZN227,4153,0.5904165663375873,False,8.331586243630754,0.6025650591307282,2016,0.029186472982288,0.1403075233388249,0.4580199227485261
KwaZulu-Natal,Ward 52207002,KZN227,4884,0.5657248157248157,False,8.493719835230594,0.6066803508995234,2016,-0.0703148890346651,0.2430643929753118,0.4184877199767937
KwaZulu-Natal,Ward 52207003,KZN227,3972,0.6699395770392749,False,8.287025025165063,0.5893112240137802,2016,-0.0077324990659294,0.1113598209289312,0.5262810644380911
KwaZulu-Natal,Ward 52207004,KZN227,4423,0.6280804883563192,False,8.394573477868327,0.5962877387942729,2016,-0.0017694125216189,0.2526196544888133,0.5265017667844523
KwaZulu-Natal,Ward 52207005,KZN227,4930,0.5795131845841786,False,8.503094267036737,0.604382289422963,2016,-0.0147439939426629,0.0258010819808571,0.5353638593622241
KwaZulu-Natal,Ward 52207006,KZN227,4235,0.5877213695395513,False,8.351138607086154,0.6030142585970676,2016,0.0011553711016445,0.1025774537880759,0.5986314299197735
KwaZulu-Natal,Ward 52207007,KZN227,5568,0.5844109195402298,False,8.624791202014256,0.6035660002636211,2016,-0.0341610375444908,0.029966703662597,0.4741035856573705
KwaZulu-Natal,Ward 52305001,KZN235,3922,0.5907700152983172,False,8.274357006756292,0.5989146979955385,2016,-0.0259430766236883,0.0924791086350975,0.5562863647862383
KwaZulu-Natal,Ward 52305002,KZN235,4533,0.5784248841826605,False,8.41913925094085,0.5998643234659737,2016,-0.0748929272259542,0.0554132712456345,0.601911535896866
KwaZulu-Natal,Ward 52305003,KZN235,3986,0.6081284495735073,False,8.29054350077274,0.5975794338205239,2016,-0.0665182190160513,0.1496971445053361,0.598957039980134
KwaZulu-Natal,Ward 52305004,KZN235,3874,0.6004130098089829,False,8.262042843966942,0.5981729291870258,2016,-0.0396438083728352,0.1005681818181818,0.5905838910685437
KwaZulu-Natal,Ward 52305005,KZN235,4302,0.5560204556020456,False,8.366835309827675,0.601587741049098,2016,-0.0308793356296871,0.1226513569937368,0.5376658421407691
KwaZulu-Natal,Ward 52305006,KZN235,4271,0.6017326153125732,False,8.359603270841466,0.598071421071365,2016,-0.0319613568667158,0.1002060793405461,0.5157489781197403
KwaZulu-Natal,Ward 52305007,KZN235,4078,0.5841098577734184,False,8.3133619511344,0.5994270178051462,2016,-0.0087855467938214,0.1497039751903017,0.459706031424227
KwaZulu-Natal,Ward 52305008,KZN235,4195,0.5845053635280095,False,8.341648618901306,0.5993965942855622,2016,-0.0082696775228936,0.1480569239189928,0.5385894086915222
KwaZulu-Natal,Ward 52305009,KZN235,4194,0.5798760133524082,False,8.341410211461865,0.5997526981452238,2016,-0.0073749826635279,0.1139442231075698,0.5407582938388625
KwaZulu-Natal,Ward 52305010,KZN235,3963,0.5808730759525612,False,8.284756593190435,0.5996760010221351,2016,-0.0636408672322185,0.0328381548084439,0.5424227562530652
KwaZulu-Natal,Ward 52305011,KZN235,3652,0.6144578313253012,False,8.20303024171486,0.5970925583011553,2016,-0.0363395420330477,-0.1435272045028143,0.5341062280938258
KwaZulu-Natal,Ward 52305012,KZN235,4056,0.6479289940828402,False,8.30795254527102,0.5945178534736522,2016,-0.0039048786248189,0.0938511326860842,0.5719990603711534
KwaZulu-Natal,Ward 52305013,KZN235,3636,0.6122112211221122,False,8.19863945529737,0.5972653744706313,2016,0.0029066875355943,-0.1369570377403275,0.5561312607944733
KwaZulu-Natal,Ward 52305014,KZN235,4085,0.6372093023255814,False,8.315077007294104,0.5953424451472874,2016,-0.043413349311563,0.0963499731615673,0.6150058616647128
KwaZulu-Natal,Ward 52401001,KZN241,4232,0.6112948960302458,False,8.350429973538136,0.5822129532860927,2016,-0.0632149078913228,0.659607843137255,0.587775408670931
KwaZulu-Natal,Ward 52401002,KZN241,4083,0.6059270144501592,False,8.314587291319576,0.58328652960211,2016,0.0775774998870524,-0.2071844660194174,0.4574468085106383
KwaZulu-Natal,Ward 52401003,KZN241,4259,0.6210378023010096,False,8.356789669923213,0.5802643720319399,2016,0.0205440767301393,-0.1238428306932729,0.5807708964919879
KwaZulu-Natal,Ward 52401004,KZN241,4099,0.5393998536228348,False,8.318498320504338,0.5965919617675748,2016,-0.0074751463771651,0.0330141129032257,0.4669680984677217
KwaZulu-Natal,Ward 52401005,KZN241,4466,0.590461262875056,False,8.404248432400102,0.5863796799171307,2016,0.0083449420961678,0.1442480143479374,0.4574712643678161
KwaZulu-Natal,Ward 52401006,KZN241,4388,0.5542388331814039,False,8.38662882139512,0.5936241658558611,2016,0.0348189708411875,0.07866273352999,0.4563492063492063
KwaZulu-Natal,Ward 52402001,KZN242,4803,0.5975432021653133,False,8.476996001664824,0.5775857152792295,2016,-0.0282533260702393,0.055372445616348,0.6041013268998794
KwaZulu-Natal,Ward 52402002,KZN242,4988,0.621692060946271,False,8.514790306799927,0.5760764116054197,2016,-0.011795803793298,0.3602399781838015,0.5842091080571274
KwaZulu-Natal,Ward 52402003,KZN242,4204,0.5599429115128449,False,8.343791731996841,0.5799357334450088,2016,-0.0620020986704544,0.070264765784114,0.5513490901485045
KwaZulu-Natal,Ward 52402004,KZN242,4249,0.5307131089668157,False,8.354438940114811,0.5817625961041356,2016,-0.047728726678862,0.1336712913553894,0.4951267056530214
KwaZulu-Natal,Ward 52402005,KZN242,3948,0.5815602836879432,False,8.280964400553373,0.5785846476840651,2016,-0.03141097916468,0.0408647508568416,0.4594530321046373
KwaZulu-Natal,Ward 52402006,KZN242,4430,0.5957110609480812,False,8.39615486303918,0.5777002241053065,2016,0.0079801902356801,0.4610817941952507,0.5103851146689745
KwaZulu-Natal,Ward 52402007,KZN242,3900,0.5505128205128205,False,8.268731832117737,0.5805251141325104,2016,-0.0896894550876852,-0.0139064475347661,0.5257343710770775
KwaZulu-Natal,Ward 52402008,KZN242,4269,0.5947528695244788,False,8.359134886757962,0.5777601110692817,2016,-0.0314424361840114,0.2370327441321356,0.5185631629701061
KwaZulu-Natal,Ward 52402009,KZN242,4581,0.5402750491159135,False,8.429672593886743,0.581164974844817,2016,-0.000391462186813,0.0675833139128407,0.4583670169765562
KwaZulu-Natal,Ward 52402010,KZN242,5048,0.6253961965134707,False,8.52674740422105,0.5758449031324697,2016,0.0147283141337123,0.1506724413038522,0.544891640866873
KwaZulu-Natal,Ward 52402011,KZN242,5081,0.6217280062979729,False,8.533263371593732,0.5760741650209383,2016,-0.0374509247632199,0.3119029176349084,0.5519858335441437
KwaZulu-Natal,Ward 52402012,KZN242,4822,0.5694732476150974,False,8.480944058741116,0.5793400874386181,2016,-0.0513302746743907,0.3269124931205283,0.5488551348900476
KwaZulu-Natal,Ward 52402013,KZN242,4789,0.5790352892044268,False,8.47407690034261,0.578742459839285,2016,-0.0456566772815268,0.1801379990142928,0.5719657405473156
KwaZulu-Natal,Ward 52402014,KZN242,4849,0.5172200453701794,False,8.486527777105353,0.5826059125789255,2016,-0.0117844903185291,0.1575555025065649,0.5282613880276652
KwaZulu-Natal,Ward 52402015,KZN242,4980,0.5716867469879519,False,8.513185170018698,0.5792017437278146,2016,-0.0872851711462699,0.1851499286054259,0.5365025466893039
KwaZulu-Natal,Ward 52402016,KZN242,4032,0.5892857142857143,False,8.302017809751204,0.5781018082717045,2016,-0.0230672268907562,0.1858823529411764,0.539453880885831
KwaZulu-Natal,Ward 52402017,KZN242,4124,0.5923860329776915,False,8.32457884513685,0.5779080383534559,2016,-0.0390765050372379,0.1401714127730162,0.5219211822660098
KwaZulu-Natal,Ward 52404001,KZN244,5206,0.6052631578947368,False,8.55756708555451,0.6772263574854587,2016,-0.0390351871517379,0.1802312400816141,0.5316703350452433
KwaZulu-Natal,Ward 52404002,KZN244,5090,0.637721021611002,False,8.53503310954457,0.6753170713845019,2016,0.0146273396937905,0.2321471798595982,0.5285292111843601
KwaZulu-Natal,Ward 52404003,KZN244,4873,0.6944387441001436,False,8.491465042843506,0.6719807347674935,2016,4.9469025664938826e-05,0.2097815292949354,0.610989448536731
KwaZulu-Natal,Ward 52404004,KZN244,5438,0.6908789996322178,False,8.601166625192416,0.6721901315009009,2016,0.0345934801959822,0.2361900431916344,0.5519137703475583
KwaZulu-Natal,Ward 52404005,KZN244,5154,0.6901435778036477,False,8.54752839121231,0.672233391608464,2016,0.0334647122958708,0.1788655077767611,0.5955085865257596
KwaZulu-Natal,Ward 52404006,KZN244,4893,0.7059063968935213,False,8.495560891289124,0.6713061669561184,2016,0.0320792363996941,0.2081481481481482,0.545612295488349
KwaZulu-Natal,Ward 52404007,KZN244,4994,0.6806167400881057,False,8.515992470839718,0.6727937938270252,2016,-0.0251083657261068,0.1124972154154599,0.5496351978775149
KwaZulu-Natal,Ward 52404008,KZN244,4643,0.7243161748869266,False,8.443115988019922,0.6702232388388593,2016,-0.0021646613500072,0.1555500248880039,0.5928538916704598
KwaZulu-Natal,Ward 52404009,KZN244,4004,0.6650849150849151,False,8.295049140435111,0.6737074305919188,2016,0.0246122415250923,0.1828655834564254,0.5460992907801419
KwaZulu-Natal,Ward 52404010,KZN244,5235,0.7104106972301815,False,8.563122123304638,0.6710412081127854,2016,0.0240563184114441,0.3327393075356415,0.7371779141104294
KwaZulu-Natal,Ward 52404011,KZN244,4651,0.6751236293270264,False,8.444837529224097,0.6731169179894416,2016,-0.2346108839473099,0.1759797724399494,0.6342430604152087
KwaZulu-Natal,Ward 52404012,KZN244,4466,0.6065830721003135,False,8.404248432400102,0.6771487154733659,2016,-0.0423247595459305,0.1896643580181141,0.6137115839243499
KwaZulu-Natal,Ward 52404013,KZN244,4079,0.7232164746261338,False,8.313607139317558,0.6702879270894941,2016,0.0246723695733219,0.1644304881530116,0.579010279703562
KwaZulu-Natal,Ward 52404014,KZN244,4966,0.6941200161095449,False,8.510369966068112,0.6719994834728229,2016,0.0176576595464326,0.3898684578785334,0.5926227285055601
KwaZulu-Natal,Ward 52404015,KZN244,4103,0.6707287350718986,False,8.319473692442186,0.6733754411809197,2016,-0.0049015170289418,0.1492997198879551,0.6395377428079666
KwaZulu-Natal,Ward 52404016,KZN244,4119,0.6542850206360767,False,8.323365694436081,0.674342718500674,2016,-0.0297160406533899,0.0928628283364287,0.5353562005277045
KwaZulu-Natal,Ward 52404017,KZN244,5173,0.646433404214189,False,8.551208070003515,0.6748045782901968,2016,-0.0214858066829457,0.2148896195396901,0.5465414175918019
KwaZulu-Natal,Ward 52404018,KZN244,4281,0.642840457836954,False,8.361941906144946,0.675015928077093,2016,-0.0001913270041218,0.162999185004075,0.5178528636472561
KwaZulu-Natal,Ward 52405001,KZN245,4624,0.6474913494809689,False,8.439015410352214,0.6404158001499923,2016,0.0062058117801035,0.1431396786155747,0.5727728983688833
KwaZulu-Natal,Ward 52405002,KZN245,3815,0.6500655307994757,False,8.246695943718557,0.6401583820181417,2016,0.002548936613163,-0.1268024719615472,0.5191591271953166
KwaZulu-Natal,Ward 52405003,KZN245,3674,0.6728361458900382,False,8.20903626577507,0.6378813205090854,2016,-0.0139758998005121,-0.2369678089304258,0.6242090784044017
KwaZulu-Natal,Ward 52405004,KZN245,3920,0.6326530612244898,False,8.273846932784508,0.6418996289756402,2016,-0.0076005045441314,0.0353935552033808,0.5402248181617809
KwaZulu-Natal,Ward 52405005,KZN245,4733,0.6125079230931756,False,8.462314529906248,0.6439141427887718,2016,0.0109571477054817,0.1838419209604802,0.5459653854798832
KwaZulu-Natal,Ward 52405006,KZN245,4458,0.6112606550022431,False,8.402455513945814,0.6440388695978649,2016,0.0242264538792211,0.1378254211332312,0.5601273016594681
KwaZulu-Natal,Ward 52405007,KZN245,5185,0.6817743490838959,False,8.553525120663627,0.6369875001896996,2016,-0.0448206958623877,0.1368121026090769,0.5675446049277825
KwaZulu-Natal,Ward 52405008,KZN245,3520,0.7352272727272727,False,8.166216268592143,0.631642207825362,2016,0.0722555746140651,-0.1698113207547169,0.6786324786324787
KwaZulu-Natal,Ward 52405009,KZN245,3742,0.5601282736504543,False,8.227375506834035,0.6491521077330439,2016,0.0196513822757118,0.1015602001766264,0.5380771061399333
KwaZulu-Natal,Ward 52405010,KZN245,3853,0.549961069296652,False,8.256607344626158,0.6501688281684241,2016,0.0074560391155654,-0.0309356136820925,0.3973470003014772
KwaZulu-Natal,Ward 52405011,KZN245,4698,0.6977437207322265,False,8.454892165218858,0.6353905630248666,2016,0.0234358910210028,0.3986305448050016,0.5776165347405453
KwaZulu-Natal,Ward 52502001,KZN252,4733,0.6146207479399958,False,8.462314529906248,0.587611020365032,2016,-0.0232094597631702,-0.0455737043758822,0.4392428251577447
KwaZulu-Natal,Ward 52502002,KZN252,4827,0.686554795939507,False,8.481980435660493,0.5852132187650483,2016,0.1109477319218469,-0.1120309050772626,0.5535393818544367
KwaZulu-Natal,Ward 52502003,KZN252,4721,0.4316882016521923,False,8.459775920546287,0.5937087719079588,2016,-0.0593706218772194,0.1108235294117647,0.4659977703455964
KwaZulu-Natal,Ward 52502004,KZN252,4671,0.5958038963819311,False,8.449128460502108,0.5882382487503008,2016,0.0500349316597729,0.0770117592806087,0.5051682427974489
KwaZulu-Natal,Ward 52502005,KZN252,6313,0.4691905591636306,False,8.750366278367625,0.5924586933242442,2016,-0.0130042896605575,0.4138857782754759,0.3057541709227102
KwaZulu-Natal,Ward 52502006,KZN252,4984,0.6137640449438202,False,8.51398806046729,0.5876395771315711,2016,-0.0571747567223124,-0.2015379685998077,0.5155777105216308
KwaZulu-Natal,Ward 52502007,KZN252,5834,0.6028453890983888,False,8.671458150427666,0.5880035323264189,2016,-0.0319939215676567,-0.0942400248408632,0.4056859926529308
KwaZulu-Natal,Ward 52502008,KZN252,4586,0.639337112952464,False,8.43076346341785,0.5867871415312831,2016,0.0035212537092728,0.1053265847192095,0.4904084856691492
KwaZulu-Natal,Ward 52502009,KZN252,5489,0.6390963745673165,False,8.610501368549889,0.5867951661441213,2016,0.030790185642235,0.1174674267100976,0.4669324152926254
KwaZulu-Natal,Ward 52502010,KZN252,4161,0.6005767844268205,False,8.333510708982942,0.5880791524821378,2016,-0.0163919140904776,-0.1431219110378913,0.4552556818181818
KwaZulu-Natal,Ward 52502011,KZN252,4708,0.6488954970263382,False,8.457018468380168,0.5864685287288206,2016,0.0434645643226782,0.1116883116883116,0.4752859917979711
KwaZulu-Natal,Ward 52502012,KZN252,5656,0.6124469589816125,False,8.640472207576408,0.5876834799969781,2016,-0.0219543134564698,0.2851624630765734,0.5013942140118508
KwaZulu-Natal,Ward 52502013,KZN252,4618,0.6327414465136423,False,8.43771698991444,0.5870069970792439,2016,-0.0123960780443145,0.1340864440078586,0.4410399257195914
KwaZulu-Natal,Ward 52502014,KZN252,6758,0.5218999704054454,False,8.818482267274236,0.590701712949517,2016,-0.0072844916649226,0.3744152938783811,0.4875207986688852
KwaZulu-Natal,Ward 52502015,KZN252,5719,0.6125196712712012,False,8.651549243915316,0.5876810562539918,2016,0.0172587808930297,0.3688367640019148,0.5033978044955567
KwaZulu-Natal,Ward 52502016,KZN252,6342,0.6275622831914223,False,8.754949455098293,0.5871796358566511,2016,0.0023600541782998,0.1400323566420995,0.5000911244760342
KwaZulu-Natal,Ward 52502017,KZN252,5311,0.6507249105629825,False,8.577535420422398,0.5864075482775991,2016,-0.001503120305825,0.3221309434901667,0.4952038369304556
KwaZulu-Natal,Ward 52502018,KZN252,5381,0.6076937372235643,False,8.59062950948942,0.5878419207222464,2016,-0.0228997845888303,0.0074892342258003,0.5429045643153527
KwaZulu-Natal,Ward 52502019,KZN252,5948,0.6064223268325487,False,8.690810307580046,0.5878843010686137,2016,0.0057424628053541,0.189362127574485,0.4602795772246846
KwaZulu-Natal,Ward 52502020,KZN252,4565,0.5986856516976999,False,8.426173793029069,0.5881421902397752,2016,-0.0671413844064142,-0.2334172963895886,0.4569964349376114
KwaZulu-Natal,Ward 52502021,KZN252,4750,0.6077894736842105,False,8.465899897028686,0.5878387295068915,2016,0.0113725983230085,-0.0849547293392409,0.4908982983775227
KwaZulu-Natal,Ward 52502022,KZN252,5605,0.4371097234611953,False,8.63141433550626,0.5935280545143253,2016,-0.1430904990082152,0.2469410456062291,0.3758892520669102
KwaZulu-Natal,Ward 52502023,KZN252,5548,0.5948089401586157,False,8.621192781434722,0.5882714139577447,2016,-0.0278959411669552,0.2422749664128973,0.4311219314262527
KwaZulu-Natal,Ward 52502024,KZN252,5572,0.5757358219669777,False,8.625509334899697,0.5889071845641326,2016,-0.0083731451158827,0.2649262202043132,0.3870858113848768
KwaZulu-Natal,Ward 52502025,KZN252,4850,0.554639175257732,False,8.48673398393153,0.5896104061211074,2016,-0.0423173464813984,0.0543478260869565,0.4535043518094365
KwaZulu-Natal,Ward 52502026,KZN252,6001,0.549408431928012,False,8.699681400989514,0.5897847642320981,2016,0.008156080409603,0.6127385111529158,0.3777068994460298
KwaZulu-Natal,Ward 52502027,KZN252,6130,0.5858075040783034,False,8.720950028930258,0.5885714618270884,2016,-0.0273878387418776,0.1328774718166696,0.4260854874134144
KwaZulu-Natal,Ward 52502028,KZN252,5793,0.5194199896426722,False,8.664405571096625,0.5907843789749428,2016,-0.0244520404678899,0.3627381792519406,0.393070044709389
KwaZulu-Natal,Ward 52502029,KZN252,5602,0.6067475901463762,False,8.630878955820053,0.5878734589581527,2016,0.0334855580608147,0.1982887700534759,0.4576208178438661
KwaZulu-Natal,Ward 52502030,KZN252,4843,0.6211026223415238,False,8.48528964240323,0.5873949578849811,2016,-0.0154962686011749,-0.1048059149722735,0.4673505622410732
KwaZulu-Natal,Ward 52502031,KZN252,5245,0.5773117254528122,False,8.565030520830398,0.5888546544479382,2016,0.0559906552186985,0.0963628762541806,0.4359221429947967
KwaZulu-Natal,Ward 52503001,KZN253,2381,0.621167576648467,False,7.7752758464868625,0.6410277734536343,2016,0.0073031801753749,-0.2760717543326239,0.4935587761674718
KwaZulu-Natal,Ward 52503002,KZN253,3004,0.5732356857523302,False,8.007700012884026,0.6570050704190132,2016,0.0133651355905178,0.0801869830996044,0.5056053811659192
KwaZulu-Natal,Ward 52503003,KZN253,2117,0.6381672177609825,False,7.6577552711348655,0.6353612264161291,2016,0.0434119730057377,-0.2597902097902098,0.5439238653001464
KwaZulu-Natal,Ward 52503004,KZN253,2303,0.7116804168475901,False,7.741967899820685,0.6108568267205933,2016,0.0191700668287718,-0.13323296951449,0.5501376327172631
KwaZulu-Natal,Ward 52504001,KZN254,3889,0.6122396502957058,False,8.265907334155747,0.5892039052592132,2016,0.0322649988381645,-0.0141951837769328,0.4113545816733068
KwaZulu-Natal,Ward 52504002,KZN254,4569,0.6053841103086014,False,8.427049641563272,0.5898894592579237,2016,0.0254291553536464,0.2863175675675675,0.486228342958685
KwaZulu-Natal,Ward 52504003,KZN254,3648,0.6022478070175439,False,8.201934351194222,0.5902030895870294,2016,0.0176678300325036,0.0494821634062141,0.5462662337662337
KwaZulu-Natal,Ward 52504004,KZN254,3758,0.548962213943587,False,8.231642179973411,0.5955316488944251,2016,-0.0640549404459185,-0.0519677093844601,0.3944795859689476
KwaZulu-Natal,Ward 52504005,KZN254,3470,0.6002881844380403,False,8.151909872940905,0.5903990518449798,2016,-0.015861943511917,-0.0133636622121126,0.5318452380952381
KwaZulu-Natal,Ward 52504006,KZN254,3617,0.5734033729610174,False,8.193400231952097,0.593087532992682,2016,-0.0344397642938845,0.0131652661064425,0.471286060932866
KwaZulu-Natal,Ward 52504007,KZN254,3943,0.5541465888917069,False,8.279697133877628,0.595013211399613,2016,-0.0516687588301156,0.1819544364508394,0.4881443298969072
KwaZulu-Natal,Ward 52504008,KZN254,4037,0.6029229625959871,False,8.30325712085294,0.590135574029185,2016,-0.0008789383544881,0.0097548774387192,0.4886306215260232
KwaZulu-Natal,Ward 52504009,KZN254,4225,0.6101775147928994,False,8.348774539791274,0.5894101188094939,2016,-0.0860897940571909,0.2718242022877783,0.4979647218453188
KwaZulu-Natal,Ward 52504010,KZN254,4137,0.6166304085085811,False,8.327726166461412,0.5887648294379256,2016,-0.0377005113090643,0.1094127111826226,0.4275414563806777
KwaZulu-Natal,Ward 52504011,KZN254,4077,0.5778758891341673,False,8.313116702819253,0.5926402813753671,2016,-0.0282653100921382,-0.0142649903288201,0.5090316106372303
KwaZulu-Natal,Ward 52601001,KZN261,5005,0.635964035964036,False,8.518192691749322,0.5993040237862965,2016,-0.0070361866044038,0.1139550411751613,0.6504088785046729
KwaZulu-Natal,Ward 52601002,KZN261,5000,0.571,False,8.517193191416238,0.6085846003525874,2016,-0.0036175068974166,0.2540757461750689,0.5607968857339134
KwaZulu-Natal,Ward 52601003,KZN261,5292,0.6158352229780801,False,8.573951525234847,0.6021795684985759,2016,0.0036687341840566,0.1295624332977587,0.5384250474383302
KwaZulu-Natal,Ward 52601004,KZN261,5451,0.6301596037424326,False,8.603554357064281,0.6001332283893827,2016,0.0051324946554667,0.1821730644111905,0.5293701344656758
KwaZulu-Natal,Ward 52601005,KZN261,4160,0.588701923076923,False,8.333270353255308,0.6060557541987412,2016,-0.0488044904684848,0.0672139558748075,0.5891834570519618
KwaZulu-Natal,Ward 52601006,KZN261,4211,0.5799097601519829,False,8.345455428161928,0.6073117774737327,2016,-0.0296440155917241,0.2045194508009153,0.5767158585148747
KwaZulu-Natal,Ward 52601007,KZN261,3840,0.58828125,False,8.253227645581772,0.6061158503525874,2016,-0.0363254208621774,0.2083071113908119,0.5265853658536586
KwaZulu-Natal,Ward 52601008,KZN261,4821,0.6212404065546567,False,8.480736654405622,0.6014073994162078,2016,-0.0277662159618995,0.2279673968415689,0.6093139988845511
KwaZulu-Natal,Ward 52602001,KZN262,3632,0.6437224669603524,False,8.197538739721184,0.5834377168045839,2016,0.000515945221222,-0.0130434782608696,0.5582635186595583
KwaZulu-Natal,Ward 52602002,KZN262,4112,0.5690661478599222,False,8.321664807135,0.5891805105815401,2016,-0.0451631011519355,0.0835309617918313,0.522722029988466
KwaZulu-Natal,Ward 52602003,KZN262,4035,0.5789343246592317,False,8.302761580704049,0.5884214200585163,2016,-0.0799849083448357,0.172283556072051,0.5682492581602374
KwaZulu-Natal,Ward 52602004,KZN262,4429,0.6326484533754798,False,8.395929103923198,0.5842895640034202,2016,-0.0233515466245202,0.1810666666666667,0.5333465660976578
KwaZulu-Natal,Ward 52602005,KZN262,3339,0.564240790655885,False,8.113426639943654,0.5895516919049275,2016,-0.056926897960484,-0.1098373766995467,0.5401617250673855
KwaZulu-Natal,Ward 52602006,KZN262,4389,0.6545910230120756,False,8.386856689688234,0.5826016740313744,2016,0.003848232449885,0.2784736382173027,0.6355507088331516
KwaZulu-Natal,Ward 52602007,KZN262,3890,0.4681233933161953,False,8.266164436612492,0.5969453378541345,2016,-0.1015564560246709,-0.0842749529190207,0.4998876151944257
KwaZulu-Natal,Ward 52602008,KZN262,3706,0.6308688613059903,False,8.217708406845306,0.5844264557010732,2016,0.0246701375138298,0.126101488909146,0.538365408647838
KwaZulu-Natal,Ward 52602009,KZN262,4758,0.5519125683060109,False,8.467582690862903,0.5905000167010717,2016,-0.0648599856965304,0.209148665819568,0.5076530612244898
KwaZulu-Natal,Ward 52602010,KZN262,4704,0.5809948979591837,False,8.456168489578463,0.5882629144200584,2016,-0.0748981084492866,0.3106714962385066,0.5591489361702128
KwaZulu-Natal,Ward 52602011,KZN262,4028,0.5980635551142006,False,8.301025253838453,0.5869499407927494,2016,0.0278200442766304,0.0778699491570777,0.5901972747610331
KwaZulu-Natal,Ward 52602012,KZN262,3814,0.5471945464079706,False,8.246433786160365,0.5908629414624594,2016,-0.0387943922277944,0.0044772188569923,0.5163265306122449
KwaZulu-Natal,Ward 52602013,KZN262,3948,0.6339918946301925,False,8.280964400553373,0.5841862223684424,2016,-0.0174603875274839,0.1701244813278009,0.4943554738776581
KwaZulu-Natal,Ward 52602014,KZN262,3909,0.5740598618572524,False,8.271036865792954,0.5887963787355915,2016,0.0309088332571521,-0.0193176116407426,0.5073564309444708
KwaZulu-Natal,Ward 52603001,KZN263,4816,0.5404900332225914,False,8.479698986988657,0.5606266132427111,2016,-0.1192248559009566,0.2713833157338965,0.4698284988354859
KwaZulu-Natal,Ward 52603002,KZN263,4650,0.5744086021505377,False,8.444622498581403,0.5590114432937613,2016,-0.0066530908193331,0.1119081779053083,0.4690841469084147
KwaZulu-Natal,Ward 52603003,KZN263,4590,0.5727668845315904,False,8.431635303054591,0.559089620323235,2016,-0.0494662684443072,0.1288735858337433,0.4778240627297231
KwaZulu-Natal,Ward 52603004,KZN263,4499,0.6459213158479662,False,8.411610428841172,0.555606075974836,2016,0.0325593625343091,0.2071371075932384,0.5293151969981238
KwaZulu-Natal,Ward 52603005,KZN263,5213,0.6146173028966047,False,8.558910784768106,0.5570967432582342,2016,0.0105753867289399,0.3006487025948103,0.4391951006124234
KwaZulu-Natal,Ward 52603006,KZN263,5151,0.5659095321296835,False,8.546946149565585,0.5594161609138019,2016,-0.0594000270580331,0.2756315007429419,0.5402083889927866
KwaZulu-Natal,Ward 52603007,KZN263,4766,0.5818296265211917,False,8.469262657658687,0.5586580611808729,2016,-0.0370939845899194,0.0342881944444444,0.4539170506912442
KwaZulu-Natal,Ward 52603008,KZN263,5082,0.5432900432900433,False,8.53346016388011,0.5604932794299753,2016,0.0260934177222301,0.6489292667099287,0.4441391941391941
KwaZulu-Natal,Ward 52603009,KZN263,4367,0.5555301122051752,False,8.381831553485561,0.5599104190054451,2016,-0.0155803804193724,0.2154188700250487,0.4749346638156331
KwaZulu-Natal,Ward 52603010,KZN263,4084,0.5164054848188051,False,8.314832179284556,0.5617734965000343,2016,-0.0198462251675149,0.3967168262653899,0.4057206331574562
KwaZulu-Natal,Ward 52603011,KZN263,3176,0.473551637279597,False,8.063377822367027,0.5638141559066632,2016,-0.0659343440288142,-0.2579439252336448,0.4242424242424242
KwaZulu-Natal,Ward 52603012,KZN263,4077,0.5764042187883247,False,8.313116702819253,0.5589164139300571,2016,-0.0041126798200251,0.1579096847486509,0.5439401255432158
KwaZulu-Natal,Ward 52603013,KZN263,4552,0.546572934973638,False,8.423321975806166,0.560336951254566,2016,-0.0744162085728035,0.0981905910735825,0.4282982791586998
KwaZulu-Natal,Ward 52603014,KZN263,4510,0.5798226164079823,False,8.414052432496725,0.5587536330910258,2016,-0.0771679049190319,0.3359004739336493,0.5167846540306006
KwaZulu-Natal,Ward 52603015,KZN263,4400,0.5509090909090909,False,8.389359819906353,0.5601304676385921,2016,-0.0855618444700769,0.2983180879315432,0.5034780522907172
KwaZulu-Natal,Ward 52603016,KZN263,3941,0.5501141842172037,False,8.279189777195004,0.5601683203382057,2016,-0.0134092488714467,0.1126482213438735,0.4414154652686762
KwaZulu-Natal,Ward 52603017,KZN263,4847,0.5966577264287188,False,8.486115235845377,0.5579519611852765,2016,-0.0560113127171886,0.1499406880189797,0.5225609756097561
KwaZulu-Natal,Ward 52603018,KZN263,3952,0.5680668016194332,False,8.281977058867758,0.5593134337952423,2016,-0.0603093780095937,0.2860397006182884,0.4686883629191321
KwaZulu-Natal,Ward 52603019,KZN263,4087,0.57058967457793,False,8.315566483564277,0.5591932969876949,2016,-0.0422533843082943,0.0889954702904343,0.4938398357289528
KwaZulu-Natal,Ward 52603020,KZN263,4772,0.5027242246437552,False,8.470520783217808,0.5624249850797985,2016,-0.0626845803876913,0.0004192872117401,0.3662222222222222
KwaZulu-Natal,Ward 52603021,KZN263,3982,0.5590155700652938,False,8.289539484624141,0.55974444482163,2016,-0.0900262216687168,-0.0805818517663357,0.5236309077269318
KwaZulu-Natal,Ward 52603022,KZN263,4367,0.5280512937943669,False,8.381831553485561,0.5612189341678646,2016,-0.1082390287862782,0.1739247311827956,0.4449464922711058
KwaZulu-Natal,Ward 52605001,KZN265,4779,0.5566017995396526,False,8.471986598578159,0.5769571380785199,2016,-0.0748889877300291,0.1435750179468773,0.5463447961739922
KwaZulu-Natal,Ward 52605002,KZN265,4593,0.6200740256912693,False,8.432288684325794,0.5737835267709391,2016,-0.0321647802788799,0.1425373134328358,0.5485001094810598
KwaZulu-Natal,Ward 52605003,KZN265,5015,0.6053838484546361,False,8.520188700396035,0.5745180356327707,2016,-0.041112966831988,0.1408098271155595,0.5827522082752208
KwaZulu-Natal,Ward 52605004,KZN265,5538,0.5752979414951246,False,8.619388703730907,0.5760223309807463,2016,-0.0802599576822641,0.168107994094073,0.5192761605035405
KwaZulu-Natal,Ward 52605005,KZN265,4719,0.5605001059546514,False,8.459352191726387,0.57676222275777,2016,-0.0660462857979259,0.2162371134020617,0.5590062111801242
KwaZulu-Natal,Ward 52605006,KZN265,4492,0.565227070347284,False,8.410053315858335,0.5765258745381383,2016,-0.0242846837214321,0.353827606992164,0.4679196370706416
KwaZulu-Natal,Ward 52605007,KZN265,4130,0.6046004842615013,False,8.326032685955079,0.5745572038424275,2016,-0.0334642043244383,0.1039828922747927,0.5375843611822202
KwaZulu-Natal,Ward 52605008,KZN265,4487,0.5823490082460441,False,8.408939605975984,0.5756697776432003,2016,-0.0748085348020155,0.1531739912618863,0.4989770402364173
KwaZulu-Natal,Ward 52605009,KZN265,5211,0.5129533678756477,False,8.558527054909215,0.5791395596617201,2016,-0.1275200049054173,0.2333727810650887,0.4013333333333333
KwaZulu-Natal,Ward 52605010,KZN265,4003,0.6245316012990257,False,8.294799358992574,0.5735606479905513,2016,-0.0731130479585266,0.0248335893497184,0.5674994269997709
KwaZulu-Natal,Ward 52605011,KZN265,4835,0.6045501551189245,False,8.483636407887394,0.5745597202995564,2016,-0.0846256144937864,0.2003475670307846,0.5294767056745419
KwaZulu-Natal,Ward 52605012,KZN265,4574,0.6031919545255794,False,8.428143374582726,0.5746276303292236,2016,-0.07059795278647,0.1776519052523171,0.5485956308515382
KwaZulu-Natal,Ward 52605013,KZN265,4196,0.5841277407054337,False,8.341886969516187,0.5755808410202309,2016,-0.0938192418100767,0.1833051325437111,0.5034449988120694
KwaZulu-Natal,Ward 52605014,KZN265,4892,0.6112019623875715,False,8.495356496807062,0.5742271299361239,2016,-0.0548871465233196,0.2108910891089108,0.5696428571428571
KwaZulu-Natal,Ward 52605015,KZN265,4397,0.6217875824425745,False,8.388677769180811,0.5736978489333738,2016,-0.0513884414250686,0.1925684838622186,0.5097499426473961
KwaZulu-Natal,Ward 52605016,KZN265,4686,0.5309432351685873,False,8.452334619067742,0.5782400662970731,2016,-0.1106320390088803,0.1679960119641077,0.5250487963565387
KwaZulu-Natal,Ward 52605017,KZN265,4403,0.598001362707245,False,8.390041405755754,0.5748871599201403,2016,-0.0685771671711261,0.1641988365943945,0.5236312587739822
KwaZulu-Natal,Ward 52605018,KZN265,5301,0.6076212035465006,False,8.575650760987806,0.5744061678781776,2016,-0.0566857158414875,0.2105503539620918,0.5390957446808511
KwaZulu-Natal,Ward 52605019,KZN265,3115,0.3682182985553772,False,8.043984431221553,0.5863763131277338,2016,-0.0816834696175108,0.0199738048461035,0.2694571615434925
KwaZulu-Natal,Ward 52605020,KZN265,4347,0.5555555555555556,False,8.377241230988792,0.5770094502777248,2016,-0.0657259089753369,0.2434210526315789,0.4967507148427346
KwaZulu-Natal,Ward 52605021,KZN265,4494,0.6030262572318648,False,8.410498452745275,0.5746359151939093,2016,-0.0417302411248726,0.3426949507021213,0.5149857799168672
KwaZulu-Natal,Ward 52606001,KZN266,3910,0.5910485933503836,False,8.271292652979412,0.5902207231898113,2016,-0.0207633332551209,0.1209862385321101,0.4798622151563328
KwaZulu-Natal,Ward 52606002,KZN266,4217,0.6208204884989329,False,8.34687925374656,0.5889262929659613,2016,-0.0628414833320529,0.187887323943662,0.5639754485363551
KwaZulu-Natal,Ward 52606003,KZN266,3498,0.5717552887364208,False,8.159946655578548,0.5910595625208531,2016,-0.0824261771983547,0.1294801420729738,0.5410263844592635
KwaZulu-Natal,Ward 52606004,KZN266,4303,0.6093423193121078,False,8.3670677328386,0.5894253438001711,2016,-0.0418499688664817,0.0915778792491122,0.5014485755673588
KwaZulu-Natal,Ward 52606005,KZN266,3977,0.639426703545386,False,8.28828304520769,0.5881173270943764,2016,-0.0503432722415388,0.2036924939467312,0.5764494612621858
KwaZulu-Natal,Ward 52606006,KZN266,4088,0.5885518590998043,False,8.31581113188354,0.59032927685288,2016,-0.0496670648334053,0.0834879406307977,0.4296875
KwaZulu-Natal,Ward 52606007,KZN266,3723,0.6107977437550363,False,8.222285073872717,0.5893620644765655,2016,-0.0509959025761417,0.0466685409052571,0.492987012987013
KwaZulu-Natal,Ward 52606008,KZN266,3909,0.5771297006907138,False,8.271036865792954,0.5908258924358839,2016,-0.0746307721954336,0.0046260601387817,0.5445310654382235
KwaZulu-Natal,Ward 52606009,KZN266,4417,0.6255376952682816,False,8.393216011596527,0.5887211970194679,2016,-0.0157818462469545,0.2348336594911937,0.5205957644868513
KwaZulu-Natal,Ward 52606010,KZN266,4095,0.5726495726495726,False,8.31752199628717,0.5910206806115856,2016,-0.0883294483294483,0.1454545454545455,0.5180897250361794
KwaZulu-Natal,Ward 52606011,KZN266,3900,0.561025641025641,False,8.268731832117737,0.5915260689430609,2016,-0.1022045995241871,0.0309278350515462,0.44313832695462
KwaZulu-Natal,Ward 52606012,KZN266,3783,0.5527359238699445,False,8.23827262463303,0.5918864914280912,2016,0.0076069840418643,0.3549426934097421,0.4650941148439361
KwaZulu-Natal,Ward 52606013,KZN266,4332,0.5877192982456141,False,8.37378460812088,0.5903654751508881,2016,-0.0658469317398299,0.2611353711790394,0.4823882088433674
KwaZulu-Natal,Ward 52606014,KZN266,4317,0.6152420662497105,False,8.370315995555478,0.5891688330637536,2016,-0.0973671040559663,0.1782205240174672,0.5836584806059215
KwaZulu-Natal,Ward 52606015,KZN266,4643,0.6601335343527891,False,8.443115988019922,0.5872170301027502,2016,-0.0532373672865551,0.1892930327868851,0.5543046357615894
KwaZulu-Natal,Ward 52606016,KZN266,3699,0.5912408759124088,False,8.215817791832453,0.5902123630784188,2016,-0.0398329093305426,0.1094781043791242,0.5073509015256588
KwaZulu-Natal,Ward 52606017,KZN266,4297,0.603444263439609,False,8.365672383774996,0.5896817810120188,2016,-0.0464650394886108,0.1135009069707178,0.5220921901122522
KwaZulu-Natal,Ward 52606018,KZN266,3756,0.5713525026624068,False,8.231109840328154,0.5910770749588538,2016,-0.0177713644070796,0.1347432024169184,0.4510060099294486
KwaZulu-Natal,Ward 52606019,KZN266,3488,0.529243119266055,False,8.15708378502887,0.5929079177152168,2016,-0.0916825652189514,0.1368970013037809,0.4180158963791581
KwaZulu-Natal,Ward 52606020,KZN266,3929,0.5657928226011708,False,8.27614021955846,0.5913188001789075,2016,-0.1141855907825313,0.0601726929303831,0.4929068867681196
KwaZulu-Natal,Ward 52606021,KZN266,4311,0.6051960102064486,False,8.368925174747135,0.5896056181091128,2016,-0.025238772402247,0.3016304347826086,0.5298813868613139
KwaZulu-Natal,Ward 52606022,KZN266,3747,0.559113957832933,False,8.228710798793687,0.5916091856036134,2016,-0.0320231659128863,0.044314381270903,0.44248486443801
KwaZulu-Natal,Ward 52606023,KZN266,3724,0.5542427497314716,False,8.222553638396958,0.5918209772601987,2016,-0.0907802211720506,0.1405819295558958,0.4703459637561779
KwaZulu-Natal,Ward 52606024,KZN266,3485,0.6025824964131994,False,8.156223323194624,0.5897192491436019,2016,-0.1029013745545425,0.1241935483870968,0.5502661147250147
KwaZulu-Natal,Ward 52701001,KZN271,4045,0.5436341161928306,False,8.305236829492593,0.6456044587669945,2016,0.0490104602788521,0.3592069892473117,0.5145118733509235
KwaZulu-Natal,Ward 52701002,KZN271,4510,0.7181818181818181,False,8.414052432496725,0.6346952273926827,2016,0.0475260020018277,0.0794638583054092,0.6546329723225031
KwaZulu-Natal,Ward 52701003,KZN271,5234,0.6448223156285824,False,8.562931083090092,0.63928019630226,2016,-0.1078705839097776,0.1505825456144207,0.5514619883040935
KwaZulu-Natal,Ward 52701004,KZN271,4365,0.6215349369988545,False,8.381373468273702,0.640735657466618,2016,0.0448978537654652,0.0470136723434877,0.548488352882868
KwaZulu-Natal,Ward 52701005,KZN271,4814,0.6063564603240549,False,8.479283618343016,0.641684312258793,2016,-0.0034420972486882,0.1972146232280527,0.4766917293233083
KwaZulu-Natal,Ward 52701006,KZN271,4408,0.6737749546279492,False,8.391176350832751,0.6374706563647995,2016,0.0102999429511626,0.0294255021018214,0.6125032972830388
KwaZulu-Natal,Ward 52701007,KZN271,4086,0.698237885462555,False,8.315321775377567,0.6359417231876366,2016,0.0589973791334411,0.1754890678941312,0.6015240904621436
KwaZulu-Natal,Ward 52701008,KZN271,4257,0.6542165844491425,False,8.356319965828153,0.6386930545009749,2016,0.0194168793618975,0.0462029982796756,0.6253557567917206
KwaZulu-Natal,Ward 52701009,KZN271,3670,0.679291553133515,False,8.207946941048617,0.6371258689582017,2016,0.0687281728518248,-0.1384976525821596,0.6531909483854564
KwaZulu-Natal,Ward 52701010,KZN271,3879,0.6047950502706884,False,8.263332667439967,0.6417819003871283,2016,0.0368975830750826,0.1837046078730546,0.5815407703851926
KwaZulu-Natal,Ward 52701011,KZN271,4444,0.5816831683168316,False,8.39931015075952,0.6432263930092443,2016,0.0337188626838144,0.2392638036809815,0.503957783641161
KwaZulu-Natal,Ward 52701012,KZN271,4324,0.6304347826086957,False,8.371936178759098,0.6401794171160029,2016,0.0539641943734016,0.2407460545193687,0.5761830473218928
KwaZulu-Natal,Ward 52701013,KZN271,3922,0.6550229474757777,False,8.274357006756292,0.6386426568118102,2016,-0.0114520381481441,0.127659574468085,0.5897656417974629
KwaZulu-Natal,Ward 52701014,KZN271,5537,0.6610077659382337,False,8.619208116822968,0.6382686056579068,2016,0.0143872230962965,0.4733901011176158,0.6164654226125137
KwaZulu-Natal,Ward 52701015,KZN271,4342,0.6204514048825426,False,8.376090350438238,0.6408033782238874,2016,-0.0289023528962989,0.0392532312111058,0.544952285283777
KwaZulu-Natal,Ward 52701016,KZN271,4772,0.6395641240569991,False,8.470520783217808,0.6396088332754839,2016,-0.0270164544553975,0.2324380165289257,0.6190853819719799
KwaZulu-Natal,Ward 52701017,KZN271,4601,0.6402955879156705,False,8.434028950155469,0.639563116784317,2016,0.0068567693502696,0.21334388185654,0.5415793151642209
KwaZulu-Natal,Ward 52702001,KZN272,3915,0.6337164750957854,False,8.272570608424903,0.6440746668013124,2016,0.0442891623204549,0.1497797356828194,0.5927835051546392
KwaZulu-Natal,Ward 52702002,KZN272,3882,0.6105100463678517,False,8.264105763728956,0.6452960577869932,2016,0.0166742209177448,0.1846200793408605,0.5917653390742734
KwaZulu-Natal,Ward 52702003,KZN272,4971,0.7075035204184269,False,8.511376306094673,0.6401911381001207,2016,0.0375116088519669,0.3402534375842545,0.665407358738502
KwaZulu-Natal,Ward 52702004,KZN272,4356,0.71900826446281,False,8.37930948405285,0.6395856252556795,2016,0.0924764017177118,0.3345588235294117,0.6551562132957481
KwaZulu-Natal,Ward 52702005,KZN272,5395,0.6363299351251158,False,8.593227877692234,0.643937116273453,2016,-0.0222311077427708,0.3524692905490099,0.563922942206655
KwaZulu-Natal,Ward 52702006,KZN272,4512,0.6409574468085106,False,8.414495793177895,0.6436935630269585,2016,-0.0049216740706102,0.2395604395604396,0.6297881010594947
KwaZulu-Natal,Ward 52702007,KZN272,5481,0.5949644225506294,False,8.609042845046117,0.6461142485142153,2016,-0.0245384455182042,0.3099904397705544,0.5699252284685683
KwaZulu-Natal,Ward 52702008,KZN272,5506,0.691609153650563,False,8.613593685702552,0.641027683719482,2016,0.0327282501598031,0.4132443531827514,0.6039563988696003
KwaZulu-Natal,Ward 52702009,KZN272,4798,0.6215089620675281,False,8.47595444339964,0.6447171674870101,2016,0.0091427313897636,0.1410225921521997,0.5832113225963885
KwaZulu-Natal,Ward 52702010,KZN272,5271,0.6465566306203756,False,8.569975376855206,0.6433988691421234,2016,-0.0325171629308037,0.1406621943302315,0.60406852248394
KwaZulu-Natal,Ward 52702011,KZN272,4126,0.612457586039748,False,8.325063693631197,0.6451935556989986,2016,0.0159954522641814,0.1404090657822001,0.5715990453460621
KwaZulu-Natal,Ward 52702012,KZN272,5586,0.7044396706050842,False,8.628018746505122,0.6403523933534546,2016,0.0203407306757555,0.3159010600706713,0.6298997265268915
KwaZulu-Natal,Ward 52702013,KZN272,5238,0.6506300114547537,False,8.563695025067657,0.6431844806771562,2016,0.017659176061773,0.2946119624320316,0.6120106579217053
KwaZulu-Natal,Ward 52702014,KZN272,4722,0.621135112240576,False,8.459987717645458,0.6447368437936918,2016,-0.0092387195351248,0.1032710280373832,0.5276162790697675
KwaZulu-Natal,Ward 52702015,KZN272,4490,0.6238307349665925,False,8.4096079807363,0.6445949689133752,2016,-0.0422750342641767,0.0793269230769231,0.5796595373199476
KwaZulu-Natal,Ward 52702016,KZN272,5213,0.6483790523690773,False,8.558910784768106,0.6433029522079813,2016,0.001806156633422,0.1638758651484706,0.7171814671814671
KwaZulu-Natal,Ward 52702017,KZN272,4728,0.618020304568528,False,8.461257559085935,0.6449007810395891,2016,-0.0317503376333069,0.0844036697247705,0.5989492119089317
KwaZulu-Natal,Ward 52702018,KZN272,4213,0.6290054592926656,False,8.345930261979017,0.6443226150014766,2016,-0.0055706387665784,0.0758426966292133,0.5908781484002723
KwaZulu-Natal,Ward 52702019,KZN272,4677,0.6750053453068207,False,8.450412157725886,0.6419015683691527,2016,0.2004996221018258,0.2167013527575443,0.5722555302873682
KwaZulu-Natal,Ward 52702020,KZN272,4365,0.5855670103092784,False,8.381373468273702,0.646608849158497,2016,-0.0199261232737428,0.0898876404494382,0.5337589000736558
KwaZulu-Natal,Ward 52705001,KZN275,3725,0.5022818791946309,False,8.22282213081366,0.6299902689933999,2016,-0.015090679770624,-0.0552878518894243,0.5989110707803993
KwaZulu-Natal,Ward 52705002,KZN275,3799,0.5490918662806001,False,8.242493153187626,0.6273897141552907,2016,-0.0282145482351167,-0.0291336570406337,0.6425627575871112
KwaZulu-Natal,Ward 52705003,KZN275,4832,0.5600165562913907,False,8.48301573961465,0.6267827869324689,2016,-0.031317123002849,0.2537623248572911,0.548026048026048
KwaZulu-Natal,Ward 52705004,KZN275,3897,0.6561457531434437,False,8.26796230533871,0.6214422759962438,2016,0.1008178842909847,-0.2014344262295082,0.4028169014084507
KwaZulu-Natal,Ward 52705005,KZN275,5699,0.5183365502719776,False,8.648045999835,0.6290983428224364,2016,0.0864389949751207,0.6586146682188592,0.5214747989801922
KwaZulu-Natal,Ward 52705006,KZN275,4790,0.607098121085595,False,8.474285690404962,0.624167144443902,2016,0.0013964547535332,-0.038345713712106,0.4375324002073613
KwaZulu-Natal,Ward 52705007,KZN275,4173,0.6690630242032111,False,8.336390480591552,0.6207246498262566,2016,0.0300651370918316,0.259583459100513,0.4557965943550268
KwaZulu-Natal,Ward 52705008,KZN275,5179,0.6503185943232285,False,8.552367266423891,0.6217660070418112,2016,-0.0082728142681801,0.2934565434565435,0.6016491327836224
KwaZulu-Natal,Ward 52705009,KZN275,3359,0.6757963679666568,False,8.119398589612294,0.620350575172732,2016,0.0327937494039567,-0.0226942100669188,0.572952121624688
KwaZulu-Natal,Ward 52705010,KZN275,4586,0.6173135630178805,False,8.43076346341785,0.6235996198921083,2016,0.0204873790357332,0.137118770146293,0.6216216216216216
KwaZulu-Natal,Ward 52705011,KZN275,5226,0.6909682357443552,False,8.561401446080557,0.6195076936295264,2016,0.0746365774528978,0.3130653266331658,0.5561064718162839
KwaZulu-Natal,Ward 52705012,KZN275,5080,0.6618110236220472,False,8.533066540572527,0.6211275387474324,2016,0.0244920138135465,0.1863615133115366,0.5933640106563333
KwaZulu-Natal,Ward 52705013,KZN275,4681,0.6346934415723136,False,8.45126704130007,0.6226340710835288,2016,0.0188303000482078,1.4266459305339554,0.5849095822074413
KwaZulu-Natal,Ward 52705014,KZN275,4103,0.6236899829393127,False,8.319473692442186,0.6232453743409176,2016,0.0313864307326388,0.1041442411194832,0.5783184879426461
KwaZulu-Natal,Ward 52705015,KZN275,4573,0.6564618412420731,False,8.427924723658055,0.6214247155463198,2016,0.0899831949890512,0.2283105022831051,0.609603789836348
KwaZulu-Natal,Ward 52705016,KZN275,4370,0.6540045766590389,False,8.382518288089635,0.6215612302453773,2016,0.0019296778736137,0.1057692307692308,0.5845659163987138
KwaZulu-Natal,Ward 52705017,KZN275,3949,0.6128133704735376,False,8.28121766128665,0.6238496305890163,2016,0.0074515947456621,0.1383684058806573,0.6560898218208445
KwaZulu-Natal,Ward 52705018,KZN275,4898,0.6472029399755002,False,8.496582237512113,0.6219390989500184,2016,0.050941711521992,0.1891235736829326,0.6339054784857747
KwaZulu-Natal,Ward 52705019,KZN275,5171,0.6549990330690388,False,8.550821372396221,0.621505982667044,2016,0.0154350993874581,0.1744265273677039,0.6082832022211939
KwaZulu-Natal,Ward 52801001,KZN281,3567,0.6590972806279787,False,8.17948018535889,0.6546694896430229,2016,-0.0581848464030405,0.0537666174298374,0.6071820175438597
KwaZulu-Natal,Ward 52801002,KZN281,4600,0.5758695652173913,False,8.433811582477187,0.6606143264580647,2016,0.007687747035573,0.3755980861244019,0.4760950472373318
KwaZulu-Natal,Ward 52801003,KZN281,3720,0.6741935483870968,False,8.221478947267192,0.6535911848030859,2016,-0.0788428888598667,0.1585175957645592,0.5881722734090422
KwaZulu-Natal,Ward 52801004,KZN281,4652,0.6947549441100602,False,8.445052513638554,0.652122513680017,2016,-0.0110075704417441,0.3538998835855647,0.6179367547952307
KwaZulu-Natal,Ward 52801005,KZN281,5077,0.6878077604884775,False,8.532475814947395,0.6526187410815586,2016,-0.1201694474887304,0.4464387464387465,0.5589815463676711
KwaZulu-Natal,Ward 52801006,KZN281,4448,0.6117356115107914,False,8.400209835930418,0.6580524660085362,2016,-0.0289988196836057,-0.1580541359076283,0.4712134632418069
KwaZulu-Natal,Ward 52801007,KZN281,4362,0.6806510774873911,False,8.380685946761574,0.6531299327244933,2016,-0.0234415450220327,0.1744749596122778,0.5304781327894856
KwaZulu-Natal,Ward 52801008,KZN281,4776,0.7049832495812395,False,8.471358655072438,0.6513919204320756,2016,-0.0015719637931556,0.0505939287285526,0.562699102229945
KwaZulu-Natal,Ward 52801009,KZN281,4822,0.6582330982994608,False,8.480944058741116,0.6547312169522027,2016,-0.0717995967028746,0.1261092947220925,0.5854680950163018
KwaZulu-Natal,Ward 52801010,KZN281,4069,0.625460801179651,False,8.31115254800169,0.6570720953179033,2016,0.0122811321489181,0.2024231678486998,0.5138084632516704
KwaZulu-Natal,Ward 52801011,KZN281,4532,0.6449691085613416,False,8.418918622147897,0.6556786447906398,2016,-0.022275258856336,0.1220599158207476,0.5749626786095117
KwaZulu-Natal,Ward 52801012,KZN281,4654,0.7062741727546197,False,8.445482343862237,0.651299711633977,2016,-0.0020690647067542,0.106251485619206,0.5388036468756949
KwaZulu-Natal,Ward 52801013,KZN281,4026,0.6537506209637357,False,8.300528606199737,0.6550513939047544,2016,0.0008961089932015,0.2357274401473297,0.5007700205338809
KwaZulu-Natal,Ward 52801014,KZN281,4273,0.6545752398783057,False,8.360071435644025,0.6549924925537137,2016,0.0178486929721181,-0.1471057884231537,0.4712452471482889
KwaZulu-Natal,Ward 52801015,KZN281,4489,0.5921140565827578,False,8.409385238781931,0.6594540056462528,2016,-0.075361671572582,-0.0094880847308032,0.5181553140736814
KwaZulu-Natal,Ward 52802001,KZN282,5369,0.6366176196684671,False,8.58839695042257,0.59413480623981,2016,0.0662451431259593,-0.2367074210975263,0.490983026874116
KwaZulu-Natal,Ward 52802002,KZN282,5970,0.5914572864321608,False,8.694502206386648,0.5956920591100274,2016,0.0698595158794436,0.3864375290292614,0.500458435207824
KwaZulu-Natal,Ward 52802003,KZN282,6606,0.5970330003027551,False,8.795733605950735,0.5954997931144896,2016,0.065303332490613,0.51340206185567,0.4942875277689622
KwaZulu-Natal,Ward 52802004,KZN282,6731,0.6348239488931808,False,8.814479000010714,0.594196656956199,2016,0.0434832728582397,0.2781997721230536,0.4523265772195261
KwaZulu-Natal,Ward 52802005,KZN282,5756,0.6626129256428075,False,8.657998068007258,0.5932384163786257,2016,0.0546113489774546,0.1344107213243988,0.4900019043991621
KwaZulu-Natal,Ward 52802006,KZN282,5529,0.6077048290830168,False,8.617762246337932,0.5951317990186186,2016,-0.0042685633781804,0.1144930457569037,0.5170025188916877
KwaZulu-Natal,Ward 52802007,KZN282,4498,0.5404624277456648,False,8.411388132519262,0.59745050251301,2016,0.0470807027243155,-0.0397096498719043,0.4387672343876723
KwaZulu-Natal,Ward 52802008,KZN282,4274,0.5570893776321947,False,8.360305435879093,0.5968771594134745,2016,-0.0153759841448011,-0.0600395865405761,0.4046327212020033
KwaZulu-Natal,Ward 52802009,KZN282,6175,0.6037246963562753,False,8.728264161496178,0.5952690449747131,2016,0.0259342851377799,0.170172446465795,0.4156274873971876
KwaZulu-Natal,Ward 52802010,KZN282,5657,0.6252430616934771,False,8.640648995343156,0.5945270323768785,2016,0.0402298260999116,0.1519038892282631,0.4600781686208822
KwaZulu-Natal,Ward 52802011,KZN282,4955,0.6468213925327951,False,8.508152446764088,0.5937829520031089,2016,-0.0093396930439174,0.084482381265047,0.5250351900261412
KwaZulu-Natal,Ward 52802012,KZN282,6584,0.5999392466585662,False,8.792397742356906,0.5953995777229101,2016,-0.0028196148745226,0.1496420464466561,0.423348300192431
KwaZulu-Natal,Ward 52802013,KZN282,6588,0.6863995142683668,False,8.79300509129753,0.592418189184641,2016,-0.0600421286759195,0.3395689304595364,0.5126175899656563
KwaZulu-Natal,Ward 52802014,KZN282,6334,0.6053047047679192,False,8.753687227098585,0.5952145619260357,2016,-0.0136557637533106,0.1592240117130308,0.4268604279782817
KwaZulu-Natal,Ward 52802015,KZN282,6376,0.6281367628607277,False,8.760296220470051,0.5944272495780079,2016,0.0096650751202109,0.1684075499358621,0.4466004583651642
KwaZulu-Natal,Ward 52802016,KZN282,5474,0.5575447570332481,False,8.607764889600624,0.5968614566755072,2016,-0.0065387004928323,0.0197466467958271,0.371931908155186
KwaZulu-Natal,Ward 52802017,KZN282,5021,0.578370842461661,False,8.521384396034705,0.5961433157986653,2016,0.0241808983275828,0.1220111731843576,0.3605114231817229
KwaZulu-Natal,Ward 52802018,KZN282,5148,0.703962703962704,False,8.546363568716018,0.5918125619538017,2016,-0.0243404596305966,-0.1290813737100321,0.5299034175334324
KwaZulu-Natal,Ward 52802019,KZN282,6111,0.5928653248240877,False,8.717845704894916,0.5956435060620299,2016,-0.0106612114887614,0.0668645251396649,0.3760180211401837
KwaZulu-Natal,Ward 52802020,KZN282,5771,0.582568012476174,False,8.660600654710967,0.5959985857981649,2016,-0.0253833955856703,0.0622124056690593,0.3801235261089276
KwaZulu-Natal,Ward 52802021,KZN282,6110,0.5690671031096562,False,8.71768205216564,0.5964641343970103,2016,0.017882153195168,0.4927925726850721,0.3553618134263295
KwaZulu-Natal,Ward 52802022,KZN282,6121,0.6157490606110113,False,8.71948076085107,0.5948544117245498,2016,0.0778152430161768,0.2350686037126714,0.4755060134936931
KwaZulu-Natal,Ward 52802023,KZN282,5290,0.5916824196597353,False,8.573573524852344,0.5956842958952834,2016,0.0837218434656489,0.0026535253980288,0.4321372854914196
KwaZulu-Natal,Ward 52802024,KZN282,6069,0.5704399406821552,False,8.710949125835855,0.5964167951703724,2016,0.0365816729656197,-0.1311381531853972,0.4106110652353427
KwaZulu-Natal,Ward 52802025,KZN282,5160,0.5746124031007752,False,8.548691858475609,0.5962729171559372,2016,-0.077849718111346,0.2215909090909091,0.4086790653314258
KwaZulu-Natal,Ward 52802026,KZN282,6067,0.5818361628481952,False,8.710619527942297,0.5960238219922331,2016,0.0325430791645879,0.1591517004203286,0.454453781512605
KwaZulu-Natal,Ward 52802027,KZN282,6072,0.5706521739130435,False,8.711443319075466,0.5964094767831004,2016,0.0396580218662598,0.183625730994152,0.3965811965811965
KwaZulu-Natal,Ward 52802028,KZN282,6091,0.5092759809555081,False,8.714567550836485,0.598525897229912,2016,-0.025706351199969,0.4348645465253238,0.3427988437340588
KwaZulu-Natal,Ward 52802029,KZN282,6824,0.6465416178194607,False,8.828201089171515,0.593792599407017,2016,-0.0752671972921591,0.302041595115436,0.4823843416370106
KwaZulu-Natal,Ward 52802030,KZN282,3578,0.397987702627166,False,8.182559264068665,0.6023634240688204,2016,-0.0076411452180407,-0.3706244503078276,0.3456211812627291
KwaZulu-Natal,Ward 52804001,KZN284,3272,0.6170537897310513,False,8.093156697722637,0.6283209450821023,2016,-0.0038632956960843,0.0276381909547738,0.5278522490318737
KwaZulu-Natal,Ward 52804002,KZN284,4349,0.635778339848241,False,8.37770121259764,0.6275719630774148,2016,0.0221952016749388,0.1316679677335415,0.5118506104859948
KwaZulu-Natal,Ward 52804003,KZN284,3744,0.6423611111111112,False,8.227909837597483,0.6273086522269,2016,0.0361623873189507,0.137648131267092,0.5505743905855982
KwaZulu-Natal,Ward 52804004,KZN284,4292,0.6393289841565704,False,8.36450810375059,0.6274299373050816,2016,0.025637052616228,0.1659875033958162,0.5186972255729795
KwaZulu-Natal,Ward 52804005,KZN284,3981,0.6227078623461442,False,8.289288323000317,0.6280947821774986,2016,0.0293272476889338,0.045705279747833,0.5163432073544433
KwaZulu-Natal,Ward 52804006,KZN284,3837,0.6288767266093302,False,8.252446090246952,0.6278480276069712,2016,0.0030378004348335,0.0729865771812081,0.5095490716180371
KwaZulu-Natal,Ward 52804007,KZN284,3692,0.6300108342361863,False,8.213923595622743,0.6278026633018969,2016,0.0319629194180851,0.0919846199349305,0.529989094874591
KwaZulu-Natal,Ward 52804008,KZN284,4785,0.6332288401253918,False,8.473241303887054,0.6276739430663287,2016,-0.0066872364547287,0.2549173878835562,0.4765024853140533
KwaZulu-Natal,Ward 52804009,KZN284,3663,0.6366366366366366,False,8.206037762778815,0.627537631205879,2016,0.0071443377204928,0.044780376497433,0.4550738677645919
KwaZulu-Natal,Ward 52804010,KZN284,4561,0.5978951984213988,False,8.4252971767117,0.6290872887344885,2016,-0.0319011066472889,0.0802936996684036,0.4738580077050082
KwaZulu-Natal,Ward 52804011,KZN284,4612,0.5706851691240243,False,8.436416881388949,0.6301756899063835,2016,0.0454062704769794,0.0947068597199145,0.5035761589403973
KwaZulu-Natal,Ward 52804012,KZN284,3592,0.544543429844098,False,8.18646442942209,0.6312213594775805,2016,-0.0202028703673184,-0.0507399577167019,0.436670687575392
KwaZulu-Natal,Ward 52804013,KZN284,4863,0.5874974295702241,False,8.489410810403786,0.6295031994885355,2016,-0.0325888599791527,0.1656279961649089,0.4394453876627051
KwaZulu-Natal,Ward 52804014,KZN284,4525,0.6448618784530387,False,8.417372856134026,0.6272086215332229,2016,-0.004498542916412,0.1349385502884375,0.5123528053567306
KwaZulu-Natal,Ward 52804015,KZN284,4573,0.6534003936146949,False,8.427924723658055,0.6268670809267567,2016,0.0219577621720634,0.1844081844081844,0.5561002178649237
KwaZulu-Natal,Ward 52804016,KZN284,4575,0.6515846994535519,False,8.428361977709622,0.6269397086932024,2016,0.0218083714013618,0.0659366262814538,0.4952759820984584
KwaZulu-Natal,Ward 52804017,KZN284,4205,0.6206896551724138,False,8.344029572407049,0.6281755104644479,2016,-0.0003393018138105,0.1821759910036546,0.5011230346892938
KwaZulu-Natal,Ward 52804018,KZN284,3477,0.5547886108714409,False,8.153925132007862,0.6308115522364868,2016,0.0222007514465207,0.1108626198083067,0.4480140186915888
KwaZulu-Natal,Ward 52804019,KZN284,3736,0.6442719486081371,False,8.225770799348734,0.627232218727019,2016,0.107416523109877,0.1819044606137299,0.5572115384615385
KwaZulu-Natal,Ward 52804020,KZN284,4692,0.6632566069906224,False,8.453614209773367,0.6264728323917196,2016,-0.0125675688335534,0.1718281718281717,0.4888993859234766
KwaZulu-Natal,Ward 52804021,KZN284,3493,0.6464357286000573,False,8.158516244806831,0.6271456675273421,2016,-0.0266217890588731,-0.1188193743693238,0.4556213017751479
KwaZulu-Natal,Ward 52804022,KZN284,3526,0.6449234259784459,False,8.167919362957816,0.6272061596322066,2016,0.0187369379829126,-0.0156337241764377,0.5571253071253072
KwaZulu-Natal,Ward 52804023,KZN284,3583,0.6469439017583031,False,8.183955717304954,0.6271253406010122,2016,-0.0019449871305857,-0.0632679738562091,0.5610942249240122
KwaZulu-Natal,Ward 52804024,KZN284,3714,0.6375875067312871,False,8.219864741912652,0.627499596402093,2016,-0.0799737230759042,-0.0323084940072955,0.571206628689798
KwaZulu-Natal,Ward 52804025,KZN284,3575,0.683076923076923,False,8.181720455128108,0.6256800197482675,2016,-0.0029976677467957,-0.040783471961363,0.5820450230539734
KwaZulu-Natal,Ward 52804026,KZN284,4480,0.6466517857142857,False,8.40737832540903,0.627137025242773,2016,-0.005182249162443,0.3469633193024655,0.4695238095238095
KwaZulu-Natal,Ward 52805001,KZN285,3934,0.6642094560244026,False,8.277411998949004,0.6202434409315161,2016,0.1311962507422898,-0.0554621848739496,0.5234308435103664
KwaZulu-Natal,Ward 52805002,KZN285,3288,0.628345498783455,False,8.098034756176071,0.6274162323797057,2016,0.0532899608589866,0.0434782608695651,0.4495259341885109
KwaZulu-Natal,Ward 52805003,KZN285,3680,0.5763586956521739,False,8.210668031162976,0.6378135930059619,2016,-0.0373392595091959,-0.0933727519093372,0.4643159379407616
KwaZulu-Natal,Ward 52805004,KZN285,2955,0.5949238578680203,False,7.991253929840199,0.6341005605627925,2016,-0.0536926253215066,-0.1207973817316274,0.5058823529411764
KwaZulu-Natal,Ward 52805005,KZN285,3321,0.6431797651309846,False,8.108021221376747,0.6244493791101997,2016,0.0047847627282936,-0.2020663142719846,0.5418646080760094
KwaZulu-Natal,Ward 52805006,KZN285,3068,0.6584093872229465,False,8.028781162487148,0.6214034546918074,2016,0.0200060478021273,-0.1995825723975998,0.545227524972253
KwaZulu-Natal,Ward 52806001,KZN286,4713,0.645448758752387,False,8.45807992692373,0.6597130959229853,2016,0.0339218126446025,0.1758982035928142,0.586756077116513
KwaZulu-Natal,Ward 52806002,KZN286,3519,0.6297243535095197,False,8.165932137321585,0.6609226655570521,2016,0.0126685817844872,0.1410505836575875,0.5124965668772316
KwaZulu-Natal,Ward 52806003,KZN286,3746,0.6428190069407368,False,8.228443883004033,0.6599153845238815,2016,0.0273630563997785,0.1579598145285934,0.5118522601984564
KwaZulu-Natal,Ward 52806004,KZN286,3887,0.6277334705428351,False,8.265392930852224,0.6610758104006431,2016,0.0151369167698107,0.1547831253713607,0.5187533016376122
KwaZulu-Natal,Ward 52806005,KZN286,4628,0.6454191875540191,False,8.439880088313567,0.6597153706305522,2016,0.0172718247127786,0.2266101245693081,0.5265405735204393
KwaZulu-Natal,Ward 52806006,KZN286,4439,0.6940752421716603,False,8.398184404834035,0.6559725971984259,2016,0.0445119233943677,0.2115174672489082,0.6055363321799307
KwaZulu-Natal,Ward 52806007,KZN286,3788,0.6993136219640972,False,8.239593454305968,0.6555696449066999,2016,0.0683217618495358,0.1419957793186614,0.659817945383615
KwaZulu-Natal,Ward 52806008,KZN286,3613,0.6199833933019652,False,8.19229373114764,0.6616719701884025,2016,0.0657095098355351,0.0686187518485654,0.4965969246281825
KwaZulu-Natal,Ward 52806009,KZN286,4281,0.6818500350385424,False,8.361941906144946,0.6569129977471273,2016,0.0859341934543839,0.3245668316831682,0.5615100889563897
KwaZulu-Natal,Ward 52806010,KZN286,4090,0.6665036674816626,False,8.316300249036848,0.658093487559195,2016,0.0692737505841556,0.1329639889196676,0.5715086932136848
KwaZulu-Natal,Ward 52806011,KZN286,3716,0.7134015069967707,False,8.22040309993373,0.6544859614426481,2016,0.0719955089316304,0.1983231215736858,0.5797767564018385
KwaZulu-Natal,Ward 52806012,KZN286,4259,0.6895984972998357,False,8.356789669923213,0.6563169621885663,2016,0.0698763507457632,0.1601743394170525,0.5564803804994055
KwaZulu-Natal,Ward 52806013,KZN286,4586,0.6439162668992586,False,8.43076346341785,0.6598309799116875,2016,0.0354887232199163,0.1783144912641314,0.585180746954264
KwaZulu-Natal,Ward 52806014,KZN286,4441,0.6219319972979058,False,8.398634855292102,0.66152207757333,2016,0.0318603493961657,0.1363868986693961,0.5313763029142735
KwaZulu-Natal,Ward 52901001,KZN291,4403,0.6529638882580059,False,8.390041405755754,0.6176789707129137,2016,-0.04088673195841,0.1620480337820005,0.586965904186448
KwaZulu-Natal,Ward 52901002,KZN291,4291,0.6702400372873456,False,8.364275084991524,0.6165992113985799,2016,0.041754526079035,0.173045379989065,0.5214255409418753
KwaZulu-Natal,Ward 52901003,KZN291,4532,0.5688437775816416,False,8.418918622147897,0.6229364776301864,2016,-0.0117862177169009,0.0653502585801597,0.4109742441209406
KwaZulu-Natal,Ward 52901004,KZN291,4267,0.6756503398172018,False,8.358666283188,0.6162610674904639,2016,0.0619597056967454,0.1321305386044042,0.4921294271972016
KwaZulu-Natal,Ward 52901005,KZN291,4309,0.6344859596194012,False,8.368461137615839,0.6188338412528265,2016,0.0235597255650473,0.1949528563505269,0.5499331252786447
KwaZulu-Natal,Ward 52901006,KZN291,3835,0.6174706649282921,False,8.251924713801357,0.6198972971710207,2016,-0.0312896656502202,0.1319362455726092,0.5293804839138527
KwaZulu-Natal,Ward 52901007,KZN291,4618,0.57968817669987,False,8.43771698991444,0.6222587026852971,2016,0.0200526902351152,0.2377378718842133,0.4190079016681299
KwaZulu-Natal,Ward 52901008,KZN291,4489,0.6168411672978391,False,8.409385238781931,0.6199366407729241,2016,0.000327862149866,0.116388957970654,0.525503355704698
KwaZulu-Natal,Ward 52901009,KZN291,4748,0.6649115417017691,False,8.465478755729558,0.6169322423726784,2016,0.0373631883301015,0.2409827496079457,0.4275456919060052
KwaZulu-Natal,Ward 52901010,KZN291,4131,0.6368917937545389,False,8.326274787396764,0.6186834766193803,2016,0.0666485891765703,0.1819742489270386,0.4838258785942492
KwaZulu-Natal,Ward 52901011,KZN291,2349,0.6760323541932738,False,7.761744984658913,0.6162371915919594,2016,-0.0208547169269261,-0.4662576687116564,0.4935313847628174
KwaZulu-Natal,Ward 52901012,KZN291,5455,0.6516956920256646,False,8.604287898267172,0.6177582329774349,2016,0.0340247922688421,0.4739259659551473,0.4566674944127142
KwaZulu-Natal,Ward 52901013,KZN291,3126,0.5962891874600128,False,8.047509510981422,0.6212211395127882,2016,0.104319913716996,0.0914804469273742,0.4209048361934477
KwaZulu-Natal,Ward 52901014,KZN291,3875,0.5987096774193549,False,8.262300941787448,0.6210698588903293,2016,0.0580370703483574,0.1138258120149469,0.422542735042735
KwaZulu-Natal,Ward 52901015,KZN291,3146,0.5575333757151939,False,8.053887083618223,0.6236433777468394,2016,0.0346693564612829,-0.0535499398315282,0.4032014497130776
KwaZulu-Natal,Ward 52901016,KZN291,3639,0.5858752404506733,False,8.19946419761216,0.621872011200872,2016,-0.02354803452358,-0.0630792996910402,0.3962209302325581
KwaZulu-Natal,Ward 52901017,KZN291,3520,0.5517045454545455,False,8.166216268592143,0.62400767963813,2016,0.187501240184823,0.0975990021827253,0.375237063126524
KwaZulu-Natal,Ward 52902001,KZN292,3831,0.671626207256591,False,8.25088114470065,0.6605655804769495,2016,0.0137150127600306,0.197936210131332,0.5801129943502825
KwaZulu-Natal,Ward 52902002,KZN292,4405,0.6964812712826334,False,8.39049553837028,0.6596096164759478,2016,0.022801772625516,-0.0141002685765443,0.6281702898550725
KwaZulu-Natal,Ward 52902003,KZN292,4847,0.6352382917268413,False,8.486115235845377,0.661965115689632,2016,0.0574663526832259,0.2735155018392012,0.5299657534246576
KwaZulu-Natal,Ward 52902004,KZN292,5778,0.6505711318795431,False,8.661812881026181,0.6613753910683744,2016,0.0685437077855176,0.4147894221351615,0.3776766143989209
KwaZulu-Natal,Ward 52902005,KZN292,4276,0.7149204864359214,False,8.360773272144936,0.658900415893129,2016,-0.0612413852049258,0.3518811255137528,0.5981993299832495
KwaZulu-Natal,Ward 52902006,KZN292,4055,0.6764488286066584,False,8.307705966549513,0.6603800950404083,2016,0.0653902274724429,-0.0418241965973534,0.4869565217391304
KwaZulu-Natal,Ward 52902007,KZN292,4010,0.6925187032418952,False,8.296546520300614,0.6597620229390532,2016,0.0052869435852428,0.0756437768240343,0.6104
KwaZulu-Natal,Ward 52902008,KZN292,4147,0.5430431637328189,False,8.330140460246382,0.6655110821509407,2016,-0.0266170943656799,0.0921780352910193,0.4994037681850704
KwaZulu-Natal,Ward 52902009,KZN292,4101,0.7225067056815411,False,8.31898612539206,0.658608638229836,2016,0.1308258907409638,0.1604414261460101,0.5491448118586089
KwaZulu-Natal,Ward 52902010,KZN292,3395,0.6126656848306333,False,8.130059039992796,0.6628332928779478,2016,-0.0572229472349267,-0.2866148350493801,0.5319725057279734
KwaZulu-Natal,Ward 52902011,KZN292,4633,0.729548888409238,False,8.440959885416648,0.6583377850480014,2016,0.0382333252106138,0.3278876468902265,0.5887273451503684
KwaZulu-Natal,Ward 52902012,KZN292,4083,0.6539309331373989,False,8.314587291319576,0.6612461679430722,2016,0.0147125102483549,-0.0502442428471737,0.4572983203217411
KwaZulu-Natal,Ward 52902013,KZN292,5269,0.5750616815334978,False,8.569595870209286,0.6642796006970684,2016,0.0170685878914096,0.0702823481616901,0.50945161894067
KwaZulu-Natal,Ward 52902014,KZN292,4244,0.6540999057492931,False,8.353261499733874,0.6612396689964608,2016,0.005325712200906,0.0952258064516129,0.4882704691812327
KwaZulu-Natal,Ward 52902015,KZN292,5547,0.6399855777897963,False,8.621012520055235,0.6617825277641338,2016,0.0056890358665371,0.3138323069635245,0.4860305745914602
KwaZulu-Natal,Ward 52902016,KZN292,5688,0.5917721518987342,False,8.646113971483077,0.6636368902984054,2016,0.0629969428480702,0.3989178553861288,0.5262197145701958
KwaZulu-Natal,Ward 52902017,KZN292,4415,0.5981879954699887,False,8.392763113038061,0.6633901270841265,2016,0.0687915334512582,0.1485431841831426,0.5104961832061069
KwaZulu-Natal,Ward 52902018,KZN292,3982,0.6926167754897037,False,8.289539484624141,0.659758250929522,2016,0.033485000508969,0.022861546365271,0.5454975183171827
KwaZulu-Natal,Ward 52902019,KZN292,5000,0.5628,False,8.517193191416238,0.6647512038329721,2016,0.0258688314658128,0.1433798307797851,0.4485365380887769
KwaZulu-Natal,Ward 52902020,KZN292,3892,0.6361767728674204,False,8.266678443305896,0.6619290202611483,2016,0.0407967430611609,0.4500745156482861,0.5866247755834829
KwaZulu-Natal,Ward 52902021,KZN292,5086,0.7314195831694849,False,8.534246945982066,0.6582658352495305,2016,0.1334435022127231,0.559644280895431,0.5241875465145125
KwaZulu-Natal,Ward 52902022,KZN292,4679,0.7783714468903612,False,8.450839690866216,0.656459994337189,2016,0.0537567596736794,0.0605167724388031,0.6670549084858569
KwaZulu-Natal,Ward 52902023,KZN292,5424,0.6904498525073747,False,8.598588829620232,0.6598415941211501,2016,0.021081147029605,0.3323507737656594,0.5682015638575152
KwaZulu-Natal,Ward 52902024,KZN292,4643,0.6984708162825759,False,8.443115988019922,0.6595330955144115,2016,0.0153320706947398,0.260657073038284,0.4974585635359116
KwaZulu-Natal,Ward 52902025,KZN292,3939,0.66996699669967,False,8.278682162970906,0.6606293962676002,2016,0.0119374697337163,0.1868032539921662,0.534878165312948
KwaZulu-Natal,Ward 52902026,KZN292,3245,0.6456086286594761,False,8.08487062913819,0.6615662565768384,2016,-0.0495904781510933,0.207666542612579,0.5089234312032239
KwaZulu-Natal,Ward 52902027,KZN292,3690,0.6818428184281843,False,8.213381737034572,0.6601726338934266,2016,0.0352552813361961,0.0949554896142432,0.6289308176100629
KwaZulu-Natal,Ward 52903001,KZN293,3415,0.6117130307467057,False,8.13593277200489,0.6431389602321367,2016,0.0283262443451662,0.0952533675432969,0.5126150192935589
KwaZulu-Natal,Ward 52903002,KZN293,3329,0.6311204565935716,False,8.110427237575024,0.6420607699073109,2016,-0.0060052919094223,-0.0032934131736527,0.4997131382673551
KwaZulu-Natal,Ward 52903003,KZN293,3532,0.6203284258210645,False,8.16961956172385,0.6426603271724501,2016,0.0463016230131513,0.1269942565411614,0.5665471923536439
KwaZulu-Natal,Ward 52903004,KZN293,3292,0.6187727825030377,False,8.09925056179696,0.6427467518012294,2016,0.0032329237744807,0.1072990245543221,0.5215103683070257
KwaZulu-Natal,Ward 52903005,KZN293,3900,0.578974358974359,False,8.268731832117737,0.6449577753306005,2016,-0.0008313315183543,0.3532269257460096,0.5694444444444444
KwaZulu-Natal,Ward 52903006,KZN293,3494,0.6348025186033199,False,8.158802490694002,0.6418562109067693,2016,0.0069277610527519,-0.0318647824882238,0.458695652173913
KwaZulu-Natal,Ward 52903007,KZN293,3033,0.631388064622486,False,8.017307507688582,0.6420459027945934,2016,-0.0177822706297998,0.0270910938029123,0.5972718415069828
KwaZulu-Natal,Ward 52903008,KZN293,3772,0.6739130434782609,False,8.235360643753348,0.6396834039692725,2016,0.0346467391304348,0.28125,0.5723564562223954
KwaZulu-Natal,Ward 52903009,KZN293,3977,0.6379180286648227,False,8.28828304520769,0.6416831270144636,2016,0.023055073027637,0.1237637750777056,0.5091593475533249
KwaZulu-Natal,Ward 52903010,KZN293,3441,0.6588201104330137,False,8.14351740579748,0.640521900249564,2016,-0.0432046704675604,0.0398912058023572,0.6135710178263369
KwaZulu-Natal,Ward 52903011,KZN293,4234,0.7262635805384978,False,8.350902451694811,0.6367750407992594,2016,-0.0008265525270306,0.0630178257594777,0.6837806301050176
KwaZulu-Natal,Ward 52903012,KZN293,4568,0.7338003502626971,False,8.426830751335846,0.6363563313701373,2016,-0.010680745905788,0.1590966759705658,0.5897590361445784
KwaZulu-Natal,Ward 52903013,KZN293,4478,0.6411344350156319,False,8.4069317971587,0.641504437772752,2016,0.0044225905842825,0.319387153800825,0.5243426191096069
KwaZulu-Natal,Ward 52903014,KZN293,4392,0.651183970856102,False,8.387539983189367,0.6409461302260592,2016,-0.0005079778020076,0.2812135355892649,0.482509328358209
KwaZulu-Natal,Ward 52903015,KZN293,4251,0.6271465537520583,False,8.35490952835879,0.6422815422873949,2016,0.0439342389103505,0.234679058960209,0.4849177330895795
KwaZulu-Natal,Ward 52903016,KZN293,3604,0.6473362930077692,False,8.189799618728228,0.6411598901065222,2016,-0.2113134960217666,0.2672292545710266,0.66
KwaZulu-Natal,Ward 52903017,KZN293,4002,0.595952023988006,False,8.294549515143679,0.6440145717187311,2016,-0.0199149334820049,0.0910577971646673,0.5024497795198433
KwaZulu-Natal,Ward 52903018,KZN293,3811,0.6171608501705589,False,8.24564690087386,0.6428363035974782,2016,0.0426865511051383,0.1130257009345794,0.4491044124071647
KwaZulu-Natal,Ward 52903019,KZN293,4326,0.6504854368932039,False,8.372398606513004,0.6409849376684424,2016,0.0037531633630499,0.0915972747918243,0.5808187134502923
KwaZulu-Natal,Ward 52904001,KZN294,4137,0.59680928208847,False,8.327726166461412,0.6252485651798693,2016,-0.0023255412712993,-0.0057678442682047,0.5206871521896927
KwaZulu-Natal,Ward 52904002,KZN294,4633,0.6311245413339089,False,8.440959885416648,0.6218170392553254,2016,-0.0193686604789409,0.2351372967208744,0.5648108797280068
KwaZulu-Natal,Ward 52904003,KZN294,3569,0.6155785934435416,False,8.18004072349016,0.6233716340443621,2016,-0.0147122214139303,0.0276418082349554,0.5528139728306072
KwaZulu-Natal,Ward 52904004,KZN294,5168,0.6691176470588235,False,8.550241045462437,0.6180177286828339,2016,-0.0211321871220299,0.142604466062348,0.5819311415997929
KwaZulu-Natal,Ward 52904005,KZN294,5019,0.6728431958557481,False,8.520985989654934,0.6176451738031414,2016,0.0197273894904098,0.3423375234019792,0.5287946428571428
KwaZulu-Natal,Ward 52904006,KZN294,4723,0.6246030065636248,False,8.460199469896118,0.6224691927323538,2016,0.0233177313470838,0.3196423582006147,0.5633116883116883
KwaZulu-Natal,Ward 52904007,KZN294,3918,0.5964777947932619,False,8.273336598504486,0.6252817139093901,2016,-0.0256203538990683,0.1513370555392301,0.5227823557925352
KwaZulu-Natal,Ward 52904008,KZN294,4656,0.5912800687285223,False,8.445911989411274,0.625801486515864,2016,-0.0503396800804858,0.0082286704200953,0.5802226588081205
KwaZulu-Natal,Ward 52904009,KZN294,4647,0.623412954594362,False,8.443977129084978,0.6225881979292801,2016,-0.0346888972574899,0.0756944444444445,0.5682498930252461
KwaZulu-Natal,Ward 52904010,KZN294,4811,0.6036167117023488,False,8.478660241699453,0.6245678222184814,2016,-0.0317276556227981,0.284303256807261,0.5032695002335358
KwaZulu-Natal,Ward 52904011,KZN294,4175,0.6244311377245509,False,8.336869637284956,0.6224863796162612,2016,0.0131103830075698,0.1253369272237197,0.5329700272479564
KwaZulu-Natal,Ward 54303001,KZN433,4229,0.5152518325845353,False,8.34972083747249,0.5344728785933792,2016,-0.0261040996188545,-0.2832203389830509,0.4644433545855811
KwaZulu-Natal,Ward 54303002,KZN433,3984,0.6061746987951807,False,8.290041618704489,0.5214838977061442,2016,0.0075578955164922,0.0204918032786884,0.5582907570831398
KwaZulu-Natal,Ward 54303003,KZN433,4639,0.4557016598404829,False,8.442254104751743,0.5429800461282438,2016,-0.0064984306982224,0.0500226346763241,0.3977960242005185
KwaZulu-Natal,Ward 54303004,KZN433,3916,0.524514811031665,False,8.272826003650401,0.533149595958075,2016,0.0234129293568048,-0.3361586709611799,0.4988918985471559
KwaZulu-Natal,Ward 54303005,KZN433,3441,0.4989828538215635,False,8.14351740579748,0.5367970184166609,2016,-0.0282515729012773,0.0355100812518809,0.4665343165059558
KwaZulu-Natal,Ward 54303006,KZN433,3577,0.6329326251048365,False,8.182279739259018,0.5176613368047648,2016,0.0040175093535882,-0.1881525192918747,0.5343733474352195
KwaZulu-Natal,Ward 54303007,KZN433,4516,0.4977856510186005,False,8.415381925269553,0.5369680473885128,2016,-0.053313132851679,-0.0364838916151055,0.369131455399061
KwaZulu-Natal,Ward 54303008,KZN433,3787,0.5252178505413256,False,8.239329427901795,0.5330491617424091,2016,-0.1097543201451307,-0.1217532467532467,0.4179978700745474
KwaZulu-Natal,Ward 54304001,KZN434,3528,0.6609977324263039,False,8.168486417126681,0.6432581377225783,2016,-0.0140022675736961,0.1164556962025316,0.5855245323936026
KwaZulu-Natal,Ward 54304002,KZN434,4208,0.5727186311787072,False,8.344742754417545,0.6512835105632688,2016,0.0603864426054946,0.313768342179207,0.4655587668593449
KwaZulu-Natal,Ward 54304003,KZN434,4937,0.7034636418877861,False,8.504513138258863,0.6393976004988072,2016,0.0670790972695708,0.1354645814167432,0.5536898839137645
KwaZulu-Natal,Ward 54304004,KZN434,4812,0.6205320033250208,False,8.47886807709457,0.6469368403681495,2016,0.0436293955549302,0.28046833422033,0.484021164021164
KwaZulu-Natal,Ward 54304005,KZN434,3683,0.6500135758892207,False,8.211482916445066,0.6442566974077676,2016,0.0173135183186967,0.0601611974668969,0.5699535363964894
KwaZulu-Natal,Ward 54304006,KZN434,4175,0.6249101796407186,False,8.336869637284956,0.6465388243394496,2016,-0.0118695726479189,0.1241249326871298,0.5107011070110701
KwaZulu-Natal,Ward 54304007,KZN434,4335,0.6016147635524798,False,8.374476889214643,0.6486565894383806,2016,0.0553108339014767,0.1912613355317394,0.4342350746268656
KwaZulu-Natal,Ward 54304008,KZN434,4910,0.6352342158859471,False,8.499029220788566,0.6456002755898834,2016,0.0427931951830101,0.1819932595089071,0.4598786244099798
KwaZulu-Natal,Ward 54304009,KZN434,3453,0.6907037358818419,False,8.146998697389993,0.6405575919538931,2016,0.0888736705223647,-0.0972549019607843,0.6588046100241223
KwaZulu-Natal,Ward 54304010,KZN434,3701,0.6184814914887868,False,8.216358332386156,0.6471232505350799,2016,0.037130657471833,0.012031719989062,0.5837061455144809
KwaZulu-Natal,Ward 54304011,KZN434,4282,0.6900980850070061,False,8.362175469149628,0.6406126511243326,2016,0.0371714568124471,0.1766968947513052,0.5700629517370016
KwaZulu-Natal,Ward 54304012,KZN434,4278,0.6680691912108462,False,8.361240889642351,0.6426152778330745,2016,0.0762500308233327,-0.0790096878363831,0.5181698774080561
KwaZulu-Natal,Ward 54305001,KZN435,4733,0.4988379463342489,False,8.462314529906248,0.5890366795463681,2016,-0.1512749204829068,0.1871081013293203,0.5900880037054191
KwaZulu-Natal,Ward 54305002,KZN435,4607,0.4551769047102236,False,8.435332164935916,0.5913346291055274,2016,-0.1659244598121935,0.1225633528265106,0.4472507822977201
KwaZulu-Natal,Ward 54305003,KZN435,3885,0.584041184041184,False,8.264878262801748,0.5845522986144241,2016,-0.0015831000367083,0.1125429553264605,0.5027485112230875
KwaZulu-Natal,Ward 54305004,KZN435,4349,0.547022303977926,False,8.37770121259764,0.5865006607230167,2016,-0.0631996887944024,0.1226122870418171,0.5659238625812442
KwaZulu-Natal,Ward 54305005,KZN435,3686,0.6405317417254477,False,8.212297138229768,0.5815791113678839,2016,-0.0402718297031237,-0.085813492063492,0.5468882005068995
KwaZulu-Natal,Ward 54305006,KZN435,3779,0.5808414924583223,False,8.237214703349489,0.5847207034345747,2016,-0.0766748474109587,-0.0120261437908496,0.5234200743494424
KwaZulu-Natal,Ward 54305007,KZN435,3857,0.6225045372050817,False,8.257644958208228,0.582527911605798,2016,0.0138974580097671,-0.017825311942959,0.558983666061706
KwaZulu-Natal,Ward 54305008,KZN435,4173,0.6194584231967409,False,8.336390480591552,0.5826882333957105,2016,-0.020416612304537,0.1851746662879863,0.4756274131274131
KwaZulu-Natal,Ward 54305009,KZN435,3646,0.6001097092704334,False,8.201385955238608,0.5837065867602531,2016,-0.0261950923997127,0.0873844318520726,0.481768590295722
KwaZulu-Natal,Ward 54305010,KZN435,4568,0.6017950963222417,False,8.426830751335846,0.583617882178579,2016,-0.0346537207309323,0.0700398219723588,0.5447284345047924
KwaZulu-Natal,Ward 54305011,KZN435,4093,0.5621793305643782,False,8.317033476492403,0.5857029224816245,2016,-0.0236733257314832,0.2013501614323452,0.4363310274148091
KwaZulu-Natal,Ward 54305012,KZN435,3884,0.5831616889804325,False,8.264620829411216,0.5845985878281479,2016,-0.0247591030987753,0.0987270155586987,0.5014678409394182
KwaZulu-Natal,Ward 54305013,KZN435,4315,0.6006952491309386,False,8.36985260351753,0.5836757688728581,2016,-0.0276010131942161,-0.0105480394404953,0.475391245180313
KwaZulu-Natal,Ward 54305014,KZN435,4465,0.6132138857782755,False,8.4040244933106,0.5830168932598404,2016,-0.0266328575167436,0.0063105702050936,0.4946313528990694
KwaZulu-Natal,Ward 54305015,KZN435,4357,0.6261188891439063,False,8.379539026117442,0.5823376825563861,2016,-0.0172161597495573,0.1212043232115285,0.5357670394598016
KwaZulu-Natal,Ward 54305016,KZN435,5351,0.5150439170248552,False,8.585038738311304,0.5881837337205468,2016,0.0246593016402398,0.3905925155925156,0.3388077858880778
KwaZulu-Natal,Ward 54305017,KZN435,4882,0.6118394100778369,False,8.493310250952906,0.5830892340861793,2016,-0.0140578842346975,0.3478741027056875,0.4362255965292841
KwaZulu-Natal,Ward 54305018,KZN435,3737,0.611988225849612,False,8.226038429485484,0.5830814016771385,2016,-0.0249193854476594,-0.1055528961225467,0.53406292749658
KwaZulu-Natal,Ward 54305019,KZN435,3748,0.5995197438633938,False,8.228977643358313,0.5837376375711499,2016,-0.0159675725585021,0.0008010680907877,0.5308595229079894
KwaZulu-Natal,Ward 54305020,KZN435,4886,0.6164551780597626,False,8.494129251817686,0.5828462989292358,2016,-0.0088983832670566,0.2563641038827462,0.491162993672267
Limpopo,Ward 93301001,LIM331,4241,0.4956378212685687,False,8.352554369474591,0.550936298759459,2016,-0.0108525633468159,0.0194711538461538,0.5301824988301357
Limpopo,Ward 93301002,LIM331,3673,0.5164715491423905,False,8.208764045819667,0.5502178943500169,2016,0.0044489183078784,0.039038189533239,0.5103734439834025
Limpopo,Ward 93301003,LIM331,4004,0.4957542457542457,False,8.295049140435111,0.5509322841220219,2016,-0.0019201728504054,0.034625322997416,0.3988838692532553
Limpopo,Ward 93301004,LIM331,3792,0.4941983122362869,False,8.240648863374913,0.5509859370019514,2016,-0.0652233981288196,-0.0708159764763538,0.485219707057257
Limpopo,Ward 93301005,LIM331,3899,0.5634778148243139,False,8.268475388982598,0.5485969886368471,2016,0.0169500370465361,-0.0974537037037036,0.5059683313032887
Limpopo,Ward 93301006,LIM331,4296,0.5807728119180633,False,8.3654396361887,0.5480006094267178,2016,-0.0190719889096656,0.1112260734609416,0.5689325035902346
Limpopo,Ward 93301007,LIM331,4495,0.5701890989988877,False,8.410720946905721,0.5483655650446204,2016,0.0570001226209349,-0.1151574803149606,0.5049417966176147
Limpopo,Ward 93301008,LIM331,4154,0.5556090515166104,False,8.331827004436057,0.54886832530263,2016,-0.0470153604665537,0.0284723941569695,0.5357671435619141
Limpopo,Ward 93301009,LIM331,3954,0.5318664643399089,False,8.282483003730562,0.5496870352052748,2016,0.0733684406244938,0.2021891152325934,0.4120603015075377
Limpopo,Ward 93301010,LIM331,4013,0.5885870919511588,False,8.297294370266917,0.5477311514945421,2016,0.0578284712615035,0.1070344827586207,0.526060606060606
Limpopo,Ward 93301011,LIM331,3979,0.5431012817290777,False,8.288785810426928,0.5492996277090966,2016,0.0733415468492102,0.0988677161005247,0.4460212873796249
Limpopo,Ward 93301012,LIM331,4083,0.5202057310800882,False,8.314587291319576,0.5500891294556135,2016,0.0597653729866935,-0.0120977498185337,0.4681096016578402
Limpopo,Ward 93301013,LIM331,4909,0.5654919535546955,False,8.498825534058053,0.5485275355771787,2016,0.107756706345764,0.3048910154173312,0.4057052297939778
Limpopo,Ward 93301014,LIM331,4784,0.5294732441471572,False,8.473032295630468,0.5497695600395077,2016,0.026532819703281,0.2232165686525185,0.4419354838709677
Limpopo,Ward 93301015,LIM331,3809,0.549225518508795,False,8.245121966478605,0.5490884471304857,2016,0.0244467574468481,0.123598820058997,0.4920261437908497
Limpopo,Ward 93301016,LIM331,4179,0.589375448671931,False,8.337827262447915,0.5477039667800327,2016,-0.0075408508875403,0.3149779735682818,0.5142383190489356
Limpopo,Ward 93301017,LIM331,3501,0.5558411882319337,False,8.160803920954665,0.5488603205883085,2016,-0.0384232833559579,-0.0703664365374402,0.5545914678235719
Limpopo,Ward 93301018,LIM331,5129,0.5829596412556054,False,8.542665987389269,0.5479252015185266,2016,-0.0146815472225075,0.1633023361306418,0.5098729227761486
Limpopo,Ward 93301019,LIM331,3248,0.5286330049261084,False,8.085794701281568,0.5497985338057507,2016,-0.0148452559434567,-0.2867808519982433,0.4256298449612403
Limpopo,Ward 93301020,LIM331,4022,0.5268523122824466,False,8.299534570332597,0.5498599370003597,2016,0.0181139179624029,0.0983069361004915,0.4461340206185567
Limpopo,Ward 93301021,LIM331,4256,0.59375,False,8.35608503102148,0.5475531201825131,2016,0.0369041992978665,0.1493383742911154,0.5162942271880819
Limpopo,Ward 93301022,LIM331,3907,0.53263373432301,False,8.27052509505507,0.5496605776196507,2016,0.0204105534199325,0.1236698303134886,0.4401544401544401
Limpopo,Ward 93301023,LIM331,4388,0.6125797629899726,False,8.38662882139512,0.5469038180104451,2016,0.074342133987591,0.1611537443768191,0.4869256156384869
Limpopo,Ward 93301024,LIM331,3819,0.5506677140612726,False,8.247743887225516,0.5490387162493657,2016,0.0212980865541092,-0.0881088825214899,0.4912280701754385
Limpopo,Ward 93301025,LIM331,4429,0.5283359674870174,False,8.395929103923198,0.5498087764760642,2016,0.0207581956178336,0.1776123371443765,0.5526255967265288
Limpopo,Ward 93301026,LIM331,4773,0.5958516656191075,False,8.470730317005897,0.547480648954268,2016,0.0181964932053144,0.3166896551724139,0.5244618395303327
Limpopo,Ward 93301027,LIM331,4035,0.5531598513011152,False,8.302761580704049,0.5489527804824746,2016,0.0224499337260022,0.0728529646370645,0.5140758873929009
Limpopo,Ward 93301028,LIM331,3973,0.5333501132645356,False,8.287276755814599,0.5496358748975291,2016,-0.0356743411135869,0.0447015514067841,0.4213836477987421
Limpopo,Ward 93301029,LIM331,4241,0.523461447771752,False,8.352554369474591,0.5499768633627975,2016,-0.0749785737451926,0.1406670252824098,0.5037267080745341
Limpopo,Ward 93301030,LIM331,3669,0.565276642136822,False,8.207674424355282,0.5485349601088295,2016,-0.0336619477039664,0.3908263836239576,0.4550037811948575
Limpopo,Ward 93302001,LIM332,3951,0.5398633257403189,False,8.281723990411392,0.5122134855178525,2016,0.0107038060147615,0.1295025728987993,0.5086297071129707
Limpopo,Ward 93302002,LIM332,3343,0.5363446006580915,False,8.114623886420098,0.5123391542707891,2016,-0.0476040349759373,0.0731942215088281,0.4919458762886597
Limpopo,Ward 93302003,LIM332,3137,0.523748804590373,False,8.051022208190679,0.5127890041303506,2016,0.0012957214804534,0.0512734584450402,0.507514450867052
Limpopo,Ward 93302004,LIM332,3564,0.5356341189674523,False,8.1786387885907,0.5123645286168834,2016,0.0015647183365374,0.1242902208201892,0.5143095304251181
Limpopo,Ward 93302005,LIM332,3253,0.4675683984014755,False,8.087332926473351,0.5147954472085254,2016,-0.0078953957337728,-0.0266307600239377,0.4844703272323905
Limpopo,Ward 93302006,LIM332,3844,0.4997398543184183,False,8.254268770090183,0.5136464666400632,2016,-0.0215899485647826,0.130920859076199,0.4843418259023354
Limpopo,Ward 93302007,LIM332,3740,0.5379679144385027,False,8.226840890408578,0.5122811787786317,2016,-0.0241847617826146,0.0938871014916642,0.4922952149229521
Limpopo,Ward 93302008,LIM332,3829,0.5369548184904674,False,8.250358951477294,0.5123173607767757,2016,-0.008048285171854,0.1883923029174425,0.497786211258697
Limpopo,Ward 93302009,LIM332,3725,0.5012080536912752,False,8.22282213081366,0.5135940309481755,2016,-0.0442464917632702,0.1287878787878789,0.5040650406504065
Limpopo,Ward 93302010,LIM332,3918,0.5053598774885145,False,8.273336598504486,0.5134457515268455,2016,-0.0181596521208933,-0.1772364552708946,0.439247311827957
Limpopo,Ward 93302011,LIM332,3422,0.5210403272939801,False,8.137980454452139,0.5128857354623646,2016,0.0323373984236872,-0.0454672245467224,0.4947248360422013
Limpopo,Ward 93302012,LIM332,4065,0.484870848708487,False,8.310169021981912,0.5141775025547036,2016,-0.0779767597453506,0.1304226918798665,0.4675254965110038
Limpopo,Ward 93302013,LIM332,4279,0.5349380696424398,False,8.361474616416817,0.5123893875213482,2016,0.033896712903374,0.2731329961321036,0.5474375821287779
Limpopo,Ward 93302014,LIM332,3190,0.4893416927899686,False,8.06777619577889,0.5140178295517935,2016,-0.0271033736900873,0.1161651504548635,0.4755366949575637
Limpopo,Ward 93302015,LIM332,3994,0.528292438657987,False,8.29254851397576,0.5126267314850786,2016,-0.0244267622299153,0.1082130965593783,0.5418648905803997
Limpopo,Ward 93302016,LIM332,3762,0.5186071238702817,False,8.232706009860976,0.5129726355846395,2016,-0.0524890498629136,-0.0274043433298862,0.5637181409295352
Limpopo,Ward 93302017,LIM332,3926,0.4880285277636271,False,8.275376374836407,0.5140647283027343,2016,-0.0612306352205163,0.0205354821939174,0.4714614793959559
Limpopo,Ward 93302018,LIM332,3422,0.5254237288135594,False,8.137980454452139,0.5127291854080939,2016,-0.0324015383140333,0.0754242614707731,0.5797227036395147
Limpopo,Ward 93302019,LIM332,3519,0.5089514066496164,False,8.165932137321585,0.5133174826282347,2016,-0.0910989331439905,-0.1142713314875408,0.5014292520247737
Limpopo,Ward 93302020,LIM332,3916,0.466802860061287,False,8.272826003650401,0.5148227878635322,2016,-0.1183248314760189,-0.0195292939409114,0.5155972609688054
Limpopo,Ward 93302021,LIM332,3280,0.5094512195121951,False,8.09559870137819,0.5132996321688569,2016,-0.0371375779393579,-0.1292805946376426,0.5198666296193387
Limpopo,Ward 93302022,LIM332,4408,0.5748638838475499,False,8.391176350832751,0.5109634655854514,2016,0.0177722299817024,0.1285202252944188,0.5644820295983086
Limpopo,Ward 93302023,LIM332,4236,0.5299811142587346,False,8.351374706721296,0.5125664216421948,2016,-0.0164937058851503,0.2189928057553956,0.4704605739088497
Limpopo,Ward 93302024,LIM332,3265,0.3638591117917304,False,8.09101504171053,0.5184993503017307,2016,-0.1539053592661538,0.3033932135728543,0.5325443786982249
Limpopo,Ward 93302025,LIM332,4035,0.5251548946716234,False,8.302761580704049,0.5127387866274488,2016,-0.0241770683294043,0.0367420349434737,0.4745850622406639
Limpopo,Ward 93302026,LIM332,4003,0.5438421184111916,False,8.294799358992574,0.512071385779607,2016,-0.0217928869249877,0.0680362860192103,0.4692604692604692
Limpopo,Ward 93302027,LIM332,3861,0.5718725718725719,False,8.258681496264236,0.5110702981559864,2016,0.0047814847031302,0.2605288932419196,0.5986010223298359
Limpopo,Ward 93302028,LIM332,3326,0.5165363800360794,False,8.109525659752872,0.5130465907215753,2016,0.0317224088895342,0.2627182991647685,0.5174632352941176
Limpopo,Ward 93302029,LIM332,3517,0.4955928348023884,False,8.165363632473982,0.5137945744799214,2016,0.0154775610271722,0.0135446685878961,0.4761622742078768
Limpopo,Ward 93303001,LIM333,5715,0.4860892388451444,False,8.65084957622891,0.5142994962493659,2016,-0.0150501126009555,0.0017528483786153,0.4202475077346167
Limpopo,Ward 93303002,LIM333,5137,0.527545259879307,False,8.544224530467268,0.5130432531877246,2016,0.0436742921373715,0.076036866359447,0.4743186582809224
Limpopo,Ward 93303003,LIM333,6259,0.589710816424349,False,8.7417757069247,0.5111594484439355,2016,0.0481358799298528,0.0599491955969517,0.4934223443942666
Limpopo,Ward 93303004,LIM333,5452,0.4886280264123258,False,8.603737792816423,0.5142225632927847,2016,0.0250518674719284,0.061940007791196,0.4787492978842913
Limpopo,Ward 93303005,LIM333,5745,0.5190600522193212,False,8.656085190282855,0.5133003806925727,2016,0.0781577405116403,0.0710290827740491,0.4053530551153372
Limpopo,Ward 93303006,LIM333,5196,0.5384911470361817,False,8.55564437779049,0.5127115596375162,2016,-0.0351887547239492,0.063446582071224,0.4341547939930689
Limpopo,Ward 93303007,LIM333,5389,0.4913713119317127,False,8.592115117933497,0.5141394334285608,2016,0.0284654530526994,-0.0224922909486667,0.4189240030097818
Limpopo,Ward 93303008,LIM333,5172,0.4756380510440835,False,8.551014739891748,0.5146161989100041,2016,-0.0195655302818597,0.1025367725431678,0.4034079651277987
Limpopo,Ward 93303009,LIM333,5460,0.4998168498168498,False,8.605204068738951,0.5138835080381021,2016,-0.0530105311355311,0.015625,0.4377057702304626
Limpopo,Ward 93303010,LIM333,5172,0.5319025522041764,False,8.551014739891748,0.512911214026365,2016,-0.0108010114032295,0.029663547680669,0.4492898579715943
Limpopo,Ward 93303011,LIM333,5220,0.5544061302681992,False,8.560252680876685,0.5122292874183643,2016,-0.0333581891733939,0.0716485321289261,0.474947206757535
Limpopo,Ward 93303012,LIM333,5101,0.4934326602626936,False,8.537191877922927,0.514076968327622,2016,0.0249810205781771,0.0587380655873805,0.434397845325125
Limpopo,Ward 93303013,LIM333,5075,0.4796059113300492,False,8.532081803909987,0.5144959607195202,2016,0.0875037972494748,0.0121659353809333,0.3700756840675335
Limpopo,Ward 93303014,LIM333,6365,0.606127258444619,False,8.758569510991506,0.5106619805039273,2016,0.0918112457192743,0.1249558147755389,0.4761582685153872
Limpopo,Ward 93303015,LIM333,5833,0.5568318189610835,False,8.671286726753637,0.5121557817003981,2016,0.0505213435719374,0.2269667648296172,0.4713946262109303
Limpopo,Ward 93303016,LIM333,5548,0.5194664744051911,False,8.621192781434722,0.5132880648687584,2016,0.0331710081062771,-0.0436131701430787,0.4046121593291404
Limpopo,Ward 93303017,LIM333,5366,0.4135296310100633,False,8.58783803098557,0.5164982722443683,2016,-0.0912168380800038,0.2424172262097708,0.4088949843260188
Limpopo,Ward 93303018,LIM333,5268,0.5432801822323462,False,8.569406062863171,0.5125664373588446,2016,0.0668915822739522,0.0959018098606199,0.3775949130353469
Limpopo,Ward 93303019,LIM333,5090,0.5129666011787819,False,8.53503310954457,0.5134850307241041,2016,0.0269296401931556,0.0451745379876795,0.4106432013408758
Limpopo,Ward 93303020,LIM333,4749,0.4704148241735102,False,8.465689348549121,0.5147744785121428,2016,0.033499421970226,-0.0128871336520474,0.3387874973778057
Limpopo,Ward 93303021,LIM333,4497,0.4969979986657772,False,8.411165786770708,0.5139689277699528,2016,0.041567449120126,-0.0270445694504543,0.3933274802458297
Limpopo,Ward 93303022,LIM333,4982,0.4829385788839823,False,8.513586695822125,0.5143949707936436,2016,-0.0100808001533171,0.038132944363409,0.4497708847373987
Limpopo,Ward 93303023,LIM333,4633,0.5046406216274553,False,8.440959885416648,0.5137373331347505,2016,-0.0375438126433099,0.0100283409635928,0.4184366104663893
Limpopo,Ward 93303024,LIM333,5656,0.5275813295615276,False,8.640472207576408,0.5130421601670513,2016,0.0134517138870738,0.0655614167294649,0.4057226705796038
Limpopo,Ward 93303025,LIM333,5585,0.4923903312444047,False,8.6278397115033,0.5141085540554489,2016,-0.0728525008211307,0.0893309927833041,0.3888888888888889
Limpopo,Ward 93303026,LIM333,4660,0.5463519313304721,False,8.446770727119691,0.5124733540528408,2016,0.0223816409861101,0.0488408732838172,0.4790697674418605
Limpopo,Ward 93303027,LIM333,5518,0.5244653860094237,False,8.615770754777232,0.5131365826989331,2016,0.0768414718551058,-0.0601260432634985,0.3922018348623853
Limpopo,Ward 93303028,LIM333,5785,0.4561797752808988,False,8.663023639627777,0.5152058436301007,2016,-0.0020214925479443,0.1459984152139462,0.410010649627263
Limpopo,Ward 93303029,LIM333,4786,0.5100292519849561,False,8.47345026846832,0.5135740413057353,2016,0.044442883792507,-0.2004677581022386,0.3888772736776082
Limpopo,Ward 93303030,LIM333,4431,0.5089144662604378,False,8.39638057119949,0.5136078226913267,2016,0.0149555455999464,-0.1077325815545711,0.4495092693565976
Limpopo,Ward 93303031,LIM333,5860,0.5296928327645051,False,8.675904882571059,0.5129781752215066,2016,0.0203118052351345,0.0275293705067507,0.4870026525198939
Limpopo,Ward 93303032,LIM333,4397,0.4710029565612917,False,8.388677769180811,0.5147566563185735,2016,-0.0826474859165843,-0.1893436578171091,0.5101869355177484
Limpopo,Ward 93303033,LIM333,4972,0.5313757039420757,False,8.511577452630602,0.5129271791252165,2016,0.0875967240348113,-0.0394126738794435,0.4942910525223168
Limpopo,Ward 93303034,LIM333,5318,0.5770966528770214,False,8.578852571802965,0.5115416958241575,2016,0.0846073824907552,-0.0489985693848354,0.5939325419257584
Limpopo,Ward 93304001,LIM334,3732,0.495176848874598,False,8.224699561967235,0.5126407808950606,2016,-0.1253383305182263,-0.1416743330266789,0.3805970149253731
Limpopo,Ward 93304002,LIM334,4522,0.575187969924812,False,8.416709652837914,0.5079342443626951,2016,0.06860159431322,0.7019194580353783,0.4266433391652087
Limpopo,Ward 93304003,LIM334,3917,0.4697472555527189,False,8.27308133366583,0.5141366393257594,2016,-0.0710827310604002,1.6218206157965196,0.3730178706267304
Limpopo,Ward 93304004,LIM334,2998,0.4176117411607739,False,8.005700678662542,0.5172034342899914,2016,-0.0374190596605813,-0.3843942505133469,0.3582952815829528
Limpopo,Ward 93304005,LIM334,3435,0.4171761280931587,False,8.14177220465645,0.5172290585880864,2016,-0.1360153612685434,0.2600880410858401,0.3254936120789779
Limpopo,Ward 93304006,LIM334,3405,0.4966226138032305,False,8.133000218583613,0.5125557358992586,2016,0.00937324646821,-0.3371617675686198,0.4284599375650364
Limpopo,Ward 93304007,LIM334,3729,0.5223920622150711,False,8.22389538017882,0.5110398859926798,2016,0.0384214171783773,0.440324449594438,0.4031128404669261
Limpopo,Ward 93304008,LIM334,3970,0.510831234256927,False,8.286521373681236,0.5117199346961001,2016,-0.0250337446460265,0.1965039180229053,0.4175415573053368
Limpopo,Ward 93304009,LIM334,4003,0.5795653260054959,False,8.294799358992574,0.5076767528285372,2016,-0.0217860253458553,0.0818918918918918,0.4857778877071481
Limpopo,Ward 93304010,LIM334,3193,0.5731287190729721,False,8.068716192714781,0.5080553767657444,2016,0.0358506125640963,-0.0553254437869822,0.6232545649838883
Limpopo,Ward 93304011,LIM334,4165,0.476110444177671,False,8.334471554600944,0.5137623341125268,2016,-0.0234070855746609,0.3396590543583146,0.3702252693437806
Limpopo,Ward 93304012,LIM334,3553,0.6172248803827751,False,8.175547596021026,0.5054614849239913,2016,0.0214121441222342,0.0331491712707181,0.4946357989836251
Limpopo,Ward 93304013,LIM334,3337,0.4908600539406653,False,8.112827478751374,0.5128947100088214,2016,-0.0854168277797648,0.1213037634408602,0.4424756034925526
Limpopo,Ward 93304014,LIM334,3421,0.4443145279158141,False,8.137688184977605,0.5156326821279302,2016,-0.0230207156371944,-0.0197707736389685,0.3997711670480549
Limpopo,Ward 93304015,LIM334,3604,0.5110987791342952,False,8.189799618728228,0.5117041967621372,2016,-0.0360521705491435,0.2009330223258913,0.4333258376433551
Limpopo,Ward 93304016,LIM334,4241,0.4968167884932798,False,8.352554369474591,0.5125443138586675,2016,-0.0162241974625814,0.2155345371166523,0.3556983107304306
Limpopo,Ward 93304017,LIM334,3703,0.5884418039427491,False,8.216898580913613,0.5071546070675224,2016,0.0868899727819794,0.149286157666046,0.5658148505303761
Limpopo,Ward 93304018,LIM334,3746,0.5277629471436198,False,8.228443883004033,0.5107239515851181,2016,-0.0232079266427879,-0.1734333627537511,0.4838791571464839
Limpopo,Ward 93305001,LIM335,4004,0.4972527472527472,False,8.295049140435111,0.5672454301449866,2016,0.0371377184955579,0.0012503125781444,0.4505010999755561
Limpopo,Ward 93305002,LIM335,3610,0.5476454293628809,False,8.191463051326927,0.5633690699826687,2016,0.0058695923905373,0.0509461426491995,0.5156363636363637
Limpopo,Ward 93305003,LIM335,4085,0.6303549571603427,False,8.315077007294104,0.5570067986136331,2016,0.0164361502009392,0.1281413974040319,0.6170162620787178
Limpopo,Ward 93305004,LIM335,3577,0.6290187307799833,False,8.182279739259018,0.5571095852582761,2016,-0.0358669919864163,0.0617393885425943,0.6161228406909789
Limpopo,Ward 93305005,LIM335,3430,0.6072886297376093,False,8.140315540159985,0.5587811314923049,2016,-0.0035535774259918,0.106808647950952,0.616078753076292
Limpopo,Ward 93305006,LIM335,3827,0.5385419388555004,False,8.249836485425702,0.5640693384832364,2016,-0.0582870532169798,0.0835220838052095,0.6318575553416746
Limpopo,Ward 93305007,LIM335,3519,0.5777209434498437,False,8.165932137321585,0.5610555688990562,2016,0.0080141030589642,0.1462540716612377,0.5942028985507246
Limpopo,Ward 93305008,LIM335,4251,0.6212655845683369,False,8.35490952835879,0.5577059811207105,2016,0.01561554132821,0.2254251945805707,0.6723348593852191
Limpopo,Ward 93305009,LIM335,3623,0.5227711841015733,False,8.195057690895077,0.5652824734643077,2016,-0.0724116365600633,0.0513639001741148,0.5382491024578846
Limpopo,Ward 93305010,LIM335,3549,0.5007044237813468,False,8.174421152646497,0.5669799165658636,2016,-0.0890073828501994,0.0997830802603036,0.6099046610169492
Limpopo,Ward 93305011,LIM335,4579,0.5265341777680717,False,8.429235912657095,0.5649930124130387,2016,-0.0763847955585513,0.1522395571212884,0.5362108922363847
Limpopo,Ward 93305012,LIM335,3899,0.5568094383175173,False,8.268475388982598,0.5626641462169274,2016,-0.0741110263831082,0.1614536788799523,0.5503597122302158
Limpopo,Ward 93305013,LIM335,3532,0.5738958097395244,False,8.16961956172385,0.5613498099536961,2016,0.0053854389035721,0.1099937146448775,0.6576157227825188
Limpopo,Ward 93305014,LIM335,3050,0.5416393442622951,False,8.022896869601457,0.5638310765288675,2016,-0.0167535736811846,0.0384746339802519,0.5565006075334143
Limpopo,Ward 93401001,LIM341,3175,0.5244094488188976,False,8.063062911326792,0.5391225832898778,2016,-0.0456012807948362,-0.1483369098712446,0.4232820834640728
Limpopo,Ward 93401002,LIM341,3530,0.4399433427762039,False,8.169053149927343,0.5560158044984165,2016,-0.009823012363983,-0.175233644859813,0.3229198886483143
Limpopo,Ward 93401003,LIM341,3524,0.5734960272417707,False,8.16735198705607,0.5293052676053032,2016,0.0461185056279378,0.2694524495677233,0.4480582524271844
Limpopo,Ward 93401004,LIM341,3365,0.5340267459138187,False,8.121183242078828,0.5371991238708935,2016,0.0519038408858857,-0.0600558659217876,0.4370235934664246
Limpopo,Ward 93401005,LIM341,3314,0.5844900422450211,False,8.105911197986508,0.527106464604653,2016,0.0015897115884315,0.5654227680680208,0.4266945356822932
Limpopo,Ward 93401006,LIM341,3566,0.5636567582725743,False,8.179199798423086,0.5312731213991424,2016,0.0741844421821142,-0.0730439303353261,0.4816652286453839
Limpopo,Ward 93403001,LIM343,4559,0.4323316516779996,False,8.424858580213442,0.4587840521476342,2016,-0.0416585564003357,-0.3024785801713586,0.4084934277047523
Limpopo,Ward 93403002,LIM343,4755,0.4675078864353312,False,8.46695197497949,0.45788209741026664,2016,-0.0690655058081641,-0.221894943544428,0.4732179645653069
Limpopo,Ward 93403003,LIM343,4892,0.4828291087489779,False,8.495356496807062,0.4574892455560706,2016,0.0110720834864175,-0.3057053647459551,0.4382542236524537
Limpopo,Ward 93403004,LIM343,4894,0.456681651001226,False,8.495765244002618,0.4581596931906283,2016,-0.0262840010512733,-0.316671320860095,0.4469783352337514
Limpopo,Ward 93403005,LIM343,5671,0.5034385469934756,False,8.643120748014027,0.4569607984215963,2016,0.0556526454898199,-0.217685197958339,0.4791831879460745
Limpopo,Ward 93403006,LIM343,5793,0.4767823234938719,False,8.664405571096625,0.45764429133184253,2016,-0.0319490581188656,-0.2561633281972265,0.5030748206354629
Limpopo,Ward 93403007,LIM343,5122,0.3941819601718079,False,8.541300266759471,0.45976224936574167,2016,-0.0403206432811929,-0.2981638805152097,0.3802055164954029
Limpopo,Ward 93403008,LIM343,6009,0.4806124147112664,False,8.701013624333928,0.45754608386472984,2016,-0.020341783762016,-0.0443702290076335,0.4098586694243364
Limpopo,Ward 93403009,LIM343,4862,0.4866310160427807,False,8.48920515487607,0.45739176075366533,2016,0.0561755435750716,-0.3389530931339225,0.4443127962085308
Limpopo,Ward 93403010,LIM343,6013,0.4746382837186096,False,8.70167907103957,0.45769926671069544,2016,-0.0193304430125891,-0.104542069992554,0.4916477624252423
Limpopo,Ward 93403011,LIM343,6344,0.4634300126103405,False,8.755264763314685,0.45798665827757407,2016,-0.0017467821240847,-0.0289300474514005,0.4058310991957105
Limpopo,Ward 93403012,LIM343,5807,0.5050800757706216,False,8.66681936537205,0.456918707940131,2016,0.0042356108543004,-0.1083985874405035,0.4051043143609479
Limpopo,Ward 93403013,LIM343,5754,0.4389989572471324,False,8.657650544111494,0.45861309559457947,2016,-0.0220146879770391,-0.1988304093567251,0.5021033148241629
Limpopo,Ward 93403014,LIM343,5981,0.4646380203979268,False,8.696343057044556,0.45795568371891804,2016,0.0084951004975021,-0.1241763069263435,0.4439058171745152
Limpopo,Ward 93403015,LIM343,5704,0.4549438990182328,False,8.648922962094131,0.45820425093378203,2016,0.0143625368067765,-0.1872328298660587,0.3961649089165868
Limpopo,Ward 93403016,LIM343,6298,0.4769768180374722,False,8.74798740166097,0.45763930429226307,2016,-0.004706736132442,-0.0182385035074045,0.4322196956445688
Limpopo,Ward 93403017,LIM343,5437,0.4603641714180614,False,8.600982717145921,0.45806526959019667,2016,-0.0355330262905622,-0.1582288279919492,0.4211171423568552
Limpopo,Ward 93403018,LIM343,5060,0.4401185770750988,False,8.52912176228151,0.4585843873938623,2016,-0.0572704568674599,-0.3394255874673629,0.3585625695659087
Limpopo,Ward 93403019,LIM343,6044,0.5289543348775645,False,8.70682132339263,0.4563065474502094,2016,0.0348542601949655,-0.0972367438386856,0.4724306076519129
Limpopo,Ward 93403020,LIM343,6244,0.5144138372837924,False,8.739376281635323,0.45667938072184455,2016,0.038169309960945,0.0124858115777526,0.3888573052870949
Limpopo,Ward 93403021,LIM343,5288,0.4273827534039334,False,8.573195381531523,0.4589109469751743,2016,-0.0163959842301755,-0.2632018949421764,0.3814398943196829
Limpopo,Ward 93403022,LIM343,6861,0.4378370499927124,False,8.833608482690892,0.4586428880882825,2016,-0.0033757363977389,-0.0587186170942516,0.1554086732226342
Limpopo,Ward 93403023,LIM343,4534,0.4091310101455668,False,8.419359831067474,0.45937894039205546,2016,-0.0492317779217313,-0.3589707337763325,0.346779440468445
Limpopo,Ward 93403024,LIM343,5696,0.4231039325842696,False,8.647519453091812,0.45902066032952465,2016,-0.0484350695239524,-0.1994378074490512,0.3799167052290606
Limpopo,Ward 93403025,LIM343,5488,0.4150874635568513,False,8.610319169405722,0.45922621081740717,2016,-0.0064783928592029,-0.2244205765969474,0.3681763040841084
Limpopo,Ward 93403026,LIM343,5767,0.4336743540835789,False,8.659907293615413,0.4587496238808244,2016,-0.0760589792497544,-0.2310666666666666,0.4022773623385452
Limpopo,Ward 93403027,LIM343,6313,0.4560430856961824,False,8.750366278367625,0.4581760666599884,2016,0.0281988155077108,-0.1315174026688678,0.4244165170556553
Limpopo,Ward 93403028,LIM343,4951,0.3867905473641688,False,8.507344855361422,0.45995177277106575,2016,-0.0783102133458272,-0.3392499666355265,0.4059820121313532
Limpopo,Ward 93403029,LIM343,5102,0.471187769502156,False,8.537387898701757,0.45778774143419426,2016,-0.0181290334522095,-0.327090477446584,0.3686592494814256
Limpopo,Ward 93403030,LIM343,5689,0.4348743188609597,False,8.646289764750648,0.45871885555319925,2016,0.0183144213593581,-0.08888532991672,0.3889697852202403
Limpopo,Ward 93403031,LIM343,5523,0.4593518015571247,False,8.616676469901188,0.4580912277917591,2016,0.0419556642777027,-0.2325969153814089,0.422537535060221
Limpopo,Ward 93403032,LIM343,5588,0.4364710093056549,False,8.628376720376853,0.45867791477256603,2016,-0.0183659762635594,-0.2533404596472475,0.4143780290791599
Limpopo,Ward 93403033,LIM343,6071,0.4343600724757042,False,8.711278615130434,0.45873204135794937,2016,-0.1128659085797761,-0.1784844384303112,0.3979955834890437
Limpopo,Ward 93403034,LIM343,4843,0.4947346685938468,False,8.48528964240323,0.45718397479081757,2016,-0.0279470356668048,-0.3931077694235588,0.4866350710900474
Limpopo,Ward 93403035,LIM343,6016,0.4509640957446808,False,8.702177865629675,0.4583062971715654,2016,-0.0431976456420857,-0.132766325500937,0.4152322182526794
Limpopo,Ward 93403036,LIM343,5611,0.51898057387275,False,8.632484235750972,0.45656228491187134,2016,0.1192736141657903,-0.1778754578754579,0.415436005625879
Limpopo,Ward 93403037,LIM343,6192,0.4363695090439276,False,8.731013415269564,0.45868051734337956,2016,-0.0423949697205511,-0.0804870804870805,0.3650159744408945
Limpopo,Ward 93403038,LIM343,5135,0.4979552093476144,False,8.543835122362658,0.4571013968227722,2016,0.0105778174839707,-0.1743045505708312,0.3843772760378732
Limpopo,Ward 93403039,LIM343,5111,0.4817061240461749,False,8.53915035876828,0.4575180400356297,2016,-0.0311398660177001,-0.2745209368346345,0.4256206554121152
Limpopo,Ward 93403040,LIM343,5003,0.4153507895262842,False,8.517793011488205,0.459219458869473,2016,-0.1048632413892925,-0.2563912009512485,0.3514582303509639
Limpopo,Ward 93404001,LIM344,4506,0.5088770528184643,False,8.41316512099219,0.45658423225282435,2016,0.0099480442505328,-0.3105875152998776,0.4471472799646174
Limpopo,Ward 93404002,LIM344,5386,0.4667656888228741,False,8.591558273371545,0.45772237722567816,2016,0.0033962916049452,-0.1675425038639876,0.4045158821278224
Limpopo,Ward 93404003,LIM344,4857,0.3885114268066708,False,8.488176242345745,0.4598373572801702,2016,-0.1417524859873625,-0.3033562822719449,0.4615889691398555
Limpopo,Ward 93404004,LIM344,4439,0.1572426222122099,False,8.398184404834035,0.4660878655124529,2016,-0.3387211222998989,-0.3713355048859935,0.5226407109606432
Limpopo,Ward 93404005,LIM344,4766,0.3248006714225765,False,8.469262657658687,0.46155926958784843,2016,-0.1839431350478403,-0.3054503060332264,0.3997293029551094
Limpopo,Ward 93404006,LIM344,4453,0.4763081068942286,False,8.401333305321703,0.4574644740345605,2016,0.0378465684326901,-0.2553511705685618,0.4286734936889735
Limpopo,Ward 93404007,LIM344,5132,0.6289945440374123,False,8.543250725735527,0.45333781357123126,2016,0.1958316514150602,-0.0628195763330898,0.5470897332255457
Limpopo,Ward 93404008,LIM344,4102,0.538030229156509,False,8.319229938632326,0.4557963085680124,2016,0.0939180796237987,-0.2332710280373832,0.4809449520837976
Limpopo,Ward 93404009,LIM344,3633,0.5488576933663639,False,8.197814032221203,0.4555036744001784,2016,0.0301190438699134,-0.4001981178801387,0.448229190164674
Limpopo,Ward 93404010,LIM344,4405,0.4360953461975028,False,8.39049553837028,0.45855130540474226,2016,-0.0041634057050847,-0.161910197869102,0.3848095456631482
Limpopo,Ward 93404011,LIM344,4986,0.4659045326915363,False,8.514389264083503,0.45774565171571435,2016,-0.0417242592668194,-0.1050080775444265,0.4403205398566006
Limpopo,Ward 93404012,LIM344,5203,0.552373630597732,False,8.556990661290303,0.455408649069601,2016,0.004585448486011,-0.1599935421375524,0.4827111984282907
Limpopo,Ward 93404013,LIM344,4331,0.4507042253521127,False,8.373553741214627,0.4581564708329961,2016,0.0050241569175532,-0.2590248075278015,0.3893129770992366
Limpopo,Ward 93404014,LIM344,5170,0.3868471953578336,False,8.550627967502475,0.4598823365085171,2016,-0.1145027877673773,-0.1275734053324333,0.4322001527883881
Limpopo,Ward 93404015,LIM344,5293,0.4749669374645758,False,8.574140471857987,0.45750072185698354,2016,-0.0062467081886233,-0.1678981292249646,0.4160116980442332
Limpopo,Ward 93404016,LIM344,4428,0.4525745257452574,False,8.395703293828527,0.45810592217372187,2016,-0.0050854613264943,-0.2844214608920491,0.4327766179540709
Limpopo,Ward 93404017,LIM344,4372,0.4425892040256176,False,8.382975849296429,0.4583757957337122,2016,-0.002022419070113,-0.177731803648674,0.4065089953507176
Limpopo,Ward 93404018,LIM344,4017,0.4329101319392581,False,8.298290634359283,0.45863739227658673,2016,-0.072672790885044,-0.3403940886699507,0.3947482638888889
Limpopo,Ward 93404019,LIM344,5069,0.4588676267508384,False,8.53089883847235,0.45793583836276025,2016,-0.0279358923107451,-0.0709310850439882,0.4700700248475265
Limpopo,Ward 93404020,LIM344,4374,0.4970278920896205,False,8.383433201236713,0.45690447984009047,2016,-0.0506962668386791,-0.3341452275841071,0.4525077674212162
Limpopo,Ward 93404021,LIM344,4725,0.4368253968253968,False,8.460622839927844,0.45853157430669106,2016,-0.0806849033511776,-0.3047380812242496,0.3916971916971917
Limpopo,Ward 93404022,LIM344,5255,0.4711703139866793,False,8.566935283311052,0.4576033333023321,2016,-0.0436245200823087,-0.1409187510217426,0.4361413043478261
Limpopo,Ward 93404023,LIM344,4882,0.5180253994264645,False,8.493310250952906,0.4563369796417974,2016,0.0135427696169763,-0.0881583862532685,0.4661962212610972
Limpopo,Ward 93404024,LIM344,4884,0.4807534807534807,False,8.493719835230594,0.4573443287951212,2016,-0.0661852947567234,-0.2332810047095761,0.4390743395453614
Limpopo,Ward 93404025,LIM344,4939,0.5100222717149221,False,8.504918160540624,0.45655328039075793,2016,-0.0320053920637676,-0.2492780057759538,0.4100850546780072
Limpopo,Ward 93404026,LIM344,4904,0.5473083197389886,False,8.497806477616047,0.4555455493630805,2016,-0.0054420564522836,-0.180070222370841,0.4335006273525721
Limpopo,Ward 93404027,LIM344,5266,0.4266995822255982,False,8.569026340056254,0.4588052449715505,2016,-0.020030880294338,-0.1601275917065391,0.3684866099231887
Limpopo,Ward 93404028,LIM344,5639,0.5410533782585565,False,8.637462023807181,0.4557146018355246,2016,0.0388959612075223,-0.1609879482219908,0.4755411255411255
Limpopo,Ward 93404029,LIM344,4395,0.4796359499431172,False,8.388222810119277,0.45737453233053654,2016,-0.10352882366821,-0.3161661739536331,0.3921765295887663
Limpopo,Ward 93404030,LIM344,5268,0.4504555808656036,False,8.569406062863171,0.45816319095425306,2016,-0.0632046643182842,-0.0774080560420314,0.3965825551361017
Limpopo,Ward 93404031,LIM344,4831,0.5073483750776236,False,8.482808764554406,0.45662554786744175,2016,-0.0319096059404954,-0.1663503019844693,0.532167530224525
Limpopo,Ward 93404032,LIM344,5227,0.4008035201836618,False,8.561592778712923,0.4595051385402515,2016,-0.0524836770481721,-0.1778861277131173,0.3290707587382779
Limpopo,Ward 93404033,LIM344,4508,0.4185891748003549,False,8.413608875159667,0.45902444517223273,2016,0.0134181716912074,-0.2623138602520045,0.4079826620913852
Limpopo,Ward 93404034,LIM344,5283,0.4039371569184176,False,8.572249397164315,0.45942044565552836,2016,0.029799565749484,0.0413956238911885,0.3675756443780351
Limpopo,Ward 93404035,LIM344,4251,0.4387203011056222,False,8.35490952835879,0.4584803606774958,2016,0.0539324708414108,-0.3192954363490793,0.3830334190231362
Limpopo,Ward 93404036,LIM344,5227,0.3627319686244499,False,8.561592778712923,0.4605340993932032,2016,-0.0865892983438759,-0.2116138763197587,0.3744588744588744
Limpopo,Ward 93404037,LIM344,4463,0.4461124803943536,False,8.40357646462927,0.4582805720480706,2016,-0.0135433513456081,-0.1466539196940727,0.4517982017982018
Limpopo,Ward 93404038,LIM344,5492,0.4730517115804807,False,8.61104776688786,0.45755248471871585,2016,0.0178047980002337,-0.0582990397805213,0.385968266105907
Limpopo,Ward 93501001,LIM351,3582,0.5072585147962032,False,8.183676582620658,0.5085674957681541,2016,-0.003137846477351,0.1637426900584795,0.4528083381586566
Limpopo,Ward 93501002,LIM351,3551,0.4902844269219938,False,8.174984532943087,0.5094162001618645,2016,-0.0291014695130829,-0.0759823054905022,0.4279385705847607
Limpopo,Ward 93501003,LIM351,3760,0.4507978723404255,False,8.23217423638394,0.5113905278909429,2016,-0.0286791723540104,0.1432046214654909,0.4054794520547945
Limpopo,Ward 93501004,LIM351,3385,0.478877400295421,False,8.127109185346375,0.5099865514931932,2016,0.0250747604462694,0.0637963544940289,0.4618149146451033
Limpopo,Ward 93501005,LIM351,4404,0.5758401453224341,False,8.390268497842571,0.5051384142418425,2016,0.0399581869052644,0.476861167002012,0.4520843315764254
Limpopo,Ward 93501006,LIM351,3467,0.5370637438707817,False,8.151044945685024,0.5070772343144251,2016,0.0480424138833287,0.0875156838143036,0.4136390708755211
Limpopo,Ward 93501007,LIM351,3922,0.4882712901580826,False,8.274357006756292,0.50951685700006,2016,0.0098162192174625,0.0304781923279033,0.4636434714620797
Limpopo,Ward 93501008,LIM351,3802,0.4547606522882693,False,8.243282523048375,0.5111923888935507,2016,0.0168429597100068,0.3373197326767498,0.3775557620817844
Limpopo,Ward 93501009,LIM351,4294,0.4625058220773171,False,8.364973978438726,0.5108051304040984,2016,-0.0533139286417624,0.0292425695110258,0.4309582309582309
Limpopo,Ward 93501010,LIM351,3841,0.4977870346263994,False,8.253488028345904,0.5090410697766441,2016,-0.0177876162865974,0.0314178302900107,0.4469072164948454
Limpopo,Ward 93501011,LIM351,3749,0.4742598026140304,False,8.229244416735913,0.5102174313772626,2016,-0.0197264516815022,0.0735967926689575,0.5118129818453121
Limpopo,Ward 93501012,LIM351,3939,0.5168824574765168,False,8.278682162970906,0.5080862986341383,2016,-0.0303812241155229,0.2248134328358209,0.4665625813166796
Limpopo,Ward 93501013,LIM351,3374,0.5669828097213989,False,8.123854263105914,0.5055812810218943,2016,0.0906876762834083,0.0593406593406593,0.4937733499377335
Limpopo,Ward 93501014,LIM351,4148,0.4975891996142719,False,8.330381569349418,0.5090509615272506,2016,0.0075698821641753,0.3354797166773986,0.4294270833333333
Limpopo,Ward 93501015,LIM351,3621,0.5175365921016294,False,8.19450550976564,0.5080535919028827,2016,-0.0472957924651005,0.1451612903225807,0.517436915225404
Limpopo,Ward 93501016,LIM351,4415,0.5648924122310306,False,8.392763113038061,0.5056858008964127,2016,0.0330101314217111,0.3534641324340895,0.5304250559284116
Limpopo,Ward 93501017,LIM351,3724,0.5483351235230934,False,8.222553638396958,0.5065136653318094,2016,0.0038136256035372,0.033009708737864,0.4994419642857143
Limpopo,Ward 93501018,LIM351,4367,0.496908632928784,False,8.381831553485561,0.509084989861525,2016,-0.1125907252226922,0.1211810012836971,0.4159190246146768
Limpopo,Ward 93501019,LIM351,4452,0.4887690925426775,False,8.401108712395436,0.5094919668808303,2016,0.0471226034385612,0.0779661016949153,0.3627781523937963
Limpopo,Ward 93501020,LIM351,3675,0.5376870748299319,False,8.209308411646937,0.5070460677664675,2016,-0.0352625654578377,0.0575539568345324,0.4854545454545454
Limpopo,Ward 93501021,LIM351,3377,0.5253183298785905,False,8.124743020385568,0.5076645050140346,2016,-0.0142152309860283,-0.0395335608646189,0.4322766570605187
Limpopo,Ward 93503001,LIM353,3199,0.533291653641763,False,8.070593539949519,0.5194403077237786,2016,0.0242069776047386,0.0966746657524855,0.4551517939282428
Limpopo,Ward 93503002,LIM353,4321,0.5723212219393659,False,8.371242135931933,0.5164380332393476,2016,0.0272612270453143,0.1031401582844013,0.5227027027027027
Limpopo,Ward 93503003,LIM353,3261,0.5001533272002453,False,8.089789175789319,0.5219894097577414,2016,0.0134818574596112,0.1747118155619595,0.4767628205128205
Limpopo,Ward 93503004,LIM353,3371,0.5161673094037378,False,8.12296471523406,0.5207575649728574,2016,0.0297908609226854,0.0557469464453492,0.4295240982115793
Limpopo,Ward 93503005,LIM353,3547,0.5336904426275726,False,8.173857454773621,0.5194096316479471,2016,-0.0088445761629979,0.2118209771096686,0.484248675773627
Limpopo,Ward 93503006,LIM353,3739,0.5140411874832843,False,8.226573474977114,0.5209211128128923,2016,0.0597679158447432,0.017691888949374,0.4005051922537188
Limpopo,Ward 93503007,LIM353,4186,0.5711896798853321,False,8.339500903005945,0.5165250749358117,2016,0.0620786914811355,0.1557150745444506,0.5117739403453689
Limpopo,Ward 93503008,LIM353,3776,0.5161546610169492,False,8.236420527265391,0.5207585379256874,2016,0.0173292890514049,-0.0143565648655703,0.4899436846339501
Limpopo,Ward 93503009,LIM353,3746,0.5688734650293646,False,8.228443883004033,0.5167032453093477,2016,0.0437093512438067,0.0246170678336981,0.4969005702950657
Limpopo,Ward 93503010,LIM353,3836,0.4992179353493222,False,8.252185436003328,0.5220613629770432,2016,-0.0598087994058595,0.1522979873835988,0.430166076776477
Limpopo,Ward 93503011,LIM353,3597,0.4906866833472338,False,8.187855443695623,0.52271761313105,2016,0.0093446771849606,0.2314275932899692,0.4201202151217969
Limpopo,Ward 93503012,LIM353,3553,0.5074584857866592,False,8.175547596021026,0.5214274744818634,2016,0.0374856070574844,0.3765982177450599,0.5310796074154853
Limpopo,Ward 93503013,LIM353,3335,0.4923538230884557,False,8.112227958349724,0.5225893716124945,2016,-0.0718587883344561,0.101023440079234,0.4476273148148148
Limpopo,Ward 93503014,LIM353,3752,0.4704157782515991,False,8.230044310126114,0.524276913523022,2016,-0.0526701364181846,0.0964348334307423,0.4183389074693422
Limpopo,Ward 93504001,LIM354,7463,0.4889454642904998,False,8.917712757131387,0.52374461123224,2016,-0.0280328453579669,0.1163799551234106,0.4738251041046996
Limpopo,Ward 93504002,LIM354,6315,0.4916864608076009,False,8.750683034784592,0.5236705302452914,2016,0.0006475361366404,-0.1157938952674321,0.4563433337817839
Limpopo,Ward 93504003,LIM354,6448,0.4984491315136476,False,8.771525284186465,0.5234877553613441,2016,0.0116941646262304,0.0675496688741721,0.4164460364429216
Limpopo,Ward 93504004,LIM354,6564,0.5062461913467398,False,8.789355452209982,0.5232770240145038,2016,0.0415083974950218,0.0790728259082689,0.4773011897307451
Limpopo,Ward 93504005,LIM354,7645,0.4759973839110529,False,8.941807118363164,0.5240945593506035,2016,0.0162878167128752,0.0884111617312073,0.4099971518086015
Limpopo,Ward 93504006,LIM354,6337,0.4872968281521224,False,8.754160749323518,0.5237891689657097,2016,0.0310936370091722,0.0317486160859654,0.451705402958044
Limpopo,Ward 93504007,LIM354,6270,0.4814992025518341,False,8.743531633626967,0.5239458615495013,2016,-0.0118384640065019,0.0188495287617809,0.4474752394869297
Limpopo,Ward 93504008,LIM354,8399,0.5529229670198833,False,9.035867930125628,0.5220154895368513,2016,0.0055597664908701,0.3884939659447843,0.3809842651489789
Limpopo,Ward 93504009,LIM354,7379,0.5320504133351402,False,8.906393407058367,0.5225796126094119,2016,0.0162282073720891,0.3497347722699835,0.4594073717176584
Limpopo,Ward 93504010,LIM354,7893,0.5556822500950209,False,8.973731569708402,0.5219409143186043,2016,0.0887433463727027,0.2396733155332182,0.4521452145214521
Limpopo,Ward 93504011,LIM354,7005,0.5357601713062099,False,8.854379458771108,0.5224793488804641,2016,0.0469134698349237,0.1082107261509255,0.4506112125895742
Limpopo,Ward 93504012,LIM354,5659,0.4905460328679978,False,8.641002477142523,0.5237013526220374,2016,0.1745193216826889,-0.0552587646076794,0.3950349883372209
Limpopo,Ward 93504013,LIM354,6933,0.5772392903504976,False,8.84404789894249,0.5213582916089968,2016,0.1161526530524065,0.0180616740088106,0.4939589442815249
Limpopo,Ward 93504014,LIM354,7761,0.5708027316067517,False,8.95686647085414,0.5215322526561251,2016,0.0861646479407214,0.3471619510501649,0.4710782588290508
Limpopo,Ward 93504015,LIM354,7365,0.5585879158180583,False,8.90449432889673,0.5218623828125762,2016,-0.0223860366168227,0.1915547646011972,0.4201680672268907
Limpopo,Ward 93504016,LIM354,7848,0.5816768603465852,False,8.9680140012452,0.5212383572847782,2016,0.0341291764228794,0.0692098092643052,0.4712448434845911
Limpopo,Ward 93504017,LIM354,6339,0.5161697428616501,False,8.754476306284166,0.5230088199195062,2016,0.0745565807428699,0.2718699839486356,0.4680139186295503
Limpopo,Ward 93504018,LIM354,7628,0.504719454640797,False,8.93958096672031,0.5233182871687185,2016,0.0625593272338186,0.1043868539163168,0.4538841257469472
Limpopo,Ward 93504019,LIM354,6684,0.5124177139437462,False,8.807471889715284,0.5231102261064766,2016,0.0734858131695322,0.0560910096381734,0.4036144578313253
Limpopo,Ward 93504020,LIM354,6373,0.5873215126314137,False,8.759825595314295,0.521085799114918,2016,0.0653634706733717,-0.1086713286713286,0.43027591349739
Limpopo,Ward 93504021,LIM354,6372,0.620527306967985,False,8.759668671029939,0.5201883452139295,2016,0.058209310462452,-0.0722189866045428,0.5368190528332877
Limpopo,Ward 93504022,LIM354,7112,0.5812710911136107,False,8.86953877719374,0.5212493240208046,2016,0.0634858022032615,0.1446966038950587,0.4714209401709401
Limpopo,Ward 93504023,LIM354,7710,0.6265888456549935,False,8.950273466557375,0.5200245198440104,2016,0.2063007161157626,-0.0820335754256459,0.4382117761085534
Limpopo,Ward 93504024,LIM354,7012,0.5907016543069025,False,8.855378246041125,0.5209944439344995,2016,0.0248370186828761,0.2137787779124111,0.4493518239372927
Limpopo,Ward 93504025,LIM354,7825,0.4962300319488817,False,8.965079015408355,0.5235477310252566,2016,0.0957730196666766,0.1175378463296201,0.4038157734840199
Limpopo,Ward 93504026,LIM354,7723,0.2971643143856014,False,8.951958168569265,0.5289278855539941,2016,0.1288723986888414,0.2146901541365209,0.1683545968696567
Limpopo,Ward 93504027,LIM354,7282,0.4901126064268058,False,8.893160828735379,0.5237130668501777,2016,0.0566158485587052,0.1516685117823817,0.423616060822048
Limpopo,Ward 93504028,LIM354,6600,0.5127272727272727,False,8.794824928014517,0.5231018596528678,2016,0.013478650252736,0.1020203706795792,0.4276522519826425
Limpopo,Ward 93504029,LIM354,5933,0.4786785774481712,False,8.688285266258644,0.524022094660411,2016,0.0235540841071173,0.1451457247635592,0.4586442786069651
Limpopo,Ward 93504030,LIM354,7036,0.4782546901648664,False,8.85879510585745,0.5240335510734734,2016,-0.0498250199800611,0.2746376811594202,0.4568430387230269
Limpopo,Ward 93504031,LIM354,6610,0.510590015128593,False,8.796338932845732,0.523159623371751,2016,-0.0027179696622814,0.0472116603295309,0.4293870192307692
Limpopo,Ward 93504032,LIM354,6950,0.562158273381295,False,8.846496938558838,0.5217658866622185,2016,0.0231856595423709,0.1262356182142279,0.4790299572039942
Limpopo,Ward 93504033,LIM354,6075,0.5134156378600823,False,8.711937268208748,0.5230832551898189,2016,0.0018616228398626,-0.1226169844020796,0.4316312276889648
Limpopo,Ward 93504034,LIM354,7069,0.4740415900410242,False,8.863474306170954,0.524147418644388,2016,-0.0008387927340954,0.0569677033492823,0.4362022053558642
Limpopo,Ward 93504035,LIM354,7577,0.488055958822753,False,8.932872621931374,0.5237686519205575,2016,-0.0492817035149093,0.3667027417027417,0.4558033315421816
Limpopo,Ward 93504036,LIM354,6388,0.545554164057608,False,8.762176509334903,0.5222146463736695,2016,0.0008387169031365,0.03869918699187,0.4644882860665845
Limpopo,Ward 93504037,LIM354,6463,0.5277734798081386,False,8.773848885262895,0.522695205407439,2016,0.0815287540697419,0.090801687763713,0.45598719627528
Limpopo,Ward 93504038,LIM354,6210,0.5676328502415459,False,8.733916174927524,0.521617925125455,2016,0.0237299820381321,0.0927327115959879,0.4653465346534653
Limpopo,Ward 93505001,LIM355,3967,0.4527350642803125,False,8.28576542051433,0.49356323188623913,2016,0.0307582871633484,0.1234777683375814,0.4180626365622724
Limpopo,Ward 93505002,LIM355,3974,0.4859084046300956,False,8.287528423111763,0.4923784697308898,2016,0.0598539465414677,0.0608649225840896,0.3806434872859366
Limpopo,Ward 93505003,LIM355,2995,0.476126878130217,False,8.00469951054955,0.4927278099630283,2016,0.0534464657590829,-0.0351159793814432,0.4434811603867956
Limpopo,Ward 93505004,LIM355,3169,0.5086778163458504,False,8.06117135969092,0.4915652764553271,2016,0.0001664074360351,0.1477725461789207,0.4106641721234799
Limpopo,Ward 93505005,LIM355,3365,0.4707280832095096,False,8.121183242078828,0.4929206240673393,2016,-0.0523630497954165,0.0360221674876848,0.4321103794292882
Limpopo,Ward 93505006,LIM355,3453,0.4975383724297712,False,8.146998697389993,0.4919631137380442,2016,0.0546398217051335,0.0008695652173913,0.4205908160280784
Limpopo,Ward 93505007,LIM355,3627,0.5555555555555556,False,8.196161139282902,0.48989107148355193,2016,0.0415920754266618,-0.026047261009667,0.4064296915838996
Limpopo,Ward 93505008,LIM355,3599,0.4676298971936649,False,8.188411308079031,0.4930312735679051,2016,0.0361530511360929,0.1260951188986232,0.4132124352331606
Limpopo,Ward 93505009,LIM355,3005,0.4386023294509151,False,8.008032846969307,0.4940679724158605,2016,0.0068002093095723,0.0618374558303886,0.3828351012536162
Limpopo,Ward 93505010,LIM355,3065,0.4610114192495921,False,8.027802848370312,0.49326764778019344,2016,0.0125854313058546,0.0264567983924983,0.372907949790795
Limpopo,Ward 93505011,LIM355,3403,0.4695856597120188,False,8.132412674500905,0.4929614249065354,2016,-0.055513214641495,0.0352905384849406,0.3920792079207921
Limpopo,Ward 93505012,LIM355,3082,0.4860480207657365,False,8.033334015880062,0.49237348344033116,2016,0.0107937834776009,0.0447457627118643,0.4306400231682595
Limpopo,Ward 93505013,LIM355,3610,0.5977839335180055,False,8.191463051326927,0.4883829151277501,2016,0.0632484811952671,0.1033007334963325,0.4593290944968208
Limpopo,Ward 93505014,LIM355,4322,0.450023137436372,False,8.371473537066832,0.49366008641637993,2016,-0.0428496695811718,0.1847587719298244,0.4324404761904762
Limpopo,Ward 93505015,LIM355,4049,0.5485305013583601,False,8.30622521603216,0.49014196627630885,2016,0.1004766529533264,0.1849575651155985,0.416893115942029
Limpopo,Ward 93505016,LIM355,3026,0.4976867151354924,False,8.014996894348302,0.49195781578426845,2016,0.071832541130561,0.0658682634730538,0.3968729208250166
Limpopo,Ward 93505017,LIM355,4016,0.5229083665338645,False,8.298041661371565,0.4910570425200409,2016,0.0547526164584042,0.2121943857530939,0.4353125
Limpopo,Ward 93505018,LIM355,2922,0.4757015742642026,False,7.980023592310645,0.4927429993868145,2016,0.0499059293730803,-0.0211055276381909,0.4409293129016312
Limpopo,Ward 93505019,LIM355,3701,0.4977033234261011,False,8.216358332386156,0.4919572226310324,2016,-0.0074201046130232,-0.1380996739636703,0.4565548780487805
Limpopo,Ward 93505020,LIM355,3717,0.4694646220069949,False,8.220672170297252,0.49296574768171475,2016,-0.011602503638444,0.0662650602409637,0.3908136482939632
Limpopo,Ward 93505021,LIM355,3559,0.3652711435796572,False,8.177234885510194,0.49668694333983404,2016,-0.0039015861427896,-0.0409593101589867,0.3826188393117527
Limpopo,Ward 93505022,LIM355,4036,0.4449950445986125,False,8.3030093814735,0.4938396611605856,2016,0.0588360530884504,0.0383329045536402,0.3771545427987146
Limpopo,Ward 93505023,LIM355,2994,0.4288577154308617,False,8.004365564979574,0.4944159943451481,2016,0.0245639301201272,-0.3233898305084746,0.3655438983986747
Limpopo,Ward 93505024,LIM355,3120,0.5028846153846154,False,8.045588280803528,0.4917721764896569,2016,0.061009004834306,0.0159557147508955,0.4032946918852959
Limpopo,Ward 93505025,LIM355,3569,0.508265620622023,False,8.18004072349016,0.49157999773117805,2016,0.0353008575600545,0.0841433778857836,0.4745716616807179
Limpopo,Ward 93505026,LIM355,4018,0.5139372822299652,False,8.29853954537488,0.49137743838803727,2016,0.0351926317306784,0.1463623395149786,0.439149560117302
Limpopo,Ward 93505027,LIM355,3905,0.4991037131882202,False,8.270013062273787,0.4919072087109568,2016,-0.0095126071361588,-0.0103902686264572,0.483580637314522
Limpopo,Ward 93505028,LIM355,3403,0.5545107258301498,False,8.132412674500905,0.4899283868308878,2016,0.0057962468044393,0.1512178619756428,0.5679179044018363
Limpopo,Ward 93505029,LIM355,3704,0.6247300215982722,False,8.21716859576607,0.48742055483916913,2016,-0.0634602927602664,0.048994619088077,0.6250655479811221
Limpopo,Ward 93601001,LIM361,2999,0.5288429476492164,False,8.00603417874901,0.4994761169340666,2016,0.0662277206092709,0.0238989416182997,0.4712166172106825
Limpopo,Ward 93601002,LIM361,4190,0.698090692124105,False,8.340456012916183,0.48408995834544033,2016,0.1395090799873841,-0.2341436666057393,0.5598365440747227
Limpopo,Ward 93601003,LIM361,6413,0.4660845158272259,False,8.766082459148864,0.5051814289178839,2016,-0.004571410524903,0.4759493670886077,0.2951773835920177
Limpopo,Ward 93601004,LIM361,3370,0.5160237388724036,False,8.122668023346407,0.5006414995501405,2016,0.070487293335958,0.38001638001638,0.5381210034431874
Limpopo,Ward 93601005,LIM361,2845,0.4119507908611599,False,7.953318346560431,0.5101026766420718,2016,0.0531937287142672,0.1481033091202583,0.4081996434937611
Limpopo,Ward 93601006,LIM361,2741,0.4202845676760306,False,7.916078096302786,0.5093450605679926,2016,0.1290474542739687,-0.1169458762886598,0.3631732168850072
Limpopo,Ward 93601007,LIM361,4124,0.4498060135790495,False,8.32457884513685,0.5066612927586273,2016,-0.0853260831044806,0.1590781337830242,0.3171694389625035
Limpopo,Ward 93601008,LIM361,3441,0.5056669572798606,False,8.14351740579748,0.5015830251494626,2016,0.1079588345970159,0.159757330637007,0.3538261515601783
Limpopo,Ward 93601009,LIM361,3957,0.5635582512004044,False,8.283241441385425,0.496320180247595,2016,-0.0631317838521745,-0.0092638958437656,0.4524759446139404
Limpopo,Ward 93601010,LIM361,4126,0.5014541929229278,False,8.325063693631197,0.5019660037273656,2016,0.0155489328241193,0.1990700377797152,0.3952451708766716
Limpopo,Ward 93601011,LIM361,2667,0.4225721784776903,False,7.888709524182015,0.5091370959496598,2016,-0.0079923899843473,-0.1346528228423101,0.3054325955734406
Limpopo,Ward 93601012,LIM361,4336,0.5387453874538746,False,8.374707543119483,0.4985758951336431,2016,-0.2849435818047149,2.9204339963833634,0.4754510162137474
Limpopo,Ward 93602001,LIM362,6487,0.4188376753507014,False,8.777555453213056,0.5255189483290196,2016,-0.1771219206088945,1.259491466388018,0.303357314148681
Limpopo,Ward 93602002,LIM362,6592,0.3211468446601941,False,8.793612071589308,0.5343999329372475,2016,-0.0677784502284035,1.1598951507208386,0.2697864998921717
Limpopo,Ward 93602003,LIM362,4072,0.5741650294695482,False,8.311889558230359,0.5113982797727608,2016,0.0660623961137075,0.37474679270763,0.3532289628180039
Limpopo,Ward 93602004,LIM362,3803,0.4567446752563765,False,8.24354550792826,0.5220728574285037,2016,-0.0275336114482533,-0.0584303045308244,0.3736588975212727
Limpopo,Ward 93602005,LIM362,4916,0.524206672091131,False,8.500250470685925,0.5159399486253442,2016,0.027624640841131,0.2001953125,0.5833130031715053
Limpopo,Ward 93602006,LIM362,3751,0.5065315915755798,False,8.229777750081887,0.517546774126758,2016,-0.0598996226861087,0.2616885301042717,0.5231429216527432
Limpopo,Ward 93602007,LIM362,4079,0.554302525128708,False,8.313607139317558,0.5132039619855644,2016,-0.0132361828264441,0.0888948211425519,0.5538631346578367
Limpopo,Ward 93602008,LIM362,4859,0.5682239143856761,False,8.488587934405903,0.5119383811440219,2016,0.0280496646276896,0.1759438528557599,0.628700986929848
Limpopo,Ward 93602009,LIM362,4033,0.530374411108356,False,8.302265794873367,0.5153792450783237,2016,-0.0063344496511376,0.021012658227848,0.5918416030534351
Limpopo,Ward 93602010,LIM362,3676,0.6085418933623504,False,8.209580483475577,0.5082731103279606,2016,0.06274229822065,-0.0698380566801619,0.6042684494728722
Limpopo,Ward 93602011,LIM362,3908,0.59007164790174,False,8.270781013162674,0.5099522235516525,2016,0.0626882807617805,0.132425383946682,0.5703617269544924
Limpopo,Ward 93602012,LIM362,4138,0.5463992266795553,False,8.327967858305488,0.5139224436627602,2016,0.0267888028838195,0.0892340089497236,0.557860004713646
Limpopo,Ward 93606001,LIM366,3398,0.6209535020600353,False,8.130942302231878,0.5446012967195801,2016,0.0576513312471689,-0.4615750277293614,0.5600558659217877
Limpopo,Ward 93606002,LIM366,3201,0.5392064979693846,False,8.071218539969863,0.5548196722309114,2016,-0.0624124670494069,-0.0745880312228968,0.4586535505687058
Limpopo,Ward 93606003,LIM366,3196,0.5150187734668336,False,8.069655306886165,0.5578431377937304,2016,-0.0281855469652096,0.4383438343834382,0.4609427609427609
Limpopo,Ward 93606004,LIM366,3725,0.5280536912751678,False,8.22282213081366,0.5562137730676886,2016,-0.1083319676395608,-0.097625968992248,0.4960974086793631
Limpopo,Ward 93606005,LIM366,2944,0.5978260869565217,False,7.987524479848767,0.5474922236075194,2016,0.0005537243411988,0.1809065383072603,0.5470027247956403
Limpopo,Ward 93606006,LIM366,2942,0.5336505778382054,False,7.9868449011613825,0.5555141622473089,2016,-0.052694803687899,0.0741146403797006,0.5165702261967385
Limpopo,Ward 93606007,LIM366,3702,0.5777957860615883,False,8.216628493133443,0.549996011219386,2016,-0.085068599236257,0.1730038022813689,0.5413555427914991
Limpopo,Ward 93606008,LIM366,3018,0.5212060967528165,False,8.012349639327795,0.5570697223829825,2016,-0.0409112961171871,0.086784299603889,0.4853484363457276
Limpopo,Ward 93606009,LIM366,4086,0.5440528634361234,False,8.315321775377567,0.5542138765475692,2016,-0.0775946461424207,2.913793103448276,0.4452261306532663
Limpopo,Ward 93607001,LIM367,4696,0.5251277683134583,False,8.454466361507933,0.4871078074688072,2016,0.0199686025615373,0.0309549945115257,0.4739843193157519
Limpopo,Ward 93607002,LIM367,3770,0.473209549071618,False,8.234830280442056,0.4887825887346731,2016,0.0070701521363732,-0.0682155215027187,0.4294727354664263
Limpopo,Ward 93607003,LIM367,4264,0.5649624765478424,False,8.357962965845681,0.4858228168806013,2016,-0.0113832791457394,0.10351966873706,0.5282544040265386
Limpopo,Ward 93607004,LIM367,4309,0.5437456486423764,False,8.368461137615839,0.4865072306840034,2016,0.0254480070050763,0.1680672268907563,0.4190031152647975
Limpopo,Ward 93607005,LIM367,4135,0.4766626360338573,False,8.327242607457793,0.48867119883266535,2016,-0.0138296796733581,0.0771034123469653,0.4577502691065662
Limpopo,Ward 93607006,LIM367,4116,0.5162779397473275,False,8.32263709695394,0.4873932858096502,2016,0.023045190690305,-0.0867539383181716,0.452628839146278
Limpopo,Ward 93607007,LIM367,4062,0.4359921221073363,False,8.30943074214033,0.4899831508948112,2016,-0.1019927916857671,0.0942887931034481,0.4842377260981912
Limpopo,Ward 93607008,LIM367,3771,0.4645982498011137,False,8.235095497258357,0.4890603725821087,2016,-0.0432031686386025,-0.1085106382978723,0.4174950298210735
Limpopo,Ward 93607009,LIM367,4344,0.4689226519337016,False,8.37655086161377,0.488920875739122,2016,-0.0495337239052245,0.0412272291466921,0.381786718581008
Limpopo,Ward 93607010,LIM367,4642,0.475872468763464,False,8.442900586834382,0.4886966880994522,2016,-0.0138553175744918,0.192090395480226,0.4390368852459016
Limpopo,Ward 93607011,LIM367,4047,0.493451939708426,False,8.305731144875866,0.48812960839155023,2016,-0.0377317683950954,-0.1414934238438693,0.4207470974255426
Limpopo,Ward 93607012,LIM367,4672,0.4556934931506849,False,8.449342524508063,0.4893476227966386,2016,-0.018234664439118,0.0827346465816918,0.374750830564784
Limpopo,Ward 93607013,LIM367,4938,0.5194410692588093,False,8.504715669905124,0.4872912493737959,2016,0.0116563717499125,0.0983096085409251,0.3862118320610687
Limpopo,Ward 93607014,LIM367,4981,0.5039148765308171,False,8.513385953073284,0.48779209430050535,2016,0.0069120097077782,0.2981495960385718,0.3987867894855089
Limpopo,Ward 93607015,LIM367,3951,0.4581118704125538,False,8.281723990411392,0.48926961062690094,2016,-0.0347582358876795,0.0243712730101115,0.376833807751259
Limpopo,Ward 93607016,LIM367,3856,0.3962655601659751,False,8.257385655730436,0.4912646528929196,2016,-0.0808779467705725,-0.1230384352967932,0.3830655445039531
Limpopo,Ward 93607017,LIM367,4849,0.4844297793359455,False,8.486527777105353,0.48842064582292055,2016,-0.0581720947106877,0.0566572237960338,0.3466257668711656
Limpopo,Ward 93607018,LIM367,4917,0.4923733984136669,False,8.50045386741194,0.48816440004621986,2016,-0.0215335985441774,0.0684485006518904,0.2999386628501329
Limpopo,Ward 93607019,LIM367,4820,0.4614107883817427,False,8.480529207044645,0.48916319391821744,2016,-0.0436492257392269,0.1343845610731937,0.3225098727512067
Limpopo,Ward 93607020,LIM367,4425,0.4912994350282486,False,8.39502555744203,0.4881990440263947,2016,-0.0768342932832198,-0.0636902242911553,0.4323251417769376
Limpopo,Ward 93607021,LIM367,4674,0.4067180145485665,False,8.449770515098804,0.4909274769450941,2016,-0.0891403116439499,0.3350471293916024,0.4023765621798811
Limpopo,Ward 93607022,LIM367,3785,0.5001321003963012,False,8.23880116587155,0.4879141193371026,2016,0.0210384306929608,-0.115860780191544,0.4109229668495111
Limpopo,Ward 93607023,LIM367,5375,0.466046511627907,False,8.589513852995864,0.48901365445866374,2016,-0.0249501913900995,0.3631752472736496,0.4297504798464491
Limpopo,Ward 93607024,LIM367,4029,0.5214693472325639,False,8.301273485191347,0.4872258210520619,2016,0.0023449232694302,-0.0716589861751152,0.418610747051114
Limpopo,Ward 93607025,LIM367,4886,0.4838313548915268,False,8.494129251817686,0.4884399498372567,2016,-0.0871669239380772,0.0512048192771084,0.4062282128747385
Limpopo,Ward 93607026,LIM367,5125,0.4472195121951219,False,8.54188580400661,0.48962097702101165,2016,-0.0341565871323483,0.325659596482152,0.3621621621621622
Limpopo,Ward 93607027,LIM367,4342,0.4633809304467987,False,8.376090350438238,0.4890996409483769,2016,-0.0091541189671291,-0.0020684900022983,0.3364764267990074
Limpopo,Ward 93607028,LIM367,4757,0.4942190456169855,False,8.467372496432281,0.4881048630396612,2016,-0.0289246380860038,0.1468177434908388,0.3162428219852338
Limpopo,Ward 93607029,LIM367,5228,0.4910099464422341,False,8.561784074744113,0.488208382367879,2016,-0.0034058611179033,0.1228522336769759,0.3619750483219118
Limpopo,Ward 93607030,LIM367,5325,0.4873239436619718,False,8.580167990577626,0.48832728568337136,2016,-0.016657853835184,0.2116040955631399,0.37688127090301
Limpopo,Ward 93607031,LIM367,4508,0.6242236024844721,False,8.413608875159667,0.48391116765683906,2016,0.0118297145388014,-0.234634974533107,0.563984674329502
Limpopo,Ward 93607032,LIM367,4432,0.5381317689530686,False,8.39660622842712,0.4866883235772069,2016,0.0409368180414276,0.0359981299672744,0.4592716818399616
Limpopo,Ward 94701001,LIM471,3031,0.5163312438139228,False,8.016647877057803,0.5001172519074615,2016,0.0504030800005626,0.017455521987244,0.4325077399380805
Limpopo,Ward 94701002,LIM471,3808,0.4855567226890756,False,8.244859395911256,0.502168886649118,2016,0.0230504317982854,0.9164569703069956,0.4598174860170739
Limpopo,Ward 94701003,LIM471,3390,0.5144542772861357,False,8.128585200374497,0.5002423830093139,2016,0.0056381563793346,-0.2884130982367758,0.4468085106382978
Limpopo,Ward 94701004,LIM471,3321,0.4465522433002107,False,8.108021221376747,0.5047691852750423,2016,0.0238530799680899,0.2080756638777736,0.5352760736196319
Limpopo,Ward 94701005,LIM471,3512,0.5227790432801822,False,8.163940954755008,0.4996873986097109,2016,0.0720813688615775,0.6334883720930233,0.463743676222597
Limpopo,Ward 94701006,LIM471,2982,0.4852448021462106,False,8.000349495324684,0.5021896813519756,2016,0.0096916745854348,-0.1854684512428298,0.4703296703296703
Limpopo,Ward 94701007,LIM471,3137,0.5349059611093402,False,8.051022208190679,0.49887893742110034,2016,0.0984826633242704,-0.1421930544161881,0.417506478548805
Limpopo,Ward 94701008,LIM471,3993,0.5128975707488104,False,8.292298107063221,0.5003461634451356,2016,-0.0482353512926927,0.1197420078519349,0.4074784276126558
Limpopo,Ward 94701009,LIM471,3915,0.5128991060025543,False,8.272570608424903,0.5003460610948861,2016,-0.0005649462850274,0.0235294117647058,0.3983158969124776
Limpopo,Ward 94701010,LIM471,3796,0.55927291886196,False,8.241703159729818,0.49725447357092567,2016,-0.0609730062166788,0.0855018587360594,0.4513548387096774
Limpopo,Ward 94701011,LIM471,3339,0.4630128781072177,False,8.113426639943654,0.5036718096212418,2016,-0.0060577756600059,-0.021108179419525,0.4121540312876053
Limpopo,Ward 94701012,LIM471,4088,0.485078277886497,False,8.31581113188354,0.5022007829692899,2016,-0.0176580405214631,0.0169154228855721,0.401219512195122
Limpopo,Ward 94701013,LIM471,3506,0.5039931545921278,False,8.16223106548118,0.5009397911889145,2016,0.0068683702333008,0.0080506037952845,0.498837749883775
Limpopo,Ward 94701014,LIM471,3095,0.5079159935379645,False,8.037543185118697,0.5006782685925254,2016,-0.0366184194175011,0.0441970310391361,0.4390581717451524
Limpopo,Ward 94701015,LIM471,4163,0.493634398270478,False,8.333991247194975,0.5016303749436911,2016,-0.0719143822173268,0.0576727642276422,0.4430905566325118
Limpopo,Ward 94701016,LIM471,3858,0.4735614307931571,False,8.257904193465674,0.5029685727755125,2016,0.0380036111293771,-0.0173204279164543,0.4098499858477215
Limpopo,Ward 94702001,LIM472,3915,0.5358876117496807,False,8.272570608424903,0.516781483152897,2016,-0.0332598848673694,0.0595399188092016,0.4070976491862568
Limpopo,Ward 94702002,LIM472,4911,0.5055996742007738,False,8.499232866039245,0.5178258947925144,2016,-0.0048311033662812,0.3305337306962883,0.3636363636363636
Limpopo,Ward 94702003,LIM472,3727,0.4923530990072444,False,8.223358899479258,0.5182826732474637,2016,-0.0533053437995482,0.194168535725729,0.3501377410468319
Limpopo,Ward 94702004,LIM472,4290,0.4958041958041958,False,8.364042011922063,0.5181636699096378,2016,0.0178188722551631,0.4309539693128752,0.4025617566331198
Limpopo,Ward 94702005,LIM472,3755,0.5304926764314247,False,8.230843564198235,0.5169675154052505,2016,-0.01504121940797,0.0925225487343612,0.4125560538116592
Limpopo,Ward 94702006,LIM472,3499,0.5533009431266076,False,8.160232492367689,0.5161810234502443,2016,0.0400291600914085,0.0095210617426428,0.4502786740979759
Limpopo,Ward 94702007,LIM472,3973,0.4976088598036748,False,8.287276755814599,0.5181014401165523,2016,-0.0340527410068621,0.0063323201621074,0.371057928874972
Limpopo,Ward 94702008,LIM472,3481,0.5357655846021259,False,8.15507488781144,0.5167856909855713,2016,0.0353390847442924,-0.0102359965880011,0.4744318181818182
Limpopo,Ward 94702009,LIM472,4268,0.5885660731021556,False,8.358900612421644,0.5149649844855703,2016,-0.0282480861898798,0.2589970501474925,0.4556601707904532
Limpopo,Ward 94702010,LIM472,4244,0.5096606974552309,False,8.353261499733874,0.5176858595078779,2016,-0.0305476915375556,0.1338498530590435,0.3700199203187251
Limpopo,Ward 94702011,LIM472,3703,0.4779908182554685,False,8.216898580913613,0.5187779243078697,2016,-0.0794559902551698,0.1255319148936169,0.3845699083653562
Limpopo,Ward 94702012,LIM472,4222,0.561819043107532,False,8.348064228408266,0.5158872958646952,2016,0.0440792270759945,0.109592641261498,0.3893611853291231
Limpopo,Ward 94702013,LIM472,3863,0.5477608076624385,False,8.259199362666282,0.5163720626041811,2016,0.0811111782221113,-0.0127779197546639,0.4934486373165618
Limpopo,Ward 94702014,LIM472,4168,0.5206333973128598,False,8.335191583433202,0.5173074905472701,2016,0.0454703265652431,0.0456598093326643,0.3974234321827904
Limpopo,Ward 94702015,LIM472,3821,0.4111489138968856,False,8.2482674474469,0.521082817561614,2016,-0.0157891786853787,0.0655326268823202,0.3596325317481761
Limpopo,Ward 94702016,LIM472,4541,0.4983483814137855,False,8.420902531097951,0.5180759393713761,2016,0.0185976025975861,0.1788681204569056,0.3804878048780488
Limpopo,Ward 94702017,LIM472,3421,0.4869921075708857,False,8.137688184977605,0.5184675350211312,2016,-0.0357562675451774,0.0588053234292789,0.3645032297754537
Limpopo,Ward 94702018,LIM472,3581,0.5850321139346552,False,8.183397369998433,0.5150868451465185,2016,0.0102081702726832,0.050762910798122,0.4689185353391995
Limpopo,Ward 94702019,LIM472,3404,0.5396592244418331,False,8.132706489693264,0.5166514275428228,2016,-0.0314054724506783,-0.1329597554763117,0.418978102189781
Limpopo,Ward 94702020,LIM472,3863,0.5534558633186643,False,8.259199362666282,0.5161756813746561,2016,0.0217372935378107,-0.1088811995386389,0.432775240994419
Limpopo,Ward 94702021,LIM472,3730,0.5485254691689008,False,8.224163512637862,0.5163456949660273,2016,0.0310643424801421,-0.049197043079276,0.4869945918104558
Limpopo,Ward 94702022,LIM472,4243,0.462880037709168,False,8.353025845202325,0.5192989857060181,2016,0.018332902773863,0.3071472581638941,0.3773584905660377
Limpopo,Ward 94702023,LIM472,3919,0.4940035723398826,False,8.273591798199632,0.5182257603739244,2016,-0.0223445161913044,-0.0143360160965795,0.4089012517385257
Limpopo,Ward 94702024,LIM472,3253,0.4208422994159237,False,8.087332926473351,0.5207485628885438,2016,-0.0809909931775742,-0.2048398924468345,0.4094345328091926
Limpopo,Ward 94702025,LIM472,3658,0.559322033898305,False,8.204671828950811,0.5159733996305306,2016,0.0600932421245261,-0.0596401028277634,0.3772775991425509
Limpopo,Ward 94702026,LIM472,3422,0.5137346580946814,False,8.137980454452139,0.5175453781065176,2016,-0.015084158136903,-0.1155337296459033,0.4422671088332831
Limpopo,Ward 94702027,LIM472,4006,0.4658012980529206,False,8.295548516225763,0.5191982525907163,2016,-0.0524131709055196,0.0277065161621343,0.356066411238825
Limpopo,Ward 94702028,LIM472,4184,0.518642447418738,False,8.339023005744759,0.5173761439918949,2016,-0.0267437110566882,0.0491474423269808,0.3714964370546318
Limpopo,Ward 94702029,LIM472,3622,0.5670900055218111,False,8.19478163844336,0.5157055385400648,2016,0.1255100622862387,-0.1433301797540208,0.4648526077097505
Limpopo,Ward 94702030,LIM472,3970,0.5438287153652392,False,8.286521373681236,0.5165076519937398,2016,0.0481523719433739,0.2260654725138975,0.4671236354404671
Limpopo,Ward 94703001,LIM473,4023,0.4896843151876709,False,8.299783171949787,0.5026995754530892,2016,-0.0089458217986304,0.1021917808219177,0.3796181502603521
Limpopo,Ward 94703002,LIM473,4357,0.5347716318567822,False,8.379539026117442,0.5011966648974521,2016,0.0188116509134759,0.037875178656503,0.5308291991495393
Limpopo,Ward 94703003,LIM473,4392,0.4879326047358834,False,8.387539983189367,0.502757965801482,2016,0.0217490298566563,0.0608695652173914,0.4212368728121353
Limpopo,Ward 94703004,LIM473,4214,0.4902705268153773,False,8.346167594364134,0.502680035065499,2016,-0.0347163222114507,0.1083640189374013,0.4504329004329004
Limpopo,Ward 94703005,LIM473,4130,0.5317191283292978,False,8.326032685955079,0.5012984150150349,2016,0.0319914594839819,0.1247276688453158,0.4174454828660436
Limpopo,Ward 94703006,LIM473,3861,0.5957005957005957,False,8.258681496264236,0.49916569943599165,2016,0.0176284423747783,0.0882187147688839,0.6157511913719589
Limpopo,Ward 94703007,LIM473,3687,0.5787903444534852,False,8.212568398234145,0.499729374477562,2016,0.0187903444534851,0.0844117647058824,0.4763542562338779
Limpopo,Ward 94703008,LIM473,4655,0.4917293233082707,False,8.445697189711167,0.5026314085157358,2016,-0.0092573565141269,0.1482486433152441,0.3859319557503652
Limpopo,Ward 94703009,LIM473,4834,0.471038477451386,False,8.483429561263428,0.503321103377632,2016,0.0412922368498822,0.1358082706766916,0.3984174085064292
Limpopo,Ward 94703010,LIM473,4567,0.4519378147580468,False,8.426611813185,0.5039577921340767,2016,-0.0559009310426251,0.278555431131019,0.3839830283744365
Limpopo,Ward 94703011,LIM473,3547,0.4460107132788272,False,8.173857454773621,0.504155362183384,2016,0.0064267426456059,0.0850412970327316,0.4323965479088293
Limpopo,Ward 94703012,LIM473,4414,0.5820117806977798,False,8.392536586816682,0.49962199326941886,2016,-0.0134298147438156,0.1432271432271432,0.5946358482337549
Limpopo,Ward 94703013,LIM473,4426,0.5065521915951198,False,8.395251520610994,0.5021373129061742,2016,0.0459592776399498,0.0667630754398649,0.4290249433106576
Limpopo,Ward 94703014,LIM473,4381,0.5354941794110933,False,8.385032287813898,0.501172579978975,2016,0.0704275127444266,0.1682666666666665,0.4314516129032258
Limpopo,Ward 94703015,LIM473,3757,0.5541655576257652,False,8.231376045573969,0.5005502007051527,2016,0.1512408532075947,0.1689483509645302,0.3583170799665645
Limpopo,Ward 94703016,LIM473,4277,0.4907645545943418,False,8.361007108226909,0.5026635674728668,2016,0.0915437753735626,0.1109090909090908,0.3682595352915388
Limpopo,Ward 94703017,LIM473,3975,0.4435220125786163,False,8.287780027088433,0.504238318873391,2016,-0.022172465069005,-0.0497250776954338,0.3782722513089005
Limpopo,Ward 94703018,LIM473,4263,0.4463992493549144,False,8.35772841676521,0.5041424109808477,2016,0.0683722292172646,0.0866683660463931,0.3873873873873873
Limpopo,Ward 94703019,LIM473,4662,0.4731874731874732,False,8.447199819595703,0.5032494701864291,2016,-0.0035567128590384,0.0841860465116279,0.4466922921302853
Limpopo,Ward 94703020,LIM473,3555,0.5555555555555556,False,8.176110342237342,0.5005038674408263,2016,0.0290394428937945,-0.0979446840903324,0.4605225380419179
Limpopo,Ward 94703021,LIM473,3680,0.5989130434782609,False,8.210668031162976,0.49905861784340283,2016,0.1068221605331933,0.0583836640782282,0.5129151291512916
Limpopo,Ward 94703022,LIM473,4541,0.4633340673860383,False,8.420902531097951,0.5035779170464769,2016,-0.0434522220089467,0.044628479411088,0.3723696248856358
Limpopo,Ward 94703023,LIM473,3739,0.4905054827493982,False,8.226573474977114,0.5026722032010316,2016,0.0020767373169987,0.1385505481120583,0.4751552795031056
Limpopo,Ward 94703024,LIM473,4168,0.4803262955854127,False,8.335191583433202,0.5030115094398311,2016,-0.0002548723385884,0.1645711092483934,0.5092682926829268
Limpopo,Ward 94703025,LIM473,4524,0.5282935455349248,False,8.41715183723601,0.5014126011081806,2016,-0.043502525559556,0.0579981290926099,0.475
Limpopo,Ward 94703026,LIM473,3879,0.4859499871100799,False,8.263332667439967,0.5028240530556755,2016,0.0185330805411189,0.0151792724417691,0.4257172131147541
Limpopo,Ward 94703027,LIM473,3606,0.4132002218524681,False,8.190354403763262,0.5052490452309292,2016,0.0703270456459585,0.0117845117845116,0.3316062176165803
Limpopo,Ward 94703028,LIM473,4161,0.5006008171112714,False,8.333510708982942,0.5023356920556358,2016,0.0794399395975601,-0.0491316270566727,0.4828850855745721
Limpopo,Ward 94703029,LIM473,3895,0.4626444159178434,False,8.267448958304849,0.50360090542875,2016,0.0611481565662224,0.2141521197007481,0.3643931256713211
Limpopo,Ward 94703030,LIM473,3842,0.4908901613742842,False,8.253748343328501,0.502659380580202,2016,-0.0229720401080105,0.0546253088114192,0.3558197401161183
Limpopo,Ward 94703031,LIM473,3675,0.4987755102040816,False,8.209308411646937,0.5023965356192088,2016,0.0003191532015556,0.031434184675835,0.4387588459444747
Mpumalanga,Ward 83001001,MP301,3982,0.6037167252636866,False,8.289539484624141,0.5906461050645099,2016,-0.0333604059947707,0.0776725304465493,0.4201762977473066
Mpumalanga,Ward 83001002,MP301,4301,0.5742850499883748,False,8.366602832783736,0.5918724248676479,2016,-0.0269824440702467,0.1357274887773962,0.4086915222037521
Mpumalanga,Ward 83001003,MP301,3753,0.5544897415401012,False,8.23031079913502,0.592697229386326,2016,-0.0444534552894892,-0.0084544253632761,0.4676671214188267
Mpumalanga,Ward 83001004,MP301,3619,0.5374412821221332,False,8.193953023563742,0.5934075818620747,2016,-0.0011937996601567,0.0205865764241399,0.4240134340890008
Mpumalanga,Ward 83001005,MP301,3429,0.5386410032079323,False,8.14002395246292,0.5933575934834997,2016,0.0195500941170232,0.039090909090909,0.351235886481538
Mpumalanga,Ward 83001006,MP301,3693,0.5686433793663688,False,8.214194414852564,0.5921074944768981,2016,0.0477881392682264,0.2944269190325972,0.3704579025110783
Mpumalanga,Ward 83001007,MP301,3766,0.5610727562400425,False,8.233768709217097,0.5924229371071618,2016,-0.0758802421392119,2.0518638573743924,0.4567983924983255
Mpumalanga,Ward 83001008,MP301,3087,0.5419501133786848,False,8.034955024502159,0.5932197138930516,2016,-0.0221759962019701,-0.0550964187327823,0.3952810952519662
Mpumalanga,Ward 83001009,MP301,4006,0.5906140788816775,False,8.295548516225763,0.5911920486637603,2016,-0.0097377241086479,-0.2953386103781882,0.4823889739663093
Mpumalanga,Ward 83001010,MP301,4019,0.6471759144065689,False,8.2987883944492,0.5888353055168898,2016,0.0655118157933176,0.548151001540832,0.411037325395008
Mpumalanga,Ward 83001011,MP301,3648,0.5359100877192983,False,8.201934351194222,0.5934713816288594,2016,-0.0296119865624115,0.2782060266292923,0.385099685204617
Mpumalanga,Ward 83001012,MP301,3585,0.6064156206415621,False,8.184513753033722,0.5905336510904318,2016,0.0308886885572529,0.0494730679156909,0.5261225642473878
Mpumalanga,Ward 83001013,MP301,3115,0.5906902086677368,False,8.043984431221553,0.591188876589341,2016,-0.0058140680150449,0.1584232056526588,0.4954787234042553
Mpumalanga,Ward 83001014,MP301,3905,0.6204865556978233,False,8.270013062273787,0.5899473621297542,2016,0.0590562378494124,0.1934596577017115,0.4339356295878035
Mpumalanga,Ward 83001015,MP301,4783,0.6077775454735521,False,8.472823243680297,0.5904769042224322,2016,-0.0850971474011407,1.3503685503685503,0.4454428754813864
Mpumalanga,Ward 83001016,MP301,4187,0.5963697157869596,False,8.339739766019143,0.5909522304593735,2016,0.0035374609337988,0.0420607267297161,0.4078556263269639
Mpumalanga,Ward 83001017,MP301,3191,0.6070197430272641,False,8.068089626278244,0.5905084793243608,2016,-0.0238918402489524,0.0935572309801233,0.4207181442643787
Mpumalanga,Ward 83001018,MP301,4260,0.6586854460093897,False,8.357024439263416,0.5883557417001056,2016,0.0350234741784037,0.1999999999999999,0.5432705432705432
Mpumalanga,Ward 83001019,MP301,3613,0.6985884306670357,False,8.19229373114764,0.5866931173393704,2016,0.0994989010767474,0.0965098634294385,0.4579670329670329
Mpumalanga,Ward 83001020,MP301,3148,0.5667090216010165,False,8.054522609537294,0.5921880927171211,2016,0.0370993311568711,0.0592193808882908,0.395748987854251
Mpumalanga,Ward 83001021,MP301,3958,0.5727640222334512,False,8.28349412616251,0.591935801024103,2016,0.0363069340192508,-0.0537891465455414,0.4386057565355162
Mpumalanga,Ward 83001022,MP301,2459,0.5612037413582758,False,7.807510042216193,0.592417479393902,2016,-0.0345109471108531,-0.3067380885255145,0.4254787676935886
Mpumalanga,Ward 83001023,MP301,3075,0.6351219512195122,False,8.031060180240619,0.5893375539830171,2016,0.0667185898749743,0.0336134453781513,0.4954188481675393
Mpumalanga,Ward 83001024,MP301,4379,0.6019639187029002,False,8.384575666801398,0.5907191386712093,2016,0.0100688054728644,0.0438617401668652,0.4398813597992242
Mpumalanga,Ward 83001025,MP301,3631,0.6014871936105756,False,8.197263371414335,0.5907390022167228,2016,0.0383776124287051,0.0415949512335054,0.4254422914911541
Mpumalanga,Ward 83002001,MP302,3148,0.5400254129606099,False,8.054522609537294,0.5737154247420782,2016,0.014918750669832,0.0331473580571053,0.3856589147286822
Mpumalanga,Ward 83002002,MP302,4346,0.5821445006902899,False,8.377011160816375,0.5713754754237625,2016,-0.0187944664458603,0.2002209334438001,0.3837535014005602
Mpumalanga,Ward 83002003,MP302,4547,0.6201891356938641,False,8.42222295382501,0.5692618845902306,2016,0.0654677958151462,0.3130233901241697,0.4734832414085702
Mpumalanga,Ward 83002004,MP302,2883,0.5015608740894901,False,7.9665866976384025,0.5758523435682514,2016,-0.007316741636572,-0.0859226379201014,0.3582774444052241
Mpumalanga,Ward 83002005,MP302,2991,0.5356068204613842,False,8.003363058629947,0.5739609021031462,2016,0.0765845343362943,0.0751258087706685,0.4212475078325263
Mpumalanga,Ward 83002006,MP302,3522,0.4559909142532652,False,8.166784289056151,0.5783840080035972,2016,-0.0068255414429373,0.3931962025316455,0.3230622617534943
Mpumalanga,Ward 83002007,MP302,4289,0.4973187223128934,False,8.36380888451688,0.5760880186669513,2016,-0.0015390139280203,-0.1092419522326064,0.4299591002044989
Mpumalanga,Ward 83002008,MP302,4208,0.6240494296577946,False,8.344742754417545,0.5690474238144567,2016,0.0260102139715201,0.0313725490196079,0.4333259863345823
Mpumalanga,Ward 83002009,MP302,5167,0.574608089800658,False,8.550047528287184,0.5717941649176309,2016,-0.0530290410010297,0.3626054852320675,0.3785602152949092
Mpumalanga,Ward 83002010,MP302,3457,0.6291582296789123,False,8.148156439921625,0.5687636015910613,2016,0.0168514700547838,0.047893301000303,0.5193959135327213
Mpumalanga,Ward 83002011,MP302,3579,0.5680357641799385,False,8.182838710766026,0.5721592941187821,2016,0.0225548835310392,0.0367902665121668,0.4266862170087976
Mpumalanga,Ward 83002012,MP302,3633,0.6127167630057804,False,8.197814032221203,0.5696770164062354,2016,0.037069094611998,0.8823834196891192,0.4457175594385563
Mpumalanga,Ward 83002013,MP302,4199,0.5248868778280543,False,8.342601680684194,0.5745564544716646,2016,-0.0141856304988736,0.0758390981296439,0.2656807751147373
Mpumalanga,Ward 83002014,MP302,2936,0.5827656675749319,False,7.984803389734406,0.5713409661523935,2016,-0.0164975334074668,0.2018010642652477,0.3774526105753242
Mpumalanga,Ward 83002015,MP302,4247,0.6722392276901342,False,8.353968130313271,0.5663702128126601,2016,2.3383832499335178e-05,0.2190011481056257,0.4517886756692726
Mpumalanga,Ward 83002016,MP302,5476,0.5544192841490139,False,8.60813018640834,0.5729157652316113,2016,-0.0004493402713879,0.4106130860381247,0.3221178925404278
Mpumalanga,Ward 83002017,MP302,3465,0.5258297258297259,False,8.150467911624004,0.5745040740271272,2016,-0.0114060465279977,0.1268292682926828,0.3983585858585858
Mpumalanga,Ward 83002018,MP302,2609,0.5852817171330011,False,7.866722285136729,0.5712011856213898,2016,-0.0826947072284919,0.7085789129011133,0.3711139896373057
Mpumalanga,Ward 83002019,MP302,2635,0.6800759013282732,False,7.876638460975463,0.5659348420549857,2016,0.021931270210669,-0.3584124665205747,0.5283742331288344
Mpumalanga,Ward 83003001,MP303,3938,0.4865413915693245,False,8.278428259199071,0.5760112450340151,2016,-0.0379078292796813,0.0580333154218162,0.4082758620689655
Mpumalanga,Ward 83003002,MP303,3632,0.5718612334801763,False,8.197538739721184,0.5712712538167457,2016,-0.0098367187382537,-0.2252559726962457,0.4604205318491032
Mpumalanga,Ward 83003003,MP303,4630,0.5438444924406047,False,8.440312147080279,0.5728277394300552,2016,-0.0175681276580709,0.2022851207478577,0.3680076172339919
Mpumalanga,Ward 83003004,MP303,3489,0.6202350243622815,False,8.157370441186774,0.5685838209899621,2016,-0.0221872761824156,0.1179109259852611,0.4631006864988558
Mpumalanga,Ward 83003005,MP303,4083,0.5882929218711731,False,8.314587291319576,0.5703583822394681,2016,-0.0267654026251152,0.0824496288441145,0.4054466785441588
Mpumalanga,Ward 83003006,MP303,3743,0.6115415442158696,False,8.22764270790443,0.5690667921092072,2016,-0.0138583278250773,0.1973768394113884,0.4858989424206815
Mpumalanga,Ward 83003007,MP303,3859,0.6092251878725058,False,8.258163361537619,0.5691954785727273,2016,0.0123325325052741,0.0901129943502825,0.5493482309124768
Mpumalanga,Ward 83003008,MP303,3940,0.5901015228426396,False,8.27893600229198,0.57025790440772,2016,0.0046875938019037,0.2943495400788436,0.4263862332695984
Mpumalanga,Ward 83003009,MP303,4149,0.576524463726199,False,8.330622620332868,0.5710121854697444,2016,-0.0585079215173943,0.1684032666854407,0.4478170478170478
Mpumalanga,Ward 83003010,MP303,3202,0.5727670206121174,False,8.07153089355666,0.5712209323094156,2016,0.0418822125987617,0.0691151919866444,0.4384
Mpumalanga,Ward 83003011,MP303,4385,0.5660205245153934,False,8.385944904806284,0.5715957376481225,2016,0.0076688415962364,0.3793645800566216,0.3963723659642571
Mpumalanga,Ward 83003012,MP303,3290,0.5531914893617021,False,8.098642843759418,0.5723084618233276,2016,0.024318895411198,0.0051940116101436,0.4506589521054323
Mpumalanga,Ward 83003013,MP303,3653,0.5510539282781276,False,8.203304026795282,0.5724272152168595,2016,-0.0498954388104799,0.156012658227848,0.2693065758824583
Mpumalanga,Ward 83003014,MP303,3946,0.6016218955904714,False,8.28045768658256,0.569617883699507,2016,-0.0465477732067395,0.1464264962231261,0.4590233545647558
Mpumalanga,Ward 83003015,MP303,4035,0.6374225526641883,False,8.302761580704049,0.5676289583065227,2016,-0.0428247078022347,0.1337454341107051,0.4989802855200544
Mpumalanga,Ward 83003016,MP303,4058,0.4539181862986693,False,8.30844552038576,0.5778236453268294,2016,-0.0515877351640358,-0.1568668190317889,0.3431372549019608
Mpumalanga,Ward 83003017,MP303,3887,0.6236171854900951,False,8.265392930852224,0.5683959231495279,2016,-0.0966983963639482,0.5333333333333334,0.4740868706811451
Mpumalanga,Ward 83003018,MP303,2718,0.4805003679175864,False,7.907651594711089,0.5763468574591117,2016,-0.1355246060678455,1.8283038501560875,0.4774924974991664
Mpumalanga,Ward 83003019,MP303,3353,0.6164628690724724,False,8.117610746466228,0.5687933851727291,2016,0.0040443831070626,-0.0493337113694357,0.503030303030303
Mpumalanga,Ward 83004001,MP304,4161,0.6724345109348714,False,8.333510708982942,0.5869718162970009,2016,0.0383348940766338,0.5942528735632184,0.4367899444041576
Mpumalanga,Ward 83004002,MP304,2464,0.5982142857142857,False,7.80954132465341,0.5943938388190595,2016,-0.0147001994515083,-0.1399650959860383,0.4708
Mpumalanga,Ward 83004003,MP304,2966,0.6341874578556979,False,7.994969522697877,0.5907965216049182,2016,0.1021102932078736,-0.3346792283535217,0.5017160686427458
Mpumalanga,Ward 83004004,MP304,4835,0.5311271975180972,False,8.483636407887394,0.6011025476386782,2016,-0.2183337770399018,1.084950409659336,0.4481098001444739
Mpumalanga,Ward 83004005,MP304,3559,0.5984827198651307,False,8.177234885510194,0.594366995403975,2016,-0.0263642813588594,0.0890452876376988,0.4608111470515053
Mpumalanga,Ward 83004006,MP304,3317,0.6119987940910461,False,8.106816038947052,0.5930153879813834,2016,-0.0007898382357744,-0.0180580224985198,0.4182487956928308
Mpumalanga,Ward 83004007,MP304,3826,0.6006272869837951,False,8.249575150000199,0.5941525386921085,2016,0.0098275275129592,0.1503307276007215,0.4834782608695652
Mpumalanga,Ward 83004008,MP304,3010,0.6225913621262459,False,8.009695357742922,0.5919561311778634,2016,-0.0350193561469212,0.1202084108671381,0.4180445722501797
Mpumalanga,Ward 83004009,MP304,3117,0.5668912415784408,False,8.044626279767337,0.597526143232644,2016,-0.0402401429381027,0.001284934147125,0.4209294550317619
Mpumalanga,Ward 83004010,MP304,3959,0.5534225814599646,False,8.28374674710613,0.5988730092444915,2016,-0.0214773613645065,0.131789594053745,0.4573002754820937
Mpumalanga,Ward 83004011,MP304,3287,0.5521752357773045,False,8.097730573664219,0.5989977438127576,2016,-0.0283221464216483,0.075589005235602,0.3725862614751503
Mpumalanga,Ward 83005001,MP305,3146,0.6026700572155118,False,8.053887083618223,0.5760086190146574,2016,-0.0201888652385523,-0.020242914979757,0.4471337579617834
Mpumalanga,Ward 83005002,MP305,3141,0.5122572429162687,False,8.052296499538647,0.5824666771788891,2016,-0.0473840126891124,-0.0609865470852017,0.4382510013351134
Mpumalanga,Ward 83005003,MP305,3904,0.5730020491803278,False,8.269756947532983,0.578127762445742,2016,-0.1130507241099252,1.102315562735595,0.4614093959731543
Mpumalanga,Ward 83005004,MP305,2719,0.6881206325855094,False,7.908019444632471,0.5699050064882291,2016,0.0856677459567328,-0.1866586897995812,0.5831836148041681
Mpumalanga,Ward 83005005,MP305,4159,0.5311372926184179,False,8.33302993974291,0.5811181022001641,2016,0.0028043511653259,-0.02210204561486,0.4511456412957598
Mpumalanga,Ward 83005006,MP305,3567,0.5001401738155312,False,8.17948018535889,0.5833321821146561,2016,-0.0324128620293846,-0.1302121433796634,0.4394575395544075
Mpumalanga,Ward 83005007,MP305,4519,0.5618499668068156,False,8.41604600941128,0.5789243397581357,2016,-0.0404742962317331,0.2808956916099774,0.4691414256433614
Mpumalanga,Ward 83005008,MP305,3871,0.5303539137173857,False,8.261268150577648,0.5811740578359521,2016,0.0200226575678285,0.2695965890455887,0.4763397054214979
Mpumalanga,Ward 83005009,MP305,2542,0.6018882769472856,False,7.8407064517494,0.5760644604623879,2016,-0.016740252572333,-0.0678401173450677,0.4778675282714055
Mpumalanga,Ward 83005010,MP305,2901,0.5966907962771458,False,7.972810784121404,0.5764357090816835,2016,0.0052929468147802,0.0397849462365591,0.4802748226950354
Mpumalanga,Ward 83005011,MP305,4963,0.5629659480153133,False,8.50976567558744,0.5788446268146716,2016,-0.1327952759626149,0.2447955856533734,0.3968819599109131
Mpumalanga,Ward 83005012,MP305,3045,0.5333333333333333,False,8.021256180143997,0.5809612421490987,2016,-0.0150639011104127,-0.0430546825895663,0.416354556803995
Mpumalanga,Ward 83005013,MP305,2707,0.6475803472478758,False,7.903596289614301,0.5728007411552029,2016,-0.0057291339685821,-0.031484794275492,0.4035159443990188
Mpumalanga,Ward 83005014,MP305,3943,0.6347958407304083,False,8.279697133877628,0.5737139201921648,2016,0.0353772360792454,0.1462209302325581,0.5101148168398032
Mpumalanga,Ward 83005015,MP305,4122,0.5900048520135857,False,8.324093761450404,0.5769132765290808,2016,-0.0840774616682831,0.146273637374861,0.4116788321167883
Mpumalanga,Ward 83006001,MP306,3971,0.583732057416268,False,8.286773231131251,0.6025937435735862,2016,-0.0120241993846025,0.0802502720348203,0.4689709347996857
Mpumalanga,Ward 83006002,MP306,3350,0.5471641791044776,False,8.116715624819111,0.6099073192359443,2016,-0.0324719523988739,0.0692626875199489,0.4529825475384215
Mpumalanga,Ward 83006003,MP306,2822,0.6265060240963856,False,7.945201132412759,0.5940389502375627,2016,0.0285640909835593,0.0371187063579565,0.5062638172439204
Mpumalanga,Ward 83006004,MP306,4275,0.6350877192982456,False,8.360539381370861,0.5923226111971907,2016,-0.0222726867931249,0.2055837563451776,0.4360420405024353
Mpumalanga,Ward 83006005,MP306,3396,0.5859835100117785,False,8.130353547431238,0.6021434530544841,2016,-0.0409123443866037,0.1445904954499495,0.4192125984251968
Mpumalanga,Ward 83006006,MP306,3599,0.6182272853570436,False,8.188411308079031,0.595694697985431,2016,-0.0181882397571115,0.0271118721461187,0.4831428571428571
Mpumalanga,Ward 83007001,MP307,3937,0.5496570993141986,False,8.278174290943738,0.5332511964224047,2016,-0.0720981540850597,-0.026699629171817,0.4405500134807226
Mpumalanga,Ward 83007002,MP307,4657,0.5537899935580846,False,8.446126742982377,0.5331178772532471,2016,-0.0786569939881961,0.567485695052171,0.3752693965517241
Mpumalanga,Ward 83007003,MP307,4572,0.5201224846894138,False,8.427706024914702,0.5342039259264301,2016,-0.1008321136807841,0.0644935972060536,0.4071938495332235
Mpumalanga,Ward 83007004,MP307,4330,0.458891454965358,False,8.373322820996535,0.5361791204336577,2016,-0.0845383891326375,-0.0356347438752784,0.4443008529335746
Mpumalanga,Ward 83007005,MP307,3455,0.6269175108538351,False,8.14757773620177,0.5307589250824164,2016,0.0671896196973724,-0.0598639455782312,0.5840779853777417
Mpumalanga,Ward 83007006,MP307,3023,0.6778035064505458,False,8.014004994779459,0.5291174413534904,2016,0.1205605157963402,-0.1171144859813083,0.4212436486813453
Mpumalanga,Ward 83007007,MP307,3339,0.5309973045822103,False,8.113426639943654,0.5338531252847268,2016,0.0268432260323613,0.26095166163142,0.4051724137931034
Mpumalanga,Ward 83007008,MP307,5407,0.431477714074348,False,8.595449689382004,0.5370634346559483,2016,-0.1165295323024636,0.632548309178744,0.2972216239500323
Mpumalanga,Ward 83007009,MP307,4016,0.4596613545816733,False,8.298041661371565,0.5361542849621636,2016,-0.025661541700127,-0.0176125244618395,0.3319903303787268
Mpumalanga,Ward 83007010,MP307,5844,0.4575633127994524,False,8.67317077287059,0.5362219637293321,2016,-0.0272130097043747,-0.0059533934342574,0.348781388478582
Mpumalanga,Ward 83007011,MP307,5966,0.4351324170298357,False,8.693831965074693,0.5369455410122229,2016,-0.033641383427133,1.271896420411272,0.2915762834417932
Mpumalanga,Ward 83007012,MP307,3900,0.4589743589743589,False,8.268731832117737,0.5361764461107866,2016,-0.0402571196607471,0.1988933292345527,0.3373461012311901
Mpumalanga,Ward 83007013,MP307,4158,0.4935064935064935,False,8.332789468417959,0.5350625062871693,2016,0.0061968488364427,0.1108736307774511,0.3433797011849562
Mpumalanga,Ward 83007014,MP307,4581,0.466055446409081,False,8.429672593886743,0.535948023935473,2016,0.0188192655045583,0.6442928930366116,0.3526077097505669
Mpumalanga,Ward 83007015,MP307,4715,0.5953340402969247,False,8.458504195067558,0.5317777467132845,2016,0.0278272896218572,0.0609810981098108,0.3914919852034525
Mpumalanga,Ward 83007016,MP307,6041,0.6742261215030624,False,8.706324840138741,0.5292328408679253,2016,0.142036371397175,0.2793307920372723,0.3722185863874345
Mpumalanga,Ward 83007017,MP307,4838,0.4764365440264572,False,8.484256691169973,0.5356131498187835,2016,0.0450359723645543,-0.0122498979175174,0.3290529695024077
Mpumalanga,Ward 83007018,MP307,5309,0.5328687135053682,False,8.57715877258367,0.5337927572549476,2016,0.0335884338426086,0.0917129344026321,0.4391480730223123
Mpumalanga,Ward 83007019,MP307,3774,0.4939056703762586,False,8.235890725928495,0.5350496296139512,2016,-0.1342970246322819,-0.2837350540899601,0.3544267053701015
Mpumalanga,Ward 83007020,MP307,3855,0.5579766536964981,False,8.25712628599743,0.532982823700395,2016,0.092523703488119,-0.1544198289098486,0.3869451697127937
Mpumalanga,Ward 83007021,MP307,4582,0.5641641204714098,False,8.42989086301344,0.5327832279979785,2016,-0.035592570526157,-0.0709651257096513,0.5124894157493649
Mpumalanga,Ward 83007022,MP307,4865,0.5897225077081192,False,8.489821994620105,0.5319587638935686,2016,-0.0005714726931873,0.1350909939337377,0.4990512333965844
Mpumalanga,Ward 83007023,MP307,3720,0.5733870967741935,False,8.221478947267192,0.5324857126333726,2016,-0.0163025402589469,-0.0215675960021041,0.3629441624365482
Mpumalanga,Ward 83007024,MP307,4381,0.560374343757133,False,8.385032287813898,0.5329054788597294,2016,-0.0308585329551956,1.4005479452054796,0.3774050320670942
Mpumalanga,Ward 83007025,MP307,5856,0.6284153005464481,False,8.675222055641148,0.5307106092858805,2016,0.0814526837240182,0.3682242990654205,0.4734939759036145
Mpumalanga,Ward 83007026,MP307,5075,0.5525123152709359,False,8.532081803909987,0.5331590926818648,2016,-0.0777932004149365,0.0405987287266762,0.4078810922917387
Mpumalanga,Ward 83007027,MP307,3060,0.5179738562091504,False,8.026170194946426,0.5342732365225676,2016,-0.0596327788619396,-0.3957345971563981,0.4313521028849496
Mpumalanga,Ward 83007028,MP307,5573,0.608469406064956,False,8.625688787569537,0.5313540252368965,2016,-0.0415074135919748,0.2918405192396847,0.4934350603264726
Mpumalanga,Ward 83007029,MP307,4926,0.4573690621193666,False,8.502282578680484,0.5362282298803025,2016,-0.002424752313623,0.2695876288659793,0.330607966457023
Mpumalanga,Ward 83007030,MP307,4963,0.6592786620995366,False,8.50976567558744,0.5297150169777164,2016,0.0449210346099326,0.0862333114467059,0.626599634369287
Mpumalanga,Ward 83007031,MP307,3455,0.4243125904486252,False,8.14757773620177,0.5372945676761328,2016,-0.0569329863383528,-0.3887119603680113,0.3249730312837109
Mpumalanga,Ward 83007032,MP307,5122,0.4931667317454119,False,8.541300266759471,0.5350734663439785,2016,-0.0564069588757817,0.2477466504263092,0.3610236220472441
Mpumalanga,Ward 83101001,MP311,3462,0.5109763142692085,False,8.149601735736155,0.5582350289742324,2016,-0.0510391896067604,0.0322003577817531,0.5076515597410242
Mpumalanga,Ward 83101002,MP311,3233,0.4664398391586761,False,8.081165777725433,0.5638020883630489,2016,-0.0834049349013446,0.1152121421179717,0.5086760925449871
Mpumalanga,Ward 83101003,MP311,4896,0.5408496732026143,False,8.496173824192162,0.5545008591075566,2016,-0.0307205747312699,0.618512396694215,0.4559855624624022
Mpumalanga,Ward 83101004,MP311,3530,0.5515580736543909,False,8.169053149927343,0.5531623090510845,2016,0.0161250027882491,-0.0073115860517435,0.5061305959509552
Mpumalanga,Ward 83101005,MP311,3596,0.5444938820912124,False,8.18757739559151,0.5540453329964818,2016,-0.0479994154959189,0.2050938337801608,0.5538424476029873
Mpumalanga,Ward 83101006,MP311,3656,0.5853391684901532,False,8.204124932574041,0.5489396721966142,2016,-0.0088597265374711,0.0099447513812154,0.5392296718972895
Mpumalanga,Ward 83101007,MP311,3865,0.5335058214747737,False,8.259716961021523,0.5554188405735367,2016,-0.0202037173393196,0.1071326267545116,0.497614863168466
Mpumalanga,Ward 83101008,MP311,3538,0.5808366308648955,False,8.17131687471973,0.5495024893997715,2016,0.0545539742706241,0.1136292099464904,0.5467904098994586
Mpumalanga,Ward 83101009,MP311,3675,0.6628571428571428,False,8.209308411646937,0.5392499254007406,2016,0.0299408019658214,0.4366692728694292,0.5499254843517138
Mpumalanga,Ward 83102001,MP312,6098,0.5062315513283043,False,8.7157161275482,0.513318656242554,2016,-0.0503478810343938,0.1238481385919645,0.3452655889145496
Mpumalanga,Ward 83102002,MP312,4742,0.4584563475326866,False,8.464214266625351,0.5147663896909062,2016,-0.0930110199662183,0.0385457731055629,0.3767968882124133
Mpumalanga,Ward 83102003,MP312,6128,0.4640992167101828,False,8.720623711420426,0.5145953936552244,2016,0.0228409243926137,0.3113631500106997,0.328
Mpumalanga,Ward 83102004,MP312,4967,0.5049325548620898,False,8.51057131510735,0.5133580197718333,2016,-0.0455520978034998,0.0030290791599354,0.3723919915700737
Mpumalanga,Ward 83102005,MP312,5047,0.5161482068555577,False,8.526549286340263,0.513018151529607,2016,-0.0469931544009867,0.0569633507853402,0.4107981220657277
Mpumalanga,Ward 83102006,MP312,6232,0.4476893453145057,False,8.737452587550584,0.5150926624853964,2016,-0.12183132793833,0.1401390413465055,0.3838001514004542
Mpumalanga,Ward 83102007,MP312,4280,0.5535046728971963,False,8.361708288575842,0.5118861374071331,2016,0.0070414274048246,-0.15197146819893,0.3746524938675388
Mpumalanga,Ward 83102008,MP312,5421,0.4764803541781959,False,8.598035579260339,0.5142202076713451,2016,-0.1114364929417695,0.1738847986141187,0.3345425231761386
Mpumalanga,Ward 83102009,MP312,5409,0.467923830652616,False,8.595819511871428,0.5144794962630295,2016,-0.0825151937376279,0.0554146341463415,0.3936748156771439
Mpumalanga,Ward 83102010,MP312,7195,0.4353022932592078,False,8.881141619321468,0.5154680276991933,2016,-0.0534211575837964,0.5754324501861179,0.3073486709850346
Mpumalanga,Ward 83102011,MP312,4643,0.4458324359250484,False,8.443115988019922,0.5151489324668951,2016,-0.0575890969216669,0.0590784671532846,0.363168535195736
Mpumalanga,Ward 83102012,MP312,5250,0.5708571428571428,False,8.565983355585669,0.5113603049841043,2016,0.0962526466040204,0.0928393005828476,0.433718558803535
Mpumalanga,Ward 83102013,MP312,4434,0.5241317095173658,False,8.397057390176256,0.5127762272065218,2016,0.005686062690017,0.0905066404328578,0.4235202187927329
Mpumalanga,Ward 83102014,MP312,5186,0.4321249517932896,False,8.55371796609861,0.5155643107739181,2016,0.0175086302342152,0.2633373934226553,0.2954312114989733
Mpumalanga,Ward 83102015,MP312,7506,0.4628297362110312,False,8.923457979694966,0.5146338627612593,2016,-0.0682976729651584,0.2802319631587924,0.4124975666731555
Mpumalanga,Ward 83102016,MP312,4742,0.5061155630535639,False,8.464214266625351,0.5133221710387583,2016,-0.0012685822528357,-0.1950432863690375,0.3624603368318281
Mpumalanga,Ward 83102017,MP312,5541,0.5087529326836311,False,8.61993026886735,0.5132422507469381,2016,-0.0062560278898455,0.241263440860215,0.451233059320151
Mpumalanga,Ward 83102018,MP312,7118,0.6074740095532453,False,8.870382066070137,0.5102507029630103,2016,-0.042126924844263,0.3856336383102978,0.4440692894891368
Mpumalanga,Ward 83102019,MP312,5703,0.5048220234964054,False,8.648747631156539,0.513361369207157,2016,0.0859201838671398,-0.1991293357674484,0.3544954128440367
Mpumalanga,Ward 83102020,MP312,6176,0.6442681347150259,False,8.728426091704613,0.5091357294732594,2016,-0.0226963504312774,0.3794951976770158,0.4806629834254143
Mpumalanga,Ward 83102021,MP312,6830,0.5068814055636897,False,8.829079952564836,0.5132989636899666,2016,-0.0389498962403084,0.6650414431984397,0.3761211586531392
Mpumalanga,Ward 83102022,MP312,4495,0.3546162402669633,False,8.410720946905721,0.5179130596080492,2016,0.0295031180950176,0.0169683257918551,0.229637526652452
Mpumalanga,Ward 83102023,MP312,5761,0.5330671758375282,False,8.658866349732383,0.5125054554998503,2016,-0.0395960036029994,0.3102115078462588,0.4329101719427928
Mpumalanga,Ward 83102024,MP312,5412,0.6718403547671841,False,8.59637398929068,0.508300207653497,2016,-0.0449549606440482,0.4405110460473782,0.5362395888711678
Mpumalanga,Ward 83102025,MP312,6291,0.5509457955809887,False,8.74687531957003,0.5119636791439878,2016,-0.0387059457125437,0.2519402985074626,0.4663719608462267
Mpumalanga,Ward 83102026,MP312,5369,0.5105233749301545,False,8.58839695042257,0.5131886009818919,2016,-0.011215755504628,0.1115942028985508,0.4402861860209136
Mpumalanga,Ward 83102027,MP312,4090,0.4447432762836186,False,8.316300249036848,0.5151819373045142,2016,-0.0393713649072278,-0.091313041546323,0.3787761425251743
Mpumalanga,Ward 83102028,MP312,5465,0.505946935041171,False,8.60611940061064,0.5133272809785279,2016,-0.0795331586356439,0.0665495706479313,0.4039349528207187
Mpumalanga,Ward 83102029,MP312,6822,0.5171503957783641,False,8.82790796297859,0.5129877821683098,2016,-0.0284861134290017,0.365492393915132,0.3670361960731935
Mpumalanga,Ward 83102030,MP312,5417,0.6839579102824441,False,8.597297435657898,0.5079330090015195,2016,0.1994625517993313,0.0699190203436697,0.3058656742867269
Mpumalanga,Ward 83102031,MP312,6049,0.4567697140023144,False,8.707648248106914,0.5148174997978872,2016,-0.0598529772905615,0.064028144239226,0.3066808813077469
Mpumalanga,Ward 83102032,MP312,4757,0.3710321631280218,False,8.467372496432281,0.5174156074001384,2016,0.009630691970453,-0.0791715060007742,0.3388203017832647
Mpumalanga,Ward 83102033,MP312,4843,0.6254387776171795,False,8.48528964240323,0.509706316051982,2016,-0.0230749997748795,0.0507702321544802,0.4956666052000738
Mpumalanga,Ward 83102034,MP312,6105,0.6748566748566749,False,8.716863386544805,0.5082088040144216,2016,-0.0041937336526514,-0.0588870047787883,0.5643303718328397
Mpumalanga,Ward 83103001,MP313,2446,0.4750613246116107,False,7.802209316247118,0.530810298309377,2016,-0.0326101555327936,0.1037906137184114,0.3608082956660463
Mpumalanga,Ward 83103002,MP313,4637,0.4528790166055639,False,8.441822884391462,0.5316025235953072,2016,-0.1012568273756062,0.0394530374355526,0.5003162555344719
Mpumalanga,Ward 83103003,MP313,3735,0.478714859437751,False,8.225503097566918,0.5306798149227291,2016,-0.0598910386855733,0.0013404825737264,0.4502369668246445
Mpumalanga,Ward 83103004,MP313,3936,0.4197154471544715,False,8.277920258172143,0.5327869367899891,2016,0.0193498164414916,0.4391224862888483,0.3407281001137656
Mpumalanga,Ward 83103005,MP313,3495,0.3871244635193133,False,8.15908865466791,0.5339509004912447,2016,-0.0366736953623778,0.1916126832594613,0.2893258426966292
Mpumalanga,Ward 83103006,MP313,3996,0.5743243243243243,False,8.293049139768444,0.5272651911767801,2016,0.2238061896092984,0.0352331606217617,0.4331501831501831
Mpumalanga,Ward 83103007,MP313,3036,0.5069169960474308,False,8.01829613851552,0.5296725957580977,2016,0.0199543462940833,0.069767441860465,0.3940600122473974
Mpumalanga,Ward 83103008,MP313,4975,0.4074371859296482,False,8.512180649592693,0.5332254461194471,2016,-0.2265675938586754,0.6985319221577331,0.3370029206919793
Mpumalanga,Ward 83103009,MP313,2822,0.6580439404677534,False,7.945201132412759,0.5242752048859434,2016,0.0435911418044283,0.178780284043442,0.5008833922261484
Mpumalanga,Ward 83103010,MP313,4239,0.4493984430290162,False,8.352082671352637,0.5317268297944696,2016,-0.1103773102996452,-0.4058864751226348,0.3685429696548529
Mpumalanga,Ward 83103011,MP313,2992,0.5127005347593583,False,8.003697339094368,0.5294660408041002,2016,0.0122059749176174,-0.4081107814045499,0.3262759081791843
Mpumalanga,Ward 83103012,MP313,4577,0.7011142669871094,False,8.428799040653642,0.5227369789388234,2016,0.0997613921280339,0.0320180383314543,0.5995991983967935
Mpumalanga,Ward 83103013,MP313,4527,0.5964214711729622,False,8.417814747435958,0.5264760073607573,2016,-0.0881367451771616,2.7382328654004957,0.5276370843426558
Mpumalanga,Ward 83103014,MP313,3604,0.6637069922308546,False,8.189799618728228,0.5240729530372611,2016,0.0148357292656319,0.099450884685784,0.5960227272727273
Mpumalanga,Ward 83103015,MP313,4288,0.6448227611940298,False,8.363575702750637,0.5247473898600049,2016,-0.0217677845926794,-0.0207810002283626,0.5831973898858075
Mpumalanga,Ward 83103016,MP313,3469,0.7027961948688383,False,8.15162164696975,0.5226769100859046,2016,0.0738860862089765,0.1422456371419163,0.6054640417838489
Mpumalanga,Ward 83103017,MP313,2552,0.4549373040752351,False,7.844632644464681,0.5315290133285332,2016,-0.1536305245681921,0.0718185636287274,0.3853423680456491
Mpumalanga,Ward 83103018,MP313,2980,0.5026845637583892,False,7.9996785794994505,0.5298237540541348,2016,-0.0254701173813665,0.010854816824966,0.4554210236653825
Mpumalanga,Ward 83103019,MP313,3103,0.5072510473735095,False,8.04012466444838,0.5296606653535949,2016,-0.0428143976526685,0.0153795811518324,0.4551083591331269
Mpumalanga,Ward 83103020,MP313,3852,0.555036344755971,False,8.256347772918016,0.5279540475899356,2016,0.0074943007714949,0.2457956015523932,0.4473966720343532
Mpumalanga,Ward 83103021,MP313,3268,0.5018359853121175,False,8.091933455979893,0.5298540604272161,2016,0.0362449415189005,0.0760619031939413,0.4394677052904901
Mpumalanga,Ward 83103022,MP313,3927,0.5255920550038197,False,8.27563105457801,0.5290056293667981,2016,0.0222309364235561,0.0559290131755847,0.4953102453102453
Mpumalanga,Ward 83103023,MP313,4456,0.5758527827648114,False,8.40200678160712,0.5272106033753341,2016,-0.0470514513926196,0.2662688263711281,0.4440481497993758
Mpumalanga,Ward 83103024,MP313,4304,0.5390334572490706,False,8.36730010184162,0.5285255792866106,2016,-0.0059633961178268,0.3543108873505349,0.4029960707269155
Mpumalanga,Ward 83103025,MP313,3842,0.5700156168662155,False,8.253748343328501,0.5274190735859983,2016,-0.0858797950726103,-0.0522940305870744,0.3911598537720173
Mpumalanga,Ward 83103026,MP313,4539,0.5082617316589557,False,8.420462002456466,0.5296245694862575,2016,0.0208260671115745,0.3742052679382379,0.3594681338835396
Mpumalanga,Ward 83103027,MP313,3430,0.4606413994169096,False,8.140315540159985,0.5313252956377592,2016,-0.0128099280167187,0.2647492625368732,0.4097841726618705
Mpumalanga,Ward 83103028,MP313,5386,0.4632380245079837,False,8.591558273371545,0.5312325590273637,2016,-0.1041393742126985,0.1484008528784648,0.5351473922902494
Mpumalanga,Ward 83103029,MP313,4290,0.5421911421911422,False,8.364042011922063,0.5284128048243938,2016,-0.1409034136827833,1.4584527220630372,0.4766107678729038
Mpumalanga,Ward 83104001,MP314,3785,0.6295904887714663,False,8.23880116587155,0.5502604771784615,2016,-0.046231823876889,0.2834859274330281,0.4953715286464848
Mpumalanga,Ward 83104002,MP314,3046,0.5210111621799081,False,8.021584533455107,0.565771809548684,2016,0.0143246837252275,-0.0947994056463595,0.437069278200943
Mpumalanga,Ward 83104003,MP314,3265,0.5592649310872895,False,8.09101504171053,0.5603069854190581,2016,-0.0563993121380905,0.0789821546596165,0.4512
Mpumalanga,Ward 83104004,MP314,3603,0.5989453233416597,False,8.189522110748094,0.5546383579541481,2016,-0.0514716105903479,0.1555484284797947,0.5225021228417775
Mpumalanga,Ward 83104005,MP314,2340,0.4371794871794872,False,7.757906208351747,0.5777477631201727,2016,-0.0899707308149638,-0.0725326991676575,0.3857274684712396
Mpumalanga,Ward 83104006,MP314,3900,0.5641025641025641,False,8.268731832117737,0.5596158949883047,2016,-0.015603318250377,0.1470588235294117,0.4401798063623789
Mpumalanga,Ward 83104007,MP314,3549,0.5728374189912652,False,8.174421152646497,0.5583680585756331,2016,-0.0400354224530048,0.1142857142857143,0.517095149748211
Mpumalanga,Ward 83104008,MP314,3163,0.5984824533670566,False,8.059276223305648,0.5547044822362343,2016,-0.0286477443152882,0.0780504430811179,0.5155161494616846
Mpumalanga,Ward 83105001,MP315,3486,0.5869191049913941,False,8.156510226079966,0.5518915565590182,2016,0.0723320313827765,-0.2176840215439855,0.420251961017352
Mpumalanga,Ward 83105002,MP315,5027,0.55719116769445,False,8.522578663692576,0.5528505222782745,2016,-0.0501852382694527,0.3149359142035051,0.4368421052631579
Mpumalanga,Ward 83105003,MP315,5552,0.5109870317002881,False,8.62191350218664,0.5543409782780863,2016,-0.0389625142129308,0.8674739320551632,0.3826225587883619
Mpumalanga,Ward 83105004,MP315,5241,0.5540927303949628,False,8.564267598802166,0.5529504718685806,2016,0.0116751479773803,0.1518681318681318,0.3605502551586421
Mpumalanga,Ward 83105005,MP315,4266,0.5759493670886076,False,8.358431899031295,0.5522454190720114,2016,0.0256064315604868,0.1703703703703702,0.399617133285475
Mpumalanga,Ward 83105006,MP315,5407,0.5768448307749214,False,8.595449689382004,0.5522165331466465,2016,-0.009171728562705,0.2435602575896964,0.4105582985187998
Mpumalanga,Ward 83105007,MP315,3371,0.5487985760901809,False,8.12296471523406,0.5531212510397026,2016,0.0139009524165895,-0.4961889104767598,0.4296875
Mpumalanga,Ward 83105008,MP315,5391,0.532368762752736,False,8.592486175451668,0.5536512450183299,2016,-0.0094887965975346,0.1226572261557683,0.4203030856308198
Mpumalanga,Ward 83105009,MP315,4843,0.5579186454676853,False,8.48528964240323,0.5528270552533315,2016,0.0030880834807351,0.0193643443485582,0.3780764861794775
Mpumalanga,Ward 83105010,MP315,5209,0.5484737953541947,False,8.558143177745192,0.5531317278376376,2016,0.0072683833000741,0.2814268142681426,0.3821576763485477
Mpumalanga,Ward 83105011,MP315,5780,0.5354671280276817,False,8.662158961666423,0.5535512977513961,2016,0.0068168329581975,0.1003236245954692,0.4111130963015901
Mpumalanga,Ward 83105012,MP315,3817,0.5889441970133613,False,8.247220052745229,0.5518262310099226,2016,-0.001674731657191,0.0593949486538996,0.4738340267133786
Mpumalanga,Ward 83105013,MP315,4869,0.5547340316286712,False,8.4906438561827,0.5529297847320093,2016,-0.0398367033084288,0.074597219156919,0.4089361702127659
Mpumalanga,Ward 83105014,MP315,6052,0.5667547918043622,False,8.708144074908246,0.5525420182747289,2016,0.0257489014554722,0.3710919800634344,0.3665456944902672
Mpumalanga,Ward 83105015,MP315,4557,0.5619925389510643,False,8.424419791263883,0.5526956393345128,2016,0.0174558550829915,0.022436616558223,0.3968692449355432
Mpumalanga,Ward 83105016,MP315,5235,0.5293218720152818,False,8.563122123304638,0.5537495318163123,2016,0.0272389519597372,0.0384844276929181,0.4389799635701275
Mpumalanga,Ward 83105017,MP315,4526,0.53844454264251,False,8.417593826193484,0.5534552521186598,2016,-0.0466925424945752,0.0885040885040884,0.4104675876726886
Mpumalanga,Ward 83105018,MP315,5564,0.5372034507548527,False,8.624072553043334,0.5534952873408422,2016,-0.0509003059535552,0.2441860465116279,0.3718020541549953
Mpumalanga,Ward 83105019,MP315,5838,0.5303186022610483,False,8.67214355141406,0.5537173792277391,2016,-0.0076869027146027,0.2360787634977768,0.4067796610169492
Mpumalanga,Ward 83105020,MP315,5563,0.5319072442926479,False,8.623892810075294,0.5536661327105908,2016,-0.0264447639817875,-0.0410274090674022,0.3720758887456253
Mpumalanga,Ward 83105021,MP315,4171,0.5883481179573243,False,8.335911094196945,0.5518454593665689,2016,0.0043968467708837,0.1046080508474576,0.4245977011494253
Mpumalanga,Ward 83105022,MP315,5460,0.5437728937728937,False,8.605204068738951,0.5532833698241313,2016,0.0137952651375469,0.2214765100671141,0.4041859667181334
Mpumalanga,Ward 83105023,MP315,4847,0.5502372601609243,False,8.486115235845377,0.5530748418761303,2016,0.0021056598359852,-0.0156376929325751,0.3950789229340761
Mpumalanga,Ward 83105024,MP315,6676,0.5599161174355902,False,8.806274284781725,0.5527626206737216,2016,-0.0517028740123602,0.9687407844293718,0.4872581406323737
Mpumalanga,Ward 83105025,MP315,4251,0.5742178310985651,False,8.35490952835879,0.5523012750716902,2016,0.0474346744099372,0.2177026639931252,0.5234131113423517
Mpumalanga,Ward 83105026,MP315,4149,0.5341046035189202,False,8.330622620332868,0.5535952501549046,2016,0.019398721165979,-0.0315126050420168,0.3984944147644487
Mpumalanga,Ward 83105027,MP315,4630,0.4974082073434125,False,8.440312147080279,0.5547790048702436,2016,-0.0555413306807524,-0.1773276474769012,0.3693877551020408
Mpumalanga,Ward 83105028,MP315,3463,0.6052555587640774,False,8.149890544402423,0.5513000580502221,2016,-0.0440335407619889,0.2624863288370398,0.3832219107181367
Mpumalanga,Ward 83105029,MP315,4015,0.5947696139476961,False,8.297792626380861,0.5516383143346214,2016,-0.0109295245546232,0.3303512259774686,0.3807279392511128
Mpumalanga,Ward 83105030,MP315,4551,0.5644913205888815,False,8.423102268016642,0.5526150334752283,2016,-0.0331875962389714,0.1003384912959381,0.39421088904204
Mpumalanga,Ward 83105031,MP315,4767,0.5456261799874135,False,8.469472455204826,0.5532235863978564,2016,-0.0413484350770891,-0.0081148564294631,0.4931568319497419
Mpumalanga,Ward 83105032,MP315,4148,0.5127772420443587,False,8.330381569349418,0.5542832295573098,2016,0.0548031041133242,0.4899425287356322,0.3567184205482078
Mpumalanga,Ward 83106001,MP316,4617,0.5841455490578298,False,8.43750042250699,0.5443934784606239,2016,0.0361625873940864,0.1568529190679028,0.4184319119669876
Mpumalanga,Ward 83106002,MP316,4354,0.5493798805695912,False,8.378850241794492,0.5455523340768985,2016,0.1179406155134496,0.4814562776454576,0.3545935988947732
Mpumalanga,Ward 83106003,MP316,4524,0.5393457117595049,False,8.41715183723601,0.5458868063705681,2016,0.0375015439402333,0.0428769017980636,0.3909090909090909
Mpumalanga,Ward 83106004,MP316,3497,0.57048899056334,False,8.159660737063376,0.5448486970771069,2016,-0.0002830682601894,0.0713848039215685,0.4918280871670702
Mpumalanga,Ward 83106005,MP316,3976,0.5201207243460765,False,8.288031567776464,0.5465276392843491,2016,-0.0171419562999989,0.1266647775573817,0.431959040689841
Mpumalanga,Ward 83106006,MP316,4996,0.5496397117694155,False,8.516392871245468,0.5455436730369044,2016,-0.0379937401878798,0.1112099644128112,0.4304059652029826
Mpumalanga,Ward 83106007,MP316,3865,0.5598965071151358,False,8.259716961021523,0.5452017798587138,2016,0.0051138984194836,0.1202898550724638,0.4481891348088531
Mpumalanga,Ward 83106008,MP316,4101,0.5364545232870032,False,8.31898612539206,0.5459831793196516,2016,-0.0500210926003774,0.0309200603318249,0.5334928229665071
Mpumalanga,Ward 83106009,MP316,3672,0.6176470588235294,False,8.20849175174038,0.543276761468434,2016,0.0658230866173916,0.0631152287203242,0.4404618715419774
Mpumalanga,Ward 83106010,MP316,4622,0.5984422327996538,False,8.438582790834326,0.5439169223358964,2016,-0.0064630068881945,0.0305462653288739,0.4259169884169884
Mpumalanga,Ward 83106011,MP316,4124,0.661251212415131,False,8.32457884513685,0.5418232896820473,2016,0.0920368885241635,0.1020844468198824,0.5241533864541833
Mpumalanga,Ward 83106012,MP316,4636,0.5815358067299397,False,8.441607204459642,0.5444804698715536,2016,-0.0132774219162654,0.1030216512015227,0.4813084112149532
Mpumalanga,Ward 83106013,MP316,4117,0.6099101287345154,False,8.322880021769905,0.5435346591380678,2016,-0.0246507777810652,0.0602626834921451,0.5313539800358331
Mpumalanga,Ward 83106014,MP316,4063,0.7671671178931824,False,8.309676895987726,0.5382927594994454,2016,0.1668040473537633,0.0536825726141079,0.4448519779931884
Mpumalanga,Ward 83106015,MP316,5083,0.5711194176667322,False,8.533656917446903,0.5448276828403272,2016,0.019371954307093,0.1461104847801577,0.4678824721377912
Mpumalanga,Ward 83106016,MP316,3457,0.469482210008678,False,8.148156439921625,0.5482155897622624,2016,-0.000762830831462,0.0084597432905484,0.3663455749548465
Mpumalanga,Ward 83106017,MP316,4668,0.544344473007712,False,8.448485993406447,0.5457201809956279,2016,-0.0114324194225667,0.1623505976095618,0.3947604120017913
Mpumalanga,Ward 83106018,MP316,4332,0.6232686980609419,False,8.37378460812088,0.5430893734938536,2016,0.0805314143692795,0.1358154168851599,0.4183874139626352
Mpumalanga,Ward 83106019,MP316,4916,0.573840520748576,False,8.500250470685925,0.5447369794042658,2016,0.0132165547830832,0.161900259985819,0.3985675163261007
Mpumalanga,Ward 83106020,MP316,3751,0.5683817648627033,False,8.229777750081887,0.5449189379337949,2016,0.0829911864488691,0.118366129994037,0.4190751445086705
Mpumalanga,Ward 83106021,MP316,4709,0.4933106816733913,False,8.457230850243555,0.5474213073734385,2016,0.0159648039808931,0.1658826442188661,0.4198744198744198
Mpumalanga,Ward 83106022,MP316,4288,0.4850746268656716,False,8.363575702750637,0.5476958425336959,2016,-0.0151903439875344,0.1361950185479596,0.3653395784543325
Mpumalanga,Ward 83106023,MP316,3684,0.4926710097719869,False,8.211754397375197,0.5474426297701521,2016,0.0326278132277104,0.136686207960506,0.3722397476340694
Mpumalanga,Ward 83106024,MP316,4259,0.4787508804883775,False,8.356789669923213,0.5479066340796057,2016,0.0634530133640823,0.0441284628585436,0.4020255394099515
Mpumalanga,Ward 83106025,MP316,4082,0.4777070063694267,False,8.31434234336979,0.5479414298835706,2016,-0.0050516143202284,-0.0156739811912225,0.4374787052810903
Mpumalanga,Ward 83106026,MP316,3934,0.49644128113879,False,8.277411998949004,0.5473169540579252,2016,-0.0085838444893507,0.0982691233947514,0.4477769936485533
Mpumalanga,Ward 83106027,MP316,3775,0.4593377483443708,False,8.236155661683124,0.5485537384844059,2016,-0.0281404112362931,0.0993011065812463,0.4525942515864128
Mpumalanga,Ward 83106028,MP316,3375,0.4651851851851852,False,8.12415060330663,0.5483588239230455,2016,0.0092266359623872,-0.0284974093264248,0.4080891884884625
Mpumalanga,Ward 83106029,MP316,4251,0.4845918607386497,False,8.35490952835879,0.5477119347379299,2016,0.0392321682619885,0.1672158154859966,0.4103641456582633
Mpumalanga,Ward 83106030,MP316,3802,0.4502893214097843,False,8.243282523048375,0.5488553527155589,2016,-0.0535978078732563,0.0947307803052115,0.3621390809272062
Mpumalanga,Ward 83106031,MP316,4615,0.5367280606717226,False,8.437067146936952,0.5459740614068275,2016,0.0181924861840413,0.0626295187658301,0.4179894179894179
Mpumalanga,Ward 83201001,MP321,3640,0.4788461538461538,False,8.199738960630786,0.5390672253284557,2016,0.0211322859446183,-0.1128442602973434,0.3293293293293293
Mpumalanga,Ward 83201002,MP321,2819,0.5952465413267116,False,7.9441374911141125,0.5301133493684127,2016,-0.0661080403465951,0.6044393853158794,0.4206420642064206
Mpumalanga,Ward 83201003,MP321,4101,0.5562058034625701,False,8.31898612539206,0.5331164830502698,2016,-0.0195608832481936,0.2330126277811184,0.3538650306748466
Mpumalanga,Ward 83201004,MP321,3346,0.5409444112372983,False,8.11552088154677,0.5342904362983677,2016,0.0204948327171609,0.044645644708086,0.5522326915198689
Mpumalanga,Ward 83201005,MP321,5241,0.5418813203587102,False,8.564267598802166,0.5342183663659513,2016,-0.0231551000367112,0.8178980228928199,0.4167082294264339
Mpumalanga,Ward 83201006,MP321,3534,0.5045274476513866,False,8.170185652879642,0.5370917411895916,2016,0.0233625220420164,0.1187084520417853,0.4138300723666577
Mpumalanga,Ward 83201007,MP321,3744,0.5483440170940171,False,8.227909837597483,0.5337212358478508,2016,-0.0440643598693336,-0.0198952879581152,0.4433129667345553
Mpumalanga,Ward 83201008,MP321,3767,0.5402176798513406,False,8.23403420769204,0.5343463387126721,2016,-0.0091300229280127,0.0683494044242767,0.545550289626119
Mpumalanga,Ward 83201009,MP321,4604,0.5666811468288445,False,8.434680769841773,0.5323106874067103,2016,-0.0204257012639504,0.0269908543386125,0.501941082438913
Mpumalanga,Ward 83201010,MP321,3720,0.5454301075268817,False,8.221478947267192,0.5339453827376305,2016,0.0485817575083425,0.3793103448275863,0.3987906708897207
Mpumalanga,Ward 83201011,MP321,2862,0.3836477987421384,False,7.959275960116396,0.5463901757210723,2016,-0.000811660717321,-0.0331081081081081,0.249909714698447
Mpumalanga,Ward 83201012,MP321,3645,0.6809327846364883,False,8.201111644442758,0.5235220998830453,2016,-0.1918178580370335,3.685089974293059,0.5242914979757085
Mpumalanga,Ward 83201013,MP321,3022,0.5215089344804765,False,8.013674142832684,0.5357854729719693,2016,0.029669979094187,0.0961189698948132,0.4262704174228675
Mpumalanga,Ward 83201014,MP321,3504,0.4823059360730594,False,8.161660452056282,0.5388010882340784,2016,-0.0468580302263573,-0.4322747893713545,0.4124133585381222
Mpumalanga,Ward 83204001,MP324,5808,0.6210399449035813,False,8.666991556504632,0.6079368100045045,2016,0.0413866225758883,0.1985142385472553,0.4382060360816051
Mpumalanga,Ward 83204002,MP324,5732,0.6280530355896721,False,8.653819788948063,0.6077176509205642,2016,0.0364832681478115,0.1901993355481728,0.4119544184046441
Mpumalanga,Ward 83204003,MP324,5729,0.6002792808518066,False,8.653296274408579,0.6085855807561225,2016,0.0235071727936214,0.3227891941814824,0.3637747336377473
Mpumalanga,Ward 83204004,MP324,5237,0.5812488065686462,False,8.563504094279487,0.6091802830774713,2016,0.0357942611141007,0.1872591249149853,0.4374639769452449
Mpumalanga,Ward 83204005,MP324,5362,0.5980977247295786,False,8.587092318795905,0.6086537543849422,2016,0.0333369312640009,0.2513418903150526,0.3671761866452132
Mpumalanga,Ward 83204006,MP324,5556,0.5973722102231821,False,8.622633703874234,0.608676426713267,2016,-0.0100351971842252,0.1123123123123122,0.514668598333937
Mpumalanga,Ward 83204007,MP324,4877,0.5938076686487594,False,8.492285555710053,0.6087878186374678,2016,0.0606268906167228,0.1160183066361555,0.4856593214410633
Mpumalanga,Ward 83204008,MP324,5427,0.6062281186659296,False,8.599141774063405,0.6083996795744312,2016,0.026431853810242,0.1517402376910017,0.4542260797685472
Mpumalanga,Ward 83204009,MP324,5924,0.6473666441593517,False,8.68676717538769,0.6071141006527617,2016,0.0652145179864629,0.1826711918546615,0.4626632595116411
Mpumalanga,Ward 83204010,MP324,5342,0.6063272182703108,False,8.583355393669907,0.6083965827117942,2016,-0.0213925380395239,0.1623150565709312,0.4206803637588414
Mpumalanga,Ward 83204011,MP324,4716,0.6034775233248516,False,8.458716261657262,0.6084856356788398,2016,0.0686568394215989,-0.0166805671392827,0.535234552593511
Mpumalanga,Ward 83204012,MP324,5365,0.6626281453867661,False,8.587651655064798,0.606637178739405,2016,0.0376013155949652,0.1515346640910067,0.5318084345961401
Mpumalanga,Ward 83204013,MP324,5084,0.6184107002360346,False,8.533853632309345,0.6080189739003654,2016,0.049636623644147,0.1520507591207796,0.493713163064833
Mpumalanga,Ward 83204014,MP324,5193,0.6019641825534373,False,8.555066843844319,0.6085329275779465,2016,0.0295051661599946,0.1350819672131147,0.4892857142857142
Mpumalanga,Ward 83204015,MP324,5299,0.5468956406869221,False,8.575273402492762,0.6102538195112751,2016,-0.0134790284232387,0.0790063123600082,0.419501822600243
Mpumalanga,Ward 83204016,MP324,5314,0.6637184794881446,False,8.57810012631976,0.6066031057987369,2016,0.0773640548090182,0.1965773474442693,0.534680753330271
Mpumalanga,Ward 83204017,MP324,5625,0.6426666666666667,False,8.63497622707262,0.6072609749494081,2016,0.0544073089247971,0.1505420331356106,0.4661752661752661
Mpumalanga,Ward 83204018,MP324,4938,0.6354799513973268,False,8.504715669905124,0.607485559801575,2016,-0.0194194923339525,0.0564826700898588,0.5409136546184738
Mpumalanga,Ward 83204019,MP324,5019,0.6304044630404463,False,8.520985989654934,0.6076441688127275,2016,0.0161730441215273,0.0597550675675675,0.4801278210505292
Mpumalanga,Ward 83204020,MP324,4468,0.5957923008057296,False,8.404696160189092,0.6087257988825624,2016,0.0232817193844776,-0.0046781020271775,0.4702017832003754
Mpumalanga,Ward 83204021,MP324,5568,0.6018318965517241,False,8.624791202014256,0.6085370615155001,2016,0.0032109186996555,0.1633932302549101,0.4097174362508615
Mpumalanga,Ward 83204022,MP324,4627,0.529500756429652,False,8.439663988907,0.6107974096443148,2016,0.0078616178137205,-0.0326155132761865,0.3585992907801418
Mpumalanga,Ward 83204023,MP324,3981,0.5980909319266516,False,8.289288323000317,0.6086539666600336,2016,0.0542556967471359,0.1079877539660449,0.4607797087834664
Mpumalanga,Ward 83204024,MP324,5020,0.6414342629482072,False,8.521185212685776,0.60729948756561,2016,0.0399690614830057,0.2258852258852259,0.4244060475161987
Mpumalanga,Ward 83204025,MP324,5351,0.6082975144832742,False,8.585038738311304,0.6083350109551391,2016,0.0262514637691966,0.5596036141066745,0.5067982864593034
Mpumalanga,Ward 83204026,MP324,4150,0.5886746987951808,False,8.330863613224745,0.608948223945392,2016,0.0532844991581571,0.2552934059286147,0.4059627886124187
Mpumalanga,Ward 83204027,MP324,4422,0.5829941203075532,False,8.394347361417392,0.6091257420231304,2016,-0.0009544388732041,0.053107882829245,0.4089159067882472
Mpumalanga,Ward 83204028,MP324,4235,0.5782762691853601,False,8.351138607086154,0.609273174870699,2016,0.0275030733090714,0.0914948453608246,0.4212707182320442
Mpumalanga,Ward 83204029,MP324,5484,0.6513493800145879,False,8.609590040682205,0.6069896401572856,2016,0.0624245619062612,0.1083265966046886,0.4645576044662494
Mpumalanga,Ward 83204030,MP324,4943,0.5966012542990087,False,8.505727713306959,0.6087005190858974,2016,0.0245972261016269,-0.0044310171198388,0.5021207836800646
Mpumalanga,Ward 83204031,MP324,4111,0.6582340063244952,False,8.321421586897879,0.606774495585101,2016,0.090717737344018,0.1146963123644251,0.4772339907475043
Mpumalanga,Ward 83204032,MP324,4536,0.5864197530864198,False,8.419800845407588,0.6090186909987908,2016,0.0492214450495946,0.1286389649166459,0.380477625782518
Mpumalanga,Ward 83204033,MP324,4566,0.5720543144984669,False,8.42639282708974,0.6094676109546644,2016,-0.0034502088139896,0.0591510090466249,0.4217118997912317
Mpumalanga,Ward 83205001,MP325,6558,0.557029582189692,False,8.788440957404594,0.5339872106433661,2016,0.0478001652544444,-0.0392616466451801,0.4027859756817377
Mpumalanga,Ward 83205002,MP325,5939,0.5103552786664421,False,8.68929604801586,0.5352837190745674,2016,0.0069358257789041,0.1282294832826747,0.3772083090662007
Mpumalanga,Ward 83205003,MP325,7475,0.5208026755852843,False,8.919319398258887,0.5349935136045996,2016,0.0634719327964634,0.1171723210282469,0.4236111111111111
Mpumalanga,Ward 83205004,MP325,6347,0.5002363321254136,False,8.75573753930647,0.5355648009229292,2016,-6.725014538178087e-05,-0.0365816636308439,0.34872867718056
Mpumalanga,Ward 83205005,MP325,5717,0.5088333041805142,False,8.651199471263972,0.535325996143621,2016,0.1330440203991683,0.0313909435323831,0.3240459304289091
Mpumalanga,Ward 83205006,MP325,6953,0.545663742269524,False,8.846928500099018,0.5343029284189262,2016,0.0215740618751846,0.1055811734775002,0.3707060371290747
Mpumalanga,Ward 83205007,MP325,5581,0.4785880666547213,False,8.627123250788433,0.5361661416304485,2016,0.0244596262877488,0.0240366972477064,0.4422448238285507
Mpumalanga,Ward 83205008,MP325,5594,0.5187701108330354,False,8.629449873761905,0.5350499737366065,2016,0.0596590852413478,0.0763902251298827,0.3863714383796773
Mpumalanga,Ward 83205009,MP325,7194,0.50403113705866,False,8.881002624255569,0.5354593896747836,2016,0.0287038460213991,0.2074521651560925,0.3626578645235361
Mpumalanga,Ward 83205010,MP325,6331,0.5226662454588532,False,8.753213480544126,0.5349417477747782,2016,-0.0135857012447286,0.0955182557535905,0.4126884422110553
Mpumalanga,Ward 83205011,MP325,6645,0.4830699774266365,False,8.801619971147346,0.5360416441090065,2016,0.0450440874589989,0.075242718446602,0.3335914511382995
Mpumalanga,Ward 83205012,MP325,5923,0.5162924193820699,False,8.686598356276965,0.5351187984991334,2016,-0.0053130769115478,0.070873259808353,0.4154547047485544
Mpumalanga,Ward 83205013,MP325,7103,0.4834576939321413,False,8.86827250899781,0.5360308742060758,2016,-0.0088171252657548,0.1674884944115713,0.4520931603773584
Mpumalanga,Ward 83205014,MP325,6785,0.4985998526160649,False,8.82246957226897,0.5356102586870779,2016,0.0141810305531169,0.057182923028981,0.3692748091603053
Mpumalanga,Ward 83205015,MP325,7033,0.6459547845869472,False,8.858368636308018,0.5315170661323312,2016,-0.0168392080455265,-0.0035420799093227,0.5647486861608948
Mpumalanga,Ward 83205016,MP325,7492,0.6301388147357181,False,8.921591063563978,0.5319563986281985,2016,0.0521519850085309,0.4095954844778928,0.4744868035190616
Mpumalanga,Ward 83205017,MP325,7117,0.5819867921877195,False,8.87024156729927,0.5332939548100875,2016,0.0313967056416928,0.1199055861526356,0.4065111637769739
Mpumalanga,Ward 83205018,MP325,7577,0.5935066649069553,False,8.932872621931374,0.5329739583456643,2016,0.0912342708298404,0.1108341885354053,0.3606266149870801
Mpumalanga,Ward 83205019,MP325,6734,0.5424710424710425,False,8.814924599721019,0.5343916145244396,2016,0.0364193578128808,0.1014066077854105,0.3881073241479333
Mpumalanga,Ward 83205020,MP325,5812,0.5851686166551961,False,8.667680024690174,0.5332055707971021,2016,-0.015322008892377,0.0183984580339933,0.4269423749429831
Mpumalanga,Ward 83205021,MP325,6666,0.5636063606360636,False,8.804775258867686,0.533804522353189,2016,0.0428591296887995,0.1020003306331625,0.4752863170584689
Mpumalanga,Ward 83205022,MP325,6340,0.5563091482649842,False,8.754634047431272,0.5340072226968302,2016,0.0041656395997364,-0.0361812100942535,0.4148277504365772
Mpumalanga,Ward 83205023,MP325,7151,0.5320934135086002,False,8.875007486048396,0.5346798819956186,2016,0.0271946545275419,0.1677008491182234,0.4551830311323982
Mpumalanga,Ward 83205024,MP325,6899,0.4831134947093781,False,8.839131752546109,0.536040435295597,2016,-0.0300891620215469,0.1176089421675037,0.3986204914499209
Mpumalanga,Ward 83205025,MP325,5940,0.4942760942760942,False,8.68946441235669,0.5357303630854103,2016,-0.0449055978182192,0.0298196948682385,0.4464152630794455
Mpumalanga,Ward 83205026,MP325,5826,0.5369035358736698,False,8.67008593751938,0.5345462674854777,2016,0.0531067957010906,0.1171620325982742,0.4147882268485283
Mpumalanga,Ward 83205027,MP325,6740,0.5124629080118694,False,8.815815203906352,0.5352251738149723,2016,-0.0112036409107727,0.1903920876015541,0.4887437465258477
Mpumalanga,Ward 83205028,MP325,5780,0.5217993079584775,False,8.662158961666423,0.5349658293720109,2016,-0.0145008994712791,0.0899490854233453,0.4717820900836745
Mpumalanga,Ward 83205029,MP325,5927,0.5645351779989877,False,8.687273461787838,0.5337787218708856,2016,0.0336275097673758,0.1594287949921753,0.5296515937731653
Mpumalanga,Ward 83205030,MP325,6016,0.4787234042553192,False,8.702177865629675,0.5361623822526541,2016,-0.0461662288699663,-0.0841832851271121,0.4268527430221366
Mpumalanga,Ward 83205031,MP325,6109,0.5586839089867409,False,8.717518372649767,0.5339412571212258,2016,0.0587606549575774,-0.0623177283192631,0.4646287186694776
Mpumalanga,Ward 83205032,MP325,6035,0.575973487986744,False,8.705331133531631,0.5334609910378924,2016,0.0168236208199992,-0.0568838881075167,0.4633140972794723
Mpumalanga,Ward 83205033,MP325,6927,0.5389057311967663,False,8.843182098022606,0.534490650948725,2016,0.0115941657405563,0.0569118095819347,0.4981539335416075
Mpumalanga,Ward 83205034,MP325,5666,0.5314154606424285,False,8.642238680390461,0.534698714019679,2016,-0.0198588112022316,-0.1404733009708737,0.4670203359858532
Mpumalanga,Ward 83205035,MP325,6050,0.5434710743801653,False,8.707813551024888,0.5343638358602973,2016,0.0268874689496789,0.0396975425330812,0.5166351881447043
Mpumalanga,Ward 83205036,MP325,6201,0.5720045154007418,False,8.732465848349879,0.5335712402763924,2016,0.0126702172820731,0.1217438494934877,0.4569563443492452
Mpumalanga,Ward 83205037,MP325,6266,0.4886690073412065,False,8.742893471512136,0.5358861155002684,2016,0.0051652132138557,0.0336522599802044,0.3934102141680395
North West,Ward 63701001,NW371,3368,0.5463182897862233,False,8.122074375362217,0.5235737492924186,2016,-0.0310522744953357,-0.0203606748109366,0.4458174904942966
North West,Ward 63701002,NW371,3334,0.5218956208758249,False,8.111928063310739,0.5245506560488346,2016,0.0064536613444085,-0.1123535676251331,0.4731404958677686
North West,Ward 63701003,NW371,3763,0.5041190539463194,False,8.232971790593437,0.5252617187260148,2016,-0.0062742044806468,0.0570224719101124,0.3752450294035284
North West,Ward 63701004,NW371,3518,0.5361000568504832,False,8.165647925297504,0.5239824786098483,2016,0.0543885316606971,0.2139406487232573,0.4743849493487699
North West,Ward 63701005,NW371,3205,0.5201248049921997,False,8.07246736935477,0.5246214886841796,2016,0.0186379166439975,-0.1335496080021627,0.4757403906742281
North West,Ward 63701006,NW371,3350,0.5134328358208955,False,8.116715624819111,0.5248891674510318,2016,-0.0195877343703712,0.208949837603753,0.5055147058823529
North West,Ward 63701007,NW371,3800,0.5657894736842105,False,8.242756345714477,0.5227949019364991,2016,-0.0376529832850773,0.2824839689503882,0.4346747519294377
North West,Ward 63701008,NW371,3324,0.4317087845968712,False,8.10892415597534,0.5281581294999927,2016,-0.1971328229681406,-0.0177304964539006,0.4484823456535205
North West,Ward 63701009,NW371,3923,0.5888350751975528,False,8.274611946209552,0.5218730778759655,2016,-0.0306803144553613,0.2845448592010478,0.391212949337818
North West,Ward 63701010,NW371,4150,0.5363855421686747,False,8.330863613224745,0.5239710591971205,2016,0.0073344472781637,0.2116788321167884,0.4721562417524412
North West,Ward 63701011,NW371,4435,0.5382187147688838,False,8.39728289474368,0.5238977322931122,2016,-0.100335502098586,0.3032618277990009,0.4160562554937005
North West,Ward 63701012,NW371,3477,0.4745470232959448,False,8.153925132007862,0.5264445999520297,2016,-0.0417968023699147,0.0523607748184018,0.3442265795206972
North West,Ward 63701013,NW371,4178,0.5098133078027764,False,8.33758794211651,0.5250339485717564,2016,-0.040720276629113,0.3113622096672943,0.446331109763493
North West,Ward 63701014,NW371,3837,0.4769351055512119,False,8.252446090246952,0.5263490766618191,2016,-0.2079857353519804,-0.0041526083571242,0.4207424867413082
North West,Ward 63701015,NW371,3547,0.5362277981392726,False,8.173857454773621,0.5239773689582967,2016,0.0169593461471105,0.1583932070542129,0.5018835120254999
North West,Ward 63701016,NW371,4236,0.5521718602455147,False,8.351374706721296,0.523339606474047,2016,0.1405057523004929,0.4200469326181697,0.3432984554060787
North West,Ward 63701017,NW371,4131,0.5267489711934157,False,8.326274787396764,0.5243565220361309,2016,-0.0283062887329044,0.6909537453950061,0.4299454120093579
North West,Ward 63701018,NW371,3444,0.5206155632984901,False,8.144388865547622,0.524601858351928,2016,0.0073585161313117,-0.0387943064471113,0.3692977960020502
North West,Ward 63701019,NW371,3633,0.5681255161023947,False,8.197814032221203,0.5227014602397717,2016,0.0015556280891222,0.5068436333471589,0.4354882337030024
North West,Ward 63701020,NW371,4461,0.5395651199282672,False,8.403128235128264,0.5238438760867369,2016,0.0459856656746556,0.1934189406099518,0.3889925373134328
North West,Ward 63701021,NW371,4030,0.5141439205955335,False,8.301521654940728,0.5248607240600462,2016,-0.0178661437041589,0.1266424377970365,0.3889332269220537
North West,Ward 63701022,NW371,3236,0.4805315203955501,False,8.082093278178382,0.5262052200680456,2016,-0.0063958003048577,-0.2237946749820101,0.4152695383028114
North West,Ward 63701023,NW371,4119,0.5314396698227725,False,8.323365694436081,0.5241688940909567,2016,-0.0786443637906729,0.3845378151260503,0.5681818181818182
North West,Ward 63701024,NW371,3027,0.4942186983812355,False,8.01532730902172,0.5256577329486182,2016,-0.0155049454263386,-0.2254350051177073,0.3512419006479482
North West,Ward 63701025,NW371,4787,0.6062251932316691,False,8.473659189392508,0.5211774731546008,2016,0.091376803109756,0.496405126602063,0.5251299826689775
North West,Ward 63701026,NW371,3510,0.5014245014245015,False,8.163371316459912,0.5253695008268875,2016,-0.0603188399798568,0.0623486682808716,0.464096051720157
North West,Ward 63702001,NW372,4637,0.5372007763640285,False,8.441822884391462,0.5302740197405094,2016,-0.0090936997515602,-0.0884607823864753,0.4676957001102536
North West,Ward 63702002,NW372,5432,0.5022091310751104,False,8.600062669238532,0.5312737810344783,2016,-0.0372217632338326,0.1040650406504064,0.362574388362354
North West,Ward 63702003,NW372,4569,0.5386298971328518,False,8.427049641563272,0.530233187718543,2016,-0.0092160017900976,-0.0536454018227009,0.5162337662337663
North West,Ward 63702004,NW372,4726,0.5260262378332629,False,8.460834457746854,0.5305932922699597,2016,-0.0395407724760155,-0.0255670103092783,0.4138009565019357
North West,Ward 63702005,NW372,5468,0.5788222384784198,False,8.60666819784384,0.5290848351086695,2016,0.0402316344515741,0.0193885160328113,0.375281743050338
North West,Ward 63702006,NW372,5126,0.5364806866952789,False,8.542080906924017,0.530294593731045,2016,-0.0239010819062014,-0.0015582391897156,0.3912952936276551
North West,Ward 63702007,NW372,6085,0.533278553820871,False,8.713582005421628,0.5303860832417424,2016,-0.0407184496750504,0.0129848510071584,0.367514218802275
North West,Ward 63702008,NW372,6215,0.5218020917135962,False,8.734721003944811,0.530713982159093,2016,-0.063114656572398,0.2174338883447599,0.3348977539389876
North West,Ward 63702009,NW372,5254,0.4842025123715264,False,8.566744970245486,0.5317882558545808,2016,-0.0495158766387764,-0.1798314080549484,0.3136778115501519
North West,Ward 63702010,NW372,6664,0.4932472989195678,False,8.804475183846678,0.5315298333817796,2016,-0.0224830381590838,0.0696629213483146,0.3420408163265306
North West,Ward 63702011,NW372,5319,0.5476593344613649,False,8.579040594742317,0.5299752037948711,2016,0.0522672287406207,-0.0751173708920187,0.381928355016931
North West,Ward 63702012,NW372,5851,0.5397367971286959,False,8.674367865788236,0.530201562004376,2016,0.0457379402035673,0.1146885120975425,0.3932980599647266
North West,Ward 63702013,NW372,5971,0.4322559035337464,False,8.694669696546992,0.5332724446785173,2016,-0.1129217614408729,0.010321489001692,0.3615982643283312
North West,Ward 63702014,NW372,5230,0.5240917782026768,False,8.56216655705897,0.5306485625451193,2016,0.057843084367776,0.0929989550679206,0.4815175097276264
North West,Ward 63702015,NW372,5523,0.4935723338765164,False,8.616676469901188,0.5315205466687238,2016,0.0160672214020787,-0.1932515337423312,0.3726319350473613
North West,Ward 63702016,NW372,4928,0.5586444805194806,False,8.502688505213357,0.5296613424789249,2016,0.0340296111289916,-0.174815807099799,0.3933599495692372
North West,Ward 63702017,NW372,5804,0.4891454169538249,False,8.666302614004078,0.5316470300093723,2016,-0.0282156941572862,0.0076388888888889,0.3916474210931486
North West,Ward 63702018,NW372,4610,0.5407809110629067,False,8.435983135990694,0.5301717301776842,2016,0.0130287443655067,-0.1499170200995758,0.3680971106171995
North West,Ward 63702019,NW372,5742,0.5156739811912225,False,8.655562860681009,0.5308890710311609,2016,-0.0356754755210102,0.0063091482649841,0.4385105340519353
North West,Ward 63702020,NW372,4883,0.5633831660864222,False,8.49351506406166,0.5295259514627266,2016,0.0117616714914042,-0.2349992166692778,0.4164859002169197
North West,Ward 63702021,NW372,5975,0.4977405857740585,False,8.695339376799712,0.5314014537573656,2016,-0.0682208330187231,-0.0704729309271935,0.4360847333820307
North West,Ward 63702022,NW372,4966,0.6562625855819573,False,8.510369966068112,0.5268722537628542,2016,0.058496318181504,-0.1961799935254127,0.4970414201183432
North West,Ward 63702023,NW372,4980,0.5710843373493976,False,8.513185170018698,0.5293059179980701,2016,0.0845368302938942,-0.0630291627469425,0.4972375690607735
North West,Ward 63702024,NW372,4867,0.5354427778919252,False,8.490233009833455,0.5303242482682836,2016,-0.0233604043979399,-0.1582497405741958,0.4742157284056725
North West,Ward 63702025,NW372,5563,0.4533525076397627,False,8.623892810075294,0.5326696845612026,2016,0.0069981442094642,0.0508122402720061,0.3933877075444217
North West,Ward 63702026,NW372,6316,0.4498100063331222,False,8.750841375375533,0.5327708988842494,2016,-0.0421321424272084,0.3049586776859503,0.2654926067453065
North West,Ward 63702027,NW372,6051,0.5412328540737068,False,8.707978826622321,0.5301588175202329,2016,0.1039779521129224,-0.0112745098039215,0.4745788904342451
North West,Ward 63702028,NW372,4745,0.5131717597471022,False,8.464846711044029,0.5309605630724215,2016,0.0046525255999038,-0.1665202880730721,0.3182282098387426
North West,Ward 63702029,NW372,6720,0.6190476190476191,False,8.812843433517195,0.5279355385209781,2016,0.091120004640102,0.1693057247259439,0.5117277832837793
North West,Ward 63702030,NW372,6669,0.6729644624381467,False,8.805225202632306,0.5263950572812488,2016,0.1051534495217633,0.1334126444595513,0.4689895470383275
North West,Ward 63702031,NW372,5930,0.502866779089376,False,8.68777949199177,0.5312549910912137,2016,-0.0574054179294185,-0.0392093324692157,0.3597437099546804
North West,Ward 63702032,NW372,5333,0.437464841552597,False,8.581669210600602,0.5331236178779788,2016,-0.0316082266093094,-0.0655335552829857,0.3179989504985132
North West,Ward 63702033,NW372,5382,0.6204013377926422,False,8.590815331286851,0.5278968608425488,2016,0.0947438650537069,-0.1369467607440667,0.5009481668773704
North West,Ward 63702034,NW372,5338,0.5307231172723866,False,8.58260632996447,0.5304590957145562,2016,0.0060921373684207,-0.0506846878890272,0.5198130841121495
North West,Ward 63702035,NW372,5961,0.5473913772856903,False,8.692993531219926,0.529982859714176,2016,0.002190679205411,0.0403141361256544,0.4334243251440703
North West,Ward 63702036,NW372,4440,0.4909909909909909,False,8.39840965542627,0.531594299322596,2016,-0.0461745194153519,-0.1199207135777997,0.3679653679653679
North West,Ward 63703001,NW373,6964,0.5287191269385411,False,8.848509300888079,0.49730534723344,2016,0.001343523676767,0.1589282742552837,0.4427275304791607
North West,Ward 63703002,NW373,7033,0.4612540878714631,False,8.858368636308018,0.4991287266676853,2016,0.003958416803437,0.1754972421861942,0.3647444298820446
North West,Ward 63703003,NW373,5418,0.4509043927648579,False,8.59748202264504,0.499408448157053,2016,0.0728690726765576,-0.0033112582781457,0.2541152263374485
North West,Ward 63703004,NW373,7343,0.4638431158926869,False,8.90150275745161,0.499058752937382,2016,0.0588201233210561,0.2987265652635302,0.2612859097127223
North West,Ward 63703005,NW373,6433,0.458883879993782,False,8.769196271411001,0.4991927863400551,2016,0.024351239044227,0.1930637982195846,0.3826505224747056
North West,Ward 63703006,NW373,6317,0.4589203735950609,False,8.7509996908987,0.49919180002650704,2016,-0.0002988665583026,0.1009062391077031,0.3517064846416382
North West,Ward 63703007,NW373,6877,0.5103969754253308,False,8.835937789319836,0.4978005405175808,2016,0.0064726086754199,0.2267213699607564,0.3767794416712886
North West,Ward 63703008,NW373,5858,0.5343120518948447,False,8.675563527387679,0.49715418709948583,2016,0.1218773741513098,-0.2150609674393675,0.3311198851399856
North West,Ward 63703009,NW373,5939,0.4889712072739518,False,8.68929604801586,0.49837961533248293,2016,0.068211078195429,0.0647185371100753,0.3171224732461355
North West,Ward 63703010,NW373,6972,0.4337349397590361,False,8.849657406639912,0.4998724874274807,2016,-0.0038076061905895,0.1865214431586113,0.2483870967741935
North West,Ward 63703011,NW373,5852,0.4560833902939166,False,8.674538762140015,0.49926847525086226,2016,0.0791933696031637,-0.0685978035970078,0.2866513611020007
North West,Ward 63703012,NW373,7554,0.4588297590680434,False,8.929832503272403,0.49919424906777776,2016,0.0623936601985281,0.4474037171872005,0.3198198198198198
North West,Ward 63703013,NW373,7939,0.4103791409497417,False,8.979542601725113,0.5005037252331372,2016,0.0503791409497417,0.1761481481481481,0.2664788732394366
North West,Ward 63703014,NW373,6622,0.6100875868317729,False,8.798152718107191,0.49510619966875796,2016,0.1084397862872822,-0.0511534603811434,0.4993865030674846
North West,Ward 63703015,NW373,6431,0.6030166381589177,False,8.768885326134862,0.49529730638964603,2016,0.0162166969565069,-0.05468175804792,0.4956186470382054
North West,Ward 63703016,NW373,9310,0.59484425349087,False,9.138844370271112,0.49551818165094463,2016,0.1022167885770309,0.6539349795700835,0.4875932673954538
North West,Ward 63703017,NW373,6481,0.5798487887671656,False,8.776630098427717,0.49592346448131497,2016,0.0590211274548868,-0.1177511570922951,0.482267096555235
North West,Ward 63703018,NW373,4632,0.4119170984455959,False,8.440744019252831,0.5004621588143304,2016,-0.0668179070069668,-0.579062159214831,0.3482227115445108
North West,Ward 63703019,NW373,7652,0.4158389963408259,False,8.942722330560143,0.5003561615739187,2016,0.036434330210496,0.2312148028962188,0.2794704388828437
North West,Ward 63703020,NW373,6780,0.4882005899705015,False,8.821732380934442,0.49840044282717083,2016,0.0192975173862651,0.0063826629063381,0.3149273893954745
North West,Ward 63703021,NW373,6655,0.504282494365139,False,8.803123730829212,0.49796579676245084,2016,-0.0015774129665591,-0.0930771327337148,0.3808029292533019
North West,Ward 63703022,NW373,8392,0.4665157292659675,False,9.035034150076132,0.4989865201435095,2016,0.0752380879883262,0.2886977886977886,0.2855147366950691
North West,Ward 63703023,NW373,5876,0.5629680054458815,False,8.678631537293768,0.4963797018683767,2016,0.1223731370033255,-0.0397123713025003,0.4042262085740347
North West,Ward 63703024,NW373,6614,0.4413365588146356,False,8.796943893541737,0.49966703826381575,2016,0.0715533171452729,0.0698802976383048,0.282874617737003
North West,Ward 63703025,NW373,6226,0.5859299710889817,False,8.736489351001554,0.49575910820234703,2016,0.0043360431952436,0.181404174573055,0.5315652456882525
North West,Ward 63703026,NW373,5913,0.5657026889903602,False,8.68490859582083,0.49630579150230975,2016,-0.0034334837750866,-0.1132273545290941,0.4741215163579713
North West,Ward 63703027,NW373,7286,0.5750754872357947,False,8.89370997756851,0.49605247263081154,2016,0.0968498113413475,0.1795369920673466,0.4237312163311596
North West,Ward 63703028,NW373,6558,0.5797499237572431,False,8.788440957404594,0.49592613650861017,2016,0.0225304746908722,0.2124237382140876,0.421608832807571
North West,Ward 63703029,NW373,5098,0.5613966261278933,False,8.53660358493606,0.49642217157967367,2016,0.0413862311174982,-0.3375779625779626,0.557366467645635
North West,Ward 63703030,NW373,5905,0.5356477561388654,False,8.683554728631462,0.4971180869847826,2016,0.0368253350366515,-0.0728528811430365,0.3803756362998069
North West,Ward 63703031,NW373,6289,0.5037366830974718,False,8.746557354543503,0.4979805484183337,2016,0.1899088784012362,0.172008945210585,0.2677672639420173
North West,Ward 63703032,NW373,6954,0.4706643658326143,False,8.847072312567807,0.4988743948308974,2016,0.099900928653566,0.1903457719958918,0.3304093567251462
North West,Ward 63703033,NW373,4844,0.3728323699421965,False,8.485496104672983,0.5015185028279359,2016,-0.0442049666260741,-0.3470818169564631,0.2441490357610934
North West,Ward 63703034,NW373,6388,0.4331559173450219,False,8.762176509334903,0.49988813668191345,2016,0.0438304425578575,0.0458415193189261,0.343804537521815
North West,Ward 63703035,NW373,7710,0.5097276264591439,False,8.950273466557375,0.4978186310301805,2016,0.0965415719199654,0.3306869175008629,0.3879399970295559
North West,Ward 63703036,NW373,6909,0.5536257056013895,False,8.840580188488795,0.4966321964587683,2016,0.0231645814007835,0.1627398182430157,0.4310583885379757
North West,Ward 63703037,NW373,5878,0.4474310990132698,False,8.678971846978863,0.49950232096115005,2016,0.0575505288321987,-0.2451521767047643,0.2614044079958995
North West,Ward 63703038,NW373,6837,0.440251572327044,False,8.830104317913793,0.49969636222293995,2016,0.116813840398886,0.014843402107763,0.263681592039801
North West,Ward 63704001,NW374,2704,0.588387573964497,False,7.902487437162855,0.5871038498327511,2016,-0.0224971757444668,-0.2130384167636787,0.4790040876997399
North West,Ward 63704002,NW374,2983,0.5370432450553134,False,8.000684784514748,0.5973727156145878,2016,0.052454203959423,0.0215753424657534,0.5227840199750312
North West,Ward 63704003,NW374,2405,0.572972972972973,False,7.785305182539862,0.590186770031056,2016,0.0268967762943667,-0.2168674698795181,0.4994590695997115
North West,Ward 63704004,NW374,3060,0.5604575163398693,False,8.026170194946426,0.5926898613576768,2016,0.0146171088695806,-0.134125636672326,0.4589752776782515
North West,Ward 63704005,NW374,2925,0.7005128205128205,False,7.981049759665957,0.5646788005230865,2016,0.0240744643484369,-0.1986301369863014,0.460724043715847
North West,Ward 63704006,NW374,2921,0.5645326942827799,False,7.979681302387741,0.5918748257690946,2016,-0.0242006173420979,-0.0488440247476391,0.4860335195530726
North West,Ward 63705001,NW375,4087,0.525813555174945,False,8.315566483564277,0.5200853702968739,2016,-0.0412045171142115,0.0258534136546184,0.4549356223175965
North West,Ward 63705002,NW375,4006,0.5476784822765851,False,8.295548516225763,0.5193565393934859,2016,0.0012767376679104,-0.0293191180033922,0.4769311890324281
North West,Ward 63705003,NW375,3532,0.6027746319365799,False,8.16961956172385,0.517520001071486,2016,0.0783913846617663,0.0131956397016637,0.4229892543145555
North West,Ward 63705004,NW375,4305,0.4977932636469221,False,8.367532416861831,0.5210193800144746,2016,-0.0091170197918223,0.0084328882642306,0.4011642622120982
North West,Ward 63705005,NW375,3423,0.5585743499853929,False,8.138272638530186,0.5189933438031923,2016,0.05482140123995,-0.2659232253913789,0.4365714285714285
North West,Ward 63705006,NW375,3935,0.560864040660737,False,8.277666160851503,0.5189170207806808,2016,0.0667205560340898,-0.0397755002440214,0.4611260053619302
North West,Ward 63705007,NW375,3541,0.4069471900593053,False,8.172164452111904,0.5240475824673951,2016,-0.0154051520995541,-0.0985234215885947,0.3473618090452261
North West,Ward 63705008,NW375,3735,0.5261044176706827,False,8.225503097566918,0.5200756748803493,2016,0.0034520288733186,-0.2308484349258649,0.4760826493065384
North West,Ward 63705009,NW375,3579,0.4886839899413244,False,8.182838710766026,0.5213230224713279,2016,0.0387056443371667,-0.2249891728020788,0.3478260869565217
North West,Ward 63705010,NW375,3446,0.4866511897852583,False,8.144969417087875,0.5213907824765301,2016,0.019377154781662,-0.1738192280028769,0.6790159189580318
North West,Ward 63705011,NW375,3514,0.6172453044963006,False,8.164510268747042,0.5170376453194954,2016,-0.0116429000001576,0.082229750538959,0.4469964664310954
North West,Ward 63705012,NW375,3315,0.5260935143288085,False,8.106212902619962,0.5200760383250784,2016,-0.0114787400064516,0.0645472061657033,0.5193897012078831
North West,Ward 63705013,NW375,3073,0.4201106410673609,False,8.030409562130485,0.5236088007671267,2016,-0.0300834080917594,-0.0061448900388098,0.2811059907834101
North West,Ward 63705014,NW375,3028,0.4785336856010568,False,8.01565761455734,0.5216613659493368,2016,0.0924701159189052,-0.2596577017114915,0.2409830833067347
North West,Ward 63705015,NW375,3861,0.5457135457135457,False,8.258681496264236,0.5194220372789204,2016,-0.2419052810891439,-0.1047994435427777,0.4196625091709464
North West,Ward 63705016,NW375,4186,0.5169612995699953,False,8.339500903005945,0.5203804454837055,2016,0.1568310716711723,0.0483345855246681,0.3440252992997515
North West,Ward 63705017,NW375,3415,0.5420204978038068,False,8.13593277200489,0.5195451388759118,2016,0.0747607992616768,-0.1561650605386706,0.3881064162754303
North West,Ward 63705018,NW375,3419,0.5185726820707809,False,8.137103389639302,0.5203267327336794,2016,0.0202479790552463,0.0414255254340543,0.4108865411116215
North West,Ward 63705019,NW375,3736,0.5642398286937902,False,8.225770799348734,0.5188044945129123,2016,0.0213400525187094,-0.0708778910718727,0.4632471728594507
North West,Ward 63705020,NW375,3479,0.5630928427709112,False,8.154500175151941,0.5188427273770083,2016,0.0505470294075055,-0.0191711305328446,0.3955976765515133
North West,Ward 63705021,NW375,4314,0.5521557719054242,False,8.369620826949102,0.5192072964058579,2016,0.0175935599238573,-0.0059907834101382,0.3987771739130434
North West,Ward 63705022,NW375,3539,0.4970330601864933,False,8.171599480345463,0.5210447201298222,2016,-0.0094963220334967,-0.1112506278252134,0.3457568807339449
North West,Ward 63705023,NW375,3390,0.4929203539823009,False,8.128585200374497,0.5211818103366287,2016,0.0057477911953713,-0.0845260599513907,0.396694214876033
North West,Ward 63705024,NW375,3742,0.505344735435596,False,8.227375506834035,0.5207676642881854,2016,0.0050025040872044,0.2806297056810403,0.3651014170602945
North West,Ward 63705025,NW375,4016,0.4549302788844621,False,8.298041661371565,0.5224481461732233,2016,-0.0141315973630429,0.0019960079840319,0.3887279431129839
North West,Ward 63705026,NW375,4266,0.4460853258321612,False,8.358431899031295,0.5227429779416333,2016,-0.0768986510525249,0.1205673758865248,0.482442748091603
North West,Ward 63705027,NW375,3742,0.5277926242650989,False,8.227375506834035,0.520019401327202,2016,0.023185340368653,-0.1790258885476086,0.3900775922877968
North West,Ward 63705028,NW375,4266,0.5421940928270043,False,8.358431899031295,0.5195393523751385,2016,0.072851227828379,0.1729447346714325,0.3605231866825208
North West,Ward 63705029,NW375,3653,0.5480427046263345,False,8.203304026795282,0.5193443986484942,2016,-0.0215235432997142,-0.1341550130362645,0.4683730508973227
North West,Ward 63705030,NW375,3731,0.5684803001876173,False,8.224431573221159,0.5186631454631181,2016,0.0606608844307569,0.1009147241074062,0.3773992322456814
North West,Ward 63705031,NW375,3726,0.4989264626945786,False,8.223090551161533,0.5209816067128861,2016,0.0204876839725137,0.1728045325779037,0.4106914212548015
North West,Ward 63801001,NW381,4036,0.563181367690783,False,8.3030093814735,0.5295755487055634,2016,-0.0616044689739799,0.1524842946887492,0.4953584321815368
North West,Ward 63801002,NW381,3897,0.5445214267385168,False,8.26796230533871,0.5310109287788147,2016,-0.0036189056276135,0.0279609601688208,0.44832179009057
North West,Ward 63801003,NW381,3574,0.4966424174594292,False,8.181440695719374,0.5346939294925906,2016,-0.0477568860809073,0.0371445153801508,0.388100271821202
North West,Ward 63801004,NW381,4109,0.6084205402774397,False,8.32093496888341,0.5260956123527437,2016,0.0518868401398882,0.1303988995873453,0.538517796196977
North West,Ward 63801005,NW381,3274,0.4468540012217471,False,8.09376775793108,0.5385238076647201,2016,-0.0920681544668756,0.2252994011976048,0.4080717488789238
North West,Ward 63801006,NW381,3111,0.537769206043073,False,8.042699496897637,0.5315303303707719,2016,-0.0120935569944384,-0.0512351326623971,0.4325361677000295
North West,Ward 63801007,NW381,3392,0.5014740566037735,False,8.129174996911793,0.5343222649430257,2016,-0.0264342865219608,-0.0035252643948295,0.4447284345047923
North West,Ward 63801008,NW381,3963,0.4817057784506687,False,8.284756593190435,0.5358429017240337,2016,-0.1719484628173089,0.1631934253008511,0.4760056457304163
North West,Ward 63801009,NW381,3492,0.5186139747995419,False,8.158229916959494,0.5330038096971974,2016,-0.0115407457561891,0.102620776760341,0.3767351471404775
North West,Ward 63801010,NW381,2852,0.5908134642356241,False,7.955775781534187,0.5274500028174988,2016,0.1195345051750084,-0.0948905109489051,0.3492176386913229
North West,Ward 63801011,NW381,3152,0.5501269035532995,False,8.05579245097777,0.5305797382546007,2016,-0.0074939142905666,0.0652247380871915,0.4659400544959128
North West,Ward 63801012,NW381,3700,0.5510810810810811,False,8.216088098632316,0.5305063399832328,2016,0.0094989309796612,0.0721529991306868,0.4366149696561024
North West,Ward 63801013,NW381,3469,0.5390602479100606,False,8.15162164696975,0.5314310194579267,2016,-0.0321252313865928,-0.0161656267725468,0.4298395356777057
North West,Ward 63801014,NW381,3937,0.5173990347980696,False,8.278174290943738,0.5330972666203876,2016,-0.031220412981042,0.1815726290516206,0.3470149253731343
North West,Ward 63802001,NW382,3552,0.3572635135135135,False,8.17526610411206,0.5160648878111183,2016,-0.2008409235525897,0.0721400543314216,0.3754881345749474
North West,Ward 63802002,NW382,3363,0.5052036871840618,False,8.12058871174027,0.5046848744518454,2016,0.0425949915318878,-0.0252173913043478,0.3707301786273895
North West,Ward 63802003,NW382,3268,0.5030599755201959,False,8.091933455979893,0.5048497753490658,2016,-0.062733460191939,-0.0159590484793736,0.4730859244399866
North West,Ward 63802004,NW382,3855,0.522697795071336,False,8.25712628599743,0.5033391738451319,2016,-0.0388872629801532,-0.0270065623422514,0.4148641153632834
North West,Ward 63802005,NW382,3553,0.4570785251899803,False,8.175547596021026,0.5083868099898516,2016,-0.0750919066087043,0.0160137260509007,0.4079648792724992
North West,Ward 63802006,NW382,3683,0.5476513711648113,False,8.211482916445066,0.5014196679917877,2016,-0.0491550160607375,0.0501853435985173,0.4465592972181552
North West,Ward 63802007,NW382,3885,0.5917631917631918,False,8.264878262801748,0.49802645102268145,2016,0.0248131386282289,0.0321466524973432,0.4840848806366047
North West,Ward 63802008,NW382,3654,0.5856595511767926,False,8.203577736937952,0.4984959618370199,2016,0.0026216455318511,-0.0035451322607035,0.558708959376739
North West,Ward 63802009,NW382,3633,0.4957335535370217,False,8.197814032221203,0.5054133462708484,2016,-0.0863523952799749,-0.1228874939642684,0.419121585431173
North West,Ward 63802010,NW382,3040,0.4947368421052631,False,8.019612794400267,0.5054900163809837,2016,-0.0915340298798946,-0.0599876314162028,0.420557608330534
North West,Ward 63802011,NW382,3643,0.4894317869887455,False,8.200562797008564,0.5058980975437927,2016,-0.125562576032675,1.053551296505073,0.3726394378568292
North West,Ward 63802012,NW382,2918,0.4369431117203564,False,7.978653729082731,0.5099356879490534,2016,-0.1014151544860111,-0.4403528960490985,0.3780877651845394
North West,Ward 63802013,NW382,3157,0.5102945834653152,False,8.057377488557991,0.5042932670455951,2016,-0.025566540335507,0.4422110552763818,0.4540453074433657
North West,Ward 63802014,NW382,3623,0.5685895666574662,False,8.195057690895077,0.49980903756927575,2016,0.07520516554326,0.2614902506963787,0.4361781537695944
North West,Ward 63803001,NW383,3780,0.5148148148148148,False,8.237479288613633,0.5015253437116052,2016,-0.0183199580816855,-0.061801935964259,0.3354943273905997
North West,Ward 63803002,NW383,3950,0.4989873417721518,False,8.281470857895167,0.5020529261463607,2016,-0.0367569811883192,0.1073731426969442,0.4153649167733674
North West,Ward 63803003,NW383,4462,0.550649932765576,False,8.403352374992478,0.5003308397799131,2016,-0.0255228493988457,0.0362285183464932,0.5022634676324128
North West,Ward 63803004,NW383,3687,0.5478708977488473,False,8.212568398234145,0.5004234742804707,2016,0.0084920846595517,0.0224625623960066,0.4545711859609397
North West,Ward 63803005,NW383,3775,0.4495364238410596,False,8.236155661683124,0.503701290077397,2016,-0.0249196993562026,-0.0772427279393791,0.3054878048780488
North West,Ward 63803006,NW383,3740,0.5422459893048128,False,8.226840890408578,0.5006109712286052,2016,0.0257827150704126,-0.1388441169698365,0.3821416353061923
North West,Ward 63803007,NW383,3891,0.489077358005654,False,8.266421472984554,0.5023832589385772,2016,-0.0077609437106965,-0.1212737127371273,0.3511508951406649
North West,Ward 63803008,NW383,3594,0.3759042849193099,False,8.187021067343505,0.506155694708122,2016,-0.0059357631865229,0.0805772699939868,0.276093023255814
North West,Ward 63803009,NW383,3625,0.5528275862068965,False,8.195609567288775,0.5002582513318691,2016,-0.0333078352578662,-0.165131275909719,0.4629940119760479
North West,Ward 63803010,NW383,4290,0.3909090909090909,False,8.364042011922063,0.5056555345084627,2016,-0.0585352029374799,0.1629167796150719,0.3155493155493155
North West,Ward 63803011,NW383,3587,0.4672428212991357,False,8.185071477532283,0.5031110768287944,2016,-0.0032774099147371,0.0367052023121388,0.3288690476190476
North West,Ward 63803012,NW383,4338,0.4220839096357768,False,8.37516869138682,0.5046163738842397,2016,-0.0205318463440344,-0.0480579328505595,0.2621474283005451
North West,Ward 63803013,NW383,2944,0.4853940217391304,False,7.987524479848767,0.502506036814128,2016,0.0175733382060633,-0.3466489125610297,0.365544167886774
North West,Ward 63803014,NW383,4363,0.4240201696080678,False,8.38091517312361,0.5045518318851634,2016,-0.0768868598703901,-0.0106575963718821,0.3135531135531135
North West,Ward 63803015,NW383,3737,0.5244848809205245,False,8.226038429485484,0.5012030081747482,2016,-0.0095875906857492,0.0105462412114656,0.3822682786413356
North West,Ward 63803016,NW383,3275,0.5258015267175572,False,8.094073148069352,0.5011591199815137,2016,0.062745078805671,-0.2485084901330886,0.315227070347284
North West,Ward 63803017,NW383,3299,0.5744164898454077,False,8.101374671228582,0.4995386212105854,2016,0.0627468309585136,-0.2596499102333932,0.4948453608247423
North West,Ward 63803018,NW383,4141,0.4921516541898092,False,8.328692583545568,0.5022807823991053,2016,-0.0264201857180513,0.1923409156348978,0.3683264887063655
North West,Ward 63803019,NW383,3837,0.5027365129007036,False,8.252446090246952,0.5019279537754089,2016,-0.0644784615746224,0.0882019285309132,0.3741339491916859
North West,Ward 63803020,NW383,4204,0.5111798287345385,False,8.343791731996841,0.5016465099142811,2016,0.0020761872779558,-0.0186741363211951,0.3374394184168013
North West,Ward 63803021,NW383,3690,0.502710027100271,False,8.213381737034572,0.5019288366354233,2016,-0.0390942931030326,-0.062261753494282,0.3293914046726276
North West,Ward 63803022,NW383,3989,0.499122587114565,False,8.291295851905407,0.5020484179682801,2016,-0.1204106102568376,-0.0960797643326535,0.4073908174692049
North West,Ward 63803023,NW383,4125,0.5658181818181818,False,8.324821298768782,0.4998252314781596,2016,-0.0648305877567623,-0.0771812080536913,0.4508568548387097
North West,Ward 63803024,NW383,3986,0.5363773206221776,False,8.29054350077274,0.5008065935180264,2016,-0.0088256314073427,-0.080719557195572,0.44750656167979
North West,Ward 63803025,NW383,3940,0.5256345177664975,False,8.27893600229198,0.501164686946549,2016,-0.0279650618446427,0.0352075669994744,0.4496979248752298
North West,Ward 63803026,NW383,4138,0.5309328177863702,False,8.327967858305488,0.5009880769458867,2016,-0.032912583387798,0.0122309197651664,0.4209081836327345
North West,Ward 63803027,NW383,3531,0.5842537524780516,False,8.169336395928386,0.49921071245616394,2016,0.0196414264343139,0.0028401022436808,0.45193401592719
North West,Ward 63803028,NW383,3771,0.465924158048263,False,8.235095497258357,0.5031550322704902,2016,0.0468482326227023,0.0189138070791679,0.3094849685388021
North West,Ward 63803029,NW383,3530,0.5447592067988668,False,8.169053149927343,0.5005271973121368,2016,0.0092371400604384,-0.0500538213132399,0.4125814678379144
North West,Ward 63803030,NW383,4238,0.4403020292590844,False,8.351846738828245,0.5040091032301295,2016,-0.0501596793392014,0.1716892452308542,0.3872549019607843
North West,Ward 63803031,NW383,3526,0.5224049914917753,False,8.167919362957816,0.5012723378223731,2016,-0.0209762678042088,-0.1259295984134854,0.3209987966305656
North West,Ward 63804001,NW384,3034,0.4456163480553724,False,8.017637159908478,0.5110666719687058,2016,-0.1007754045219471,0.0426116838487973,0.3880756872545519
North West,Ward 63804002,NW384,3212,0.4919053549190536,False,8.074649075066652,0.5086304084495648,2016,-0.0630079398786342,0.0314707771355169,0.439970446989287
North West,Ward 63804003,NW384,3760,0.560372340425532,False,8.23217423638394,0.5050268828965921,2016,-0.0171909085757996,0.2516644474034619,0.4978486459124272
North West,Ward 63804004,NW384,3708,0.5121359223300971,False,8.218247926685745,0.5075656417437203,2016,-0.0764355062413314,-0.0787577639751553,0.4320422535211267
North West,Ward 63804005,NW384,3971,0.5056660790732813,False,8.286773231131251,0.5079061598098685,2016,-0.1134579750427471,-0.0894290300389818,0.4646818447168709
North West,Ward 63804006,NW384,4030,0.6362282878411911,False,8.301521654940728,0.5010344646115574,2016,0.0711776167921635,0.1038071761161325,0.5762799073835864
North West,Ward 63804007,NW384,3999,0.5401350337584396,False,8.293799608846818,0.5060920043001234,2016,-0.0382314121576751,0.4713024282560707,0.5001551349674217
North West,Ward 63804008,NW384,3619,0.5576126001657916,False,8.193953023563742,0.505172132383947,2016,-0.0231424381538223,0.0272495032642634,0.4407744874715262
North West,Ward 63804009,NW384,4080,0.5406862745098039,False,8.313852267398207,0.5060629916289989,2016,0.0071725985254336,0.2263300270513977,0.4129048712063249
North West,Ward 63804010,NW384,3667,0.4758658303790564,False,8.207129168071326,0.5094745939516698,2016,-0.1316978857075427,0.0049328583173471,0.4155806545033304
North West,Ward 63804011,NW384,4048,0.4849308300395257,False,8.305978210967302,0.508997488706382,2016,-0.0953833732307532,0.2978518756011541,0.4140969162995594
North West,Ward 63804012,NW384,3089,0.443185496924571,False,8.035602692918582,0.5111946115019059,2016,-0.0479368873493668,-0.0206087507926442,0.3774390243902439
North West,Ward 63804013,NW384,3352,0.5023866348448688,False,8.117312461601975,0.5080787621376797,2016,0.0561932522557264,0.0767748152907163,0.3312406576980568
North West,Ward 63804014,NW384,3274,0.4642638973732437,False,8.09376775793108,0.5100852220046074,2016,-0.1220887596315872,-0.0114734299516908,0.2613348352576738
North West,Ward 63804015,NW384,4088,0.5058708414872799,False,8.31581113188354,0.5078953828407107,2016,-0.1058825303816989,0.3127809890815671,0.4788880146865985
North West,Ward 63804016,NW384,3541,0.5097430104490257,False,8.172164452111904,0.5076915844743031,2016,-0.0457198752890893,-0.0155685293299971,0.5187024164184045
North West,Ward 63804017,NW384,3179,0.423718150361749,False,8.064321960910803,0.5122192086894228,2016,-0.1329494179368715,-0.1401136056261833,0.4006363899334683
North West,Ward 63804018,NW384,3613,0.4943260448380847,False,8.19229373114764,0.5085030037169842,2016,-0.0035424082678836,0.1001827040194884,0.4530065689742294
North West,Ward 63804019,NW384,3370,0.4694362017804154,False,8.122668023346407,0.5098129954568615,2016,-0.093383001488226,0.1474293496765406,0.4801312431644185
North West,Ward 63804020,NW384,3682,0.5917979359043998,False,8.211211361793023,0.5033729041871782,2016,-0.0346125550989548,0.1229033241842025,0.6122448979591837
North West,Ward 63805001,NW385,3516,0.550910125142207,False,8.165079258805068,0.5265897470065259,2016,0.0297432806028972,0.2508004268943435,0.428239973483593
North West,Ward 63805002,NW385,3457,0.5339890078102401,False,8.148156439921625,0.5275298090805243,2016,-0.0133606050545603,0.0294818344252532,0.4056065492433639
North West,Ward 63805003,NW385,4122,0.5909752547307132,False,8.324093761450404,0.5243639064738312,2016,0.0560744465014699,0.5143277002204261,0.4811439346323067
North West,Ward 63805004,NW385,3928,0.4809063136456212,False,8.275885669474356,0.5304788476452252,2016,-0.0342870565201246,0.3563535911602209,0.4555359246171967
North West,Ward 63805005,NW385,4089,0.5385179750550256,False,8.316055720364643,0.5272781997891473,2016,0.0030689541232228,0.3804861580013505,0.572680412371134
North West,Ward 63805006,NW385,3398,0.4935256032960565,False,8.130942302231878,0.5297777759979788,2016,-0.0159747485688273,0.1956368754398312,0.4153132250580046
North West,Ward 63805007,NW385,3818,0.5128339444735464,False,8.247482004285693,0.5287050903770072,2016,-0.067171416019619,0.0233181452693647,0.5897849462365592
North West,Ward 63805008,NW385,3181,0.557057529078906,False,8.064950891749143,0.5262482245655984,2016,-0.0651503051716604,0.0297831013272904,0.5765389082462253
North West,Ward 63805009,NW385,3207,0.5179295291549735,False,8.073091199693154,0.5284220023391502,2016,0.0084681026629792,-0.0663755458515283,0.4209721797615408
North West,Ward 63805010,NW385,3130,0.4805111821086262,False,8.048788283534199,0.5305007993972805,2016,0.0685318570858229,-0.0483429613864396,0.3661528782636049
North West,Ward 63805011,NW385,3211,0.4933042665836188,False,8.074337694089515,0.5297900724820032,2016,-0.0157562296527904,-0.1048229718427655,0.4014962593516209
North West,Ward 63805012,NW385,4070,0.4916461916461916,False,8.311398278436641,0.5298821877563047,2016,-0.0448934710646141,0.2710805746408495,0.4469053398058252
North West,Ward 63805013,NW385,3357,0.4924039320822163,False,8.118802996980035,0.5298400910654144,2016,0.0019706175070896,-0.0554305008441192,0.5104036099273
North West,Ward 63805014,NW385,3886,0.4801852804940813,False,8.265135629937385,0.530518905042533,2016,-0.1220111807627826,0.1854789505796217,0.4735109248727925
North West,Ward 63805015,NW385,3548,0.6062570462232244,False,8.17413934342947,0.5235149180575807,2016,0.1156521556183338,-0.0867438867438867,0.5190032720865845
North West,Ward 63805016,NW385,3931,0.5080132281862122,False,8.27664912542186,0.5289729079485258,2016,-0.0995030193413379,0.1107657530375811,0.4810836057916861
North West,Ward 63805017,NW385,3192,0.5109649122807017,False,8.068402958569699,0.5288089254988318,2016,-0.0856613084946755,-0.0553418171056525,0.450519242516799
North West,Ward 63805018,NW385,3507,0.5412033076703735,False,8.162516250140179,0.5271290146438501,2016,0.0135807130086726,0.0884543761638734,0.4262905800957956
North West,Ward 63805019,NW385,4195,0.6483909415971395,False,8.341648618901306,0.5211741460923631,2016,0.1618957647482649,0.3488745980707395,0.6581112207963146
North West,Ward 63902001,NW392,3759,0.5724926842245278,False,8.231908243564177,0.5582764851228466,2016,-0.0054583180026436,0.0464922048997773,0.5051177072671443
North West,Ward 63902002,NW392,3633,0.5450041288191577,False,8.197814032221203,0.5617125545485179,2016,0.0370271026545119,0.1592214422463305,0.4477653631284916
North West,Ward 63902003,NW392,3217,0.5461610195834629,False,8.076204527239026,0.5615679432029798,2016,-0.131141080578088,0.2992730210016154,0.4659121530584748
North West,Ward 63902004,NW392,2734,0.584491587417703,False,7.913521017283895,0.5567766222236997,2016,-0.0212878399417879,-0.2751855779427359,0.4775675675675676
North West,Ward 63902005,NW392,2990,0.4541806020066889,False,8.003028666384733,0.5730654954000765,2016,-0.0442666029622552,0.1607142857142858,0.3538961038961039
North West,Ward 63902006,NW392,3041,0.5379809273265374,False,8.019941687677365,0.5625904547350954,2016,-0.0171608658559319,-0.128902893153824,0.3944087646392142
North West,Ward 63902007,NW392,4591,0.6708778043999128,False,8.431853144249223,0.5459783451009235,2016,0.0557996554572221,0.406987434875881,0.3963486454652532
North West,Ward 63902008,NW392,2507,0.5281212604706821,False,7.826842098158293,0.5638229130920773,2016,-0.0569617855963815,-0.214352867439674,0.4220713073005093
North West,Ward 63902009,NW392,1982,0.5993945509586277,False,7.591861714889934,0.5549137517810842,2016,0.0773908056402756,-0.5360486891385767,0.4298981426003595
North West,Ward 63903001,NW393,3409,0.6881783514227046,False,8.134174272137903,0.5767197560482126,2016,0.0512102663163215,0.133311170212766,0.5946437857514301
North West,Ward 63903002,NW393,2969,0.5816773324351634,False,7.99598047476376,0.5919341873321472,2016,0.0482481448003683,0.067217828900072,0.4975304576885084
North West,Ward 63903003,NW393,3170,0.6160883280757098,False,8.061486866871327,0.587018330812069,2016,-0.0052525595541297,-0.0022033364809568,0.5946805435096849
North West,Ward 63903004,NW393,2893,0.5572070515036295,False,7.970049304976135,0.5954299417509377,2016,-0.0181110899583415,-0.1438295353654927,0.4861491628614916
North West,Ward 63903005,NW393,2965,0.5885328836424958,False,7.994632311431825,0.5909548228739567,2016,-0.0252979961931769,0.015063334474495,0.5052571753339017
North West,Ward 63903006,NW393,3330,0.5603603603603604,False,8.110727582974489,0.594979469057119,2016,0.0181394234025813,-0.0370156159629844,0.4611347982945228
North West,Ward 63903007,NW393,3911,0.5673740731270774,False,8.271548374755515,0.5939775100904451,2016,-0.0599998626947955,0.2806155861165684,0.4627187724766243
North West,Ward 63903008,NW393,2994,0.5657982631930528,False,8.004365564979574,0.5942026257953057,2016,0.0429964748174939,-0.1076005961251862,0.541566426089281
North West,Ward 63904001,NW394,3813,0.6136900078678206,False,8.246171559857563,0.5622266891983939,2016,0.0605702776823231,0.2860033726812816,0.5911850092372658
North West,Ward 63904002,NW394,3567,0.6083543594056631,False,8.17948018535889,0.5624586739141398,2016,0.0398005627863982,-0.0429299704856452,0.5404422902150864
North West,Ward 63904003,NW394,4213,0.6031331592689295,False,8.345930261979017,0.5626856826157369,2016,0.1385149097344788,0.3075729360645562,0.4111700783421784
North West,Ward 63904004,NW394,3548,0.5701803833145435,False,8.17413934342947,0.5641184120050581,2016,-0.0354487557583041,0.1748344370860928,0.553021327014218
North West,Ward 63904005,NW394,4263,0.5742434904996482,False,8.35772841676521,0.563941755170923,2016,0.0520878018768936,0.2763473053892216,0.4222972972972973
North West,Ward 63904006,NW394,3594,0.5584307178631052,False,8.187021067343505,0.5646292670246859,2016,-0.0087253452146545,-0.0228384991843393,0.558581560283688
North West,Ward 63904007,NW394,3873,0.5959204750839143,False,8.261784679514752,0.5629992775803029,2016,0.0746276994185151,0.4726235741444866,0.4690857006445452
North West,Ward 63904008,NW394,4199,0.5827577994760658,False,8.342601680684194,0.5635715678241224,2016,0.0380901024126963,0.2979907264296755,0.4703623710103192
North West,Ward 63904009,NW394,4223,0.5406109400899834,False,8.348301054933943,0.5654040399713434,2016,0.0446153587588594,0.1662524164595415,0.4854961832061069
North West,Ward 63904010,NW394,3493,0.4846836530203263,False,8.158516244806831,0.567835661148285,2016,0.0333437376465604,-0.0146685472496473,0.4113018597997139
North West,Ward 63904011,NW394,3195,0.4466353677621283,False,8.069342366811636,0.5694899344203804,2016,-0.1140642207152379,0.6435185185185186,0.4123772686700386
North West,Ward 63904012,NW394,3780,0.582010582010582,False,8.237479288613633,0.5636040555400129,2016,0.1714779668101032,0.1310592459605026,0.4127937336814621
North West,Ward 63904013,NW394,4181,0.5658933269552738,False,8.338305731356565,0.5643048057598089,2016,0.0286371708951522,0.3370642788615285,0.4126292868807839
North West,Ward 63904014,NW394,3454,0.5613781123335263,False,8.147288258706624,0.5645011194390154,2016,-0.0178267806328346,0.0562691131498471,0.463739837398374
North West,Ward 63904015,NW394,3236,0.5414091470951793,False,8.082093278178382,0.5653693353189435,2016,0.0210975165999094,-0.0996104618809126,0.4839137645107794
North West,Ward 63904016,NW394,4189,0.5674385294819766,False,8.340217320947035,0.5642376230412566,2016,-0.0043103494417902,0.1740470852017936,0.5262475696694751
North West,Ward 63904017,NW394,4125,0.5558787878787879,False,8.324821298768782,0.5647402205022649,2016,-0.0320264490289428,0.2858478802992519,0.5177061914553347
North West,Ward 63904018,NW394,3917,0.5800357416390094,False,8.27308133366583,0.5636899181648639,2016,-0.0103322237289559,0.0597943722943723,0.5083709806005846
North West,Ward 63904019,NW394,3477,0.5306298533218292,False,8.153925132007862,0.5658380002656109,2016,0.0304823171754733,0.0259663617586307,0.4331594839418062
North West,Ward 63904020,NW394,3489,0.5468615649183147,False,8.157370441186774,0.5651322736744594,2016,-0.0273817246305144,-0.0037121644774414,0.485042735042735
North West,Ward 63904021,NW394,3152,0.5920050761421319,False,8.05579245097777,0.5631695123169022,2016,0.075695188272611,-0.1967380224260958,0.5890932149651237
North West,Ward 63904022,NW394,3556,0.531214848143982,False,8.176391596633795,0.565812565708126,2016,-0.0378150026022866,0.1057213930348259,0.5001460706982179
North West,Ward 63904023,NW394,3245,0.6206471494607088,False,8.08487062913819,0.5619242047813118,2016,0.1547971123411838,0.20452858203415,0.5516462233699161
North West,Ward 63904024,NW394,3764,0.5908607863974495,False,8.23323750070527,0.5632192640449317,2016,0.046822118298631,0.0107411385606874,0.5325889379381978
North West,Ward 63906001,NW396,3271,0.5970651177010089,False,8.092851027538384,0.5701499826341233,2016,-0.0554217932937555,0.0703534031413612,0.5041791044776119
North West,Ward 63906002,NW396,2804,0.5381597717546363,False,7.938802248154481,0.579967540291852,2016,-0.0652407818238532,0.1087386318703045,0.4860956618464961
North West,Ward 63906003,NW396,3034,0.5260382333553065,False,8.017637159908478,0.5819877966917404,2016,-0.0338242236625115,-0.0515786183182244,0.5387478849407783
North West,Ward 63906004,NW396,3107,0.628580624396524,False,8.041412909393047,0.5648973981848707,2016,-0.0266732126754949,0.2227469500196772,0.5769760396584963
North West,Ward 63906005,NW396,2736,0.5588450292397661,False,7.914252278742441,0.5765199973776638,2016,-0.0142308624201963,-0.2662912308930008,0.42261404981808
North West,Ward 63906006,NW396,2817,0.5346112886048988,False,7.943427767876373,0.5805589541501416,2016,0.0353312310095064,0.0140388768898487,0.4298074239464136
North West,Ward 63906007,NW396,3104,0.6346649484536082,False,8.04044688130311,0.5638833441753568,2016,0.0483616640371162,-0.2769624970882832,0.4280185758513932
North West,Ward 63907001,NW397,3970,0.5841309823677582,False,8.286521373681236,0.5083140410766724,2016,-0.0137732092490082,0.1886227544910179,0.5081552305961755
North West,Ward 63907002,NW397,2821,0.4101382488479262,False,7.944846711001996,0.5207420934709461,2016,-0.089343974141373,-0.0262340352088367,0.4216383307573416
North West,Ward 63907003,NW397,3961,0.4582176218126735,False,8.284251797621916,0.5173078525448928,2016,-0.036552860465072,0.1507844276583381,0.3734134936539746
North West,Ward 63907004,NW397,3659,0.51516807871003,False,8.204945165019208,0.5132399627665102,2016,-0.0355565589711294,0.1282762873882208,0.3202107014139174
North West,Ward 63907005,NW397,3297,0.4828632089778586,False,8.10076824307173,0.5155474534616653,2016,-0.021150752627726,0.1507853403141361,0.4083229036295369
North West,Ward 63907006,NW397,3577,0.5546547386077719,False,8.182279739259018,0.5104194870595287,2016,-0.0420158221398916,0.0446845794392523,0.5098211668132513
North West,Ward 63907007,NW397,3979,0.5129429504900729,False,8.288785810426928,0.513398900496507,2016,-0.0420421886615077,0.0751148338286948,0.4057285180572851
North West,Ward 63907008,NW397,3264,0.4825367647058823,False,8.090708716083997,0.5155707709096636,2016,-0.03463376655329,-0.0419724097446433,0.5032238256063862
North West,Ward 63907009,NW397,3320,0.4990963855421687,False,8.107720061910534,0.5143879408499289,2016,0.0190373013471908,-0.0192023633677991,0.4022764227642276
North West,Ward 63907010,NW397,4289,0.5269293541618093,False,8.36380888451688,0.5123998716628116,2016,0.0680659105655412,0.2126095561210064,0.458421175919419
North West,Ward 63907011,NW397,3494,0.4856897538637664,False,8.158802490694002,0.5153455573983862,2016,0.0258060329335338,0.0156976744186045,0.4323939652718474
North West,Ward 63907012,NW397,3319,0.4645977704127749,False,8.107418811719974,0.5168521276448855,2016,0.0242576941887936,-0.0269715625916153,0.2726412117387188
North West,Ward 63907013,NW397,3235,0.5635239567233384,False,8.081784206935001,0.5097859714798453,2016,-0.0401085219091401,0.1520655270655271,0.5117867371667768
North West,Ward 63907014,NW397,3802,0.5423461336138874,False,8.243282523048375,0.5112986731305204,2016,-0.0560994622410349,0.0944156591824985,0.4276947705442903
North West,Ward 63907015,NW397,3301,0.6176916086034535,False,8.101980731853192,0.5059168534884085,2016,0.0415670411294051,0.1422145328719724,0.4177254415866129
North West,Ward 64003001,NW403,5504,0.5505087209302325,False,8.61323037961318,0.5571559468001448,2016,-0.0054373833462759,0.0747900800624878,0.3748376322137688
North West,Ward 64003002,NW403,5039,0.6110339353046239,False,8.524962928680598,0.5553757934361921,2016,-0.0683288452891487,-0.2702389572773352,0.3937058445728966
North West,Ward 64003003,NW403,5339,0.5776362614721858,False,8.582793648500186,0.5563580779606756,2016,0.0174933476174815,0.0597459309249701,0.4928611162618209
North West,Ward 64003004,NW403,5750,0.5796521739130435,False,8.656955133791396,0.5562987864182974,2016,-0.0508045084240955,-0.034586971121558,0.4365577889447236
North West,Ward 64003005,NW403,4313,0.5928587989798284,False,8.369388996647842,0.5559103562692743,2016,-0.0349315601272567,-0.3023293432546101,0.4562068197013594
North West,Ward 64003006,NW403,4338,0.5714615029967727,False,8.37516869138682,0.5565396885040701,2016,-0.0103535829899462,-0.2613655712583007,0.4501653282947567
North West,Ward 64003007,NW403,4262,0.6316283435007038,False,8.357493812658563,0.5547700755480721,2016,0.0386871670301156,-0.2836974789915966,0.4236848313281434
North West,Ward 64003008,NW403,6159,0.5366130865400227,False,8.725669705687043,0.5575646419292687,2016,-0.0820753693577355,0.2903834066624764,0.4099412079102084
North West,Ward 64003009,NW403,5195,0.558614051973051,False,8.555451903533328,0.5569175547106502,2016,-0.0552743319571434,-0.0556262497727685,0.4053554939981533
North West,Ward 64003010,NW403,4616,0.5961871750433275,False,8.437283808187935,0.5558124628556421,2016,-0.0132765473541488,-0.0292323869610935,0.3928658685560713
North West,Ward 64003011,NW403,4855,0.5283213182286303,False,8.487764380725425,0.557808517467839,2016,-0.0525264054762363,-0.0472919937205651,0.3813747228381374
North West,Ward 64003012,NW403,4475,0.6127374301675977,False,8.406261630708956,0.5553256906461046,2016,-0.0340322327537505,-0.2143609550561798,0.4407923378319547
North West,Ward 64003013,NW403,4756,0.4711942809083263,False,8.467162257810672,0.559488724447848,2016,-0.0720129417915877,0.0223559759243336,0.4015236388079767
North West,Ward 64003014,NW403,4922,0.5556684274685088,False,8.501470230951002,0.5570041907254897,2016,-0.0297549380191654,0.055091103965702,0.4207486631016043
North West,Ward 64003015,NW403,5555,0.6136813681368137,False,8.62245370207373,0.5552979277646571,2016,0.0251895043555689,-0.0681093776212045,0.510515938218863
North West,Ward 64003016,NW403,4589,0.7127914578339507,False,8.431417414394833,0.552382925126506,2016,0.1072846930582563,0.0892475670543555,0.6082066236200792
North West,Ward 64003017,NW403,6490,0.7107858243451464,False,8.778017809698136,0.5524419143467649,2016,0.0487480127339702,0.0858290112096369,0.6137172436104821
North West,Ward 64003018,NW403,4396,0.5652866242038217,False,8.388450315523512,0.5567213025862158,2016,-0.0176769960268793,-0.2198757763975155,0.4567099567099567
North West,Ward 64003019,NW403,5477,0.550666423224393,False,8.608312784783722,0.5571513084973754,2016,0.0168592776231636,0.0520553207837111,0.4794828555368184
North West,Ward 64003020,NW403,3933,0.516653953724892,False,8.27715777243181,0.5581516752473608,2016,-0.0191513765184452,-0.0885283893395133,0.3860864745011086
North West,Ward 64003021,NW403,4030,0.3481389578163771,False,8.301521654940728,0.5631079986564347,2016,-0.0195420011508889,-0.0710004610419547,0.2586644125105664
North West,Ward 64003022,NW403,4870,0.4574948665297741,False,8.490849216076635,0.5598916484001583,2016,-0.0304403561422906,-0.2113360323886639,0.3765041811136039
North West,Ward 64003023,NW403,5400,0.5338888888888889,False,8.594154232552366,0.5576447653895961,2016,0.0065257048092868,0.0746268656716417,0.3394970414201183
North West,Ward 64003024,NW403,4916,0.5335638730675346,False,8.500250470685925,0.5576543246784594,2016,-0.0517774923943127,-0.0128514056224899,0.3640232974910394
North West,Ward 64003025,NW403,4971,0.5001005833836251,False,8.511376306094673,0.5586385390809274,2016,-0.035712972314472,0.0628608082103912,0.3789223111880545
North West,Ward 64003026,NW403,4890,0.5184049079754601,False,8.494947582468917,0.5581001765929323,2016,-0.0149815779723174,-0.0253139326290612,0.390064397424103
North West,Ward 64003027,NW403,5099,0.5385369680329476,False,8.536799721055155,0.5575080571794767,2016,-0.0503214078007127,0.0001961553550411,0.3557405036278275
North West,Ward 64003028,NW403,4945,0.537108190091001,False,8.506132244056813,0.5575500800601222,2016,0.0166819023467735,0.0979129662522202,0.4237870330613997
North West,Ward 64003029,NW403,4456,0.53254039497307,False,8.40200678160712,0.5576844269753556,2016,0.0467498170596616,-0.1501049017737936,0.4212893553223388
North West,Ward 64003030,NW403,5249,0.5324823775957325,False,8.5657928612523,0.5576861333688066,2016,-0.0066347180238346,-0.1053349241520368,0.4987421383647799
North West,Ward 64003031,NW403,5449,0.521563589649477,False,8.603187384583098,0.5580072741907552,2016,-0.0485419854570241,0.0092609742544915,0.4037602382725242
North West,Ward 64003032,NW403,4159,0.5236835777831209,False,8.33302993974291,0.5579449215985893,2016,0.0256291030749497,-0.2293866963127663,0.3770010672358591
North West,Ward 64003033,NW403,4065,0.4260762607626076,False,8.310169021981912,0.5608157250403691,2016,-0.0673652304351832,-0.2984121505005177,0.2967063382230833
North West,Ward 64003034,NW403,4263,0.4883884588318086,False,8.35772841676521,0.5589830133324514,2016,-0.0326405325932628,-0.129644752960392,0.3892617449664429
North West,Ward 64003035,NW403,3996,0.8578578578578578,False,8.293049139768444,0.5481162663022735,2016,0.339288394309027,-0.2147769699351542,0.4181078331637843
North West,Ward 64004001,NW404,3097,0.5776557959315467,False,8.038189179973203,0.5712317616655395,2016,0.0736980122903857,0.021437994722955,0.4821726091302899
North West,Ward 64004002,NW404,3139,0.6202612296909844,False,8.051659556841953,0.5669712182895956,2016,-0.0143600995207621,-0.0296754250386398,0.409500693481276
North West,Ward 64004003,NW404,3043,0.5649030561945448,False,8.02059914989697,0.5725070356392397,2016,-0.0010681456861486,-0.1057890096973258,0.4826057298772169
North West,Ward 64004004,NW404,3331,0.5514860402281597,False,8.11102783819368,0.5738487372358781,2016,-0.0319813126184147,0.071405596654873,0.4709806537691794
North West,Ward 64004005,NW404,3713,0.5232965257204417,False,8.21959545417708,0.57666768868665,2016,0.0145122671118682,0.3046380885453268,0.4913280475718533
North West,Ward 64004006,NW404,3390,0.591740412979351,False,8.128585200374497,0.5698232999607591,2016,0.0497485303692979,0.0583827661567279,0.4844776119402985
North West,Ward 64004007,NW404,2683,0.5702571748043235,False,7.894690850425624,0.5719716237782617,2016,0.0535905081376567,0.039922480620155,0.4605210420841683
North West,Ward 64004008,NW404,3996,0.5843343343343343,False,8.293049139768444,0.5705639078252607,2016,-0.0429157348985651,0.106618665189698,0.4793997965412004
North West,Ward 64004009,NW404,3140,0.5863057324840765,False,8.0519780789023,0.5703667680102865,2016,0.0412480461728822,-0.0208917991892734,0.5242749054224464
North West,Ward 64004010,NW404,3914,0.5600408788962699,False,8.272315147956022,0.5729932533690671,2016,-0.0221574106190928,0.2397846056382642,0.4386357978590988
North West,Ward 64004011,NW404,4029,0.5596922313229089,False,8.301273485191347,0.5730281181264033,2016,-0.065741912412063,0.0764092973550627,0.4898282694848084
Northern Cape,Ward 30601001,NC061,1553,0.5775917578879588,False,7.347943823148687,0.6003390679682397,2016,-0.0974728415952453,0.0032299741602066,0.66
Northern Cape,Ward 30601002,NC061,1829,0.4975396391470749,False,7.511524648390866,0.6270231075485343,2016,-0.0461747943759462,-0.0538023797206415,0.5464895635673624
Northern Cape,Ward 30601003,NC061,1783,0.6135726303982053,False,7.48605261786314,0.5883454437981576,2016,0.0219210877484775,0.0786448880822745,0.5644644002565747
Northern Cape,Ward 30601004,NC061,2209,0.6899049343594387,False,7.700295203420117,0.5629013424777464,2016,-0.0251817119198681,0.1258919469928643,0.837386018237082
Northern Cape,Ward 30602001,NC062,3524,0.572360953461975,False,8.16735198705607,0.5825283513328466,2016,-0.043945202944015,0.1727121464226289,0.5352805089647195
Northern Cape,Ward 30602002,NC062,3128,0.5728900255754475,False,8.048149101665201,0.5824622173186625,2016,-0.1007210855356636,-0.0555555555555555,0.5602016607354685
Northern Cape,Ward 30602003,NC062,3263,0.5957707631014404,False,8.09040229659332,0.5796021251279134,2016,-0.0967240249458146,0.1337734537873522,0.5191793041926851
Northern Cape,Ward 30602004,NC062,2902,0.6264645072363887,False,7.973155433444133,0.575765407111045,2016,-0.0483550597243169,0.1635926222935044,0.5939068100358423
Northern Cape,Ward 30602005,NC062,2880,0.5711805555555556,False,7.965545573129992,0.5826759010711491,2016,-0.1356598353239232,0.0423452768729641,0.5191218130311614
Northern Cape,Ward 30602006,NC062,3659,0.5728341076796939,False,8.204945165019208,0.5824692070556318,2016,-0.1155040847401311,0.0667638483965014,0.5116671352263144
Northern Cape,Ward 30602007,NC062,2907,0.6401788785689715,False,7.9748769005588755,0.5740511106944721,2016,-0.164410314621258,0.0758697261287935,0.6112224448897795
Northern Cape,Ward 30602008,NC062,3264,0.5147058823529411,False,8.090708716083997,0.5897352352214759,2016,-0.0890505550902579,-0.0112087246289003,0.4973544973544973
Northern Cape,Ward 30602009,NC062,3444,0.5662020905923345,False,8.144388865547622,0.5832982091915517,2016,-0.0426736490526359,0.0189349112426036,0.5589831476720937
Northern Cape,Ward 30604001,NC064,1896,0.6640295358649789,False,7.547501682814967,0.6808381840518808,2016,-0.0416604575947987,0.2400261608894702,0.6957250628667225
Northern Cape,Ward 30604002,NC064,2069,0.6843885935234413,False,7.634820677745543,0.6740518314990599,2016,-0.059665181037055,0.0698035160289556,0.7220267417311752
Northern Cape,Ward 30604003,NC064,1642,0.6260657734470159,False,7.403670290012373,0.693492771524535,2016,-0.0870399534252308,-0.0958149779735683,0.7106227106227107
Northern Cape,Ward 30604004,NC064,1728,0.7320601851851852,False,7.454719949364001,0.6581613009451454,2016,-0.0135697123434465,0.0415913200723327,0.7363984674329502
Northern Cape,Ward 30605001,NC065,3044,0.6478318002628121,False,8.020927718981577,0.6673476283532628,2016,-0.0605326508200856,0.1366691560866317,0.5220618556701031
Northern Cape,Ward 30605002,NC065,3029,0.6196764608781776,False,8.015987811027237,0.6743864631994214,2016,-0.0512728610347417,0.0810135617416132,0.5377291960507757
Northern Cape,Ward 30605003,NC065,2435,0.6903490759753593,False,7.79770203551669,0.656718309425126,2016,0.0063909242752721,0.0614646904969484,0.6427357689039932
Northern Cape,Ward 30605004,NC065,2483,0.6830447039871124,False,7.817222785508166,0.6585444024221877,2016,0.0006065113187406,0.0583972719522591,0.7504542701393095
Northern Cape,Ward 30605005,NC065,2348,0.676320272572402,False,7.761319180947987,0.6602255102758653,2016,-0.0399693201877789,0.0624434389140271,0.6570657065706571
Northern Cape,Ward 30606001,NC066,2059,0.6284604176784847,False,7.629975707027789,0.6098174862744528,2016,-0.0987655215906866,0.0597014925373133,0.5890949971894323
Northern Cape,Ward 30606002,NC066,2009,0.6665007466401195,False,7.605392364814935,0.5971373766205744,2016,-0.1404382572770601,0.1242305540011192,0.6207792207792208
Northern Cape,Ward 30606003,NC066,1222,0.5351882160392799,False,7.108244139731541,0.6409082201541877,2016,-0.0785328876147096,-0.0887397464578673,0.5308641975308642
Northern Cape,Ward 30606004,NC066,1945,0.6277634961439589,False,7.573017256052546,0.610049793452628,2016,-0.0857781705227077,0.1255787037037037,0.6052631578947368
Northern Cape,Ward 30607001,NC067,1621,0.6181369524984578,False,7.390798521735676,0.5654166325386704,2016,-0.1201754762358637,-0.0758266818700114,0.7010560519902518
Northern Cape,Ward 30607002,NC067,1621,0.5657001850709439,False,7.390798521735676,0.5828955550145083,2016,-0.1974263065758341,-0.0328162291169451,0.6055045871559633
Northern Cape,Ward 30607003,NC067,1919,0.6310578426263679,False,7.5595594960077,0.5611096691627003,2016,-0.0723749092025572,0.079909960607766,0.5776865160848734
Northern Cape,Ward 30607004,NC067,1968,0.4994918699186992,False,7.584773077612199,0.6049649933985899,2016,-0.0323208551713367,0.1812725090036013,0.3951417004048583
Northern Cape,Ward 30701001,NC071,2780,0.6899280575539568,False,7.930206206684683,0.6609336466101482,2016,-0.0062744740916128,0.0349962769918092,0.625
Northern Cape,Ward 30701002,NC071,2424,0.7062706270627063,False,7.793174347189205,0.6554861234405651,2016,-0.0240568931414622,0.031050616758826,0.5800842992623815
Northern Cape,Ward 30701003,NC071,2174,0.6131554737810487,False,7.684324067681155,0.6865245078677843,2016,-0.0223101894362607,0.0225776105362183,0.7799834574028123
Northern Cape,Ward 30701004,NC071,2329,0.6633748389866896,False,7.753194269884341,0.669784719465904,2016,-0.0614506844430212,0.1610169491525424,0.5408544172542513
Northern Cape,Ward 30702001,NC072,2860,0.6625874125874126,False,7.958576903813898,0.6750049989001692,2016,-0.0562032246037447,-0.070221066319896,0.6779266161910309
Northern Cape,Ward 30702002,NC072,1801,0.668517490283176,False,7.496097345175956,0.6735224794762283,2016,0.0330781293536189,-0.3460421205519245,0.5637124381894256
Northern Cape,Ward 30702003,NC072,1971,0.6316590563165906,False,7.58629630715272,0.6827370879678747,2016,-0.1357629188864876,-0.1573321932449765,0.6627188465499485
Northern Cape,Ward 30702004,NC072,3148,0.7217280813214739,False,8.054522609537294,0.6602198317166539,2016,0.031378762197732,-0.0680876258140912,0.6973923590054578
Northern Cape,Ward 30702005,NC072,2271,0.6781153676794364,False,7.7279755421055585,0.6711230101271632,2016,-0.0169407187351876,-0.056501869547154,0.6524216524216524
Northern Cape,Ward 30703001,NC073,2667,0.6670416197975253,False,7.888709524182015,0.623619794746817,2016,0.1121143176973638,-0.2819063004846527,0.4879585031493145
Northern Cape,Ward 30703002,NC073,3864,0.5957556935817805,False,8.259458195332408,0.6355007824494411,2016,-0.0190395508039527,0.0208718626155879,0.462882096069869
Northern Cape,Ward 30703003,NC073,3075,0.599349593495935,False,8.031060180240619,0.6349017991304153,2016,-0.1075603443922638,0.1937111801242235,0.5262039660056658
Northern Cape,Ward 30703004,NC073,1899,0.7008952080042128,False,7.549082710812286,0.6179775300457023,2016,-0.0211591726604397,-0.2828549848942598,0.524248496993988
Northern Cape,Ward 30703005,NC073,3512,0.5301822323462415,False,8.163940954755008,0.6464296926553642,2016,-0.0812993565200965,0.0182661641055379,0.4510921177587844
Northern Cape,Ward 30703006,NC073,2790,0.6620071684587814,False,7.933796874815411,0.624458869969941,2016,0.0848039637974558,0.0160233066278223,0.5570613409415122
Northern Cape,Ward 30703007,NC073,3273,0.6535288725939505,False,8.09346227450118,0.6258719192807461,2016,0.0341371231209002,-0.014453477868112,0.4800374298190892
Northern Cape,Ward 30704001,NC074,2419,0.6622571310458867,False,7.791109510610028,0.6654259603854161,2016,-0.0402498327424141,0.3476323119777158,0.6080246913580247
Northern Cape,Ward 30704002,NC074,1993,0.6317109884596086,False,7.597396320212795,0.6756080079141755,2016,-0.045813441507818,-0.0725919032107956,0.647244094488189
Northern Cape,Ward 30704003,NC074,1277,0.7133907595927956,False,7.152268856032539,0.6483814175364464,2016,-0.0032115570095209,-0.0138996138996139,0.8131241084165478
Northern Cape,Ward 30704004,NC074,1743,0.6511761331038439,False,7.463363045520021,0.669119626366097,2016,-0.0228326774688433,-0.0401982378854625,0.5064377682403434
Northern Cape,Ward 30705001,NC075,1520,0.7197368421052631,False,7.326465613840322,0.7015656937830212,2016,0.0065640375726852,0.0764872521246458,0.7246465888137676
Northern Cape,Ward 30705002,NC075,2079,0.6878306878306878,False,7.639642287858013,0.712201078541213,2016,-0.039832542409862,-0.1069587628865978,0.8304172274562585
Northern Cape,Ward 30705003,NC075,1362,0.8105726872246696,False,7.216709486709457,0.671287078743219,2016,-0.0076091309571486,0.3757575757575757,0.7193415637860082
Northern Cape,Ward 30705004,NC075,1430,0.6062937062937063,False,7.265429723253953,0.7393800723868735,2016,0.0081832411774271,0.0392441860465115,0.6580779944289693
Northern Cape,Ward 30706001,NC076,2123,0.6462552991050401,False,7.660585461703256,0.652340780736976,2016,-0.0909572771502391,-0.003754106053496,0.6716666666666666
Northern Cape,Ward 30706002,NC076,2516,0.6383147853736089,False,7.830425617820331,0.6549876186474531,2016,0.0443582225785191,0.1879131255901793,0.6355241716458446
Northern Cape,Ward 30706003,NC076,2036,0.6493123772102161,False,7.618742377670413,0.6513217547019173,2016,-0.0601937300654079,0.0812533191715347,0.600715137067938
Northern Cape,Ward 30706004,NC076,2199,0.6693951796271033,False,7.695757990554761,0.6446274872296217,2016,-0.089864079632156,-0.0529715762273901,0.5726495726495726
Northern Cape,Ward 30707001,NC077,2774,0.6730353280461427,False,7.928045600874777,0.6485384170426727,2016,-0.0578752476990593,0.1327072274397713,0.5436341900777047
Northern Cape,Ward 30707002,NC077,2793,0.5717866093805943,False,7.934871565945177,0.6822879899311888,2016,-0.1782843931754977,-0.2067594433399602,0.6519893899204244
Northern Cape,Ward 30707003,NC077,1650,0.7448484848484849,False,7.408530566894626,0.6246006981085587,2016,0.0628401166476481,-0.3723849372384937,0.6371191135734072
Northern Cape,Ward 30707004,NC077,2167,0.6289801568989386,False,7.681099001536359,0.6632234740917408,2016,-0.0400261231158378,-0.1994828223125231,0.6062291434927698
Northern Cape,Ward 30708001,NC078,2597,0.6118598382749326,False,7.862112211662748,0.6337053676597889,2016,-0.0195189255919453,-0.1768621236133122,0.5121659353809334
Northern Cape,Ward 30708002,NC078,3265,0.6091883614088821,False,8.09101504171053,0.634239663032999,2016,0.1009049634532952,0.1508635882974973,0.4538379908029713
Northern Cape,Ward 30708003,NC078,3267,0.6740128558310376,False,8.09162741160107,0.6212747641485679,2016,0.0744321430427776,-0.0215633423180593,0.5768194070080862
Northern Cape,Ward 30708004,NC078,2358,0.7302798982188295,False,7.765569081097317,0.6100213556710095,2016,0.2121629224698994,-0.327246790299572,0.628693368351937
Northern Cape,Ward 30708005,NC078,2783,0.6058210564139418,False,7.931284761525891,0.6349131240319871,2016,0.0175857622962947,-0.0482216142270861,0.479221635883905
Northern Cape,Ward 30708006,NC078,2773,0.5492246664262531,False,7.927685045615778,0.6462324020295248,2016,-0.1606449797562422,0.0327746741154562,0.4724540901502504
Northern Cape,Ward 30802001,NC082,2966,0.5623735670937289,False,7.994969522697877,0.6629732975182003,2016,0.0137931254533503,-0.0643533123028391,0.6161790017211703
Northern Cape,Ward 30802002,NC082,2670,0.7172284644194756,False,7.8898337513942955,0.643616435352482,2016,0.1644257391175245,-0.1731186125735522,0.7055238095238096
Northern Cape,Ward 30802003,NC082,2409,0.8181818181818182,False,7.786967002614872,0.6309972661321892,2016,0.1566059764601938,-0.1638320027768136,0.5957796656618252
Northern Cape,Ward 30802004,NC082,2589,0.555813055233681,False,7.859026979751538,0.6637933615007063,2016,-0.1006115257719055,-0.0960195530726256,0.5454937473048728
Northern Cape,Ward 30802005,NC082,2773,0.6905878110349801,False,7.927685045615778,0.646946517025544,2016,0.0519739496488415,-0.0848184818481848,0.6641566265060241
Northern Cape,Ward 30802006,NC082,3703,0.6943019173642992,False,8.216898580913613,0.6464822537343791,2016,-0.0039608074147314,0.1286193233770192,0.6075133165124754
Northern Cape,Ward 30802007,NC082,4399,0.5869515799045237,False,8.389132521348719,0.6599010459168511,2016,-0.1005028329328212,0.6043034281546316,0.6695596271295403
Northern Cape,Ward 30802008,NC082,3434,0.5768782760629004,False,8.141481041457421,0.661160208897054,2016,0.0154080606002895,0.0880861850443599,0.5931642778390298
Northern Cape,Ward 30802009,NC082,3424,0.6638434579439252,False,8.138564737261632,0.6502895611619258,2016,-0.0136444061337447,0.0388349514563106,0.670076726342711
Northern Cape,Ward 30804001,NC084,2431,0.7482517482517482,False,7.796057974316123,0.7633663743124051,2016,-0.0105510686496602,0.0699823943661972,0.6638054363376252
Northern Cape,Ward 30804002,NC084,2408,0.7612126245847176,False,7.786551806428712,0.7590460822014152,2016,0.0716190560273258,0.0754801250558285,0.7400408580183861
Northern Cape,Ward 30804003,NC084,2639,0.729064039408867,False,7.878155336503324,0.7697622772600322,2016,0.0530309815576273,0.0904958677685949,0.6839647119875454
Northern Cape,Ward 30804004,NC084,2253,0.7998224589436307,False,7.720017940432244,0.7461761374151109,2016,0.0634640442394377,0.2940838598506605,0.677710843373494
Northern Cape,Ward 30805001,NC085,2044,0.6594911937377691,False,7.622663951323595,0.6149098100960938,2016,0.0554405608263767,0.0349367088607595,0.4967718794835007
Northern Cape,Ward 30805002,NC085,2361,0.576874205844981,False,7.766840537085513,0.6314332076746514,2016,-0.0310880073803901,-0.2034412955465586,0.420375865479723
Northern Cape,Ward 30805003,NC085,3631,0.7072431836959515,False,8.197263371414335,0.6053594121044573,2016,-0.0330260050999742,0.3208439432520917,0.4787922358015816
Northern Cape,Ward 30805004,NC085,2683,0.6571002609019754,False,7.894690850425624,0.6153879966632525,2016,-0.0025313584380092,0.0295471987720645,0.5546511627906977
Northern Cape,Ward 30805005,NC085,2743,0.5825738242799854,False,7.916807490937603,0.6302932839876505,2016,-0.0294107500303082,-0.1862948679916938,0.4668949771689498
Northern Cape,Ward 30805006,NC085,2640,0.5507575757575758,False,7.878534196140362,0.6366565336921324,2016,-0.0180698095301153,-0.0386016023306627,0.4440518256772673
Northern Cape,Ward 30806001,NC086,2189,0.5865692096847875,False,7.691200097522863,0.5887121006874781,2016,-0.1294013062857284,0.0756756756756755,0.5131164742917104
Northern Cape,Ward 30806002,NC086,1882,0.6477151965993624,False,7.540090320145325,0.5683301050492866,2016,0.0200246788564886,0.0948225712623618,0.5009966777408638
Northern Cape,Ward 30806003,NC086,3224,0.6386476426799007,False,8.07837810362652,0.5713526230224405,2016,-0.0406589662041729,0.164319248826291,0.4129668780831571
Northern Cape,Ward 30806004,NC086,2472,0.4797734627831715,False,7.812782818577581,0.6243106829880168,2016,0.0840093431818426,0.0265780730897009,0.5714285714285714
Northern Cape,Ward 30901001,NC091,4104,0.581140350877193,False,8.319717386850606,0.6040705523701089,2016,-0.0148923212348257,-0.0422403733955659,0.5510107015457788
Northern Cape,Ward 30901002,NC091,4843,0.5589510633904604,False,8.48528964240323,0.6048101952863333,2016,-0.0137220223500256,0.1102705181109582,0.4466994669946699
Northern Cape,Ward 30901003,NC091,3904,0.6331967213114754,False,8.269756947532983,0.6023353400222995,2016,0.0088666034122256,0.0460878885316184,0.582063452410692
Northern Cape,Ward 30901004,NC091,3923,0.612031608462911,False,8.274611946209552,0.6030408437839182,2016,-0.0628133632275715,0.0576974925856026,0.4553259994633754
Northern Cape,Ward 30901005,NC091,4067,0.6333907056798623,False,8.310660905907225,0.6023288738766865,2016,0.0067608160108553,0.0198094282848546,0.5030518819938963
Northern Cape,Ward 30901006,NC091,3450,0.6185507246376811,False,8.146129510025405,0.6028235399114259,2016,-0.0309024952894149,0.0479951397326852,0.4959119496855346
Northern Cape,Ward 30901007,NC091,3970,0.5566750629722922,False,8.286521373681236,0.6048860619669388,2016,-0.0922377149412186,-0.0300513071096995,0.4812554489973845
Northern Cape,Ward 30901008,NC091,5206,0.6189012677679601,False,8.55756708555451,0.6028118551404166,2016,-0.0220579026792208,0.1246489522575069,0.4904380012338063
Northern Cape,Ward 30901009,NC091,4159,0.5996633806203414,False,8.33302993974291,0.6034531180453372,2016,-0.0148911990534352,0.0436637390213299,0.4450994841562269
Northern Cape,Ward 30901010,NC091,3447,0.6573832317957644,False,8.145259566516865,0.6015291230061564,2016,-0.026430019532164,-0.0363433044450657,0.5188449848024316
Northern Cape,Ward 30901011,NC091,3354,0.5873583780560525,False,8.117908942383155,0.6038632847974802,2016,-0.0730029996966296,-0.0530773574251834,0.4658608297941849
Northern Cape,Ward 30901012,NC091,3372,0.6058718861209964,False,8.123261319121745,0.603246167861982,2016,-0.0112797218422501,0.0327718223583461,0.4595835884874464
Northern Cape,Ward 30901013,NC091,3790,0.5836411609498681,False,8.240121298076472,0.603987192034353,2016,-0.0485590279075446,-0.1052880075542964,0.4494447691408533
Northern Cape,Ward 30901014,NC091,3604,0.6140399556048834,False,8.189799618728228,0.6029738988791858,2016,0.0284646837102068,0.0314825414997137,0.5
Northern Cape,Ward 30901015,NC091,3304,0.6035108958837773,False,8.102889134640868,0.603324867536556,2016,-0.0399776132499881,-0.0265173836181497,0.4735068912710566
Northern Cape,Ward 30901016,NC091,3691,0.6423733405581143,False,8.213652703029998,0.602029452714078,2016,-0.0552747824631429,-0.1653098145635458,0.4722797331492984
Northern Cape,Ward 30901017,NC091,4085,0.6171358629130967,False,8.315077007294104,0.602870701968912,2016,-0.0265624583096544,0.0235529942370333,0.4637159032424086
Northern Cape,Ward 30901018,NC091,2853,0.5983175604626709,False,7.9561263512135,0.6034979787172595,2016,0.0050109034965014,0.0378319388868679,0.4669106434888685
Northern Cape,Ward 30901019,NC091,3476,0.6121979286536249,False,8.153637486385282,0.6030352997775611,2016,0.0147274859810925,-0.0442672532306845,0.4980660517703064
Northern Cape,Ward 30901020,NC091,3588,0.6569119286510591,False,8.185350223178686,0.60154483311098,2016,0.0583240625422725,-0.0617154811715481,0.4820352061731372
Northern Cape,Ward 30901021,NC091,4809,0.6088583905177791,False,8.478244441277663,0.6031466177154227,2016,-0.0023548447763385,0.1050091911764705,0.4910166022287923
Northern Cape,Ward 30901022,NC091,4641,0.5166989872872226,False,8.442685139241176,0.6062185978231078,2016,-0.0877964694320504,0.1097560975609757,0.5279187817258884
Northern Cape,Ward 30901023,NC091,4580,0.6425764192139738,False,8.429454277108231,0.6020226834255494,2016,-0.007882913073725,0.0262155500784226,0.5486600846262342
Northern Cape,Ward 30901024,NC091,4430,0.7040632054176073,False,8.39615486303918,0.5999731238854283,2016,0.0625837409292932,0.0052189698207396,0.6192606545797034
Northern Cape,Ward 30901025,NC091,5110,0.5056751467710372,False,8.53895468319775,0.6065860591736474,2016,-0.0382855873305419,0.0904822876653863,0.4414527238572323
Northern Cape,Ward 30901026,NC091,4146,0.653159671972986,False,8.329899292995725,0.6016699083335824,2016,0.0211137429541967,0.0819415448851774,0.5308988764044944
Northern Cape,Ward 30901027,NC091,3887,0.5448932338564446,False,8.265392930852224,0.6052787896041337,2016,-0.0435972230550649,0.1240601503759397,0.5049531459170014
Northern Cape,Ward 30901028,NC091,4221,0.6370528310826818,False,8.347827345782498,0.6022068030299259,2016,-0.0089917936637684,0.070233265720081,0.5778761061946903
Northern Cape,Ward 30901029,NC091,3230,0.4696594427244582,False,8.080237416216702,0.6077865826418666,2016,0.0785801914301531,0.2863401035444046,0.2965879265091863
Northern Cape,Ward 30901030,NC091,3561,0.6433586071328279,False,8.177796683277778,0.6019966104949209,2016,0.0879398879210052,-0.2690886699507389,0.449902248289345
Northern Cape,Ward 30901031,NC091,4563,0.5860179706333553,False,8.425735580927402,0.6039079650449034,2016,-0.0242200176917457,0.0244723843735967,0.4429031459004211
Northern Cape,Ward 30902001,NC092,2723,0.5211164157179581,False,7.909489492673759,0.6281152463032557,2016,-0.1537020787413464,0.0405043943446694,0.5535444947209653
Northern Cape,Ward 30902002,NC092,4123,0.6133883094833859,False,8.3243363327069,0.612736597342351,2016,-0.0033061813346442,0.3766277128547579,0.5842072794571253
Northern Cape,Ward 30902003,NC092,3238,0.6899320568252008,False,8.08271113423758,0.5999793061187152,2016,-0.0166651653970214,-0.0630787037037037,0.6319914499465622
Northern Cape,Ward 30902004,NC092,3366,0.6565656565656566,False,8.121480374750751,0.6055403728286392,2016,0.0540174900025739,0.0459912989434432,0.5351030387705205
Northern Cape,Ward 30902005,NC092,3444,0.5882694541231127,False,8.144388865547622,0.6169230732357298,2016,-0.0104529616724737,0.0,0.5447647951441578
Northern Cape,Ward 30902006,NC092,2872,0.5999303621169917,False,7.962763930168115,0.6149795885700834,2016,0.0443374833800082,-0.0352704064494457,0.5476270615954224
Northern Cape,Ward 30902007,NC092,2873,0.6206056387051863,False,7.96311205897929,0.6115337091387175,2016,0.0053031476019833,0.0224199288256228,0.5697719366061075
Northern Cape,Ward 30903001,NC093,2934,0.5906612133605998,False,7.984121958702927,0.5973082595142325,2016,-0.0537576589063737,0.1254315304948217,0.5397058823529411
Northern Cape,Ward 30903002,NC093,2085,0.6282973621103117,False,7.642524134232902,0.5878992223268045,2016,-0.0695771318168138,0.055161943319838,0.5768286696121747
Northern Cape,Ward 30903003,NC093,1929,0.5878693623639192,False,7.564757012905729,0.5980062222634026,2016,-0.0675723165038212,-0.0585651537335285,0.4468629961587708
Northern Cape,Ward 30903004,NC093,3078,0.564327485380117,False,8.032035314398824,0.6038916915093532,2016,-0.0772797732070508,-0.0025923525599481,0.5323406235458352
Northern Cape,Ward 30903005,NC093,2014,0.608738828202582,False,7.607878073278507,0.592788855803737,2016,0.0474295951786445,-0.0161211529066926,0.5168661588683352
Northern Cape,Ward 30904001,NC094,3792,0.568301687763713,False,8.240648863374913,0.5764381273558823,2016,-0.0522635557720656,0.1401082381238725,0.4955580233203775
Northern Cape,Ward 30904002,NC094,3348,0.5570489844683393,False,8.116118431609365,0.5778447152678039,2016,-0.0359813185619637,0.0145454545454546,0.4544629349470499
Northern Cape,Ward 30904003,NC094,2764,0.5752532561505065,False,7.92443418488756,0.5755691813075331,2016,0.0020825244431894,-0.0636856368563685,0.4314516129032258
Northern Cape,Ward 30904004,NC094,3059,0.5406995750245178,False,8.025843344150903,0.5798883914482816,2016,0.0168593688389507,-0.0144974226804123,0.4892035398230088
Northern Cape,Ward 30904005,NC094,3750,0.6394666666666666,False,8.229511118964457,0.5675425049930131,2016,-0.0642927318295739,0.1278195488721805,0.4902959728287239
Northern Cape,Ward 30904006,NC094,2688,0.5654761904761905,False,7.89655270164304,0.5767913145168225,2016,-0.0093141800945425,-0.2729239924262916,0.5538570920725204
Northern Cape,Ward 30904007,NC094,1781,0.5811341942728804,False,7.484930283289661,0.5748340640422364,2016,-0.0264707700788492,-0.5297068919989438,0.5154471544715448
Northern Cape,Ward 30904008,NC094,5073,0.5876207372363493,False,8.53168763756669,0.5740232461718027,2016,-0.0192143296284351,0.5075780089153046,0.4898937992463172
Northern Cape,Ward 30904009,NC094,2955,0.5648054145516075,False,7.991253929840199,0.5768751615073955,2016,0.0284819780386573,-0.0666456096020214,0.5283816425120773
Northern Cape,Ward 34501001,NC451,3276,0.5729548229548229,False,8.09437844497296,0.5446727795613335,2016,-0.0758625226430745,0.076215505913272,0.8557182923028981
Northern Cape,Ward 34501002,NC451,3431,0.5867094141649665,False,8.14060704285845,0.543690308760609,2016,0.0712132526636869,-0.0244526585157804,0.5257037943696451
Northern Cape,Ward 34501003,NC451,3495,0.51931330472103,False,8.15908865466791,0.548504316578033,2016,-0.1163023285437363,0.0270349691448721,0.4714412548091151
Northern Cape,Ward 34501004,NC451,3787,0.5518880380248218,False,8.239329427901795,0.5461775499134764,2016,0.057970763085649,0.1517639902676399,0.4653866955110871
Northern Cape,Ward 34501005,NC451,3559,0.5990446754706378,False,8.177234885510194,0.5428092186673468,2016,-0.0376900184069132,-0.0315646258503401,0.4855390008764242
Northern Cape,Ward 34501006,NC451,3251,0.6625653645032298,False,8.086717920303906,0.5382720265935902,2016,0.1365982208890273,-0.138579756226815,0.6445287792536369
Northern Cape,Ward 34501007,NC451,3734,0.5605249062667381,False,8.225235324101668,0.5455606307533396,2016,0.0076953347914355,0.2214589466797514,0.5201768933112216
Northern Cape,Ward 34501008,NC451,3065,0.5432300163132137,False,8.027802848370312,0.5467959800357342,2016,-0.0095588283083002,0.0175962815405046,0.5644551392231008
Northern Cape,Ward 34501009,NC451,3725,0.5363758389261745,False,8.22282213081366,0.5472855641348084,2016,-0.0361138447051873,0.0247592847317743,0.4322314049586777
Northern Cape,Ward 34501010,NC451,3245,0.5275808936825886,False,8.08487062913819,0.5479137745093502,2016,-0.0446116196863952,0.0845588235294116,0.4158893534898681
Northern Cape,Ward 34501011,NC451,3004,0.466711051930759,False,8.007700012884026,0.5522616203487666,2016,-0.1095484373722085,0.0365769496204277,0.4953364423717522
Northern Cape,Ward 34501012,NC451,3458,0.4647194910352805,False,8.148445666243235,0.5524038746984437,2016,-0.1513646237700619,-0.0173344700198919,0.3990355635925256
Northern Cape,Ward 34501013,NC451,3725,0.5057718120805369,False,8.22282213081366,0.5494715660523539,2016,-0.027601791060508,0.1250377529447297,0.4231525709468952
Northern Cape,Ward 34501014,NC451,3660,0.5363387978142077,False,8.205218426395412,0.5472882099285203,2016,-0.0247795376864424,0.1898569570871262,0.4227951948432464
Northern Cape,Ward 34501015,NC451,3496,0.5646453089244852,False,8.159374736775426,0.5452663162777862,2016,-0.0457286355869743,0.0542822677925212,0.5368677635588056
Northern Cape,Ward 34502001,NC452,3524,0.6001702610669694,False,8.16735198705607,0.566215056268953,2016,-0.0137235970129352,0.050685748360167,0.5264221773029165
Northern Cape,Ward 34502002,NC452,3914,0.6223811957077159,False,8.272315147956022,0.5643641450488908,2016,0.014728134483226,-0.0015306122448979,0.4195804195804196
Northern Cape,Ward 34502003,NC452,4126,0.6369365002423655,False,8.325063693631197,0.5631512030043366,2016,0.0830252951683696,0.0903805496828753,0.3998224326723882
Northern Cape,Ward 34502004,NC452,3750,0.5258666666666667,False,8.229511118964457,0.5724070224689782,2016,-0.1367787447939106,0.6156828953037483,0.4456806282722513
Northern Cape,Ward 34502005,NC452,3190,0.4971786833855799,False,8.06777619577889,0.574797687742402,2016,0.0047388208426245,0.0962199312714777,0.366891064871481
Northern Cape,Ward 34502006,NC452,3348,0.5468936678614098,False,8.116118431609365,0.5706547723694163,2016,-0.067831816111932,0.0625198349730244,0.4963680387409201
Northern Cape,Ward 34502007,NC452,3451,0.6389452332657201,False,8.146419323098003,0.5629838085857237,2016,0.0014859498780979,0.1241042345276872,0.3836996336996337
Northern Cape,Ward 34502008,NC452,3708,0.540722761596548,False,8.218247926685745,0.5711690145581547,2016,0.009066458600505,0.0480497456189938,0.3987556561085973
Northern Cape,Ward 34502009,NC452,2826,0.5038924274593064,False,7.946617563244473,0.5742382090695916,2016,0.0285890122744348,-0.2023708721422523,0.3754760091393754
Northern Cape,Ward 34502010,NC452,3634,0.5756741882223445,False,8.198089248956116,0.5682563956726717,2016,-0.050478823172121,-0.0141074335322842,0.4194927329723568
Northern Cape,Ward 34502011,NC452,3609,0.5261845386533666,False,8.19118600464279,0.5723805331367532,2016,-0.076426777048006,0.2082356879812521,0.39264664608476
Northern Cape,Ward 34502012,NC452,3332,0.5744297719087635,False,8.111328003286733,0.5683600970321367,2016,-0.0775731772187862,-0.1811255836814942,0.4174358974358974
Northern Cape,Ward 34502013,NC452,3726,0.605475040257649,False,8.223090551161533,0.5657729913363964,2016,-0.0514424753519467,0.2244495563588564,0.4551569506726457
Northern Cape,Ward 34503001,NC453,3303,0.6088404480775053,False,8.10258642539079,0.5779757509435207,2016,0.0322330609366023,-0.2469220246238029,0.5531181447821999
Northern Cape,Ward 34503002,NC453,3418,0.6217086015213575,False,8.136810863675537,0.5747587125825576,2016,0.0147086015213575,0.1393333333333333,0.6027749229188079
Northern Cape,Ward 34503003,NC453,1925,0.5875324675324676,False,7.562681246721884,0.5833027460797802,2016,0.0318295497605842,-0.3617374005305039,0.5722713864306784
Northern Cape,Ward 34503004,NC453,3535,0.6132956152758133,False,8.170468578330674,0.5768619591439437,2016,0.0742104965728602,0.0234510712217719,0.6571428571428571
Northern Cape,Ward 34503005,NC453,4608,0.4893663194444444,False,8.435549202375727,0.6078442831017858,2016,0.0473773691682013,0.4975625609359766,0.3457117595048629
Western Cape,Ward 19100001,CPT,19398,0.7954943808640066,True,9.872925246953487,0.6366465575044666,2016,0.0247422259460705,0.1452355650017711,0.6475855452510393
Western Cape,Ward 19100002,CPT,18644,0.7567045698347994,True,9.833279657492632,0.6369991921501866,2016,0.0218433419121752,0.3067003083823942,0.5885401670025914
Western Cape,Ward 19100003,CPT,15858,0.7804262832639677,True,9.671429383832344,0.6367835402099215,2016,0.0420282466731599,-0.1154618473895582,0.6265567995974336
Western Cape,Ward 19100004,CPT,15425,0.5958508914100487,True,9.643744848773588,0.6384614983176843,2016,-0.0398132860056562,-0.1273478162480199,0.4429129945000331
Western Cape,Ward 19100005,CPT,18014,0.782335960919285,True,9.798904512343688,0.6367661795039641,2016,0.0255895985066191,0.1546695724633036,0.6195596735804149
Western Cape,Ward 19100006,CPT,19407,0.5521203689390426,True,9.873389104712095,0.6388590485219662,2016,-0.0217391000355796,0.4234267272993985,0.3336091345358266
Western Cape,Ward 19100007,CPT,16060,0.6762764632627646,True,9.684086987500752,0.6377303567553869,2016,0.036727385930963,0.1531557406476629,0.4822690822690822
Western Cape,Ward 19100008,CPT,20577,0.7825727754288769,True,9.931929226167432,0.6367640266447859,2016,0.0259209219102855,0.157506890926478,0.595775255065383
Western Cape,Ward 19100009,CPT,17132,0.5406840999299556,True,9.748703338735261,0.638963014603867,2016,0.0213964655213534,0.1513440860215054,0.407100798694106
Western Cape,Ward 19100010,CPT,15127,0.6345607192437364,True,9.6242365055622,0.6381095907919235,2016,0.0266265559181402,0.0640078778926638,0.4699680132685701
Western Cape,Ward 19100011,CPT,18189,0.7470998955412612,True,9.808572294739841,0.6370865073710369,2016,0.101040644563061,0.0167132476243712,0.5450587282300526
Western Cape,Ward 19100012,CPT,16416,0.6324926900584795,True,9.706011747970496,0.6381283910572441,2016,0.0383189754659167,0.1018928715263793,0.4574636807714267
Western Cape,Ward 19100013,CPT,19472,0.6087202136400987,True,9.876732815227308,0.6383445044792293,2016,0.0113998725925955,0.1858708891595615,0.3756623536660505
Western Cape,Ward 19100014,CPT,17378,0.6663597652203936,True,9.762960317399152,0.6378205085557721,2016,0.0139072288366121,0.0407857698987841,0.4406473865746882
Western Cape,Ward 19100015,CPT,19268,0.7628191820635251,True,9.866200967750112,0.6369436047662891,2016,0.0373443436065052,0.2576202597741661,0.6837672674985877
Western Cape,Ward 19100016,CPT,19224,0.6051290054099043,True,9.863914777416305,0.6383771518267766,2016,0.0375178559051818,0.1071181755355907,0.4034526051475204
Western Cape,Ward 19100017,CPT,19813,0.650330591026094,True,9.89409356689426,0.6379662283211749,2016,0.0492492558121777,0.1643747061589093,0.4807638145665521
Western Cape,Ward 19100018,CPT,15595,0.5553703109971144,True,9.654705629041903,0.6388295035941656,2016,-0.0623795142998806,0.2108859383492507,0.3536712749615975
Western Cape,Ward 19100019,CPT,18952,0.6233642887294217,True,9.849664745838622,0.6382113765238718,2016,0.0251510191265993,0.0784112894048025,0.3988298643471057
Western Cape,Ward 19100020,CPT,18134,0.5936914084041028,True,9.805543908206001,0.6384811299813749,2016,0.0102755668199444,0.1221534653465346,0.3548707753479125
Western Cape,Ward 19100021,CPT,16577,0.8056343126017976,True,9.715771471424866,0.6365543763068503,2016,0.0497990588051894,-0.0204455474797612,0.6665674485057745
Western Cape,Ward 19100022,CPT,15799,0.6466864991455156,True,9.66770192587285,0.63799935642918,2016,0.0130997679775819,0.091845196959226,0.4868581907090464
Western Cape,Ward 19100023,CPT,17821,0.741877560181808,True,9.7881328161731,0.637133983147032,2016,0.0226939873878263,0.0989085527532835,0.6162887455793634
Western Cape,Ward 19100024,CPT,16008,0.5990129935032483,True,9.68084387626357,0.6384327519350189,2016,-0.0465430391287825,0.1455560326320308,0.3179982693971733
Western Cape,Ward 19100025,CPT,17680,0.6182126696832579,True,9.780189336191635,0.6382582094242916,2016,0.0112579805367879,0.095890410958904,0.4620296950667873
Western Cape,Ward 19100026,CPT,18971,0.6886827262664066,True,9.850666776352545,0.637617572546263,2016,0.0539134312563154,0.3202728095204954,0.4734400718240311
Western Cape,Ward 19100027,CPT,13567,0.7279428023881477,True,9.515395652485308,0.637260662763338,2016,0.0189028771644863,-0.0942048337561757,0.5581090813854515
Western Cape,Ward 19100028,CPT,17640,0.6325396825396825,True,9.777924329560783,0.6381279638528694,2016,0.0052104899930986,0.1909262759924386,0.5007557762902181
Western Cape,Ward 19100029,CPT,16954,0.6000353898784947,True,9.73825907316835,0.6384234574225166,2016,0.0066029239553224,0.0504337050805452,0.4769202588838686
Western Cape,Ward 19100030,CPT,17410,0.6484204480183803,True,9.764800032762235,0.6379835932576086,2016,-0.0353801750345792,0.0847352024922118,0.4371093987015351
Western Cape,Ward 19100031,CPT,15129,0.610747570890343,True,9.624368710744834,0.6383260739587726,2016,-0.0203144303374041,0.0319214241866174,0.4532720273738237
Western Cape,Ward 19100032,CPT,18949,0.5763364821362605,True,9.849506438669614,0.6386389020383552,2016,0.0006611643396503,0.2545683262711864,0.3943947587354409
Western Cape,Ward 19100033,CPT,17606,0.5015903669203681,True,9.775995032020852,0.6393184121766814,2016,-0.0511178450773023,0.025393127548049,0.3021565731166913
Western Cape,Ward 19100034,CPT,17524,0.4964049303811915,True,9.771326648933789,0.6393655525088559,2016,-0.0941290982675642,0.1567760248201202,0.3359059814067707
Western Cape,Ward 19100035,CPT,19746,0.5675073432593943,True,9.890706218171395,0.6387191669372357,2016,-0.0220634039584116,0.2557074721780603,0.2755905511811024
Western Cape,Ward 19100036,CPT,14781,0.5857519788918206,True,9.601097851212073,0.6385533066133046,2016,0.0054510377012445,-0.1139020442419519,0.369797397889831
Western Cape,Ward 19100037,CPT,13922,0.5897859502944979,True,9.541225601728613,0.6385166341460076,2016,-0.0577747415537919,0.0798107500193903,0.3432155074116305
Western Cape,Ward 19100038,CPT,13421,0.543476641084867,True,9.504575923397805,0.6389376278660951,2016,-0.1110984255423168,-0.0064406277761326,0.3848309473042948
Western Cape,Ward 19100039,CPT,15598,0.5737274009488396,True,9.654897979890443,0.6386626209582408,2016,-0.0516363235904426,0.2607500808276755,0.3554796254112883
Western Cape,Ward 19100040,CPT,18259,0.5342023111890026,True,9.812413388136733,0.6390219399560575,2016,-0.1300211000841777,0.3383420068899803,0.324062274918278
Western Cape,Ward 19100041,CPT,15129,0.5730054861524225,True,9.624368710744834,0.6386691838200264,2016,-0.0093841602538635,0.1654726138201987,0.361051930758988
Western Cape,Ward 19100042,CPT,14461,0.5904156005808727,True,9.579210649614792,0.638510910052495,2016,0.0065095295613996,0.035294959908362,0.4784864205065608
Western Cape,Ward 19100043,CPT,18424,0.676237516283109,True,9.82140944150052,0.6377307108188384,2016,0.0252004957657138,0.0272078501338091,0.5001081314878892
Western Cape,Ward 19100044,CPT,18588,0.6764579298472132,True,9.830271490204868,0.6377287070591646,2016,0.1019732233992833,0.1170001802776274,0.4734367653972731
Western Cape,Ward 19100045,CPT,15079,0.5578619271835003,True,9.621058326365796,0.6388068525379257,2016,-0.0625955932303874,-0.0600885121236676,0.4166024158314058
Western Cape,Ward 19100046,CPT,15218,0.6393744250229991,True,9.630234216736469,0.6380658298302939,2016,0.0027704851904105,-0.0422304739127697,0.4812675358970127
Western Cape,Ward 19100047,CPT,15185,0.609417188014488,True,9.62806337747985,0.6383381683485531,2016,-0.0213319219179395,0.103320496984669,0.4734049194656012
Western Cape,Ward 19100048,CPT,13551,0.5883698620028042,True,9.514215624322715,0.638529507675932,2016,-0.0581862281466007,-0.1421245885034185,0.52904765456037
Western Cape,Ward 19100049,CPT,18012,0.6635021097046413,True,9.798793481421463,0.637846487242279,2016,-0.004164807024541,0.0394136995787408,0.5183333333333333
Western Cape,Ward 19100050,CPT,15752,0.6432199085830371,True,9.664722620318962,0.638030870888839,2016,-0.0073142237775674,0.0260552371026576,0.5042601049689864
Western Cape,Ward 19100051,CPT,14306,0.5597651335104152,True,9.56843430866833,0.6387895506622265,2016,-0.0233023147347432,0.0615122059805595,0.3954177897574124
Western Cape,Ward 19100052,CPT,14405,0.5103783408538702,True,9.575330647518628,0.6392385215045586,2016,-0.0290252033040321,0.0376746866445756,0.3057320668195218
Western Cape,Ward 19100053,CPT,14682,0.7460155292194524,True,9.594377532670727,0.6370963652466898,2016,0.0479070962467187,-0.0711710001897892,0.6148814390842191
Western Cape,Ward 19100054,CPT,16798,0.6237647338968925,True,9.729015110685573,0.6382077361132585,2016,-0.0228282570610887,-0.0072690739318007,0.5105303612605688
Western Cape,Ward 19100055,CPT,15577,0.6824805803428131,True,9.653550746326605,0.6376739556910228,2016,0.0210916378185163,0.0025744995816439,0.5434232181288771
Western Cape,Ward 19100056,CPT,16972,0.6752887108178176,True,9.739320206322216,0.6377393363230682,2016,0.0057428232344578,0.0779295014290251,0.4693444770161541
Western Cape,Ward 19100057,CPT,19385,0.5495486200670622,True,9.87225485010503,0.6388824280571661,2016,0.0020742134971443,0.0903926200922489,0.3788345962895218
Western Cape,Ward 19100058,CPT,18218,0.7057305961137337,True,9.810165395304756,0.6374625919112872,2016,0.0173881450393441,0.0274660199650329,0.57888361764409
Western Cape,Ward 19100059,CPT,18157,0.6579831469956491,True,9.806811440270668,0.6378966596305425,2016,0.0222819764654678,0.0418292403029607,0.4919285023170545
Western Cape,Ward 19100060,CPT,17828,0.7175790890733678,True,9.788525534066446,0.6373548783389269,2016,0.0564501481634187,0.121892895349569,0.5635659441462254
Western Cape,Ward 19100061,CPT,16373,0.6742197520307824,True,9.703388915639492,0.6377490541302232,2016,0.0121517192993291,0.1072563738418881,0.5028713050837212
Western Cape,Ward 19100062,CPT,16773,0.705300184820843,True,9.727525729694754,0.6374665047412226,2016,0.0017190834064584,0.0095094793860968,0.5800783718872456
Western Cape,Ward 19100063,CPT,18898,0.7321409672981268,True,9.846811375342572,0.6372224976277928,2016,0.0191994789938395,0.2522695646411768,0.5527745558879189
Western Cape,Ward 19100064,CPT,19443,0.7082240395000772,True,9.875242387095826,0.6374399242441386,2016,0.0136561039624277,0.3505834954153932,0.5796522793894673
Western Cape,Ward 19100065,CPT,17564,0.7062741972215896,True,9.773606631681607,0.637457650083034,2016,0.0457490267588012,0.2740461337588857,0.4891981943250215
Western Cape,Ward 19100066,CPT,17283,0.6711219117051438,True,9.757478638400492,0.6377772163150016,2016,-0.0189293703461382,0.1817435897435897,0.6246520634152245
Western Cape,Ward 19100067,CPT,21210,0.6242809995285242,True,9.962228047558728,0.6382030427893346,2016,0.0478075008582292,0.3117694353392293,0.4826571099449635
Western Cape,Ward 19100068,CPT,14888,0.6754433100483611,True,9.608310798322087,0.6377379308755178,2016,0.0077553534139043,-0.1227904784350695,0.5195259897656881
Western Cape,Ward 19100069,CPT,18103,0.6273545821134618,True,9.803832949375943,0.6381751011294715,2016,-0.0377608953081168,0.0400436631046765,0.5113254809998401
Western Cape,Ward 19100070,CPT,17814,0.7975188054339284,True,9.787739943991815,0.63662815364474,2016,0.0236186635167564,0.1491420461875887,0.6580290968981608
Western Cape,Ward 19100071,CPT,15678,0.7065314453374155,True,9.660013734748668,0.6374553114637992,2016,0.0031426368473045,-0.0546309696092619,0.5521974481247583
Western Cape,Ward 19100072,CPT,17361,0.7410287425839526,True,9.761981590241948,0.6371416996706489,2016,0.0316410994378235,0.1904957827607487,0.6081475003643784
Western Cape,Ward 19100073,CPT,19018,0.7627510779261752,True,9.85314117809939,0.6369442238948105,2016,0.0350283056489475,0.2897056828970568,0.6084746926722066
Western Cape,Ward 19100074,CPT,17550,0.6525925925925926,True,9.772809228894012,0.6379456646705702,2016,0.0015632863394881,-0.0314034990893536,0.4453147664635915
Western Cape,Ward 19100075,CPT,16645,0.671973565635326,True,9.719865150009126,0.6377694740065455,2016,0.0562742077101088,0.0477779176633514,0.5187370726365738
Western Cape,Ward 19100076,CPT,16098,0.6556093924711144,True,9.686450319653678,0.6379182392171291,2016,0.0460330688341369,-0.0942440780959883,0.4629958180205297
Western Cape,Ward 19100077,CPT,17887,0.6560630625594007,True,9.791829470993246,0.6379141149435994,2016,0.0370993685163975,0.0508165902949124,0.5288287328146648
Western Cape,Ward 19100078,CPT,17138,0.6930797059166763,True,9.749053499229063,0.6375776000039878,2016,0.036910713583104,-0.0547680767745849,0.5253437852919683
Western Cape,Ward 19100079,CPT,18939,0.6156080046464967,True,9.848978567035735,0.638281888197353,2016,-0.0199795188813334,0.273124495832213,0.5038872691933917
Western Cape,Ward 19100080,CPT,18090,0.5803206191265893,True,9.80311457838934,0.6386026826111703,2016,0.0213292378081639,0.0534591194968554,0.3278324165138634
Western Cape,Ward 19100081,CPT,20125,0.6879006211180124,True,9.909718102286764,0.6376246825930665,2016,0.0214997705066355,0.3373870281765019,0.5429521652986131
Western Cape,Ward 19100082,CPT,16555,0.599637571730595,True,9.714443449981347,0.638427073951134,2016,0.000581577937759,0.0704125177809389,0.451985121080999
Western Cape,Ward 19100083,CPT,17111,0.7128163169890713,True,9.747476810531971,0.6373981762669659,2016,0.0105483844996198,0.1280986286919831,0.6449614088487879
Western Cape,Ward 19100084,CPT,20938,0.6525933709045754,True,9.9493209688793,0.6379456575950069,2016,-0.0700272775340918,0.5641715224861796,0.5606161745827984
Western Cape,Ward 19100085,CPT,17261,0.6325241874746539,True,9.75620490038669,0.638128104717097,2016,0.0182857768786274,0.143112582781457,0.4190830619734326
Western Cape,Ward 19100086,CPT,18404,0.6095957400565094,True,9.82032331127536,0.6383365451481711,2016,-0.0015789242821021,0.1080739358179301,0.3412745329865216
Western Cape,Ward 19100087,CPT,14328,0.5710496929089894,True,9.569970943740548,0.6386869637586031,2016,-0.0487422905470047,-0.1285201630071163,0.3834647810715257
Western Cape,Ward 19100088,CPT,18804,0.5202084662837694,True,9.841824892144022,0.6391491567279232,2016,-0.0324747214502295,0.1174897486182919,0.3345343680709534
Western Cape,Ward 19100089,CPT,15198,0.5218449796025793,True,9.62891911922973,0.6391342793341159,2016,-0.1077564806955649,0.1559172497718284,0.3301710229106163
Western Cape,Ward 19100090,CPT,13988,0.5432513583071203,True,9.545955098183267,0.6389396758913474,2016,-0.1090195868644823,-0.156282043549068,0.346395224246135
Western Cape,Ward 19100091,CPT,15793,0.5585385930475527,True,9.667322082870054,0.6388007010300706,2016,-0.0434697872443126,0.1409478399075279,0.3622852467957458
Western Cape,Ward 19100092,CPT,15827,0.5668793833322803,True,9.669472621333282,0.638724875663846,2016,-0.0622862393186843,-0.0085818090704083,0.4172915246534878
Western Cape,Ward 19100093,CPT,16560,0.5714975845410628,True,9.71474542793925,0.6386828920164933,2016,-0.07232380694388,0.0747663551401869,0.348685079952425
Western Cape,Ward 19100094,CPT,17509,0.5583414244103033,True,9.770470313426317,0.6388024934722275,2016,-0.0900645711767011,0.3321920413908543,0.3540323641626102
Western Cape,Ward 19100095,CPT,16884,0.5620705993840323,True,9.734121706902389,0.6387685918815572,2016,-0.0831226035954836,-0.0174581005586592,0.3602453655676333
Western Cape,Ward 19100096,CPT,18308,0.5760323355909984,True,9.815093401773533,0.6386416670069485,2016,-0.0857589901638347,0.3256100209977555,0.3216798011318559
Western Cape,Ward 19100097,CPT,14751,0.5545386753440444,True,9.599066156080049,0.6388370639182843,2016,-0.085381083933789,-0.0136409227683048,0.3586495368987152
Western Cape,Ward 19100098,CPT,16827,0.5290901527307303,True,9.730740018176446,0.63906841412386,2016,-0.0861853989891562,0.0372950314387867,0.3303303303303303
Western Cape,Ward 19100099,CPT,16403,0.5721514357129793,True,9.705219523912486,0.6386769479149305,2016,-0.0004937695331457,-0.0686992562311928,0.3255739111778588
Western Cape,Ward 19100100,CPT,16930,0.6606024808033077,True,9.736842475127181,0.6378728475050184,2016,0.0364973288258403,-0.0065719985917145,0.4283913898270908
Western Cape,Ward 19100101,CPT,17664,0.566802536231884,True,9.779283949076822,0.6387255742738495,2016,-0.057148696070161,0.1578395385422129,0.3351207803482968
Western Cape,Ward 19100102,CPT,18771,0.7747589366576102,True,9.840068404666473,0.6368350615427065,2016,0.0146351132954268,0.1858613936445763,0.6041209461107047
Western Cape,Ward 19100103,CPT,16719,0.817513009151265,True,9.724301076237646,0.6364463881564005,2016,0.0539097529387543,-0.1045951156812339,0.6789306511381683
Western Cape,Ward 19100104,CPT,16530,0.5097398669086509,True,9.712932190815069,0.6392443258131516,2016,-0.0138331605116065,0.1562674874090655,0.3125434878866468
Western Cape,Ward 19100105,CPT,16894,0.6832603291109269,True,9.734713808287442,0.6376668670658582,2016,-0.0056248933496131,-0.0708903921245118,0.4992301314698567
Western Cape,Ward 19100106,CPT,19837,0.5436810001512326,True,9.89530415972811,0.6389357700564008,2016,-0.0640717623613242,0.1721916917804171,0.322484501669051
Western Cape,Ward 19100107,CPT,16711,0.7159356112740112,True,9.723822464203383,0.6373698190461938,2016,0.0015498354119422,-0.0996228448275862,0.5490639588045623
Western Cape,Ward 19100108,CPT,18457,0.5559408354553828,True,9.823198981307291,0.6388243170081812,2016,-0.0593072866242292,0.0916780031939432,0.3607486263736263
Western Cape,Ward 19100109,CPT,17794,0.6239181746656176,True,9.786616600804713,0.6382063411971791,2016,0.0105832898622664,0.0352571561554573,0.4389748398187216
Western Cape,Ward 19100110,CPT,14584,0.674917718047175,True,9.5876803163585,0.6377427089846196,2016,-0.009794549714289,0.0148215155521536,0.4791021671826625
Western Cape,Ward 19100111,CPT,16151,0.6641694012754629,True,9.689737246238513,0.6378404209552715,2016,0.0204525019013656,0.1108742004264391,0.4863677673432293
Western Cape,Ward 10101001,WC011,3764,0.6115834218916046,False,8.23323750070527,0.5962296664886295,2016,0.0163378791953269,0.1773537691585862,0.5365663900414938
Western Cape,Ward 10101002,WC011,3307,0.6132446325975204,False,8.103796712981794,0.5959923506734988,2016,-0.0271116327587449,0.0156633906633907,0.6078784757981462
Western Cape,Ward 10101003,WC011,3667,0.5080447232069811,False,8.207129168071326,0.6110209091578614,2016,-0.0745746158383064,0.1220930232558139,0.4443359375
Western Cape,Ward 10101004,WC011,4021,0.554837105197712,False,8.299285906897275,0.6043362831591856,2016,-0.0175101616833169,0.2929260450160771,0.4785087719298245
Western Cape,Ward 10101005,WC011,3763,0.67791655593941,False,8.232971790593437,0.5867535044818002,2016,0.0401843330053933,0.2053171044202435,0.5173925752703887
Western Cape,Ward 10101006,WC011,4204,0.6177450047573739,False,8.343791731996841,0.5953494403649481,2016,-0.030615650980331,0.1486338797814208,0.5718343195266272
Western Cape,Ward 10101007,WC011,4056,0.658284023668639,False,8.30795254527102,0.5895581519490533,2016,0.0063593717439871,0.1072891072891073,0.5888724766125062
Western Cape,Ward 10101008,WC011,3411,0.5435356200527705,False,8.134760782418645,0.6059507810370344,2016,-0.043822758003282,0.0169946332737029,0.5711554220158427
Western Cape,Ward 10102001,WC012,4013,0.6062795913281834,False,8.297294370266917,0.6143295974540927,2016,0.0202039862153197,0.0913788414468317,0.4798679867986798
Western Cape,Ward 10102002,WC012,4517,0.6610582244852778,False,8.415603335654604,0.6033738708226737,2016,-0.0293964578393232,0.360132490213791,0.5519441674975075
Western Cape,Ward 10102003,WC012,5038,0.6079793568876538,False,8.524764456912555,0.6139896443421986,2016,0.0131971644510813,0.2058401148875059,0.5595171773444754
Western Cape,Ward 10102004,WC012,3237,0.6286685202347853,False,8.082402253926244,0.6098518116727722,2016,0.0175874391537042,-0.1251351351351352,0.609297052154195
Western Cape,Ward 10102005,WC012,5259,0.6702795208214489,False,8.567696173589344,0.6015296115554396,2016,-0.0462756631250393,0.4657190635451504,0.6116863905325444
Western Cape,Ward 10102006,WC012,2867,0.5036623648412976,False,7.96102146588337,0.6348530427514698,2016,0.0082884249800793,0.1052428681572861,0.4740364025695932
Western Cape,Ward 10103001,WC013,3548,0.6155580608793687,False,8.17413934342947,0.6287969261614232,2016,-0.0455272104384607,0.1001550387596899,0.5256627185561196
Western Cape,Ward 10103002,WC013,3637,0.6574099532581799,False,8.19891444498699,0.6218216107649547,2016,-0.0551137659069055,0.1502213788741302,0.5368449055599893
Western Cape,Ward 10103003,WC013,3841,0.6175475136683155,False,8.253488028345904,0.6284653506965988,2016,-0.0538008009384261,0.1988139825218478,0.5160767360172926
Western Cape,Ward 10103004,WC013,4113,0.5852176027230732,False,8.321907968230423,0.6338536691874724,2016,-0.035861098432678,0.1318106769400109,0.4892448512585812
Western Cape,Ward 10103005,WC013,3833,0.6055309157318027,False,8.251403065380556,0.6304681170193509,2016,0.0596689497921553,0.1452046608903496,0.5319587628865979
Western Cape,Ward 10103006,WC013,3989,0.5931311105540236,False,8.291295851905407,0.6325347512156475,2016,-0.1323843533635021,1.5702319587628866,0.5691002455905336
Western Cape,Ward 10103007,WC013,3349,0.7139444610331442,False,8.116417072794205,0.6123991928024607,2016,0.0529108591467225,-0.3419139320102181,0.6537046768260641
Western Cape,Ward 10104001,WC014,4799,0.7070222963117316,False,8.476162841858246,0.6255844179717999,2016,0.0940019671732999,0.1614230396902227,0.4807767752059631
Western Cape,Ward 10104002,WC014,4558,0.5947784115840281,False,8.42463920980563,0.6349380750324418,2016,0.027313458313,0.3311915887850467,0.4096819363872774
Western Cape,Ward 10104003,WC014,3309,0.518887881535207,False,8.104401307921613,0.6412622858698436,2016,0.0071085882928015,0.0257284562926225,0.4492072812683499
Western Cape,Ward 10104004,WC014,3938,0.6043676993397664,False,8.278428259199071,0.6341389677194637,2016,-0.0321920202612041,0.0617417093556214,0.5247337278106509
Western Cape,Ward 10104005,WC014,3469,0.7177861055059095,False,8.15162164696975,0.6246874338722851,2016,0.0023767383267889,0.240257418662853,0.5541725601131542
Western Cape,Ward 10104006,WC014,4182,0.7159253945480631,False,8.338544879988579,0.6248424931187723,2016,-0.0011125344103956,-0.1607465382299819,0.5871425589647256
Western Cape,Ward 10104007,WC014,4280,0.6677570093457944,False,8.361708288575842,0.6288565252189613,2016,-0.0703578573758324,0.176147293212421,0.568600046587468
Western Cape,Ward 10104008,WC014,4000,0.663,False,8.294049640102028,0.6292529426644441,2016,0.058,0.1764705882352941,0.5366531850353893
Western Cape,Ward 10104009,WC014,4901,0.5166292593348296,False,8.497194544909547,0.6414505043865417,2016,-0.0701224036363455,0.358370288248337,0.4391273750879662
Western Cape,Ward 10104010,WC014,4580,0.6493449781659388,False,8.429454277108231,0.6303908611506159,2016,-0.0218944923515099,0.102286401925391,0.5064907427112152
Western Cape,Ward 10104011,WC014,3418,0.7056758338209479,False,8.136810863675537,0.6256966231793651,2016,-0.02952665839089,0.1831083419868466,0.5699739521667061
Western Cape,Ward 10104012,WC014,4589,0.6330355197210721,False,8.431417414394833,0.6317499826876881,2016,0.0037152432233762,0.3217165898617511,0.5025041736227045
Western Cape,Ward 10104013,WC014,3884,0.5198249227600412,False,8.264620829411216,0.6411841991011074,2016,0.0220982578763824,0.0387804225728805,0.4484313357129438
Western Cape,Ward 10105001,WC015,3815,0.6070773263433814,False,8.246695943718557,0.5893267333267818,2016,0.0028976632117532,0.1899563318777293,0.4889696340513885
Western Cape,Ward 10105002,WC015,4453,0.5488434763081069,False,8.401333305321703,0.594620719693625,2016,-0.0482331921971329,0.2280750137892995,0.4255368275225121
Western Cape,Ward 10105003,WC015,3671,0.588395532552438,False,8.208219383496834,0.5910250782168676,2016,0.0300812561721701,0.1992812806272459,0.4789607455521039
Western Cape,Ward 10105004,WC015,3540,0.5426553672316384,False,8.17188200612782,0.5951832750642129,2016,-0.0276544727411228,0.2053115423901941,0.4466513878278584
Western Cape,Ward 10105005,WC015,3837,0.6619755016940317,False,8.252446090246952,0.5843359901130862,2016,-0.0138276223849543,0.1308576480990273,0.6067157313707452
Western Cape,Ward 10105006,WC015,4033,0.5397966774113563,False,8.302265794873367,0.5954431559569658,2016,-0.0663163560373173,0.1629181084198385,0.448786717752235
Western Cape,Ward 10105007,WC015,4365,0.5718213058419244,False,8.381373468273702,0.5925318260996415,2016,-0.03449277942521,0.1778197517539126,0.4926982700516737
Western Cape,Ward 10105008,WC015,3818,0.6495547407019382,False,8.247482004285693,0.5854651502032766,2016,0.0204569352291665,0.0344080195069087,0.5537763544168668
Western Cape,Ward 10105009,WC015,4706,0.5684232894177645,False,8.456593569287309,0.592840736683656,2016,-0.015782995836063,0.264034380875638,0.3497916666666666
Western Cape,Ward 10105010,WC015,4445,0.7070866141732284,False,8.399535147948004,0.5802349798877048,2016,0.04451620966734,0.1379928315412186,0.6003083021360933
Western Cape,Ward 10105011,WC015,4478,0.5381866904868244,False,8.4069317971587,0.5955895184046506,2016,-0.0222720479823852,0.1164298180004985,0.3993937980881324
Western Cape,Ward 10105012,WC015,4024,0.5658548707753479,False,8.300031711779575,0.5930742292875121,2016,0.0055026980971314,0.1428571428571428,0.4292452830188679
Western Cape,Ward 10202001,WC022,3655,0.5537619699042408,False,8.203851372183879,0.5089811796042997,2016,-0.0372053587312493,0.1707238949391416,0.4125622578859989
Western Cape,Ward 10202002,WC022,3810,0.5251968503937008,False,8.245384468120747,0.5115780086507125,2016,0.0295587243840077,0.2310177705977383,0.4880164346039717
Western Cape,Ward 10202003,WC022,3791,0.5207069374835136,False,8.240385115516334,0.5119861825516385,2016,-0.0123931701591128,0.020182992465016,0.4824680619733623
Western Cape,Ward 10202004,WC022,4013,0.4841764266135061,False,8.297294370266917,0.5153071380852756,2016,-0.0245643891959694,0.0167215606789967,0.440236991241628
Western Cape,Ward 10202005,WC022,3361,0.6158881285331747,False,8.119993827725105,0.5033333470016694,2016,0.0441059503153529,-0.1680693069306931,0.4820396885204722
Western Cape,Ward 10202006,WC022,4157,0.4876112581188357,False,8.332548939252638,0.5149948806757002,2016,-0.0706247989499062,0.0783398184176393,0.4111242603550296
Western Cape,Ward 10202007,WC022,5540,0.5953068592057762,False,8.61974977974133,0.5052043714859784,2016,0.0502136915039128,0.3763975155279504,0.5117348173239777
Western Cape,Ward 10202008,WC022,3946,0.444500760263558,False,8.28045768658256,0.5189140168443618,2016,0.0834511238424388,0.2475497944988933,0.343995938055344
Western Cape,Ward 10202009,WC022,3272,0.3811124694376528,False,8.093156697722637,0.5246765887376259,2016,-0.0313591122447116,0.0626826891848002,0.3128385698808234
Western Cape,Ward 10202010,WC022,3959,0.5013892397069967,False,8.28374674710613,0.5137423368949583,2016,0.0460320968498538,0.2189039408866995,0.35375
Western Cape,Ward 10202011,WC022,4388,0.5419325432999088,False,8.38662882139512,0.5100565820228753,2016,-0.0150622753529409,0.1367875647668393,0.515442690459849
Western Cape,Ward 10202012,WC022,3088,0.5009715025906736,False,8.035278911144667,0.5137803129964422,2016,-0.0013175752379726,0.0098103335513406,0.3898781630740394
Western Cape,Ward 10203001,WC023,3842,0.586153045288912,False,8.253748343328501,0.6477053986751867,2016,0.0368212283995176,0.0924083025305657,0.4612446641204223
Western Cape,Ward 10203002,WC023,3868,0.7675801447776629,False,8.260492856573185,0.6416578286922283,2016,0.0148857084246188,0.1267113311972036,0.7148058252427184
Western Cape,Ward 10203003,WC023,4494,0.6497552291944815,False,8.410498452745275,0.6455853258783344,2016,0.0772985723413575,0.4700686947988224,0.5053763440860215
Western Cape,Ward 10203004,WC023,4572,0.7629046369203849,False,8.427706024914702,0.6418136789541377,2016,0.0277491232540324,0.0772855796418472,0.6754791804362195
Western Cape,Ward 10203005,WC023,3689,0.621035510978585,False,8.213110697596676,0.6465426498188642,2016,-0.07919332197336,0.4069412662090008,0.413158558104361
Western Cape,Ward 10203006,WC023,3651,0.6012051492741715,False,8.202756381655638,0.6472036618756781,2016,-0.0534250196250714,0.0631916132789749,0.4226573426573426
Western Cape,Ward 10203007,WC023,3717,0.6080172181867097,False,8.220672170297252,0.6469765929119268,2016,-0.0449151126403579,0.1178947368421052,0.4632737276478679
Western Cape,Ward 10203008,WC023,3774,0.5257021727609963,False,8.235890725928495,0.6497204277594506,2016,-0.0262001287890272,-0.1136683889149835,0.4117959617428268
Western Cape,Ward 10203009,WC023,4190,0.6501193317422435,False,8.340456012916183,0.6455731891267423,2016,-0.0427634433773738,0.2529904306220096,0.4474467030242935
Western Cape,Ward 10203010,WC023,3355,0.6238450074515648,False,8.118207049405783,0.6464489999364317,2016,0.0073686112775444,0.0351743289108299,0.5102040816326531
Western Cape,Ward 10203011,WC023,3783,0.6558287073750991,False,8.23827262463303,0.6453828766056471,2016,-0.0229192333168284,-0.1096728642033419,0.5313054499366286
Western Cape,Ward 10203012,WC023,3639,0.6493542181918109,False,8.19946419761216,0.6455986929117568,2016,-0.0450982941520752,0.0569270984606447,0.4625102993683054
Western Cape,Ward 10203013,WC023,3175,0.594015748031496,False,8.063062911326792,0.6474433085837673,2016,-0.0216817872640292,-0.2402488633644413,0.4686500319897633
Western Cape,Ward 10203014,WC023,4832,0.6206539735099338,False,8.48301573961465,0.646555367734486,2016,-0.0294400872264274,0.2985756517065305,0.4077827320632347
Western Cape,Ward 10203015,WC023,4003,0.7599300524606545,False,8.294799358992574,0.641912831769462,2016,0.0309515951986669,-0.0727356960852443,0.6560266793711291
Western Cape,Ward 10203016,WC023,4786,0.5938152946092771,False,8.47345026846832,0.6474499903645079,2016,-0.0149745537348888,0.4812751470133085,0.3483572030328559
Western Cape,Ward 10203017,WC023,3930,0.7414758269720102,False,8.276394704863307,0.6425279726190835,2016,0.091561167385437,-0.254693722738479,0.6601535240753663
Western Cape,Ward 10203018,WC023,3960,0.6409090909090909,False,8.283999304248526,0.6458801971545142,2016,0.0324967686342093,0.1729857819905214,0.4775487670224512
Western Cape,Ward 10203019,WC023,4032,0.7331349206349206,False,8.302017809751204,0.6428060028303197,2016,-0.0008171288623725,0.0394431554524361,0.6480487804878049
Western Cape,Ward 10203020,WC023,3985,0.6155583437892095,False,8.290292591224315,0.6467252220585101,2016,-0.0227330830511419,0.2072099363829143,0.4973347547974414
Western Cape,Ward 10203021,WC023,4079,0.55969600392253,False,8.313607139317558,0.6485873000540662,2016,-0.0812202323226979,-0.0839883224792275,0.4712277910368602
Western Cape,Ward 10203022,WC023,4363,0.6770570708228283,False,8.38091517312361,0.6446752644907228,2016,0.0130391915082019,0.0834368015892723,0.5008656937917388
Western Cape,Ward 10203023,WC023,2476,0.712843295638126,False,7.814399633804487,0.6434823903302129,2016,-0.0092039484563621,-0.3501312335958005,0.6184402332361516
Western Cape,Ward 10203024,WC023,3319,0.6053028020488099,False,8.107418811719974,0.6470670734498568,2016,0.0121951841528002,0.0033252720677146,0.4189927184466019
Western Cape,Ward 10203025,WC023,3477,0.6085706068449813,False,8.153925132007862,0.6469581466233177,2016,-0.0252032551227132,0.0211453744493392,0.5165016501650165
Western Cape,Ward 10203026,WC023,4700,0.6272340425531915,False,8.45531778769815,0.6463360320997108,2016,-0.0301069979092362,0.0867052023121386,0.4664128974473802
Western Cape,Ward 10203027,WC023,4032,0.6282242063492064,False,8.302017809751204,0.6463030266398436,2016,-0.0416812558356675,0.0588235294117647,0.4841389728096676
Western Cape,Ward 10203028,WC023,4105,0.6684531059683313,False,8.31996102188653,0.644962063319206,2016,0.0480461821906209,0.2465836623139994,0.5224515854437114
Western Cape,Ward 10203029,WC023,4030,0.7057071960297767,False,8.301521654940728,0.6437202603171579,2016,0.0459316496623816,0.1901949202598936,0.5791349809885932
Western Cape,Ward 10203030,WC023,4093,0.6169069142438309,False,8.317033476492403,0.6466802697100228,2016,-0.0207077646552515,0.1734518348623852,0.5151908595170086
Western Cape,Ward 10203031,WC023,4679,0.6063261380636888,False,8.450839690866216,0.6470329622493608,2016,-0.0203435993844917,0.0776140027637033,0.5392325315005727
Western Cape,Ward 10204001,WC024,4361,0.5861041045631736,False,8.380456667842767,0.6101975170538696,2016,-0.0434999470022039,0.0039134438305707,0.4407381121362668
Western Cape,Ward 10204002,WC024,4670,0.5747323340471092,False,8.448914350662942,0.6107390299355868,2016,-0.0283935381270464,0.3033770583310076,0.4488577896686561
Western Cape,Ward 10204003,WC024,3547,0.5813363405694953,False,8.173857454773621,0.6104245534345208,2016,-0.0096278801703469,0.075500303214069,0.4046242774566474
Western Cape,Ward 10204004,WC024,4481,0.6748493639812542,False,8.407601514786142,0.6059715523196753,2016,-0.0446503807864844,0.1436957631444615,0.5516547406082289
Western Cape,Ward 10204005,WC024,3509,0.6637218580792249,False,8.163086375583216,0.6065014335531052,2016,0.0137694620144835,0.1136147254839734,0.4938787697820245
Western Cape,Ward 10204006,WC024,3208,0.5819825436408977,False,8.073402968986406,0.6103937818596922,2016,-0.0137889931214878,0.0123067213632059,0.4506862432173635
Western Cape,Ward 10204007,WC024,3680,0.7081521739130435,False,8.210668031162976,0.6043857042276852,2016,0.0206521739130435,0.2994350282485876,0.5317702227432591
Western Cape,Ward 10204008,WC024,4997,0.6053632179307584,False,8.516593011344206,0.6092804164173179,2016,0.0657780587136973,0.4598305579900672,0.3326137794567368
Western Cape,Ward 10204009,WC024,3311,0.5647840531561462,False,8.105005537547246,0.6112127575970613,2016,0.0930013527342052,-0.1268459915611814,0.4038080126933756
Western Cape,Ward 10204010,WC024,4700,0.5729787234042554,False,8.45531778769815,0.6108225352042942,2016,0.051917880970558,0.2220488819552781,0.3550429669832655
Western Cape,Ward 10204011,WC024,3944,0.6643002028397565,False,8.279950715722526,0.6064738933264132,2016,0.0110682636762584,0.4996197718631179,0.5104633781763827
Western Cape,Ward 10204012,WC024,4776,0.6245812395309883,False,8.471358655072438,0.6083652725315927,2016,-0.0138439573194053,0.504251968503937,0.3529007895640233
Western Cape,Ward 10204013,WC024,2900,0.5703448275862069,False,7.9724660159745655,0.6109479588146774,2016,0.0373740594012986,-0.3428506684794924,0.3811369509043927
Western Cape,Ward 10204014,WC024,4023,0.2831220482227193,False,8.299783171949787,0.6246252340224626,2016,-0.3667420486391536,-0.005930318754633,0.373229115779189
Western Cape,Ward 10204015,WC024,4621,0.5371131789655919,False,8.438366410870266,0.612530418272802,2016,-0.0679328007561719,0.0896015090780475,0.3461920859017697
Western Cape,Ward 10204016,WC024,4876,0.5572190319934373,False,8.492080490601163,0.6115729967000474,2016,-0.0697867203529145,0.4762337269149257,0.4288830715532286
Western Cape,Ward 10204017,WC024,4910,0.6928716904276986,False,8.499029220788566,0.605113346298416,2016,-0.0276332039566393,0.2648119526017516,0.5580374950139609
Western Cape,Ward 10204018,WC024,4940,0.6495951417004049,False,8.505120610181969,0.6071741343330489,2016,-0.033652428339618,0.4122355631789594,0.4072214713265109
Western Cape,Ward 10204019,WC024,3498,0.6143510577472842,False,8.159946655578548,0.6088524240451024,2016,0.0579341757490068,0.0043066322136089,0.4816380449141347
Western Cape,Ward 10204020,WC024,4024,0.5775347912524851,False,8.300031711779575,0.6106055795924737,2016,-0.0413526602352251,0.0411384217335057,0.5111331024245424
Western Cape,Ward 10204021,WC024,4523,0.7612204289188592,False,8.416930769477844,0.6018586444655035,2016,0.014756591182003,0.207099012543368,0.6677432377876463
Western Cape,Ward 10204022,WC024,4382,0.7539936102236422,False,8.385260520155413,0.6022027786890853,2016,0.0188874992545805,0.1204295576578879,0.6715675186609364
Western Cape,Ward 10205001,WC025,3710,0.5536388140161725,False,8.21878715560148,0.6057611170021855,2016,-0.1163200337204529,0.0178326474622771,0.5709415158667716
Western Cape,Ward 10205002,WC025,4075,0.4937423312883435,False,8.312626025674962,0.608755941138577,2016,-0.1050662675202553,0.0554260554260555,0.3612935826174835
Western Cape,Ward 10205003,WC025,4176,0.5567528735632183,False,8.337109129562474,0.6056054140248333,2016,-0.0469199144167482,0.3943238731218697,0.4176359210170408
Western Cape,Ward 10205004,WC025,3528,0.5986394557823129,False,8.168486417126681,0.6035110849138785,2016,0.0045087802562885,-0.0232558139534884,0.4678751720972923
Western Cape,Ward 10205005,WC025,3712,0.6392780172413793,False,8.21932609390609,0.6014791568409252,2016,-0.0321861399686953,0.0274010517575422,0.4779468661336085
Western Cape,Ward 10205006,WC025,3449,0.732096259785445,False,8.145839612936841,0.5968382447137219,2016,0.0508965071571209,0.0664811379097094,0.6578120536989431
Western Cape,Ward 10205007,WC025,3339,0.7367475292003594,False,8.113426639943654,0.5966056812429762,2016,-0.000602670533329,0.1115179760319573,0.6573065902578796
Western Cape,Ward 10205008,WC025,1899,0.6392838335966298,False,7.549082710812286,0.6014788660231627,2016,0.0167291730672857,-0.4536823935558113,0.4234060171128899
Western Cape,Ward 10205009,WC025,5320,0.575,False,8.57922858233569,0.6046930577029942,2016,-0.016217211906867,0.5679339817270852,0.4607645875251509
Western Cape,Ward 10205010,WC025,3876,0.5874613003095975,False,8.262558973010657,0.6040699926875143,2016,-0.0227770528865021,0.0498374864572048,0.4635696821515892
Western Cape,Ward 10205011,WC025,3069,0.5930270446399478,False,8.029107054619736,0.6037917054709967,2016,0.0378451430807915,-0.0617548150412717,0.4711087975013014
Western Cape,Ward 10205012,WC025,3743,0.6265028052364413,False,8.22764270790443,0.602117917441172,2016,0.0660273223241084,0.112332838038633,0.4834822356118844
Western Cape,Ward 10205013,WC025,4007,0.5952083853256801,False,8.295798110636145,0.6036826384367101,2016,0.0040265434263845,0.0453952517610227,0.4485199485199485
Western Cape,Ward 10205014,WC025,3330,0.6207207207207207,False,8.110727582974489,0.6024070216669581,2016,0.0017207207207207,0.1100000000000001,0.4969933854479855
Western Cape,Ward 10205015,WC025,3593,0.7280823824102421,False,8.186742787113518,0.597038938582482,2016,0.04603110035896,0.0838612368024132,0.6664795058955643
Western Cape,Ward 10205016,WC025,3273,0.5762297586312252,False,8.09346227450118,0.6046315697714328,2016,-0.0395784694219008,0.0602526724975704,0.3567700337734111
Western Cape,Ward 10205017,WC025,3094,0.5943762120232708,False,8.037220031133012,0.6037242471018306,2016,-0.0941866422614907,0.031677225741914,0.4081911262798635
Western Cape,Ward 10205018,WC025,4132,0.5687318489835431,False,8.326516830239528,0.605006465253817,2016,-0.0513297929329601,0.1577472681423368,0.4210399032648125
Western Cape,Ward 10205019,WC025,3848,0.5239085239085239,False,8.255308811785596,0.6072476315075679,2016,0.0208748780177352,0.0612244897959184,0.390975412050797
Western Cape,Ward 10205020,WC025,3446,0.589959373186303,False,8.144969417087875,0.6039450890436789,2016,0.0058963259008388,0.005837711617046,0.4978063761333723
Western Cape,Ward 10205021,WC025,4864,0.5394736842105263,False,8.489616423646003,0.6064693734924679,2016,-0.0757102448267812,0.2689799112966344,0.4276595744680851
Western Cape,Ward 10206001,WC026,3398,0.6427310182460271,False,8.130942302231878,0.5842755251288486,2016,-0.0015899265264633,0.1802709274053491,0.5776379754074922
Western Cape,Ward 10206002,WC026,4757,0.7029640529745638,False,8.467372496432281,0.5787997946989816,2016,-0.0155823129402231,0.1922305764411027,0.4130030959752322
Western Cape,Ward 10206003,WC026,3843,0.565703877179287,False,8.254008590564844,0.5912779924985522,2016,-0.0384108360376705,0.1979426433915212,0.4506765067650676
Western Cape,Ward 10206004,WC026,3408,0.5745305164319249,False,8.133880887949207,0.5904755707483124,2016,-0.0401744378123162,0.0754181129693909,0.4239034442154842
Western Cape,Ward 10206005,WC026,3291,0.5858401701610453,False,8.098946748943339,0.5894474204093014,2016,-0.0593434750225999,0.1403326403326403,0.4305266289794704
Western Cape,Ward 10206006,WC026,3589,0.5544719977709669,False,8.185628891147607,0.5922990724447632,2016,-0.0085306831941806,0.2027479892761394,0.4076987917954481
Western Cape,Ward 10206007,WC026,4082,0.6024007839294464,False,8.31434234336979,0.5879419100667196,2016,0.0093742846267964,0.1386331938633194,0.5170552147239263
Western Cape,Ward 10206008,WC026,3488,0.5711009174311926,False,8.15708378502887,0.5907873524756517,2016,-0.0377970180151581,0.0142483280023262,0.450717119316448
Western Cape,Ward 10206009,WC026,3553,0.5786659161272164,False,8.175547596021026,0.5900996253214678,2016,-0.0127286520754079,0.0842233750381447,0.4972847168347556
Western Cape,Ward 10206010,WC026,3080,0.5594155844155844,False,8.03268487596762,0.5918496554770706,2016,-0.0817501715042698,0.122040072859745,0.5519036771884153
Western Cape,Ward 10206011,WC026,2659,0.6220383602858217,False,7.88570539124302,0.5861566758525036,2016,-0.050635570979895,0.11441743503772,0.5333990633473009
Western Cape,Ward 10206012,WC026,4142,0.5098985997102848,False,8.328934041955529,0.5963511995411888,2016,-0.0167984756854758,0.1113496109471425,0.3943491910166626
Western Cape,Ward 10301001,WC031,4447,0.6550483472003598,False,8.399984990510696,0.5764933386827265,2016,-0.0296965760289616,0.1012877662209015,0.5294246815985947
Western Cape,Ward 10301002,WC031,4386,0.5574555403556771,False,8.386172928977834,0.5846260725864499,2016,-0.0157967392795812,0.3331306990881459,0.4315276932440657
Western Cape,Ward 10301003,WC031,4144,0.6163127413127413,False,8.329416783939319,0.579721305840028,2016,-0.0426194506223792,-0.0664564091011489,0.4146905725853094
Western Cape,Ward 10301004,WC031,4990,0.6557114228456914,False,8.515191188745565,0.5764380823789489,2016,0.0287179201876878,0.4737152982870645,0.5573183213920164
Western Cape,Ward 10301005,WC031,4177,0.6107254010055063,False,8.337348564497175,0.5801869175322976,2016,-0.0212793937202953,0.2517231045849566,0.4841116995666827
Western Cape,Ward 10301006,WC031,4453,0.5690545699528408,False,8.401333305321703,0.5836594867866863,2016,-0.0139358278523719,0.221673525377229,0.4033264033264033
Western Cape,Ward 10301007,WC031,3893,0.5884921654251221,False,8.266935347610456,0.5820396871639962,2016,-0.0493124241182892,-0.0790158504849775,0.4906419802777219
Western Cape,Ward 10301008,WC031,4516,0.5717449069973428,False,8.415381925269553,0.5834352920329778,2016,-0.0394936251127489,0.2947247706422018,0.4106718513717866
Western Cape,Ward 10301009,WC031,3079,0.4689834361805781,False,8.0323601479245,0.5919987479343749,2016,-0.028899201447976,-0.0686630369026013,0.3811265544989027
Western Cape,Ward 10301010,WC031,3213,0.4721444133208839,False,8.074960359115858,0.5917353331726828,2016,-0.0158150290111819,0.018060836501901,0.3874966316356777
Western Cape,Ward 10301011,WC031,3627,0.539840088227185,False,8.196161139282902,0.586094026930491,2016,0.0299063133927478,-0.0761589403973509,0.4440636968353154
Western Cape,Ward 10301012,WC031,3651,0.5516296904957546,False,8.202756381655638,0.5851115600747768,2016,-0.0170261611844307,0.0576477404403243,0.3325661680092059
Western Cape,Ward 10301013,WC031,4360,0.7158256880733945,False,8.38022733634308,0.5714285602766402,2016,0.084067396387797,-0.0095411176737846,0.4093637454981992
Western Cape,Ward 10302001,WC032,4111,0.7433714424714182,False,8.321421586897879,0.6686452425505641,2016,0.0309049545357613,-0.0815460232350312,0.5195476575121163
Western Cape,Ward 10302002,WC032,4750,0.636,False,8.465899897028686,0.6775928627565156,2016,-0.1085887445887445,0.468769325912183,0.5226089339545081
Western Cape,Ward 10302003,WC032,3920,0.7413265306122448,False,8.273846932784508,0.6688156518721619,2016,0.0178338071195213,0.1642411642411643,0.7058686539357243
Western Cape,Ward 10302004,WC032,3788,0.6623548046462513,False,8.239593454305968,0.6753966290359946,2016,-0.0416207305219443,0.1584097859327218,0.5553036029226506
Western Cape,Ward 10302005,WC032,5611,0.5405453573338086,False,8.632484235750972,0.6855474163120315,2016,-0.0907593529621481,0.169445602334306,0.371233780514625
Western Cape,Ward 10302006,WC032,3325,0.6240601503759399,False,8.109224953089955,0.6785878502251873,2016,-0.1302683475183044,0.555919513336453,0.4993617021276595
Western Cape,Ward 10302007,WC032,3794,0.7432788613600422,False,8.24117615049496,0.6686529576431787,2016,0.0237275793087601,0.2160256410256409,0.6853146853146853
Western Cape,Ward 10302008,WC032,4303,0.6428073437136881,False,8.3670677328386,0.6770255841137082,2016,-0.0090864980796641,0.1087348621489305,0.5781505728314239
Western Cape,Ward 10302009,WC032,3443,0.7354051699099623,False,8.144098463338524,0.6693090985973521,2016,0.050596351446304,0.1860144677919393,0.595257972950409
Western Cape,Ward 10302010,WC032,4673,0.6740851701262572,False,8.449556542700426,0.6744190985793274,2016,-0.0366003137447105,0.177671370967742,0.6962816716025009
Western Cape,Ward 10302011,WC032,4507,0.6398934990015531,False,8.413387022690648,0.677268404506386,2016,0.0253023040329997,0.1338364779874215,0.7047960308710033
Western Cape,Ward 10302012,WC032,2998,0.5810540360240161,False,8.005700678662542,0.6821716930878475,2016,-0.0756171230056335,0.0101078167115902,0.4808345463367297
Western Cape,Ward 10302013,WC032,4161,0.8029319875030041,False,8.333510708982942,0.6636818637979319,2016,0.0244252708519575,0.2999062792877225,0.7219704433497537
Western Cape,Ward 10303001,WC033,3752,0.6633795309168443,False,8.230044310126114,0.6719929086902233,2016,-0.0486407672119219,0.189977798921662,0.589481555333998
Western Cape,Ward 10303002,WC033,3154,0.6518706404565631,False,8.056426767522984,0.6748701313052936,2016,-0.072336275805226,-0.0985995998856816,0.5706695005313497
Western Cape,Ward 10303003,WC033,3760,0.597872340425532,False,8.23217423638394,0.6883697063130514,2016,-0.0736308516812584,0.0911201392919327,0.4039160839160839
Western Cape,Ward 10303004,WC033,3425,0.7004379562043795,False,8.138856750696325,0.6627283023683395,2016,0.0046421604085837,0.0285285285285286,0.6288124594419209
Western Cape,Ward 10303005,WC033,3440,0.7377906976744186,False,8.143226750367445,0.6533901170008297,2016,-0.0257678180249153,-0.1817316841103711,0.6459844211657265
Western Cape,Ward 10304001,WC034,3163,0.6063863420803035,False,8.059276223305648,0.6846989203346177,2016,-0.0971208786682965,-0.0677866195107574,0.595352016404648
Western Cape,Ward 10304002,WC034,3181,0.7312165985539139,False,8.064950891749143,0.653491356216215,2016,0.0047505491711977,0.2272376543209877,0.6881337352699369
Western Cape,Ward 10304003,WC034,3623,0.6643665470604472,False,8.195057690895077,0.6702038690895817,2016,0.0377441504410689,0.0935707817687896,0.6312646065956894
Western Cape,Ward 10304004,WC034,2968,0.7358490566037735,False,7.995643604287271,0.6523332417037501,2016,0.0121314334448096,0.5073641442356527,0.6158815612382235
Western Cape,Ward 10304005,WC034,4047,0.6073634791203361,False,8.305731144875866,0.6844546360746094,2016,-0.0096119624996553,-0.1281775096940973,0.4452436194895591
Western Cape,Ward 10401001,WC041,3625,0.728,False,8.195609567288775,0.6949912324075663,2016,0.0256578713311591,0.0747109398161873,0.5826901874310915
Western Cape,Ward 10401002,WC041,4689,0.7067605033056089,False,8.452974619089586,0.7020710646390301,2016,-0.0331524139657989,0.3611030478955006,0.6544405997693195
Western Cape,Ward 10401003,WC041,3021,0.6726249586229726,False,8.013343181386672,0.7134495795332422,2016,-0.0562067669933189,0.0793140407288317,0.6289871292669278
Western Cape,Ward 10401004,WC041,3400,0.7055882352941176,False,8.131530710604252,0.7024618206428604,2016,0.0311428305116342,-0.020455200230481,0.5570588235294117
Western Cape,Ward 10402001,WC042,2816,0.7404119318181818,False,7.943072717277933,0.7148214578842085,2016,-0.0123566174619954,-0.220376522702104,0.6681332495285983
Western Cape,Ward 10402002,WC042,4113,0.6107464138098712,False,8.321907968230423,0.7333451033139671,2016,-0.0742145762358647,0.1065375302663438,0.5485743123896039
Western Cape,Ward 10402003,WC042,3944,0.7543103448275862,False,8.279950715722526,0.7128359703114364,2016,0.0216338259441707,0.2952380952380953,0.7362428842504743
Western Cape,Ward 10402004,WC042,3389,0.7356152257303039,False,8.128290171607052,0.7155067016110481,2016,0.0063334577745027,-0.108392528282031,0.6197101449275362
Western Cape,Ward 10402005,WC042,2750,0.7498181818181818,False,7.919356190660617,0.7134777078842084,2016,-0.0028055063377402,-0.1754122938530734,0.6440030557677616
Western Cape,Ward 10402006,WC042,3593,0.6685221263568049,False,8.186742787113518,0.7250914300929766,2016,-0.0733049436095868,0.0977696303085853,0.607871720116618
Western Cape,Ward 10402007,WC042,4020,0.7256218905472637,False,8.299037181613066,0.716934320922911,2016,0.0114245506153118,0.2434271574389113,0.6470923603192702
Western Cape,Ward 10402008,WC042,3620,0.7591160220994475,False,8.194229304819817,0.7121494449868848,2016,-0.0211003612081258,0.1190108191653787,0.6316793893129771
Western Cape,Ward 10403001,WC043,4282,0.6221391872956562,False,8.362175469149628,0.6473270644395672,2016,-0.0257437516831732,0.3331257783312578,0.3726894639556377
Western Cape,Ward 10403002,WC043,4088,0.49779843444227,False,8.31581113188354,0.6568917377359816,2016,-0.0369992534190016,-0.0547976878612717,0.3168996811380917
Western Cape,Ward 10403003,WC043,4984,0.5038121990369181,False,8.51398806046729,0.6564291404594702,2016,-0.0802819864508281,0.1975012013455068,0.3549618320610687
Western Cape,Ward 10403004,WC043,4221,0.7434257285003554,False,8.347827345782498,0.6379973305007443,2016,-0.0035941390493134,0.8635761589403974,0.7959519887032243
Western Cape,Ward 10403005,WC043,4172,0.7372962607861937,False,8.336150816120663,0.6384688280172183,2016,0.0322400810109128,-0.0985306828003457,0.6547934052513739
Western Cape,Ward 10403006,WC043,4511,0.7311017512746619,False,8.414274137408396,0.6389453287488744,2016,0.0428166961605885,0.156370161497052,0.6746666666666666
Western Cape,Ward 10403007,WC043,3879,0.6875483372003094,False,8.263332667439967,0.6422955913699785,2016,-0.0008468688797841,0.1338789827535809,0.5834036093776354
Western Cape,Ward 10403008,WC043,2998,0.7041360907271514,False,8.005700678662542,0.6410196103294522,2016,0.0405949986146307,-0.1731936017650303,0.6927835051546392
Western Cape,Ward 10403009,WC043,6166,0.5236782354849173,False,8.726805608446096,0.6549009838096241,2016,-0.1310746162261092,0.5629911280101394,0.4887287938647455
Western Cape,Ward 10403010,WC043,4369,0.7182421606775006,False,8.382289428951436,0.6399345280255793,2016,0.0104622745294929,0.1843317972350231,0.7626530612244898
Western Cape,Ward 10403011,WC043,4567,0.6803153054521568,False,8.426611813185,0.6428519784275288,2016,0.018031399925008,0.1120038957876796,0.6652202213061401
Western Cape,Ward 10403012,WC043,2208,0.6811594202898551,False,7.699842407396986,0.6427870465169365,2016,0.0482922874227221,-0.4061323292092522,0.4716721672167216
Western Cape,Ward 10403013,WC043,4112,0.626215953307393,False,8.321664807135,0.6470134670540492,2016,-0.0149642497382922,0.3045685279187817,0.4467063129002744
Western Cape,Ward 10403014,WC043,4713,0.5805219605346913,False,8.45807992692373,0.6505283895750261,2016,-0.018727100791967,0.1797246558197747,0.4733231707317073
Western Cape,Ward 10404001,WC044,3132,0.6133461047254151,False,8.049427057110695,0.6002547464706979,2016,-0.0200512081344698,-0.2485604606525912,0.4868421052631579
Western Cape,Ward 10404002,WC044,3432,0.6995920745920746,False,8.140898460607852,0.5966611643929205,2016,0.0304660814025172,-0.0261066969353007,0.6521239954075775
Western Cape,Ward 10404003,WC044,3362,0.7682926829268293,False,8.120291313968561,0.593798639045639,2016,0.0404385095977598,0.0751519027822193,0.7161214953271028
Western Cape,Ward 10404004,WC044,4079,0.6984555037999509,False,8.313607139317558,0.596708521509259,2016,0.0304067865156804,0.0570095879761596,0.6598258706467661
Western Cape,Ward 10404005,WC044,4677,0.63566388710712,False,8.450412157725886,0.5993248388714603,2016,-0.0015088877619899,0.2243455497382198,0.5523124357656731
Western Cape,Ward 10404006,WC044,3921,0.5646518745218057,False,8.27410200229233,0.6022836727291817,2016,-0.0824372547929805,0.0100463678516229,0.4782928623988227
Western Cape,Ward 10404007,WC044,3824,0.560407949790795,False,8.249052274171293,0.6024605029263072,2016,-0.0145231796857889,0.0534435261707988,0.4285352255448555
Western Cape,Ward 10404008,WC044,3630,0.5484848484848485,False,8.196987927258897,0.6029572988140549,2016,-0.0635495354693063,0.0401146131805156,0.4846660934365147
Western Cape,Ward 10404009,WC044,3811,0.5423773287850958,False,8.24564690087386,0.6032117788015446,2016,-0.079814452036822,0.0441095890410958,0.3646843070474194
Western Cape,Ward 10404010,WC044,2735,0.4928702010968921,False,7.913886714856082,0.605274575788553,2016,-0.0466554906027126,-0.0991436100131751,0.3246650906225374
Western Cape,Ward 10404011,WC044,4227,0.6039744499645139,False,8.34924780056679,0.6006452320857355,2016,-0.010720021422489,0.0249757516973812,0.4672594987873888
Western Cape,Ward 10404012,WC044,2518,0.5246227164416203,False,7.831220214604293,0.6039515543158561,2016,-0.0899790534698841,0.1141592920353982,0.3693435309114085
Western Cape,Ward 10404013,WC044,3990,0.5817042606516291,False,8.29154650988391,0.6015731566404391,2016,-0.1003299598806903,0.8963878326996197,0.4393078512396694
Western Cape,Ward 10404014,WC044,3325,0.5566917293233082,False,8.109224953089955,0.6026153454457858,2016,0.0139008355627685,-0.299114671163575,0.4777270131353512
Western Cape,Ward 10404015,WC044,4965,0.5083585095669688,False,8.510168576479273,0.6046292296022998,2016,-0.0705690539325608,-0.0658513640639698,0.333913421796824
Western Cape,Ward 10404016,WC044,3860,0.5494818652849741,False,8.258422462458876,0.6029157564473829,2016,-0.0209879333727439,0.1775472849298351,0.480483907783611
Western Cape,Ward 10404017,WC044,4102,0.5592393954168698,False,8.319229938632326,0.6025091926918873,2016,-0.0651448410363321,0.0103448275862068,0.503582395087001
Western Cape,Ward 10404018,WC044,3423,0.7458369851007888,False,8.138272638530186,0.594734293121724,2016,0.0485775842085006,0.0908221797323136,0.717424473603906
Western Cape,Ward 10404019,WC044,5360,0.6973880597014925,False,8.586719254064848,0.5967529983466947,2016,0.0188313586705647,0.1051546391752578,0.642288410498378
Western Cape,Ward 10404020,WC044,3748,0.5635005336179295,False,8.228977643358313,0.6023316452668431,2016,0.0109581607365736,-0.0226857887874837,0.4716180371352785
Western Cape,Ward 10404021,WC044,4516,0.5124003542958371,False,8.415381925269553,0.6044608194052637,2016,-0.1316042354918852,0.2954675846242112,0.3530431015811133
Western Cape,Ward 10404022,WC044,4070,0.6245700245700245,False,8.311398278436641,0.5997870831438392,2016,0.0040007442263081,0.0929108485499463,0.5653683949392211
Western Cape,Ward 10404023,WC044,3568,0.655829596412556,False,8.1797604936999,0.5984846009837338,2016,0.04429840548628,0.1241335853812224,0.5713353632013919
Western Cape,Ward 10404024,WC044,3174,0.5343415248897291,False,8.062747901086354,0.6035466039638515,2016,-0.07825008070654,0.0572951365756162,0.4181560283687943
Western Cape,Ward 10404025,WC044,3859,0.6773775589530967,False,8.258163361537619,0.5975867692112112,2016,0.0284766254993177,0.1619993977717555,0.5731101229400994
Western Cape,Ward 10405001,WC045,5134,0.3091156992598364,False,8.543640361431086,0.5751760374199478,2016,-0.1981430539425547,0.096071733561059,0.1360505166475315
Western Cape,Ward 10405002,WC045,4616,0.6425476603119584,False,8.437283808187935,0.5473900406656044,2016,-0.0462033969195048,0.3013814491119255,0.5872442839951865
Western Cape,Ward 10405003,WC045,3862,0.5950284826514759,False,8.258940462988459,0.5513499721373112,2016,-0.0001001938191123,-0.1125919117647058,0.4083921143063845
Western Cape,Ward 10405004,WC045,3366,0.482174688057041,False,8.121480374750751,0.5607544550201807,2016,-0.0397726383595591,-0.1045490822027135,0.5275619681834998
Western Cape,Ward 10405005,WC045,3479,0.5616556481747629,False,8.154500175151941,0.5541310416770373,2016,-0.0668197566526126,0.0629391995111519,0.4469531439669822
Western Cape,Ward 10405006,WC045,4622,0.5934660320207702,False,8.438582790834326,0.5514801763565367,2016,-0.0140558876838906,0.0664513151822796,0.3986069651741293
Western Cape,Ward 10405007,WC045,4089,0.6299828808999756,False,8.316055720364643,0.548437105616603,2016,-0.0090171191000244,0.0222500000000001,0.5228607918263091
Western Cape,Ward 10405008,WC045,4271,0.5247014750643877,False,8.359603270841466,0.5572105561029019,2016,-0.0976114501056802,0.1621768707482993,0.4028695058073331
Western Cape,Ward 10405009,WC045,3385,0.6011816838995568,False,8.127109185346375,0.5508372053666378,2016,-0.1156124254179169,-0.0413480600396488,0.4583734359961501
Western Cape,Ward 10405010,WC045,3784,0.6104651162790697,False,8.238536930171769,0.5500635860016784,2016,-0.0775048085329603,0.0942741469057257,0.4881266490765171
Western Cape,Ward 10405011,WC045,4493,0.5610950367237926,False,8.41027590907016,0.5541777592979514,2016,-0.0899230628237187,0.2706447963800904,0.5757575757575758
Western Cape,Ward 10405012,WC045,3548,0.5028184892897407,False,8.17413934342947,0.5590341382507892,2016,-0.173393981841899,0.6387990762124711,0.352873231302339
Western Cape,Ward 10405013,WC045,3794,0.5969952556668424,False,8.24117615049496,0.5511860743860307,2016,0.0043593702197354,0.108708357685564,0.4614583333333333
Western Cape,Ward 10407001,WC047,2995,0.7185308848080133,False,8.00469951054955,0.667288698117631,2016,-0.0247479765520288,-0.2105956773853452,0.6738373284163082
Western Cape,Ward 10407002,WC047,5185,0.7677917068466731,False,8.553525120663627,0.6590785611111877,2016,0.0199852390602603,0.299824517422913,0.7382645803698435
Western Cape,Ward 10407003,WC047,2772,0.5732323232323232,False,7.927324360309794,0.6915051250469126,2016,-0.1057869021786548,-0.2276400111451657,0.5873054474708171
Western Cape,Ward 10407004,WC047,3597,0.6755629691409508,False,8.187855443695623,0.6744500173954747,2016,-0.0172131172138789,-0.0044284528092997,0.6584429824561403
Western Cape,Ward 10407005,WC047,4285,0.66487747957993,False,8.36287583103188,0.6762309323223116,2016,-0.1054825344011954,0.4977280671094022,0.6139150943396227
Western Cape,Ward 10407006,WC047,4302,0.6262203626220363,False,8.366835309827675,0.6826737851486272,2016,0.0664048538298771,0.2401268377053906,0.5996089506843363
Western Cape,Ward 10407007,WC047,4731,0.6960473472838723,False,8.461891875631148,0.6710359543716545,2016,-0.0501275161041058,0.292622950819672,0.6026631158455393
Western Cape,Ward 10408001,WC048,3599,0.6860238955265352,False,8.188411308079031,0.6327458798900353,2016,-0.0532348778417822,0.1803870121351263,0.639269406392694
Western Cape,Ward 10408002,WC048,3652,0.6489594742606791,False,8.20303024171486,0.6368641489195749,2016,-0.0004978446011572,0.0712819008506893,0.5898427429749935
Western Cape,Ward 10408003,WC048,3591,0.5976051239209134,False,8.186185994226083,0.6425701878462156,2016,0.0162237425395319,0.0783783783783784,0.4823529411764706
Western Cape,Ward 10408004,WC048,4170,0.6299760191846523,False,8.335671314792847,0.6389734217058001,2016,-0.0732539136583282,0.3335465302206588,0.5245901639344263
Western Cape,Ward 10408005,WC048,3752,0.6545842217484008,False,8.230044310126114,0.6362391769764947,2016,-0.0329893942704448,0.104829210836278,0.6110047846889952
Western Cape,Ward 10408006,WC048,4213,0.5494896748160456,False,8.345930261979017,0.6479163488578674,2016,-0.125876178842491,0.0275609756097561,0.4798274549606698
Western Cape,Ward 10408007,WC048,3235,0.6136012364760433,False,8.081784206935001,0.6407928420067566,2016,0.083715220351495,-0.1006394217403391,0.4623506529591553
Western Cape,Ward 10408008,WC048,3923,0.6166199337241907,False,8.274611946209552,0.640457431201407,2016,-0.0439605006405988,-0.2460119162021911,0.5338256312529777
Western Cape,Ward 10408009,WC048,3028,0.7060766182298547,False,8.01565761455734,0.6305177995896665,2016,0.0059970637350257,-0.1970299655263855,0.6419789227166276
Western Cape,Ward 10408010,WC048,3892,0.6778006166495375,False,8.266678443305896,0.633659577543035,2016,0.0040692733659554,0.1617910447761195,0.5968765251342119
Western Cape,Ward 10501001,WC051,1242,0.750402576489533,False,7.124478262493424,0.6728091726932505,2016,-0.0837981670048907,-0.0765799256505576,0.6865284974093264
Western Cape,Ward 10501002,WC051,961,0.7096774193548387,False,6.8679744089702925,0.6863842250714821,2016,0.2008278618327148,-0.1495575221238938,0.6360759493670886
Western Cape,Ward 10501003,WC051,730,0.5342465753424658,False,6.593044534142437,0.7448611730756064,2016,-0.3607534246575342,2.65,0.6550179211469535
Western Cape,Ward 10501004,WC051,1561,0.7745035233824471,False,7.353081920515432,0.6647755237289459,2016,-0.0756659681429766,0.0583050847457626,0.7118863049095607
Western Cape,Ward 10502001,WC052,1939,0.6848891181021145,False,7.569927655242652,0.7919685469476173,2016,-0.0798870013008705,0.1576119402985074,0.6582716049382716
Western Cape,Ward 10502002,WC052,1222,0.8502454991816694,False,7.108244139731541,0.7368497532544324,2016,0.0575945805464988,-0.1981627296587926,0.7761194029850746
Western Cape,Ward 10502003,WC052,1789,0.7797652319731694,False,7.489412083508719,0.7603431756572657,2016,0.0054381098199602,0.2346445824706693,0.7211267605633803
Western Cape,Ward 10502004,WC052,2436,0.7458949096880131,False,7.798112628829788,0.771633283085651,2016,-0.1253251111670442,0.2700729927007299,0.6776735459662289
Western Cape,Ward 10503001,WC053,3762,0.654173312068049,False,8.232706009860976,0.6041475325367353,2016,-0.0144893625826496,0.0727117194183062,0.5684913217623498
Western Cape,Ward 10503002,WC053,3467,0.6509950966253245,False,8.151044945685024,0.6046772351105226,2016,-0.0159939427041403,0.117666021921341,0.560778859527121
Western Cape,Ward 10503003,WC053,4129,0.5938483894405425,False,8.32579052588609,0.6142016863079863,2016,-0.0708508798118464,0.1604834176503653,0.5738623103850642
Western Cape,Ward 10503004,WC053,3172,0.6346153846153846,False,8.06211758275474,0.6074071871121792,2016,-0.0701229463605701,0.1216407355021216,0.6505818904342889
Western Cape,Ward 10503005,WC053,3881,0.6181396547281628,False,8.263848131368906,0.6101531420933829,2016,-0.0425520897807996,-0.0201969199697046,0.5705639614855571
Western Cape,Ward 10503006,WC053,3433,0.5779201864258666,False,8.141189793457691,0.6168563868104323,2016,-0.074374667537972,0.1936717663421419,0.5680491551459294
Western Cape,Ward 10503007,WC053,4183,0.5493664833851303,False,8.338783971442199,0.6216153373172216,2016,-0.1049048733987892,0.0510050251256282,0.5380165289256198
