Province,Ward,MunicipalityCode,Turnout_2021,Predicted_Turnout_2026
Eastern Cape,Ward 29200001,BUF,0.4004588591093961,0.27258608
Eastern Cape,Ward 29200002,BUF,0.4416721097322011,0.33227053
Eastern Cape,Ward 29200003,BUF,0.3385202288926814,0.23836836
Eastern Cape,Ward 29200004,BUF,0.4914763589578643,0.3904335
Eastern Cape,Ward 29200005,BUF,0.4038021071919377,0.21951362
Eastern Cape,Ward 29200006,BUF,0.4326311853421413,0.3291077
Eastern Cape,Ward 29200007,BUF,0.4702388986367931,0.39245126
Eastern Cape,Ward 29200008,BUF,0.4256541161455009,0.31825525
Eastern Cape,Ward 29200009,BUF,0.385095281306715,0.18661162
Eastern Cape,Ward 29200010,BUF,0.4118570867687475,0.23166737
Eastern Cape,Ward 29200011,BUF,0.4210369930173823,0.29763326
Eastern Cape,Ward 29200012,BUF,0.4049554781262098,0.22878708
Eastern Cape,Ward 29200013,BUF,0.4258757062146893,0.32094058
Eastern Cape,Ward 29200014,BUF,0.4495620231703871,0.4173112
Eastern Cape,Ward 29200015,BUF,0.488196218702095,0.38782692
Eastern Cape,Ward 29200016,BUF,0.4618898459932132,0.37663925
Eastern Cape,Ward 29200017,BUF,0.4308285163776493,0.2977734
Eastern Cape,Ward 29200018,BUF,0.5960289251133717,0.4447508
Eastern Cape,Ward 29200019,BUF,0.4354066985645933,0.30468225
Eastern Cape,Ward 29200020,BUF,0.4495458504417071,0.41009596
Eastern Cape,Ward 29200021,BUF,0.4324285092175932,0.31435248
Eastern Cape,Ward 29200022,BUF,0.4467548076923077,0.41009596
Eastern Cape,Ward 29200023,BUF,0.4852134509897448,0.4158563
Eastern Cape,Ward 29200024,BUF,0.4550394617673696,0.37236315
Eastern Cape,Ward 29200025,BUF,0.465486482777549,0.39378002
Eastern Cape,Ward 29200026,BUF,0.4207636635887197,0.30994496
Eastern Cape,Ward 29200027,BUF,0.4713183899734876,0.380353
Eastern Cape,Ward 29200028,BUF,0.561078167115903,0.4207181
Eastern Cape,Ward 29200029,BUF,0.5372463570747651,0.4134468
Eastern Cape,Ward 29200030,BUF,0.4085798493614234,0.23829584
Eastern Cape,Ward 29200031,BUF,0.5119073869900772,0.43480802
Eastern Cape,Ward 29200032,BUF,0.5324553151458138,0.43747142
Eastern Cape,Ward 29200033,BUF,0.4887480600103466,0.41374382
Eastern Cape,Ward 29200034,BUF,0.4844455594581033,0.41924992
Eastern Cape,Ward 29200035,BUF,0.4891873435010243,0.38789353
Eastern Cape,Ward 29200036,BUF,0.3661383285302593,0.13627507
Eastern Cape,Ward 29200037,BUF,0.4013046901360926,0.26226327
Eastern Cape,Ward 29200038,BUF,0.4175479827653741,0.21550071
Eastern Cape,Ward 29200039,BUF,0.4595364977072748,0.3923747
Eastern Cape,Ward 29200040,BUF,0.5270334928229665,0.4195237
Eastern Cape,Ward 29200041,BUF,0.3940671585604577,0.2578209
Eastern Cape,Ward 29200042,BUF,0.4399416909620991,0.35137057
Eastern Cape,Ward 29200043,BUF,0.4464562239428231,0.37943995
Eastern Cape,Ward 29200044,BUF,0.5459317585301837,0.42622545
Eastern Cape,Ward 29200045,BUF,0.4503341261751047,0.4260479
Eastern Cape,Ward 29200046,BUF,0.4296754250386398,0.32945493
Eastern Cape,Ward 29200047,BUF,0.2248291571753986,0.17695366
Eastern Cape,Ward 29200048,BUF,0.4075739988392339,0.23398164
Eastern Cape,Ward 29200049,BUF,0.4923258559622196,0.3912462
Eastern Cape,Ward 29200050,BUF,0.5637556375563756,0.42344576
Eastern Cape,Ward 21001001,EC101,0.5668715247292947,0.47487804
Eastern Cape,Ward 21001002,EC101,0.5543816034804226,0.46627778
Eastern Cape,Ward 21001003,EC101,0.2851764705882353,0.4123728
Eastern Cape,Ward 21001004,EC101,0.4335148990708106,0.34234154
Eastern Cape,Ward 21001005,EC101,0.3917835671342685,0.33416602
Eastern Cape,Ward 21001006,EC101,0.4404978749241044,0.37499765
Eastern Cape,Ward 21001007,EC101,0.516532618409294,0.45167696
Eastern Cape,Ward 21001008,EC101,0.5546734031035727,0.4143534
Eastern Cape,Ward 21001009,EC101,0.5155447418221141,0.45026034
Eastern Cape,Ward 21001010,EC101,0.5176005747126436,0.4151917
Eastern Cape,Ward 21001011,EC101,0.4583068109484405,0.38267854
Eastern Cape,Ward 21001012,EC101,0.50139470013947,0.40974846
Eastern Cape,Ward 21002001,EC102,0.5244263508512214,0.44752842
Eastern Cape,Ward 21002002,EC102,0.5700834005918751,0.5345421
Eastern Cape,Ward 21002003,EC102,0.4968112244897959,0.42265588
Eastern Cape,Ward 21002004,EC102,0.5994246673858324,0.47146362
Eastern Cape,Ward 21002005,EC102,0.5155945419103314,0.48200357
Eastern Cape,Ward 21002006,EC102,0.430900937627395,0.35773602
Eastern Cape,Ward 21004001,EC104,0.4714661984196663,0.39997074
Eastern Cape,Ward 21004002,EC104,0.4803030303030303,0.40986478
Eastern Cape,Ward 21004003,EC104,0.3938195302843016,0.35021937
Eastern Cape,Ward 21004004,EC104,0.4518392112248767,0.37564412
Eastern Cape,Ward 21004005,EC104,0.4594237377742532,0.40144697
Eastern Cape,Ward 21004006,EC104,0.4821558630735615,0.4693989
Eastern Cape,Ward 21004007,EC104,0.4170648464163822,0.37770212
Eastern Cape,Ward 21004008,EC104,0.3910319815364326,0.3312134
Eastern Cape,Ward 21004009,EC104,0.4568784181741691,0.3742652
Eastern Cape,Ward 21004010,EC104,0.432512315270936,0.39822152
Eastern Cape,Ward 21004011,EC104,0.4629258517034068,0.43352434
Eastern Cape,Ward 21004012,EC104,0.1849665486029122,0.38718817
Eastern Cape,Ward 21004013,EC104,0.4658427737727428,0.38321707
Eastern Cape,Ward 21004014,EC104,0.5924959216965743,0.4958649
Eastern Cape,Ward 21005001,EC105,0.6123408965135584,0.53471744
Eastern Cape,Ward 21005002,EC105,0.552165725047081,0.49928787
Eastern Cape,Ward 21005003,EC105,0.5648558758314856,0.49810869
Eastern Cape,Ward 21005004,EC105,0.6235157833767738,0.5349226
Eastern Cape,Ward 21005005,EC105,0.5477629987908101,0.48094985
Eastern Cape,Ward 21005006,EC105,0.5137088733798604,0.43258935
Eastern Cape,Ward 21005007,EC105,0.5332424139106716,0.47658598
Eastern Cape,Ward 21005008,EC105,0.4940725244072524,0.43471348
Eastern Cape,Ward 21005009,EC105,0.5274064171122995,0.4833264
Eastern Cape,Ward 21005010,EC105,0.5683874401277275,0.47703385
Eastern Cape,Ward 21006001,EC106,0.43700061462815,0.37511504
Eastern Cape,Ward 21006002,EC106,0.5147540983606558,0.44025144
Eastern Cape,Ward 21006003,EC106,0.4027814923776411,0.35769707
Eastern Cape,Ward 21006004,EC106,0.4725776965265082,0.41312754
Eastern Cape,Ward 21006005,EC106,0.4299111549851925,0.33870333
Eastern Cape,Ward 21006006,EC106,0.4570158102766798,0.35790223
Eastern Cape,Ward 21006007,EC106,0.4414970930232558,0.38886824
Eastern Cape,Ward 21006008,EC106,0.5168722364440307,0.4156372
Eastern Cape,Ward 21008001,EC108,0.5187517109225295,0.4127443
Eastern Cape,Ward 21008002,EC108,0.6148403136354944,0.49389556
Eastern Cape,Ward 21008003,EC108,0.6862996158770807,0.5761026
Eastern Cape,Ward 21008004,EC108,0.4985082723081095,0.43489107
Eastern Cape,Ward 21008005,EC108,0.5791414274427179,0.48153394
Eastern Cape,Ward 21008006,EC108,0.4960254372019078,0.4313959
Eastern Cape,Ward 21008007,EC108,0.5755841678588459,0.47612023
Eastern Cape,Ward 21008008,EC108,0.6441449990510534,0.52461123
Eastern Cape,Ward 21008009,EC108,0.5140671273445212,0.45043883
Eastern Cape,Ward 21008010,EC108,0.5241290322580645,0.44508025
Eastern Cape,Ward 21008011,EC108,0.6268656716417911,0.5206508
Eastern Cape,Ward 21008012,EC108,0.6850961538461539,0.5678962
Eastern Cape,Ward 21008013,EC108,0.5558998808104887,0.47236034
Eastern Cape,Ward 21008014,EC108,0.4833503575076608,0.3958334
Eastern Cape,Ward 21008015,EC108,0.576307363927428,0.45501056
Eastern Cape,Ward 21009001,EC109,0.5219764435507038,0.4469063
Eastern Cape,Ward 21009002,EC109,0.4613130128956623,0.40287572
Eastern Cape,Ward 21009003,EC109,0.5821392869043652,0.53389895
Eastern Cape,Ward 21009004,EC109,0.5514295103516267,0.47468683
Eastern Cape,Ward 21009005,EC109,0.4675720620842572,0.45665795
Eastern Cape,Ward 21009006,EC109,0.5092682926829268,0.44064647
Eastern Cape,Ward 21201001,EC121,0.3105960264900662,0.33183318
Eastern Cape,Ward 21201002,EC121,0.4800394282897979,0.39216045
Eastern Cape,Ward 21201003,EC121,0.4745301007899755,0.40013763
Eastern Cape,Ward 21201004,EC121,0.4191980558930741,0.37487563
Eastern Cape,Ward 21201005,EC121,0.4555528788243796,0.33690488
Eastern Cape,Ward 21201006,EC121,0.4706619859578736,0.40545154
Eastern Cape,Ward 21201007,EC121,0.4609830602610386,0.39259785
Eastern Cape,Ward 21201008,EC121,0.4329380764163373,0.387917
Eastern Cape,Ward 21201009,EC121,0.3664407571862584,0.34288743
Eastern Cape,Ward 21201010,EC121,0.4383600917431192,0.40889552
Eastern Cape,Ward 21201011,EC121,0.5,0.4053967
Eastern Cape,Ward 21201012,EC121,0.4624331971078277,0.3822019
Eastern Cape,Ward 21201013,EC121,0.4143703322173577,0.37391677
Eastern Cape,Ward 21201014,EC121,0.5863060989643268,0.43462586
Eastern Cape,Ward 21201015,EC121,0.4736992567181246,0.41368064
Eastern Cape,Ward 21201016,EC121,0.4776080766243852,0.4105382
Eastern Cape,Ward 21201017,EC121,0.436609152288072,0.38847724
Eastern Cape,Ward 21201018,EC121,0.479818485789348,0.4119129
Eastern Cape,Ward 21201019,EC121,0.4153672316384181,0.37468988
Eastern Cape,Ward 21201020,EC121,0.4718815089099745,0.3814897
Eastern Cape,Ward 21201021,EC121,0.4515845070422535,0.3923149
Eastern Cape,Ward 21201022,EC121,0.5015656134358099,0.40356532
Eastern Cape,Ward 21201023,EC121,0.4904223968565815,0.38156524
Eastern Cape,Ward 21201024,EC121,0.4847250509164969,0.38092485
Eastern Cape,Ward 21201025,EC121,0.3964188012932106,0.3344008
Eastern Cape,Ward 21201026,EC121,0.5602391629297458,0.44264355
Eastern Cape,Ward 21201027,EC121,0.4594288945433983,0.41237822
Eastern Cape,Ward 21201028,EC121,0.4739372469635627,0.38894385
Eastern Cape,Ward 21201029,EC121,0.5818755377114998,0.5122856
Eastern Cape,Ward 21201030,EC121,0.4459539279385706,0.4073863
Eastern Cape,Ward 21201031,EC121,0.5100130039011703,0.38703203
Eastern Cape,Ward 21201032,EC121,0.4864596273291925,0.40413073
Eastern Cape,Ward 21202001,EC122,0.2596246390760346,0.5009445
Eastern Cape,Ward 21202002,EC122,0.3403128153380423,0.40893736
Eastern Cape,Ward 21202003,EC122,0.3355508249068653,0.42986017
Eastern Cape,Ward 21202004,EC122,0.3536411232746311,0.442125
Eastern Cape,Ward 21202005,EC122,0.3184668989547038,0.41254595
Eastern Cape,Ward 21202006,EC122,0.226193515445494,0.43421236
Eastern Cape,Ward 21202007,EC122,0.3406735751295336,0.42494795
Eastern Cape,Ward 21202008,EC122,0.4586269903419472,0.4654419
Eastern Cape,Ward 21202009,EC122,0.387213847012842,0.39347392
Eastern Cape,Ward 21202010,EC122,0.5040797824116047,0.42000768
Eastern Cape,Ward 21202011,EC122,0.4585755813953488,0.40050343
Eastern Cape,Ward 21202012,EC122,0.4821338701560141,0.4116208
Eastern Cape,Ward 21202013,EC122,0.4541374474053296,0.3843976
Eastern Cape,Ward 21202014,EC122,0.48313704496788,0.4318539
Eastern Cape,Ward 21202015,EC122,0.4698263173388284,0.44803005
Eastern Cape,Ward 21202016,EC122,0.4471166278769071,0.3855159
Eastern Cape,Ward 21202017,EC122,0.438877755511022,0.43482676
Eastern Cape,Ward 21202018,EC122,0.4829914307971955,0.42875126
Eastern Cape,Ward 21202019,EC122,0.4753631444033039,0.41538572
Eastern Cape,Ward 21202020,EC122,0.453788285867813,0.38972333
Eastern Cape,Ward 21202021,EC122,0.3743435858964741,0.38868925
Eastern Cape,Ward 21202022,EC122,0.4555555555555555,0.40603548
Eastern Cape,Ward 21202023,EC122,0.4332514332514332,0.41505697
Eastern Cape,Ward 21202024,EC122,0.5212393803098451,0.4251963
Eastern Cape,Ward 21202025,EC122,0.4201520912547528,0.3849478
Eastern Cape,Ward 21202026,EC122,0.4330995792426367,0.40604815
Eastern Cape,Ward 21202027,EC122,0.4975357897207228,0.42405605
Eastern Cape,Ward 21202028,EC122,0.4675324675324675,0.4706328
Eastern Cape,Ward 21202029,EC122,0.480154355016538,0.41653723
Eastern Cape,Ward 21202030,EC122,0.4135317237507018,0.40438
Eastern Cape,Ward 21202031,EC122,0.4117983963344788,0.38475716
Eastern Cape,Ward 21203001,EC123,0.6515589842494375,0.5482476
Eastern Cape,Ward 21203002,EC123,0.3766546329723225,0.25966507
Eastern Cape,Ward 21203003,EC123,0.5497915701713756,0.45717463
Eastern Cape,Ward 21203004,EC123,0.52775290957923,0.46437824
Eastern Cape,Ward 21203005,EC123,0.6439854191980559,0.54974097
Eastern Cape,Ward 21203006,EC123,0.5540847201210287,0.47708958
Eastern Cape,Ward 21203007,EC123,0.5299115044247787,0.4896942
Eastern Cape,Ward 21204001,EC124,0.3717948717948718,0.38376275
Eastern Cape,Ward 21204002,EC124,0.4357522123893805,0.38607356
Eastern Cape,Ward 21204003,EC124,0.4175320708613317,0.41076604
Eastern Cape,Ward 21204004,EC124,0.438299343242309,0.36569723
Eastern Cape,Ward 21204005,EC124,0.4856541195051329,0.40709966
Eastern Cape,Ward 21204006,EC124,0.4921985815602837,0.38822705
Eastern Cape,Ward 21204007,EC124,0.565752128666036,0.48738247
Eastern Cape,Ward 21204008,EC124,0.5240187463386058,0.4042027
Eastern Cape,Ward 21204009,EC124,0.5454545454545454,0.45451123
Eastern Cape,Ward 21204010,EC124,0.4595729786489324,0.40212768
Eastern Cape,Ward 21204011,EC124,0.4016139044072005,0.45643783
Eastern Cape,Ward 21204012,EC124,0.4823993241340467,0.42442867
Eastern Cape,Ward 21204013,EC124,0.5320725785842065,0.4515272
Eastern Cape,Ward 21204014,EC124,0.4156240463838877,0.3660421
Eastern Cape,Ward 21204015,EC124,0.4816393442622951,0.4064946
Eastern Cape,Ward 21206001,EC126,0.5431034482758621,0.47231492
Eastern Cape,Ward 21206002,EC126,0.5386029411764706,0.50637674
Eastern Cape,Ward 21206003,EC126,0.492179700499168,0.43177867
Eastern Cape,Ward 21206004,EC126,0.431243505368895,0.38152847
Eastern Cape,Ward 21206005,EC126,0.5309849967384214,0.49145746
Eastern Cape,Ward 21206006,EC126,0.4889191953631094,0.43481365
Eastern Cape,Ward 21206007,EC126,0.4687287559483344,0.45074323
Eastern Cape,Ward 21206008,EC126,0.4731246308328411,0.43997437
Eastern Cape,Ward 21206009,EC126,0.5443864229765013,0.47849658
Eastern Cape,Ward 21206010,EC126,0.5240174672489083,0.49158356
Eastern Cape,Ward 21206011,EC126,0.5982436882546652,0.47797477
Eastern Cape,Ward 21206012,EC126,0.6647058823529411,0.54229593
Eastern Cape,Ward 21209001,EC129,0.5250501002004008,0.41305545
Eastern Cape,Ward 21209002,EC129,0.4390959788670384,0.39661807
Eastern Cape,Ward 21209003,EC129,0.5678931943992185,0.43115523
Eastern Cape,Ward 21209004,EC129,0.437480215257993,0.3668228
Eastern Cape,Ward 21209005,EC129,0.4425057208237986,0.35564688
Eastern Cape,Ward 21209006,EC129,0.41762690750545,0.3740243
Eastern Cape,Ward 21209007,EC129,0.5469014561462919,0.45572928
Eastern Cape,Ward 21209008,EC129,0.4516045548654244,0.38924193
Eastern Cape,Ward 21209009,EC129,0.4669127339836541,0.40803194
Eastern Cape,Ward 21209010,EC129,0.5711859609397113,0.48183915
Eastern Cape,Ward 21209011,EC129,0.1199338296112489,0.3086412
Eastern Cape,Ward 21209012,EC129,0.5431684828164292,0.4327066
Eastern Cape,Ward 21209013,EC129,0.5523740485683218,0.44935447
Eastern Cape,Ward 21209014,EC129,0.4652858809801634,0.3540685
Eastern Cape,Ward 21209015,EC129,0.4965297860034702,0.42885995
Eastern Cape,Ward 21209016,EC129,0.4966063348416289,0.38791218
Eastern Cape,Ward 21209017,EC129,0.4776964047936085,0.42887548
Eastern Cape,Ward 21209018,EC129,0.4576612903225806,0.38415673
Eastern Cape,Ward 21209019,EC129,0.5074866310160427,0.3834688
Eastern Cape,Ward 21209020,EC129,0.5659407138535996,0.4946067
Eastern Cape,Ward 21209021,EC129,0.5362506473329881,0.43692848
Eastern Cape,Ward 21209022,EC129,0.5103550295857988,0.43580988
Eastern Cape,Ward 21209023,EC129,0.5039153439153439,0.41247118
Eastern Cape,Ward 21301001,EC131,0.515423779574723,0.44967568
Eastern Cape,Ward 21301002,EC131,0.4544405997693195,0.31440905
Eastern Cape,Ward 21301003,EC131,0.4966561070045758,0.42518562
Eastern Cape,Ward 21301004,EC131,0.4683130020827135,0.43459415
Eastern Cape,Ward 21301005,EC131,0.5743557901272897,0.46181563
Eastern Cape,Ward 21301006,EC131,0.4352485858886573,0.39036188
Eastern Cape,Ward 21301007,EC131,0.4663333333333333,0.45504573
Eastern Cape,Ward 21301008,EC131,0.4746325272641062,0.39042196
Eastern Cape,Ward 21301009,EC131,0.5387896560917089,0.46715102
Eastern Cape,Ward 21305001,EC135,0.5190895741556535,0.40311155
Eastern Cape,Ward 21305002,EC135,0.484437596302003,0.4680764
Eastern Cape,Ward 21305003,EC135,0.505104934770278,0.42981187
Eastern Cape,Ward 21305004,EC135,0.5754527162977867,0.45643148
Eastern Cape,Ward 21305005,EC135,0.4887879648027249,0.44870186
Eastern Cape,Ward 21305006,EC135,0.4889621923369703,0.45295382
Eastern Cape,Ward 21305007,EC135,0.5503472222222222,0.44468933
Eastern Cape,Ward 21305008,EC135,0.4772256728778468,0.44301635
Eastern Cape,Ward 21305009,EC135,0.4938530734632683,0.44827926
Eastern Cape,Ward 21305010,EC135,0.5429292929292929,0.4438839
Eastern Cape,Ward 21305011,EC135,0.5125737348649487,0.447223
Eastern Cape,Ward 21305012,EC135,0.360079387581514,0.38586468
Eastern Cape,Ward 21305013,EC135,0.4527043126042411,0.3720922
Eastern Cape,Ward 21305014,EC135,0.3570731707317073,0.36762914
Eastern Cape,Ward 21305015,EC135,0.5022040302267002,0.43310022
Eastern Cape,Ward 21305016,EC135,0.4920221426245522,0.3929577
Eastern Cape,Ward 21305017,EC135,0.4623782826792564,0.41464502
Eastern Cape,Ward 21305018,EC135,0.4565868263473054,0.35833752
Eastern Cape,Ward 21305019,EC135,0.5303173107131637,0.44813517
Eastern Cape,Ward 21305020,EC135,0.5212306127637936,0.40633518
Eastern Cape,Ward 21305021,EC135,0.5473200612557427,0.4183286
Eastern Cape,Ward 21306001,EC136,0.5493355951371218,0.46554756
Eastern Cape,Ward 21306002,EC136,0.5838946723821188,0.5118944
Eastern Cape,Ward 21306003,EC136,0.4800849707912905,0.4279149
Eastern Cape,Ward 21306004,EC136,0.4513451631368059,0.41297066
Eastern Cape,Ward 21306005,EC136,0.5476370988122314,0.4780812
Eastern Cape,Ward 21306006,EC136,0.5339753879079722,0.4475462
Eastern Cape,Ward 21306007,EC136,0.4681448217793993,0.43549103
Eastern Cape,Ward 21306008,EC136,0.5117038649972782,0.4513509
Eastern Cape,Ward 21306009,EC136,0.553246013667426,0.47193396
Eastern Cape,Ward 21306010,EC136,0.5672306322350846,0.48533756
Eastern Cape,Ward 21306011,EC136,0.5526244952893674,0.47637478
Eastern Cape,Ward 21306012,EC136,0.4762046400951814,0.44464666
Eastern Cape,Ward 21306013,EC136,0.5611202635914333,0.4978555
Eastern Cape,Ward 21306014,EC136,0.5885125184094256,0.4703586
Eastern Cape,Ward 21306015,EC136,0.4958971553610503,0.4256322
Eastern Cape,Ward 21306016,EC136,0.4823079375199235,0.44774875
Eastern Cape,Ward 21306017,EC136,0.5690897184020957,0.47656575
Eastern Cape,Ward 21307001,EC137,0.4677271336800245,0.4120664
Eastern Cape,Ward 21307002,EC137,0.48085513720485,0.39966333
Eastern Cape,Ward 21307003,EC137,0.5005038629492778,0.4292878
Eastern Cape,Ward 21307004,EC137,0.4673480976717774,0.40880272
Eastern Cape,Ward 21307005,EC137,0.5368663594470046,0.40810797
Eastern Cape,Ward 21307006,EC137,0.5644508670520231,0.5004064
Eastern Cape,Ward 21307007,EC137,0.4284511784511784,0.38505986
Eastern Cape,Ward 21307008,EC137,0.4992185057830572,0.43583912
Eastern Cape,Ward 21307009,EC137,0.4477459016393442,0.36966783
Eastern Cape,Ward 21307010,EC137,0.3609671848013817,0.36066028
Eastern Cape,Ward 21307011,EC137,0.3856062727527303,0.37211606
Eastern Cape,Ward 21307012,EC137,0.4925130208333333,0.41467878
Eastern Cape,Ward 21307013,EC137,0.4272004387167535,0.43355736
Eastern Cape,Ward 21307014,EC137,0.4726918075422627,0.39765432
Eastern Cape,Ward 21307015,EC137,0.4764914054600607,0.3947728
Eastern Cape,Ward 21307016,EC137,0.4669678147939017,0.4036337
Eastern Cape,Ward 21307017,EC137,0.4727272727272727,0.4110588
Eastern Cape,Ward 21307018,EC137,0.4777984578569529,0.3799808
Eastern Cape,Ward 21307019,EC137,0.482063882063882,0.39071825
Eastern Cape,Ward 21307020,EC137,0.4782380702674357,0.43276885
Eastern Cape,Ward 21308001,EC138,0.4744703965236285,0.43661693
Eastern Cape,Ward 21308002,EC138,0.5065514357401728,0.37271228
Eastern Cape,Ward 21308003,EC138,0.494661921708185,0.3915614
Eastern Cape,Ward 21308004,EC138,0.4102878138395591,0.35022652
Eastern Cape,Ward 21308005,EC138,0.4115495165926313,0.32592192
Eastern Cape,Ward 21308006,EC138,0.4998276456394346,0.43525237
Eastern Cape,Ward 21308007,EC138,0.474949221394719,0.47719786
Eastern Cape,Ward 21308008,EC138,0.5862681266646937,0.46738377
Eastern Cape,Ward 21308009,EC138,0.5486928104575164,0.41458628
Eastern Cape,Ward 21309001,EC139,0.4079173838209983,0.37821606
Eastern Cape,Ward 21309002,EC139,0.4467621419676214,0.37933353
Eastern Cape,Ward 21309003,EC139,0.5272253015976525,0.41435984
Eastern Cape,Ward 21309004,EC139,0.4886363636363636,0.43005404
Eastern Cape,Ward 21309005,EC139,0.3494573643410852,0.38997778
Eastern Cape,Ward 21309006,EC139,0.4312056737588652,0.3895938
Eastern Cape,Ward 21309007,EC139,0.4094812779113707,0.40426117
Eastern Cape,Ward 21309008,EC139,0.4162246489859594,0.44024935
Eastern Cape,Ward 21309009,EC139,0.4755434782608695,0.4244379
Eastern Cape,Ward 21309010,EC139,0.5529122231337161,0.42272216
Eastern Cape,Ward 21309011,EC139,0.4501361049245236,0.4185572
Eastern Cape,Ward 21309012,EC139,0.454381443298969,0.39481118
Eastern Cape,Ward 21309013,EC139,0.3850340136054421,0.32631776
Eastern Cape,Ward 21309014,EC139,0.3883287503819126,0.45381123
Eastern Cape,Ward 21309015,EC139,0.4243675787299948,0.31983134
Eastern Cape,Ward 21309016,EC139,0.3713468869123253,0.4429168
Eastern Cape,Ward 21309017,EC139,0.3485060039095224,0.40906125
Eastern Cape,Ward 21309018,EC139,0.5320125634211162,0.3917404
Eastern Cape,Ward 21309019,EC139,0.4916770186335403,0.436229
Eastern Cape,Ward 21309020,EC139,0.523200889135871,0.43475008
Eastern Cape,Ward 21309021,EC139,0.6089607635206787,0.55031323
Eastern Cape,Ward 21309022,EC139,0.4746201099256385,0.40225568
Eastern Cape,Ward 21309023,EC139,0.4110512129380054,0.3523995
Eastern Cape,Ward 21309024,EC139,0.3966967902773449,0.4267059
Eastern Cape,Ward 21309025,EC139,0.4446733372572101,0.423368
Eastern Cape,Ward 21309026,EC139,0.4370807620069761,0.3975729
Eastern Cape,Ward 21309027,EC139,0.6157441574415744,0.52159107
Eastern Cape,Ward 21309028,EC139,0.4499831593128999,0.40893868
Eastern Cape,Ward 21309029,EC139,0.4330413016270338,0.40992138
Eastern Cape,Ward 21309030,EC139,0.5002837684449489,0.4208165
Eastern Cape,Ward 21309031,EC139,0.5774493705528189,0.49287468
Eastern Cape,Ward 21309032,EC139,0.4739259659551472,0.4246952
Eastern Cape,Ward 21309033,EC139,0.6384244828563332,0.49753553
Eastern Cape,Ward 21309034,EC139,0.5707806932296728,0.47144157
Eastern Cape,Ward 21401001,EC141,0.4945454545454545,0.42455715
Eastern Cape,Ward 21401002,EC141,0.4231499051233396,0.36559263
Eastern Cape,Ward 21401003,EC141,0.4613704613704614,0.36137408
Eastern Cape,Ward 21401004,EC141,0.4242746872504658,0.418804
Eastern Cape,Ward 21401005,EC141,0.4644632206759443,0.36158714
Eastern Cape,Ward 21401006,EC141,0.5076045627376425,0.43954715
Eastern Cape,Ward 21401007,EC141,0.5509245670678016,0.40829694
Eastern Cape,Ward 21401008,EC141,0.4923965936739659,0.38321435
Eastern Cape,Ward 21401009,EC141,0.3611111111111111,0.37715608
Eastern Cape,Ward 21401010,EC141,0.4736154649947753,0.39427003
Eastern Cape,Ward 21401011,EC141,0.4651639344262295,0.3537792
Eastern Cape,Ward 21401012,EC141,0.496425240907678,0.41698268
Eastern Cape,Ward 21401013,EC141,0.4517694063926941,0.40452635
Eastern Cape,Ward 21401014,EC141,0.4639709694142042,0.35092768
Eastern Cape,Ward 21401015,EC141,0.4826725810923205,0.3844484
Eastern Cape,Ward 21401016,EC141,0.517165613842351,0.43803975
Eastern Cape,Ward 21401017,EC141,0.6368593238822247,0.502993
Eastern Cape,Ward 21402001,EC142,0.4540244855431102,0.36142826
Eastern Cape,Ward 21402002,EC142,0.4630350194552529,0.33940756
Eastern Cape,Ward 21402003,EC142,0.4049899193548387,0.34711477
Eastern Cape,Ward 21402004,EC142,0.4543290687295447,0.40879506
Eastern Cape,Ward 21402005,EC142,0.4747956403269754,0.40382907
Eastern Cape,Ward 21402006,EC142,0.5097520661157025,0.4028855
Eastern Cape,Ward 21402007,EC142,0.4512451245124512,0.4059332
Eastern Cape,Ward 21402008,EC142,0.4795814190913731,0.4138508
Eastern Cape,Ward 21402009,EC142,0.5073846153846154,0.44650492
Eastern Cape,Ward 21402010,EC142,0.4128861003861004,0.36443517
Eastern Cape,Ward 21402011,EC142,0.4847039012068481,0.4051098
Eastern Cape,Ward 21402012,EC142,0.4981989470767525,0.43110746
Eastern Cape,Ward 21402013,EC142,0.4658554755401043,0.34556356
Eastern Cape,Ward 21402014,EC142,0.5005571030640669,0.40111628
Eastern Cape,Ward 21402015,EC142,0.4338842975206611,0.3714251
Eastern Cape,Ward 21402016,EC142,0.4695281782437746,0.39119992
Eastern Cape,Ward 21402017,EC142,0.4399164054336468,0.38544658
Eastern Cape,Ward 21405001,EC145,0.5183936235438381,0.4485513
Eastern Cape,Ward 21405002,EC145,0.4839412084921067,0.41979644
Eastern Cape,Ward 21405003,EC145,0.4424011103400416,0.3373618
Eastern Cape,Ward 21405004,EC145,0.4658664666166541,0.34527966
Eastern Cape,Ward 21405005,EC145,0.4565293910594861,0.37486744
Eastern Cape,Ward 21405006,EC145,0.418712099335836,0.39297202
Eastern Cape,Ward 21405007,EC145,0.4763390535621425,0.43544167
Eastern Cape,Ward 21405008,EC145,0.4575075579442391,0.37307343
Eastern Cape,Ward 21405009,EC145,0.4807828342372082,0.42735484
Eastern Cape,Ward 21405010,EC145,0.5008015389547932,0.4105494
Eastern Cape,Ward 21405011,EC145,0.4928321121376234,0.40842843
Eastern Cape,Ward 21503001,EC153,0.4889441680486456,0.37778446
Eastern Cape,Ward 21503002,EC153,0.42456224514272,0.35988283
Eastern Cape,Ward 21503003,EC153,0.4938245760937827,0.4061261
Eastern Cape,Ward 21503004,EC153,0.3955486998677832,0.40497255
Eastern Cape,Ward 21503005,EC153,0.4916980296657073,0.44283354
Eastern Cape,Ward 21503006,EC153,0.3879118657772387,0.33449748
Eastern Cape,Ward 21503007,EC153,0.4755600814663951,0.46362177
Eastern Cape,Ward 21503008,EC153,0.5047549378200439,0.40035477
Eastern Cape,Ward 21503009,EC153,0.449607600165221,0.35925433
Eastern Cape,Ward 21503010,EC153,0.470573988859288,0.41582012
Eastern Cape,Ward 21503011,EC153,0.4367691641403204,0.36169276
Eastern Cape,Ward 21503012,EC153,0.3690205011389522,0.344862
Eastern Cape,Ward 21503013,EC153,0.4148213111159833,0.3461824
Eastern Cape,Ward 21503014,EC153,0.4023231256599788,0.3304649
Eastern Cape,Ward 21503015,EC153,0.3422212891035062,0.36901277
Eastern Cape,Ward 21503016,EC153,0.4994840041279669,0.41563335
Eastern Cape,Ward 21503017,EC153,0.4224119530416222,0.37378606
Eastern Cape,Ward 21503018,EC153,0.4346366508688783,0.36082405
Eastern Cape,Ward 21503019,EC153,0.4003959415986142,0.3779224
Eastern Cape,Ward 21503020,EC153,0.4059334298118668,0.3294909
Eastern Cape,Ward 21503021,EC153,0.4075564498099709,0.34799987
Eastern Cape,Ward 21503022,EC153,0.4781256479369687,0.36995938
Eastern Cape,Ward 21503023,EC153,0.4994742376445846,0.3962512
Eastern Cape,Ward 21503024,EC153,0.6178022482220693,0.50110203
Eastern Cape,Ward 21503025,EC153,0.5333666583354162,0.4350177
Eastern Cape,Ward 21503026,EC153,0.4783168741949334,0.47884777
Eastern Cape,Ward 21503027,EC153,0.4254173397953689,0.35234916
Eastern Cape,Ward 21503028,EC153,0.4447724477244772,0.4307964
Eastern Cape,Ward 21503029,EC153,0.455578947368421,0.4242481
Eastern Cape,Ward 21503030,EC153,0.5021212877464437,0.41550854
Eastern Cape,Ward 21503031,EC153,0.4937850353399951,0.3972441
Eastern Cape,Ward 21503032,EC153,0.5004672897196262,0.3509563
Eastern Cape,Ward 21504001,EC154,0.5595913734392736,0.4684133
Eastern Cape,Ward 21504002,EC154,0.559508574353724,0.4896718
Eastern Cape,Ward 21504003,EC154,0.4765564950038432,0.4134313
Eastern Cape,Ward 21504004,EC154,0.4573362339859801,0.36496696
Eastern Cape,Ward 21504005,EC154,0.4890142517814727,0.41974428
Eastern Cape,Ward 21504006,EC154,0.394240317775571,0.27086946
Eastern Cape,Ward 21504007,EC154,0.5094105993065874,0.4329604
Eastern Cape,Ward 21504008,EC154,0.5526943252265141,0.462388
Eastern Cape,Ward 21504009,EC154,0.4953757225433526,0.44692487
Eastern Cape,Ward 21504010,EC154,0.6584579302257403,0.4949048
Eastern Cape,Ward 21504011,EC154,0.6082834331337326,0.5038566
Eastern Cape,Ward 21504012,EC154,0.4861111111111111,0.434684
Eastern Cape,Ward 21504013,EC154,0.5048566142460684,0.41536105
Eastern Cape,Ward 21504014,EC154,0.4573891625615763,0.38839713
Eastern Cape,Ward 21504015,EC154,0.4255906719852715,0.3506612
Eastern Cape,Ward 21504016,EC154,0.5748074807480749,0.4756167
Eastern Cape,Ward 21504017,EC154,0.520410996945293,0.42406517
Eastern Cape,Ward 21504018,EC154,0.4760312151616499,0.43052822
Eastern Cape,Ward 21504019,EC154,0.5583541147132169,0.4829738
Eastern Cape,Ward 21504020,EC154,0.5031037540644399,0.42685845
Eastern Cape,Ward 21505001,EC155,0.4277970511708586,0.3950069
Eastern Cape,Ward 21505002,EC155,0.4944432338200044,0.4549456
Eastern Cape,Ward 21505003,EC155,0.4326492097192734,0.42071903
Eastern Cape,Ward 21505004,EC155,0.4277763053273257,0.39506385
Eastern Cape,Ward 21505005,EC155,0.4673292450835272,0.40731663
Eastern Cape,Ward 21505006,EC155,0.4681000233699462,0.44236764
Eastern Cape,Ward 21505007,EC155,0.4010605637733743,0.40953606
Eastern Cape,Ward 21505008,EC155,0.447070914696814,0.4297087
Eastern Cape,Ward 21505009,EC155,0.4591395401775552,0.43820387
Eastern Cape,Ward 21505010,EC155,0.35361380798274,0.40700895
Eastern Cape,Ward 21505011,EC155,0.3720826850411202,0.3497148
Eastern Cape,Ward 21505012,EC155,0.3322087269455691,0.39325666
Eastern Cape,Ward 21505013,EC155,0.3883560115993754,0.3935829
Eastern Cape,Ward 21505014,EC155,0.4320058280718795,0.38402718
Eastern Cape,Ward 21505015,EC155,0.3802721088435374,0.3677399
Eastern Cape,Ward 21505016,EC155,0.453105355795826,0.42963102
Eastern Cape,Ward 21505017,EC155,0.4152659134747864,0.40087795
Eastern Cape,Ward 21505018,EC155,0.4627089049638314,0.42831492
Eastern Cape,Ward 21505019,EC155,0.481500125849484,0.40020528
Eastern Cape,Ward 21505020,EC155,0.447457627118644,0.3915732
Eastern Cape,Ward 21505021,EC155,0.4354197194892191,0.46226877
Eastern Cape,Ward 21505022,EC155,0.3791621911922664,0.32568336
Eastern Cape,Ward 21505023,EC155,0.3921052631578947,0.33514902
Eastern Cape,Ward 21505024,EC155,0.4545454545454545,0.38687328
Eastern Cape,Ward 21505025,EC155,0.4230110159118727,0.3489719
Eastern Cape,Ward 21505026,EC155,0.4491315136476427,0.36999318
Eastern Cape,Ward 21505027,EC155,0.4841930116472546,0.41242912
Eastern Cape,Ward 21505028,EC155,0.435672514619883,0.36702132
Eastern Cape,Ward 21505029,EC155,0.3491175204476969,0.35156918
Eastern Cape,Ward 21505030,EC155,0.403177527055031,0.36780635
Eastern Cape,Ward 21505031,EC155,0.4134275618374558,0.37245536
Eastern Cape,Ward 21505032,EC155,0.3923611111111111,0.36461642
Eastern Cape,Ward 21506001,EC156,0.4481605351170568,0.38156024
Eastern Cape,Ward 21506002,EC156,0.3329077561442706,0.49995452
Eastern Cape,Ward 21506003,EC156,0.4098699763593381,0.42521238
Eastern Cape,Ward 21506004,EC156,0.3930741190765492,0.44705158
Eastern Cape,Ward 21506005,EC156,0.4776909503403075,0.38194516
Eastern Cape,Ward 21506006,EC156,0.3868040225656119,0.2891288
Eastern Cape,Ward 21506007,EC156,0.4508263343267407,0.34477025
Eastern Cape,Ward 21506008,EC156,0.4307030129124821,0.38627675
Eastern Cape,Ward 21506009,EC156,0.5120466649759067,0.36117625
Eastern Cape,Ward 21506010,EC156,0.4340727048675292,0.42871243
Eastern Cape,Ward 21506011,EC156,0.3622281799225499,0.4697735
Eastern Cape,Ward 21506012,EC156,0.5105659460772407,0.39421427
Eastern Cape,Ward 21506013,EC156,0.4765298599164413,0.35956296
Eastern Cape,Ward 21506014,EC156,0.5496417604912999,0.4519123
Eastern Cape,Ward 21506015,EC156,0.4489041457618167,0.32863042
Eastern Cape,Ward 21506016,EC156,0.459718026183283,0.3927961
Eastern Cape,Ward 21506017,EC156,0.4676931536981028,0.37348098
Eastern Cape,Ward 21506018,EC156,0.462214983713355,0.33941886
Eastern Cape,Ward 21506019,EC156,0.5037546933667084,0.4025244
Eastern Cape,Ward 21506020,EC156,0.4680717206668763,0.4247081
Eastern Cape,Ward 21506021,EC156,0.4309126871997739,0.41915563
Eastern Cape,Ward 21506022,EC156,0.5279141104294478,0.43216
Eastern Cape,Ward 21506023,EC156,0.493492972410203,0.37897933
Eastern Cape,Ward 21506024,EC156,0.4954038082731451,0.4415753
Eastern Cape,Ward 21506025,EC156,0.5491403643828586,0.44722635
Eastern Cape,Ward 21506026,EC156,0.4376374489475337,0.3762178
Eastern Cape,Ward 21507001,EC157,0.3171940526115135,0.34884226
Eastern Cape,Ward 21507002,EC157,0.2956603773584905,0.35842815
Eastern Cape,Ward 21507003,EC157,0.3604446012702893,0.30032837
Eastern Cape,Ward 21507004,EC157,0.4416666666666666,0.3603294
Eastern Cape,Ward 21507005,EC157,0.1476190476190476,0.3115118
Eastern Cape,Ward 21507006,EC157,0.324740207833733,0.3194774
Eastern Cape,Ward 21507007,EC157,0.5090946249744533,0.4455179
Eastern Cape,Ward 21507008,EC157,0.3145147535391437,0.27165046
Eastern Cape,Ward 21507009,EC157,0.3001437076575652,0.39136106
Eastern Cape,Ward 21507010,EC157,0.4183340138832176,0.37843055
Eastern Cape,Ward 21507011,EC157,0.3227053140096618,0.3098782
Eastern Cape,Ward 21507012,EC157,0.2496694995278564,0.36635786
Eastern Cape,Ward 21507013,EC157,0.4018063432052089,0.40454382
Eastern Cape,Ward 21507014,EC157,0.3442815249266862,0.33358118
Eastern Cape,Ward 21507015,EC157,0.4483193277310924,0.4551236
Eastern Cape,Ward 21507016,EC157,0.4180572633058141,0.3456147
Eastern Cape,Ward 21507017,EC157,0.4451501154734411,0.36828968
Eastern Cape,Ward 21507018,EC157,0.4421790898711466,0.3943407
Eastern Cape,Ward 21507019,EC157,0.4102853458004191,0.31573248
Eastern Cape,Ward 21507020,EC157,0.4308546433378196,0.3490326
Eastern Cape,Ward 21507021,EC157,0.4428284078601269,0.36215502
Eastern Cape,Ward 21507022,EC157,0.4786977491961415,0.40791887
Eastern Cape,Ward 21507023,EC157,0.5309054460407617,0.45304206
Eastern Cape,Ward 21507024,EC157,0.4579932789246279,0.3827176
Eastern Cape,Ward 21507025,EC157,0.3770676088003854,0.30007112
Eastern Cape,Ward 21507026,EC157,0.4612258719945817,0.41528362
Eastern Cape,Ward 21507027,EC157,0.420312774556317,0.38573292
Eastern Cape,Ward 21507028,EC157,0.4113774476704929,0.33857664
Eastern Cape,Ward 21507029,EC157,0.4501445086705202,0.40733704
Eastern Cape,Ward 21507030,EC157,0.2690183502583289,0.36535764
Eastern Cape,Ward 21507031,EC157,0.4521340247307538,0.4117356
Eastern Cape,Ward 21507032,EC157,0.4277625570776255,0.33736986
Eastern Cape,Ward 21507033,EC157,0.4311135571454779,0.36827436
Eastern Cape,Ward 21507034,EC157,0.4233076263924593,0.35826835
Eastern Cape,Ward 21507035,EC157,0.3619691119691119,0.26904166
Eastern Cape,Ward 21507036,EC157,0.4344090528080469,0.40808678
Eastern Cape,Ward 24401001,EC441,0.4514743773260807,0.3715777
Eastern Cape,Ward 24401002,EC441,0.4052631578947368,0.3114069
Eastern Cape,Ward 24401003,EC441,0.5713245997088792,0.50058615
Eastern Cape,Ward 24401004,EC441,0.5331550802139038,0.4780573
Eastern Cape,Ward 24401005,EC441,0.5314797059763503,0.47437868
Eastern Cape,Ward 24401006,EC441,0.5151343705799152,0.43479007
Eastern Cape,Ward 24401007,EC441,0.5349716446124764,0.49882948
Eastern Cape,Ward 24401008,EC441,0.5036997885835095,0.4512562
Eastern Cape,Ward 24401009,EC441,0.4894409937888199,0.43992612
Eastern Cape,Ward 24401010,EC441,0.5662592858854542,0.4945215
Eastern Cape,Ward 24401011,EC441,0.5343980343980343,0.4863124
Eastern Cape,Ward 24401012,EC441,0.5227221342979878,0.44815293
Eastern Cape,Ward 24401013,EC441,0.583743842364532,0.49669325
Eastern Cape,Ward 24401014,EC441,0.4824451410658307,0.48587456
Eastern Cape,Ward 24401015,EC441,0.4856512141280353,0.41181535
Eastern Cape,Ward 24401016,EC441,0.5289281364190013,0.46531355
Eastern Cape,Ward 24401017,EC441,0.5351861295257522,0.48615956
Eastern Cape,Ward 24401018,EC441,0.5010839269123568,0.46007046
Eastern Cape,Ward 24401019,EC441,0.4046997389033943,0.33732933
Eastern Cape,Ward 24401020,EC441,0.4347324723247232,0.40110165
Eastern Cape,Ward 24401021,EC441,0.6115384615384616,0.5035322
Eastern Cape,Ward 24401022,EC441,0.5582390706206053,0.50375676
Eastern Cape,Ward 24401023,EC441,0.5436778205507847,0.4676974
Eastern Cape,Ward 24401024,EC441,0.560195062480951,0.51458335
Eastern Cape,Ward 24401025,EC441,0.5577105014191107,0.475836
Eastern Cape,Ward 24401026,EC441,0.5879278808466162,0.50254166
Eastern Cape,Ward 24402001,EC442,0.5521176768957646,0.45688945
Eastern Cape,Ward 24402002,EC442,0.5265524023602135,0.442858
Eastern Cape,Ward 24402003,EC442,0.4561531007751938,0.36928868
Eastern Cape,Ward 24402004,EC442,0.5169213973799127,0.42951387
Eastern Cape,Ward 24402005,EC442,0.5876288659793815,0.49804235
Eastern Cape,Ward 24402006,EC442,0.5377329666972197,0.45340097
Eastern Cape,Ward 24402007,EC442,0.4902127659574468,0.41509676
Eastern Cape,Ward 24402008,EC442,0.492121553179516,0.39952934
Eastern Cape,Ward 24402009,EC442,0.4642857142857143,0.35298604
Eastern Cape,Ward 24402010,EC442,0.4885832187070151,0.39238235
Eastern Cape,Ward 24402011,EC442,0.5441988950276243,0.45583767
Eastern Cape,Ward 24402012,EC442,0.4917471192774836,0.420066
Eastern Cape,Ward 24402013,EC442,0.4864056552474171,0.40018794
Eastern Cape,Ward 24402014,EC442,0.4347716376482463,0.36662632
Eastern Cape,Ward 24402015,EC442,0.5033713692946058,0.42195022
Eastern Cape,Ward 24402016,EC442,0.3647196261682243,0.35063308
Eastern Cape,Ward 24402017,EC442,0.4063476797307045,0.35967386
Eastern Cape,Ward 24402018,EC442,0.2961325966850828,0.32710278
Eastern Cape,Ward 24402019,EC442,0.4341552990556138,0.37149853
Eastern Cape,Ward 24402020,EC442,0.4459211732355637,0.36269563
Eastern Cape,Ward 24402021,EC442,0.4479902557856273,0.3885462
Eastern Cape,Ward 24402022,EC442,0.4591346153846153,0.4187678
Eastern Cape,Ward 24402023,EC442,0.5618896806545263,0.49235326
Eastern Cape,Ward 24402024,EC442,0.5039290240811153,0.4277117
Eastern Cape,Ward 24402025,EC442,0.3889284865763839,0.3541295
Eastern Cape,Ward 24402026,EC442,0.5430296930045294,0.39996305
Eastern Cape,Ward 24402027,EC442,0.4616526472043543,0.37022382
Eastern Cape,Ward 24403001,EC443,0.326673751328374,0.36347416
Eastern Cape,Ward 24403002,EC443,0.490387080235837,0.40798077
Eastern Cape,Ward 24403003,EC443,0.4904423812124522,0.39530832
Eastern Cape,Ward 24403004,EC443,0.5052362707535122,0.4315883
Eastern Cape,Ward 24403005,EC443,0.5225949542556141,0.43506566
Eastern Cape,Ward 24403006,EC443,0.4852263486039577,0.41659233
Eastern Cape,Ward 24403007,EC443,0.4379746835443038,0.44320807
Eastern Cape,Ward 24403008,EC443,0.5225571947829806,0.4493054
Eastern Cape,Ward 24403009,EC443,0.4647739221871714,0.36727795
Eastern Cape,Ward 24403010,EC443,0.4496792744967927,0.33076626
Eastern Cape,Ward 24403011,EC443,0.4762368998293931,0.3944966
Eastern Cape,Ward 24403012,EC443,0.4527456987980203,0.36483106
Eastern Cape,Ward 24403013,EC443,0.4240039350713231,0.38321877
Eastern Cape,Ward 24403014,EC443,0.5153774464119292,0.43747917
Eastern Cape,Ward 24403015,EC443,0.5292533659730723,0.43033174
Eastern Cape,Ward 24403016,EC443,0.4578703703703703,0.37012604
Eastern Cape,Ward 24403017,EC443,0.4568622245818954,0.38032717
Eastern Cape,Ward 24403018,EC443,0.4774222827320172,0.42257068
Eastern Cape,Ward 24403019,EC443,0.4552643470402169,0.3872984
Eastern Cape,Ward 24403020,EC443,0.4294418718011211,0.36772168
Eastern Cape,Ward 24403021,EC443,0.4954152475766308,0.44708773
Eastern Cape,Ward 24403022,EC443,0.4605694129503653,0.38266554
Eastern Cape,Ward 24403023,EC443,0.4524739583333333,0.37636748
Eastern Cape,Ward 24403024,EC443,0.4034617762208943,0.35873985
Eastern Cape,Ward 24403025,EC443,0.5822354441138972,0.49077317
Eastern Cape,Ward 24403026,EC443,0.5343995938055344,0.42971578
Eastern Cape,Ward 24403027,EC443,0.5233999494055148,0.40889674
Eastern Cape,Ward 24403028,EC443,0.4673965936739659,0.4226223
Eastern Cape,Ward 24403029,EC443,0.4334069168506254,0.3860612
Eastern Cape,Ward 24403030,EC443,0.3757120072909546,0.36751235
Eastern Cape,Ward 24403031,EC443,0.4586150617859641,0.4076895
Eastern Cape,Ward 24404001,EC444,0.5574455386451805,0.4641661
Eastern Cape,Ward 24404002,EC444,0.4651222651222651,0.34605977
Eastern Cape,Ward 24404003,EC444,0.5250551528521904,0.38980144
Eastern Cape,Ward 24404004,EC444,0.4798105682951146,0.4157286
Eastern Cape,Ward 24404005,EC444,0.5054001661589588,0.41707745
Eastern Cape,Ward 24404006,EC444,0.5226837060702876,0.4021463
Eastern Cape,Ward 24404007,EC444,0.4747972190034762,0.4503077
Eastern Cape,Ward 24404008,EC444,0.4437086092715231,0.36094993
Eastern Cape,Ward 24404009,EC444,0.3591078066914498,0.3546864
Eastern Cape,Ward 24404010,EC444,0.4306969459671104,0.42598748
Eastern Cape,Ward 24404011,EC444,0.4885264030964888,0.42384025
Eastern Cape,Ward 24404012,EC444,0.4933774834437086,0.40014827
Eastern Cape,Ward 24404013,EC444,0.4405412438199323,0.38210255
Eastern Cape,Ward 24404014,EC444,0.5018544935805992,0.41115174
Eastern Cape,Ward 24404015,EC444,0.498580352072686,0.43773758
Eastern Cape,Ward 24404016,EC444,0.6028169014084507,0.47253564
Eastern Cape,Ward 24404017,EC444,0.4702983848891322,0.39639258
Eastern Cape,Ward 29300001,NMA,0.4355910745371103,0.2906624
Eastern Cape,Ward 29300002,NMA,0.4879783610498898,0.39795572
Eastern Cape,Ward 29300003,NMA,0.58044824278364,0.43406266
Eastern Cape,Ward 29300004,NMA,0.3747640873550822,0.22717799
Eastern Cape,Ward 29300005,NMA,0.3575435784411941,0.21804324
Eastern Cape,Ward 29300006,NMA,0.6022110552763819,0.45751122
Eastern Cape,Ward 29300007,NMA,0.5889758115277403,0.42656183
Eastern Cape,Ward 29300008,NMA,0.5786153079860534,0.4527312
Eastern Cape,Ward 29300009,NMA,0.6020475251244481,0.43998286
Eastern Cape,Ward 29300010,NMA,0.5496748374187094,0.4284243
Eastern Cape,Ward 29300011,NMA,0.459986865559621,0.37150308
Eastern Cape,Ward 29300012,NMA,0.5372961411638891,0.40559286
Eastern Cape,Ward 29300013,NMA,0.4466604341954918,0.4334112
Eastern Cape,Ward 29300014,NMA,0.4248316315446448,0.29342246
Eastern Cape,Ward 29300015,NMA,0.4850718761518614,0.40180254
Eastern Cape,Ward 29300016,NMA,0.4430124848973016,0.34030122
Eastern Cape,Ward 29300017,NMA,0.509594138853355,0.42444175
Eastern Cape,Ward 29300018,NMA,0.4042172523961661,0.26249763
Eastern Cape,Ward 29300019,NMA,0.3892617449664429,0.2325711
Eastern Cape,Ward 29300020,NMA,0.3882468650110646,0.25806138
Eastern Cape,Ward 29300021,NMA,0.4193329564725834,0.29020208
Eastern Cape,Ward 29300022,NMA,0.4375,0.31257963
Eastern Cape,Ward 29300023,NMA,0.400197628458498,0.23395087
Eastern Cape,Ward 29300024,NMA,0.4168239735724398,0.29286134
Eastern Cape,Ward 29300025,NMA,0.4205112219451372,0.3328565
Eastern Cape,Ward 29300026,NMA,0.390487514863258,0.24789034
Eastern Cape,Ward 29300027,NMA,0.3957793889176592,0.26000473
Eastern Cape,Ward 29300028,NMA,0.42746949113516,0.3288295
Eastern Cape,Ward 29300029,NMA,0.3698050753953659,0.22447026
Eastern Cape,Ward 29300030,NMA,0.4090600226500566,0.23725657
Eastern Cape,Ward 29300031,NMA,0.4768607967614316,0.39643776
Eastern Cape,Ward 29300032,NMA,0.4855922188891919,0.4001002
Eastern Cape,Ward 29300033,NMA,0.4236335936012188,0.33220032
Eastern Cape,Ward 29300034,NMA,0.4801569199890521,0.41813546
Eastern Cape,Ward 29300035,NMA,0.461164603392939,0.38678235
Eastern Cape,Ward 29300036,NMA,0.4040438269513159,0.25566146
Eastern Cape,Ward 29300037,NMA,0.4327328134803263,0.3384962
Eastern Cape,Ward 29300038,NMA,0.3976664116296863,0.273182
Eastern Cape,Ward 29300039,NMA,0.5749087591240876,0.43566874
Eastern Cape,Ward 29300040,NMA,0.5403098848289005,0.41178018
Eastern Cape,Ward 29300041,NMA,0.4716482687045947,0.3681609
Eastern Cape,Ward 29300042,NMA,0.4141949152542373,0.2891269
Eastern Cape,Ward 29300043,NMA,0.4492066989863376,0.42280692
Eastern Cape,Ward 29300044,NMA,0.4273989136994569,0.30650333
Eastern Cape,Ward 29300045,NMA,0.4054871687878155,0.2396339
Eastern Cape,Ward 29300046,NMA,0.4345549738219895,0.32729477
Eastern Cape,Ward 29300047,NMA,0.4297887662025924,0.3307061
Eastern Cape,Ward 29300048,NMA,0.3765770358098636,0.2272261
Eastern Cape,Ward 29300049,NMA,0.4390913081650571,0.33280206
Eastern Cape,Ward 29300050,NMA,0.3778712059064807,0.19153887
Eastern Cape,Ward 29300051,NMA,0.5101250220109174,0.3890019
Eastern Cape,Ward 29300052,NMA,0.5832124728063814,0.45285776
Eastern Cape,Ward 29300053,NMA,0.4314671814671815,0.3374965
Eastern Cape,Ward 29300054,NMA,0.4434840983468994,0.35326767
Eastern Cape,Ward 29300055,NMA,0.4162315550510783,0.28665662
Eastern Cape,Ward 29300056,NMA,0.3941319163682569,0.25344586
Eastern Cape,Ward 29300057,NMA,0.4167636786961583,0.28207332
Eastern Cape,Ward 29300058,NMA,0.4129852744310575,0.2801727
Eastern Cape,Ward 29300059,NMA,0.401886572726214,0.24187005
Eastern Cape,Ward 29300060,NMA,0.4448424068767908,0.36704338
Free State,Ward 41601001,FS161,0.4504428511176718,0.35950243
Free State,Ward 41601002,FS161,0.5182967398536261,0.38605666
Free State,Ward 41601003,FS161,0.5149489975378122,0.39292607
Free State,Ward 41601004,FS161,0.4901356350184956,0.41913924
Free State,Ward 41601005,FS161,0.48582995951417,0.4236462
Free State,Ward 41601006,FS161,0.5066722268557131,0.35389403
Free State,Ward 41602001,FS162,0.4300554016620498,0.36478922
Free State,Ward 41602002,FS162,0.4991376336667816,0.4094607
Free State,Ward 41602003,FS162,0.4918485769549599,0.34575373
Free State,Ward 41602004,FS162,0.5061289047054172,0.37931666
Free State,Ward 41602005,FS162,0.5177453027139874,0.41625133
Free State,Ward 41602006,FS162,0.47779632721202,0.3877703
Free State,Ward 41602007,FS162,0.4888608659100462,0.39954212
Free State,Ward 41602008,FS162,0.4979553318653664,0.40334794
Free State,Ward 41603001,FS163,0.4148125571472112,0.38355154
Free State,Ward 41603002,FS163,0.5019577133907596,0.44690093
Free State,Ward 41603003,FS163,0.4118382659441434,0.31847164
Free State,Ward 41603004,FS163,0.6438679245283019,0.4954335
Free State,Ward 41603005,FS163,0.4878253568429891,0.38835812
Free State,Ward 41603006,FS163,0.5678552421500799,0.43877077
Free State,Ward 41801001,FS181,0.4866508955728286,0.4763616
Free State,Ward 41801002,FS181,0.4466501240694789,0.39964795
Free State,Ward 41801003,FS181,0.4706723891273247,0.43626893
Free State,Ward 41801004,FS181,0.5355921666148585,0.48912403
Free State,Ward 41801005,FS181,0.3786516853932584,0.3456378
Free State,Ward 41801006,FS181,0.3765690376569037,0.31233516
Free State,Ward 41801007,FS181,0.4422641509433962,0.3183808
Free State,Ward 41801008,FS181,0.4577249575551783,0.39761823
Free State,Ward 41801009,FS181,0.4615132656403538,0.33014867
Free State,Ward 41801010,FS181,0.4480446927374302,0.37992907
Free State,Ward 41802001,FS182,0.6479338842975206,0.46785545
Free State,Ward 41802002,FS182,0.5929253228523301,0.4576076
Free State,Ward 41802003,FS182,0.6141235813366961,0.55451035
Free State,Ward 41802004,FS182,0.5199212985735366,0.43241778
Free State,Ward 41803001,FS183,0.4219773674806432,0.38625997
Free State,Ward 41803002,FS183,0.4247706422018348,0.40190732
Free State,Ward 41803003,FS183,0.4187572365881898,0.292709
Free State,Ward 41803004,FS183,0.5248249522597072,0.3601933
Free State,Ward 41803005,FS183,0.4682332463011314,0.39138395
Free State,Ward 41803006,FS183,0.4764460345855694,0.36367765
Free State,Ward 41803007,FS183,0.4748091603053435,0.37135118
Free State,Ward 41803008,FS183,0.4894574079280292,0.37218353
Free State,Ward 41804001,FS184,0.4287753807106599,0.33280045
Free State,Ward 41804002,FS184,0.4314798973481608,0.34308305
Free State,Ward 41804003,FS184,0.5793731041456016,0.44783863
Free State,Ward 41804004,FS184,0.5145364783324191,0.40361026
Free State,Ward 41804005,FS184,0.4446601941747573,0.40399948
Free State,Ward 41804006,FS184,0.4435107376283846,0.32924157
Free State,Ward 41804007,FS184,0.4397411229665908,0.34770897
Free State,Ward 41804008,FS184,0.45747982619491,0.407053
Free State,Ward 41804009,FS184,0.4598081376116441,0.40080482
Free State,Ward 41804010,FS184,0.4373661670235546,0.3524356
Free State,Ward 41804011,FS184,0.4922515952597994,0.4510273
Free State,Ward 41804012,FS184,0.4161598609904431,0.41226906
Free State,Ward 41804013,FS184,0.4111888111888112,0.3272337
Free State,Ward 41804014,FS184,0.4457789382071366,0.39265388
Free State,Ward 41804015,FS184,0.3735899137358991,0.3233267
Free State,Ward 41804016,FS184,0.4080737828847898,0.24771975
Free State,Ward 41804017,FS184,0.5661700262927257,0.48869225
Free State,Ward 41804018,FS184,0.4170220326936745,0.35231644
Free State,Ward 41804019,FS184,0.4040620871862616,0.28889152
Free State,Ward 41804020,FS184,0.3960608006850781,0.38752785
Free State,Ward 41804021,FS184,0.4285714285714285,0.33011156
Free State,Ward 41804022,FS184,0.3671698113207547,0.30795294
Free State,Ward 41804023,FS184,0.4104540123973865,0.30947685
Free State,Ward 41804024,FS184,0.2788862091646569,0.40227187
Free State,Ward 41804025,FS184,0.4860830980233965,0.3896313
Free State,Ward 41804026,FS184,0.4100153072381369,0.33213916
Free State,Ward 41804027,FS184,0.5027045890769499,0.45676845
Free State,Ward 41804028,FS184,0.4010946051602814,0.36705875
Free State,Ward 41804029,FS184,0.4061242735806884,0.36308724
Free State,Ward 41804030,FS184,0.3162609095084979,0.37300378
Free State,Ward 41804031,FS184,0.3908021390374331,0.40697747
Free State,Ward 41804032,FS184,0.4695895829899456,0.39502457
Free State,Ward 41804033,FS184,0.4859664607237423,0.3879627
Free State,Ward 41804034,FS184,0.5511948093052699,0.4689897
Free State,Ward 41804035,FS184,0.4814321398834305,0.41123194
Free State,Ward 41804036,FS184,0.4705658944170148,0.382983
Free State,Ward 41805001,FS185,0.4005745292052346,0.380706
Free State,Ward 41805002,FS185,0.5758811535100495,0.48503605
Free State,Ward 41805003,FS185,0.4924242424242424,0.39747858
Free State,Ward 41805004,FS185,0.398503910234614,0.38506317
Free State,Ward 41805005,FS185,0.5042483660130719,0.3641711
Free State,Ward 41805006,FS185,0.4971807628524046,0.3880239
Free State,Ward 41805007,FS185,0.532156862745098,0.41336748
Free State,Ward 41805008,FS185,0.4318924809298947,0.3374299
Free State,Ward 41805009,FS185,0.4314829713059802,0.34816337
Free State,Ward 41805010,FS185,0.313426514188903,0.42616743
Free State,Ward 41805011,FS185,0.419676945668135,0.37352598
Free State,Ward 41805012,FS185,0.5469540356278865,0.46648106
Free State,Ward 41901001,FS191,0.4447802197802197,0.40558168
Free State,Ward 41901002,FS191,0.4345881475959746,0.4067146
Free State,Ward 41901003,FS191,0.4373650107991361,0.37099195
Free State,Ward 41901004,FS191,0.58003120124805,0.4866994
Free State,Ward 41901005,FS191,0.3906093906093906,0.39615747
Free State,Ward 41901006,FS191,0.5287076036355576,0.40373608
Free State,Ward 41901007,FS191,0.5190494153149755,0.38631615
Free State,Ward 41901008,FS191,0.50627990430622,0.3782119
Free State,Ward 41901009,FS191,0.492221530802738,0.4571555
Free State,Ward 41901010,FS191,0.3698919061428948,0.33171228
Free State,Ward 41901011,FS191,0.461566091954023,0.36937767
Free State,Ward 41901012,FS191,0.4420412301453194,0.4026712
Free State,Ward 41901013,FS191,0.4083930399181167,0.3605823
Free State,Ward 41901014,FS191,0.3840996168582375,0.3793399
Free State,Ward 41901015,FS191,0.4970092441544317,0.41852817
Free State,Ward 41901016,FS191,0.3674274443505212,0.3953394
Free State,Ward 41901017,FS191,0.3347193347193347,0.44638017
Free State,Ward 41902001,FS192,0.4270379067427038,0.3558657
Free State,Ward 41902002,FS192,0.4082537517053206,0.3262028
Free State,Ward 41902003,FS192,0.5717003567181926,0.4836939
Free State,Ward 41902004,FS192,0.4263742523497579,0.37032822
Free State,Ward 41902005,FS192,0.3983983983983984,0.32848597
Free State,Ward 41902006,FS192,0.4639746634996041,0.3569435
Free State,Ward 41902007,FS192,0.458710407239819,0.39171556
Free State,Ward 41902008,FS192,0.4396645021645021,0.36794293
Free State,Ward 41902009,FS192,0.5056440903054449,0.38282675
Free State,Ward 41902010,FS192,0.6673211781206171,0.5625087
Free State,Ward 41902011,FS192,0.5135058288313904,0.3796789
Free State,Ward 41902012,FS192,0.4635458703255313,0.36275616
Free State,Ward 41902013,FS192,0.4791231732776618,0.38417324
Free State,Ward 41902014,FS192,0.4506895654436638,0.37355125
Free State,Ward 41902015,FS192,0.5955165692007798,0.46836835
Free State,Ward 41902016,FS192,0.4521951219512195,0.32135636
Free State,Ward 41902017,FS192,0.5482676540597725,0.404835
Free State,Ward 41902018,FS192,0.5138286334056399,0.3870168
Free State,Ward 41902019,FS192,0.4918689606410558,0.4108222
Free State,Ward 41902020,FS192,0.5714285714285714,0.45812348
Free State,Ward 41903001,FS193,0.4523670368205728,0.37934598
Free State,Ward 41903002,FS193,0.4439398240136247,0.34831676
Free State,Ward 41903003,FS193,0.5129390018484289,0.39225176
Free State,Ward 41903004,FS193,0.5464429947188568,0.43419468
Free State,Ward 41903005,FS193,0.4738871363477042,0.37096375
Free State,Ward 41903006,FS193,0.5490020851951147,0.46017358
Free State,Ward 41903007,FS193,0.4142969984202211,0.30953532
Free State,Ward 41903008,FS193,0.4058313632781717,0.33950496
Free State,Ward 41903009,FS193,0.3974006498375406,0.31335676
Free State,Ward 41904001,FS194,0.462662598361972,0.3389923
Free State,Ward 41904002,FS194,0.3942678669851185,0.31060866
Free State,Ward 41904003,FS194,0.4817246273953158,0.39628527
Free State,Ward 41904004,FS194,0.4108192865542924,0.31575033
Free State,Ward 41904005,FS194,0.4964512514008218,0.39402664
Free State,Ward 41904006,FS194,0.4771217712177121,0.3817824
Free State,Ward 41904007,FS194,0.5062062739787858,0.38633406
Free State,Ward 41904008,FS194,0.4682036990119078,0.38524562
Free State,Ward 41904009,FS194,0.4805497321220591,0.34308815
Free State,Ward 41904010,FS194,0.494741270509045,0.35120443
Free State,Ward 41904011,FS194,0.4448818897637795,0.3404305
Free State,Ward 41904012,FS194,0.4857198748043818,0.38606483
Free State,Ward 41904013,FS194,0.4510338559418314,0.34491387
Free State,Ward 41904014,FS194,0.4291543867603718,0.36587554
Free State,Ward 41904015,FS194,0.4392014519056261,0.3801455
Free State,Ward 41904016,FS194,0.4478935698447893,0.34886056
Free State,Ward 41904017,FS194,0.4132153614457831,0.32870343
Free State,Ward 41904018,FS194,0.5501369863013699,0.4115307
Free State,Ward 41904019,FS194,0.5464190981432361,0.42336297
Free State,Ward 41904020,FS194,0.449047619047619,0.30594763
Free State,Ward 41904021,FS194,0.6836829836829836,0.5377948
Free State,Ward 41904022,FS194,0.4730259473585962,0.38221443
Free State,Ward 41904023,FS194,0.479911164950535,0.39707854
Free State,Ward 41904024,FS194,0.4345736158091507,0.3580306
Free State,Ward 41904025,FS194,0.4438143247216971,0.36837578
Free State,Ward 41904026,FS194,0.4683113568694173,0.3548471
Free State,Ward 41904027,FS194,0.4431160817585808,0.33748236
Free State,Ward 41904028,FS194,0.4243515850144092,0.32229644
Free State,Ward 41904029,FS194,0.3847995212447636,0.3160027
Free State,Ward 41904030,FS194,0.4662429135887304,0.3516705
Free State,Ward 41904031,FS194,0.5127447358699667,0.4154575
Free State,Ward 41904032,FS194,0.4556841905484912,0.35451376
Free State,Ward 41904033,FS194,0.3986559722523303,0.27554643
Free State,Ward 41904034,FS194,0.401677079907925,0.2591665
Free State,Ward 41904035,FS194,0.435810134187863,0.3467338
Free State,Ward 41905001,FS195,0.5451669595782074,0.47175145
Free State,Ward 41905002,FS195,0.4386376981796829,0.3682427
Free State,Ward 41905003,FS195,0.4550995530272247,0.35834005
Free State,Ward 41905004,FS195,0.4116924588553181,0.31746233
Free State,Ward 41905005,FS195,0.4403600900225056,0.3546174
Free State,Ward 41905006,FS195,0.4301418439716312,0.36016312
Free State,Ward 41905007,FS195,0.4342517219787101,0.3702094
Free State,Ward 41905008,FS195,0.544646308465404,0.4196656
Free State,Ward 41906001,FS196,0.4656889872717211,0.338661
Free State,Ward 41906002,FS196,0.5270396999062207,0.44283208
Free State,Ward 41906003,FS196,0.3665212217374058,0.31917277
Free State,Ward 41906004,FS196,0.4350877192982456,0.4022002
Free State,Ward 41906005,FS196,0.4035573122529644,0.30731907
Free State,Ward 41906006,FS196,0.3819212808539026,0.41840175
Free State,Ward 41906007,FS196,0.4696469392938786,0.4099707
Free State,Ward 41906008,FS196,0.5387978142076503,0.4641034
Free State,Ward 41906009,FS196,0.4780966767371601,0.3876619
Free State,Ward 42001001,FS201,0.4417098445595855,0.37505963
Free State,Ward 42001002,FS201,0.4760401721664275,0.38259807
Free State,Ward 42001003,FS201,0.503579295154185,0.45014504
Free State,Ward 42001004,FS201,0.4140285536933581,0.34028375
Free State,Ward 42001005,FS201,0.4589134589134589,0.35971504
Free State,Ward 42001006,FS201,0.3865389731311519,0.31529045
Free State,Ward 42001007,FS201,0.3866699950074888,0.32151017
Free State,Ward 42001008,FS201,0.4359430604982206,0.37692466
Free State,Ward 42001009,FS201,0.4342194955691888,0.34669816
Free State,Ward 42001010,FS201,0.3175921120913337,0.38900688
Free State,Ward 42001011,FS201,0.3417513938996392,0.3975755
Free State,Ward 42001012,FS201,0.4357650096836669,0.37012434
Free State,Ward 42001013,FS201,0.4923653125900317,0.37821406
Free State,Ward 42001014,FS201,0.421579532814238,0.35100892
Free State,Ward 42001015,FS201,0.3968363136176066,0.37220225
Free State,Ward 42001016,FS201,0.4689973614775725,0.46197954
Free State,Ward 42001017,FS201,0.6002560819462228,0.5026633
Free State,Ward 42001018,FS201,0.4241996233521657,0.34131226
Free State,Ward 42001019,FS201,0.378698224852071,0.3954257
Free State,Ward 42001020,FS201,0.3630322421855771,0.33927545
Free State,Ward 42001021,FS201,0.3767430278884462,0.3581154
Free State,Ward 42001022,FS201,0.3137053227050655,0.47680882
Free State,Ward 42003001,FS203,0.4333834586466165,0.43384883
Free State,Ward 42003002,FS203,0.5595350298460572,0.48866096
Free State,Ward 42003003,FS203,0.3809946714031971,0.4004506
Free State,Ward 42003004,FS203,0.4759871931696905,0.35612074
Free State,Ward 42003005,FS203,0.36420214090117,0.34152034
Free State,Ward 42003006,FS203,0.3766124509254066,0.34815192
Free State,Ward 42003007,FS203,0.4246399176954732,0.29506674
Free State,Ward 42003008,FS203,0.5332075471698113,0.3892541
Free State,Ward 42003009,FS203,0.4541666666666666,0.34553546
Free State,Ward 42003010,FS203,0.5034352049277422,0.4094186
Free State,Ward 42003011,FS203,0.4756843800322061,0.42162976
Free State,Ward 42003012,FS203,0.5849210669569951,0.47380048
Free State,Ward 42003013,FS203,0.4353233830845771,0.35539344
Free State,Ward 42003014,FS203,0.5020184544405998,0.4501735
Free State,Ward 42003015,FS203,0.3853349426674713,0.4460603
Free State,Ward 42003016,FS203,0.4526475037821482,0.46633855
Free State,Ward 42003017,FS203,0.5060551404277248,0.44114813
Free State,Ward 42003018,FS203,0.3649025069637883,0.36047056
Free State,Ward 42004001,FS204,0.4261677548970367,0.35083637
Free State,Ward 42004002,FS204,0.4051769677760169,0.33407947
Free State,Ward 42004003,FS204,0.4639264156366772,0.3990692
Free State,Ward 42004004,FS204,0.5088397790055249,0.43733096
Free State,Ward 42004005,FS204,0.5273972602739726,0.4062237
Free State,Ward 42004006,FS204,0.4318253717178108,0.385357
Free State,Ward 42004007,FS204,0.3882978723404255,0.35245672
Free State,Ward 42004008,FS204,0.4256476683937824,0.37521017
Free State,Ward 42004009,FS204,0.4025740025740025,0.36765018
Free State,Ward 42004010,FS204,0.4482663731425426,0.38788912
Free State,Ward 42004011,FS204,0.4462890625,0.3910586
Free State,Ward 42004012,FS204,0.3994708994708995,0.36222118
Free State,Ward 42004013,FS204,0.3621238071935405,0.31825846
Free State,Ward 42004014,FS204,0.6161928306551298,0.51162523
Free State,Ward 42004015,FS204,0.4676680244399185,0.40178543
Free State,Ward 42004016,FS204,0.5984848484848485,0.4638577
Free State,Ward 42004017,FS204,0.3070246813127203,0.38405234
Free State,Ward 42004018,FS204,0.4328103683492497,0.35729375
Free State,Ward 42004019,FS204,0.45767004341534,0.33689255
Free State,Ward 42004020,FS204,0.5299019607843137,0.45588127
Free State,Ward 42004021,FS204,0.4426048565121412,0.3747199
Free State,Ward 42005001,FS205,0.4548032612548741,0.37329528
Free State,Ward 42005002,FS205,0.4050089445438282,0.32336032
Free State,Ward 42005003,FS205,0.4825938566552901,0.4255828
Free State,Ward 42005004,FS205,0.4979265402843602,0.42892876
Free State,Ward 42005005,FS205,0.5589847130083646,0.47144175
Free State,Ward 42005006,FS205,0.4090909090909091,0.3249943
Free State,Ward 42005007,FS205,0.3762450199203187,0.3205584
Free State,Ward 42005008,FS205,0.4368794326241135,0.4333457
Free State,Ward 42005009,FS205,0.4640111809923131,0.401376
Free State,Ward 49400001,MAN,0.4525179856115108,0.32001474
Free State,Ward 49400002,MAN,0.3307382898663553,0.19818899
Free State,Ward 49400003,MAN,0.4282912478548664,0.30683503
Free State,Ward 49400004,MAN,0.3845122360040228,0.21225835
Free State,Ward 49400005,MAN,0.4238645313730638,0.2797582
Free State,Ward 49400006,MAN,0.5254171011470281,0.38661873
Free State,Ward 49400007,MAN,0.3781997187060478,0.19173682
Free State,Ward 49400008,MAN,0.3114241001564945,0.1725169
Free State,Ward 49400009,MAN,0.3846868365180467,0.21271719
Free State,Ward 49400010,MAN,0.384907091391733,0.17319503
Free State,Ward 49400011,MAN,0.4033366045142296,0.21135354
Free State,Ward 49400012,MAN,0.3722018042098229,0.21440245
Free State,Ward 49400013,MAN,0.4008857666463042,0.26311997
Free State,Ward 49400014,MAN,0.4109294320137693,0.19253324
Free State,Ward 49400015,MAN,0.3762786839922588,0.18497315
Free State,Ward 49400016,MAN,0.5514673674989049,0.43321818
Free State,Ward 49400017,MAN,0.3850794755772131,0.19319507
Free State,Ward 49400018,MAN,0.4973006644518272,0.38968918
Free State,Ward 49400019,MAN,0.3091767173571054,0.1872594
Free State,Ward 49400020,MAN,0.5739987149282502,0.39104974
Free State,Ward 49400021,MAN,0.4471925133689839,0.40259966
Free State,Ward 49400022,MAN,0.5994092251760963,0.4881768
Free State,Ward 49400023,MAN,0.3444494686864119,0.1772943
Free State,Ward 49400024,MAN,0.6083269082498073,0.4952408
Free State,Ward 49400025,MAN,0.6591564335290977,0.55398697
Free State,Ward 49400026,MAN,0.5852970054000982,0.44475514
Free State,Ward 49400027,MAN,0.3796508127633955,0.22989349
Free State,Ward 49400028,MAN,0.4351631861948231,0.30101812
Free State,Ward 49400029,MAN,0.3909334633195223,0.23937018
Free State,Ward 49400030,MAN,0.3849281648143128,0.16329755
Free State,Ward 49400031,MAN,0.3804316127150773,0.23059657
Free State,Ward 49400032,MAN,0.4473643768249577,0.42049325
Free State,Ward 49400033,MAN,0.3863439930855661,0.16783176
Free State,Ward 49400034,MAN,0.4297266076241817,0.25373897
Free State,Ward 49400035,MAN,0.441748304446119,0.34205326
Free State,Ward 49400036,MAN,0.4088971006253553,0.19433396
Free State,Ward 49400037,MAN,0.4092959158105738,0.22902799
Free State,Ward 49400038,MAN,0.4007855688100087,0.2179694
Free State,Ward 49400039,MAN,0.3773522614724331,0.20600863
Free State,Ward 49400040,MAN,0.3814756671899529,0.21076722
Free State,Ward 49400041,MAN,0.375491564125333,0.20298748
Free State,Ward 49400042,MAN,0.3676734243552613,0.16535284
Free State,Ward 49400043,MAN,0.4502077151335311,0.40972963
Free State,Ward 49400044,MAN,0.5551181102362205,0.41644293
Free State,Ward 49400045,MAN,0.3653895935801191,0.16254148
Free State,Ward 49400046,MAN,0.3850785031283201,0.18512332
Free State,Ward 49400047,MAN,0.4879804900708396,0.3909816
Free State,Ward 49400048,MAN,0.5567543268150146,0.3709147
Free State,Ward 49400049,MAN,0.3758585601628084,0.22094236
Free State,Ward 49400050,MAN,0.4422145328719723,0.28008088
Gauteng,Ward 79700001,EKU,0.6763095590411364,0.50192726
Gauteng,Ward 79700002,EKU,0.3265694356372859,0.19997492
Gauteng,Ward 79700003,EKU,0.2987044732339281,0.18477064
Gauteng,Ward 79700004,EKU,0.3631460367310712,0.19883966
Gauteng,Ward 79700005,EKU,0.3530060315195538,0.17597601
Gauteng,Ward 79700006,EKU,0.351038338658147,0.21437995
Gauteng,Ward 79700007,EKU,0.3570752312286068,0.18003629
Gauteng,Ward 79700008,EKU,0.3566237749183278,0.18062271
Gauteng,Ward 79700009,EKU,0.3380922497646689,0.19875543
Gauteng,Ward 79700010,EKU,0.3759177679882525,0.22142334
Gauteng,Ward 79700011,EKU,0.3445438799076212,0.19873068
Gauteng,Ward 79700012,EKU,0.3393880792872435,0.20365438
Gauteng,Ward 79700013,EKU,0.384665320253895,0.21903813
Gauteng,Ward 79700014,EKU,0.3539091586001489,0.22504489
Gauteng,Ward 79700015,EKU,0.5007605526682722,0.3502329
Gauteng,Ward 79700016,EKU,0.4593037661050545,0.33786082
Gauteng,Ward 79700017,EKU,0.4481881754609027,0.34336782
Gauteng,Ward 79700018,EKU,0.5418412698412698,0.36797005
Gauteng,Ward 79700019,EKU,0.5674864169287961,0.41764194
Gauteng,Ward 79700020,EKU,0.5767185598052406,0.40392682
Gauteng,Ward 79700021,EKU,0.2579024034959942,0.18486284
Gauteng,Ward 79700022,EKU,0.5183356376324972,0.38988122
Gauteng,Ward 79700023,EKU,0.5233829534975629,0.3773007
Gauteng,Ward 79700024,EKU,0.5116093855296208,0.3891978
Gauteng,Ward 79700025,EKU,0.5168158567774936,0.39492536
Gauteng,Ward 79700026,EKU,0.3367583015786609,0.14539419
Gauteng,Ward 79700027,EKU,0.577920443101712,0.4250645
Gauteng,Ward 79700028,EKU,0.5621577441765427,0.43659127
Gauteng,Ward 79700029,EKU,0.3804330520617736,0.19380602
Gauteng,Ward 79700030,EKU,0.3908191198146978,0.19128641
Gauteng,Ward 79700031,EKU,0.5060680515225969,0.40258002
Gauteng,Ward 79700032,EKU,0.5463446008718645,0.40089566
Gauteng,Ward 79700033,EKU,0.4695420809410446,0.32895613
Gauteng,Ward 79700034,EKU,0.5431673272445287,0.41001016
Gauteng,Ward 79700035,EKU,0.3046048742035078,0.14098243
Gauteng,Ward 79700036,EKU,0.5095451155853841,0.39277548
Gauteng,Ward 79700037,EKU,0.5716286769387495,0.37036422
Gauteng,Ward 79700038,EKU,0.6078431372549019,0.4550678
Gauteng,Ward 79700039,EKU,0.5082293680079658,0.374056
Gauteng,Ward 79700040,EKU,0.3841373671300082,0.20121084
Gauteng,Ward 79700041,EKU,0.3520305719282336,0.1937073
Gauteng,Ward 79700042,EKU,0.4189030131826742,0.26587746
Gauteng,Ward 79700043,EKU,0.5253483198688678,0.4042621
Gauteng,Ward 79700044,EKU,0.393502538071066,0.2213972
Gauteng,Ward 79700045,EKU,0.3764281828073993,0.17966059
Gauteng,Ward 79700046,EKU,0.3704020530367836,0.21135548
Gauteng,Ward 79700047,EKU,0.3897857142857143,0.24794374
Gauteng,Ward 79700048,EKU,0.4487489911218725,0.4331785
Gauteng,Ward 79700049,EKU,0.4394731032452719,0.35612503
Gauteng,Ward 79700050,EKU,0.4143327180804109,0.28076106
Gauteng,Ward 79700051,EKU,0.3778295363563578,0.1878338
Gauteng,Ward 79700052,EKU,0.3078151077570568,0.20912807
Gauteng,Ward 79700053,EKU,0.4718560841771794,0.33681044
Gauteng,Ward 79700054,EKU,0.4167744881650049,0.27811548
Gauteng,Ward 79700055,EKU,0.4535424383324139,0.37977156
Gauteng,Ward 79700056,EKU,0.4307139509451648,0.30192068
Gauteng,Ward 79700057,EKU,0.4913818503241013,0.37362778
Gauteng,Ward 79700058,EKU,0.3862364932178711,0.20932356
Gauteng,Ward 79700059,EKU,0.3628267973856209,0.22704358
Gauteng,Ward 79700060,EKU,0.3732275489534098,0.23363747
Gauteng,Ward 79700061,EKU,0.4048716260697828,0.22730182
Gauteng,Ward 79700062,EKU,0.4482875264270613,0.4355091
Gauteng,Ward 79700063,EKU,0.3887485491909606,0.21467178
Gauteng,Ward 79700064,EKU,0.4089495741516831,0.20507379
Gauteng,Ward 79700065,EKU,0.3675194152581087,0.19274859
Gauteng,Ward 79700066,EKU,0.3983613626563174,0.24205029
Gauteng,Ward 79700067,EKU,0.3852307236500999,0.21498044
Gauteng,Ward 79700068,EKU,0.394968732234224,0.2241657
Gauteng,Ward 79700069,EKU,0.3940065744209158,0.23116754
Gauteng,Ward 79700070,EKU,0.3993192648059904,0.21887943
Gauteng,Ward 79700071,EKU,0.4531937928545651,0.3783514
Gauteng,Ward 79700072,EKU,0.4748383260239351,0.36629584
Gauteng,Ward 79700073,EKU,0.4351789123606577,0.2983516
Gauteng,Ward 79700074,EKU,0.433366077275704,0.3428152
Gauteng,Ward 79700075,EKU,0.5015741090542752,0.3742243
Gauteng,Ward 79700076,EKU,0.5208974127012846,0.39491066
Gauteng,Ward 79700077,EKU,0.4539902616159115,0.39448056
Gauteng,Ward 79700078,EKU,0.41907174522754,0.29820374
Gauteng,Ward 79700079,EKU,0.3913077403245942,0.2408527
Gauteng,Ward 79700080,EKU,0.4146206896551724,0.31381348
Gauteng,Ward 79700081,EKU,0.3986175115207373,0.187589
Gauteng,Ward 79700082,EKU,0.4320132417851888,0.26909631
Gauteng,Ward 79700083,EKU,0.4317834836918806,0.27380306
Gauteng,Ward 79700084,EKU,0.3303455144411246,0.19875543
Gauteng,Ward 79700085,EKU,0.3798566308243727,0.22291471
Gauteng,Ward 79700086,EKU,0.4103345903875471,0.22091779
Gauteng,Ward 79700087,EKU,0.3813294232649071,0.21427363
Gauteng,Ward 79700088,EKU,0.5404114879573063,0.42271104
Gauteng,Ward 79700089,EKU,0.3711739100393836,0.19507287
Gauteng,Ward 79700090,EKU,0.3009688140866982,0.18673421
Gauteng,Ward 79700091,EKU,0.5276087279204393,0.45460483
Gauteng,Ward 79700092,EKU,0.5417509956257753,0.38602722
Gauteng,Ward 79700093,EKU,0.2880197322057787,0.18181251
Gauteng,Ward 79700094,EKU,0.5265198725938236,0.40564838
Gauteng,Ward 79700095,EKU,0.3611611472911182,0.18071829
Gauteng,Ward 79700096,EKU,0.3714812538414259,0.19930921
Gauteng,Ward 79700097,EKU,0.5206493506493507,0.3961252
Gauteng,Ward 79700098,EKU,0.412281349177061,0.2417628
Gauteng,Ward 79700099,EKU,0.3594614533382516,0.17700592
Gauteng,Ward 79700100,EKU,0.2511136277840695,0.20316108
Gauteng,Ward 79700101,EKU,0.455747558226897,0.3741622
Gauteng,Ward 79700102,EKU,0.3300103128222757,0.19036654
Gauteng,Ward 79700103,EKU,0.385437117450052,0.20348392
Gauteng,Ward 79700104,EKU,0.5220317460317461,0.3795005
Gauteng,Ward 79700105,EKU,0.5837864156455409,0.43779734
Gauteng,Ward 79700106,EKU,0.5924887208876967,0.4265607
Gauteng,Ward 79700107,EKU,0.4104584082873271,0.22384414
Gauteng,Ward 79700108,EKU,0.4833591331269349,0.38556755
Gauteng,Ward 79700109,EKU,0.4753135077033321,0.39509335
Gauteng,Ward 79700110,EKU,0.3884681812142952,0.18033436
Gauteng,Ward 79700111,EKU,0.4324214297345709,0.3077622
Gauteng,Ward 79700112,EKU,0.390625,0.27235967
Gauteng,Ward 74201001,GT421,0.6136200716845878,0.4591386
Gauteng,Ward 74201002,GT421,0.4458181818181818,0.36201036
Gauteng,Ward 74201003,GT421,0.4617903930131004,0.3588017
Gauteng,Ward 74201004,GT421,0.429437316900697,0.30794573
Gauteng,Ward 74201005,GT421,0.6785799380509888,0.5174984
Gauteng,Ward 74201006,GT421,0.4180716253443526,0.2863897
Gauteng,Ward 74201007,GT421,0.4419186178676972,0.34832302
Gauteng,Ward 74201008,GT421,0.4221073044602456,0.2654147
Gauteng,Ward 74201009,GT421,0.526217008797654,0.4108403
Gauteng,Ward 74201010,GT421,0.4344813320922536,0.32080415
Gauteng,Ward 74201011,GT421,0.4139134481154025,0.2904904
Gauteng,Ward 74201012,GT421,0.3980852378011118,0.26917997
Gauteng,Ward 74201013,GT421,0.4200816573415998,0.3077024
Gauteng,Ward 74201014,GT421,0.4031977204369162,0.27033287
Gauteng,Ward 74201015,GT421,0.3529134229771172,0.20033461
Gauteng,Ward 74201016,GT421,0.5345724907063197,0.416619
Gauteng,Ward 74201017,GT421,0.4399101017269931,0.33828813
Gauteng,Ward 74201018,GT421,0.3709387529379234,0.18627426
Gauteng,Ward 74201019,GT421,0.3950237629298295,0.20939864
Gauteng,Ward 74201020,GT421,0.3974605049461095,0.24284843
Gauteng,Ward 74201021,GT421,0.3965917893106119,0.24360283
Gauteng,Ward 74201022,GT421,0.4006353240152477,0.23241472
Gauteng,Ward 74201023,GT421,0.4769997733967822,0.42038375
Gauteng,Ward 74201024,GT421,0.3918839730442426,0.22353621
Gauteng,Ward 74201025,GT421,0.4924050632911392,0.37583458
Gauteng,Ward 74201026,GT421,0.5092873619036057,0.4316209
Gauteng,Ward 74201027,GT421,0.3596481206443505,0.2365136
Gauteng,Ward 74201028,GT421,0.4126746506986028,0.28080925
Gauteng,Ward 74201029,GT421,0.3830208809632678,0.23473583
Gauteng,Ward 74201030,GT421,0.4286441109132536,0.2634822
Gauteng,Ward 74201031,GT421,0.4468227424749164,0.3959884
Gauteng,Ward 74201032,GT421,0.4330750032838565,0.2955975
Gauteng,Ward 74201033,GT421,0.4253150978814695,0.28706166
Gauteng,Ward 74201034,GT421,0.4261045426260112,0.37434745
Gauteng,Ward 74201035,GT421,0.428183849345675,0.33511123
Gauteng,Ward 74201036,GT421,0.395263671875,0.25429514
Gauteng,Ward 74201037,GT421,0.4063404968754763,0.26184762
Gauteng,Ward 74201038,GT421,0.3840298721815309,0.15407239
Gauteng,Ward 74201039,GT421,0.3532651455546813,0.24668367
Gauteng,Ward 74201040,GT421,0.4274450341167551,0.3147584
Gauteng,Ward 74201041,GT421,0.4338721011946592,0.28734735
Gauteng,Ward 74201042,GT421,0.3597301657134477,0.20213091
Gauteng,Ward 74201043,GT421,0.393058568329718,0.19868031
Gauteng,Ward 74201044,GT421,0.3685023883113234,0.20687027
Gauteng,Ward 74201045,GT421,0.5604288499025342,0.434463
Gauteng,Ward 74202001,GT422,0.5638655462184874,0.46760437
Gauteng,Ward 74202002,GT422,0.7019464720194647,0.6299477
Gauteng,Ward 74202003,GT422,0.6597093791281374,0.5700178
Gauteng,Ward 74202004,GT422,0.5562484410077326,0.45497736
Gauteng,Ward 74202005,GT422,0.5031329774889766,0.40767327
Gauteng,Ward 74202006,GT422,0.423566168266012,0.2740787
Gauteng,Ward 74202007,GT422,0.5510396975425331,0.4241323
Gauteng,Ward 74202008,GT422,0.4773130544993663,0.39032042
Gauteng,Ward 74202009,GT422,0.4946236559139785,0.40361005
Gauteng,Ward 74202010,GT422,0.4601679816747264,0.3424146
Gauteng,Ward 74202011,GT422,0.4651260504201681,0.355539
Gauteng,Ward 74202012,GT422,0.4633786178381571,0.38849384
Gauteng,Ward 74202013,GT422,0.5893707033315706,0.46931934
Gauteng,Ward 74202014,GT422,0.7172867628448494,0.5704349
Gauteng,Ward 74202015,GT422,0.5200322667383706,0.41587317
Gauteng,Ward 74203001,GT423,0.4881825590872045,0.38873503
Gauteng,Ward 74203002,GT423,0.4833440102498398,0.43362442
Gauteng,Ward 74203003,GT423,0.501649327581832,0.38811353
Gauteng,Ward 74203004,GT423,0.4552919708029197,0.33085355
Gauteng,Ward 74203005,GT423,0.4708710407239819,0.36275682
Gauteng,Ward 74203006,GT423,0.5073457394711067,0.4201976
Gauteng,Ward 74203007,GT423,0.4440196613872201,0.32997853
Gauteng,Ward 74203008,GT423,0.5247482322691236,0.43120667
Gauteng,Ward 74203009,GT423,0.5937264742785445,0.48512366
Gauteng,Ward 74203010,GT423,0.5725961538461538,0.46318424
Gauteng,Ward 74203011,GT423,0.4893445918777643,0.36654824
Gauteng,Ward 74203012,GT423,0.5489058792512523,0.44614875
Gauteng,Ward 74203013,GT423,0.52346316283435,0.39835405
Gauteng,Ward 74801001,GT481,0.4260244811069718,0.33647397
Gauteng,Ward 74801002,GT481,0.4004489337822671,0.2822416
Gauteng,Ward 74801003,GT481,0.3946551724137931,0.28545767
Gauteng,Ward 74801004,GT481,0.4347826086956521,0.33489776
Gauteng,Ward 74801005,GT481,0.4298073141958317,0.27702332
Gauteng,Ward 74801006,GT481,0.4530489218641317,0.3336457
Gauteng,Ward 74801007,GT481,0.4312260536398467,0.31366357
Gauteng,Ward 74801008,GT481,0.4686693264491903,0.40008858
Gauteng,Ward 74801009,GT481,0.4851666666666667,0.38546312
Gauteng,Ward 74801010,GT481,0.4673224043715847,0.35664767
Gauteng,Ward 74801011,GT481,0.4692814994793474,0.32011393
Gauteng,Ward 74801012,GT481,0.3143890467579436,0.3681847
Gauteng,Ward 74801013,GT481,0.4046396316628298,0.29878584
Gauteng,Ward 74801014,GT481,0.4723270440251572,0.4209488
Gauteng,Ward 74801015,GT481,0.4644896094998858,0.3367218
Gauteng,Ward 74801016,GT481,0.4057520404197435,0.26659703
Gauteng,Ward 74801017,GT481,0.5832451872223398,0.44456434
Gauteng,Ward 74801018,GT481,0.6418088737201365,0.5061896
Gauteng,Ward 74801019,GT481,0.4436229205175601,0.28061688
Gauteng,Ward 74801020,GT481,0.4639311714096625,0.33432055
Gauteng,Ward 74801021,GT481,0.6487758945386064,0.5519896
Gauteng,Ward 74801022,GT481,0.6347393626818936,0.497943
Gauteng,Ward 74801023,GT481,0.4522152435919199,0.33875912
Gauteng,Ward 74801024,GT481,0.4480342545737641,0.3398663
Gauteng,Ward 74801025,GT481,0.4234990316333118,0.3481126
Gauteng,Ward 74801026,GT481,0.4481448368350469,0.32088032
Gauteng,Ward 74801027,GT481,0.4530729975593521,0.33383676
Gauteng,Ward 74801028,GT481,0.5811186037286791,0.4510819
Gauteng,Ward 74801029,GT481,0.666747927840078,0.53695
Gauteng,Ward 74801030,GT481,0.4743301642178046,0.37644652
Gauteng,Ward 74801031,GT481,0.4910268270120259,0.3717978
Gauteng,Ward 74801032,GT481,0.5046753940689287,0.36306202
Gauteng,Ward 74801033,GT481,0.4719730941704035,0.36068305
Gauteng,Ward 74801034,GT481,0.4104704097116843,0.2815458
Gauteng,Ward 74801035,GT481,0.5642646439106616,0.42434034
Gauteng,Ward 74801036,GT481,0.4664005322687957,0.4119018
Gauteng,Ward 74801037,GT481,0.6202297907263028,0.5022315
Gauteng,Ward 74801038,GT481,0.499682270705359,0.3916426
Gauteng,Ward 74801039,GT481,0.551410373066424,0.43272638
Gauteng,Ward 74804001,GT484,0.4422143802382002,0.36489636
Gauteng,Ward 74804002,GT484,0.4729493891797556,0.39058167
Gauteng,Ward 74804003,GT484,0.4430003713330858,0.3410679
Gauteng,Ward 74804004,GT484,0.4390243902439024,0.313726
Gauteng,Ward 74804005,GT484,0.2604131391804944,0.38160902
Gauteng,Ward 74804006,GT484,0.45368492224476,0.41481334
Gauteng,Ward 74804007,GT484,0.5150822669104205,0.40526322
Gauteng,Ward 74804008,GT484,0.4355016538037486,0.3174537
Gauteng,Ward 74804009,GT484,0.4817771607080874,0.40885586
Gauteng,Ward 74804010,GT484,0.3848768054375531,0.40388367
Gauteng,Ward 74804011,GT484,0.3292547274749722,0.35558712
Gauteng,Ward 74804012,GT484,0.5292485549132948,0.37899458
Gauteng,Ward 74804013,GT484,0.4505644885391721,0.4206331
Gauteng,Ward 74804014,GT484,0.4480604009372559,0.38291588
Gauteng,Ward 74804015,GT484,0.370939161252215,0.36990997
Gauteng,Ward 74804016,GT484,0.424310008363535,0.3728403
Gauteng,Ward 74804017,GT484,0.4235474006116208,0.36356637
Gauteng,Ward 74804018,GT484,0.3523509174311927,0.39351937
Gauteng,Ward 74804019,GT484,0.3040562120728202,0.3912536
Gauteng,Ward 74804020,GT484,0.3341002044989775,0.37010354
Gauteng,Ward 74804021,GT484,0.5714285714285714,0.4889484
Gauteng,Ward 74804022,GT484,0.4407720144752714,0.39389417
Gauteng,Ward 74804023,GT484,0.3715753424657534,0.36888373
Gauteng,Ward 74804024,GT484,0.4931554931554932,0.43725318
Gauteng,Ward 74804025,GT484,0.3596824301001035,0.36404762
Gauteng,Ward 74804026,GT484,0.4231957315360853,0.3434518
Gauteng,Ward 74804027,GT484,0.1723347344287352,0.37456423
Gauteng,Ward 74804028,GT484,0.4882641217436162,0.4234468
Gauteng,Ward 79800001,JHB,0.3940114733454596,0.22746268
Gauteng,Ward 79800002,JHB,0.3786692759295499,0.19919473
Gauteng,Ward 79800003,JHB,0.3953299342348333,0.2489612
Gauteng,Ward 79800004,JHB,0.4008762945260043,0.23619016
Gauteng,Ward 79800005,JHB,0.3582964394836939,0.20635982
Gauteng,Ward 79800006,JHB,0.4649830220713073,0.36543128
Gauteng,Ward 79800007,JHB,0.4871120994642676,0.37100336
Gauteng,Ward 79800008,JHB,0.3606493794326241,0.17919672
Gauteng,Ward 79800009,JHB,0.4684164190601959,0.33560762
Gauteng,Ward 79800010,JHB,0.4278866194247603,0.2813233
Gauteng,Ward 79800011,JHB,0.4273036253776435,0.3001059
Gauteng,Ward 79800012,JHB,0.3931061192873741,0.1948453
Gauteng,Ward 79800013,JHB,0.4040829552819183,0.21956259
Gauteng,Ward 79800014,JHB,0.440583591767691,0.33479056
Gauteng,Ward 79800015,JHB,0.3570430408049189,0.20221922
Gauteng,Ward 79800016,JHB,0.4209851936218678,0.30271932
Gauteng,Ward 79800017,JHB,0.5184820108427797,0.4046857
Gauteng,Ward 79800018,JHB,0.5445502645502646,0.39196974
Gauteng,Ward 79800019,JHB,0.3827058647067646,0.2275784
Gauteng,Ward 79800020,JHB,0.3740265359100087,0.21038464
Gauteng,Ward 79800021,JHB,0.5064935064935064,0.39047655
Gauteng,Ward 79800022,JHB,0.436917140100761,0.25535288
Gauteng,Ward 79800023,JHB,0.5531344284277573,0.3842419
Gauteng,Ward 79800024,JHB,0.3500092302012184,0.18628447
Gauteng,Ward 79800025,JHB,0.403676774841875,0.24521051
Gauteng,Ward 79800026,JHB,0.3741835147744946,0.2099926
Gauteng,Ward 79800027,JHB,0.4256534024016953,0.29157546
Gauteng,Ward 79800028,JHB,0.4237644584647739,0.3014336
Gauteng,Ward 79800029,JHB,0.4457494762237318,0.28840598
Gauteng,Ward 79800030,JHB,0.4002125132820801,0.23073167
Gauteng,Ward 79800031,JHB,0.3886229894076108,0.21907711
Gauteng,Ward 79800032,JHB,0.4406805957798924,0.3260222
Gauteng,Ward 79800033,JHB,0.466802860061287,0.3646081
Gauteng,Ward 79800034,JHB,0.4257651245551601,0.30369303
Gauteng,Ward 79800035,JHB,0.438,0.29608563
Gauteng,Ward 79800036,JHB,0.4357985655895735,0.3086059
Gauteng,Ward 79800037,JHB,0.3897166679533699,0.23238151
Gauteng,Ward 79800038,JHB,0.4300343793431351,0.31002918
Gauteng,Ward 79800039,JHB,0.4325939203824034,0.32591712
Gauteng,Ward 79800040,JHB,0.4398550229091157,0.31272176
Gauteng,Ward 79800041,JHB,0.3887769613652524,0.2247063
Gauteng,Ward 79800042,JHB,0.4172029172029172,0.23877339
Gauteng,Ward 79800043,JHB,0.4493231395104159,0.39402732
Gauteng,Ward 79800044,JHB,0.4054639054639055,0.2298997
Gauteng,Ward 79800045,JHB,0.4293701799485861,0.2952708
Gauteng,Ward 79800046,JHB,0.4199812675616609,0.29937983
Gauteng,Ward 79800047,JHB,0.3746159300401796,0.19037305
Gauteng,Ward 79800048,JHB,0.4333771954917329,0.2985448
Gauteng,Ward 79800049,JHB,0.3565600440506583,0.1879237
Gauteng,Ward 79800050,JHB,0.381184103811841,0.19847523
Gauteng,Ward 79800051,JHB,0.3910051438898929,0.23820506
Gauteng,Ward 79800052,JHB,0.4207890275851441,0.32669085
Gauteng,Ward 79800053,JHB,0.3682351134094516,0.192364
Gauteng,Ward 79800054,JHB,0.4773910801753029,0.3572091
Gauteng,Ward 79800055,JHB,0.4234153100103914,0.2882264
Gauteng,Ward 79800056,JHB,0.4164768660115832,0.26691052
Gauteng,Ward 79800057,JHB,0.4379728920581351,0.28114608
Gauteng,Ward 79800058,JHB,0.3460633164646345,0.19934058
Gauteng,Ward 79800059,JHB,0.2183908045977011,0.23357846
Gauteng,Ward 79800060,JHB,0.2339535729438147,0.20415676
Gauteng,Ward 79800061,JHB,0.3104014137843979,0.17161198
Gauteng,Ward 79800062,JHB,0.2390455916267518,0.24053065
Gauteng,Ward 79800063,JHB,0.2290909090909091,0.21065384
Gauteng,Ward 79800064,JHB,0.232072072072072,0.22434805
Gauteng,Ward 79800065,JHB,0.3128147733631785,0.19145635
Gauteng,Ward 79800066,JHB,0.3784893839192482,0.19882286
Gauteng,Ward 79800067,JHB,0.2690920254816179,0.20251322
Gauteng,Ward 79800068,JHB,0.4704459650778669,0.32938662
Gauteng,Ward 79800069,JHB,0.3856679182842232,0.14443892
Gauteng,Ward 79800070,JHB,0.4991574791776997,0.3904351
Gauteng,Ward 79800071,JHB,0.456097849208225,0.33999467
Gauteng,Ward 79800072,JHB,0.550638358915507,0.41631687
Gauteng,Ward 79800073,JHB,0.4493109917836579,0.36810136
Gauteng,Ward 79800074,JHB,0.5114839348727791,0.38721767
Gauteng,Ward 79800075,JHB,0.3328461587341933,0.15238394
Gauteng,Ward 79800076,JHB,0.3739501882421083,0.20297982
Gauteng,Ward 79800077,JHB,0.3250095069083534,0.15740174
Gauteng,Ward 79800078,JHB,0.3255872063968016,0.15898904
Gauteng,Ward 79800079,JHB,0.3261103038726388,0.1699854
Gauteng,Ward 79800080,JHB,0.4204796233632485,0.31629187
Gauteng,Ward 79800081,JHB,0.4073386234453261,0.22640578
Gauteng,Ward 79800082,JHB,0.496973125884017,0.38904607
Gauteng,Ward 79800083,JHB,0.5956194214091283,0.3981928
Gauteng,Ward 79800084,JHB,0.4842850818946436,0.3548635
Gauteng,Ward 79800085,JHB,0.4896487555245405,0.36320505
Gauteng,Ward 79800086,JHB,0.5321745562130178,0.33777872
Gauteng,Ward 79800087,JHB,0.4866310160427807,0.35132408
Gauteng,Ward 79800088,JHB,0.555072,0.36175194
Gauteng,Ward 79800089,JHB,0.5404728789986092,0.3885015
Gauteng,Ward 79800090,JHB,0.5297057893071813,0.38112944
Gauteng,Ward 79800091,JHB,0.4287075261987932,0.2442999
Gauteng,Ward 79800092,JHB,0.364535681610247,0.19148168
Gauteng,Ward 79800093,JHB,0.5212787619629403,0.36389783
Gauteng,Ward 79800094,JHB,0.4696908407974574,0.32969084
Gauteng,Ward 79800095,JHB,0.2979160878021673,0.18410029
Gauteng,Ward 79800096,JHB,0.4734027968193035,0.35566702
Gauteng,Ward 79800097,JHB,0.5247387072175123,0.384452
Gauteng,Ward 79800098,JHB,0.4917020904908868,0.34982678
Gauteng,Ward 79800099,JHB,0.5683921147914711,0.41398457
Gauteng,Ward 79800100,JHB,0.4033350436121087,0.23464006
Gauteng,Ward 79800101,JHB,0.5097332709405709,0.35370433
Gauteng,Ward 79800102,JHB,0.5268076471216491,0.3744128
Gauteng,Ward 79800103,JHB,0.5088221756252238,0.37477612
Gauteng,Ward 79800104,JHB,0.5128864506543231,0.39642596
Gauteng,Ward 79800105,JHB,0.3880589218554116,0.22161397
Gauteng,Ward 79800106,JHB,0.52441085810878,0.37670678
Gauteng,Ward 79800107,JHB,0.3795625120277118,0.2058443
Gauteng,Ward 79800108,JHB,0.3569049812229859,0.2337245
Gauteng,Ward 79800109,JHB,0.4074746702351366,0.23515272
Gauteng,Ward 79800110,JHB,0.2554967815945446,0.15238394
Gauteng,Ward 79800111,JHB,0.3076687116564417,0.20635982
Gauteng,Ward 79800112,JHB,0.4482318070318888,0.37812224
Gauteng,Ward 79800113,JHB,0.2680979906413432,0.20248365
Gauteng,Ward 79800114,JHB,0.3796006144393241,0.20134114
Gauteng,Ward 79800115,JHB,0.454360679970436,0.35371786
Gauteng,Ward 79800116,JHB,0.3646148175451529,0.2130054
Gauteng,Ward 79800117,JHB,0.5293084059600787,0.415766
Gauteng,Ward 79800118,JHB,0.3193349824541218,0.19148168
Gauteng,Ward 79800119,JHB,0.404071661237785,0.21774141
Gauteng,Ward 79800120,JHB,0.4089673913043478,0.25057498
Gauteng,Ward 79800121,JHB,0.4680417621594092,0.39923432
Gauteng,Ward 79800122,JHB,0.4114131584514491,0.22781636
Gauteng,Ward 79800123,JHB,0.2112845990063875,0.217357
Gauteng,Ward 79800124,JHB,0.3179443008900373,0.19790347
Gauteng,Ward 79800125,JHB,0.4782924107142857,0.34148416
Gauteng,Ward 79800126,JHB,0.5306615161757605,0.36522922
Gauteng,Ward 79800127,JHB,0.386183048852266,0.21483049
Gauteng,Ward 79800128,JHB,0.3562464669304692,0.16260155
Gauteng,Ward 79800129,JHB,0.4014004668222741,0.22611527
Gauteng,Ward 79800130,JHB,0.4384281471327393,0.3209281
Gauteng,Ward 79800131,JHB,0.447803007962253,0.38465956
Gauteng,Ward 79800132,JHB,0.5048414843942001,0.4001735
Gauteng,Ward 79800133,JHB,0.3105110896817743,0.2305378
Gauteng,Ward 79800134,JHB,0.4389846541938196,0.33866233
Gauteng,Ward 79800135,JHB,0.4218971212836243,0.28441146
Gauteng,Ward 79900001,TSH,0.4921804238874464,0.34893626
Gauteng,Ward 79900002,TSH,0.4986218992733651,0.38637656
Gauteng,Ward 79900003,TSH,0.3216161116945697,0.1632201
Gauteng,Ward 79900004,TSH,0.4290778114458864,0.2752592
Gauteng,Ward 79900005,TSH,0.5903458957150233,0.42042333
Gauteng,Ward 79900006,TSH,0.4084517045454545,0.2394279
Gauteng,Ward 79900007,TSH,0.4479371316306483,0.3317774
Gauteng,Ward 79900008,TSH,0.3945741227392178,0.2390722
Gauteng,Ward 79900009,TSH,0.3867701102490812,0.18895178
Gauteng,Ward 79900010,TSH,0.3299492385786802,0.18601328
Gauteng,Ward 79900011,TSH,0.405329928987473,0.2428691
Gauteng,Ward 79900012,TSH,0.3592607802874743,0.22285676
Gauteng,Ward 79900013,TSH,0.4265692999926237,0.29091582
Gauteng,Ward 79900014,TSH,0.4008535525171896,0.2408527
Gauteng,Ward 79900015,TSH,0.4455494778717056,0.3376396
Gauteng,Ward 79900016,TSH,0.4269188894937398,0.27057502
Gauteng,Ward 79900017,TSH,0.3783457436103843,0.19229212
Gauteng,Ward 79900018,TSH,0.4278353964536634,0.29092553
Gauteng,Ward 79900019,TSH,0.4266012155212716,0.30192068
Gauteng,Ward 79900020,TSH,0.393855962903927,0.22019681
Gauteng,Ward 79900021,TSH,0.3978129156199202,0.2527509
Gauteng,Ward 79900022,TSH,0.405548017488316,0.24156077
Gauteng,Ward 79900023,TSH,0.3979156797726196,0.21606357
Gauteng,Ward 79900024,TSH,0.3597622745998514,0.16735789
Gauteng,Ward 79900025,TSH,0.3610133708655876,0.21614765
Gauteng,Ward 79900026,TSH,0.4022625187156879,0.2636888
Gauteng,Ward 79900027,TSH,0.4106668878566689,0.28276327
Gauteng,Ward 79900028,TSH,0.3952169625246548,0.2675653
Gauteng,Ward 79900029,TSH,0.4297660145761411,0.3174582
Gauteng,Ward 79900030,TSH,0.4062322588784457,0.20785686
Gauteng,Ward 79900031,TSH,0.3932301044292401,0.2489612
Gauteng,Ward 79900032,TSH,0.3828091206821973,0.19402657
Gauteng,Ward 79900033,TSH,0.399464175310847,0.22649114
Gauteng,Ward 79900034,TSH,0.3645096433092561,0.20675185
Gauteng,Ward 79900035,TSH,0.3555924236139914,0.19734854
Gauteng,Ward 79900036,TSH,0.3619239341433604,0.21707563
Gauteng,Ward 79900037,TSH,0.3854455301152107,0.23893794
Gauteng,Ward 79900038,TSH,0.2571254249106598,0.23601748
Gauteng,Ward 79900039,TSH,0.3628776756046673,0.17728236
Gauteng,Ward 79900040,TSH,0.318639033281577,0.18384713
Gauteng,Ward 79900041,TSH,0.5531153608883406,0.4058662
Gauteng,Ward 79900042,TSH,0.5942531078051763,0.38434306
Gauteng,Ward 79900043,TSH,0.4378999518337576,0.29257545
Gauteng,Ward 79900044,TSH,0.6240705996803558,0.4557966
Gauteng,Ward 79900045,TSH,0.6315248664200576,0.47514492
Gauteng,Ward 79900046,TSH,0.5921122994652407,0.43943968
Gauteng,Ward 79900047,TSH,0.6254300079386081,0.45434198
Gauteng,Ward 79900048,TSH,0.5205431551955242,0.39704466
Gauteng,Ward 79900049,TSH,0.3915227413472786,0.21467178
Gauteng,Ward 79900050,TSH,0.6564519491348759,0.45078966
Gauteng,Ward 79900051,TSH,0.3831562974203338,0.23180738
Gauteng,Ward 79900052,TSH,0.5994762803726935,0.42937303
Gauteng,Ward 79900053,TSH,0.5217587712693872,0.4140117
Gauteng,Ward 79900054,TSH,0.597891365274256,0.4374337
Gauteng,Ward 79900055,TSH,0.496422774003487,0.3776425
Gauteng,Ward 79900056,TSH,0.3930715143200137,0.24360283
Gauteng,Ward 79900057,TSH,0.5036507453605111,0.38317838
Gauteng,Ward 79900058,TSH,0.2545534665099882,0.227526
Gauteng,Ward 79900059,TSH,0.2935074913561275,0.184734
Gauteng,Ward 79900060,TSH,0.4521481243988458,0.37791923
Gauteng,Ward 79900061,TSH,0.4705533479627543,0.32938662
Gauteng,Ward 79900062,TSH,0.4542190305206463,0.37000138
Gauteng,Ward 79900063,TSH,0.3807615230460922,0.21038464
Gauteng,Ward 79900064,TSH,0.583561864816906,0.43779734
Gauteng,Ward 79900065,TSH,0.55012182387748,0.41320023
Gauteng,Ward 79900066,TSH,0.5517904797368585,0.4046131
Gauteng,Ward 79900067,TSH,0.4106421387432304,0.24853511
Gauteng,Ward 79900068,TSH,0.4247647597635107,0.32865328
Gauteng,Ward 79900069,TSH,0.6253184520198957,0.4639342
Gauteng,Ward 79900070,TSH,0.5555555555555556,0.4129458
Gauteng,Ward 79900071,TSH,0.309708327462308,0.20221922
Gauteng,Ward 79900072,TSH,0.4006640413867655,0.243575
Gauteng,Ward 79900073,TSH,0.4006842682848105,0.225737
Gauteng,Ward 79900074,TSH,0.4206494587843464,0.29101455
Gauteng,Ward 79900075,TSH,0.4033856615785285,0.24657579
Gauteng,Ward 79900076,TSH,0.4081548259035646,0.24277626
Gauteng,Ward 79900077,TSH,0.3836184325362192,0.20638965
Gauteng,Ward 79900078,TSH,0.554180756225023,0.41184193
Gauteng,Ward 79900079,TSH,0.6127341302819153,0.4753922
Gauteng,Ward 79900080,TSH,0.2314626541954724,0.17834207
Gauteng,Ward 79900081,TSH,0.2116243201558568,0.21427098
Gauteng,Ward 79900082,TSH,0.592018396261405,0.4459414
Gauteng,Ward 79900083,TSH,0.5980542413540347,0.42725524
Gauteng,Ward 79900084,TSH,0.6045398773006135,0.451069
Gauteng,Ward 79900085,TSH,0.6218778605989277,0.44974273
Gauteng,Ward 79900086,TSH,0.3677235772357723,0.21779406
Gauteng,Ward 79900087,TSH,0.5205544933078394,0.38504782
Gauteng,Ward 79900088,TSH,0.3975313896573739,0.2277534
Gauteng,Ward 79900089,TSH,0.3378874388254486,0.19283536
Gauteng,Ward 79900090,TSH,0.3622901047152859,0.18212862
Gauteng,Ward 79900091,TSH,0.6062780269058295,0.39337012
Gauteng,Ward 79900092,TSH,0.3169619098304569,0.20050637
Gauteng,Ward 79900093,TSH,0.3642594329413462,0.20316108
Gauteng,Ward 79900094,TSH,0.4615384615384615,0.37194598
Gauteng,Ward 79900095,TSH,0.4397134250590246,0.34520575
Gauteng,Ward 79900096,TSH,0.4925706771860618,0.35168266
Gauteng,Ward 79900097,TSH,0.3594094461887901,0.19039634
Gauteng,Ward 79900098,TSH,0.5103803997421019,0.37674603
Gauteng,Ward 79900099,TSH,0.421903460837887,0.3012168
Gauteng,Ward 79900100,TSH,0.4578947368421052,0.3682289
Gauteng,Ward 79900101,TSH,0.574052074052074,0.40840507
Gauteng,Ward 79900102,TSH,0.4589883800410116,0.34963536
Gauteng,Ward 79900103,TSH,0.4131423374261028,0.3022821
Gauteng,Ward 79900104,TSH,0.3938198553583169,0.22269909
Gauteng,Ward 79900105,TSH,0.4763112787110045,0.3667781
Gauteng,Ward 79900106,TSH,0.3215697978064612,0.22504489
Gauteng,Ward 79900107,TSH,0.3558248416414211,0.17834207
KwaZulu-Natal,Ward 59500001,ETH,0.5762480179342775,0.4775216
KwaZulu-Natal,Ward 59500002,ETH,0.4893377625375054,0.44101548
KwaZulu-Natal,Ward 59500003,ETH,0.4425957841707543,0.32352906
KwaZulu-Natal,Ward 59500004,ETH,0.443921925566343,0.36671248
KwaZulu-Natal,Ward 59500005,ETH,0.4484765491270113,0.3813268
KwaZulu-Natal,Ward 59500006,ETH,0.4447083517454706,0.4261888
KwaZulu-Natal,Ward 59500007,ETH,0.4951723295037888,0.40942037
KwaZulu-Natal,Ward 59500008,ETH,0.5119662130455185,0.39508298
KwaZulu-Natal,Ward 59500009,ETH,0.54200918116793,0.37321147
KwaZulu-Natal,Ward 59500010,ETH,0.5748292486942547,0.41679382
KwaZulu-Natal,Ward 59500011,ETH,0.386491843268791,0.1751294
KwaZulu-Natal,Ward 59500012,ETH,0.3667334669338677,0.25112563
KwaZulu-Natal,Ward 59500013,ETH,0.4096553556013015,0.2531723
KwaZulu-Natal,Ward 59500014,ETH,0.3774174433011905,0.24009182
KwaZulu-Natal,Ward 59500015,ETH,0.3846435674657176,0.20730922
KwaZulu-Natal,Ward 59500016,ETH,0.4187189596026829,0.24425162
KwaZulu-Natal,Ward 59500017,ETH,0.4371080781999262,0.33018312
KwaZulu-Natal,Ward 59500018,ETH,0.4757752949775504,0.32788575
KwaZulu-Natal,Ward 59500019,ETH,0.425675317093881,0.33025134
KwaZulu-Natal,Ward 59500020,ETH,0.4249447426586675,0.2877705
KwaZulu-Natal,Ward 59500021,ETH,0.4075199174643205,0.27777168
KwaZulu-Natal,Ward 59500022,ETH,0.378861031935315,0.20105886
KwaZulu-Natal,Ward 59500023,ETH,0.4053721550133278,0.21718091
KwaZulu-Natal,Ward 59500024,ETH,0.4418323975442095,0.30742422
KwaZulu-Natal,Ward 59500025,ETH,0.3914639457475269,0.30303144
KwaZulu-Natal,Ward 59500026,ETH,0.2647746014293567,0.15234749
KwaZulu-Natal,Ward 59500027,ETH,0.4256875834445928,0.25988138
KwaZulu-Natal,Ward 59500028,ETH,0.208611641221374,0.20581403
KwaZulu-Natal,Ward 59500029,ETH,0.31299538367738,0.21785171
KwaZulu-Natal,Ward 59500030,ETH,0.4506437768240343,0.35527077
KwaZulu-Natal,Ward 59500031,ETH,0.4193663044582106,0.23374228
KwaZulu-Natal,Ward 59500032,ETH,0.171405686824189,0.15923297
KwaZulu-Natal,Ward 59500033,ETH,0.3630340017436791,0.20170711
KwaZulu-Natal,Ward 59500034,ETH,0.4182947959610444,0.26511168
KwaZulu-Natal,Ward 59500035,ETH,0.5497207964352191,0.4067523
KwaZulu-Natal,Ward 59500036,ETH,0.5210643015521065,0.37180758
KwaZulu-Natal,Ward 59500037,ETH,0.3786412790396854,0.17874712
KwaZulu-Natal,Ward 59500038,ETH,0.3763650783966811,0.20109797
KwaZulu-Natal,Ward 59500039,ETH,0.2706235647412118,0.19398613
KwaZulu-Natal,Ward 59500040,ETH,0.3788781474820143,0.21068652
KwaZulu-Natal,Ward 59500041,ETH,0.3572847455305158,0.21370792
KwaZulu-Natal,Ward 59500042,ETH,0.3564893018018018,0.16141091
KwaZulu-Natal,Ward 59500043,ETH,0.3748282495190986,0.22082515
KwaZulu-Natal,Ward 59500044,ETH,0.379308135810378,0.240434
KwaZulu-Natal,Ward 59500045,ETH,0.3862144420131291,0.19357528
KwaZulu-Natal,Ward 59500046,ETH,0.309749920861032,0.22522128
KwaZulu-Natal,Ward 59500047,ETH,0.3459390722618455,0.23911887
KwaZulu-Natal,Ward 59500048,ETH,0.4674574396164956,0.34280673
KwaZulu-Natal,Ward 59500049,ETH,0.4850330305532617,0.36574268
KwaZulu-Natal,Ward 59500050,ETH,0.5133499081180413,0.39153507
KwaZulu-Natal,Ward 59500051,ETH,0.470746077116024,0.37399378
KwaZulu-Natal,Ward 59500052,ETH,0.472452219386167,0.33766708
KwaZulu-Natal,Ward 59500053,ETH,0.3198991091553075,0.19830622
KwaZulu-Natal,Ward 59500054,ETH,0.3397736848441073,0.25175354
KwaZulu-Natal,Ward 59500055,ETH,0.3824406537039246,0.20516579
KwaZulu-Natal,Ward 59500056,ETH,0.3720871455289895,0.22119749
KwaZulu-Natal,Ward 59500057,ETH,0.4413862129363193,0.34710586
KwaZulu-Natal,Ward 59500058,ETH,0.4513459969700501,0.34635586
KwaZulu-Natal,Ward 59500059,ETH,0.4342580809366251,0.32745403
KwaZulu-Natal,Ward 59500060,ETH,0.4049793377888883,0.24026155
KwaZulu-Natal,Ward 59500061,ETH,0.4777184789859907,0.38257572
KwaZulu-Natal,Ward 59500062,ETH,0.4173734536221706,0.27298477
KwaZulu-Natal,Ward 59500063,ETH,0.4867196128964393,0.341088
KwaZulu-Natal,Ward 59500064,ETH,0.4063233098741736,0.20817128
KwaZulu-Natal,Ward 59500065,ETH,0.4605867970660147,0.3832609
KwaZulu-Natal,Ward 59500066,ETH,0.4595951146059896,0.32656497
KwaZulu-Natal,Ward 59500067,ETH,0.4164802386278896,0.2670599
KwaZulu-Natal,Ward 59500068,ETH,0.4718412922109599,0.30743974
KwaZulu-Natal,Ward 59500069,ETH,0.4659802504816955,0.35929173
KwaZulu-Natal,Ward 59500070,ETH,0.4883086742094575,0.3405818
KwaZulu-Natal,Ward 59500071,ETH,0.4105953262133869,0.20750265
KwaZulu-Natal,Ward 59500072,ETH,0.399367699067624,0.2757814
KwaZulu-Natal,Ward 59500073,ETH,0.4860920021534964,0.38383335
KwaZulu-Natal,Ward 59500074,ETH,0.3752151462994836,0.1714661
KwaZulu-Natal,Ward 59500075,ETH,0.402684124386252,0.19880836
KwaZulu-Natal,Ward 59500076,ETH,0.2820304418501552,0.21848087
KwaZulu-Natal,Ward 59500077,ETH,0.4530576618842398,0.3570594
KwaZulu-Natal,Ward 59500078,ETH,0.3567275747508305,0.20787798
KwaZulu-Natal,Ward 59500079,ETH,0.3127222322666184,0.2022334
KwaZulu-Natal,Ward 59500080,ETH,0.3708310919849381,0.20397028
KwaZulu-Natal,Ward 59500081,ETH,0.3202699910462153,0.17923082
KwaZulu-Natal,Ward 59500082,ETH,0.3284553893759669,0.21434337
KwaZulu-Natal,Ward 59500083,ETH,0.3663886092334244,0.2206332
KwaZulu-Natal,Ward 59500084,ETH,0.3744306883058567,0.19593626
KwaZulu-Natal,Ward 59500085,ETH,0.3355104358937952,0.24664016
KwaZulu-Natal,Ward 59500086,ETH,0.3532883642495784,0.21268998
KwaZulu-Natal,Ward 59500087,ETH,0.3339787028073572,0.22712041
KwaZulu-Natal,Ward 59500088,ETH,0.2980964922782234,0.20398691
KwaZulu-Natal,Ward 59500089,ETH,0.4044895972746076,0.2470395
KwaZulu-Natal,Ward 59500090,ETH,0.4540441176470588,0.33499157
KwaZulu-Natal,Ward 59500091,ETH,0.4178213746741666,0.2639906
KwaZulu-Natal,Ward 59500092,ETH,0.4104705753903264,0.23444746
KwaZulu-Natal,Ward 59500093,ETH,0.4227982997066395,0.29625574
KwaZulu-Natal,Ward 59500094,ETH,0.3460410557184751,0.19987999
KwaZulu-Natal,Ward 59500095,ETH,0.4458918863473177,0.36969113
KwaZulu-Natal,Ward 59500096,ETH,0.4475931262674778,0.45068482
KwaZulu-Natal,Ward 59500097,ETH,0.4784014485256078,0.34507337
KwaZulu-Natal,Ward 59500098,ETH,0.4061120543293718,0.27722248
KwaZulu-Natal,Ward 59500099,ETH,0.4972074050831503,0.4043266
KwaZulu-Natal,Ward 59500100,ETH,0.5226073637034095,0.43649578
KwaZulu-Natal,Ward 59500101,ETH,0.3234567901234568,0.26013008
KwaZulu-Natal,Ward 59500102,ETH,0.4862535388486945,0.32353333
KwaZulu-Natal,Ward 59500103,ETH,0.5276744448202006,0.35806182
KwaZulu-Natal,Ward 59500104,ETH,0.3460731319554849,0.15016127
KwaZulu-Natal,Ward 59500105,ETH,0.5445784557171574,0.44494817
KwaZulu-Natal,Ward 59500106,ETH,0.439804115769781,0.35876605
KwaZulu-Natal,Ward 59500107,ETH,0.4075167256985438,0.2171483
KwaZulu-Natal,Ward 59500108,ETH,0.4579753455360478,0.39686987
KwaZulu-Natal,Ward 59500109,ETH,0.3512727272727273,0.23044582
KwaZulu-Natal,Ward 59500110,ETH,0.4591332659705849,0.34324193
KwaZulu-Natal,Ward 52102001,KZN212,0.4811425402107598,0.4168213
KwaZulu-Natal,Ward 52102002,KZN212,0.4937706585303839,0.41571873
KwaZulu-Natal,Ward 52102003,KZN212,0.5657004830917874,0.4584432
KwaZulu-Natal,Ward 52102004,KZN212,0.546812176909822,0.44365847
KwaZulu-Natal,Ward 52102005,KZN212,0.5650051387461459,0.4764898
KwaZulu-Natal,Ward 52102006,KZN212,0.2368487289202114,0.4004579
KwaZulu-Natal,Ward 52102007,KZN212,0.5698324022346368,0.49733093
KwaZulu-Natal,Ward 52102008,KZN212,0.4597280334728033,0.39136723
KwaZulu-Natal,Ward 52102009,KZN212,0.4203470031545741,0.41465968
KwaZulu-Natal,Ward 52102010,KZN212,0.4945317160469278,0.40346605
KwaZulu-Natal,Ward 52102011,KZN212,0.3991484832357637,0.34197316
KwaZulu-Natal,Ward 52102012,KZN212,0.5273328248156623,0.44496092
KwaZulu-Natal,Ward 52102013,KZN212,0.4133136094674556,0.41717494
KwaZulu-Natal,Ward 52102014,KZN212,0.4332587621178225,0.43364975
KwaZulu-Natal,Ward 52102015,KZN212,0.6238309664011085,0.47869045
KwaZulu-Natal,Ward 52102016,KZN212,0.4194381659670649,0.33245784
KwaZulu-Natal,Ward 52102017,KZN212,0.478491455509723,0.41717106
KwaZulu-Natal,Ward 52102018,KZN212,0.5856487725923928,0.55502266
KwaZulu-Natal,Ward 52102019,KZN212,0.4639381797366915,0.38846382
KwaZulu-Natal,Ward 52103001,KZN213,0.547103410936654,0.48965082
KwaZulu-Natal,Ward 52103002,KZN213,0.4471872774744837,0.36165348
KwaZulu-Natal,Ward 52103003,KZN213,0.4622100274382639,0.37946147
KwaZulu-Natal,Ward 52103004,KZN213,0.4626451287228672,0.3709186
KwaZulu-Natal,Ward 52103005,KZN213,0.47808105872622,0.40980002
KwaZulu-Natal,Ward 52103006,KZN213,0.5276041666666667,0.46923712
KwaZulu-Natal,Ward 52103007,KZN213,0.520448348985156,0.47049555
KwaZulu-Natal,Ward 52103008,KZN213,0.5367426860170468,0.4490932
KwaZulu-Natal,Ward 52103009,KZN213,0.3881516587677725,0.36682373
KwaZulu-Natal,Ward 52103010,KZN213,0.4321556579621096,0.3877408
KwaZulu-Natal,Ward 52103011,KZN213,0.5219322598556357,0.451562
KwaZulu-Natal,Ward 52103012,KZN213,0.5880893300248139,0.54359186
KwaZulu-Natal,Ward 52103013,KZN213,0.5051753881541116,0.4121085
KwaZulu-Natal,Ward 52103014,KZN213,0.5870499731327243,0.516198
KwaZulu-Natal,Ward 52103015,KZN213,0.4650698602794411,0.3680235
KwaZulu-Natal,Ward 52103016,KZN213,0.5223463687150838,0.45926747
KwaZulu-Natal,Ward 52103017,KZN213,0.5911274371291325,0.48670363
KwaZulu-Natal,Ward 52103018,KZN213,0.5941803065731359,0.5106779
KwaZulu-Natal,Ward 52103019,KZN213,0.5160947060388401,0.43676355
KwaZulu-Natal,Ward 52103020,KZN213,0.5529826327712056,0.47778407
KwaZulu-Natal,Ward 52104001,KZN214,0.5729649936735555,0.5609238
KwaZulu-Natal,Ward 52104002,KZN214,0.546227143960855,0.49982268
KwaZulu-Natal,Ward 52104003,KZN214,0.3888219706094917,0.33364522
KwaZulu-Natal,Ward 52104004,KZN214,0.561848784397542,0.5128001
KwaZulu-Natal,Ward 52104005,KZN214,0.5055278560589638,0.37846988
KwaZulu-Natal,Ward 52104006,KZN214,0.6035876705406771,0.51919526
KwaZulu-Natal,Ward 52104007,KZN214,0.5746324445551956,0.47305334
KwaZulu-Natal,Ward 52104008,KZN214,0.5361930294906166,0.4838278
KwaZulu-Natal,Ward 52104009,KZN214,0.5855962219598583,0.56075794
KwaZulu-Natal,Ward 52104010,KZN214,0.587915078933043,0.50801724
KwaZulu-Natal,Ward 52106001,KZN216,0.4629471162074277,0.3636196
KwaZulu-Natal,Ward 52106002,KZN216,0.5301126516464472,0.404446
KwaZulu-Natal,Ward 52106003,KZN216,0.4727717723842545,0.37660944
KwaZulu-Natal,Ward 52106004,KZN216,0.4413239719157472,0.37107298
KwaZulu-Natal,Ward 52106005,KZN216,0.4356896900951995,0.39152682
KwaZulu-Natal,Ward 52106006,KZN216,0.4333129708816942,0.33107132
KwaZulu-Natal,Ward 52106007,KZN216,0.5614867536575722,0.48989126
KwaZulu-Natal,Ward 52106008,KZN216,0.4797162088411861,0.43408442
KwaZulu-Natal,Ward 52106009,KZN216,0.5369960124058485,0.43622884
KwaZulu-Natal,Ward 52106010,KZN216,0.4767393126571668,0.4016275
KwaZulu-Natal,Ward 52106011,KZN216,0.4761321909424724,0.35506302
KwaZulu-Natal,Ward 52106012,KZN216,0.4814464665563696,0.41071722
KwaZulu-Natal,Ward 52106013,KZN216,0.4987986544930322,0.4192273
KwaZulu-Natal,Ward 52106014,KZN216,0.4847492323439099,0.43089414
KwaZulu-Natal,Ward 52106015,KZN216,0.6324382384532761,0.5151273
KwaZulu-Natal,Ward 52106016,KZN216,0.5353319057815846,0.44307393
KwaZulu-Natal,Ward 52106017,KZN216,0.4615829000577701,0.35681376
KwaZulu-Natal,Ward 52106018,KZN216,0.4125301204819277,0.3157046
KwaZulu-Natal,Ward 52106019,KZN216,0.5316401205337925,0.47987384
KwaZulu-Natal,Ward 52106020,KZN216,0.4707550514002127,0.42225093
KwaZulu-Natal,Ward 52106021,KZN216,0.4270293609671848,0.38695785
KwaZulu-Natal,Ward 52106022,KZN216,0.4494151446747383,0.36785188
KwaZulu-Natal,Ward 52106023,KZN216,0.3839050131926121,0.29744217
KwaZulu-Natal,Ward 52106024,KZN216,0.4180234759560772,0.30123147
KwaZulu-Natal,Ward 52106025,KZN216,0.4928919577579204,0.41207805
KwaZulu-Natal,Ward 52106026,KZN216,0.4776334776334776,0.42105997
KwaZulu-Natal,Ward 52106027,KZN216,0.3550852439741329,0.355335
KwaZulu-Natal,Ward 52106028,KZN216,0.4620060790273556,0.3811198
KwaZulu-Natal,Ward 52106029,KZN216,0.5212809079854074,0.432518
KwaZulu-Natal,Ward 52106030,KZN216,0.5619277108433735,0.5161332
KwaZulu-Natal,Ward 52106031,KZN216,0.4743816254416961,0.3790508
KwaZulu-Natal,Ward 52106032,KZN216,0.4610191637630662,0.35246038
KwaZulu-Natal,Ward 52106033,KZN216,0.4930589985126425,0.41869015
KwaZulu-Natal,Ward 52106034,KZN216,0.4777979157227005,0.41705734
KwaZulu-Natal,Ward 52106035,KZN216,0.4586946599726152,0.38604933
KwaZulu-Natal,Ward 52106036,KZN216,0.4978462933575153,0.41682953
KwaZulu-Natal,Ward 52201001,KZN221,0.5844787481497146,0.5457704
KwaZulu-Natal,Ward 52201002,KZN221,0.5166835187057633,0.45411038
KwaZulu-Natal,Ward 52201003,KZN221,0.5624385447394297,0.50929934
KwaZulu-Natal,Ward 52201004,KZN221,0.4770420492991784,0.43645844
KwaZulu-Natal,Ward 52201005,KZN221,0.5151763740771124,0.44326392
KwaZulu-Natal,Ward 52201006,KZN221,0.5503969208563868,0.49703676
KwaZulu-Natal,Ward 52201007,KZN221,0.5441092771770063,0.4803263
KwaZulu-Natal,Ward 52201008,KZN221,0.5392572944297083,0.49394
KwaZulu-Natal,Ward 52201009,KZN221,0.4192962542565266,0.3556169
KwaZulu-Natal,Ward 52201010,KZN221,0.5806265615990774,0.45595372
KwaZulu-Natal,Ward 52201011,KZN221,0.5795019157088123,0.48069844
KwaZulu-Natal,Ward 52201012,KZN221,0.5562582345191041,0.51159275
KwaZulu-Natal,Ward 52201013,KZN221,0.4684375892602114,0.4481863
KwaZulu-Natal,Ward 52201014,KZN221,0.4371345029239766,0.3820866
KwaZulu-Natal,Ward 52202001,KZN222,0.5226960110041265,0.48533893
KwaZulu-Natal,Ward 52202002,KZN222,0.5981050138176076,0.494508
KwaZulu-Natal,Ward 52202003,KZN222,0.4816502151354087,0.4381267
KwaZulu-Natal,Ward 52202004,KZN222,0.5554631170271769,0.5000747
KwaZulu-Natal,Ward 52202005,KZN222,0.7425890381744509,0.5919012
KwaZulu-Natal,Ward 52202006,KZN222,0.6240552796372274,0.51661146
KwaZulu-Natal,Ward 52202007,KZN222,0.6244787322768974,0.5210442
KwaZulu-Natal,Ward 52202008,KZN222,0.5754475703324808,0.44411027
KwaZulu-Natal,Ward 52202009,KZN222,0.5257847533632287,0.45472977
KwaZulu-Natal,Ward 52202010,KZN222,0.4987503471257984,0.45231467
KwaZulu-Natal,Ward 52202011,KZN222,0.546242774566474,0.47061095
KwaZulu-Natal,Ward 52202012,KZN222,0.6036363636363636,0.5195581
KwaZulu-Natal,Ward 52203001,KZN223,0.4507589128132721,0.37234968
KwaZulu-Natal,Ward 52203002,KZN223,0.4853911404335532,0.44476512
KwaZulu-Natal,Ward 52203003,KZN223,0.5420865441612329,0.4623968
KwaZulu-Natal,Ward 52203004,KZN223,0.5092202318229716,0.41889614
KwaZulu-Natal,Ward 52203005,KZN223,0.4871580122836404,0.43008313
KwaZulu-Natal,Ward 52204001,KZN224,0.5689272503082614,0.512468
KwaZulu-Natal,Ward 52204002,KZN224,0.5762859633827376,0.505062
KwaZulu-Natal,Ward 52204003,KZN224,0.5373847729600546,0.46623462
KwaZulu-Natal,Ward 52204004,KZN224,0.5494890510948905,0.50798416
KwaZulu-Natal,Ward 52205001,KZN225,0.5684523809523809,0.4320473
KwaZulu-Natal,Ward 52205002,KZN225,0.5588844401491095,0.44169232
KwaZulu-Natal,Ward 52205003,KZN225,0.5911799761620977,0.36782637
KwaZulu-Natal,Ward 52205004,KZN225,0.5391660970608338,0.43174395
KwaZulu-Natal,Ward 52205005,KZN225,0.5476699444206926,0.4163045
KwaZulu-Natal,Ward 52205006,KZN225,0.5299228980540938,0.40486562
KwaZulu-Natal,Ward 52205007,KZN225,0.6110822060353798,0.43241322
KwaZulu-Natal,Ward 52205008,KZN225,0.5506915536457634,0.46415824
KwaZulu-Natal,Ward 52205009,KZN225,0.5295994328252392,0.4134759
KwaZulu-Natal,Ward 52205010,KZN225,0.4782843999458801,0.4009994
KwaZulu-Natal,Ward 52205011,KZN225,0.5076169170128901,0.38012263
KwaZulu-Natal,Ward 52205012,KZN225,0.4769415853495522,0.39921892
KwaZulu-Natal,Ward 52205013,KZN225,0.4339643407440017,0.31869712
KwaZulu-Natal,Ward 52205014,KZN225,0.4724689165186501,0.3923673
KwaZulu-Natal,Ward 52205015,KZN225,0.4251813598917988,0.30367702
KwaZulu-Natal,Ward 52205016,KZN225,0.416170320618426,0.29905304
KwaZulu-Natal,Ward 52205017,KZN225,0.4059345737565365,0.21321337
KwaZulu-Natal,Ward 52205018,KZN225,0.4725341796875,0.34710774
KwaZulu-Natal,Ward 52205019,KZN225,0.4195859872611465,0.2740997
KwaZulu-Natal,Ward 52205020,KZN225,0.4698166242805515,0.38663575
KwaZulu-Natal,Ward 52205021,KZN225,0.5111368610789236,0.41836438
KwaZulu-Natal,Ward 52205022,KZN225,0.4350282485875706,0.3099915
KwaZulu-Natal,Ward 52205023,KZN225,0.4390600267868014,0.3081958
KwaZulu-Natal,Ward 52205024,KZN225,0.366535654126895,0.2039589
KwaZulu-Natal,Ward 52205025,KZN225,0.5587698722960647,0.37984952
KwaZulu-Natal,Ward 52205026,KZN225,0.519433465085639,0.31847978
KwaZulu-Natal,Ward 52205027,KZN225,0.3188322839152833,0.14302796
KwaZulu-Natal,Ward 52205028,KZN225,0.4488908705829896,0.38109773
KwaZulu-Natal,Ward 52205029,KZN225,0.4796871351856175,0.3859797
KwaZulu-Natal,Ward 52205030,KZN225,0.5068193649141073,0.381701
KwaZulu-Natal,Ward 52205031,KZN225,0.4242521026296178,0.2596498
KwaZulu-Natal,Ward 52205032,KZN225,0.4259448416751787,0.31023142
KwaZulu-Natal,Ward 52205033,KZN225,0.3788421852937982,0.15072408
KwaZulu-Natal,Ward 52205034,KZN225,0.3941855493800769,0.27487293
KwaZulu-Natal,Ward 52205035,KZN225,0.5176775867661368,0.3503773
KwaZulu-Natal,Ward 52205036,KZN225,0.3760727552196746,0.16030748
KwaZulu-Natal,Ward 52205037,KZN225,0.5023708829937203,0.3340977
KwaZulu-Natal,Ward 52205038,KZN225,0.4801719356627842,0.42372012
KwaZulu-Natal,Ward 52205039,KZN225,0.5397961993941063,0.40903965
KwaZulu-Natal,Ward 52206001,KZN226,0.5092049362735181,0.45555216
KwaZulu-Natal,Ward 52206002,KZN226,0.1705533596837944,0.34086046
KwaZulu-Natal,Ward 52206003,KZN226,0.4551993423756679,0.4343082
KwaZulu-Natal,Ward 52206004,KZN226,0.4890234670704012,0.41259202
KwaZulu-Natal,Ward 52206005,KZN226,0.1916726489590811,0.43223146
KwaZulu-Natal,Ward 52206006,KZN226,0.5296638845025942,0.51576054
KwaZulu-Natal,Ward 52206007,KZN226,0.4935339139614674,0.36207968
KwaZulu-Natal,Ward 52207001,KZN227,0.4580199227485261,0.36217836
KwaZulu-Natal,Ward 52207002,KZN227,0.4184877199767937,0.3745489
KwaZulu-Natal,Ward 52207003,KZN227,0.5262810644380911,0.4478653
KwaZulu-Natal,Ward 52207004,KZN227,0.5265017667844523,0.4290585
KwaZulu-Natal,Ward 52207005,KZN227,0.5353638593622241,0.42683682
KwaZulu-Natal,Ward 52207006,KZN227,0.5986314299197735,0.48171473
KwaZulu-Natal,Ward 52207007,KZN227,0.4741035856573705,0.40138337
KwaZulu-Natal,Ward 52305001,KZN235,0.5562863647862383,0.5205305
KwaZulu-Natal,Ward 52305002,KZN235,0.601911535896866,0.50965637
KwaZulu-Natal,Ward 52305003,KZN235,0.598957039980134,0.47027525
KwaZulu-Natal,Ward 52305004,KZN235,0.5905838910685437,0.49380928
KwaZulu-Natal,Ward 52305005,KZN235,0.5376658421407691,0.45227826
KwaZulu-Natal,Ward 52305006,KZN235,0.5157489781197403,0.4662396
KwaZulu-Natal,Ward 52305007,KZN235,0.459706031424227,0.38706055
KwaZulu-Natal,Ward 52305008,KZN235,0.5385894086915222,0.47243598
KwaZulu-Natal,Ward 52305009,KZN235,0.5407582938388625,0.4761505
KwaZulu-Natal,Ward 52305010,KZN235,0.5424227562530652,0.46416083
KwaZulu-Natal,Ward 52305011,KZN235,0.5341062280938258,0.45039305
KwaZulu-Natal,Ward 52305012,KZN235,0.5719990603711534,0.51887774
KwaZulu-Natal,Ward 52305013,KZN235,0.5561312607944733,0.52499455
KwaZulu-Natal,Ward 52305014,KZN235,0.6150058616647128,0.52722585
KwaZulu-Natal,Ward 52305015,KZN235,0.5639140271493213,0.5303662
KwaZulu-Natal,Ward 52307001,KZN237,0.560730351944959,0.49895167
KwaZulu-Natal,Ward 52307002,KZN237,0.5021286660359509,0.44497114
KwaZulu-Natal,Ward 52307003,KZN237,0.5136,0.46420014
KwaZulu-Natal,Ward 52307004,KZN237,0.5465171755725191,0.45193517
KwaZulu-Natal,Ward 52307005,KZN237,0.5390686661404893,0.47188488
KwaZulu-Natal,Ward 52307006,KZN237,0.6109894921190894,0.5209728
KwaZulu-Natal,Ward 52307007,KZN237,0.476779463243874,0.4304032
KwaZulu-Natal,Ward 52307008,KZN237,0.5691954022988506,0.47846416
KwaZulu-Natal,Ward 52307009,KZN237,0.5414867015230734,0.4615213
KwaZulu-Natal,Ward 52307010,KZN237,0.4366733916162295,0.31656417
KwaZulu-Natal,Ward 52307011,KZN237,0.4975518768943809,0.43437117
KwaZulu-Natal,Ward 52307012,KZN237,0.5137993293783853,0.46603012
KwaZulu-Natal,Ward 52307013,KZN237,0.5812818806830783,0.48987827
KwaZulu-Natal,Ward 52307014,KZN237,0.5605058924978442,0.5125209
KwaZulu-Natal,Ward 52307015,KZN237,0.6015850144092219,0.50582
KwaZulu-Natal,Ward 52307016,KZN237,0.5123644251626898,0.3964077
KwaZulu-Natal,Ward 52307017,KZN237,0.5315136476426799,0.4585798
KwaZulu-Natal,Ward 52307018,KZN237,0.5334190231362468,0.46793956
KwaZulu-Natal,Ward 52307019,KZN237,0.507278020378457,0.44491634
KwaZulu-Natal,Ward 52307020,KZN237,0.6254722072315164,0.5693449
KwaZulu-Natal,Ward 52307021,KZN237,0.6441650121332451,0.49994963
KwaZulu-Natal,Ward 52307022,KZN237,0.7012429378531073,0.5893462
KwaZulu-Natal,Ward 52307023,KZN237,0.5794605809128631,0.526403
KwaZulu-Natal,Ward 52308001,KZN238,0.5554481758878956,0.5146843
KwaZulu-Natal,Ward 52308002,KZN238,0.4884551297310164,0.38870743
KwaZulu-Natal,Ward 52308003,KZN238,0.4734319649927068,0.40476325
KwaZulu-Natal,Ward 52308004,KZN238,0.5435927442949093,0.4723305
KwaZulu-Natal,Ward 52308005,KZN238,0.5722933643771828,0.5143465
KwaZulu-Natal,Ward 52308006,KZN238,0.5012809564474808,0.42469656
KwaZulu-Natal,Ward 52308007,KZN238,0.5125858123569794,0.43462324
KwaZulu-Natal,Ward 52308008,KZN238,0.4777337951509154,0.4085376
KwaZulu-Natal,Ward 52308009,KZN238,0.4973404255319149,0.39707017
KwaZulu-Natal,Ward 52308010,KZN238,0.3890171927123428,0.29614165
KwaZulu-Natal,Ward 52308011,KZN238,0.5186280307510349,0.40968665
KwaZulu-Natal,Ward 52308012,KZN238,0.501420087787245,0.41457662
KwaZulu-Natal,Ward 52308013,KZN238,0.4893786510886883,0.39587846
KwaZulu-Natal,Ward 52308014,KZN238,0.6142536755544481,0.5585286
KwaZulu-Natal,Ward 52308015,KZN238,0.6442603550295858,0.54276353
KwaZulu-Natal,Ward 52308016,KZN238,0.5685404339250493,0.506539
KwaZulu-Natal,Ward 52308017,KZN238,0.6031515151515151,0.55366534
KwaZulu-Natal,Ward 52308018,KZN238,0.5428497676819825,0.44535086
KwaZulu-Natal,Ward 52308019,KZN238,0.5117382025136353,0.46396902
KwaZulu-Natal,Ward 52308020,KZN238,0.5198870322428807,0.43093374
KwaZulu-Natal,Ward 52308021,KZN238,0.43077900084674,0.36957857
KwaZulu-Natal,Ward 52308022,KZN238,0.4103784273736687,0.31170642
KwaZulu-Natal,Ward 52308023,KZN238,0.6127758420441347,0.5312047
KwaZulu-Natal,Ward 52308024,KZN238,0.533082540385041,0.41987702
KwaZulu-Natal,Ward 52308025,KZN238,0.5351133049136191,0.44003382
KwaZulu-Natal,Ward 52308026,KZN238,0.5380663241475946,0.42743298
KwaZulu-Natal,Ward 52308027,KZN238,0.5643137254901961,0.50002587
KwaZulu-Natal,Ward 52308028,KZN238,0.5828557784145176,0.5258863
KwaZulu-Natal,Ward 52308029,KZN238,0.6637168141592921,0.55597335
KwaZulu-Natal,Ward 52308030,KZN238,0.5736247898150373,0.5078697
KwaZulu-Natal,Ward 52308031,KZN238,0.5763239875389408,0.5063352
KwaZulu-Natal,Ward 52308032,KZN238,0.4951517706576728,0.37886316
KwaZulu-Natal,Ward 52308033,KZN238,0.605422314911366,0.52464426
KwaZulu-Natal,Ward 52308034,KZN238,0.5275822928490352,0.44538003
KwaZulu-Natal,Ward 52308035,KZN238,0.5200291332847778,0.3998369
KwaZulu-Natal,Ward 52308036,KZN238,0.5026690391459074,0.39898875
KwaZulu-Natal,Ward 52401001,KZN241,0.587775408670931,0.47815242
KwaZulu-Natal,Ward 52401002,KZN241,0.4574468085106383,0.34371123
KwaZulu-Natal,Ward 52401003,KZN241,0.5807708964919879,0.47235548
KwaZulu-Natal,Ward 52401004,KZN241,0.4669680984677217,0.42913547
KwaZulu-Natal,Ward 52401005,KZN241,0.4574712643678161,0.3293975
KwaZulu-Natal,Ward 52401006,KZN241,0.4563492063492063,0.37930593
KwaZulu-Natal,Ward 52401007,KZN241,0.5081707959936742,0.41861323
KwaZulu-Natal,Ward 52402001,KZN242,0.6041013268998794,0.5095098
KwaZulu-Natal,Ward 52402002,KZN242,0.5842091080571274,0.4907188
KwaZulu-Natal,Ward 52402003,KZN242,0.5513490901485045,0.5190675
KwaZulu-Natal,Ward 52402004,KZN242,0.4951267056530214,0.43261573
KwaZulu-Natal,Ward 52402005,KZN242,0.4594530321046373,0.39336005
KwaZulu-Natal,Ward 52402006,KZN242,0.5103851146689745,0.44086674
KwaZulu-Natal,Ward 52402007,KZN242,0.5257343710770775,0.43260017
KwaZulu-Natal,Ward 52402008,KZN242,0.5185631629701061,0.41604406
KwaZulu-Natal,Ward 52402009,KZN242,0.4583670169765562,0.39704502
KwaZulu-Natal,Ward 52402010,KZN242,0.544891640866873,0.4773858
KwaZulu-Natal,Ward 52402011,KZN242,0.5519858335441437,0.5207407
KwaZulu-Natal,Ward 52402012,KZN242,0.5488551348900476,0.51597977
KwaZulu-Natal,Ward 52402013,KZN242,0.5719657405473156,0.51165295
KwaZulu-Natal,Ward 52402014,KZN242,0.5282613880276652,0.42636123
KwaZulu-Natal,Ward 52402015,KZN242,0.5365025466893039,0.4763243
KwaZulu-Natal,Ward 52402016,KZN242,0.539453880885831,0.5274696
KwaZulu-Natal,Ward 52402017,KZN242,0.5219211822660098,0.44111958
KwaZulu-Natal,Ward 52404001,KZN244,0.5316703350452433,0.47916222
KwaZulu-Natal,Ward 52404002,KZN244,0.5285292111843601,0.4822592
KwaZulu-Natal,Ward 52404003,KZN244,0.610989448536731,0.51458037
KwaZulu-Natal,Ward 52404004,KZN244,0.5519137703475583,0.4615998
KwaZulu-Natal,Ward 52404005,KZN244,0.5955085865257596,0.52558273
KwaZulu-Natal,Ward 52404006,KZN244,0.545612295488349,0.4660095
KwaZulu-Natal,Ward 52404007,KZN244,0.5496351978775149,0.47538164
KwaZulu-Natal,Ward 52404008,KZN244,0.5928538916704598,0.53753906
KwaZulu-Natal,Ward 52404009,KZN244,0.5460992907801419,0.46213427
KwaZulu-Natal,Ward 52404010,KZN244,0.7371779141104294,0.5738632
KwaZulu-Natal,Ward 52404011,KZN244,0.6342430604152087,0.5473709
KwaZulu-Natal,Ward 52404012,KZN244,0.6137115839243499,0.5385772
KwaZulu-Natal,Ward 52404013,KZN244,0.579010279703562,0.5285232
KwaZulu-Natal,Ward 52404014,KZN244,0.5926227285055601,0.5452826
KwaZulu-Natal,Ward 52404015,KZN244,0.6395377428079666,0.53937584
KwaZulu-Natal,Ward 52404016,KZN244,0.5353562005277045,0.4884026
KwaZulu-Natal,Ward 52404017,KZN244,0.5465414175918019,0.4820438
KwaZulu-Natal,Ward 52404018,KZN244,0.5178528636472561,0.4744156
KwaZulu-Natal,Ward 52405001,KZN245,0.5727728983688833,0.4914678
KwaZulu-Natal,Ward 52405002,KZN245,0.5191591271953166,0.44572327
KwaZulu-Natal,Ward 52405003,KZN245,0.6242090784044017,0.5334202
KwaZulu-Natal,Ward 52405004,KZN245,0.5402248181617809,0.44663817
KwaZulu-Natal,Ward 52405005,KZN245,0.5459653854798832,0.48616752
KwaZulu-Natal,Ward 52405006,KZN245,0.5601273016594681,0.45429656
KwaZulu-Natal,Ward 52405007,KZN245,0.5675446049277825,0.44183275
KwaZulu-Natal,Ward 52405008,KZN245,0.6786324786324787,0.55296034
KwaZulu-Natal,Ward 52405009,KZN245,0.5380771061399333,0.45026517
KwaZulu-Natal,Ward 52405010,KZN245,0.3973470003014772,0.36811507
KwaZulu-Natal,Ward 52405011,KZN245,0.5776165347405453,0.53033084
KwaZulu-Natal,Ward 52405012,KZN245,0.5418173598553345,0.46287587
KwaZulu-Natal,Ward 52405013,KZN245,0.583263830970253,0.50878054
KwaZulu-Natal,Ward 52405014,KZN245,0.6081202332884702,0.500717
KwaZulu-Natal,Ward 52502001,KZN252,0.4392428251577447,0.36328351
KwaZulu-Natal,Ward 52502002,KZN252,0.5535393818544367,0.45783076
KwaZulu-Natal,Ward 52502003,KZN252,0.4659977703455964,0.3536578
KwaZulu-Natal,Ward 52502004,KZN252,0.5051682427974489,0.42888254
KwaZulu-Natal,Ward 52502005,KZN252,0.3057541709227102,0.19516204
KwaZulu-Natal,Ward 52502006,KZN252,0.5155777105216308,0.43789917
KwaZulu-Natal,Ward 52502007,KZN252,0.4056859926529308,0.30035067
KwaZulu-Natal,Ward 52502008,KZN252,0.4904084856691492,0.4120187
KwaZulu-Natal,Ward 52502009,KZN252,0.4669324152926254,0.40003362
KwaZulu-Natal,Ward 52502010,KZN252,0.4552556818181818,0.39133742
KwaZulu-Natal,Ward 52502011,KZN252,0.4752859917979711,0.45278037
KwaZulu-Natal,Ward 52502012,KZN252,0.5013942140118508,0.47555882
KwaZulu-Natal,Ward 52502013,KZN252,0.4410399257195914,0.36248648
KwaZulu-Natal,Ward 52502014,KZN252,0.4875207986688852,0.4428298
KwaZulu-Natal,Ward 52502015,KZN252,0.5033978044955567,0.45961723
KwaZulu-Natal,Ward 52502016,KZN252,0.5000911244760342,0.44133744
KwaZulu-Natal,Ward 52502017,KZN252,0.4952038369304556,0.4242357
KwaZulu-Natal,Ward 52502018,KZN252,0.5429045643153527,0.49075148
KwaZulu-Natal,Ward 52502019,KZN252,0.4602795772246846,0.3703933
KwaZulu-Natal,Ward 52502020,KZN252,0.4569964349376114,0.36558902
KwaZulu-Natal,Ward 52502021,KZN252,0.4908982983775227,0.41424897
KwaZulu-Natal,Ward 52502022,KZN252,0.3758892520669102,0.23673083
KwaZulu-Natal,Ward 52502023,KZN252,0.4311219314262527,0.35560405
KwaZulu-Natal,Ward 52502024,KZN252,0.3870858113848768,0.2901591
KwaZulu-Natal,Ward 52502025,KZN252,0.4535043518094365,0.3480136
KwaZulu-Natal,Ward 52502026,KZN252,0.3777068994460298,0.3278369
KwaZulu-Natal,Ward 52502027,KZN252,0.4260854874134144,0.3387133
KwaZulu-Natal,Ward 52502028,KZN252,0.393070044709389,0.31982192
KwaZulu-Natal,Ward 52502029,KZN252,0.4576208178438661,0.39230478
KwaZulu-Natal,Ward 52502030,KZN252,0.4673505622410732,0.43947893
KwaZulu-Natal,Ward 52502031,KZN252,0.4359221429947967,0.35858795
KwaZulu-Natal,Ward 52502032,KZN252,0.4526089828269485,0.40431833
KwaZulu-Natal,Ward 52502033,KZN252,0.4575819350791908,0.3733134
KwaZulu-Natal,Ward 52502034,KZN252,0.4698878343399482,0.4057443
KwaZulu-Natal,Ward 52503001,KZN253,0.4935587761674718,0.44796172
KwaZulu-Natal,Ward 52503002,KZN253,0.5056053811659192,0.44578868
KwaZulu-Natal,Ward 52503003,KZN253,0.5439238653001464,0.47883803
KwaZulu-Natal,Ward 52503004,KZN253,0.5501376327172631,0.5071251
KwaZulu-Natal,Ward 52503005,KZN253,0.6383243467440896,0.5310056
KwaZulu-Natal,Ward 52503006,KZN253,0.5218591808559595,0.48068765
KwaZulu-Natal,Ward 52504001,KZN254,0.4113545816733068,0.35134235
KwaZulu-Natal,Ward 52504002,KZN254,0.486228342958685,0.38639688
KwaZulu-Natal,Ward 52504003,KZN254,0.5462662337662337,0.47392234
KwaZulu-Natal,Ward 52504004,KZN254,0.3944795859689476,0.4100497
KwaZulu-Natal,Ward 52504005,KZN254,0.5318452380952381,0.39820868
KwaZulu-Natal,Ward 52504006,KZN254,0.471286060932866,0.39659125
KwaZulu-Natal,Ward 52504007,KZN254,0.4881443298969072,0.39337844
KwaZulu-Natal,Ward 52504008,KZN254,0.4886306215260232,0.40012857
KwaZulu-Natal,Ward 52504009,KZN254,0.4979647218453188,0.40777865
KwaZulu-Natal,Ward 52504010,KZN254,0.4275414563806777,0.36435246
KwaZulu-Natal,Ward 52504011,KZN254,0.5090316106372303,0.4111378
KwaZulu-Natal,Ward 52504012,KZN254,0.4899789029535865,0.420473
KwaZulu-Natal,Ward 52504013,KZN254,0.4786931818181818,0.42945883
KwaZulu-Natal,Ward 52601001,KZN261,0.6504088785046729,0.57432264
KwaZulu-Natal,Ward 52601002,KZN261,0.5607968857339134,0.49345848
KwaZulu-Natal,Ward 52601003,KZN261,0.5384250474383302,0.4780077
KwaZulu-Natal,Ward 52601004,KZN261,0.5293701344656758,0.44947988
KwaZulu-Natal,Ward 52601005,KZN261,0.5891834570519618,0.53805715
KwaZulu-Natal,Ward 52601006,KZN261,0.5767158585148747,0.47623608
KwaZulu-Natal,Ward 52601007,KZN261,0.5265853658536586,0.4630725
KwaZulu-Natal,Ward 52601008,KZN261,0.6093139988845511,0.505851
KwaZulu-Natal,Ward 52602001,KZN262,0.5582635186595583,0.49068245
KwaZulu-Natal,Ward 52602002,KZN262,0.522722029988466,0.4453155
KwaZulu-Natal,Ward 52602003,KZN262,0.5682492581602374,0.5055758
KwaZulu-Natal,Ward 52602004,KZN262,0.5333465660976578,0.47546643
KwaZulu-Natal,Ward 52602005,KZN262,0.5401617250673855,0.47092116
KwaZulu-Natal,Ward 52602006,KZN262,0.6355507088331516,0.5274722
KwaZulu-Natal,Ward 52602007,KZN262,0.4998876151944257,0.4075015
KwaZulu-Natal,Ward 52602008,KZN262,0.538365408647838,0.46837398
KwaZulu-Natal,Ward 52602009,KZN262,0.5076530612244898,0.45344916
KwaZulu-Natal,Ward 52602010,KZN262,0.5591489361702128,0.4884186
KwaZulu-Natal,Ward 52602011,KZN262,0.5901972747610331,0.47656816
KwaZulu-Natal,Ward 52602012,KZN262,0.5163265306122449,0.4516005
KwaZulu-Natal,Ward 52602013,KZN262,0.4943554738776581,0.42253405
KwaZulu-Natal,Ward 52602014,KZN262,0.5073564309444708,0.40459102
KwaZulu-Natal,Ward 52602015,KZN262,0.5757299270072993,0.44483685
KwaZulu-Natal,Ward 52603001,KZN263,0.4698284988354859,0.41034034
KwaZulu-Natal,Ward 52603002,KZN263,0.4690841469084147,0.40881523
KwaZulu-Natal,Ward 52603003,KZN263,0.4778240627297231,0.40218526
KwaZulu-Natal,Ward 52603004,KZN263,0.5293151969981238,0.45922038
KwaZulu-Natal,Ward 52603005,KZN263,0.4391951006124234,0.31272256
KwaZulu-Natal,Ward 52603006,KZN263,0.5402083889927866,0.47047082
KwaZulu-Natal,Ward 52603007,KZN263,0.4539170506912442,0.37666416
KwaZulu-Natal,Ward 52603008,KZN263,0.4441391941391941,0.3854994
KwaZulu-Natal,Ward 52603009,KZN263,0.4749346638156331,0.422169
KwaZulu-Natal,Ward 52603010,KZN263,0.4057206331574562,0.34841082
KwaZulu-Natal,Ward 52603011,KZN263,0.4242424242424242,0.33759522
KwaZulu-Natal,Ward 52603012,KZN263,0.5439401255432158,0.49271202
KwaZulu-Natal,Ward 52603013,KZN263,0.4282982791586998,0.39561802
KwaZulu-Natal,Ward 52603014,KZN263,0.5167846540306006,0.42299965
KwaZulu-Natal,Ward 52603015,KZN263,0.5034780522907172,0.40471217
KwaZulu-Natal,Ward 52603016,KZN263,0.4414154652686762,0.36964312
KwaZulu-Natal,Ward 52603017,KZN263,0.5225609756097561,0.46253484
KwaZulu-Natal,Ward 52603018,KZN263,0.4686883629191321,0.4262671
KwaZulu-Natal,Ward 52603019,KZN263,0.4938398357289528,0.42549106
KwaZulu-Natal,Ward 52603020,KZN263,0.3662222222222222,0.26316428
KwaZulu-Natal,Ward 52603021,KZN263,0.5236309077269318,0.42683873
KwaZulu-Natal,Ward 52603022,KZN263,0.4449464922711058,0.39621097
KwaZulu-Natal,Ward 52605001,KZN265,0.5463447961739922,0.47161397
KwaZulu-Natal,Ward 52605002,KZN265,0.5485001094810598,0.47881097
KwaZulu-Natal,Ward 52605003,KZN265,0.5827522082752208,0.504348
KwaZulu-Natal,Ward 52605004,KZN265,0.5192761605035405,0.4560514
KwaZulu-Natal,Ward 52605005,KZN265,0.5590062111801242,0.47126752
KwaZulu-Natal,Ward 52605006,KZN265,0.4679196370706416,0.41352472
KwaZulu-Natal,Ward 52605007,KZN265,0.5375843611822202,0.46793127
KwaZulu-Natal,Ward 52605008,KZN265,0.4989770402364173,0.41406178
KwaZulu-Natal,Ward 52605009,KZN265,0.4013333333333333,0.28758657
KwaZulu-Natal,Ward 52605010,KZN265,0.5674994269997709,0.4753299
KwaZulu-Natal,Ward 52605011,KZN265,0.5294767056745419,0.43823847
KwaZulu-Natal,Ward 52605012,KZN265,0.5485956308515382,0.4620345
KwaZulu-Natal,Ward 52605013,KZN265,0.5034449988120694,0.37636635
KwaZulu-Natal,Ward 52605014,KZN265,0.5696428571428571,0.4878324
KwaZulu-Natal,Ward 52605015,KZN265,0.5097499426473961,0.41182354
KwaZulu-Natal,Ward 52605016,KZN265,0.5250487963565387,0.4500517
KwaZulu-Natal,Ward 52605017,KZN265,0.5236312587739822,0.45068818
KwaZulu-Natal,Ward 52605018,KZN265,0.5390957446808511,0.44199052
KwaZulu-Natal,Ward 52605019,KZN265,0.2694571615434925,0.25223562
KwaZulu-Natal,Ward 52605020,KZN265,0.4967507148427346,0.4024219
KwaZulu-Natal,Ward 52605021,KZN265,0.5149857799168672,0.3860479
KwaZulu-Natal,Ward 52606001,KZN266,0.4798622151563328,0.41711858
KwaZulu-Natal,Ward 52606002,KZN266,0.5639754485363551,0.46980998
KwaZulu-Natal,Ward 52606003,KZN266,0.5410263844592635,0.45893523
KwaZulu-Natal,Ward 52606004,KZN266,0.5014485755673588,0.39281356
KwaZulu-Natal,Ward 52606005,KZN266,0.5764494612621858,0.48156202
KwaZulu-Natal,Ward 52606006,KZN266,0.4296875,0.35469773
KwaZulu-Natal,Ward 52606007,KZN266,0.492987012987013,0.43426788
KwaZulu-Natal,Ward 52606008,KZN266,0.5445310654382235,0.45799828
KwaZulu-Natal,Ward 52606009,KZN266,0.5205957644868513,0.43234932
KwaZulu-Natal,Ward 52606010,KZN266,0.5180897250361794,0.44853562
KwaZulu-Natal,Ward 52606011,KZN266,0.44313832695462,0.32279882
KwaZulu-Natal,Ward 52606012,KZN266,0.4650941148439361,0.37552705
KwaZulu-Natal,Ward 52606013,KZN266,0.4823882088433674,0.4437268
KwaZulu-Natal,Ward 52606014,KZN266,0.5836584806059215,0.52540314
KwaZulu-Natal,Ward 52606015,KZN266,0.5543046357615894,0.49404255
KwaZulu-Natal,Ward 52606016,KZN266,0.5073509015256588,0.43230057
KwaZulu-Natal,Ward 52606017,KZN266,0.5220921901122522,0.40367725
KwaZulu-Natal,Ward 52606018,KZN266,0.4510060099294486,0.3634447
KwaZulu-Natal,Ward 52606019,KZN266,0.4180158963791581,0.3773739
KwaZulu-Natal,Ward 52606020,KZN266,0.4929068867681196,0.43242615
KwaZulu-Natal,Ward 52606021,KZN266,0.5298813868613139,0.44416815
KwaZulu-Natal,Ward 52606022,KZN266,0.44248486443801,0.36928976
KwaZulu-Natal,Ward 52606023,KZN266,0.4703459637561779,0.373968
KwaZulu-Natal,Ward 52606024,KZN266,0.5502661147250147,0.46485993
KwaZulu-Natal,Ward 52701001,KZN271,0.5145118733509235,0.42769712
KwaZulu-Natal,Ward 52701002,KZN271,0.6546329723225031,0.555625
KwaZulu-Natal,Ward 52701003,KZN271,0.5514619883040935,0.4736698
KwaZulu-Natal,Ward 52701004,KZN271,0.548488352882868,0.47372043
KwaZulu-Natal,Ward 52701005,KZN271,0.4766917293233083,0.43140802
KwaZulu-Natal,Ward 52701006,KZN271,0.6125032972830388,0.56966245
KwaZulu-Natal,Ward 52701007,KZN271,0.6015240904621436,0.5140406
KwaZulu-Natal,Ward 52701008,KZN271,0.6253557567917206,0.5224652
KwaZulu-Natal,Ward 52701009,KZN271,0.6531909483854564,0.54571164
KwaZulu-Natal,Ward 52701010,KZN271,0.5815407703851926,0.5109076
KwaZulu-Natal,Ward 52701011,KZN271,0.503957783641161,0.5088626
KwaZulu-Natal,Ward 52701012,KZN271,0.5761830473218928,0.49855903
KwaZulu-Natal,Ward 52701013,KZN271,0.5897656417974629,0.50212103
KwaZulu-Natal,Ward 52701014,KZN271,0.6164654226125137,0.544532
KwaZulu-Natal,Ward 52701015,KZN271,0.544952285283777,0.49191627
KwaZulu-Natal,Ward 52701016,KZN271,0.6190853819719799,0.54668415
KwaZulu-Natal,Ward 52701017,KZN271,0.5415793151642209,0.48125738
KwaZulu-Natal,Ward 52701018,KZN271,0.596298687325156,0.53630793
KwaZulu-Natal,Ward 52702001,KZN272,0.5927835051546392,0.52045745
KwaZulu-Natal,Ward 52702002,KZN272,0.5917653390742734,0.54744816
KwaZulu-Natal,Ward 52702003,KZN272,0.665407358738502,0.48466486
KwaZulu-Natal,Ward 52702004,KZN272,0.6551562132957481,0.5432801
KwaZulu-Natal,Ward 52702005,KZN272,0.563922942206655,0.4821234
KwaZulu-Natal,Ward 52702006,KZN272,0.6297881010594947,0.55915964
KwaZulu-Natal,Ward 52702007,KZN272,0.5699252284685683,0.49376023
KwaZulu-Natal,Ward 52702008,KZN272,0.6039563988696003,0.55213255
KwaZulu-Natal,Ward 52702009,KZN272,0.5832113225963885,0.486528
KwaZulu-Natal,Ward 52702010,KZN272,0.60406852248394,0.53050774
KwaZulu-Natal,Ward 52702011,KZN272,0.5715990453460621,0.4825029
KwaZulu-Natal,Ward 52702012,KZN272,0.6298997265268915,0.5032382
KwaZulu-Natal,Ward 52702013,KZN272,0.6120106579217053,0.58467394
KwaZulu-Natal,Ward 52702014,KZN272,0.5276162790697675,0.42693087
KwaZulu-Natal,Ward 52702015,KZN272,0.5796595373199476,0.49804792
KwaZulu-Natal,Ward 52702016,KZN272,0.7171814671814671,0.6018242
KwaZulu-Natal,Ward 52702017,KZN272,0.5989492119089317,0.493893
KwaZulu-Natal,Ward 52702018,KZN272,0.5908781484002723,0.5033601
KwaZulu-Natal,Ward 52702019,KZN272,0.5722555302873682,0.5169643
KwaZulu-Natal,Ward 52702020,KZN272,0.5337589000736558,0.44490278
KwaZulu-Natal,Ward 52705001,KZN275,0.5989110707803993,0.474056
KwaZulu-Natal,Ward 52705002,KZN275,0.6425627575871112,0.5291214
KwaZulu-Natal,Ward 52705003,KZN275,0.548026048026048,0.48241904
KwaZulu-Natal,Ward 52705004,KZN275,0.4028169014084507,0.33407345
KwaZulu-Natal,Ward 52705005,KZN275,0.5214747989801922,0.48730427
KwaZulu-Natal,Ward 52705006,KZN275,0.4375324002073613,0.3491988
KwaZulu-Natal,Ward 52705007,KZN275,0.4557965943550268,0.42430553
KwaZulu-Natal,Ward 52705008,KZN275,0.6016491327836224,0.5150917
KwaZulu-Natal,Ward 52705009,KZN275,0.572952121624688,0.51128733
KwaZulu-Natal,Ward 52705010,KZN275,0.6216216216216216,0.5623369
KwaZulu-Natal,Ward 52705011,KZN275,0.5561064718162839,0.4836573
KwaZulu-Natal,Ward 52705012,KZN275,0.5933640106563333,0.5100481
KwaZulu-Natal,Ward 52705013,KZN275,0.5849095822074413,0.5261902
KwaZulu-Natal,Ward 52705014,KZN275,0.5783184879426461,0.4925002
KwaZulu-Natal,Ward 52705015,KZN275,0.609603789836348,0.5172065
KwaZulu-Natal,Ward 52705016,KZN275,0.5845659163987138,0.52805877
KwaZulu-Natal,Ward 52705017,KZN275,0.6560898218208445,0.55002445
KwaZulu-Natal,Ward 52705018,KZN275,0.6339054784857747,0.514645
KwaZulu-Natal,Ward 52705019,KZN275,0.6082832022211939,0.5154764
KwaZulu-Natal,Ward 52705020,KZN275,0.6111877092771322,0.524238
KwaZulu-Natal,Ward 52706001,KZN276,0.5389479008598888,0.45783544
KwaZulu-Natal,Ward 52706002,KZN276,0.6246684350132626,0.5227657
KwaZulu-Natal,Ward 52706003,KZN276,0.5558231173380035,0.47991663
KwaZulu-Natal,Ward 52706004,KZN276,0.6747439420434674,0.5239167
KwaZulu-Natal,Ward 52706005,KZN276,0.4405940594059406,0.37595057
KwaZulu-Natal,Ward 52706006,KZN276,0.6063769751693002,0.51665723
KwaZulu-Natal,Ward 52706007,KZN276,0.6121495327102804,0.51511747
KwaZulu-Natal,Ward 52706008,KZN276,0.6189228529839883,0.52887446
KwaZulu-Natal,Ward 52706009,KZN276,0.5712897741073597,0.5010054
KwaZulu-Natal,Ward 52706010,KZN276,0.5679918966827044,0.480245
KwaZulu-Natal,Ward 52706011,KZN276,0.5759786044249939,0.47445282
KwaZulu-Natal,Ward 52706012,KZN276,0.4698852772466539,0.4005999
KwaZulu-Natal,Ward 52706013,KZN276,0.5717926932880204,0.50554407
KwaZulu-Natal,Ward 52801001,KZN281,0.6071820175438597,0.5559739
KwaZulu-Natal,Ward 52801002,KZN281,0.4760950472373318,0.40784013
KwaZulu-Natal,Ward 52801003,KZN281,0.5881722734090422,0.5512682
KwaZulu-Natal,Ward 52801004,KZN281,0.6179367547952307,0.5447986
KwaZulu-Natal,Ward 52801005,KZN281,0.5589815463676711,0.49572006
KwaZulu-Natal,Ward 52801006,KZN281,0.4712134632418069,0.36852738
KwaZulu-Natal,Ward 52801007,KZN281,0.5304781327894856,0.4815388
KwaZulu-Natal,Ward 52801008,KZN281,0.562699102229945,0.5109185
KwaZulu-Natal,Ward 52801009,KZN281,0.5854680950163018,0.5078296
KwaZulu-Natal,Ward 52801010,KZN281,0.5138084632516704,0.43454814
KwaZulu-Natal,Ward 52801011,KZN281,0.5749626786095117,0.4684602
KwaZulu-Natal,Ward 52801012,KZN281,0.5388036468756949,0.45074943
KwaZulu-Natal,Ward 52801013,KZN281,0.5007700205338809,0.45474446
KwaZulu-Natal,Ward 52801014,KZN281,0.4712452471482889,0.37822372
KwaZulu-Natal,Ward 52801015,KZN281,0.5181553140736814,0.48553848
KwaZulu-Natal,Ward 52801016,KZN281,0.4189645469893078,0.34066248
KwaZulu-Natal,Ward 52801017,KZN281,0.4743905166629389,0.36005336
KwaZulu-Natal,Ward 52802001,KZN282,0.490983026874116,0.4357648
KwaZulu-Natal,Ward 52802002,KZN282,0.500458435207824,0.45195317
KwaZulu-Natal,Ward 52802003,KZN282,0.4942875277689622,0.40068236
KwaZulu-Natal,Ward 52802004,KZN282,0.4523265772195261,0.33881077
KwaZulu-Natal,Ward 52802005,KZN282,0.4900019043991621,0.44995102
KwaZulu-Natal,Ward 52802006,KZN282,0.5170025188916877,0.4530427
KwaZulu-Natal,Ward 52802007,KZN282,0.4387672343876723,0.39185333
KwaZulu-Natal,Ward 52802008,KZN282,0.4046327212020033,0.36814383
KwaZulu-Natal,Ward 52802009,KZN282,0.4156274873971876,0.25718084
KwaZulu-Natal,Ward 52802010,KZN282,0.4600781686208822,0.45572105
KwaZulu-Natal,Ward 52802011,KZN282,0.5250351900261412,0.47722426
KwaZulu-Natal,Ward 52802012,KZN282,0.423348300192431,0.34398365
KwaZulu-Natal,Ward 52802013,KZN282,0.5126175899656563,0.48137656
KwaZulu-Natal,Ward 52802014,KZN282,0.4268604279782817,0.3443925
KwaZulu-Natal,Ward 52802015,KZN282,0.4466004583651642,0.46092457
KwaZulu-Natal,Ward 52802016,KZN282,0.371931908155186,0.3811773
KwaZulu-Natal,Ward 52802017,KZN282,0.3605114231817229,0.3368711
KwaZulu-Natal,Ward 52802018,KZN282,0.5299034175334324,0.42672765
KwaZulu-Natal,Ward 52802019,KZN282,0.3760180211401837,0.3520743
KwaZulu-Natal,Ward 52802020,KZN282,0.3801235261089276,0.2745724
KwaZulu-Natal,Ward 52802021,KZN282,0.3553618134263295,0.28151467
KwaZulu-Natal,Ward 52802022,KZN282,0.4755060134936931,0.42819673
KwaZulu-Natal,Ward 52802023,KZN282,0.4321372854914196,0.31022158
KwaZulu-Natal,Ward 52802024,KZN282,0.4106110652353427,0.3575687
KwaZulu-Natal,Ward 52802025,KZN282,0.4086790653314258,0.27773514
KwaZulu-Natal,Ward 52802026,KZN282,0.454453781512605,0.37214065
KwaZulu-Natal,Ward 52802027,KZN282,0.3965811965811965,0.33558568
KwaZulu-Natal,Ward 52802028,KZN282,0.3427988437340588,0.23658115
KwaZulu-Natal,Ward 52802029,KZN282,0.4823843416370106,0.39364338
KwaZulu-Natal,Ward 52802030,KZN282,0.3456211812627291,0.29677755
KwaZulu-Natal,Ward 52802031,KZN282,0.5153696498054474,0.4804243
KwaZulu-Natal,Ward 52802032,KZN282,0.5530876661618711,0.47754917
KwaZulu-Natal,Ward 52802033,KZN282,0.5223332653477463,0.472512
KwaZulu-Natal,Ward 52802034,KZN282,0.2037783909997877,0.41818514
KwaZulu-Natal,Ward 52804001,KZN284,0.5278522490318737,0.42076796
KwaZulu-Natal,Ward 52804002,KZN284,0.5118506104859948,0.42394316
KwaZulu-Natal,Ward 52804003,KZN284,0.5505743905855982,0.49433798
KwaZulu-Natal,Ward 52804004,KZN284,0.5186972255729795,0.39890268
KwaZulu-Natal,Ward 52804005,KZN284,0.5163432073544433,0.44428504
KwaZulu-Natal,Ward 52804006,KZN284,0.5095490716180371,0.41806117
KwaZulu-Natal,Ward 52804007,KZN284,0.529989094874591,0.45646614
KwaZulu-Natal,Ward 52804008,KZN284,0.4765024853140533,0.43336096
KwaZulu-Natal,Ward 52804009,KZN284,0.4550738677645919,0.38115627
KwaZulu-Natal,Ward 52804010,KZN284,0.4738580077050082,0.4223499
KwaZulu-Natal,Ward 52804011,KZN284,0.5035761589403973,0.4216696
KwaZulu-Natal,Ward 52804012,KZN284,0.436670687575392,0.4146665
KwaZulu-Natal,Ward 52804013,KZN284,0.4394453876627051,0.3474351
KwaZulu-Natal,Ward 52804014,KZN284,0.5123528053567306,0.44564265
KwaZulu-Natal,Ward 52804015,KZN284,0.5561002178649237,0.5234059
KwaZulu-Natal,Ward 52804016,KZN284,0.4952759820984584,0.42926803
KwaZulu-Natal,Ward 52804017,KZN284,0.5011230346892938,0.42149663
KwaZulu-Natal,Ward 52804018,KZN284,0.4480140186915888,0.37604418
KwaZulu-Natal,Ward 52804019,KZN284,0.5572115384615385,0.49905425
KwaZulu-Natal,Ward 52804020,KZN284,0.4888993859234766,0.39934283
KwaZulu-Natal,Ward 52804021,KZN284,0.4556213017751479,0.38643926
KwaZulu-Natal,Ward 52804022,KZN284,0.5571253071253072,0.5273636
KwaZulu-Natal,Ward 52804023,KZN284,0.5610942249240122,0.46410424
KwaZulu-Natal,Ward 52804024,KZN284,0.571206628689798,0.501673
KwaZulu-Natal,Ward 52804025,KZN284,0.5820450230539734,0.5319654
KwaZulu-Natal,Ward 52804026,KZN284,0.4695238095238095,0.42218867
KwaZulu-Natal,Ward 52804027,KZN284,0.4790081713158636,0.41938034
KwaZulu-Natal,Ward 52805001,KZN285,0.5234308435103664,0.49021962
KwaZulu-Natal,Ward 52805002,KZN285,0.4495259341885109,0.40906873
KwaZulu-Natal,Ward 52805003,KZN285,0.4643159379407616,0.39900696
KwaZulu-Natal,Ward 52805004,KZN285,0.5058823529411764,0.43640903
KwaZulu-Natal,Ward 52805005,KZN285,0.5418646080760094,0.46733946
KwaZulu-Natal,Ward 52805006,KZN285,0.545227524972253,0.44533098
KwaZulu-Natal,Ward 52805007,KZN285,0.5223471346312037,0.45787045
KwaZulu-Natal,Ward 52805008,KZN285,0.4977973568281938,0.43328437
KwaZulu-Natal,Ward 52805009,KZN285,0.5483036227717079,0.4503005
KwaZulu-Natal,Ward 52805010,KZN285,0.519990128331688,0.43855
KwaZulu-Natal,Ward 52805011,KZN285,0.523067331670823,0.48647577
KwaZulu-Natal,Ward 52805012,KZN285,0.502416687865683,0.4563918
KwaZulu-Natal,Ward 52805013,KZN285,0.5770725388601037,0.50704145
KwaZulu-Natal,Ward 52806001,KZN286,0.586756077116513,0.5099288
KwaZulu-Natal,Ward 52806002,KZN286,0.5124965668772316,0.4542276
KwaZulu-Natal,Ward 52806003,KZN286,0.5118522601984564,0.45985296
KwaZulu-Natal,Ward 52806004,KZN286,0.5187533016376122,0.49301353
KwaZulu-Natal,Ward 52806005,KZN286,0.5265405735204393,0.46497267
KwaZulu-Natal,Ward 52806006,KZN286,0.6055363321799307,0.5012429
KwaZulu-Natal,Ward 52806007,KZN286,0.659817945383615,0.58221513
KwaZulu-Natal,Ward 52806008,KZN286,0.4965969246281825,0.4186777
KwaZulu-Natal,Ward 52806009,KZN286,0.5615100889563897,0.49019036
KwaZulu-Natal,Ward 52806010,KZN286,0.5715086932136848,0.5258107
KwaZulu-Natal,Ward 52806011,KZN286,0.5797767564018385,0.49060655
KwaZulu-Natal,Ward 52806012,KZN286,0.5564803804994055,0.49461043
KwaZulu-Natal,Ward 52806013,KZN286,0.585180746954264,0.4800598
KwaZulu-Natal,Ward 52806014,KZN286,0.5313763029142735,0.47990385
KwaZulu-Natal,Ward 52901001,KZN291,0.586965904186448,0.49639288
KwaZulu-Natal,Ward 52901002,KZN291,0.5214255409418753,0.43489254
KwaZulu-Natal,Ward 52901003,KZN291,0.4109742441209406,0.29541838
KwaZulu-Natal,Ward 52901004,KZN291,0.4921294271972016,0.36394852
KwaZulu-Natal,Ward 52901005,KZN291,0.5499331252786447,0.4731939
KwaZulu-Natal,Ward 52901006,KZN291,0.5293804839138527,0.4201285
KwaZulu-Natal,Ward 52901007,KZN291,0.4190079016681299,0.3451079
KwaZulu-Natal,Ward 52901008,KZN291,0.525503355704698,0.4265336
KwaZulu-Natal,Ward 52901009,KZN291,0.4275456919060052,0.3280705
KwaZulu-Natal,Ward 52901010,KZN291,0.4838258785942492,0.40599304
KwaZulu-Natal,Ward 52901011,KZN291,0.4935313847628174,0.36528897
KwaZulu-Natal,Ward 52901012,KZN291,0.4566674944127142,0.35981554
KwaZulu-Natal,Ward 52901013,KZN291,0.4209048361934477,0.4098195
KwaZulu-Natal,Ward 52901014,KZN291,0.422542735042735,0.40816554
KwaZulu-Natal,Ward 52901015,KZN291,0.4032014497130776,0.48217386
KwaZulu-Natal,Ward 52901016,KZN291,0.3962209302325581,0.39869335
KwaZulu-Natal,Ward 52901017,KZN291,0.375237063126524,0.3725171
KwaZulu-Natal,Ward 52901018,KZN291,0.3824908806670141,0.36209163
KwaZulu-Natal,Ward 52902001,KZN292,0.5801129943502825,0.4800835
KwaZulu-Natal,Ward 52902002,KZN292,0.6281702898550725,0.5595005
KwaZulu-Natal,Ward 52902003,KZN292,0.5299657534246576,0.49899974
KwaZulu-Natal,Ward 52902004,KZN292,0.3776766143989209,0.23169759
KwaZulu-Natal,Ward 52902005,KZN292,0.5981993299832495,0.5231668
KwaZulu-Natal,Ward 52902006,KZN292,0.4869565217391304,0.39012527
KwaZulu-Natal,Ward 52902007,KZN292,0.6104,0.53603095
KwaZulu-Natal,Ward 52902008,KZN292,0.4994037681850704,0.42586195
KwaZulu-Natal,Ward 52902009,KZN292,0.5491448118586089,0.47849286
KwaZulu-Natal,Ward 52902010,KZN292,0.5319725057279734,0.5080538
KwaZulu-Natal,Ward 52902011,KZN292,0.5887273451503684,0.50055844
KwaZulu-Natal,Ward 52902012,KZN292,0.4572983203217411,0.38307402
KwaZulu-Natal,Ward 52902013,KZN292,0.50945161894067,0.42676172
KwaZulu-Natal,Ward 52902014,KZN292,0.4882704691812327,0.42866132
KwaZulu-Natal,Ward 52902015,KZN292,0.4860305745914602,0.41940078
KwaZulu-Natal,Ward 52902016,KZN292,0.5262197145701958,0.40569606
KwaZulu-Natal,Ward 52902017,KZN292,0.5104961832061069,0.42318764
KwaZulu-Natal,Ward 52902018,KZN292,0.5454975183171827,0.47663656
KwaZulu-Natal,Ward 52902019,KZN292,0.4485365380887769,0.3462256
KwaZulu-Natal,Ward 52902020,KZN292,0.5866247755834829,0.4963359
KwaZulu-Natal,Ward 52902021,KZN292,0.5241875465145125,0.48662534
KwaZulu-Natal,Ward 52902022,KZN292,0.6670549084858569,0.5263094
KwaZulu-Natal,Ward 52902023,KZN292,0.5682015638575152,0.5080534
KwaZulu-Natal,Ward 52902024,KZN292,0.4974585635359116,0.39819977
KwaZulu-Natal,Ward 52902025,KZN292,0.534878165312948,0.46229696
KwaZulu-Natal,Ward 52902026,KZN292,0.5089234312032239,0.4282404
KwaZulu-Natal,Ward 52902027,KZN292,0.6289308176100629,0.55771995
KwaZulu-Natal,Ward 52902028,KZN292,0.524455205811138,0.44191137
KwaZulu-Natal,Ward 52902029,KZN292,0.5810276679841897,0.48623186
KwaZulu-Natal,Ward 52903001,KZN293,0.5126150192935589,0.4715914
KwaZulu-Natal,Ward 52903002,KZN293,0.4997131382673551,0.4407417
KwaZulu-Natal,Ward 52903003,KZN293,0.5665471923536439,0.4912726
KwaZulu-Natal,Ward 52903004,KZN293,0.5215103683070257,0.4711405
KwaZulu-Natal,Ward 52903005,KZN293,0.5694444444444444,0.5280123
KwaZulu-Natal,Ward 52903006,KZN293,0.458695652173913,0.4195759
KwaZulu-Natal,Ward 52903007,KZN293,0.5972718415069828,0.5262895
KwaZulu-Natal,Ward 52903008,KZN293,0.5723564562223954,0.55708635
KwaZulu-Natal,Ward 52903009,KZN293,0.5091593475533249,0.4406908
KwaZulu-Natal,Ward 52903010,KZN293,0.6135710178263369,0.57010305
KwaZulu-Natal,Ward 52903011,KZN293,0.6837806301050176,0.59295696
KwaZulu-Natal,Ward 52903012,KZN293,0.5897590361445784,0.5168477
KwaZulu-Natal,Ward 52903013,KZN293,0.5243426191096069,0.46679834
KwaZulu-Natal,Ward 52903014,KZN293,0.482509328358209,0.4048041
KwaZulu-Natal,Ward 52903015,KZN293,0.4849177330895795,0.4565415
KwaZulu-Natal,Ward 52903016,KZN293,0.66,0.5687491
KwaZulu-Natal,Ward 52903017,KZN293,0.5024497795198433,0.42954633
KwaZulu-Natal,Ward 52903018,KZN293,0.4491044124071647,0.39294225
KwaZulu-Natal,Ward 52903019,KZN293,0.5808187134502923,0.5110203
KwaZulu-Natal,Ward 52904001,KZN294,0.5206871521896927,0.46684644
KwaZulu-Natal,Ward 52904002,KZN294,0.5648108797280068,0.48075706
KwaZulu-Natal,Ward 52904003,KZN294,0.5528139728306072,0.49517247
KwaZulu-Natal,Ward 52904004,KZN294,0.5819311415997929,0.53240013
KwaZulu-Natal,Ward 52904005,KZN294,0.5287946428571428,0.40893617
KwaZulu-Natal,Ward 52904006,KZN294,0.5633116883116883,0.51448154
KwaZulu-Natal,Ward 52904007,KZN294,0.5227823557925352,0.43642482
KwaZulu-Natal,Ward 52904008,KZN294,0.5802226588081205,0.50530505
KwaZulu-Natal,Ward 52904009,KZN294,0.5682498930252461,0.5048888
KwaZulu-Natal,Ward 52904010,KZN294,0.5032695002335358,0.41248158
KwaZulu-Natal,Ward 52904011,KZN294,0.5329700272479564,0.45214224
KwaZulu-Natal,Ward 54303001,KZN433,0.4644433545855811,0.3505274
KwaZulu-Natal,Ward 54303002,KZN433,0.5582907570831398,0.4880194
KwaZulu-Natal,Ward 54303003,KZN433,0.3977960242005185,0.34324247
KwaZulu-Natal,Ward 54303004,KZN433,0.4988918985471559,0.4084725
KwaZulu-Natal,Ward 54303005,KZN433,0.4665343165059558,0.38092998
KwaZulu-Natal,Ward 54303006,KZN433,0.5343733474352195,0.43673593
KwaZulu-Natal,Ward 54303007,KZN433,0.369131455399061,0.24252337
KwaZulu-Natal,Ward 54303008,KZN433,0.4179978700745474,0.36010173
KwaZulu-Natal,Ward 54303009,KZN433,0.5272867025365103,0.4476943
KwaZulu-Natal,Ward 54303010,KZN433,0.5461233729485003,0.44398937
KwaZulu-Natal,Ward 54304001,KZN434,0.5855245323936026,0.4943013
KwaZulu-Natal,Ward 54304002,KZN434,0.4655587668593449,0.3727324
KwaZulu-Natal,Ward 54304003,KZN434,0.5536898839137645,0.56406856
KwaZulu-Natal,Ward 54304004,KZN434,0.484021164021164,0.43736124
KwaZulu-Natal,Ward 54304005,KZN434,0.5699535363964894,0.5327162
KwaZulu-Natal,Ward 54304006,KZN434,0.5107011070110701,0.43135095
KwaZulu-Natal,Ward 54304007,KZN434,0.4342350746268656,0.38781628
KwaZulu-Natal,Ward 54304008,KZN434,0.4598786244099798,0.4201911
KwaZulu-Natal,Ward 54304009,KZN434,0.6588046100241223,0.5316078
KwaZulu-Natal,Ward 54304010,KZN434,0.5837061455144809,0.46241292
KwaZulu-Natal,Ward 54304011,KZN434,0.5700629517370016,0.50359243
KwaZulu-Natal,Ward 54304012,KZN434,0.5181698774080561,0.48396525
KwaZulu-Natal,Ward 54304013,KZN434,0.5124162396531337,0.449873
KwaZulu-Natal,Ward 54304014,KZN434,0.5344031120836372,0.46799663
KwaZulu-Natal,Ward 54305001,KZN435,0.5900880037054191,0.5292908
KwaZulu-Natal,Ward 54305002,KZN435,0.4472507822977201,0.34650362
KwaZulu-Natal,Ward 54305003,KZN435,0.5027485112230875,0.41711152
KwaZulu-Natal,Ward 54305004,KZN435,0.5659238625812442,0.4391123
KwaZulu-Natal,Ward 54305005,KZN435,0.5468882005068995,0.45838612
KwaZulu-Natal,Ward 54305006,KZN435,0.5234200743494424,0.44727004
KwaZulu-Natal,Ward 54305007,KZN435,0.558983666061706,0.47167927
KwaZulu-Natal,Ward 54305008,KZN435,0.4756274131274131,0.42560503
KwaZulu-Natal,Ward 54305009,KZN435,0.481768590295722,0.43488255
KwaZulu-Natal,Ward 54305010,KZN435,0.5447284345047924,0.4546825
KwaZulu-Natal,Ward 54305011,KZN435,0.4363310274148091,0.33991843
KwaZulu-Natal,Ward 54305012,KZN435,0.5014678409394182,0.4212151
KwaZulu-Natal,Ward 54305013,KZN435,0.475391245180313,0.43203044
KwaZulu-Natal,Ward 54305014,KZN435,0.4946313528990694,0.400569
KwaZulu-Natal,Ward 54305015,KZN435,0.5357670394598016,0.48912716
KwaZulu-Natal,Ward 54305016,KZN435,0.3388077858880778,0.25217828
KwaZulu-Natal,Ward 54305017,KZN435,0.4362255965292841,0.2804653
KwaZulu-Natal,Ward 54305018,KZN435,0.53406292749658,0.41592777
KwaZulu-Natal,Ward 54305019,KZN435,0.5308595229079894,0.39463744
KwaZulu-Natal,Ward 54305020,KZN435,0.491162993672267,0.38949135
KwaZulu-Natal,Ward 54305021,KZN435,0.4929545454545455,0.41471222
KwaZulu-Natal,Ward 54305022,KZN435,0.5453024811820463,0.44874096
KwaZulu-Natal,Ward 54306001,KZN436,0.6072216097023153,0.5612242
KwaZulu-Natal,Ward 54306002,KZN436,0.5454545454545454,0.509748
KwaZulu-Natal,Ward 54306003,KZN436,0.4473916887709991,0.4181658
KwaZulu-Natal,Ward 54306004,KZN436,0.5399169358560222,0.47989342
KwaZulu-Natal,Ward 54306005,KZN436,0.5676905574516496,0.48165804
KwaZulu-Natal,Ward 54306006,KZN436,0.6244774732930795,0.5587893
KwaZulu-Natal,Ward 54306007,KZN436,0.6182809659828616,0.5648327
KwaZulu-Natal,Ward 54306008,KZN436,0.5981651376146789,0.52823603
KwaZulu-Natal,Ward 54306009,KZN436,0.5432569974554707,0.48850393
KwaZulu-Natal,Ward 54306010,KZN436,0.5370529327610872,0.47433135
KwaZulu-Natal,Ward 54306011,KZN436,0.5285899094437257,0.46221173
KwaZulu-Natal,Ward 54306012,KZN436,0.5517358747447243,0.51736975
KwaZulu-Natal,Ward 54306013,KZN436,0.5337423312883436,0.49288255
KwaZulu-Natal,Ward 54306014,KZN436,0.5304798962386511,0.4697273
KwaZulu-Natal,Ward 54306015,KZN436,0.5351219512195122,0.47225365
Limpopo,Ward 93301001,LIM331,0.5301824988301357,0.42549804
Limpopo,Ward 93301002,LIM331,0.5103734439834025,0.4460884
Limpopo,Ward 93301003,LIM331,0.3988838692532553,0.43304157
Limpopo,Ward 93301004,LIM331,0.485219707057257,0.38760397
Limpopo,Ward 93301005,LIM331,0.5059683313032887,0.43920177
Limpopo,Ward 93301006,LIM331,0.5689325035902346,0.4854839
Limpopo,Ward 93301007,LIM331,0.5049417966176147,0.4279076
Limpopo,Ward 93301008,LIM331,0.5357671435619141,0.46645284
Limpopo,Ward 93301009,LIM331,0.4120603015075377,0.40636253
Limpopo,Ward 93301010,LIM331,0.526060606060606,0.4774668
Limpopo,Ward 93301011,LIM331,0.4460212873796249,0.38624337
Limpopo,Ward 93301012,LIM331,0.4681096016578402,0.3944969
Limpopo,Ward 93301013,LIM331,0.4057052297939778,0.40653166
Limpopo,Ward 93301014,LIM331,0.4419354838709677,0.37664276
Limpopo,Ward 93301015,LIM331,0.4920261437908497,0.41937977
Limpopo,Ward 93301016,LIM331,0.5142383190489356,0.42440826
Limpopo,Ward 93301017,LIM331,0.5545914678235719,0.50165087
Limpopo,Ward 93301018,LIM331,0.5098729227761486,0.41607055
Limpopo,Ward 93301019,LIM331,0.4256298449612403,0.3957674
Limpopo,Ward 93301020,LIM331,0.4461340206185567,0.38491923
Limpopo,Ward 93301021,LIM331,0.5162942271880819,0.4629213
Limpopo,Ward 93301022,LIM331,0.4401544401544401,0.4282581
Limpopo,Ward 93301023,LIM331,0.4869256156384869,0.4289268
Limpopo,Ward 93301024,LIM331,0.4912280701754385,0.42320037
Limpopo,Ward 93301025,LIM331,0.5526255967265288,0.48671496
Limpopo,Ward 93301026,LIM331,0.5244618395303327,0.46893635
Limpopo,Ward 93301027,LIM331,0.5140758873929009,0.41282332
Limpopo,Ward 93301028,LIM331,0.4213836477987421,0.3760839
Limpopo,Ward 93301029,LIM331,0.5037267080745341,0.42277277
Limpopo,Ward 93301030,LIM331,0.4550037811948575,0.33594245
Limpopo,Ward 93301031,LIM331,0.4794520547945205,0.41929528
Limpopo,Ward 93302001,LIM332,0.5086297071129707,0.4550108
Limpopo,Ward 93302002,LIM332,0.4919458762886597,0.45674813
Limpopo,Ward 93302003,LIM332,0.507514450867052,0.45336232
Limpopo,Ward 93302004,LIM332,0.5143095304251181,0.45221218
Limpopo,Ward 93302005,LIM332,0.4844703272323905,0.4324122
Limpopo,Ward 93302006,LIM332,0.4843418259023354,0.43870032
Limpopo,Ward 93302007,LIM332,0.4922952149229521,0.44731188
Limpopo,Ward 93302008,LIM332,0.497786211258697,0.4723063
Limpopo,Ward 93302009,LIM332,0.5040650406504065,0.4610358
Limpopo,Ward 93302010,LIM332,0.439247311827957,0.36427742
Limpopo,Ward 93302011,LIM332,0.4947248360422013,0.43453345
Limpopo,Ward 93302012,LIM332,0.4675254965110038,0.44806898
Limpopo,Ward 93302013,LIM332,0.5474375821287779,0.49774262
Limpopo,Ward 93302014,LIM332,0.4755366949575637,0.41007692
Limpopo,Ward 93302015,LIM332,0.5418648905803997,0.46340126
Limpopo,Ward 93302016,LIM332,0.5637181409295352,0.48911104
Limpopo,Ward 93302017,LIM332,0.4714614793959559,0.42462385
Limpopo,Ward 93302018,LIM332,0.5797227036395147,0.5340759
Limpopo,Ward 93302019,LIM332,0.5014292520247737,0.43579778
Limpopo,Ward 93302020,LIM332,0.5155972609688054,0.4588907
Limpopo,Ward 93302021,LIM332,0.5198666296193387,0.4667458
Limpopo,Ward 93302022,LIM332,0.5644820295983086,0.5010536
Limpopo,Ward 93302023,LIM332,0.4704605739088497,0.4251298
Limpopo,Ward 93302024,LIM332,0.5325443786982249,0.490305
Limpopo,Ward 93302025,LIM332,0.4745850622406639,0.45762876
Limpopo,Ward 93302026,LIM332,0.4692604692604692,0.4547805
Limpopo,Ward 93302027,LIM332,0.5986010223298359,0.53420043
Limpopo,Ward 93302028,LIM332,0.5174632352941176,0.4866886
Limpopo,Ward 93302029,LIM332,0.4761622742078768,0.43148285
Limpopo,Ward 93302030,LIM332,0.5182597650047635,0.4900864
Limpopo,Ward 93303001,LIM333,0.4202475077346167,0.40797198
Limpopo,Ward 93303002,LIM333,0.4743186582809224,0.44899213
Limpopo,Ward 93303003,LIM333,0.4934223443942666,0.4229909
Limpopo,Ward 93303004,LIM333,0.4787492978842913,0.39801592
Limpopo,Ward 93303005,LIM333,0.4053530551153372,0.39392516
Limpopo,Ward 93303006,LIM333,0.4341547939930689,0.40028617
Limpopo,Ward 93303007,LIM333,0.4189240030097818,0.40914166
Limpopo,Ward 93303008,LIM333,0.4034079651277987,0.43137094
Limpopo,Ward 93303009,LIM333,0.4377057702304626,0.40627986
Limpopo,Ward 93303010,LIM333,0.4492898579715943,0.44533363
Limpopo,Ward 93303011,LIM333,0.474947206757535,0.40903348
Limpopo,Ward 93303012,LIM333,0.434397845325125,0.4114762
Limpopo,Ward 93303013,LIM333,0.3700756840675335,0.39932695
Limpopo,Ward 93303014,LIM333,0.4761582685153872,0.446454
Limpopo,Ward 93303015,LIM333,0.4713946262109303,0.40623292
Limpopo,Ward 93303016,LIM333,0.4046121593291404,0.4153
Limpopo,Ward 93303017,LIM333,0.4088949843260188,0.4133668
Limpopo,Ward 93303018,LIM333,0.3775949130353469,0.3703284
Limpopo,Ward 93303019,LIM333,0.4106432013408758,0.43955526
Limpopo,Ward 93303020,LIM333,0.3387874973778057,0.5087349
Limpopo,Ward 93303021,LIM333,0.3933274802458297,0.4479222
Limpopo,Ward 93303022,LIM333,0.4497708847373987,0.42383018
Limpopo,Ward 93303023,LIM333,0.4184366104663893,0.41935468
Limpopo,Ward 93303024,LIM333,0.4057226705796038,0.3856334
Limpopo,Ward 93303025,LIM333,0.3888888888888889,0.40716964
Limpopo,Ward 93303026,LIM333,0.4790697674418605,0.43106037
Limpopo,Ward 93303027,LIM333,0.3922018348623853,0.39962527
Limpopo,Ward 93303028,LIM333,0.410010649627263,0.41014254
Limpopo,Ward 93303029,LIM333,0.3888772736776082,0.4568688
Limpopo,Ward 93303030,LIM333,0.4495092693565976,0.39182657
Limpopo,Ward 93303031,LIM333,0.4870026525198939,0.4188786
Limpopo,Ward 93303032,LIM333,0.5101869355177484,0.4788383
Limpopo,Ward 93303033,LIM333,0.4942910525223168,0.47896925
Limpopo,Ward 93303034,LIM333,0.5939325419257584,0.48958188
Limpopo,Ward 93303035,LIM333,0.4403435044765211,0.41528884
Limpopo,Ward 93304001,LIM334,0.3805970149253731,0.41070306
Limpopo,Ward 93304002,LIM334,0.4266433391652087,0.43064848
Limpopo,Ward 93304003,LIM334,0.3730178706267304,0.4262263
Limpopo,Ward 93304004,LIM334,0.3582952815829528,0.4795612
Limpopo,Ward 93304005,LIM334,0.3254936120789779,0.6041224
Limpopo,Ward 93304006,LIM334,0.4284599375650364,0.44769552
Limpopo,Ward 93304007,LIM334,0.4031128404669261,0.41598082
Limpopo,Ward 93304008,LIM334,0.4175415573053368,0.3904289
Limpopo,Ward 93304009,LIM334,0.4857778877071481,0.39809173
Limpopo,Ward 93304010,LIM334,0.6232545649838883,0.5697063
Limpopo,Ward 93304011,LIM334,0.3702252693437806,0.4002663
Limpopo,Ward 93304012,LIM334,0.4946357989836251,0.48236376
Limpopo,Ward 93304013,LIM334,0.4424756034925526,0.43350625
Limpopo,Ward 93304014,LIM334,0.3997711670480549,0.39804673
Limpopo,Ward 93304015,LIM334,0.4333258376433551,0.47890195
Limpopo,Ward 93304016,LIM334,0.3556983107304306,0.3619824
Limpopo,Ward 93304017,LIM334,0.5658148505303761,0.5081745
Limpopo,Ward 93304018,LIM334,0.4838791571464839,0.46099865
Limpopo,Ward 93304019,LIM334,0.4195264698057994,0.43808162
Limpopo,Ward 93305001,LIM335,0.4505010999755561,0.42168114
Limpopo,Ward 93305002,LIM335,0.5156363636363637,0.47632894
Limpopo,Ward 93305003,LIM335,0.6170162620787178,0.54141605
Limpopo,Ward 93305004,LIM335,0.6161228406909789,0.53544724
Limpopo,Ward 93305005,LIM335,0.616078753076292,0.5273949
Limpopo,Ward 93305006,LIM335,0.6318575553416746,0.5227826
Limpopo,Ward 93305007,LIM335,0.5942028985507246,0.4995561
Limpopo,Ward 93305008,LIM335,0.6723348593852191,0.5573007
Limpopo,Ward 93305009,LIM335,0.5382491024578846,0.4897614
Limpopo,Ward 93305010,LIM335,0.6099046610169492,0.5247123
Limpopo,Ward 93305011,LIM335,0.5362108922363847,0.48863077
Limpopo,Ward 93305012,LIM335,0.5503597122302158,0.4717555
Limpopo,Ward 93305013,LIM335,0.6576157227825188,0.548206
Limpopo,Ward 93305014,LIM335,0.5565006075334143,0.49571326
Limpopo,Ward 93401001,LIM341,0.4232820834640728,0.40852058
Limpopo,Ward 93401002,LIM341,0.3229198886483143,0.6292037
Limpopo,Ward 93401003,LIM341,0.4480582524271844,0.40568113
Limpopo,Ward 93401004,LIM341,0.4370235934664246,0.38036662
Limpopo,Ward 93401005,LIM341,0.4266945356822932,0.42983785
Limpopo,Ward 93401006,LIM341,0.4816652286453839,0.39138833
Limpopo,Ward 93401007,LIM341,0.528871779686112,0.4303768
Limpopo,Ward 93401008,LIM341,0.4911213816589637,0.41919628
Limpopo,Ward 93401009,LIM341,0.5250689972401104,0.43441522
Limpopo,Ward 93401010,LIM341,0.5807743658210948,0.5110579
Limpopo,Ward 93401011,LIM341,0.5737514518002322,0.48031607
Limpopo,Ward 93401012,LIM341,0.5305334298817282,0.4823178
Limpopo,Ward 93403001,LIM343,0.4084934277047523,0.40866005
Limpopo,Ward 93403002,LIM343,0.4732179645653069,0.46757245
Limpopo,Ward 93403003,LIM343,0.4382542236524537,0.43259194
Limpopo,Ward 93403004,LIM343,0.4469783352337514,0.42663428
Limpopo,Ward 93403005,LIM343,0.4791831879460745,0.43031752
Limpopo,Ward 93403006,LIM343,0.5030748206354629,0.441662
Limpopo,Ward 93403007,LIM343,0.3802055164954029,0.34591827
Limpopo,Ward 93403008,LIM343,0.4098586694243364,0.4117025
Limpopo,Ward 93403009,LIM343,0.4443127962085308,0.39746568
Limpopo,Ward 93403010,LIM343,0.4916477624252423,0.43547255
Limpopo,Ward 93403011,LIM343,0.4058310991957105,0.39874253
Limpopo,Ward 93403012,LIM343,0.4051043143609479,0.41504216
Limpopo,Ward 93403013,LIM343,0.5021033148241629,0.44351286
Limpopo,Ward 93403014,LIM343,0.4439058171745152,0.43617117
Limpopo,Ward 93403015,LIM343,0.3961649089165868,0.38875967
Limpopo,Ward 93403016,LIM343,0.4322196956445688,0.40851173
Limpopo,Ward 93403017,LIM343,0.4211171423568552,0.4107984
Limpopo,Ward 93403018,LIM343,0.3585625695659087,0.3112318
Limpopo,Ward 93403019,LIM343,0.4724306076519129,0.42386433
Limpopo,Ward 93403020,LIM343,0.3888573052870949,0.37899983
Limpopo,Ward 93403021,LIM343,0.3814398943196829,0.31942752
Limpopo,Ward 93403022,LIM343,0.1554086732226342,0.3800554
Limpopo,Ward 93403023,LIM343,0.346779440468445,0.31189445
Limpopo,Ward 93403024,LIM343,0.3799167052290606,0.26430336
Limpopo,Ward 93403025,LIM343,0.3681763040841084,0.40194687
Limpopo,Ward 93403026,LIM343,0.4022773623385452,0.37530544
Limpopo,Ward 93403027,LIM343,0.4244165170556553,0.3691328
Limpopo,Ward 93403028,LIM343,0.4059820121313532,0.42979226
Limpopo,Ward 93403029,LIM343,0.3686592494814256,0.36425555
Limpopo,Ward 93403030,LIM343,0.3889697852202403,0.39903978
Limpopo,Ward 93403031,LIM343,0.422537535060221,0.4123382
Limpopo,Ward 93403032,LIM343,0.4143780290791599,0.44449592
Limpopo,Ward 93403033,LIM343,0.3979955834890437,0.40673384
Limpopo,Ward 93403034,LIM343,0.4866350710900474,0.43077347
Limpopo,Ward 93403035,LIM343,0.4152322182526794,0.36298984
Limpopo,Ward 93403036,LIM343,0.415436005625879,0.4106425
Limpopo,Ward 93403037,LIM343,0.3650159744408945,0.36894634
Limpopo,Ward 93403038,LIM343,0.3843772760378732,0.39568913
Limpopo,Ward 93403039,LIM343,0.4256206554121152,0.38136616
Limpopo,Ward 93403040,LIM343,0.3514582303509639,0.310878
Limpopo,Ward 93403041,LIM343,0.395163961576681,0.3659548
Limpopo,Ward 93404001,LIM344,0.4471472799646174,0.42170456
Limpopo,Ward 93404002,LIM344,0.4045158821278224,0.3843548
Limpopo,Ward 93404003,LIM344,0.4615889691398555,0.4013812
Limpopo,Ward 93404004,LIM344,0.5226407109606432,0.44191208
Limpopo,Ward 93404005,LIM344,0.3997293029551094,0.44790587
Limpopo,Ward 93404006,LIM344,0.4286734936889735,0.4192217
Limpopo,Ward 93404007,LIM344,0.5470897332255457,0.4786811
Limpopo,Ward 93404008,LIM344,0.4809449520837976,0.45622405
Limpopo,Ward 93404009,LIM344,0.448229190164674,0.4858486
Limpopo,Ward 93404010,LIM344,0.3848095456631482,0.43629256
Limpopo,Ward 93404011,LIM344,0.4403205398566006,0.43555838
Limpopo,Ward 93404012,LIM344,0.4827111984282907,0.38879925
Limpopo,Ward 93404013,LIM344,0.3893129770992366,0.4489767
Limpopo,Ward 93404014,LIM344,0.4322001527883881,0.39795765
Limpopo,Ward 93404015,LIM344,0.4160116980442332,0.4089105
Limpopo,Ward 93404016,LIM344,0.4327766179540709,0.4439216
Limpopo,Ward 93404017,LIM344,0.4065089953507176,0.4194089
Limpopo,Ward 93404018,LIM344,0.3947482638888889,0.4529384
Limpopo,Ward 93404019,LIM344,0.4700700248475265,0.42570338
Limpopo,Ward 93404020,LIM344,0.4525077674212162,0.42592335
Limpopo,Ward 93404021,LIM344,0.3916971916971917,0.45446926
Limpopo,Ward 93404022,LIM344,0.4361413043478261,0.3861796
Limpopo,Ward 93404023,LIM344,0.4661962212610972,0.4927535
Limpopo,Ward 93404024,LIM344,0.4390743395453614,0.38604364
Limpopo,Ward 93404025,LIM344,0.4100850546780072,0.42984262
Limpopo,Ward 93404026,LIM344,0.4335006273525721,0.4504949
Limpopo,Ward 93404027,LIM344,0.3684866099231887,0.44556248
Limpopo,Ward 93404028,LIM344,0.4755411255411255,0.42567194
Limpopo,Ward 93404029,LIM344,0.3921765295887663,0.43654692
Limpopo,Ward 93404030,LIM344,0.3965825551361017,0.44563112
Limpopo,Ward 93404031,LIM344,0.532167530224525,0.44942594
Limpopo,Ward 93404032,LIM344,0.3290707587382779,0.48416683
Limpopo,Ward 93404033,LIM344,0.4079826620913852,0.41607046
Limpopo,Ward 93404034,LIM344,0.3675756443780351,0.35540035
Limpopo,Ward 93404035,LIM344,0.3830334190231362,0.44343278
Limpopo,Ward 93404036,LIM344,0.3744588744588744,0.40020114
Limpopo,Ward 93404037,LIM344,0.4517982017982018,0.4418144
Limpopo,Ward 93404038,LIM344,0.385968266105907,0.35291836
Limpopo,Ward 93405001,LIM345,0.4548839246605344,0.36024484
Limpopo,Ward 93405002,LIM345,0.4860050890585242,0.4179825
Limpopo,Ward 93405003,LIM345,0.3740120874012087,0.38862464
Limpopo,Ward 93405004,LIM345,0.4884596086302057,0.4254903
Limpopo,Ward 93405005,LIM345,0.4308650850706925,0.37801722
Limpopo,Ward 93405006,LIM345,0.4731208951593286,0.42008603
Limpopo,Ward 93405009,LIM345,0.4864451246174027,0.41298783
Limpopo,Ward 93405010,LIM345,0.4294933078393881,0.39600578
Limpopo,Ward 93405011,LIM345,0.6116807846633973,0.51954037
Limpopo,Ward 93405012,LIM345,0.4313624678663239,0.4329728
Limpopo,Ward 93405015,LIM345,0.4825375773651635,0.38303104
Limpopo,Ward 93405016,LIM345,0.4977064220183486,0.4010144
Limpopo,Ward 93405017,LIM345,0.4555428571428571,0.3982966
Limpopo,Ward 93405018,LIM345,0.4584592145015105,0.41458377
Limpopo,Ward 93405019,LIM345,0.597646573080099,0.5074104
Limpopo,Ward 93405020,LIM345,0.4886634844868735,0.37361446
Limpopo,Ward 93405021,LIM345,0.489588623666836,0.43116456
Limpopo,Ward 93405022,LIM345,0.461796106342893,0.3882786
Limpopo,Ward 93405023,LIM345,0.5033851055356432,0.44443595
Limpopo,Ward 93405024,LIM345,0.4638119618338375,0.39919722
Limpopo,Ward 93405025,LIM345,0.4883288576740343,0.38245466
Limpopo,Ward 93405026,LIM345,0.4116978989210675,0.35980535
Limpopo,Ward 93405027,LIM345,0.4547337891029625,0.38894677
Limpopo,Ward 93405028,LIM345,0.4597222222222222,0.4100745
Limpopo,Ward 93405029,LIM345,0.4423683571948556,0.39210442
Limpopo,Ward 93405030,LIM345,0.4904286308780691,0.4190671
Limpopo,Ward 93405031,LIM345,0.4409448818897638,0.4066084
Limpopo,Ward 93405032,LIM345,0.5063819342169857,0.46025783
Limpopo,Ward 93405033,LIM345,0.5383228133453561,0.48400632
Limpopo,Ward 93405034,LIM345,0.468051434223541,0.40990388
Limpopo,Ward 93405035,LIM345,0.4542797494780793,0.3752296
Limpopo,Ward 93405036,LIM345,0.4573913043478261,0.4037275
Limpopo,Ward 93501001,LIM351,0.4528083381586566,0.50288135
Limpopo,Ward 93501002,LIM351,0.4279385705847607,0.45107272
Limpopo,Ward 93501003,LIM351,0.4054794520547945,0.40590212
Limpopo,Ward 93501004,LIM351,0.4618149146451033,0.445428
Limpopo,Ward 93501005,LIM351,0.4520843315764254,0.41481844
Limpopo,Ward 93501006,LIM351,0.4136390708755211,0.44761676
Limpopo,Ward 93501007,LIM351,0.4636434714620797,0.45362964
Limpopo,Ward 93501008,LIM351,0.3775557620817844,0.41494644
Limpopo,Ward 93501009,LIM351,0.4309582309582309,0.4361813
Limpopo,Ward 93501010,LIM351,0.4469072164948454,0.46888527
Limpopo,Ward 93501011,LIM351,0.5118129818453121,0.4539024
Limpopo,Ward 93501012,LIM351,0.4665625813166796,0.45855325
Limpopo,Ward 93501013,LIM351,0.4937733499377335,0.45102102
Limpopo,Ward 93501014,LIM351,0.4294270833333333,0.4397561
Limpopo,Ward 93501015,LIM351,0.517436915225404,0.43660244
Limpopo,Ward 93501016,LIM351,0.5304250559284116,0.51102406
Limpopo,Ward 93501017,LIM351,0.4994419642857143,0.48606038
Limpopo,Ward 93501018,LIM351,0.4159190246146768,0.44046327
Limpopo,Ward 93501019,LIM351,0.3627781523937963,0.46745625
Limpopo,Ward 93501020,LIM351,0.4854545454545454,0.4656647
Limpopo,Ward 93501021,LIM351,0.4322766570605187,0.40446562
Limpopo,Ward 93501022,LIM351,0.3991296238731737,0.49990007
Limpopo,Ward 93503001,LIM353,0.4551517939282428,0.37812862
Limpopo,Ward 93503002,LIM353,0.5227027027027027,0.45306724
Limpopo,Ward 93503003,LIM353,0.4767628205128205,0.42512554
Limpopo,Ward 93503004,LIM353,0.4295240982115793,0.41495052
Limpopo,Ward 93503005,LIM353,0.484248675773627,0.43735605
Limpopo,Ward 93503006,LIM353,0.4005051922537188,0.45647964
Limpopo,Ward 93503007,LIM353,0.5117739403453689,0.4793529
Limpopo,Ward 93503008,LIM353,0.4899436846339501,0.41395658
Limpopo,Ward 93503009,LIM353,0.4969005702950657,0.42410618
Limpopo,Ward 93503010,LIM353,0.430166076776477,0.42141715
Limpopo,Ward 93503011,LIM353,0.4201202151217969,0.42751476
Limpopo,Ward 93503012,LIM353,0.5310796074154853,0.45668596
Limpopo,Ward 93503013,LIM353,0.4476273148148148,0.43152738
Limpopo,Ward 93503014,LIM353,0.4183389074693422,0.44024432
Limpopo,Ward 93503015,LIM353,0.4130380691714357,0.4096827
Limpopo,Ward 93503016,LIM353,0.4493041749502982,0.41388714
Limpopo,Ward 93504001,LIM354,0.4738251041046996,0.42854708
Limpopo,Ward 93504002,LIM354,0.4563433337817839,0.39903438
Limpopo,Ward 93504003,LIM354,0.4164460364429216,0.36873505
Limpopo,Ward 93504004,LIM354,0.4773011897307451,0.46677023
Limpopo,Ward 93504005,LIM354,0.4099971518086015,0.2697919
Limpopo,Ward 93504006,LIM354,0.451705402958044,0.42297405
Limpopo,Ward 93504007,LIM354,0.4474752394869297,0.43287054
Limpopo,Ward 93504008,LIM354,0.3809842651489789,0.23775655
Limpopo,Ward 93504009,LIM354,0.4594073717176584,0.372374
Limpopo,Ward 93504010,LIM354,0.4521452145214521,0.42991596
Limpopo,Ward 93504011,LIM354,0.4506112125895742,0.4207057
Limpopo,Ward 93504012,LIM354,0.3950349883372209,0.34217155
Limpopo,Ward 93504013,LIM354,0.4939589442815249,0.39842662
Limpopo,Ward 93504014,LIM354,0.4710782588290508,0.368115
Limpopo,Ward 93504015,LIM354,0.4201680672268907,0.31543723
Limpopo,Ward 93504016,LIM354,0.4712448434845911,0.38074994
Limpopo,Ward 93504017,LIM354,0.4680139186295503,0.42108
Limpopo,Ward 93504018,LIM354,0.4538841257469472,0.4056343
Limpopo,Ward 93504019,LIM354,0.4036144578313253,0.31085616
Limpopo,Ward 93504020,LIM354,0.43027591349739,0.3412761
Limpopo,Ward 93504021,LIM354,0.5368190528332877,0.42121086
Limpopo,Ward 93504022,LIM354,0.4714209401709401,0.4084404
Limpopo,Ward 93504023,LIM354,0.4382117761085534,0.34345517
Limpopo,Ward 93504024,LIM354,0.4493518239372927,0.45441875
Limpopo,Ward 93504025,LIM354,0.4038157734840199,0.287467
Limpopo,Ward 93504026,LIM354,0.1683545968696567,0.24722238
Limpopo,Ward 93504027,LIM354,0.423616060822048,0.3151196
Limpopo,Ward 93504028,LIM354,0.4276522519826425,0.36501428
Limpopo,Ward 93504029,LIM354,0.4586442786069651,0.46564496
Limpopo,Ward 93504030,LIM354,0.4568430387230269,0.43005267
Limpopo,Ward 93504031,LIM354,0.4293870192307692,0.3538937
Limpopo,Ward 93504032,LIM354,0.4790299572039942,0.41079676
Limpopo,Ward 93504033,LIM354,0.4316312276889648,0.4335076
Limpopo,Ward 93504034,LIM354,0.4362022053558642,0.30685163
Limpopo,Ward 93504035,LIM354,0.4558033315421816,0.39192387
Limpopo,Ward 93504036,LIM354,0.4644882860665845,0.38535348
Limpopo,Ward 93504037,LIM354,0.45598719627528,0.41320783
Limpopo,Ward 93504038,LIM354,0.4653465346534653,0.41176364
Limpopo,Ward 93504039,LIM354,0.3735898177610645,0.16667953
Limpopo,Ward 93504040,LIM354,0.432988373578638,0.3319479
Limpopo,Ward 93504041,LIM354,0.3936759889140842,0.2845367
Limpopo,Ward 93504042,LIM354,0.3990777338603425,0.27251723
Limpopo,Ward 93504043,LIM354,0.3959917069799585,0.2697919
Limpopo,Ward 93504044,LIM354,0.4447670582024548,0.3769353
Limpopo,Ward 93504045,LIM354,0.3891706648389307,0.29734272
Limpopo,Ward 93505001,LIM355,0.4180626365622724,0.45561042
Limpopo,Ward 93505002,LIM355,0.3806434872859366,0.45233944
Limpopo,Ward 93505003,LIM355,0.4434811603867956,0.42083657
Limpopo,Ward 93505004,LIM355,0.4106641721234799,0.4486789
Limpopo,Ward 93505005,LIM355,0.4321103794292882,0.43019465
Limpopo,Ward 93505006,LIM355,0.4205908160280784,0.41427475
Limpopo,Ward 93505007,LIM355,0.4064296915838996,0.46300343
Limpopo,Ward 93505008,LIM355,0.4132124352331606,0.45323333
Limpopo,Ward 93505009,LIM355,0.3828351012536162,0.4836742
Limpopo,Ward 93505010,LIM355,0.372907949790795,0.43890953
Limpopo,Ward 93505011,LIM355,0.3920792079207921,0.44273123
Limpopo,Ward 93505012,LIM355,0.4306400231682595,0.41238862
Limpopo,Ward 93505013,LIM355,0.4593290944968208,0.38054094
Limpopo,Ward 93505014,LIM355,0.4324404761904762,0.43236807
Limpopo,Ward 93505015,LIM355,0.416893115942029,0.44612142
Limpopo,Ward 93505016,LIM355,0.3968729208250166,0.4231059
Limpopo,Ward 93505017,LIM355,0.4353125,0.44506267
Limpopo,Ward 93505018,LIM355,0.4409293129016312,0.48079196
Limpopo,Ward 93505019,LIM355,0.4565548780487805,0.47113517
Limpopo,Ward 93505020,LIM355,0.3908136482939632,0.3901103
Limpopo,Ward 93505021,LIM355,0.3826188393117527,0.42306972
Limpopo,Ward 93505022,LIM355,0.3771545427987146,0.50301677
Limpopo,Ward 93505023,LIM355,0.3655438983986747,0.3981852
Limpopo,Ward 93505024,LIM355,0.4032946918852959,0.46814063
Limpopo,Ward 93505025,LIM355,0.4745716616807179,0.3950685
Limpopo,Ward 93505026,LIM355,0.439149560117302,0.4228331
Limpopo,Ward 93505027,LIM355,0.483580637314522,0.4296217
Limpopo,Ward 93505028,LIM355,0.5679179044018363,0.5447621
Limpopo,Ward 93505029,LIM355,0.6250655479811221,0.5770156
Limpopo,Ward 93505030,LIM355,0.4754683318465655,0.446328
Limpopo,Ward 93601001,LIM361,0.4712166172106825,0.45052198
Limpopo,Ward 93601002,LIM361,0.5598365440747227,0.49507788
Limpopo,Ward 93601003,LIM361,0.2951773835920177,0.50911176
Limpopo,Ward 93601004,LIM361,0.5381210034431874,0.51392835
Limpopo,Ward 93601005,LIM361,0.4081996434937611,0.4133144
Limpopo,Ward 93601006,LIM361,0.3631732168850072,0.4732402
Limpopo,Ward 93601007,LIM361,0.3171694389625035,0.5711496
Limpopo,Ward 93601008,LIM361,0.3538261515601783,0.35785362
Limpopo,Ward 93601009,LIM361,0.4524759446139404,0.44689995
Limpopo,Ward 93601010,LIM361,0.3952451708766716,0.4861454
Limpopo,Ward 93601011,LIM361,0.3054325955734406,0.5177376
Limpopo,Ward 93601012,LIM361,0.4754510162137474,0.44530177
Limpopo,Ward 93602001,LIM362,0.303357314148681,0.44794717
Limpopo,Ward 93602002,LIM362,0.2697864998921717,0.39323696
Limpopo,Ward 93602003,LIM362,0.3532289628180039,0.37010163
Limpopo,Ward 93602004,LIM362,0.3736588975212727,0.35515496
Limpopo,Ward 93602005,LIM362,0.5833130031715053,0.48750618
Limpopo,Ward 93602006,LIM362,0.5231429216527432,0.44964758
Limpopo,Ward 93602007,LIM362,0.5538631346578367,0.48256996
Limpopo,Ward 93602008,LIM362,0.628700986929848,0.5842972
Limpopo,Ward 93602009,LIM362,0.5918416030534351,0.4878883
Limpopo,Ward 93602010,LIM362,0.6042684494728722,0.5558035
Limpopo,Ward 93602011,LIM362,0.5703617269544924,0.47477794
Limpopo,Ward 93602012,LIM362,0.557860004713646,0.51228136
Limpopo,Ward 93602013,LIM362,0.4244209670865502,0.38556716
Limpopo,Ward 93606001,LIM366,0.5600558659217877,0.45152193
Limpopo,Ward 93606002,LIM366,0.4586535505687058,0.44488364
Limpopo,Ward 93606003,LIM366,0.4609427609427609,0.4190572
Limpopo,Ward 93606004,LIM366,0.4960974086793631,0.467957
Limpopo,Ward 93606005,LIM366,0.5470027247956403,0.47626358
Limpopo,Ward 93606006,LIM366,0.5165702261967385,0.4263912
Limpopo,Ward 93606007,LIM366,0.5413555427914991,0.45586148
Limpopo,Ward 93606008,LIM366,0.4853484363457276,0.43218154
Limpopo,Ward 93606009,LIM366,0.4452261306532663,0.38056034
Limpopo,Ward 93607001,LIM367,0.4739843193157519,0.44871098
Limpopo,Ward 93607002,LIM367,0.4294727354664263,0.47417605
Limpopo,Ward 93607003,LIM367,0.5282544040265386,0.46052822
Limpopo,Ward 93607004,LIM367,0.4190031152647975,0.4905809
Limpopo,Ward 93607005,LIM367,0.4577502691065662,0.4863899
Limpopo,Ward 93607006,LIM367,0.452628839146278,0.41883475
Limpopo,Ward 93607007,LIM367,0.4842377260981912,0.48447683
Limpopo,Ward 93607008,LIM367,0.4174950298210735,0.43050733
Limpopo,Ward 93607009,LIM367,0.381786718581008,0.39489532
Limpopo,Ward 93607010,LIM367,0.4390368852459016,0.44074193
Limpopo,Ward 93607011,LIM367,0.4207470974255426,0.4458535
Limpopo,Ward 93607012,LIM367,0.374750830564784,0.39098474
Limpopo,Ward 93607013,LIM367,0.3862118320610687,0.44054806
Limpopo,Ward 93607014,LIM367,0.3987867894855089,0.44796306
Limpopo,Ward 93607015,LIM367,0.376833807751259,0.4353643
Limpopo,Ward 93607016,LIM367,0.3830655445039531,0.46955258
Limpopo,Ward 93607017,LIM367,0.3466257668711656,0.40505257
Limpopo,Ward 93607018,LIM367,0.2999386628501329,0.5201382
Limpopo,Ward 93607019,LIM367,0.3225098727512067,0.47539526
Limpopo,Ward 93607020,LIM367,0.4323251417769376,0.39484078
Limpopo,Ward 93607021,LIM367,0.4023765621798811,0.34433126
Limpopo,Ward 93607022,LIM367,0.4109229668495111,0.4419575
Limpopo,Ward 93607023,LIM367,0.4297504798464491,0.3989083
Limpopo,Ward 93607024,LIM367,0.418610747051114,0.42991978
Limpopo,Ward 93607025,LIM367,0.4062282128747385,0.43619785
Limpopo,Ward 93607026,LIM367,0.3621621621621622,0.4062608
Limpopo,Ward 93607027,LIM367,0.3364764267990074,0.5398116
Limpopo,Ward 93607028,LIM367,0.3162428219852338,0.5058573
Limpopo,Ward 93607029,LIM367,0.3619750483219118,0.3208699
Limpopo,Ward 93607030,LIM367,0.37688127090301,0.38531888
Limpopo,Ward 93607031,LIM367,0.563984674329502,0.4878761
Limpopo,Ward 93607032,LIM367,0.4592716818399616,0.4298979
Limpopo,Ward 93608001,LIM368,0.4814814814814814,0.4115052
Limpopo,Ward 93608002,LIM368,0.4554943461873006,0.4167623
Limpopo,Ward 93608003,LIM368,0.488991888760139,0.4597948
Limpopo,Ward 93608004,LIM368,0.495900555408622,0.42408675
Limpopo,Ward 93608005,LIM368,0.4876768598813327,0.41278285
Limpopo,Ward 93608006,LIM368,0.5291666666666667,0.4370916
Limpopo,Ward 93608007,LIM368,0.4924578527062999,0.42251027
Limpopo,Ward 93608008,LIM368,0.4622751015670342,0.42169133
Limpopo,Ward 93608009,LIM368,0.5221122112211221,0.45488548
Limpopo,Ward 93608010,LIM368,0.5018026876433956,0.4296801
Limpopo,Ward 93608011,LIM368,0.4765375854214123,0.3976164
Limpopo,Ward 93608012,LIM368,0.6690042075736325,0.534312
Limpopo,Ward 93608013,LIM368,0.4217379750199309,0.39457434
Limpopo,Ward 93608014,LIM368,0.4826086956521739,0.4691604
Limpopo,Ward 94701001,LIM471,0.4325077399380805,0.41166073
Limpopo,Ward 94701002,LIM471,0.4598174860170739,0.41898257
Limpopo,Ward 94701003,LIM471,0.4468085106382978,0.48889634
Limpopo,Ward 94701004,LIM471,0.5352760736196319,0.47416008
Limpopo,Ward 94701005,LIM471,0.463743676222597,0.40408626
Limpopo,Ward 94701006,LIM471,0.4703296703296703,0.4635578
Limpopo,Ward 94701007,LIM471,0.417506478548805,0.44998044
Limpopo,Ward 94701008,LIM471,0.4074784276126558,0.46728012
Limpopo,Ward 94701009,LIM471,0.3983158969124776,0.46532652
Limpopo,Ward 94701010,LIM471,0.4513548387096774,0.4519597
Limpopo,Ward 94701011,LIM471,0.4121540312876053,0.5062372
Limpopo,Ward 94701012,LIM471,0.401219512195122,0.44024262
Limpopo,Ward 94701013,LIM471,0.498837749883775,0.4835385
Limpopo,Ward 94701014,LIM471,0.4390581717451524,0.45403507
Limpopo,Ward 94701015,LIM471,0.4430905566325118,0.40784678
Limpopo,Ward 94701016,LIM471,0.4098499858477215,0.4851509
Limpopo,Ward 94702001,LIM472,0.4070976491862568,0.41472164
Limpopo,Ward 94702002,LIM472,0.3636363636363636,0.4554013
Limpopo,Ward 94702003,LIM472,0.3501377410468319,0.37821904
Limpopo,Ward 94702004,LIM472,0.4025617566331198,0.45166573
Limpopo,Ward 94702005,LIM472,0.4125560538116592,0.4376783
Limpopo,Ward 94702006,LIM472,0.4502786740979759,0.49769202
Limpopo,Ward 94702007,LIM472,0.371057928874972,0.3595617
Limpopo,Ward 94702008,LIM472,0.4744318181818182,0.43288836
Limpopo,Ward 94702009,LIM472,0.4556601707904532,0.3951069
Limpopo,Ward 94702010,LIM472,0.3700199203187251,0.406056
Limpopo,Ward 94702011,LIM472,0.3845699083653562,0.4754962
Limpopo,Ward 94702012,LIM472,0.3893611853291231,0.3833706
Limpopo,Ward 94702013,LIM472,0.4934486373165618,0.4687663
Limpopo,Ward 94702014,LIM472,0.3974234321827904,0.44407246
Limpopo,Ward 94702015,LIM472,0.3596325317481761,0.40936443
Limpopo,Ward 94702016,LIM472,0.3804878048780488,0.41070306
Limpopo,Ward 94702017,LIM472,0.3645032297754537,0.51277214
Limpopo,Ward 94702018,LIM472,0.4689185353391995,0.4564785
Limpopo,Ward 94702019,LIM472,0.418978102189781,0.4782693
Limpopo,Ward 94702020,LIM472,0.432775240994419,0.43631798
Limpopo,Ward 94702021,LIM472,0.4869945918104558,0.43451643
Limpopo,Ward 94702022,LIM472,0.3773584905660377,0.40093344
Limpopo,Ward 94702023,LIM472,0.4089012517385257,0.38684702
Limpopo,Ward 94702024,LIM472,0.4094345328091926,0.49813017
Limpopo,Ward 94702025,LIM472,0.3772775991425509,0.3823185
Limpopo,Ward 94702026,LIM472,0.4422671088332831,0.44386825
Limpopo,Ward 94702027,LIM472,0.356066411238825,0.4551601
Limpopo,Ward 94702028,LIM472,0.3714964370546318,0.44176796
Limpopo,Ward 94702029,LIM472,0.4648526077097505,0.44909507
Limpopo,Ward 94702030,LIM472,0.4671236354404671,0.4469934
Limpopo,Ward 94702031,LIM472,0.2845714285714286,0.5264672
Limpopo,Ward 94703001,LIM473,0.3796181502603521,0.4220856
Limpopo,Ward 94703002,LIM473,0.5308291991495393,0.5008483
Limpopo,Ward 94703003,LIM473,0.4212368728121353,0.43796086
Limpopo,Ward 94703004,LIM473,0.4504329004329004,0.38832173
Limpopo,Ward 94703005,LIM473,0.4174454828660436,0.44795513
Limpopo,Ward 94703006,LIM473,0.6157511913719589,0.55101687
Limpopo,Ward 94703007,LIM473,0.4763542562338779,0.44252676
Limpopo,Ward 94703008,LIM473,0.3859319557503652,0.43487048
Limpopo,Ward 94703009,LIM473,0.3984174085064292,0.3922468
Limpopo,Ward 94703010,LIM473,0.3839830283744365,0.39492276
Limpopo,Ward 94703011,LIM473,0.4323965479088293,0.43915048
Limpopo,Ward 94703012,LIM473,0.5946358482337549,0.5137514
Limpopo,Ward 94703013,LIM473,0.4290249433106576,0.44382855
Limpopo,Ward 94703014,LIM473,0.4314516129032258,0.45467228
Limpopo,Ward 94703015,LIM473,0.3583170799665645,0.48705006
Limpopo,Ward 94703016,LIM473,0.3682595352915388,0.4459156
Limpopo,Ward 94703017,LIM473,0.3782722513089005,0.44635984
Limpopo,Ward 94703018,LIM473,0.3873873873873873,0.33970225
Limpopo,Ward 94703019,LIM473,0.4466922921302853,0.4102456
Limpopo,Ward 94703020,LIM473,0.4605225380419179,0.41766432
Limpopo,Ward 94703021,LIM473,0.5129151291512916,0.51541424
Limpopo,Ward 94703022,LIM473,0.3723696248856358,0.4185187
Limpopo,Ward 94703023,LIM473,0.4751552795031056,0.38602397
Limpopo,Ward 94703024,LIM473,0.5092682926829268,0.40801919
Limpopo,Ward 94703025,LIM473,0.475,0.45984417
Limpopo,Ward 94703026,LIM473,0.4257172131147541,0.46155447
Limpopo,Ward 94703027,LIM473,0.3316062176165803,0.45998627
Limpopo,Ward 94703028,LIM473,0.4828850855745721,0.44392017
Limpopo,Ward 94703029,LIM473,0.3643931256713211,0.42587334
Limpopo,Ward 94703030,LIM473,0.3558197401161183,0.40998438
Limpopo,Ward 94703031,LIM473,0.4387588459444747,0.4147272
Limpopo,Ward 94706001,LIM476,0.4964349376114082,0.48026893
Limpopo,Ward 94706002,LIM476,0.3563636363636364,0.44358358
Limpopo,Ward 94706003,LIM476,0.4023904382470119,0.4549743
Limpopo,Ward 94706004,LIM476,0.2690331620737973,0.52421147
Limpopo,Ward 94706005,LIM476,0.3198365527488855,0.4412028
Limpopo,Ward 94706006,LIM476,0.3759117594734033,0.39556372
Limpopo,Ward 94706007,LIM476,0.409726443768997,0.4354861
Limpopo,Ward 94706008,LIM476,0.3658122879758764,0.39997622
Limpopo,Ward 94706009,LIM476,0.3797748291113791,0.40030226
Limpopo,Ward 94706010,LIM476,0.4459382692671843,0.4058991
Limpopo,Ward 94706011,LIM476,0.4965211891208096,0.47566584
Limpopo,Ward 94706012,LIM476,0.3758526603001364,0.42812747
Limpopo,Ward 94706013,LIM476,0.3286559594251902,0.42009333
Limpopo,Ward 94706014,LIM476,0.4371894960965223,0.38123828
Limpopo,Ward 94706015,LIM476,0.4028371218595112,0.40542933
Limpopo,Ward 94706016,LIM476,0.4655076752358054,0.4363454
Limpopo,Ward 94706017,LIM476,0.4157324719741592,0.4156758
Limpopo,Ward 94706018,LIM476,0.3988339451522349,0.4019144
Limpopo,Ward 94706019,LIM476,0.4002044989775051,0.41888922
Limpopo,Ward 94706020,LIM476,0.4109565217391304,0.42153585
Limpopo,Ward 94706021,LIM476,0.432844243792325,0.38919127
Limpopo,Ward 94706022,LIM476,0.4158142555609677,0.38223428
Limpopo,Ward 94706023,LIM476,0.4261544585987261,0.42422393
Limpopo,Ward 94706024,LIM476,0.4045676998368678,0.39730865
Limpopo,Ward 94706025,LIM476,0.3452660406885759,0.42139158
Limpopo,Ward 94706026,LIM476,0.5147058823529411,0.4163029
Limpopo,Ward 94706027,LIM476,0.3695512132273996,0.45301378
Limpopo,Ward 94706028,LIM476,0.3373493975903614,0.47608492
Limpopo,Ward 94706029,LIM476,0.4364025695931477,0.4314158
Limpopo,Ward 94706030,LIM476,0.4072323813437435,0.40909737
Limpopo,Ward 94706031,LIM476,0.3339760068551842,0.47420606
Limpopo,Ward 94706032,LIM476,0.4405687203791469,0.40064982
Limpopo,Ward 94706033,LIM476,0.5406379527842855,0.49148634
Limpopo,Ward 94706034,LIM476,0.4613985782774012,0.43025383
Limpopo,Ward 94706035,LIM476,0.4800604800604801,0.40912923
Limpopo,Ward 94706036,LIM476,0.4696881657950804,0.4431978
Limpopo,Ward 94706037,LIM476,0.4634298812252552,0.45636392
Limpopo,Ward 94706038,LIM476,0.5068493150684932,0.45036936
Limpopo,Ward 94706039,LIM476,0.3804300131636682,0.44501615
Mpumalanga,Ward 83001001,MP301,0.4201762977473066,0.3942012
Mpumalanga,Ward 83001002,MP301,0.4086915222037521,0.35104358
Mpumalanga,Ward 83001003,MP301,0.4676671214188267,0.44876155
Mpumalanga,Ward 83001004,MP301,0.4240134340890008,0.41225028
Mpumalanga,Ward 83001005,MP301,0.351235886481538,0.41325656
Mpumalanga,Ward 83001006,MP301,0.3704579025110783,0.42638347
Mpumalanga,Ward 83001007,MP301,0.4567983924983255,0.36468664
Mpumalanga,Ward 83001008,MP301,0.3952810952519662,0.390022
Mpumalanga,Ward 83001009,MP301,0.4823889739663093,0.4551957
Mpumalanga,Ward 83001010,MP301,0.411037325395008,0.3764219
Mpumalanga,Ward 83001011,MP301,0.385099685204617,0.39490476
Mpumalanga,Ward 83001012,MP301,0.5261225642473878,0.49121284
Mpumalanga,Ward 83001013,MP301,0.4954787234042553,0.43185425
Mpumalanga,Ward 83001014,MP301,0.4339356295878035,0.37750286
Mpumalanga,Ward 83001015,MP301,0.4454428754813864,0.4325818
Mpumalanga,Ward 83001016,MP301,0.4078556263269639,0.3609808
Mpumalanga,Ward 83001017,MP301,0.4207181442643787,0.3597429
Mpumalanga,Ward 83001018,MP301,0.5432705432705432,0.43961325
Mpumalanga,Ward 83001019,MP301,0.4579670329670329,0.37592438
Mpumalanga,Ward 83001020,MP301,0.395748987854251,0.38578016
Mpumalanga,Ward 83001021,MP301,0.4386057565355162,0.4202316
Mpumalanga,Ward 83001022,MP301,0.4254787676935886,0.41715273
Mpumalanga,Ward 83001023,MP301,0.4954188481675393,0.3602439
Mpumalanga,Ward 83001024,MP301,0.4398813597992242,0.3739149
Mpumalanga,Ward 83001025,MP301,0.4254422914911541,0.42981568
Mpumalanga,Ward 83002001,MP302,0.3856589147286822,0.34902066
Mpumalanga,Ward 83002002,MP302,0.3837535014005602,0.3392255
Mpumalanga,Ward 83002003,MP302,0.4734832414085702,0.43459365
Mpumalanga,Ward 83002004,MP302,0.3582774444052241,0.3822433
Mpumalanga,Ward 83002005,MP302,0.4212475078325263,0.32399163
Mpumalanga,Ward 83002006,MP302,0.3230622617534943,0.45291713
Mpumalanga,Ward 83002007,MP302,0.4299591002044989,0.38551378
Mpumalanga,Ward 83002008,MP302,0.4333259863345823,0.3790473
Mpumalanga,Ward 83002009,MP302,0.3785602152949092,0.38164613
Mpumalanga,Ward 83002010,MP302,0.5193959135327213,0.41378334
Mpumalanga,Ward 83002011,MP302,0.4266862170087976,0.36641088
Mpumalanga,Ward 83002012,MP302,0.4457175594385563,0.39517727
Mpumalanga,Ward 83002013,MP302,0.2656807751147373,0.406832
Mpumalanga,Ward 83002014,MP302,0.3774526105753242,0.36312068
Mpumalanga,Ward 83002015,MP302,0.4517886756692726,0.3706847
Mpumalanga,Ward 83002016,MP302,0.3221178925404278,0.41165677
Mpumalanga,Ward 83002017,MP302,0.3983585858585858,0.37106174
Mpumalanga,Ward 83002018,MP302,0.3711139896373057,0.2768896
Mpumalanga,Ward 83002019,MP302,0.5283742331288344,0.3610289
Mpumalanga,Ward 83003001,MP303,0.4082758620689655,0.34039274
Mpumalanga,Ward 83003002,MP303,0.4604205318491032,0.4178384
Mpumalanga,Ward 83003003,MP303,0.3680076172339919,0.35139635
Mpumalanga,Ward 83003004,MP303,0.4631006864988558,0.43075222
Mpumalanga,Ward 83003005,MP303,0.4054466785441588,0.35697624
Mpumalanga,Ward 83003006,MP303,0.4858989424206815,0.42192557
Mpumalanga,Ward 83003007,MP303,0.5493482309124768,0.45309272
Mpumalanga,Ward 83003008,MP303,0.4263862332695984,0.35326448
Mpumalanga,Ward 83003009,MP303,0.4478170478170478,0.35831213
Mpumalanga,Ward 83003010,MP303,0.4384,0.4077494
Mpumalanga,Ward 83003011,MP303,0.3963723659642571,0.34608498
Mpumalanga,Ward 83003012,MP303,0.4506589521054323,0.4265544
Mpumalanga,Ward 83003013,MP303,0.2693065758824583,0.34143925
Mpumalanga,Ward 83003014,MP303,0.4590233545647558,0.35847783
Mpumalanga,Ward 83003015,MP303,0.4989802855200544,0.43746224
Mpumalanga,Ward 83003016,MP303,0.3431372549019608,0.37455824
Mpumalanga,Ward 83003017,MP303,0.4740868706811451,0.3856279
Mpumalanga,Ward 83003018,MP303,0.4774924974991664,0.42699215
Mpumalanga,Ward 83003019,MP303,0.503030303030303,0.39696664
Mpumalanga,Ward 83004001,MP304,0.4367899444041576,0.36642823
Mpumalanga,Ward 83004002,MP304,0.4708,0.38202095
Mpumalanga,Ward 83004003,MP304,0.5017160686427458,0.44533083
Mpumalanga,Ward 83004004,MP304,0.4481098001444739,0.393265
Mpumalanga,Ward 83004005,MP304,0.4608111470515053,0.37343255
Mpumalanga,Ward 83004006,MP304,0.4182487956928308,0.33783016
Mpumalanga,Ward 83004007,MP304,0.4834782608695652,0.39703217
Mpumalanga,Ward 83004008,MP304,0.4180445722501797,0.32933053
Mpumalanga,Ward 83004009,MP304,0.4209294550317619,0.40519217
Mpumalanga,Ward 83004010,MP304,0.4573002754820937,0.4087039
Mpumalanga,Ward 83004011,MP304,0.3725862614751503,0.4105586
Mpumalanga,Ward 83005001,MP305,0.4471337579617834,0.4033489
Mpumalanga,Ward 83005002,MP305,0.4382510013351134,0.37459773
Mpumalanga,Ward 83005003,MP305,0.4614093959731543,0.34801117
Mpumalanga,Ward 83005004,MP305,0.5831836148041681,0.48394975
Mpumalanga,Ward 83005005,MP305,0.4511456412957598,0.34245795
Mpumalanga,Ward 83005006,MP305,0.4394575395544075,0.30755606
Mpumalanga,Ward 83005007,MP305,0.4691414256433614,0.39507505
Mpumalanga,Ward 83005008,MP305,0.4763397054214979,0.44650373
Mpumalanga,Ward 83005009,MP305,0.4778675282714055,0.3926452
Mpumalanga,Ward 83005010,MP305,0.4802748226950354,0.42161375
Mpumalanga,Ward 83005011,MP305,0.3968819599109131,0.3431413
Mpumalanga,Ward 83005012,MP305,0.416354556803995,0.3639002
Mpumalanga,Ward 83005013,MP305,0.4035159443990188,0.32735977
Mpumalanga,Ward 83005014,MP305,0.5101148168398032,0.35089067
Mpumalanga,Ward 83005015,MP305,0.4116788321167883,0.3025238
Mpumalanga,Ward 83006001,MP306,0.4689709347996857,0.3997915
Mpumalanga,Ward 83006002,MP306,0.4529825475384215,0.34690702
Mpumalanga,Ward 83006003,MP306,0.5062638172439204,0.39220646
Mpumalanga,Ward 83006004,MP306,0.4360420405024353,0.35475957
Mpumalanga,Ward 83006005,MP306,0.4192125984251968,0.37654802
Mpumalanga,Ward 83006006,MP306,0.4831428571428571,0.39974993
Mpumalanga,Ward 83007001,MP307,0.4405500134807226,0.4225252
Mpumalanga,Ward 83007002,MP307,0.3752693965517241,0.33662975
Mpumalanga,Ward 83007003,MP307,0.4071938495332235,0.36382833
Mpumalanga,Ward 83007004,MP307,0.4443008529335746,0.42066047
Mpumalanga,Ward 83007005,MP307,0.5840779853777417,0.5169162
Mpumalanga,Ward 83007006,MP307,0.4212436486813453,0.40338746
Mpumalanga,Ward 83007007,MP307,0.4051724137931034,0.3813734
Mpumalanga,Ward 83007008,MP307,0.2972216239500323,0.47134632
Mpumalanga,Ward 83007009,MP307,0.3319903303787268,0.3529885
Mpumalanga,Ward 83007010,MP307,0.348781388478582,0.29742917
Mpumalanga,Ward 83007011,MP307,0.2915762834417932,0.36549115
Mpumalanga,Ward 83007012,MP307,0.3373461012311901,0.38949442
Mpumalanga,Ward 83007013,MP307,0.3433797011849562,0.3774092
Mpumalanga,Ward 83007014,MP307,0.3526077097505669,0.36992106
Mpumalanga,Ward 83007015,MP307,0.3914919852034525,0.41666415
Mpumalanga,Ward 83007016,MP307,0.3722185863874345,0.27169454
Mpumalanga,Ward 83007017,MP307,0.3290529695024077,0.46916613
Mpumalanga,Ward 83007018,MP307,0.4391480730223123,0.38727826
Mpumalanga,Ward 83007019,MP307,0.3544267053701015,0.408674
Mpumalanga,Ward 83007020,MP307,0.3869451697127937,0.34512153
Mpumalanga,Ward 83007021,MP307,0.5124894157493649,0.41324395
Mpumalanga,Ward 83007022,MP307,0.4990512333965844,0.4494328
Mpumalanga,Ward 83007023,MP307,0.3629441624365482,0.19757146
Mpumalanga,Ward 83007024,MP307,0.3774050320670942,0.27577692
Mpumalanga,Ward 83007025,MP307,0.4734939759036145,0.42131856
Mpumalanga,Ward 83007026,MP307,0.4078810922917387,0.35516608
Mpumalanga,Ward 83007027,MP307,0.4313521028849496,0.3358646
Mpumalanga,Ward 83007028,MP307,0.4934350603264726,0.4282203
Mpumalanga,Ward 83007029,MP307,0.330607966457023,0.4085354
Mpumalanga,Ward 83007030,MP307,0.626599634369287,0.48553064
Mpumalanga,Ward 83007031,MP307,0.3249730312837109,0.37202343
Mpumalanga,Ward 83007032,MP307,0.3610236220472441,0.33830777
Mpumalanga,Ward 83101001,MP311,0.5076515597410242,0.44334152
Mpumalanga,Ward 83101002,MP311,0.5086760925449871,0.4210671
Mpumalanga,Ward 83101003,MP311,0.4559855624624022,0.35900283
Mpumalanga,Ward 83101004,MP311,0.5061305959509552,0.45264646
Mpumalanga,Ward 83101005,MP311,0.5538424476029873,0.38765702
Mpumalanga,Ward 83101006,MP311,0.5392296718972895,0.4203449
Mpumalanga,Ward 83101007,MP311,0.497614863168466,0.4239691
Mpumalanga,Ward 83101008,MP311,0.5467904098994586,0.4299942
Mpumalanga,Ward 83101009,MP311,0.5499254843517138,0.42814237
Mpumalanga,Ward 83102001,MP312,0.3452655889145496,0.3976082
Mpumalanga,Ward 83102002,MP312,0.3767968882124133,0.28237852
Mpumalanga,Ward 83102003,MP312,0.328,0.34672529
Mpumalanga,Ward 83102004,MP312,0.3723919915700737,0.33701074
Mpumalanga,Ward 83102005,MP312,0.4107981220657277,0.38507962
Mpumalanga,Ward 83102006,MP312,0.3838001514004542,0.34207404
Mpumalanga,Ward 83102007,MP312,0.3746524938675388,0.27553427
Mpumalanga,Ward 83102008,MP312,0.3345425231761386,0.33130252
Mpumalanga,Ward 83102009,MP312,0.3936748156771439,0.3413341
Mpumalanga,Ward 83102010,MP312,0.3073486709850346,0.37360018
Mpumalanga,Ward 83102011,MP312,0.363168535195736,0.26546934
Mpumalanga,Ward 83102012,MP312,0.433718558803535,0.2681658
Mpumalanga,Ward 83102013,MP312,0.4235202187927329,0.32942957
Mpumalanga,Ward 83102014,MP312,0.2954312114989733,0.20577906
Mpumalanga,Ward 83102015,MP312,0.4124975666731555,0.34275872
Mpumalanga,Ward 83102016,MP312,0.3624603368318281,0.393175
Mpumalanga,Ward 83102017,MP312,0.451233059320151,0.36459395
Mpumalanga,Ward 83102018,MP312,0.4440692894891368,0.35711768
Mpumalanga,Ward 83102019,MP312,0.3544954128440367,0.28027675
Mpumalanga,Ward 83102020,MP312,0.4806629834254143,0.40818676
Mpumalanga,Ward 83102021,MP312,0.3761211586531392,0.23768339
Mpumalanga,Ward 83102022,MP312,0.229637526652452,0.35735205
Mpumalanga,Ward 83102023,MP312,0.4329101719427928,0.3554977
Mpumalanga,Ward 83102024,MP312,0.5362395888711678,0.46745706
Mpumalanga,Ward 83102025,MP312,0.4663719608462267,0.4235115
Mpumalanga,Ward 83102026,MP312,0.4402861860209136,0.36732745
Mpumalanga,Ward 83102027,MP312,0.3787761425251743,0.40478685
Mpumalanga,Ward 83102028,MP312,0.4039349528207187,0.34726015
Mpumalanga,Ward 83102029,MP312,0.3670361960731935,0.18694241
Mpumalanga,Ward 83102030,MP312,0.3058656742867269,0.36547393
Mpumalanga,Ward 83102031,MP312,0.3066808813077469,0.3615728
Mpumalanga,Ward 83102032,MP312,0.3388203017832647,0.41960725
Mpumalanga,Ward 83102033,MP312,0.4956666052000738,0.40328282
Mpumalanga,Ward 83102034,MP312,0.5643303718328397,0.47356015
Mpumalanga,Ward 83103001,MP313,0.3608082956660463,0.36964723
Mpumalanga,Ward 83103002,MP313,0.5003162555344719,0.44248208
Mpumalanga,Ward 83103003,MP313,0.4502369668246445,0.3470552
Mpumalanga,Ward 83103004,MP313,0.3407281001137656,0.39478037
Mpumalanga,Ward 83103005,MP313,0.2893258426966292,0.43660334
Mpumalanga,Ward 83103006,MP313,0.4331501831501831,0.38490346
Mpumalanga,Ward 83103007,MP313,0.3940600122473974,0.40292954
Mpumalanga,Ward 83103008,MP313,0.3370029206919793,0.40553787
Mpumalanga,Ward 83103009,MP313,0.5008833922261484,0.40753743
Mpumalanga,Ward 83103010,MP313,0.3685429696548529,0.36326906
Mpumalanga,Ward 83103011,MP313,0.3262759081791843,0.37160227
Mpumalanga,Ward 83103012,MP313,0.5995991983967935,0.45404625
Mpumalanga,Ward 83103013,MP313,0.5276370843426558,0.43806738
Mpumalanga,Ward 83103014,MP313,0.5960227272727273,0.45705637
Mpumalanga,Ward 83103015,MP313,0.5831973898858075,0.5011273
Mpumalanga,Ward 83103016,MP313,0.6054640417838489,0.44384164
Mpumalanga,Ward 83103017,MP313,0.3853423680456491,0.3316472
Mpumalanga,Ward 83103018,MP313,0.4554210236653825,0.39508653
Mpumalanga,Ward 83103019,MP313,0.4551083591331269,0.42860994
Mpumalanga,Ward 83103020,MP313,0.4473966720343532,0.38176468
Mpumalanga,Ward 83103021,MP313,0.4394677052904901,0.29603633
Mpumalanga,Ward 83103022,MP313,0.4953102453102453,0.4156917
Mpumalanga,Ward 83103023,MP313,0.4440481497993758,0.43403283
Mpumalanga,Ward 83103024,MP313,0.4029960707269155,0.34768233
Mpumalanga,Ward 83103025,MP313,0.3911598537720173,0.34869936
Mpumalanga,Ward 83103026,MP313,0.3594681338835396,0.21162705
Mpumalanga,Ward 83103027,MP313,0.4097841726618705,0.36340013
Mpumalanga,Ward 83103028,MP313,0.5351473922902494,0.4703638
Mpumalanga,Ward 83103029,MP313,0.4766107678729038,0.37413862
Mpumalanga,Ward 83104001,MP314,0.4953715286464848,0.39275828
Mpumalanga,Ward 83104002,MP314,0.437069278200943,0.3464532
Mpumalanga,Ward 83104003,MP314,0.4512,0.37151325
Mpumalanga,Ward 83104004,MP314,0.5225021228417775,0.43056703
Mpumalanga,Ward 83104005,MP314,0.3857274684712396,0.44005096
Mpumalanga,Ward 83104006,MP314,0.4401798063623789,0.36450568
Mpumalanga,Ward 83104007,MP314,0.517095149748211,0.4097249
Mpumalanga,Ward 83104008,MP314,0.5155161494616846,0.42328626
Mpumalanga,Ward 83105001,MP315,0.420251961017352,0.38704917
Mpumalanga,Ward 83105002,MP315,0.4368421052631579,0.35888368
Mpumalanga,Ward 83105003,MP315,0.3826225587883619,0.34052464
Mpumalanga,Ward 83105004,MP315,0.3605502551586421,0.3620179
Mpumalanga,Ward 83105005,MP315,0.399617133285475,0.3401862
Mpumalanga,Ward 83105006,MP315,0.4105582985187998,0.31142703
Mpumalanga,Ward 83105007,MP315,0.4296875,0.4039629
Mpumalanga,Ward 83105008,MP315,0.4203030856308198,0.35477963
Mpumalanga,Ward 83105009,MP315,0.3780764861794775,0.30325365
Mpumalanga,Ward 83105010,MP315,0.3821576763485477,0.31446606
Mpumalanga,Ward 83105011,MP315,0.4111130963015901,0.34400347
Mpumalanga,Ward 83105012,MP315,0.4738340267133786,0.42294374
Mpumalanga,Ward 83105013,MP315,0.4089361702127659,0.39259607
Mpumalanga,Ward 83105014,MP315,0.3665456944902672,0.2664645
Mpumalanga,Ward 83105015,MP315,0.3968692449355432,0.34282258
Mpumalanga,Ward 83105016,MP315,0.4389799635701275,0.35846108
Mpumalanga,Ward 83105017,MP315,0.4104675876726886,0.35270658
Mpumalanga,Ward 83105018,MP315,0.3718020541549953,0.31443578
Mpumalanga,Ward 83105019,MP315,0.4067796610169492,0.35285145
Mpumalanga,Ward 83105020,MP315,0.3720758887456253,0.29433414
Mpumalanga,Ward 83105021,MP315,0.4245977011494253,0.41449758
Mpumalanga,Ward 83105022,MP315,0.4041859667181334,0.288722
Mpumalanga,Ward 83105023,MP315,0.3950789229340761,0.3465535
Mpumalanga,Ward 83105024,MP315,0.4872581406323737,0.38846537
Mpumalanga,Ward 83105025,MP315,0.5234131113423517,0.41311118
Mpumalanga,Ward 83105026,MP315,0.3984944147644487,0.35098538
Mpumalanga,Ward 83105027,MP315,0.3693877551020408,0.35030347
Mpumalanga,Ward 83105028,MP315,0.3832219107181367,0.38924623
Mpumalanga,Ward 83105029,MP315,0.3807279392511128,0.35243532
Mpumalanga,Ward 83105030,MP315,0.39421088904204,0.42237225
Mpumalanga,Ward 83105031,MP315,0.4931568319497419,0.33664468
Mpumalanga,Ward 83105032,MP315,0.3567184205482078,0.30426365
Mpumalanga,Ward 83106001,MP316,0.4184319119669876,0.35090092
Mpumalanga,Ward 83106002,MP316,0.3545935988947732,0.33590502
Mpumalanga,Ward 83106003,MP316,0.3909090909090909,0.3401862
Mpumalanga,Ward 83106004,MP316,0.4918280871670702,0.4277731
Mpumalanga,Ward 83106005,MP316,0.431959040689841,0.35494503
Mpumalanga,Ward 83106006,MP316,0.4304059652029826,0.39363468
Mpumalanga,Ward 83106007,MP316,0.4481891348088531,0.40507904
Mpumalanga,Ward 83106008,MP316,0.5334928229665071,0.4415781
Mpumalanga,Ward 83106009,MP316,0.4404618715419774,0.3611463
Mpumalanga,Ward 83106010,MP316,0.4259169884169884,0.38460222
Mpumalanga,Ward 83106011,MP316,0.5241533864541833,0.39827007
Mpumalanga,Ward 83106012,MP316,0.4813084112149532,0.40279788
Mpumalanga,Ward 83106013,MP316,0.5313539800358331,0.43411812
Mpumalanga,Ward 83106014,MP316,0.4448519779931884,0.4299982
Mpumalanga,Ward 83106015,MP316,0.4678824721377912,0.4516878
Mpumalanga,Ward 83106016,MP316,0.3663455749548465,0.41361716
Mpumalanga,Ward 83106017,MP316,0.3947604120017913,0.38923153
Mpumalanga,Ward 83106018,MP316,0.4183874139626352,0.4135072
Mpumalanga,Ward 83106019,MP316,0.3985675163261007,0.40586698
Mpumalanga,Ward 83106020,MP316,0.4190751445086705,0.37625274
Mpumalanga,Ward 83106021,MP316,0.4198744198744198,0.41779062
Mpumalanga,Ward 83106022,MP316,0.3653395784543325,0.3362909
Mpumalanga,Ward 83106023,MP316,0.3722397476340694,0.3860482
Mpumalanga,Ward 83106024,MP316,0.4020255394099515,0.3551996
Mpumalanga,Ward 83106025,MP316,0.4374787052810903,0.39936128
Mpumalanga,Ward 83106026,MP316,0.4477769936485533,0.36136308
Mpumalanga,Ward 83106027,MP316,0.4525942515864128,0.37530816
Mpumalanga,Ward 83106028,MP316,0.4080891884884625,0.3799551
Mpumalanga,Ward 83106029,MP316,0.4103641456582633,0.3955157
Mpumalanga,Ward 83106030,MP316,0.3621390809272062,0.37344006
Mpumalanga,Ward 83106031,MP316,0.4179894179894179,0.38726333
Mpumalanga,Ward 83201001,MP321,0.3293293293293293,0.4530796
Mpumalanga,Ward 83201002,MP321,0.4206420642064206,0.41458037
Mpumalanga,Ward 83201003,MP321,0.3538650306748466,0.38661572
Mpumalanga,Ward 83201004,MP321,0.5522326915198689,0.4085304
Mpumalanga,Ward 83201005,MP321,0.4167082294264339,0.39162022
Mpumalanga,Ward 83201006,MP321,0.4138300723666577,0.38011715
Mpumalanga,Ward 83201007,MP321,0.4433129667345553,0.38507718
Mpumalanga,Ward 83201008,MP321,0.545550289626119,0.38888317
Mpumalanga,Ward 83201009,MP321,0.501941082438913,0.45431697
Mpumalanga,Ward 83201010,MP321,0.3987906708897207,0.371535
Mpumalanga,Ward 83201011,MP321,0.249909714698447,0.43262848
Mpumalanga,Ward 83201012,MP321,0.5242914979757085,0.44513223
Mpumalanga,Ward 83201013,MP321,0.4262704174228675,0.380611
Mpumalanga,Ward 83201014,MP321,0.4124133585381222,0.37784737
Mpumalanga,Ward 83204001,MP324,0.4382060360816051,0.35038176
Mpumalanga,Ward 83204002,MP324,0.4119544184046441,0.34600216
Mpumalanga,Ward 83204003,MP324,0.3637747336377473,0.27069142
Mpumalanga,Ward 83204004,MP324,0.4374639769452449,0.26457027
Mpumalanga,Ward 83204005,MP324,0.3671761866452132,0.2242975
Mpumalanga,Ward 83204006,MP324,0.514668598333937,0.43351543
Mpumalanga,Ward 83204007,MP324,0.4856593214410633,0.40143412
Mpumalanga,Ward 83204008,MP324,0.4542260797685472,0.38386774
Mpumalanga,Ward 83204009,MP324,0.4626632595116411,0.37535316
Mpumalanga,Ward 83204010,MP324,0.4206803637588414,0.3345732
Mpumalanga,Ward 83204011,MP324,0.535234552593511,0.46825185
Mpumalanga,Ward 83204012,MP324,0.5318084345961401,0.4764027
Mpumalanga,Ward 83204013,MP324,0.493713163064833,0.4040652
Mpumalanga,Ward 83204014,MP324,0.4892857142857142,0.40843916
Mpumalanga,Ward 83204015,MP324,0.419501822600243,0.28293937
Mpumalanga,Ward 83204016,MP324,0.534680753330271,0.42568427
Mpumalanga,Ward 83204017,MP324,0.4661752661752661,0.40490973
Mpumalanga,Ward 83204018,MP324,0.5409136546184738,0.4944893
Mpumalanga,Ward 83204019,MP324,0.4801278210505292,0.39091703
Mpumalanga,Ward 83204020,MP324,0.4702017832003754,0.42002705
Mpumalanga,Ward 83204021,MP324,0.4097174362508615,0.32556123
Mpumalanga,Ward 83204022,MP324,0.3585992907801418,0.35976148
Mpumalanga,Ward 83204023,MP324,0.4607797087834664,0.4003192
Mpumalanga,Ward 83204024,MP324,0.4244060475161987,0.36013985
Mpumalanga,Ward 83204025,MP324,0.5067982864593034,0.3931132
Mpumalanga,Ward 83204026,MP324,0.4059627886124187,0.3850476
Mpumalanga,Ward 83204027,MP324,0.4089159067882472,0.3355342
Mpumalanga,Ward 83204028,MP324,0.4212707182320442,0.36454126
Mpumalanga,Ward 83204029,MP324,0.4645576044662494,0.400516
Mpumalanga,Ward 83204030,MP324,0.5021207836800646,0.36889035
Mpumalanga,Ward 83204031,MP324,0.4772339907475043,0.40419424
Mpumalanga,Ward 83204032,MP324,0.380477625782518,0.36286926
Mpumalanga,Ward 83204033,MP324,0.4217118997912317,0.3440203
Mpumalanga,Ward 83205001,MP325,0.4027859756817377,0.2298819
Mpumalanga,Ward 83205002,MP325,0.3772083090662007,0.32918894
Mpumalanga,Ward 83205003,MP325,0.4236111111111111,0.3183175
Mpumalanga,Ward 83205004,MP325,0.34872867718056,0.24620011
Mpumalanga,Ward 83205005,MP325,0.3240459304289091,0.29543132
Mpumalanga,Ward 83205006,MP325,0.3707060371290747,0.21396725
Mpumalanga,Ward 83205007,MP325,0.4422448238285507,0.339844
Mpumalanga,Ward 83205008,MP325,0.3863714383796773,0.2941434
Mpumalanga,Ward 83205009,MP325,0.3626578645235361,0.16615137
Mpumalanga,Ward 83205010,MP325,0.4126884422110553,0.40421736
Mpumalanga,Ward 83205011,MP325,0.3335914511382995,0.25121015
Mpumalanga,Ward 83205012,MP325,0.4154547047485544,0.33606794
Mpumalanga,Ward 83205013,MP325,0.4520931603773584,0.3482281
Mpumalanga,Ward 83205014,MP325,0.3692748091603053,0.27416182
Mpumalanga,Ward 83205015,MP325,0.5647486861608948,0.4244035
Mpumalanga,Ward 83205016,MP325,0.4744868035190616,0.38740122
Mpumalanga,Ward 83205017,MP325,0.4065111637769739,0.23478663
Mpumalanga,Ward 83205018,MP325,0.3606266149870801,0.24475065
Mpumalanga,Ward 83205019,MP325,0.3881073241479333,0.23831995
Mpumalanga,Ward 83205020,MP325,0.4269423749429831,0.3062913
Mpumalanga,Ward 83205021,MP325,0.4752863170584689,0.42836484
Mpumalanga,Ward 83205022,MP325,0.4148277504365772,0.31179485
Mpumalanga,Ward 83205023,MP325,0.4551830311323982,0.3665378
Mpumalanga,Ward 83205024,MP325,0.3986204914499209,0.20877732
Mpumalanga,Ward 83205025,MP325,0.4464152630794455,0.35378784
Mpumalanga,Ward 83205026,MP325,0.4147882268485283,0.21522725
Mpumalanga,Ward 83205027,MP325,0.4887437465258477,0.4002702
Mpumalanga,Ward 83205028,MP325,0.4717820900836745,0.4071923
Mpumalanga,Ward 83205029,MP325,0.5296515937731653,0.4354117
Mpumalanga,Ward 83205030,MP325,0.4268527430221366,0.34933627
Mpumalanga,Ward 83205031,MP325,0.4646287186694776,0.3640099
Mpumalanga,Ward 83205032,MP325,0.4633140972794723,0.4070051
Mpumalanga,Ward 83205033,MP325,0.4981539335416075,0.40612236
Mpumalanga,Ward 83205034,MP325,0.4670203359858532,0.43184572
Mpumalanga,Ward 83205035,MP325,0.5166351881447043,0.44895217
Mpumalanga,Ward 83205036,MP325,0.4569563443492452,0.37532556
Mpumalanga,Ward 83205037,MP325,0.3934102141680395,0.30577722
Mpumalanga,Ward 83205038,MP325,0.5477504599431343,0.43890467
Mpumalanga,Ward 83206001,MP326,0.3687074829931973,0.21247657
Mpumalanga,Ward 83206002,MP326,0.3961111803564751,0.21695502
Mpumalanga,Ward 83206003,MP326,0.320668494581538,0.21726298
Mpumalanga,Ward 83206004,MP326,0.3812335958005249,0.2461595
Mpumalanga,Ward 83206005,MP326,0.4496115173674588,0.40108475
Mpumalanga,Ward 83206006,MP326,0.3624380057426259,0.17039569
Mpumalanga,Ward 83206007,MP326,0.4336513443191674,0.37384638
Mpumalanga,Ward 83206008,MP326,0.4179431072210066,0.26259992
Mpumalanga,Ward 83206009,MP326,0.3969963162368943,0.22959551
Mpumalanga,Ward 83206010,MP326,0.3461351482741857,0.26261204
Mpumalanga,Ward 83206011,MP326,0.3734410430839002,0.20692314
Mpumalanga,Ward 83206012,MP326,0.3254179034525855,0.2918747
Mpumalanga,Ward 83206013,MP326,0.3586441681468324,0.23997606
Mpumalanga,Ward 83206014,MP326,0.4616216216216216,0.36727214
Mpumalanga,Ward 83206015,MP326,0.5481319216258975,0.39957404
Mpumalanga,Ward 83206016,MP326,0.4324824269330373,0.34250635
Mpumalanga,Ward 83206017,MP326,0.5799546998867497,0.42795062
Mpumalanga,Ward 83206018,MP326,0.4168485377564382,0.26876146
Mpumalanga,Ward 83206019,MP326,0.4154024170737979,0.2410711
Mpumalanga,Ward 83206020,MP326,0.41031652989449,0.24486953
Mpumalanga,Ward 83206021,MP326,0.4217697980121834,0.344296
Mpumalanga,Ward 83206022,MP326,0.4072304507087115,0.29712114
Mpumalanga,Ward 83206023,MP326,0.4139820657588841,0.33719897
Mpumalanga,Ward 83206024,MP326,0.431331592689295,0.28923595
Mpumalanga,Ward 83206025,MP326,0.3979819312448668,0.25275138
Mpumalanga,Ward 83206026,MP326,0.4314483647494764,0.35231325
Mpumalanga,Ward 83206027,MP326,0.3340544667854416,0.19931422
Mpumalanga,Ward 83206028,MP326,0.3586335548560103,0.19363
Mpumalanga,Ward 83206029,MP326,0.4169088141690881,0.2641854
Mpumalanga,Ward 83206030,MP326,0.4978154716011308,0.38597625
Mpumalanga,Ward 83206031,MP326,0.3910525553786014,0.23443903
Mpumalanga,Ward 83206032,MP326,0.3648435030034777,0.2763128
Mpumalanga,Ward 83206033,MP326,0.3808700662633247,0.17615966
Mpumalanga,Ward 83206034,MP326,0.4609929078014184,0.4190868
Mpumalanga,Ward 83206035,MP326,0.4049597855227882,0.23107333
Mpumalanga,Ward 83206036,MP326,0.366138448707256,0.31757107
Mpumalanga,Ward 83206037,MP326,0.4707551631720006,0.41086444
Mpumalanga,Ward 83206038,MP326,0.427262313860252,0.32545286
Mpumalanga,Ward 83206039,MP326,0.3705781517843229,0.26265955
Mpumalanga,Ward 83206040,MP326,0.3358219085109271,0.19204852
Mpumalanga,Ward 83206041,MP326,0.4006044786371754,0.23503864
Mpumalanga,Ward 83206042,MP326,0.414951768488746,0.28286952
Mpumalanga,Ward 83206043,MP326,0.4472759226713532,0.4119454
Mpumalanga,Ward 83206044,MP326,0.4353796445880452,0.3416298
Mpumalanga,Ward 83206045,MP326,0.3674536523530344,0.24361664
North West,Ward 63701001,NW371,0.4458174904942966,0.39037693
North West,Ward 63701002,NW371,0.4731404958677686,0.37869275
North West,Ward 63701003,NW371,0.3752450294035284,0.37463158
North West,Ward 63701004,NW371,0.4743849493487699,0.3724535
North West,Ward 63701005,NW371,0.4757403906742281,0.4194167
North West,Ward 63701006,NW371,0.5055147058823529,0.4163328
North West,Ward 63701007,NW371,0.4346747519294377,0.35707495
North West,Ward 63701008,NW371,0.4484823456535205,0.3194119
North West,Ward 63701009,NW371,0.391212949337818,0.32663885
North West,Ward 63701010,NW371,0.4721562417524412,0.3433809
North West,Ward 63701011,NW371,0.4160562554937005,0.4373525
North West,Ward 63701012,NW371,0.3442265795206972,0.37602875
North West,Ward 63701013,NW371,0.446331109763493,0.36833745
North West,Ward 63701014,NW371,0.4207424867413082,0.3826839
North West,Ward 63701015,NW371,0.5018835120254999,0.40309724
North West,Ward 63701016,NW371,0.3432984554060787,0.41578272
North West,Ward 63701017,NW371,0.4299454120093579,0.39432096
North West,Ward 63701018,NW371,0.3692977960020502,0.3836866
North West,Ward 63701019,NW371,0.4354882337030024,0.3648802
North West,Ward 63701020,NW371,0.3889925373134328,0.3915657
North West,Ward 63701021,NW371,0.3889332269220537,0.35267392
North West,Ward 63701022,NW371,0.4152695383028114,0.4002796
North West,Ward 63701023,NW371,0.5681818181818182,0.45319378
North West,Ward 63701024,NW371,0.3512419006479482,0.34002346
North West,Ward 63701025,NW371,0.5251299826689775,0.4530999
North West,Ward 63701026,NW371,0.464096051720157,0.33483195
North West,Ward 63702001,NW372,0.4676957001102536,0.34851572
North West,Ward 63702002,NW372,0.362574388362354,0.3699285
North West,Ward 63702003,NW372,0.5162337662337663,0.46831718
North West,Ward 63702004,NW372,0.4138009565019357,0.37200862
North West,Ward 63702005,NW372,0.375281743050338,0.2968453
North West,Ward 63702006,NW372,0.3912952936276551,0.3110845
North West,Ward 63702007,NW372,0.367514218802275,0.24476798
North West,Ward 63702008,NW372,0.3348977539389876,0.26547506
North West,Ward 63702009,NW372,0.3136778115501519,0.31438467
North West,Ward 63702010,NW372,0.3420408163265306,0.21886179
North West,Ward 63702011,NW372,0.381928355016931,0.31426498
North West,Ward 63702012,NW372,0.3932980599647266,0.36476547
North West,Ward 63702013,NW372,0.3615982643283312,0.2782733
North West,Ward 63702014,NW372,0.4815175097276264,0.39606246
North West,Ward 63702015,NW372,0.3726319350473613,0.27182493
North West,Ward 63702016,NW372,0.3933599495692372,0.3265231
North West,Ward 63702017,NW372,0.3916474210931486,0.2955696
North West,Ward 63702018,NW372,0.3680971106171995,0.28236967
North West,Ward 63702019,NW372,0.4385105340519353,0.32195324
North West,Ward 63702020,NW372,0.4164859002169197,0.37950602
North West,Ward 63702021,NW372,0.4360847333820307,0.30381334
North West,Ward 63702022,NW372,0.4970414201183432,0.34554413
North West,Ward 63702023,NW372,0.4972375690607735,0.37517568
North West,Ward 63702024,NW372,0.4742157284056725,0.39655486
North West,Ward 63702025,NW372,0.3933877075444217,0.24242139
North West,Ward 63702026,NW372,0.2654926067453065,0.24571736
North West,Ward 63702027,NW372,0.4745788904342451,0.3885691
North West,Ward 63702028,NW372,0.3182282098387426,0.34316632
North West,Ward 63702029,NW372,0.5117277832837793,0.4121021
North West,Ward 63702030,NW372,0.4689895470383275,0.35828888
North West,Ward 63702031,NW372,0.3597437099546804,0.2834689
North West,Ward 63702032,NW372,0.3179989504985132,0.3425655
North West,Ward 63702033,NW372,0.5009481668773704,0.40955088
North West,Ward 63702034,NW372,0.5198130841121495,0.37147805
North West,Ward 63702035,NW372,0.4334243251440703,0.38977212
North West,Ward 63702036,NW372,0.3679653679653679,0.34636736
North West,Ward 63702037,NW372,0.3807457092128625,0.29558298
North West,Ward 63702038,NW372,0.4244656268053148,0.264414
North West,Ward 63702039,NW372,0.4291615667074663,0.34250653
North West,Ward 63702040,NW372,0.4261302954788181,0.37525487
North West,Ward 63702041,NW372,0.3727825030376671,0.30566233
North West,Ward 63703001,NW373,0.4427275304791607,0.31548202
North West,Ward 63703002,NW373,0.3647444298820446,0.1732858
North West,Ward 63703003,NW373,0.2541152263374485,0.2764265
North West,Ward 63703004,NW373,0.2612859097127223,0.18763304
North West,Ward 63703005,NW373,0.3826505224747056,0.2408954
North West,Ward 63703006,NW373,0.3517064846416382,0.28684348
North West,Ward 63703007,NW373,0.3767794416712886,0.2839429
North West,Ward 63703008,NW373,0.3311198851399856,0.28096274
North West,Ward 63703009,NW373,0.3171224732461355,0.19340554
North West,Ward 63703010,NW373,0.2483870967741935,0.25052205
North West,Ward 63703011,NW373,0.2866513611020007,0.22329746
North West,Ward 63703012,NW373,0.3198198198198198,0.19116095
North West,Ward 63703013,NW373,0.2664788732394366,0.16675334
North West,Ward 63703014,NW373,0.4993865030674846,0.37718108
North West,Ward 63703015,NW373,0.4956186470382054,0.37158448
North West,Ward 63703016,NW373,0.4875932673954538,0.37014169
North West,Ward 63703017,NW373,0.482267096555235,0.3433702
North West,Ward 63703018,NW373,0.3482227115445108,0.23286042
North West,Ward 63703019,NW373,0.2794704388828437,0.3423796
North West,Ward 63703020,NW373,0.3149273893954745,0.2661159
North West,Ward 63703021,NW373,0.3808029292533019,0.188588
North West,Ward 63703022,NW373,0.2855147366950691,0.17739628
North West,Ward 63703023,NW373,0.4042262085740347,0.26722267
North West,Ward 63703024,NW373,0.282874617737003,0.19280365
North West,Ward 63703025,NW373,0.5315652456882525,0.42825806
North West,Ward 63703026,NW373,0.4741215163579713,0.3540219
North West,Ward 63703027,NW373,0.4237312163311596,0.2895565
North West,Ward 63703028,NW373,0.421608832807571,0.34405842
North West,Ward 63703029,NW373,0.557366467645635,0.44917417
North West,Ward 63703030,NW373,0.3803756362998069,0.30289492
North West,Ward 63703031,NW373,0.2677672639420173,0.26250425
North West,Ward 63703032,NW373,0.3304093567251462,0.1775376
North West,Ward 63703033,NW373,0.2441490357610934,0.31097865
North West,Ward 63703034,NW373,0.343804537521815,0.29481372
North West,Ward 63703035,NW373,0.3879399970295559,0.2524385
North West,Ward 63703036,NW373,0.4310583885379757,0.3099209
North West,Ward 63703037,NW373,0.2614044079958995,0.2800018
North West,Ward 63703038,NW373,0.263681592039801,0.38341326
North West,Ward 63703039,NW373,0.3050112191473448,0.19831754
North West,Ward 63703040,NW373,0.3657430233704762,0.17511821
North West,Ward 63703041,NW373,0.3058038881793671,0.18235381
North West,Ward 63703042,NW373,0.3216501760858628,0.22396421
North West,Ward 63703043,NW373,0.3205291679948996,0.2432911
North West,Ward 63703044,NW373,0.4486121530382596,0.34820023
North West,Ward 63703045,NW373,0.3469079939668175,0.27861983
North West,Ward 63704001,NW374,0.4790040876997399,0.31638837
North West,Ward 63704002,NW374,0.5227840199750312,0.3800537
North West,Ward 63704003,NW374,0.4994590695997115,0.37006825
North West,Ward 63704004,NW374,0.4589752776782515,0.31012234
North West,Ward 63704005,NW374,0.460724043715847,0.3387477
North West,Ward 63704006,NW374,0.4860335195530726,0.37164325
North West,Ward 63704007,NW374,0.5111673958093483,0.37035587
North West,Ward 63705001,NW375,0.4549356223175965,0.40353343
North West,Ward 63705002,NW375,0.4769311890324281,0.34435034
North West,Ward 63705003,NW375,0.4229892543145555,0.36089972
North West,Ward 63705004,NW375,0.4011642622120982,0.34878722
North West,Ward 63705005,NW375,0.4365714285714285,0.39097366
North West,Ward 63705006,NW375,0.4611260053619302,0.3700097
North West,Ward 63705007,NW375,0.3473618090452261,0.44253117
North West,Ward 63705008,NW375,0.4760826493065384,0.37620136
North West,Ward 63705009,NW375,0.3478260869565217,0.33782828
North West,Ward 63705010,NW375,0.6790159189580318,0.53755844
North West,Ward 63705011,NW375,0.4469964664310954,0.37837857
North West,Ward 63705012,NW375,0.5193897012078831,0.4292583
North West,Ward 63705013,NW375,0.2811059907834101,0.41933423
North West,Ward 63705014,NW375,0.2409830833067347,0.47263595
North West,Ward 63705015,NW375,0.4196625091709464,0.32323506
North West,Ward 63705016,NW375,0.3440252992997515,0.3514343
North West,Ward 63705017,NW375,0.3881064162754303,0.3863365
North West,Ward 63705018,NW375,0.4108865411116215,0.3206738
North West,Ward 63705019,NW375,0.4632471728594507,0.34587604
North West,Ward 63705020,NW375,0.3955976765515133,0.43200728
North West,Ward 63705021,NW375,0.3987771739130434,0.385697
North West,Ward 63705022,NW375,0.3457568807339449,0.40871274
North West,Ward 63705023,NW375,0.396694214876033,0.41158822
North West,Ward 63705024,NW375,0.3651014170602945,0.3460614
North West,Ward 63705025,NW375,0.3887279431129839,0.29965815
North West,Ward 63705026,NW375,0.482442748091603,0.33668587
North West,Ward 63705027,NW375,0.3900775922877968,0.38194224
North West,Ward 63705028,NW375,0.3605231866825208,0.3253366
North West,Ward 63705029,NW375,0.4683730508973227,0.33990195
North West,Ward 63705030,NW375,0.3773992322456814,0.33132634
North West,Ward 63705031,NW375,0.4106914212548015,0.40092424
North West,Ward 63705032,NW375,0.3500334001336005,0.3744807
North West,Ward 63705033,NW375,0.4110576923076923,0.40494376
North West,Ward 63705034,NW375,0.3321403006442376,0.412669
North West,Ward 63801001,NW381,0.4953584321815368,0.3679822
North West,Ward 63801002,NW381,0.44832179009057,0.31207678
North West,Ward 63801003,NW381,0.388100271821202,0.40413406
North West,Ward 63801004,NW381,0.538517796196977,0.5058431
North West,Ward 63801005,NW381,0.4080717488789238,0.36459166
North West,Ward 63801006,NW381,0.4325361677000295,0.38236448
North West,Ward 63801007,NW381,0.4447284345047923,0.34398016
North West,Ward 63801008,NW381,0.4760056457304163,0.3610682
North West,Ward 63801009,NW381,0.3767351471404775,0.3797787
North West,Ward 63801010,NW381,0.3492176386913229,0.32133973
North West,Ward 63801011,NW381,0.4659400544959128,0.3419174
North West,Ward 63801012,NW381,0.4366149696561024,0.3416709
North West,Ward 63801013,NW381,0.4298395356777057,0.36018074
North West,Ward 63801014,NW381,0.3470149253731343,0.3567296
North West,Ward 63802001,NW382,0.3754881345749474,0.41055924
North West,Ward 63802002,NW382,0.3707301786273895,0.3878423
North West,Ward 63802003,NW382,0.4730859244399866,0.37614408
North West,Ward 63802004,NW382,0.4148641153632834,0.42679164
North West,Ward 63802005,NW382,0.4079648792724992,0.41303697
North West,Ward 63802006,NW382,0.4465592972181552,0.40616015
North West,Ward 63802007,NW382,0.4840848806366047,0.35837936
North West,Ward 63802008,NW382,0.558708959376739,0.48270848
North West,Ward 63802009,NW382,0.419121585431173,0.35207665
North West,Ward 63802010,NW382,0.420557608330534,0.34689054
North West,Ward 63802011,NW382,0.3726394378568292,0.35281315
North West,Ward 63802012,NW382,0.3780877651845394,0.3807986
North West,Ward 63802013,NW382,0.4540453074433657,0.3452266
North West,Ward 63802014,NW382,0.4361781537695944,0.4003581
North West,Ward 63803001,NW383,0.3354943273905997,0.41153547
North West,Ward 63803002,NW383,0.4153649167733674,0.37144083
North West,Ward 63803003,NW383,0.5022634676324128,0.38093156
North West,Ward 63803004,NW383,0.4545711859609397,0.3542791
North West,Ward 63803005,NW383,0.3054878048780488,0.45040005
North West,Ward 63803006,NW383,0.3821416353061923,0.36420196
North West,Ward 63803007,NW383,0.3511508951406649,0.3856288
North West,Ward 63803008,NW383,0.276093023255814,0.29762748
North West,Ward 63803009,NW383,0.4629940119760479,0.3846419
North West,Ward 63803010,NW383,0.3155493155493155,0.39611828
North West,Ward 63803011,NW383,0.3288690476190476,0.4713018
North West,Ward 63803012,NW383,0.2621474283005451,0.44457412
North West,Ward 63803013,NW383,0.365544167886774,0.313736
North West,Ward 63803014,NW383,0.3135531135531135,0.40771127
North West,Ward 63803015,NW383,0.3822682786413356,0.38855025
North West,Ward 63803016,NW383,0.315227070347284,0.4560755
North West,Ward 63803017,NW383,0.4948453608247423,0.41587463
North West,Ward 63803018,NW383,0.3683264887063655,0.37077057
North West,Ward 63803019,NW383,0.3741339491916859,0.4065953
North West,Ward 63803020,NW383,0.3374394184168013,0.33195496
North West,Ward 63803021,NW383,0.3293914046726276,0.4403639
North West,Ward 63803022,NW383,0.4073908174692049,0.33204797
North West,Ward 63803023,NW383,0.4508568548387097,0.36153203
North West,Ward 63803024,NW383,0.44750656167979,0.3570622
North West,Ward 63803025,NW383,0.4496979248752298,0.35308295
North West,Ward 63803026,NW383,0.4209081836327345,0.33033
North West,Ward 63803027,NW383,0.45193401592719,0.37546986
North West,Ward 63803028,NW383,0.3094849685388021,0.46609977
North West,Ward 63803029,NW383,0.4125814678379144,0.37698078
North West,Ward 63803030,NW383,0.3872549019607843,0.36546946
North West,Ward 63803031,NW383,0.3209987966305656,0.47185653
North West,Ward 63803032,NW383,0.3545335085413929,0.34820145
North West,Ward 63803033,NW383,0.3776978417266187,0.30839172
North West,Ward 63803034,NW383,0.3831904893558197,0.35867956
North West,Ward 63803035,NW383,0.3220623501199041,0.40631908
North West,Ward 63804001,NW384,0.3880756872545519,0.34721634
North West,Ward 63804002,NW384,0.439970446989287,0.3574019
North West,Ward 63804003,NW384,0.4978486459124272,0.33768743
North West,Ward 63804004,NW384,0.4320422535211267,0.33622515
North West,Ward 63804005,NW384,0.4646818447168709,0.33465752
North West,Ward 63804006,NW384,0.5762799073835864,0.47823265
North West,Ward 63804007,NW384,0.5001551349674217,0.41619235
North West,Ward 63804008,NW384,0.4407744874715262,0.3544902
North West,Ward 63804009,NW384,0.4129048712063249,0.36162245
North West,Ward 63804010,NW384,0.4155806545033304,0.3708767
North West,Ward 63804011,NW384,0.4140969162995594,0.36222452
North West,Ward 63804012,NW384,0.3774390243902439,0.3984469
North West,Ward 63804013,NW384,0.3312406576980568,0.4442713
North West,Ward 63804014,NW384,0.2613348352576738,0.42475596
North West,Ward 63804015,NW384,0.4788880146865985,0.39339596
North West,Ward 63804016,NW384,0.5187024164184045,0.3609647
North West,Ward 63804017,NW384,0.4006363899334683,0.39154938
North West,Ward 63804018,NW384,0.4530065689742294,0.34314176
North West,Ward 63804019,NW384,0.4801312431644185,0.38971677
North West,Ward 63804020,NW384,0.6122448979591837,0.5090903
North West,Ward 63805001,NW385,0.428239973483593,0.32845303
North West,Ward 63805002,NW385,0.4056065492433639,0.33402157
North West,Ward 63805003,NW385,0.4811439346323067,0.3681426
North West,Ward 63805004,NW385,0.4555359246171967,0.3659045
North West,Ward 63805005,NW385,0.572680412371134,0.5076771
North West,Ward 63805006,NW385,0.4153132250580046,0.36790606
North West,Ward 63805007,NW385,0.5897849462365592,0.46479028
North West,Ward 63805008,NW385,0.5765389082462253,0.47413385
North West,Ward 63805009,NW385,0.4209721797615408,0.3607085
North West,Ward 63805010,NW385,0.3661528782636049,0.42083997
North West,Ward 63805011,NW385,0.4014962593516209,0.35899583
North West,Ward 63805012,NW385,0.4469053398058252,0.3314822
North West,Ward 63805013,NW385,0.5104036099273,0.38747743
North West,Ward 63805014,NW385,0.4735109248727925,0.3516159
North West,Ward 63805015,NW385,0.5190032720865845,0.36078373
North West,Ward 63805016,NW385,0.4810836057916861,0.34631562
North West,Ward 63805017,NW385,0.450519242516799,0.35391575
North West,Ward 63805018,NW385,0.4262905800957956,0.33887982
North West,Ward 63805019,NW385,0.6581112207963146,0.48567542
North West,Ward 63902001,NW392,0.5051177072671443,0.4115878
North West,Ward 63902002,NW392,0.4477653631284916,0.35708612
North West,Ward 63902003,NW392,0.4659121530584748,0.360231
North West,Ward 63902004,NW392,0.4775675675675676,0.35813478
North West,Ward 63902005,NW392,0.3538961038961039,0.28940448
North West,Ward 63902006,NW392,0.3944087646392142,0.33215857
North West,Ward 63902007,NW392,0.3963486454652532,0.40519494
North West,Ward 63902008,NW392,0.4220713073005093,0.3362359
North West,Ward 63902009,NW392,0.4298981426003595,0.34505835
North West,Ward 63903001,NW393,0.5946437857514301,0.52167964
North West,Ward 63903002,NW393,0.4975304576885084,0.38607633
North West,Ward 63903003,NW393,0.5946805435096849,0.47947562
North West,Ward 63903004,NW393,0.4861491628614916,0.46270394
North West,Ward 63903005,NW393,0.5052571753339017,0.39303252
North West,Ward 63903006,NW393,0.4611347982945228,0.3672959
North West,Ward 63903007,NW393,0.4627187724766243,0.4138314
North West,Ward 63903008,NW393,0.541566426089281,0.40339762
North West,Ward 63904001,NW394,0.5911850092372658,0.49270114
North West,Ward 63904002,NW394,0.5404422902150864,0.39027762
North West,Ward 63904003,NW394,0.4111700783421784,0.31972387
North West,Ward 63904004,NW394,0.553021327014218,0.408654
North West,Ward 63904005,NW394,0.4222972972972973,0.39839324
North West,Ward 63904006,NW394,0.558581560283688,0.4447753
North West,Ward 63904007,NW394,0.4690857006445452,0.3167404
North West,Ward 63904008,NW394,0.4703623710103192,0.36396533
North West,Ward 63904009,NW394,0.4854961832061069,0.37219527
North West,Ward 63904010,NW394,0.4113018597997139,0.31483608
North West,Ward 63904011,NW394,0.4123772686700386,0.39400595
North West,Ward 63904012,NW394,0.4127937336814621,0.37849903
North West,Ward 63904013,NW394,0.4126292868807839,0.3738562
North West,Ward 63904014,NW394,0.463739837398374,0.27693078
North West,Ward 63904015,NW394,0.4839137645107794,0.33140817
North West,Ward 63904016,NW394,0.5262475696694751,0.3406227
North West,Ward 63904017,NW394,0.5177061914553347,0.3547875
North West,Ward 63904018,NW394,0.5083709806005846,0.37145042
North West,Ward 63904019,NW394,0.4331594839418062,0.3818033
North West,Ward 63904020,NW394,0.485042735042735,0.3343075
North West,Ward 63904021,NW394,0.5890932149651237,0.46206513
North West,Ward 63904022,NW394,0.5001460706982179,0.36706632
North West,Ward 63904023,NW394,0.5516462233699161,0.38764867
North West,Ward 63904024,NW394,0.5325889379381978,0.44647416
North West,Ward 63906001,NW396,0.5041791044776119,0.371126
North West,Ward 63906002,NW396,0.4860956618464961,0.30302593
North West,Ward 63906003,NW396,0.5387478849407783,0.37995756
North West,Ward 63906004,NW396,0.5769760396584963,0.4552081
North West,Ward 63906005,NW396,0.42261404981808,0.34530896
North West,Ward 63906006,NW396,0.4298074239464136,0.40569872
North West,Ward 63906007,NW396,0.4280185758513932,0.3659551
North West,Ward 63907001,NW397,0.5081552305961755,0.38300726
North West,Ward 63907002,NW397,0.4216383307573416,0.37172705
North West,Ward 63907003,NW397,0.3734134936539746,0.40782794
North West,Ward 63907004,NW397,0.3202107014139174,0.40368187
North West,Ward 63907005,NW397,0.4083229036295369,0.39553487
North West,Ward 63907006,NW397,0.5098211668132513,0.3749475
North West,Ward 63907007,NW397,0.4057285180572851,0.3110024
North West,Ward 63907008,NW397,0.5032238256063862,0.38975793
North West,Ward 63907009,NW397,0.4022764227642276,0.4006791
North West,Ward 63907010,NW397,0.458421175919419,0.3228603
North West,Ward 63907011,NW397,0.4323939652718474,0.38390285
North West,Ward 63907012,NW397,0.2726412117387188,0.4252602
North West,Ward 63907013,NW397,0.5117867371667768,0.37043697
North West,Ward 63907014,NW397,0.4276947705442903,0.36106938
North West,Ward 63907015,NW397,0.4177254415866129,0.34927675
North West,Ward 64003001,NW403,0.3748376322137688,0.28444928
North West,Ward 64003002,NW403,0.3937058445728966,0.31610087
North West,Ward 64003003,NW403,0.4928611162618209,0.32586345
North West,Ward 64003004,NW403,0.4365577889447236,0.35844973
North West,Ward 64003005,NW403,0.4562068197013594,0.39589265
North West,Ward 64003006,NW403,0.4501653282947567,0.33199158
North West,Ward 64003007,NW403,0.4236848313281434,0.3430986
North West,Ward 64003008,NW403,0.4099412079102084,0.3067097
North West,Ward 64003009,NW403,0.4053554939981533,0.34611568
North West,Ward 64003010,NW403,0.3928658685560713,0.32848302
North West,Ward 64003011,NW403,0.3813747228381374,0.36483946
North West,Ward 64003012,NW403,0.4407923378319547,0.34949517
North West,Ward 64003013,NW403,0.4015236388079767,0.34234172
North West,Ward 64003014,NW403,0.4207486631016043,0.30636653
North West,Ward 64003015,NW403,0.510515938218863,0.37871835
North West,Ward 64003016,NW403,0.6082066236200792,0.5163718
North West,Ward 64003017,NW403,0.6137172436104821,0.5228043
North West,Ward 64003018,NW403,0.4567099567099567,0.40337154
North West,Ward 64003019,NW403,0.4794828555368184,0.32114288
North West,Ward 64003020,NW403,0.3860864745011086,0.32388458
North West,Ward 64003021,NW403,0.2586644125105664,0.41464394
North West,Ward 64003022,NW403,0.3765041811136039,0.31324062
North West,Ward 64003023,NW403,0.3394970414201183,0.30386552
North West,Ward 64003024,NW403,0.3640232974910394,0.3149856
North West,Ward 64003025,NW403,0.3789223111880545,0.30647165
North West,Ward 64003026,NW403,0.390064397424103,0.30435237
North West,Ward 64003027,NW403,0.3557405036278275,0.31502023
North West,Ward 64003028,NW403,0.4237870330613997,0.36304
North West,Ward 64003029,NW403,0.4212893553223388,0.3777823
North West,Ward 64003030,NW403,0.4987421383647799,0.43455
North West,Ward 64003031,NW403,0.4037602382725242,0.32310236
North West,Ward 64003032,NW403,0.3770010672358591,0.3285845
North West,Ward 64003033,NW403,0.2967063382230833,0.40448463
North West,Ward 64003034,NW403,0.3892617449664429,0.38192192
North West,Ward 64003035,NW403,0.4181078331637843,0.36162245
North West,Ward 64003037,NW403,0.3718431963814549,0.3037281
North West,Ward 64003038,NW403,0.2463874602008327,0.39128828
North West,Ward 64003039,NW403,0.5859649122807018,0.48420352
North West,Ward 64004001,NW404,0.4821726091302899,0.38315323
North West,Ward 64004002,NW404,0.409500693481276,0.35018277
North West,Ward 64004003,NW404,0.4826057298772169,0.32357812
North West,Ward 64004004,NW404,0.4709806537691794,0.36674255
North West,Ward 64004005,NW404,0.4913280475718533,0.35178715
North West,Ward 64004006,NW404,0.4844776119402985,0.36723042
North West,Ward 64004007,NW404,0.4605210420841683,0.25589573
North West,Ward 64004008,NW404,0.4793997965412004,0.37021172
North West,Ward 64004009,NW404,0.5242749054224464,0.40479085
North West,Ward 64004010,NW404,0.4386357978590988,0.35808626
North West,Ward 64004011,NW404,0.4898282694848084,0.34472573
North West,Ward 64005001,NW405,0.4497770784159454,0.34326094
North West,Ward 64005002,NW405,0.5309597523219814,0.417145
North West,Ward 64005003,NW405,0.6422854602045354,0.5679826
North West,Ward 64005004,NW405,0.5718626557277423,0.49407986
North West,Ward 64005005,NW405,0.6236405266170578,0.5231636
North West,Ward 64005006,NW405,0.3786213786213786,0.36448506
North West,Ward 64005007,NW405,0.3773728170083523,0.2763481
North West,Ward 64005008,NW405,0.4011049723756906,0.3750395
North West,Ward 64005009,NW405,0.3723804406233208,0.32980138
North West,Ward 64005010,NW405,0.3960506706408346,0.33883917
North West,Ward 64005011,NW405,0.5472255017709563,0.48034373
North West,Ward 64005012,NW405,0.5050637046716759,0.32720155
North West,Ward 64005013,NW405,0.4556197478991596,0.34406945
North West,Ward 64005014,NW405,0.3051282051282051,0.47359517
North West,Ward 64005015,NW405,0.5516703090852326,0.45121157
North West,Ward 64005016,NW405,0.4210374639769452,0.3334376
North West,Ward 64005017,NW405,0.390101117615753,0.32199004
North West,Ward 64005018,NW405,0.4279635258358663,0.34298235
North West,Ward 64005019,NW405,0.4892781636967683,0.37229392
North West,Ward 64005020,NW405,0.419106699751861,0.3382808
North West,Ward 64005021,NW405,0.4508060033351862,0.3533403
North West,Ward 64005022,NW405,0.2934068820593643,0.36860853
North West,Ward 64005023,NW405,0.7149321266968326,0.5988445
North West,Ward 64005024,NW405,0.5124398073836276,0.3228827
North West,Ward 64005025,NW405,0.4242424242424242,0.28761974
North West,Ward 64005026,NW405,0.4501197126895451,0.33505544
North West,Ward 64005027,NW405,0.4269625703875455,0.32398224
North West,Ward 64005028,NW405,0.3913322632423756,0.3782829
North West,Ward 64005029,NW405,0.385824345146379,0.4346416
North West,Ward 64005030,NW405,0.4159052453468697,0.32943946
North West,Ward 64005031,NW405,0.4526003949967083,0.3467784
North West,Ward 64005032,NW405,0.4980030721966206,0.34057948
North West,Ward 64005033,NW405,0.4920469361147327,0.31873012
North West,Ward 64005034,NW405,0.4901125646486157,0.32024798
Northern Cape,Ward 30601001,NC061,0.66,0.53515196
Northern Cape,Ward 30601002,NC061,0.5464895635673624,0.6673505
Northern Cape,Ward 30601003,NC061,0.5644644002565747,0.6466941
Northern Cape,Ward 30601004,NC061,0.837386018237082,0.7287954
Northern Cape,Ward 30602001,NC062,0.5352805089647195,0.46164304
Northern Cape,Ward 30602002,NC062,0.5602016607354685,0.5765143
Northern Cape,Ward 30602003,NC062,0.5191793041926851,0.4438471
Northern Cape,Ward 30602004,NC062,0.5939068100358423,0.60842824
Northern Cape,Ward 30602005,NC062,0.5191218130311614,0.45896876
Northern Cape,Ward 30602006,NC062,0.5116671352263144,0.43789878
Northern Cape,Ward 30602007,NC062,0.6112224448897795,0.5980738
Northern Cape,Ward 30602008,NC062,0.4973544973544973,0.40094975
Northern Cape,Ward 30602009,NC062,0.5589831476720937,0.5769436
Northern Cape,Ward 30604001,NC064,0.6957250628667225,0.72399753
Northern Cape,Ward 30604002,NC064,0.7220267417311752,0.77193993
Northern Cape,Ward 30604003,NC064,0.7106227106227107,0.7100823
Northern Cape,Ward 30604004,NC064,0.7363984674329502,0.778576
Northern Cape,Ward 30605001,NC065,0.5220618556701031,0.48735037
Northern Cape,Ward 30605002,NC065,0.5377291960507757,0.5455896
Northern Cape,Ward 30605003,NC065,0.6427357689039932,0.504687
Northern Cape,Ward 30605004,NC065,0.7504542701393095,0.6169025
Northern Cape,Ward 30605005,NC065,0.6570657065706571,0.5057259
Northern Cape,Ward 30606001,NC066,0.5890949971894323,0.50967574
Northern Cape,Ward 30606002,NC066,0.6207792207792208,0.5531024
Northern Cape,Ward 30606003,NC066,0.5308641975308642,0.5250958
Northern Cape,Ward 30606004,NC066,0.6052631578947368,0.62082785
Northern Cape,Ward 30607001,NC067,0.7010560519902518,0.60731095
Northern Cape,Ward 30607002,NC067,0.6055045871559633,0.5982802
Northern Cape,Ward 30607003,NC067,0.5776865160848734,0.6248439
Northern Cape,Ward 30607004,NC067,0.3951417004048583,0.4145899
Northern Cape,Ward 30701001,NC071,0.625,0.5991976
Northern Cape,Ward 30701002,NC071,0.5800842992623815,0.5448171
Northern Cape,Ward 30701003,NC071,0.7799834574028123,0.5308956
Northern Cape,Ward 30701004,NC071,0.5408544172542513,0.50751925
Northern Cape,Ward 30702001,NC072,0.6779266161910309,0.62271565
Northern Cape,Ward 30702002,NC072,0.5637124381894256,0.5642227
Northern Cape,Ward 30702003,NC072,0.6627188465499485,0.5848755
Northern Cape,Ward 30702004,NC072,0.6973923590054578,0.5474123
Northern Cape,Ward 30702005,NC072,0.6524216524216524,0.55547166
Northern Cape,Ward 30702006,NC072,0.6558540293968576,0.62120163
Northern Cape,Ward 30703001,NC073,0.4879585031493145,0.46534204
Northern Cape,Ward 30703002,NC073,0.462882096069869,0.45603874
Northern Cape,Ward 30703003,NC073,0.5262039660056658,0.4584915
Northern Cape,Ward 30703004,NC073,0.524248496993988,0.4488841
Northern Cape,Ward 30703005,NC073,0.4510921177587844,0.4873362
Northern Cape,Ward 30703006,NC073,0.5570613409415122,0.5948616
Northern Cape,Ward 30703007,NC073,0.4800374298190892,0.48655844
Northern Cape,Ward 30703008,NC073,0.596466759646676,0.59464175
Northern Cape,Ward 30704001,NC074,0.6080246913580247,0.6643794
Northern Cape,Ward 30704002,NC074,0.647244094488189,0.61348677
Northern Cape,Ward 30704003,NC074,0.8131241084165478,0.5474804
Northern Cape,Ward 30704004,NC074,0.5064377682403434,0.58052635
Northern Cape,Ward 30705001,NC075,0.7246465888137676,0.6793752
Northern Cape,Ward 30705002,NC075,0.8304172274562585,0.7013279
Northern Cape,Ward 30705003,NC075,0.7193415637860082,0.7668498
Northern Cape,Ward 30705004,NC075,0.6580779944289693,0.7436318
Northern Cape,Ward 30706001,NC076,0.6716666666666666,0.533532
Northern Cape,Ward 30706002,NC076,0.6355241716458446,0.52398866
Northern Cape,Ward 30706003,NC076,0.600715137067938,0.6302398
Northern Cape,Ward 30706004,NC076,0.5726495726495726,0.5539613
Northern Cape,Ward 30707001,NC077,0.5436341900777047,0.552511
Northern Cape,Ward 30707002,NC077,0.6519893899204244,0.54833865
Northern Cape,Ward 30707003,NC077,0.6371191135734072,0.55852234
Northern Cape,Ward 30707004,NC077,0.6062291434927698,0.5029392
Northern Cape,Ward 30707005,NC077,0.605072463768116,0.51702756
Northern Cape,Ward 30708001,NC078,0.5121659353809334,0.47698238
Northern Cape,Ward 30708002,NC078,0.4538379908029713,0.41146135
Northern Cape,Ward 30708003,NC078,0.5768194070080862,0.47302613
Northern Cape,Ward 30708004,NC078,0.628693368351937,0.5751131
Northern Cape,Ward 30708005,NC078,0.479221635883905,0.5172648
Northern Cape,Ward 30708006,NC078,0.4724540901502504,0.46905008
Northern Cape,Ward 30708007,NC078,0.6067669172932331,0.5608144
Northern Cape,Ward 30802001,NC082,0.6161790017211703,0.55479175
Northern Cape,Ward 30802002,NC082,0.7055238095238096,0.5947658
Northern Cape,Ward 30802003,NC082,0.5957796656618252,0.46569675
Northern Cape,Ward 30802004,NC082,0.5454937473048728,0.47448042
Northern Cape,Ward 30802005,NC082,0.6641566265060241,0.5452815
Northern Cape,Ward 30802006,NC082,0.6075133165124754,0.5562634
Northern Cape,Ward 30802007,NC082,0.6695596271295403,0.5186458
Northern Cape,Ward 30802008,NC082,0.5931642778390298,0.4828114
Northern Cape,Ward 30802009,NC082,0.670076726342711,0.5379447
Northern Cape,Ward 30802010,NC082,0.4298380878951426,0.39818498
Northern Cape,Ward 30804001,NC084,0.6638054363376252,0.64739823
Northern Cape,Ward 30804002,NC084,0.7400408580183861,0.80063856
Northern Cape,Ward 30804003,NC084,0.6839647119875454,0.6632113
Northern Cape,Ward 30804004,NC084,0.677710843373494,0.6745046
Northern Cape,Ward 30805001,NC085,0.4967718794835007,0.4224287
Northern Cape,Ward 30805002,NC085,0.420375865479723,0.36379606
Northern Cape,Ward 30805003,NC085,0.4787922358015816,0.439917
Northern Cape,Ward 30805004,NC085,0.5546511627906977,0.5409082
Northern Cape,Ward 30805005,NC085,0.4668949771689498,0.38673356
Northern Cape,Ward 30805006,NC085,0.4440518256772673,0.35500103
Northern Cape,Ward 30805007,NC085,0.6065573770491803,0.56949025
Northern Cape,Ward 30806001,NC086,0.5131164742917104,0.4533779
Northern Cape,Ward 30806002,NC086,0.5009966777408638,0.46474165
Northern Cape,Ward 30806003,NC086,0.4129668780831571,0.36425218
Northern Cape,Ward 30806004,NC086,0.5714285714285714,0.6114277
Northern Cape,Ward 30807001,NC087,0.4896110815130527,0.42189094
Northern Cape,Ward 30807002,NC087,0.5045361428153351,0.46557432
Northern Cape,Ward 30807003,NC087,0.5506371562709591,0.6068962
Northern Cape,Ward 30807004,NC087,0.5299832495812395,0.46382517
Northern Cape,Ward 30807005,NC087,0.4661134163208852,0.44206086
Northern Cape,Ward 30807006,NC087,0.4659294680215182,0.52127725
Northern Cape,Ward 30807007,NC087,0.4900163666121113,0.4333843
Northern Cape,Ward 30807008,NC087,0.5251901140684411,0.47958535
Northern Cape,Ward 30807009,NC087,0.6636885768985322,0.7131123
Northern Cape,Ward 30807010,NC087,0.5270790174607872,0.4914511
Northern Cape,Ward 30807011,NC087,0.4631688672689367,0.41264
Northern Cape,Ward 30807012,NC087,0.6072008662696264,0.48996118
Northern Cape,Ward 30807013,NC087,0.5026189933955819,0.44598967
Northern Cape,Ward 30807014,NC087,0.6618572927597062,0.57810014
Northern Cape,Ward 30807015,NC087,0.4675480769230769,0.49392512
Northern Cape,Ward 30807016,NC087,0.6117486338797814,0.5528
Northern Cape,Ward 30901001,NC091,0.5510107015457788,0.4967777
Northern Cape,Ward 30901002,NC091,0.4466994669946699,0.38677073
Northern Cape,Ward 30901003,NC091,0.582063452410692,0.5750398
Northern Cape,Ward 30901004,NC091,0.4553259994633754,0.3773238
Northern Cape,Ward 30901005,NC091,0.5030518819938963,0.43426117
Northern Cape,Ward 30901006,NC091,0.4959119496855346,0.4649195
Northern Cape,Ward 30901007,NC091,0.4812554489973845,0.43100527
Northern Cape,Ward 30901008,NC091,0.4904380012338063,0.46221069
Northern Cape,Ward 30901009,NC091,0.4450994841562269,0.42167488
Northern Cape,Ward 30901010,NC091,0.5188449848024316,0.48893985
Northern Cape,Ward 30901011,NC091,0.4658608297941849,0.4212067
Northern Cape,Ward 30901012,NC091,0.4595835884874464,0.50799394
Northern Cape,Ward 30901013,NC091,0.4494447691408533,0.41479656
Northern Cape,Ward 30901014,NC091,0.5,0.48072892
Northern Cape,Ward 30901015,NC091,0.4735068912710566,0.4878244
Northern Cape,Ward 30901016,NC091,0.4722797331492984,0.35082933
Northern Cape,Ward 30901017,NC091,0.4637159032424086,0.419344
Northern Cape,Ward 30901018,NC091,0.4669106434888685,0.5152141
Northern Cape,Ward 30901019,NC091,0.4980660517703064,0.45380658
Northern Cape,Ward 30901020,NC091,0.4820352061731372,0.3772245
Northern Cape,Ward 30901021,NC091,0.4910166022287923,0.4032651
Northern Cape,Ward 30901022,NC091,0.5279187817258884,0.4867637
Northern Cape,Ward 30901023,NC091,0.5486600846262342,0.5238018
Northern Cape,Ward 30901024,NC091,0.6192606545797034,0.60143876
Northern Cape,Ward 30901025,NC091,0.4414527238572323,0.43493533
Northern Cape,Ward 30901026,NC091,0.5308988764044944,0.42844954
Northern Cape,Ward 30901027,NC091,0.5049531459170014,0.45542
Northern Cape,Ward 30901028,NC091,0.5778761061946903,0.5189053
Northern Cape,Ward 30901029,NC091,0.2965879265091863,0.39110422
Northern Cape,Ward 30901030,NC091,0.449902248289345,0.40076473
Northern Cape,Ward 30901031,NC091,0.4429031459004211,0.40256742
Northern Cape,Ward 30901032,NC091,0.3950617283950617,0.41681442
Northern Cape,Ward 30901033,NC091,0.5503206709422792,0.50379974
Northern Cape,Ward 30902001,NC092,0.5535444947209653,0.49368045
Northern Cape,Ward 30902002,NC092,0.5842072794571253,0.5226413
Northern Cape,Ward 30902003,NC092,0.6319914499465622,0.52842474
Northern Cape,Ward 30902004,NC092,0.5351030387705205,0.45129898
Northern Cape,Ward 30902005,NC092,0.5447647951441578,0.47468126
Northern Cape,Ward 30902006,NC092,0.5476270615954224,0.46983418
Northern Cape,Ward 30902007,NC092,0.5697719366061075,0.48601156
Northern Cape,Ward 30903001,NC093,0.5397058823529411,0.532693
Northern Cape,Ward 30903002,NC093,0.5768286696121747,0.5423015
Northern Cape,Ward 30903003,NC093,0.4468629961587708,0.40509963
Northern Cape,Ward 30903004,NC093,0.5323406235458352,0.47304824
Northern Cape,Ward 30903005,NC093,0.5168661588683352,0.5132642
Northern Cape,Ward 30904001,NC094,0.4955580233203775,0.40822643
Northern Cape,Ward 30904002,NC094,0.4544629349470499,0.44044873
Northern Cape,Ward 30904003,NC094,0.4314516129032258,0.33002603
Northern Cape,Ward 30904004,NC094,0.4892035398230088,0.45881715
Northern Cape,Ward 30904005,NC094,0.4902959728287239,0.4410193
Northern Cape,Ward 30904006,NC094,0.5538570920725204,0.5159557
Northern Cape,Ward 30904007,NC094,0.5154471544715448,0.48823473
Northern Cape,Ward 30904008,NC094,0.4898937992463172,0.46295318
Northern Cape,Ward 30904009,NC094,0.5283816425120773,0.47130382
Northern Cape,Ward 30904010,NC094,0.5995145631067961,0.47318763
Northern Cape,Ward 34501001,NC451,0.8557182923028981,0.4268931
Northern Cape,Ward 34501002,NC451,0.5257037943696451,0.5378106
Northern Cape,Ward 34501003,NC451,0.4714412548091151,0.45295036
Northern Cape,Ward 34501004,NC451,0.4653866955110871,0.37132654
Northern Cape,Ward 34501005,NC451,0.4855390008764242,0.4410382
Northern Cape,Ward 34501006,NC451,0.6445287792536369,0.54176396
Northern Cape,Ward 34501007,NC451,0.5201768933112216,0.4636714
Northern Cape,Ward 34501008,NC451,0.5644551392231008,0.5892732
Northern Cape,Ward 34501009,NC451,0.4322314049586777,0.40597582
Northern Cape,Ward 34501010,NC451,0.4158893534898681,0.41758898
Northern Cape,Ward 34501011,NC451,0.4953364423717522,0.46571547
Northern Cape,Ward 34501012,NC451,0.3990355635925256,0.48373073
Northern Cape,Ward 34501013,NC451,0.4231525709468952,0.39821357
Northern Cape,Ward 34501014,NC451,0.4227951948432464,0.3870039
Northern Cape,Ward 34501015,NC451,0.5368677635588056,0.5309469
Northern Cape,Ward 34502001,NC452,0.5264221773029165,0.5242943
Northern Cape,Ward 34502002,NC452,0.4195804195804196,0.37828827
Northern Cape,Ward 34502003,NC452,0.3998224326723882,0.4637059
Northern Cape,Ward 34502004,NC452,0.4456806282722513,0.4105175
Northern Cape,Ward 34502005,NC452,0.366891064871481,0.55309886
Northern Cape,Ward 34502006,NC452,0.4963680387409201,0.44586518
Northern Cape,Ward 34502007,NC452,0.3836996336996337,0.45097113
Northern Cape,Ward 34502008,NC452,0.3987556561085973,0.44229263
Northern Cape,Ward 34502009,NC452,0.3754760091393754,0.3882605
Northern Cape,Ward 34502010,NC452,0.4194927329723568,0.42984015
Northern Cape,Ward 34502011,NC452,0.39264664608476,0.40406287
Northern Cape,Ward 34502012,NC452,0.4174358974358974,0.39291418
Northern Cape,Ward 34502013,NC452,0.4551569506726457,0.43646702
Northern Cape,Ward 34502014,NC452,0.4914150384843102,0.4457513
Northern Cape,Ward 34503001,NC453,0.5531181447821999,0.6180532
Northern Cape,Ward 34503002,NC453,0.6027749229188079,0.60430866
Northern Cape,Ward 34503003,NC453,0.5722713864306784,0.63135445
Northern Cape,Ward 34503004,NC453,0.6571428571428571,0.5909623
Northern Cape,Ward 34503005,NC453,0.3457117595048629,0.24786536
Northern Cape,Ward 34503006,NC453,0.4982774819918572,0.5044541
Northern Cape,Ward 34503007,NC453,0.4770897832817337,0.4794528
Western Cape,Ward 19100001,CPT,0.6475855452510393,0.46802998
Western Cape,Ward 19100002,CPT,0.5885401670025914,0.3949917
Western Cape,Ward 19100003,CPT,0.6265567995974336,0.40103158
Western Cape,Ward 19100004,CPT,0.4429129945000331,0.24302158
Western Cape,Ward 19100005,CPT,0.6195596735804149,0.46575198
Western Cape,Ward 19100006,CPT,0.3336091345358266,0.16668119
Western Cape,Ward 19100007,CPT,0.4822690822690822,0.33325717
Western Cape,Ward 19100008,CPT,0.595775255065383,0.42537805
Western Cape,Ward 19100009,CPT,0.407100798694106,0.19634679
Western Cape,Ward 19100010,CPT,0.4699680132685701,0.26965818
Western Cape,Ward 19100011,CPT,0.5450587282300526,0.39595672
Western Cape,Ward 19100012,CPT,0.4574636807714267,0.2321393
Western Cape,Ward 19100013,CPT,0.3756623536660505,0.1666797
Western Cape,Ward 19100014,CPT,0.4406473865746882,0.2550797
Western Cape,Ward 19100015,CPT,0.6837672674985877,0.42955005
Western Cape,Ward 19100016,CPT,0.4034526051475204,0.2152074
Western Cape,Ward 19100017,CPT,0.4807638145665521,0.33715796
Western Cape,Ward 19100018,CPT,0.3536712749615975,0.20627218
Western Cape,Ward 19100019,CPT,0.3988298643471057,0.20598826
Western Cape,Ward 19100020,CPT,0.3548707753479125,0.14623633
Western Cape,Ward 19100021,CPT,0.6665674485057745,0.4638834
Western Cape,Ward 19100022,CPT,0.4868581907090464,0.33529893
Western Cape,Ward 19100023,CPT,0.6162887455793634,0.44993272
Western Cape,Ward 19100024,CPT,0.3179982693971733,0.16379517
Western Cape,Ward 19100025,CPT,0.4620296950667873,0.27446285
Western Cape,Ward 19100026,CPT,0.4734400718240311,0.31976607
Western Cape,Ward 19100027,CPT,0.5581090813854515,0.41094798
Western Cape,Ward 19100028,CPT,0.5007557762902181,0.32286626
Western Cape,Ward 19100029,CPT,0.4769202588838686,0.31808355
Western Cape,Ward 19100030,CPT,0.4371093987015351,0.24818178
Western Cape,Ward 19100031,CPT,0.4532720273738237,0.28426242
Western Cape,Ward 19100032,CPT,0.3943947587354409,0.19995292
Western Cape,Ward 19100033,CPT,0.3021565731166913,0.16775653
Western Cape,Ward 19100034,CPT,0.3359059814067707,0.13992941
Western Cape,Ward 19100035,CPT,0.2755905511811024,0.13438472
Western Cape,Ward 19100036,CPT,0.369797397889831,0.16316827
Western Cape,Ward 19100037,CPT,0.3432155074116305,0.18740372
Western Cape,Ward 19100038,CPT,0.3848309473042948,0.18244861
Western Cape,Ward 19100039,CPT,0.3554796254112883,0.13007711
Western Cape,Ward 19100040,CPT,0.324062274918278,0.16728441
Western Cape,Ward 19100041,CPT,0.361051930758988,0.17069124
Western Cape,Ward 19100042,CPT,0.4784864205065608,0.31950417
Western Cape,Ward 19100043,CPT,0.5001081314878892,0.33676112
Western Cape,Ward 19100044,CPT,0.4734367653972731,0.28780136
Western Cape,Ward 19100045,CPT,0.4166024158314058,0.25357607
Western Cape,Ward 19100046,CPT,0.4812675358970127,0.33078566
Western Cape,Ward 19100047,CPT,0.4734049194656012,0.2956931
Western Cape,Ward 19100048,CPT,0.52904765456037,0.37296742
Western Cape,Ward 19100049,CPT,0.5183333333333333,0.34527516
Western Cape,Ward 19100050,CPT,0.5042601049689864,0.327355
Western Cape,Ward 19100051,CPT,0.3954177897574124,0.19673531
Western Cape,Ward 19100052,CPT,0.3057320668195218,0.15523845
Western Cape,Ward 19100053,CPT,0.6148814390842191,0.46236968
Western Cape,Ward 19100054,CPT,0.5105303612605688,0.3315678
Western Cape,Ward 19100055,CPT,0.5434232181288771,0.34758288
Western Cape,Ward 19100056,CPT,0.4693444770161541,0.27487436
Western Cape,Ward 19100057,CPT,0.3788345962895218,0.15651959
Western Cape,Ward 19100058,CPT,0.57888361764409,0.39128843
Western Cape,Ward 19100059,CPT,0.4919285023170545,0.30871832
Western Cape,Ward 19100060,CPT,0.5635659441462254,0.38223976
Western Cape,Ward 19100061,CPT,0.5028713050837212,0.34297916
Western Cape,Ward 19100062,CPT,0.5800783718872456,0.38860273
Western Cape,Ward 19100063,CPT,0.5527745558879189,0.41276824
Western Cape,Ward 19100064,CPT,0.5796522793894673,0.35136494
Western Cape,Ward 19100065,CPT,0.4891981943250215,0.32613572
Western Cape,Ward 19100066,CPT,0.6246520634152245,0.4518236
Western Cape,Ward 19100067,CPT,0.4826571099449635,0.29699203
Western Cape,Ward 19100068,CPT,0.5195259897656881,0.35080057
Western Cape,Ward 19100069,CPT,0.5113254809998401,0.3228713
Western Cape,Ward 19100070,CPT,0.6580290968981608,0.46398923
Western Cape,Ward 19100071,CPT,0.5521974481247583,0.3876613
Western Cape,Ward 19100072,CPT,0.6081475003643784,0.44525653
Western Cape,Ward 19100073,CPT,0.6084746926722066,0.45479906
Western Cape,Ward 19100074,CPT,0.4453147664635915,0.2611716
Western Cape,Ward 19100075,CPT,0.5187370726365738,0.35343075
Western Cape,Ward 19100076,CPT,0.4629958180205297,0.23083171
Western Cape,Ward 19100077,CPT,0.5288287328146648,0.34099203
Western Cape,Ward 19100078,CPT,0.5253437852919683,0.35028493
Western Cape,Ward 19100079,CPT,0.5038872691933917,0.31648353
Western Cape,Ward 19100080,CPT,0.3278324165138634,0.16388535
Western Cape,Ward 19100081,CPT,0.5429521652986131,0.4013682
Western Cape,Ward 19100082,CPT,0.451985121080999,0.29725632
Western Cape,Ward 19100083,CPT,0.6449614088487879,0.41610298
Western Cape,Ward 19100084,CPT,0.5606161745827984,0.40703017
Western Cape,Ward 19100085,CPT,0.4190830619734326,0.22369766
Western Cape,Ward 19100086,CPT,0.3412745329865216,0.1816727
Western Cape,Ward 19100087,CPT,0.3834647810715257,0.1565567
Western Cape,Ward 19100088,CPT,0.3345343680709534,0.14479156
Western Cape,Ward 19100089,CPT,0.3301710229106163,0.12046988
Western Cape,Ward 19100090,CPT,0.346395224246135,0.16241027
Western Cape,Ward 19100091,CPT,0.3622852467957458,0.15284073
Western Cape,Ward 19100092,CPT,0.4172915246534878,0.20845047
Western Cape,Ward 19100093,CPT,0.348685079952425,0.17520441
Western Cape,Ward 19100094,CPT,0.3540323641626102,0.15372863
Western Cape,Ward 19100095,CPT,0.3602453655676333,0.17308673
Western Cape,Ward 19100096,CPT,0.3216798011318559,0.1712376
Western Cape,Ward 19100097,CPT,0.3586495368987152,0.16639128
Western Cape,Ward 19100098,CPT,0.3303303303303303,0.16444902
Western Cape,Ward 19100099,CPT,0.3255739111778588,0.15443498
Western Cape,Ward 19100100,CPT,0.4283913898270908,0.26390094
Western Cape,Ward 19100101,CPT,0.3351207803482968,0.16664366
Western Cape,Ward 19100102,CPT,0.6041209461107047,0.42913756
Western Cape,Ward 19100103,CPT,0.6789306511381683,0.45728347
Western Cape,Ward 19100104,CPT,0.3125434878866468,0.13119343
Western Cape,Ward 19100105,CPT,0.4992301314698567,0.34708947
Western Cape,Ward 19100106,CPT,0.322484501669051,0.16778776
Western Cape,Ward 19100107,CPT,0.5490639588045623,0.40599033
Western Cape,Ward 19100108,CPT,0.3607486263736263,0.16766086
Western Cape,Ward 19100109,CPT,0.4389748398187216,0.23062177
Western Cape,Ward 19100110,CPT,0.4791021671826625,0.33736408
Western Cape,Ward 19100111,CPT,0.4863677673432293,0.32329014
Western Cape,Ward 19100112,CPT,0.6517820079463915,0.47388083
Western Cape,Ward 19100113,CPT,0.5735641227380016,0.39351848
Western Cape,Ward 19100114,CPT,0.355957630585989,0.17344615
Western Cape,Ward 19100115,CPT,0.447298090085392,0.31637782
Western Cape,Ward 19100116,CPT,0.4786644240951847,0.30978295
Western Cape,Ward 10101001,WC011,0.5365663900414938,0.4794486
Western Cape,Ward 10101002,WC011,0.6078784757981462,0.52616704
Western Cape,Ward 10101003,WC011,0.4443359375,0.3596928
Western Cape,Ward 10101004,WC011,0.4785087719298245,0.3697139
Western Cape,Ward 10101005,WC011,0.5173925752703887,0.4545503
Western Cape,Ward 10101006,WC011,0.5718343195266272,0.46185505
Western Cape,Ward 10101007,WC011,0.5888724766125062,0.46263248
Western Cape,Ward 10101008,WC011,0.5711554220158427,0.43614808
Western Cape,Ward 10102001,WC012,0.4798679867986798,0.3696933
Western Cape,Ward 10102002,WC012,0.5519441674975075,0.4686493
Western Cape,Ward 10102003,WC012,0.5595171773444754,0.45750895
Western Cape,Ward 10102004,WC012,0.609297052154195,0.468382
Western Cape,Ward 10102005,WC012,0.6116863905325444,0.53006864
Western Cape,Ward 10102006,WC012,0.4740364025695932,0.41274872
Western Cape,Ward 10103001,WC013,0.5256627185561196,0.46379542
Western Cape,Ward 10103002,WC013,0.5368449055599893,0.46898612
Western Cape,Ward 10103003,WC013,0.5160767360172926,0.46515092
Western Cape,Ward 10103004,WC013,0.4892448512585812,0.3987961
Western Cape,Ward 10103005,WC013,0.5319587628865979,0.4996593
Western Cape,Ward 10103006,WC013,0.5691002455905336,0.44796348
Western Cape,Ward 10103007,WC013,0.6537046768260641,0.56633127
Western Cape,Ward 10104001,WC014,0.4807767752059631,0.39736035
Western Cape,Ward 10104002,WC014,0.4096819363872774,0.25796503
Western Cape,Ward 10104003,WC014,0.4492072812683499,0.3753965
Western Cape,Ward 10104004,WC014,0.5247337278106509,0.42683318
Western Cape,Ward 10104005,WC014,0.5541725601131542,0.45266202
Western Cape,Ward 10104006,WC014,0.5871425589647256,0.42036912
Western Cape,Ward 10104007,WC014,0.568600046587468,0.4518895
Western Cape,Ward 10104008,WC014,0.5366531850353893,0.42930287
Western Cape,Ward 10104009,WC014,0.4391273750879662,0.32466814
Western Cape,Ward 10104010,WC014,0.5064907427112152,0.3870599
Western Cape,Ward 10104011,WC014,0.5699739521667061,0.43112752
Western Cape,Ward 10104012,WC014,0.5025041736227045,0.34625325
Western Cape,Ward 10104013,WC014,0.4484313357129438,0.3370686
Western Cape,Ward 10104014,WC014,0.6034392912975508,0.48446268
Western Cape,Ward 10105001,WC015,0.4889696340513885,0.42759293
Western Cape,Ward 10105002,WC015,0.4255368275225121,0.33038956
Western Cape,Ward 10105003,WC015,0.4789607455521039,0.38243127
Western Cape,Ward 10105004,WC015,0.4466513878278584,0.37069932
Western Cape,Ward 10105005,WC015,0.6067157313707452,0.48944896
Western Cape,Ward 10105006,WC015,0.448786717752235,0.36749625
Western Cape,Ward 10105007,WC015,0.4926982700516737,0.37387583
Western Cape,Ward 10105008,WC015,0.5537763544168668,0.478489
Western Cape,Ward 10105009,WC015,0.3497916666666666,0.24547288
Western Cape,Ward 10105010,WC015,0.6003083021360933,0.4592118
Western Cape,Ward 10105011,WC015,0.3993937980881324,0.35056114
Western Cape,Ward 10105012,WC015,0.4292452830188679,0.35956624
Western Cape,Ward 10202001,WC022,0.4125622578859989,0.38808653
Western Cape,Ward 10202002,WC022,0.4880164346039717,0.43391144
Western Cape,Ward 10202003,WC022,0.4824680619733623,0.43591553
Western Cape,Ward 10202004,WC022,0.440236991241628,0.38431063
Western Cape,Ward 10202005,WC022,0.4820396885204722,0.43849796
Western Cape,Ward 10202006,WC022,0.4111242603550296,0.35932794
Western Cape,Ward 10202007,WC022,0.5117348173239777,0.37546572
Western Cape,Ward 10202008,WC022,0.343995938055344,0.36213285
Western Cape,Ward 10202009,WC022,0.3128385698808234,0.39750928
Western Cape,Ward 10202010,WC022,0.35375,0.3349437
Western Cape,Ward 10202011,WC022,0.515442690459849,0.45118687
Western Cape,Ward 10202012,WC022,0.3898781630740394,0.40416306
Western Cape,Ward 10203001,WC023,0.4612446641204223,0.31144574
Western Cape,Ward 10203002,WC023,0.7148058252427184,0.5476283
Western Cape,Ward 10203003,WC023,0.5053763440860215,0.37018657
Western Cape,Ward 10203004,WC023,0.6754791804362195,0.5777067
Western Cape,Ward 10203005,WC023,0.413158558104361,0.285201
Western Cape,Ward 10203006,WC023,0.4226573426573426,0.32141647
Western Cape,Ward 10203007,WC023,0.4632737276478679,0.32831165
Western Cape,Ward 10203008,WC023,0.4117959617428268,0.31763053
Western Cape,Ward 10203009,WC023,0.4474467030242935,0.35413915
Western Cape,Ward 10203010,WC023,0.5102040816326531,0.4246774
Western Cape,Ward 10203011,WC023,0.5313054499366286,0.47618693
Western Cape,Ward 10203012,WC023,0.4625102993683054,0.3451793
Western Cape,Ward 10203013,WC023,0.4686500319897633,0.38890207
Western Cape,Ward 10203014,WC023,0.4077827320632347,0.25271925
Western Cape,Ward 10203015,WC023,0.6560266793711291,0.5532314
Western Cape,Ward 10203016,WC023,0.3483572030328559,0.18824932
Western Cape,Ward 10203017,WC023,0.6601535240753663,0.54958963
Western Cape,Ward 10203018,WC023,0.4775487670224512,0.38036323
Western Cape,Ward 10203019,WC023,0.6480487804878049,0.58649045
Western Cape,Ward 10203020,WC023,0.4973347547974414,0.38761273
Western Cape,Ward 10203021,WC023,0.4712277910368602,0.40092596
Western Cape,Ward 10203022,WC023,0.5008656937917388,0.40616065
Western Cape,Ward 10203023,WC023,0.6184402332361516,0.48347792
Western Cape,Ward 10203024,WC023,0.4189927184466019,0.33024636
Western Cape,Ward 10203025,WC023,0.5165016501650165,0.4534226
Western Cape,Ward 10203026,WC023,0.4664128974473802,0.3612849
Western Cape,Ward 10203027,WC023,0.4841389728096676,0.41860014
Western Cape,Ward 10203028,WC023,0.5224515854437114,0.42020315
Western Cape,Ward 10203029,WC023,0.5791349809885932,0.46559998
Western Cape,Ward 10203030,WC023,0.5151908595170086,0.43123487
Western Cape,Ward 10203031,WC023,0.5392325315005727,0.43873447
Western Cape,Ward 10203032,WC023,0.4479191159181754,0.32524443
Western Cape,Ward 10203033,WC023,0.5824839562098906,0.44993523
Western Cape,Ward 10204001,WC024,0.4407381121362668,0.38301373
Western Cape,Ward 10204002,WC024,0.4488577896686561,0.36527866
Western Cape,Ward 10204003,WC024,0.4046242774566474,0.36195585
Western Cape,Ward 10204004,WC024,0.5516547406082289,0.5023773
Western Cape,Ward 10204005,WC024,0.4938787697820245,0.38433853
Western Cape,Ward 10204006,WC024,0.4506862432173635,0.3837575
Western Cape,Ward 10204007,WC024,0.5317702227432591,0.4734386
Western Cape,Ward 10204008,WC024,0.3326137794567368,0.27760032
Western Cape,Ward 10204009,WC024,0.4038080126933756,0.32447243
Western Cape,Ward 10204010,WC024,0.3550429669832655,0.2941541
Western Cape,Ward 10204011,WC024,0.5104633781763827,0.40750387
Western Cape,Ward 10204012,WC024,0.3529007895640233,0.2499397
Western Cape,Ward 10204013,WC024,0.3811369509043927,0.3120797
Western Cape,Ward 10204014,WC024,0.373229115779189,0.32502148
Western Cape,Ward 10204015,WC024,0.3461920859017697,0.27255312
Western Cape,Ward 10204016,WC024,0.4288830715532286,0.31641895
Western Cape,Ward 10204017,WC024,0.5580374950139609,0.43409342
Western Cape,Ward 10204018,WC024,0.4072214713265109,0.301458
Western Cape,Ward 10204019,WC024,0.4816380449141347,0.38932964
Western Cape,Ward 10204020,WC024,0.5111331024245424,0.40873608
Western Cape,Ward 10204021,WC024,0.6677432377876463,0.5272654
Western Cape,Ward 10204022,WC024,0.6715675186609364,0.58830506
Western Cape,Ward 10205001,WC025,0.5709415158667716,0.45257097
Western Cape,Ward 10205002,WC025,0.3612935826174835,0.32594675
Western Cape,Ward 10205003,WC025,0.4176359210170408,0.34548074
Western Cape,Ward 10205004,WC025,0.4678751720972923,0.37757468
Western Cape,Ward 10205005,WC025,0.4779468661336085,0.40959513
Western Cape,Ward 10205006,WC025,0.6578120536989431,0.5482018
Western Cape,Ward 10205007,WC025,0.6573065902578796,0.5495745
Western Cape,Ward 10205008,WC025,0.4234060171128899,0.34330848
Western Cape,Ward 10205009,WC025,0.4607645875251509,0.36923945
Western Cape,Ward 10205010,WC025,0.4635696821515892,0.37378252
Western Cape,Ward 10205011,WC025,0.4711087975013014,0.42903855
Western Cape,Ward 10205012,WC025,0.4834822356118844,0.32889295
Western Cape,Ward 10205013,WC025,0.4485199485199485,0.33569035
Western Cape,Ward 10205014,WC025,0.4969933854479855,0.39299765
Western Cape,Ward 10205015,WC025,0.6664795058955643,0.54325926
Western Cape,Ward 10205016,WC025,0.3567700337734111,0.4511568
Western Cape,Ward 10205017,WC025,0.4081911262798635,0.3379798
Western Cape,Ward 10205018,WC025,0.4210399032648125,0.3432986
Western Cape,Ward 10205019,WC025,0.390975412050797,0.3365563
Western Cape,Ward 10205020,WC025,0.4978063761333723,0.38546816
Western Cape,Ward 10205021,WC025,0.4276595744680851,0.35034254
Western Cape,Ward 10206001,WC026,0.5776379754074922,0.44746768
Western Cape,Ward 10206002,WC026,0.4130030959752322,0.39194983
Western Cape,Ward 10206003,WC026,0.4506765067650676,0.38522005
Western Cape,Ward 10206004,WC026,0.4239034442154842,0.37480506
Western Cape,Ward 10206005,WC026,0.4305266289794704,0.38770545
Western Cape,Ward 10206006,WC026,0.4076987917954481,0.38379133
Western Cape,Ward 10206007,WC026,0.5170552147239263,0.41511607
Western Cape,Ward 10206008,WC026,0.450717119316448,0.41395074
Western Cape,Ward 10206009,WC026,0.4972847168347556,0.3779585
Western Cape,Ward 10206010,WC026,0.5519036771884153,0.44695902
Western Cape,Ward 10206011,WC026,0.5333990633473009,0.45027578
Western Cape,Ward 10206012,WC026,0.3943491910166626,0.30847144
Western Cape,Ward 10301001,WC031,0.5294246815985947,0.48589882
Western Cape,Ward 10301002,WC031,0.4315276932440657,0.36807472
Western Cape,Ward 10301003,WC031,0.4146905725853094,0.33964765
Western Cape,Ward 10301004,WC031,0.5573183213920164,0.4781732
Western Cape,Ward 10301005,WC031,0.4841116995666827,0.39692628
Western Cape,Ward 10301006,WC031,0.4033264033264033,0.3172491
Western Cape,Ward 10301007,WC031,0.4906419802777219,0.4203841
Western Cape,Ward 10301008,WC031,0.4106718513717866,0.28295127
Western Cape,Ward 10301009,WC031,0.3811265544989027,0.31412485
Western Cape,Ward 10301010,WC031,0.3874966316356777,0.33265397
Western Cape,Ward 10301011,WC031,0.4440636968353154,0.38714468
Western Cape,Ward 10301012,WC031,0.3325661680092059,0.4273371
Western Cape,Ward 10301013,WC031,0.4093637454981992,0.3455476
Western Cape,Ward 10301014,WC031,0.3724304715840387,0.4092011
Western Cape,Ward 10302001,WC032,0.5195476575121163,0.44722116
Western Cape,Ward 10302002,WC032,0.5226089339545081,0.41479504
Western Cape,Ward 10302003,WC032,0.7058686539357243,0.5916386
Western Cape,Ward 10302004,WC032,0.5553036029226506,0.50417274
Western Cape,Ward 10302005,WC032,0.371233780514625,0.28216192
Western Cape,Ward 10302006,WC032,0.4993617021276595,0.37916574
Western Cape,Ward 10302007,WC032,0.6853146853146853,0.5316827
Western Cape,Ward 10302008,WC032,0.5781505728314239,0.4633733
Western Cape,Ward 10302009,WC032,0.595257972950409,0.40898693
Western Cape,Ward 10302010,WC032,0.6962816716025009,0.58745146
Western Cape,Ward 10302011,WC032,0.7047960308710033,0.57562906
Western Cape,Ward 10302012,WC032,0.4808345463367297,0.37711665
Western Cape,Ward 10302013,WC032,0.7219704433497537,0.5962007
Western Cape,Ward 10303001,WC033,0.589481555333998,0.45163777
Western Cape,Ward 10303002,WC033,0.5706695005313497,0.44216374
Western Cape,Ward 10303003,WC033,0.4039160839160839,0.29111037
Western Cape,Ward 10303004,WC033,0.6288124594419209,0.52111655
Western Cape,Ward 10303005,WC033,0.6459844211657265,0.5665464
Western Cape,Ward 10303006,WC033,0.583360954590653,0.43677643
Western Cape,Ward 10304001,WC034,0.595352016404648,0.4770991
Western Cape,Ward 10304002,WC034,0.6881337352699369,0.5565232
Western Cape,Ward 10304003,WC034,0.6312646065956894,0.52547896
Western Cape,Ward 10304004,WC034,0.6158815612382235,0.50690156
Western Cape,Ward 10304005,WC034,0.4452436194895591,0.38706985
Western Cape,Ward 10304006,WC034,0.488615664845173,0.42882705
Western Cape,Ward 10401001,WC041,0.5826901874310915,0.44807088
Western Cape,Ward 10401002,WC041,0.6544405997693195,0.5456483
Western Cape,Ward 10401003,WC041,0.6289871292669278,0.5231816
Western Cape,Ward 10401004,WC041,0.5570588235294117,0.45166683
Western Cape,Ward 10402001,WC042,0.6681332495285983,0.52885187
Western Cape,Ward 10402002,WC042,0.5485743123896039,0.47261363
Western Cape,Ward 10402003,WC042,0.7362428842504743,0.6562664
Western Cape,Ward 10402004,WC042,0.6197101449275362,0.48950195
Western Cape,Ward 10402005,WC042,0.6440030557677616,0.5381773
Western Cape,Ward 10402006,WC042,0.607871720116618,0.49381876
Western Cape,Ward 10402007,WC042,0.6470923603192702,0.56140685
Western Cape,Ward 10402008,WC042,0.6316793893129771,0.53782797
Western Cape,Ward 10402009,WC042,0.5743827160493827,0.5012673
Western Cape,Ward 10403001,WC043,0.3726894639556377,0.27239418
Western Cape,Ward 10403002,WC043,0.3168996811380917,0.30602628
Western Cape,Ward 10403003,WC043,0.3549618320610687,0.40177372
Western Cape,Ward 10403004,WC043,0.7959519887032243,0.55948174
Western Cape,Ward 10403005,WC043,0.6547934052513739,0.54162365
Western Cape,Ward 10403006,WC043,0.6746666666666666,0.5574471
Western Cape,Ward 10403007,WC043,0.5834036093776354,0.45528278
Western Cape,Ward 10403008,WC043,0.6927835051546392,0.6352842
Western Cape,Ward 10403009,WC043,0.4887287938647455,0.3884379
Western Cape,Ward 10403010,WC043,0.7626530612244898,0.596665
Western Cape,Ward 10403011,WC043,0.6652202213061401,0.5598144
Western Cape,Ward 10403012,WC043,0.4716721672167216,0.36615467
Western Cape,Ward 10403013,WC043,0.4467063129002744,0.3463485
Western Cape,Ward 10403014,WC043,0.4733231707317073,0.41321173
Western Cape,Ward 10404001,WC044,0.4868421052631579,0.39591566
Western Cape,Ward 10404002,WC044,0.6521239954075775,0.5408653
Western Cape,Ward 10404003,WC044,0.7161214953271028,0.58466506
Western Cape,Ward 10404004,WC044,0.6598258706467661,0.4806869
Western Cape,Ward 10404005,WC044,0.5523124357656731,0.4132319
Western Cape,Ward 10404006,WC044,0.4782928623988227,0.40121397
Western Cape,Ward 10404007,WC044,0.4285352255448555,0.33720484
Western Cape,Ward 10404008,WC044,0.4846660934365147,0.39337242
Western Cape,Ward 10404009,WC044,0.3646843070474194,0.30447066
Western Cape,Ward 10404010,WC044,0.3246650906225374,0.41985455
Western Cape,Ward 10404011,WC044,0.4672594987873888,0.3585286
Western Cape,Ward 10404012,WC044,0.3693435309114085,0.33737633
Western Cape,Ward 10404013,WC044,0.4393078512396694,0.3417226
Western Cape,Ward 10404014,WC044,0.4777270131353512,0.387913
Western Cape,Ward 10404015,WC044,0.333913421796824,0.20521767
Western Cape,Ward 10404016,WC044,0.480483907783611,0.44353426
Western Cape,Ward 10404017,WC044,0.503582395087001,0.391382
Western Cape,Ward 10404018,WC044,0.717424473603906,0.5730573
Western Cape,Ward 10404019,WC044,0.642288410498378,0.55003446
Western Cape,Ward 10404020,WC044,0.4716180371352785,0.34924707
Western Cape,Ward 10404021,WC044,0.3530431015811133,0.24690741
Western Cape,Ward 10404022,WC044,0.5653683949392211,0.44177914
Western Cape,Ward 10404023,WC044,0.5713353632013919,0.42791125
Western Cape,Ward 10404024,WC044,0.4181560283687943,0.27793974
Western Cape,Ward 10404025,WC044,0.5731101229400994,0.45649356
Western Cape,Ward 10404026,WC044,0.719900959455277,0.5825545
Western Cape,Ward 10404027,WC044,0.5850910141577579,0.4494819
Western Cape,Ward 10405001,WC045,0.1360505166475315,0.40201035
Western Cape,Ward 10405002,WC045,0.5872442839951865,0.46462867
Western Cape,Ward 10405003,WC045,0.4083921143063845,0.321375
Western Cape,Ward 10405004,WC045,0.5275619681834998,0.44822526
Western Cape,Ward 10405005,WC045,0.4469531439669822,0.3922837
Western Cape,Ward 10405006,WC045,0.3986069651741293,0.3320427
Western Cape,Ward 10405007,WC045,0.5228607918263091,0.45590204
Western Cape,Ward 10405008,WC045,0.4028695058073331,0.3377959
Western Cape,Ward 10405009,WC045,0.4583734359961501,0.41589224
Western Cape,Ward 10405010,WC045,0.4881266490765171,0.4305647
Western Cape,Ward 10405011,WC045,0.5757575757575758,0.43645334
Western Cape,Ward 10405012,WC045,0.352873231302339,0.4021526
Western Cape,Ward 10405013,WC045,0.4614583333333333,0.42941973
Western Cape,Ward 10407001,WC047,0.6738373284163082,0.56657505
Western Cape,Ward 10407002,WC047,0.7382645803698435,0.6558756
Western Cape,Ward 10407003,WC047,0.5873054474708171,0.4532904
Western Cape,Ward 10407004,WC047,0.6584429824561403,0.5624933
Western Cape,Ward 10407005,WC047,0.6139150943396227,0.49443027
Western Cape,Ward 10407006,WC047,0.5996089506843363,0.46475476
Western Cape,Ward 10407007,WC047,0.6026631158455393,0.481935
Western Cape,Ward 10408001,WC048,0.639269406392694,0.49166653
Western Cape,Ward 10408002,WC048,0.5898427429749935,0.4658948
Western Cape,Ward 10408003,WC048,0.4823529411764706,0.39073887
Western Cape,Ward 10408004,WC048,0.5245901639344263,0.39575195
Western Cape,Ward 10408005,WC048,0.6110047846889952,0.48559102
Western Cape,Ward 10408006,WC048,0.4798274549606698,0.41649973
Western Cape,Ward 10408007,WC048,0.4623506529591553,0.3693843
Western Cape,Ward 10408008,WC048,0.5338256312529777,0.40744725
Western Cape,Ward 10408009,WC048,0.6419789227166276,0.5646177
Western Cape,Ward 10408010,WC048,0.5968765251342119,0.47746062
Western Cape,Ward 10408011,WC048,0.5867465867465868,0.49505186
Western Cape,Ward 10501001,WC051,0.6865284974093264,0.60794467
Western Cape,Ward 10501002,WC051,0.6360759493670886,0.6407684
Western Cape,Ward 10501003,WC051,0.6550179211469535,0.5892698
Western Cape,Ward 10501004,WC051,0.7118863049095607,0.62646204
Western Cape,Ward 10502001,WC052,0.6582716049382716,0.6567127
Western Cape,Ward 10502002,WC052,0.7761194029850746,0.7228051
Western Cape,Ward 10502003,WC052,0.7211267605633803,0.7483993
Western Cape,Ward 10502004,WC052,0.6776735459662289,0.6165636
Western Cape,Ward 10503001,WC053,0.5684913217623498,0.44604713
Western Cape,Ward 10503002,WC053,0.560778859527121,0.49448678
Western Cape,Ward 10503003,WC053,0.5738623103850642,0.2954022
Western Cape,Ward 10503004,WC053,0.6505818904342889,0.5418155
Western Cape,Ward 10503005,WC053,0.5705639614855571,0.4717608
Western Cape,Ward 10503006,WC053,0.5680491551459294,0.47223818
Western Cape,Ward 10503007,WC053,0.5380165289256198,0.40647385
