Province,Ward,MunicipalityCode,Municipality_2016,Municipality_2021,RegisteredVoters_2016,VotesCast_2016,Turnout_2016,RegisteredVoters_2021,VotesCast_2021,Turnout_2021
Eastern Cape,Ward 29200001,BUF,BUF - Buffalo City,BUF - Buffalo City,8851,5053,0.5708959439611343,9589,3840,0.40045885910939616
Eastern Cape,Ward 29200002,BUF,BUF - Buffalo City,BUF - Buffalo City,7794,3636,0.4665127020785219,7655,3381,0.44167210973220117
Eastern Cape,Ward 29200003,BUF,BUF - Buffalo City,BUF - Buffalo City,8118,3385,0.41697462429169746,9961,3372,0.33852022889268146
Eastern Cape,Ward 29200004,BUF,BUF - Buffalo City,BUF - Buffalo City,9175,6186,0.6742234332425068,9327,4584,0.4914763589578643
Eastern Cape,Ward 29200005,BUF,BUF - Buffalo City,BUF - Buffalo City,9228,5171,0.5603597745990464,8732,3526,0.4038021071919377
Eastern Cape,Ward 29200006,BUF,BUF - Buffalo City,BUF - Buffalo City,8327,4601,0.5525399303470637,8023,3471,0.43263118534214134
Eastern Cape,Ward 29200007,BUF,BUF - Buffalo City,BUF - Buffalo City,7130,3813,0.5347826086956522,7409,3484,0.4702388986367931
Eastern Cape,Ward 29200008,BUF,BUF - Buffalo City,BUF - Buffalo City,9130,5189,0.5683461117196057,9402,4002,0.42565411614550097
Eastern Cape,Ward 29200009,BUF,BUF - Buffalo City,BUF - Buffalo City,9063,4448,0.4907867152157122,8816,3395,0.38509528130671505
Eastern Cape,Ward 29200010,BUF,BUF - Buffalo City,BUF - Buffalo City,9262,5464,0.5899373785359534,7641,3147,0.41185708676874755
Eastern Cape,Ward 29200011,BUF,BUF - Buffalo City,BUF - Buffalo City,7689,4307,0.5601508648718949,6731,2834,0.4210369930173823
Eastern Cape,Ward 29200012,BUF,BUF - Buffalo City,BUF - Buffalo City,8256,4427,0.5362160852713178,7749,3138,0.40495547812620986
Eastern Cape,Ward 29200013,BUF,BUF - Buffalo City,BUF - Buffalo City,8558,5096,0.59546623042767,8850,3769,0.4258757062146893
Eastern Cape,Ward 29200014,BUF,BUF - Buffalo City,BUF - Buffalo City,7616,4046,0.53125,7078,3182,0.4495620231703871
Eastern Cape,Ward 29200015,BUF,BUF - Buffalo City,BUF - Buffalo City,8948,5517,0.6165623603039786,9785,4777,0.48819621870209506
Eastern Cape,Ward 29200016,BUF,BUF - Buffalo City,BUF - Buffalo City,9558,4332,0.45323289391086,7662,3539,0.46188984599321325
Eastern Cape,Ward 29200017,BUF,BUF - Buffalo City,BUF - Buffalo City,7714,4382,0.5680580762250453,7785,3354,0.43082851637764935
Eastern Cape,Ward 29200018,BUF,BUF - Buffalo City,BUF - Buffalo City,8595,6154,0.7159976730657359,8159,4863,0.5960289251133717
Eastern Cape,Ward 29200019,BUF,BUF - Buffalo City,BUF - Buffalo City,8290,4864,0.5867310012062726,7315,3185,0.4354066985645933
Eastern Cape,Ward 29200020,BUF,BUF - Buffalo City,BUF - Buffalo City,9264,5126,0.5533246977547496,8037,3613,0.4495458504417071
Eastern Cape,Ward 29200021,BUF,BUF - Buffalo City,BUF - Buffalo City,7215,3668,0.5083853083853084,6889,2979,0.43242850921759324
Eastern Cape,Ward 29200022,BUF,BUF - Buffalo City,BUF - Buffalo City,9420,4944,0.5248407643312102,8320,3717,0.4467548076923077
Eastern Cape,Ward 29200023,BUF,BUF - Buffalo City,BUF - Buffalo City,8316,4663,0.5607263107263107,8386,4069,0.48521345098974483
Eastern Cape,Ward 29200024,BUF,BUF - Buffalo City,BUF - Buffalo City,9963,5319,0.5338753387533876,7729,3517,0.45503946176736965
Eastern Cape,Ward 29200025,BUF,BUF - Buffalo City,BUF - Buffalo City,7090,3495,0.4929478138222849,7287,3392,0.46548648277754906
Eastern Cape,Ward 29200026,BUF,BUF - Buffalo City,BUF - Buffalo City,8591,5270,0.6134326620882319,8014,3372,0.42076366358871975
Eastern Cape,Ward 29200027,BUF,BUF - Buffalo City,BUF - Buffalo City,8352,5009,0.5997365900383141,8298,3911,0.4713183899734876
Eastern Cape,Ward 29200028,BUF,BUF - Buffalo City,BUF - Buffalo City,9267,6645,0.7170605373907414,9275,5204,0.561078167115903
Eastern Cape,Ward 29200029,BUF,BUF - Buffalo City,BUF - Buffalo City,7152,4944,0.6912751677852349,7343,3945,0.5372463570747651
Eastern Cape,Ward 29200030,BUF,BUF - Buffalo City,BUF - Buffalo City,7169,4010,0.5593527688659506,9161,3743,0.40857984936142344
Eastern Cape,Ward 29200031,BUF,BUF - Buffalo City,BUF - Buffalo City,8541,4932,0.5774499473129611,9070,4643,0.5119073869900772
Eastern Cape,Ward 29200032,BUF,BUF - Buffalo City,BUF - Buffalo City,8147,4687,0.5753037928071683,7441,3962,0.5324553151458138
Eastern Cape,Ward 29200033,BUF,BUF - Buffalo City,BUF - Buffalo City,8451,5058,0.5985090521831736,7732,3779,0.4887480600103466
Eastern Cape,Ward 29200034,BUF,BUF - Buffalo City,BUF - Buffalo City,8434,4459,0.5286933839222195,7972,3862,0.48444555945810336
Eastern Cape,Ward 29200035,BUF,BUF - Buffalo City,BUF - Buffalo City,9163,5195,0.5669540543490124,8786,4298,0.48918734350102433
Eastern Cape,Ward 29200036,BUF,BUF - Buffalo City,BUF - Buffalo City,7429,4151,0.558756225602369,6940,2541,0.36613832853025935
Eastern Cape,Ward 29200037,BUF,BUF - Buffalo City,BUF - Buffalo City,9264,4903,0.5292530224525043,8891,3568,0.40130469013609266
Eastern Cape,Ward 29200038,BUF,BUF - Buffalo City,BUF - Buffalo City,8058,4321,0.5362372797220154,7659,3198,0.4175479827653741
Eastern Cape,Ward 29200039,BUF,BUF - Buffalo City,BUF - Buffalo City,8603,4744,0.5514355457398582,8069,3708,0.4595364977072748
Eastern Cape,Ward 29200040,BUF,BUF - Buffalo City,BUF - Buffalo City,9093,5025,0.5526228967337512,8360,4406,0.5270334928229665
Eastern Cape,Ward 29200041,BUF,BUF - Buffalo City,BUF - Buffalo City,7485,3367,0.44983299933199733,6641,2617,0.39406715856045776
Eastern Cape,Ward 29200042,BUF,BUF - Buffalo City,BUF - Buffalo City,6990,3799,0.5434907010014306,6860,3018,0.4399416909620991
Eastern Cape,Ward 29200043,BUF,BUF - Buffalo City,BUF - Buffalo City,8796,4364,0.4961346066393815,8395,3748,0.4464562239428231
Eastern Cape,Ward 29200044,BUF,BUF - Buffalo City,BUF - Buffalo City,9362,5141,0.5491348002563555,8763,4784,0.5459317585301837
Eastern Cape,Ward 29200045,BUF,BUF - Buffalo City,BUF - Buffalo City,8770,5152,0.5874572405929305,8829,3976,0.45033412617510477
Eastern Cape,Ward 29200046,BUF,BUF - Buffalo City,BUF - Buffalo City,8878,5242,0.5904482991664789,9058,3892,0.42967542503863987
Eastern Cape,Ward 29200047,BUF,BUF - Buffalo City,BUF - Buffalo City,7630,2939,0.38519003931847967,8780,1974,0.22482915717539864
Eastern Cape,Ward 29200048,BUF,BUF - Buffalo City,BUF - Buffalo City,7508,4097,0.5456846030900373,6892,2809,0.4075739988392339
Eastern Cape,Ward 29200049,BUF,BUF - Buffalo City,BUF - Buffalo City,7989,4122,0.5159594442358243,7623,3753,0.4923258559622196
Eastern Cape,Ward 29200050,BUF,BUF - Buffalo City,BUF - Buffalo City,7352,4610,0.6270402611534276,7317,4125,0.5637556375563756
Eastern Cape,Ward 21001001,EC101,EC101 - Camdeboo,EC101 - Dr. Beyers Naude,3327,2032,0.6107604448452059,3417,1937,0.5668715247292947
Eastern Cape,Ward 21001002,EC101,EC101 - Camdeboo,EC101 - Dr. Beyers Naude,3231,2183,0.6756422160321882,3218,1784,0.5543816034804226
Eastern Cape,Ward 21001003,EC101,EC101 - Camdeboo,EC101 - Dr. Beyers Naude,1944,1303,0.6702674897119342,4250,1212,0.2851764705882353
Eastern Cape,Ward 21001004,EC101,EC101 - Camdeboo,EC101 - Dr. Beyers Naude,3398,2028,0.5968216597998823,3121,1353,0.43351489907081064
Eastern Cape,Ward 21001005,EC101,EC101 - Camdeboo,EC101 - Dr. Beyers Naude,3534,2158,0.6106395019807583,3992,1564,0.39178356713426854
Eastern Cape,Ward 21001006,EC101,EC101 - Camdeboo,EC101 - Dr. Beyers Naude,2620,1674,0.6389312977099236,3294,1451,0.4404978749241044
Eastern Cape,Ward 21001007,EC101,EC101 - Camdeboo,EC101 - Dr. Beyers Naude,2097,1129,0.5383881735813066,3357,1734,0.516532618409294
Eastern Cape,Ward 21001008,EC101,EC101 - Camdeboo,EC101 - Dr. Beyers Naude,2695,1752,0.6500927643784786,2771,1537,0.5546734031035727
Eastern Cape,Ward 21001009,EC101,EC101 - Camdeboo,EC101 - Dr. Beyers Naude,2536,1490,0.5875394321766562,3699,1907,0.5155447418221141
Eastern Cape,Ward 21001010,EC101,EC101 - Camdeboo,EC101 - Dr. Beyers Naude,2234,1501,0.6718889883616831,2784,1441,0.5176005747126436
Eastern Cape,Ward 21001011,EC101,EC101 - Camdeboo,EC101 - Dr. Beyers Naude,3287,1994,0.6066321874049285,3142,1440,0.4583068109484405
Eastern Cape,Ward 21001012,EC101,EC101 - Camdeboo,EC101 - Dr. Beyers Naude,2231,1269,0.5688032272523532,2868,1438,0.50139470013947
Eastern Cape,Ward 21002001,EC102,EC102 - Blue Crane Route,EC102 - Blue Crane Route,3363,1725,0.5129348795718108,2702,1417,0.5244263508512214
Eastern Cape,Ward 21002002,EC102,EC102 - Blue Crane Route,EC102 - Blue Crane Route,3654,2407,0.6587301587301587,3717,2119,0.5700834005918751
Eastern Cape,Ward 21002003,EC102,EC102 - Blue Crane Route,EC102 - Blue Crane Route,3209,1924,0.5995637270177625,3136,1558,0.4968112244897959
Eastern Cape,Ward 21002004,EC102,EC102 - Blue Crane Route,EC102 - Blue Crane Route,2858,1769,0.6189643107067879,2781,1667,0.5994246673858324
Eastern Cape,Ward 21002005,EC102,EC102 - Blue Crane Route,EC102 - Blue Crane Route,3167,2130,0.6725607830754657,3078,1587,0.5155945419103314
Eastern Cape,Ward 21002006,EC102,EC102 - Blue Crane Route,EC102 - Blue Crane Route,2121,1217,0.5737859500235738,2453,1057,0.430900937627395
Eastern Cape,Ward 21004001,EC104,EC104 - Makana,EC104 - Makana,2129,1312,0.6162517613903241,2278,1074,0.47146619841966636
Eastern Cape,Ward 21004002,EC104,EC104 - Makana,EC104 - Makana,3042,1489,0.48948060486522027,2640,1268,0.4803030303030303
Eastern Cape,Ward 21004003,EC104,EC104 - Makana,EC104 - Makana,3979,1952,0.49057552148781103,4045,1593,0.3938195302843016
Eastern Cape,Ward 21004004,EC104,EC104 - Makana,EC104 - Makana,4900,2920,0.5959183673469388,5274,2383,0.45183921122487675
Eastern Cape,Ward 21004005,EC104,EC104 - Makana,EC104 - Makana,3780,1913,0.5060846560846561,3783,1738,0.4594237377742532
Eastern Cape,Ward 21004006,EC104,EC104 - Makana,EC104 - Makana,2841,1674,0.5892291446673706,2746,1324,0.48215586307356156
Eastern Cape,Ward 21004007,EC104,EC104 - Makana,EC104 - Makana,3465,1496,0.43174603174603177,2930,1222,0.41706484641638225
Eastern Cape,Ward 21004008,EC104,EC104 - Makana,EC104 - Makana,2554,1415,0.5540328895849648,3033,1186,0.3910319815364326
Eastern Cape,Ward 21004009,EC104,EC104 - Makana,EC104 - Makana,2757,1434,0.5201305767138193,2377,1086,0.45687841817416913
Eastern Cape,Ward 21004010,EC104,EC104 - Makana,EC104 - Makana,3428,1761,0.5137106184364061,3045,1317,0.432512315270936
Eastern Cape,Ward 21004011,EC104,EC104 - Makana,EC104 - Makana,3325,1717,0.5163909774436091,2994,1386,0.46292585170340683
Eastern Cape,Ward 21004012,EC104,EC104 - Makana,EC104 - Makana,4139,1646,0.39768059917854554,2541,470,0.18496654860291223
Eastern Cape,Ward 21004013,EC104,EC104 - Makana,EC104 - Makana,3079,1062,0.34491718090289053,2913,1357,0.46584277377274286
Eastern Cape,Ward 21004014,EC104,EC104 - Makana,EC104 - Makana,2980,1737,0.5828859060402685,3065,1816,0.5924959216965743
Eastern Cape,Ward 21005001,EC105,EC105 - Ndlambe,EC105 - Ndlambe,3925,2534,0.6456050955414012,3614,2213,0.6123408965135584
Eastern Cape,Ward 21005002,EC105,EC105 - Ndlambe,EC105 - Ndlambe,2632,1792,0.6808510638297872,2655,1466,0.552165725047081
Eastern Cape,Ward 21005003,EC105,EC105 - Ndlambe,EC105 - Ndlambe,3727,2629,0.7053930775422592,3608,2038,0.5648558758314856
Eastern Cape,Ward 21005004,EC105,EC105 - Ndlambe,EC105 - Ndlambe,3464,2567,0.7410508083140878,3453,2153,0.6235157833767738
Eastern Cape,Ward 21005005,EC105,EC105 - Ndlambe,EC105 - Ndlambe,3546,2322,0.6548223350253807,3308,1812,0.5477629987908101
Eastern Cape,Ward 21005006,EC105,EC105 - Ndlambe,EC105 - Ndlambe,2715,1769,0.6515653775322283,4012,2061,0.5137088733798604
Eastern Cape,Ward 21005007,EC105,EC105 - Ndlambe,EC105 - Ndlambe,3045,1889,0.6203612479474548,2933,1564,0.5332424139106716
Eastern Cape,Ward 21005008,EC105,EC105 - Ndlambe,EC105 - Ndlambe,2791,1404,0.5030455034037979,2868,1417,0.49407252440725247
Eastern Cape,Ward 21005009,EC105,EC105 - Ndlambe,EC105 - Ndlambe,4856,3125,0.6435337726523888,2992,1578,0.5274064171122995
Eastern Cape,Ward 21005010,EC105,EC105 - Ndlambe,EC105 - Ndlambe,3754,2477,0.659829515183804,3758,2136,0.5683874401277275
Eastern Cape,Ward 21006001,EC106,EC106 - Sundays River Valley,EC106 - Sundays River Valley,3400,1956,0.5752941176470588,3254,1422,0.43700061462815
Eastern Cape,Ward 21006002,EC106,EC106 - Sundays River Valley,EC106 - Sundays River Valley,3733,2353,0.6303241360835788,3660,1884,0.5147540983606558
Eastern Cape,Ward 21006003,EC106,EC106 - Sundays River Valley,EC106 - Sundays River Valley,3885,2086,0.5369369369369369,3739,1506,0.4027814923776411
Eastern Cape,Ward 21006004,EC106,EC106 - Sundays River Valley,EC106 - Sundays River Valley,2736,1583,0.5785818713450293,3282,1551,0.4725776965265082
Eastern Cape,Ward 21006005,EC106,EC106 - Sundays River Valley,EC106 - Sundays River Valley,3442,2087,0.6063335270191749,2026,871,0.4299111549851925
Eastern Cape,Ward 21006006,EC106,EC106 - Sundays River Valley,EC106 - Sundays River Valley,2760,1587,0.575,2024,925,0.45701581027667987
Eastern Cape,Ward 21006007,EC106,EC106 - Sundays River Valley,EC106 - Sundays River Valley,2973,1626,0.5469223007063572,2752,1215,0.4414970930232558
Eastern Cape,Ward 21006008,EC106,EC106 - Sundays River Valley,EC106 - Sundays River Valley,2910,1622,0.5573883161512028,4297,2221,0.5168722364440307
Eastern Cape,Ward 21008001,EC108,EC108 - Kouga,EC108 - Kouga,2838,1947,0.686046511627907,3653,1895,0.5187517109225295
Eastern Cape,Ward 21008002,EC108,EC108 - Kouga,EC108 - Kouga,4167,2373,0.5694744420446364,5229,3215,0.6148403136354944
Eastern Cape,Ward 21008003,EC108,EC108 - Kouga,EC108 - Kouga,2489,1695,0.680996384089996,3124,2144,0.6862996158770807
Eastern Cape,Ward 21008004,EC108,EC108 - Kouga,EC108 - Kouga,3571,2061,0.5771492579109493,3687,1838,0.49850827230810957
Eastern Cape,Ward 21008005,EC108,EC108 - Kouga,EC108 - Kouga,3589,2336,0.6508776818055169,3797,2199,0.5791414274427179
Eastern Cape,Ward 21008006,EC108,EC108 - Kouga,EC108 - Kouga,3859,2379,0.6164809536149262,5032,2496,0.4960254372019078
Eastern Cape,Ward 21008007,EC108,EC108 - Kouga,EC108 - Kouga,4071,2823,0.6934414148857775,4194,2414,0.5755841678588459
Eastern Cape,Ward 21008008,EC108,EC108 - Kouga,EC108 - Kouga,5179,4215,0.8138636802471519,5269,3394,0.6441449990510534
Eastern Cape,Ward 21008009,EC108,EC108 - Kouga,EC108 - Kouga,4133,2583,0.6249697556254536,4052,2083,0.5140671273445212
Eastern Cape,Ward 21008010,EC108,EC108 - Kouga,EC108 - Kouga,4026,2326,0.5777446597118728,3875,2031,0.5241290322580645
Eastern Cape,Ward 21008011,EC108,EC108 - Kouga,EC108 - Kouga,2721,1842,0.6769570011025359,3015,1890,0.6268656716417911
Eastern Cape,Ward 21008012,EC108,EC108 - Kouga,EC108 - Kouga,3695,2389,0.6465493910690122,3744,2565,0.6850961538461539
Eastern Cape,Ward 21008013,EC108,EC108 - Kouga,EC108 - Kouga,4451,3061,0.6877106268254325,4195,2332,0.5558998808104887
Eastern Cape,Ward 21008014,EC108,EC108 - Kouga,EC108 - Kouga,5338,3758,0.7040089921318846,4895,2366,0.48335035750766087
Eastern Cape,Ward 21008015,EC108,EC108 - Kouga,EC108 - Kouga,4018,2628,0.6540567446490791,2811,1620,0.576307363927428
Eastern Cape,Ward 21009001,EC109,EC109 - Kou-Kamma,EC109 - Kou-Kamma,4414,2356,0.5337562301767105,3481,1817,0.5219764435507038
Eastern Cape,Ward 21009002,EC109,EC109 - Kou-Kamma,EC109 - Kou-Kamma,3188,2087,0.654642409033877,3412,1574,0.46131301289566234
Eastern Cape,Ward 21009003,EC109,EC109 - Kou-Kamma,EC109 - Kou-Kamma,3056,1775,0.580824607329843,3001,1747,0.5821392869043652
Eastern Cape,Ward 21009004,EC109,EC109 - Kou-Kamma,EC109 - Kou-Kamma,3034,1888,0.6222808174027686,3043,1678,0.5514295103516267
Eastern Cape,Ward 21009005,EC109,EC109 - Kou-Kamma,EC109 - Kou-Kamma,3604,2133,0.591842397336293,3608,1687,0.4675720620842572
Eastern Cape,Ward 21009006,EC109,EC109 - Kou-Kamma,EC109 - Kou-Kamma,3117,1866,0.5986525505293552,4100,2088,0.5092682926829268
Eastern Cape,Ward 21201001,EC121,EC121 - Mbhashe,EC121 - Mbhashe,4359,1593,0.36545079146593257,4530,1407,0.31059602649006623
Eastern Cape,Ward 21201002,EC121,EC121 - Mbhashe,EC121 - Mbhashe,4206,2386,0.567284831193533,4058,1948,0.48003942828979795
Eastern Cape,Ward 21201003,EC121,EC121 - Mbhashe,EC121 - Mbhashe,4288,2357,0.5496735074626866,3671,1742,0.4745301007899755
Eastern Cape,Ward 21201004,EC121,EC121 - Mbhashe,EC121 - Mbhashe,4922,2619,0.5321007720438846,4115,1725,0.41919805589307413
Eastern Cape,Ward 21201005,EC121,EC121 - Mbhashe,EC121 - Mbhashe,3864,1906,0.4932712215320911,4151,1891,0.45555287882437967
Eastern Cape,Ward 21201006,EC121,EC121 - Mbhashe,EC121 - Mbhashe,4244,2251,0.5303958529688972,3988,1877,0.4706619859578736
Eastern Cape,Ward 21201007,EC121,EC121 - Mbhashe,EC121 - Mbhashe,4400,2281,0.5184090909090909,3601,1660,0.4609830602610386
Eastern Cape,Ward 21201008,EC121,EC121 - Mbhashe,EC121 - Mbhashe,4099,2300,0.5611124664552329,3795,1643,0.4329380764163373
Eastern Cape,Ward 21201009,EC121,EC121 - Mbhashe,EC121 - Mbhashe,4903,2484,0.5066285947379155,4279,1568,0.36644075718625846
Eastern Cape,Ward 21201010,EC121,EC121 - Mbhashe,EC121 - Mbhashe,3610,1986,0.5501385041551247,3488,1529,0.43836009174311924
Eastern Cape,Ward 21201011,EC121,EC121 - Mbhashe,EC121 - Mbhashe,4707,2570,0.5459953261100489,3896,1948,0.5
Eastern Cape,Ward 21201012,EC121,EC121 - Mbhashe,EC121 - Mbhashe,3550,1965,0.5535211267605634,3181,1471,0.4624331971078277
Eastern Cape,Ward 21201013,EC121,EC121 - Mbhashe,EC121 - Mbhashe,4115,1963,0.47703523693803157,3883,1609,0.4143703322173577
Eastern Cape,Ward 21201014,EC121,EC121 - Mbhashe,EC121 - Mbhashe,4176,2485,0.5950670498084292,3476,2038,0.5863060989643268
Eastern Cape,Ward 21201015,EC121,EC121 - Mbhashe,EC121 - Mbhashe,3699,1966,0.5314949986482833,3498,1657,0.47369925671812463
Eastern Cape,Ward 21201016,EC121,EC121 - Mbhashe,EC121 - Mbhashe,3868,2143,0.5540330920372285,3863,1845,0.4776080766243852
Eastern Cape,Ward 21201017,EC121,EC121 - Mbhashe,EC121 - Mbhashe,4550,2254,0.49538461538461537,3999,1746,0.436609152288072
Eastern Cape,Ward 21201018,EC121,EC121 - Mbhashe,EC121 - Mbhashe,3661,1901,0.5192570335973777,4187,2009,0.479818485789348
Eastern Cape,Ward 21201019,EC121,EC121 - Mbhashe,EC121 - Mbhashe,4168,1952,0.46833013435700577,4425,1838,0.4153672316384181
Eastern Cape,Ward 21201020,EC121,EC121 - Mbhashe,EC121 - Mbhashe,3928,2114,0.5381873727087576,4321,2039,0.47188150890997455
Eastern Cape,Ward 21201021,EC121,EC121 - Mbhashe,EC121 - Mbhashe,3300,1772,0.536969696969697,3408,1539,0.4515845070422535
Eastern Cape,Ward 21201022,EC121,EC121 - Mbhashe,EC121 - Mbhashe,3555,2241,0.6303797468354431,3513,1762,0.5015656134358099
Eastern Cape,Ward 21201023,EC121,EC121 - Mbhashe,EC121 - Mbhashe,4316,2556,0.5922150139017609,4072,1997,0.4904223968565815
Eastern Cape,Ward 21201024,EC121,EC121 - Mbhashe,EC121 - Mbhashe,3464,1903,0.549364896073903,3437,1666,0.4847250509164969
Eastern Cape,Ward 21201025,EC121,EC121 - Mbhashe,EC121 - Mbhashe,4742,2366,0.49894559257697174,4021,1594,0.39641880129321067
Eastern Cape,Ward 21201026,EC121,EC121 - Mbhashe,EC121 - Mbhashe,3479,1784,0.5127910319057201,3345,1874,0.5602391629297458
Eastern Cape,Ward 21201027,EC121,EC121 - Mbhashe,EC121 - Mbhashe,3661,2104,0.5747063643813166,3537,1625,0.45942889454339836
Eastern Cape,Ward 21201028,EC121,EC121 - Mbhashe,EC121 - Mbhashe,4261,2180,0.5116169913165923,3952,1873,0.47393724696356276
Eastern Cape,Ward 21201029,EC121,EC121 - Mbhashe,EC121 - Mbhashe,3739,2290,0.6124632254613533,3487,2029,0.5818755377114998
Eastern Cape,Ward 21201030,EC121,EC121 - Mbhashe,EC121 - Mbhashe,3812,2059,0.5401364113326338,3386,1510,0.4459539279385706
Eastern Cape,Ward 21201031,EC121,EC121 - Mbhashe,EC121 - Mbhashe,3487,1974,0.5661026670490393,3845,1961,0.5100130039011703
Eastern Cape,Ward 21201032,EC121,EC121 - Mbhashe,EC121 - Mbhashe,4788,2829,0.5908521303258145,4025,1958,0.48645962732919257
Eastern Cape,Ward 21202001,EC122,EC122 - Mnquma,EC122 - Mnquma,4497,1879,0.4178341116299755,4156,1079,0.25962463907603467
Eastern Cape,Ward 21202002,EC122,EC122 - Mnquma,EC122 - Mnquma,4146,1956,0.4717800289435601,3964,1349,0.34031281533804236
Eastern Cape,Ward 21202003,EC122,EC122 - Mnquma,EC122 - Mnquma,3782,1726,0.45637228979375993,3758,1261,0.33555082490686533
Eastern Cape,Ward 21202004,EC122,EC122 - Mnquma,EC122 - Mnquma,4124,1750,0.4243452958292919,4202,1486,0.35364112327463115
Eastern Cape,Ward 21202005,EC122,EC122 - Mnquma,EC122 - Mnquma,4335,1762,0.40645905420991923,4305,1371,0.3184668989547038
Eastern Cape,Ward 21202006,EC122,EC122 - Mnquma,EC122 - Mnquma,3796,1295,0.3411485774499473,3917,886,0.226193515445494
Eastern Cape,Ward 21202007,EC122,EC122 - Mnquma,EC122 - Mnquma,3965,1781,0.4491803278688525,3860,1315,0.34067357512953367
Eastern Cape,Ward 21202008,EC122,EC122 - Mnquma,EC122 - Mnquma,3766,1940,0.5151354221986192,3831,1757,0.45862699034194726
Eastern Cape,Ward 21202009,EC122,EC122 - Mnquma,EC122 - Mnquma,3700,1860,0.5027027027027027,3582,1387,0.387213847012842
Eastern Cape,Ward 21202010,EC122,EC122 - Mnquma,EC122 - Mnquma,3635,1906,0.5243466299862448,3309,1668,0.5040797824116047
Eastern Cape,Ward 21202011,EC122,EC122 - Mnquma,EC122 - Mnquma,4385,2417,0.5511972633979475,4128,1893,0.4585755813953488
Eastern Cape,Ward 21202012,EC122,EC122 - Mnquma,EC122 - Mnquma,4068,2180,0.5358898721730581,3974,1916,0.4821338701560141
Eastern Cape,Ward 21202013,EC122,EC122 - Mnquma,EC122 - Mnquma,3738,2046,0.5473515248796148,3565,1619,0.4541374474053296
Eastern Cape,Ward 21202014,EC122,EC122 - Mnquma,EC122 - Mnquma,3984,2123,0.5328815261044176,3736,1805,0.48313704496788007
Eastern Cape,Ward 21202015,EC122,EC122 - Mnquma,EC122 - Mnquma,3662,2073,0.5660841070453304,3397,1596,0.4698263173388284
Eastern Cape,Ward 21202016,EC122,EC122 - Mnquma,EC122 - Mnquma,4277,2391,0.5590367079728782,3867,1729,0.44711662787690715
Eastern Cape,Ward 21202017,EC122,EC122 - Mnquma,EC122 - Mnquma,3885,2006,0.5163449163449163,3493,1533,0.43887775551102204
Eastern Cape,Ward 21202018,EC122,EC122 - Mnquma,EC122 - Mnquma,3813,2061,0.5405192761605035,3851,1860,0.48299143079719553
Eastern Cape,Ward 21202019,EC122,EC122 - Mnquma,EC122 - Mnquma,3689,1978,0.5361886690159935,3511,1669,0.4753631444033039
Eastern Cape,Ward 21202020,EC122,EC122 - Mnquma,EC122 - Mnquma,4048,2207,0.545207509881423,3722,1689,0.453788285867813
Eastern Cape,Ward 21202021,EC122,EC122 - Mnquma,EC122 - Mnquma,3786,1991,0.5258848388800845,3999,1497,0.3743435858964741
Eastern Cape,Ward 21202022,EC122,EC122 - Mnquma,EC122 - Mnquma,4027,2202,0.5468090389868389,3780,1722,0.45555555555555555
Eastern Cape,Ward 21202023,EC122,EC122 - Mnquma,EC122 - Mnquma,4017,2217,0.5519044062733384,3663,1587,0.4332514332514332
Eastern Cape,Ward 21202024,EC122,EC122 - Mnquma,EC122 - Mnquma,4758,2655,0.5580075662042875,4002,2086,0.5212393803098451
Eastern Cape,Ward 21202025,EC122,EC122 - Mnquma,EC122 - Mnquma,3965,2203,0.5556116015132408,3682,1547,0.42015209125475284
Eastern Cape,Ward 21202026,EC122,EC122 - Mnquma,EC122 - Mnquma,4334,2103,0.4852330410706045,3565,1544,0.43309957924263676
Eastern Cape,Ward 21202027,EC122,EC122 - Mnquma,EC122 - Mnquma,4525,2512,0.5551381215469613,4261,2120,0.4975357897207228
Eastern Cape,Ward 21202028,EC122,EC122 - Mnquma,EC122 - Mnquma,4324,2427,0.5612858464384829,3465,1620,0.4675324675324675
Eastern Cape,Ward 21202029,EC122,EC122 - Mnquma,EC122 - Mnquma,4377,2274,0.5195339273474983,3628,1742,0.480154355016538
Eastern Cape,Ward 21202030,EC122,EC122 - Mnquma,EC122 - Mnquma,4330,2200,0.5080831408775982,3562,1473,0.41353172375070185
Eastern Cape,Ward 21202031,EC122,EC122 - Mnquma,EC122 - Mnquma,4457,2358,0.5290554184428988,3492,1438,0.4117983963344788
Eastern Cape,Ward 21203001,EC123,EC123 - Great Kei,EC123 - Great Kei,2528,1887,0.7464398734177216,3111,2027,0.6515589842494375
Eastern Cape,Ward 21203002,EC123,EC123 - Great Kei,EC123 - Great Kei,2185,1327,0.6073226544622425,2493,939,0.3766546329723225
Eastern Cape,Ward 21203003,EC123,EC123 - Great Kei,EC123 - Great Kei,2612,1635,0.6259571209800919,2159,1187,0.5497915701713756
Eastern Cape,Ward 21203004,EC123,EC123 - Great Kei,EC123 - Great Kei,2677,1518,0.5670526709002615,2234,1179,0.52775290957923
Eastern Cape,Ward 21203005,EC123,EC123 - Great Kei,EC123 - Great Kei,2283,1538,0.6736749890494963,2469,1590,0.6439854191980559
Eastern Cape,Ward 21203006,EC123,EC123 - Great Kei,EC123 - Great Kei,2692,1467,0.5449479940564635,2644,1465,0.5540847201210287
Eastern Cape,Ward 21203007,EC123,EC123 - Great Kei,EC123 - Great Kei,2708,1529,0.5646233382570163,2825,1497,0.5299115044247787
Eastern Cape,Ward 21204001,EC124,EC124 - Amahlathi,EC124 - Amahlathi,3199,1525,0.47671147233510475,3120,1160,0.3717948717948718
Eastern Cape,Ward 21204002,EC124,EC124 - Amahlathi,EC124 - Amahlathi,3184,1638,0.5144472361809045,2825,1231,0.43575221238938056
Eastern Cape,Ward 21204003,EC124,EC124 - Amahlathi,EC124 - Amahlathi,3596,1721,0.478587319243604,3274,1367,0.4175320708613317
Eastern Cape,Ward 21204004,EC124,EC124 - Amahlathi,EC124 - Amahlathi,3240,1851,0.5712962962962963,2893,1268,0.438299343242309
Eastern Cape,Ward 21204005,EC124,EC124 - Amahlathi,EC124 - Amahlathi,3883,2269,0.5843420036054597,3799,1845,0.48565411950513293
Eastern Cape,Ward 21204006,EC124,EC124 - Amahlathi,EC124 - Amahlathi,3693,2038,0.5518548605469807,3525,1735,0.4921985815602837
Eastern Cape,Ward 21204007,EC124,EC124 - Amahlathi,EC124 - Amahlathi,3481,2122,0.6095949439816145,3171,1794,0.565752128666036
Eastern Cape,Ward 21204008,EC124,EC124 - Amahlathi,EC124 - Amahlathi,3589,1261,0.35135135135135137,3414,1789,0.5240187463386058
Eastern Cape,Ward 21204009,EC124,EC124 - Amahlathi,EC124 - Amahlathi,3806,2272,0.5969521807672097,3619,1974,0.5454545454545454
Eastern Cape,Ward 21204010,EC124,EC124 - Amahlathi,EC124 - Amahlathi,3140,1605,0.5111464968152867,2857,1313,0.45957297864893243
Eastern Cape,Ward 21204011,EC124,EC124 - Amahlathi,EC124 - Amahlathi,3452,1740,0.5040556199304751,3222,1294,0.4016139044072005
Eastern Cape,Ward 21204012,EC124,EC124 - Amahlathi,EC124 - Amahlathi,3737,2188,0.5854963874765855,3551,1713,0.48239932413404674
Eastern Cape,Ward 21204013,EC124,EC124 - Amahlathi,EC124 - Amahlathi,4122,2730,0.6622998544395924,3913,2082,0.5320725785842065
Eastern Cape,Ward 21204014,EC124,EC124 - Amahlathi,EC124 - Amahlathi,3495,1915,0.547925608011445,3277,1362,0.4156240463838877
Eastern Cape,Ward 21204015,EC124,EC124 - Amahlathi,EC124 - Amahlathi,3328,1907,0.5730168269230769,3050,1469,0.4816393442622951
Eastern Cape,Ward 21206001,EC126,EC126 - Ngqushwa,EC126 - Ngqushwa,3376,1951,0.5779028436018957,3132,1701,0.5431034482758621
Eastern Cape,Ward 21206002,EC126,EC126 - Ngqushwa,EC126 - Ngqushwa,3457,2028,0.5866358113971651,2720,1465,0.5386029411764706
Eastern Cape,Ward 21206003,EC126,EC126 - Ngqushwa,EC126 - Ngqushwa,3369,1959,0.5814781834372217,3005,1479,0.49217970049916804
Eastern Cape,Ward 21206004,EC126,EC126 - Ngqushwa,EC126 - Ngqushwa,3024,1656,0.5476190476190477,2887,1245,0.43124350536889505
Eastern Cape,Ward 21206005,EC126,EC126 - Ngqushwa,EC126 - Ngqushwa,3247,1850,0.5697566984909147,3066,1628,0.5309849967384214
Eastern Cape,Ward 21206006,EC126,EC126 - Ngqushwa,EC126 - Ngqushwa,3174,1685,0.5308758664146188,2933,1434,0.48891919536310946
Eastern Cape,Ward 21206007,EC126,EC126 - Ngqushwa,EC126 - Ngqushwa,3159,1890,0.5982905982905983,2942,1379,0.46872875594833446
Eastern Cape,Ward 21206008,EC126,EC126 - Ngqushwa,EC126 - Ngqushwa,3501,1735,0.49557269351613825,3386,1602,0.4731246308328411
Eastern Cape,Ward 21206009,EC126,EC126 - Ngqushwa,EC126 - Ngqushwa,3007,1712,0.5693382108413702,3064,1668,0.5443864229765013
Eastern Cape,Ward 21206010,EC126,EC126 - Ngqushwa,EC126 - Ngqushwa,3356,2043,0.6087604290822408,2748,1440,0.5240174672489083
Eastern Cape,Ward 21206011,EC126,EC126 - Ngqushwa,EC126 - Ngqushwa,2866,1805,0.6297976273551988,2733,1635,0.5982436882546652
Eastern Cape,Ward 21206012,EC126,EC126 - Ngqushwa,EC126 - Ngqushwa,3409,2036,0.597242593135817,3230,2147,0.6647058823529411
Eastern Cape,Ward 21209001,EC129,EC129 - Nkonkobe/Nxuba,EC129 - Raymond Mhlaba,3063,1809,0.5905974534769833,2994,1572,0.5250501002004008
Eastern Cape,Ward 21209002,EC129,EC129 - Nkonkobe/Nxuba,EC129 - Raymond Mhlaba,3329,1735,0.521177530790027,3407,1496,0.43909597886703844
Eastern Cape,Ward 21209003,EC129,EC129 - Nkonkobe/Nxuba,EC129 - Raymond Mhlaba,3953,2235,0.5653933721224387,3071,1744,0.5678931943992185
Eastern Cape,Ward 21209004,EC129,EC129 - Nkonkobe/Nxuba,EC129 - Raymond Mhlaba,3306,1969,0.5955837870538415,3159,1382,0.437480215257993
Eastern Cape,Ward 21209005,EC129,EC129 - Nkonkobe/Nxuba,EC129 - Raymond Mhlaba,3142,1604,0.5105028644175684,3496,1547,0.44250572082379863
Eastern Cape,Ward 21209006,EC129,EC129 - Nkonkobe/Nxuba,EC129 - Raymond Mhlaba,3144,1538,0.4891857506361323,3211,1341,0.41762690750545
Eastern Cape,Ward 21209007,EC129,EC129 - Nkonkobe/Nxuba,EC129 - Raymond Mhlaba,3109,1539,0.49501447410743005,2953,1615,0.5469014561462919
Eastern Cape,Ward 21209008,EC129,EC129 - Nkonkobe/Nxuba,EC129 - Raymond Mhlaba,4209,2382,0.5659301496792587,3864,1745,0.45160455486542445
Eastern Cape,Ward 21209009,EC129,EC129 - Nkonkobe/Nxuba,EC129 - Raymond Mhlaba,3750,2131,0.5682666666666667,3793,1771,0.4669127339836541
Eastern Cape,Ward 21209010,EC129,EC129 - Nkonkobe/Nxuba,EC129 - Raymond Mhlaba,3655,2104,0.5756497948016416,3533,2018,0.5711859609397113
Eastern Cape,Ward 21209011,EC129,EC129 - Nkonkobe/Nxuba,EC129 - Raymond Mhlaba,4476,1659,0.37064343163538876,3627,435,0.11993382961124896
Eastern Cape,Ward 21209012,EC129,EC129 - Nkonkobe/Nxuba,EC129 - Raymond Mhlaba,3754,2136,0.5689930740543421,3579,1944,0.5431684828164292
Eastern Cape,Ward 21209013,EC129,EC129 - Nkonkobe/Nxuba,EC129 - Raymond Mhlaba,3139,1999,0.6368270149729213,2759,1524,0.5523740485683218
Eastern Cape,Ward 21209014,EC129,EC129 - Nkonkobe/Nxuba,EC129 - Raymond Mhlaba,3811,2212,0.5804250852794542,3428,1595,0.4652858809801634
Eastern Cape,Ward 21209015,EC129,EC129 - Nkonkobe/Nxuba,EC129 - Raymond Mhlaba,3285,1874,0.5704718417047184,3458,1717,0.4965297860034702
Eastern Cape,Ward 21209016,EC129,EC129 - Nkonkobe/Nxuba,EC129 - Raymond Mhlaba,3861,2111,0.5467495467495468,3536,1756,0.49660633484162897
Eastern Cape,Ward 21209017,EC129,EC129 - Nkonkobe/Nxuba,EC129 - Raymond Mhlaba,3593,2036,0.566657389368216,3004,1435,0.47769640479360853
Eastern Cape,Ward 21209018,EC129,EC129 - Nkonkobe/Nxuba,EC129 - Raymond Mhlaba,3105,1621,0.5220611916264091,2976,1362,0.4576612903225806
Eastern Cape,Ward 21209019,EC129,EC129 - Nkonkobe/Nxuba,EC129 - Raymond Mhlaba,3999,2240,0.5601400350087522,3740,1898,0.5074866310160427
Eastern Cape,Ward 21209020,EC129,EC129 - Nkonkobe/Nxuba,EC129 - Raymond Mhlaba,3177,1850,0.5823103556814605,3306,1871,0.5659407138535996
Eastern Cape,Ward 21209021,EC129,EC129 - Nkonkobe/Nxuba,EC129 - Raymond Mhlaba,3792,2258,0.5954641350210971,3862,2071,0.5362506473329881
Eastern Cape,Ward 21209022,EC129,EC129 - Nkonkobe/Nxuba,EC129 - Raymond Mhlaba,3458,1901,0.5497397339502602,3380,1725,0.5103550295857988
Eastern Cape,Ward 21209023,EC129,EC129 - Nkonkobe/Nxuba,EC129 - Raymond Mhlaba,4853,2607,0.537193488563775,4725,2381,0.5039153439153439
Eastern Cape,Ward 21301001,EC131,EC131 - Inxuba Yethemba,EC131 - Inxuba Yethemba,3495,2071,0.5925608011444922,3339,1721,0.515423779574723
Eastern Cape,Ward 21301002,EC131,EC131 - Inxuba Yethemba,EC131 - Inxuba Yethemba,2923,1654,0.5658569962367431,2601,1182,0.4544405997693195
Eastern Cape,Ward 21301003,EC131,EC131 - Inxuba Yethemba,EC131 - Inxuba Yethemba,2909,1735,0.5964248882777586,2841,1411,0.49665610700457585
Eastern Cape,Ward 21301004,EC131,EC131 - Inxuba Yethemba,EC131 - Inxuba Yethemba,3660,1991,0.5439890710382513,3361,1574,0.4683130020827135
Eastern Cape,Ward 21301005,EC131,EC131 - Inxuba Yethemba,EC131 - Inxuba Yethemba,3173,1994,0.6284273558146865,3221,1850,0.5743557901272897
Eastern Cape,Ward 21301006,EC131,EC131 - Inxuba Yethemba,EC131 - Inxuba Yethemba,3360,1774,0.5279761904761905,3359,1462,0.43524858588865734
Eastern Cape,Ward 21301007,EC131,EC131 - Inxuba Yethemba,EC131 - Inxuba Yethemba,3295,1670,0.5068285280728376,3000,1399,0.4663333333333333
Eastern Cape,Ward 21301008,EC131,EC131 - Inxuba Yethemba,EC131 - Inxuba Yethemba,4705,2521,0.5358129649309246,4218,2002,0.4746325272641062
Eastern Cape,Ward 21301009,EC131,EC131 - Inxuba Yethemba,EC131 - Inxuba Yethemba,3387,2155,0.6362562739887806,3751,2021,0.5387896560917089
Eastern Cape,Ward 21305001,EC135,EC135 - Intsika Yethu,EC135 - Intsika Yethu,4232,2532,0.5982986767485823,4086,2121,0.5190895741556535
Eastern Cape,Ward 21305002,EC135,EC135 - Intsika Yethu,EC135 - Intsika Yethu,3466,2154,0.621465666474322,3245,1572,0.48443759630200306
Eastern Cape,Ward 21305003,EC135,EC135 - Intsika Yethu,EC135 - Intsika Yethu,4421,2798,0.6328884867676996,3526,1781,0.505104934770278
Eastern Cape,Ward 21305004,EC135,EC135 - Intsika Yethu,EC135 - Intsika Yethu,4170,2599,0.6232613908872902,3976,2288,0.5754527162977867
Eastern Cape,Ward 21305005,EC135,EC135 - Intsika Yethu,EC135 - Intsika Yethu,3694,2211,0.5985381700054142,3523,1722,0.48878796480272496
Eastern Cape,Ward 21305006,EC135,EC135 - Intsika Yethu,EC135 - Intsika Yethu,3890,2276,0.5850899742930591,3941,1927,0.4889621923369703
Eastern Cape,Ward 21305007,EC135,EC135 - Intsika Yethu,EC135 - Intsika Yethu,3991,2274,0.5697820095214232,4032,2219,0.5503472222222222
Eastern Cape,Ward 21305008,EC135,EC135 - Intsika Yethu,EC135 - Intsika Yethu,3957,2295,0.5799848369977255,3864,1844,0.4772256728778468
Eastern Cape,Ward 21305009,EC135,EC135 - Intsika Yethu,EC135 - Intsika Yethu,3312,1799,0.5431763285024155,3335,1647,0.49385307346326834
Eastern Cape,Ward 21305010,EC135,EC135 - Intsika Yethu,EC135 - Intsika Yethu,3318,1916,0.5774562989752863,3168,1720,0.5429292929292929
Eastern Cape,Ward 21305011,EC135,EC135 - Intsika Yethu,EC135 - Intsika Yethu,3377,1980,0.5863192182410424,3221,1651,0.5125737348649487
Eastern Cape,Ward 21305012,EC135,EC135 - Intsika Yethu,EC135 - Intsika Yethu,3395,1850,0.5449189985272459,3527,1270,0.36007938758151403
Eastern Cape,Ward 21305013,EC135,EC135 - Intsika Yethu,EC135 - Intsika Yethu,4126,2283,0.5533204071740184,4197,1900,0.4527043126042411
Eastern Cape,Ward 21305014,EC135,EC135 - Intsika Yethu,EC135 - Intsika Yethu,4203,2129,0.5065429455151083,4100,1464,0.3570731707317073
Eastern Cape,Ward 21305015,EC135,EC135 - Intsika Yethu,EC135 - Intsika Yethu,3213,1814,0.5645813881107998,3176,1595,0.5022040302267002
Eastern Cape,Ward 21305016,EC135,EC135 - Intsika Yethu,EC135 - Intsika Yethu,3236,1833,0.5664400494437577,3071,1511,0.49202214262455224
Eastern Cape,Ward 21305017,EC135,EC135 - Intsika Yethu,EC135 - Intsika Yethu,3470,1935,0.5576368876080692,3389,1567,0.4623782826792564
Eastern Cape,Ward 21305018,EC135,EC135 - Intsika Yethu,EC135 - Intsika Yethu,3404,1973,0.5796122209165687,3340,1525,0.4565868263473054
Eastern Cape,Ward 21305019,EC135,EC135 - Intsika Yethu,EC135 - Intsika Yethu,3600,1995,0.5541666666666667,3183,1688,0.5303173107131637
Eastern Cape,Ward 21305020,EC135,EC135 - Intsika Yethu,EC135 - Intsika Yethu,4069,2433,0.5979356107151634,3933,2050,0.5212306127637936
Eastern Cape,Ward 21305021,EC135,EC135 - Intsika Yethu,EC135 - Intsika Yethu,3394,2062,0.6075427224513847,3265,1787,0.5473200612557427
Eastern Cape,Ward 21306001,EC136,EC136 - Emalahleni,EC136 - Emalahleni,3713,2877,0.7748451387018583,3537,1943,0.5493355951371218
Eastern Cape,Ward 21306002,EC136,EC136 - Emalahleni,EC136 - Emalahleni,3437,2084,0.6063427407622927,3266,1907,0.5838946723821188
Eastern Cape,Ward 21306003,EC136,EC136 - Emalahleni,EC136 - Emalahleni,4004,2341,0.5846653346653347,3766,1808,0.4800849707912905
Eastern Cape,Ward 21306004,EC136,EC136 - Emalahleni,EC136 - Emalahleni,3548,1934,0.5450958286358512,3494,1577,0.45134516313680595
Eastern Cape,Ward 21306005,EC136,EC136 - Emalahleni,EC136 - Emalahleni,4081,2368,0.5802499387405048,3957,2167,0.5476370988122314
Eastern Cape,Ward 21306006,EC136,EC136 - Emalahleni,EC136 - Emalahleni,3754,2337,0.6225359616409164,3738,1996,0.5339753879079722
Eastern Cape,Ward 21306007,EC136,EC136 - Emalahleni,EC136 - Emalahleni,3854,2099,0.5446289569278672,3563,1668,0.46814482177939937
Eastern Cape,Ward 21306008,EC136,EC136 - Emalahleni,EC136 - Emalahleni,3875,2294,0.592,3674,1880,0.5117038649972782
Eastern Cape,Ward 21306009,EC136,EC136 - Emalahleni,EC136 - Emalahleni,3885,2280,0.5868725868725869,3512,1943,0.553246013667426
Eastern Cape,Ward 21306010,EC136,EC136 - Emalahleni,EC136 - Emalahleni,3320,2048,0.6168674698795181,3369,1911,0.5672306322350846
Eastern Cape,Ward 21306011,EC136,EC136 - Emalahleni,EC136 - Emalahleni,3622,2066,0.5704030922142462,3715,2053,0.5526244952893674
Eastern Cape,Ward 21306012,EC136,EC136 - Emalahleni,EC136 - Emalahleni,3525,2137,0.6062411347517731,3362,1601,0.47620464009518143
Eastern Cape,Ward 21306013,EC136,EC136 - Emalahleni,EC136 - Emalahleni,3114,1916,0.6152858060372511,3035,1703,0.5611202635914333
Eastern Cape,Ward 21306014,EC136,EC136 - Emalahleni,EC136 - Emalahleni,3355,2113,0.629806259314456,3395,1998,0.5885125184094256
Eastern Cape,Ward 21306015,EC136,EC136 - Emalahleni,EC136 - Emalahleni,3937,2171,0.5514351028702057,3656,1813,0.49589715536105033
Eastern Cape,Ward 21306016,EC136,EC136 - Emalahleni,EC136 - Emalahleni,3255,1775,0.5453149001536098,3137,1513,0.4823079375199235
Eastern Cape,Ward 21306017,EC136,EC136 - Emalahleni,EC136 - Emalahleni,3192,1835,0.574874686716792,3054,1738,0.5690897184020957
Eastern Cape,Ward 21307001,EC137,EC137 - Engcobo,EC137 - Engcobo,3406,1748,0.5132119788608338,3269,1529,0.4677271336800245
Eastern Cape,Ward 21307002,EC137,EC137 - Engcobo,EC137 - Engcobo,3445,1943,0.5640058055152395,3134,1507,0.48085513720485
Eastern Cape,Ward 21307003,EC137,EC137 - Engcobo,EC137 - Engcobo,3238,1739,0.5370599135268684,2977,1490,0.5005038629492778
Eastern Cape,Ward 21307004,EC137,EC137 - Engcobo,EC137 - Engcobo,3668,2075,0.5657033805888768,3522,1646,0.4673480976717774
Eastern Cape,Ward 21307005,EC137,EC137 - Engcobo,EC137 - Engcobo,3231,1721,0.5326524295883628,3038,1631,0.5368663594470046
Eastern Cape,Ward 21307006,EC137,EC137 - Engcobo,EC137 - Engcobo,3459,1687,0.4877132119109569,3460,1953,0.5644508670520231
Eastern Cape,Ward 21307007,EC137,EC137 - Engcobo,EC137 - Engcobo,3955,2169,0.5484197218710493,3564,1527,0.42845117845117847
Eastern Cape,Ward 21307008,EC137,EC137 - Engcobo,EC137 - Engcobo,3416,1931,0.5652810304449649,3199,1597,0.4992185057830572
Eastern Cape,Ward 21307009,EC137,EC137 - Engcobo,EC137 - Engcobo,4134,2036,0.49250120948234155,3904,1748,0.44774590163934425
Eastern Cape,Ward 21307010,EC137,EC137 - Engcobo,EC137 - Engcobo,4180,1842,0.44066985645933016,4053,1463,0.3609671848013817
Eastern Cape,Ward 21307011,EC137,EC137 - Engcobo,EC137 - Engcobo,3116,1336,0.4287548138639281,3571,1377,0.38560627275273035
Eastern Cape,Ward 21307012,EC137,EC137 - Engcobo,EC137 - Engcobo,3499,1873,0.535295798799657,3072,1513,0.4925130208333333
Eastern Cape,Ward 21307013,EC137,EC137 - Engcobo,EC137 - Engcobo,3875,2011,0.5189677419354839,3647,1558,0.4272004387167535
Eastern Cape,Ward 21307014,EC137,EC137 - Engcobo,EC137 - Engcobo,3797,2086,0.5493810903344746,3076,1454,0.4726918075422627
Eastern Cape,Ward 21307015,EC137,EC137 - Engcobo,EC137 - Engcobo,4168,2095,0.5026391554702495,3956,1885,0.4764914054600607
Eastern Cape,Ward 21307016,EC137,EC137 - Engcobo,EC137 - Engcobo,3775,1735,0.4596026490066225,3542,1654,0.46696781479390176
Eastern Cape,Ward 21307017,EC137,EC137 - Engcobo,EC137 - Engcobo,3765,1919,0.5096945551128818,3740,1768,0.4727272727272727
Eastern Cape,Ward 21307018,EC137,EC137 - Engcobo,EC137 - Engcobo,3919,2068,0.5276856340903292,3761,1797,0.47779845785695296
Eastern Cape,Ward 21307019,EC137,EC137 - Engcobo,EC137 - Engcobo,4230,2236,0.5286052009456265,4070,1962,0.48206388206388207
Eastern Cape,Ward 21307020,EC137,EC137 - Engcobo,EC137 - Engcobo,3218,1791,0.5565568676196395,3814,1824,0.47823807026743576
Eastern Cape,Ward 21308001,EC138,EC138 - Sakhisizwe,EC138 - Sakhisizwe,3860,2050,0.5310880829015544,3682,1747,0.4744703965236285
Eastern Cape,Ward 21308002,EC138,EC138 - Sakhisizwe,EC138 - Sakhisizwe,3712,2072,0.5581896551724138,3587,1817,0.5065514357401728
Eastern Cape,Ward 21308003,EC138,EC138 - Sakhisizwe,EC138 - Sakhisizwe,3916,2194,0.5602655771195098,3372,1668,0.49466192170818507
Eastern Cape,Ward 21308004,EC138,EC138 - Sakhisizwe,EC138 - Sakhisizwe,2889,1329,0.46002076843198336,3266,1340,0.4102878138395591
Eastern Cape,Ward 21308005,EC138,EC138 - Sakhisizwe,EC138 - Sakhisizwe,3785,2065,0.5455746367239102,3827,1575,0.4115495165926313
Eastern Cape,Ward 21308006,EC138,EC138 - Sakhisizwe,EC138 - Sakhisizwe,3282,1920,0.5850091407678245,2901,1450,0.49982764563943466
Eastern Cape,Ward 21308007,EC138,EC138 - Sakhisizwe,EC138 - Sakhisizwe,3094,1771,0.5723981900452488,2954,1403,0.474949221394719
Eastern Cape,Ward 21308008,EC138,EC138 - Sakhisizwe,EC138 - Sakhisizwe,2973,1867,0.6279852001345443,3379,1981,0.5862681266646937
Eastern Cape,Ward 21308009,EC138,EC138 - Sakhisizwe,EC138 - Sakhisizwe,3121,1652,0.5293175264338353,3060,1679,0.5486928104575164
Eastern Cape,Ward 21309001,EC139,EC139 - Tsolwana/Inkwanca/Lukanji,EC139 - Enoch Mgijima,3591,1910,0.531885268727374,3486,1422,0.4079173838209983
Eastern Cape,Ward 21309002,EC139,EC139 - Tsolwana/Inkwanca/Lukanji,EC139 - Enoch Mgijima,3540,1792,0.5062146892655367,3212,1435,0.44676214196762143
Eastern Cape,Ward 21309003,EC139,EC139 - Tsolwana/Inkwanca/Lukanji,EC139 - Enoch Mgijima,3269,1764,0.5396145610278372,3067,1617,0.5272253015976525
Eastern Cape,Ward 21309004,EC139,EC139 - Tsolwana/Inkwanca/Lukanji,EC139 - Enoch Mgijima,3282,1745,0.5316879951249238,3168,1548,0.48863636363636365
Eastern Cape,Ward 21309005,EC139,EC139 - Tsolwana/Inkwanca/Lukanji,EC139 - Enoch Mgijima,3292,1470,0.4465370595382746,3225,1127,0.34945736434108526
Eastern Cape,Ward 21309006,EC139,EC139 - Tsolwana/Inkwanca/Lukanji,EC139 - Enoch Mgijima,3582,1892,0.5281965382467895,3525,1520,0.43120567375886526
Eastern Cape,Ward 21309007,EC139,EC139 - Tsolwana/Inkwanca/Lukanji,EC139 - Enoch Mgijima,3481,1611,0.46279804653835105,2911,1192,0.4094812779113707
Eastern Cape,Ward 21309008,EC139,EC139 - Tsolwana/Inkwanca/Lukanji,EC139 - Enoch Mgijima,3481,1813,0.5208273484630853,3205,1334,0.41622464898595946
Eastern Cape,Ward 21309009,EC139,EC139 - Tsolwana/Inkwanca/Lukanji,EC139 - Enoch Mgijima,2485,1531,0.6160965794768611,3312,1575,0.47554347826086957
Eastern Cape,Ward 21309010,EC139,EC139 - Tsolwana/Inkwanca/Lukanji,EC139 - Enoch Mgijima,4500,2636,0.5857777777777777,3657,2022,0.5529122231337161
Eastern Cape,Ward 21309011,EC139,EC139 - Tsolwana/Inkwanca/Lukanji,EC139 - Enoch Mgijima,3049,1441,0.4726139717940308,4041,1819,0.4501361049245236
Eastern Cape,Ward 21309012,EC139,EC139 - Tsolwana/Inkwanca/Lukanji,EC139 - Enoch Mgijima,3179,1311,0.4123938345391633,3880,1763,0.45438144329896907
Eastern Cape,Ward 21309013,EC139,EC139 - Tsolwana/Inkwanca/Lukanji,EC139 - Enoch Mgijima,3889,2065,0.5309848290048855,3675,1415,0.38503401360544215
Eastern Cape,Ward 21309014,EC139,EC139 - Tsolwana/Inkwanca/Lukanji,EC139 - Enoch Mgijima,4530,2092,0.4618101545253863,3273,1271,0.3883287503819126
Eastern Cape,Ward 21309015,EC139,EC139 - Tsolwana/Inkwanca/Lukanji,EC139 - Enoch Mgijima,3484,1761,0.5054535017221584,3874,1644,0.4243675787299948
Eastern Cape,Ward 21309016,EC139,EC139 - Tsolwana/Inkwanca/Lukanji,EC139 - Enoch Mgijima,3593,1819,0.5062621764542166,3148,1169,0.3713468869123253
Eastern Cape,Ward 21309017,EC139,EC139 - Tsolwana/Inkwanca/Lukanji,EC139 - Enoch Mgijima,3913,1819,0.46486072067467415,3581,1248,0.34850600390952247
Eastern Cape,Ward 21309018,EC139,EC139 - Tsolwana/Inkwanca/Lukanji,EC139 - Enoch Mgijima,4099,2492,0.6079531593071481,4139,2202,0.5320125634211162
Eastern Cape,Ward 21309019,EC139,EC139 - Tsolwana/Inkwanca/Lukanji,EC139 - Enoch Mgijima,4589,2573,0.560688603181521,4025,1979,0.49167701863354035
Eastern Cape,Ward 21309020,EC139,EC139 - Tsolwana/Inkwanca/Lukanji,EC139 - Enoch Mgijima,3108,1856,0.5971685971685972,3599,1883,0.523200889135871
Eastern Cape,Ward 21309021,EC139,EC139 - Tsolwana/Inkwanca/Lukanji,EC139 - Enoch Mgijima,3887,2159,0.5554412143040905,3772,2297,0.6089607635206787
Eastern Cape,Ward 21309022,EC139,EC139 - Tsolwana/Inkwanca/Lukanji,EC139 - Enoch Mgijima,4050,2222,0.548641975308642,3093,1468,0.4746201099256385
Eastern Cape,Ward 21309023,EC139,EC139 - Tsolwana/Inkwanca/Lukanji,EC139 - Enoch Mgijima,3806,1717,0.4511297950604309,3710,1525,0.4110512129380054
Eastern Cape,Ward 21309024,EC139,EC139 - Tsolwana/Inkwanca/Lukanji,EC139 - Enoch Mgijima,3603,1730,0.4801554260338607,3209,1273,0.39669679027734495
Eastern Cape,Ward 21309025,EC139,EC139 - Tsolwana/Inkwanca/Lukanji,EC139 - Enoch Mgijima,3643,1860,0.5105682130112544,3398,1511,0.44467333725721014
Eastern Cape,Ward 21309026,EC139,EC139 - Tsolwana/Inkwanca/Lukanji,EC139 - Enoch Mgijima,3718,1981,0.5328133405056482,3727,1629,0.4370807620069761
Eastern Cape,Ward 21309027,EC139,EC139 - Tsolwana/Inkwanca/Lukanji,EC139 - Enoch Mgijima,4193,2679,0.6389220128786072,4065,2503,0.6157441574415744
Eastern Cape,Ward 21309028,EC139,EC139 - Tsolwana/Inkwanca/Lukanji,EC139 - Enoch Mgijima,3410,2010,0.5894428152492669,2969,1336,0.44998315931289995
Eastern Cape,Ward 21309029,EC139,EC139 - Tsolwana/Inkwanca/Lukanji,EC139 - Enoch Mgijima,3231,1695,0.5246053853296193,3196,1384,0.4330413016270338
Eastern Cape,Ward 21309030,EC139,EC139 - Tsolwana/Inkwanca/Lukanji,EC139 - Enoch Mgijima,3746,2203,0.5880939668980245,3524,1763,0.5002837684449489
Eastern Cape,Ward 21309031,EC139,EC139 - Tsolwana/Inkwanca/Lukanji,EC139 - Enoch Mgijima,3399,1868,0.549573403942336,3654,2110,0.5774493705528189
Eastern Cape,Ward 21309032,EC139,EC139 - Tsolwana/Inkwanca/Lukanji,EC139 - Enoch Mgijima,4008,2147,0.5356786427145709,3701,1754,0.47392596595514724
Eastern Cape,Ward 21309033,EC139,EC139 - Tsolwana/Inkwanca/Lukanji,EC139 - Enoch Mgijima,3709,2037,0.549204637368563,3529,2253,0.6384244828563332
Eastern Cape,Ward 21309034,EC139,EC139 - Tsolwana/Inkwanca/Lukanji,EC139 - Enoch Mgijima,3260,2192,0.6723926380368098,3087,1762,0.5707806932296728
Eastern Cape,Ward 21401001,EC141,EC141 - Elundini,EC141 - Elundini,3766,1789,0.47503983005841743,3575,1768,0.49454545454545457
Eastern Cape,Ward 21401002,EC141,EC141 - Elundini,EC141 - Elundini,4023,2257,0.5610241113596818,3689,1561,0.42314990512333966
Eastern Cape,Ward 21401003,EC141,EC141 - Elundini,EC141 - Elundini,3897,2152,0.5522196561457532,3663,1690,0.4613704613704614
Eastern Cape,Ward 21401004,EC141,EC141 - Elundini,EC141 - Elundini,3934,2104,0.5348246059989832,3757,1594,0.4242746872504658
Eastern Cape,Ward 21401005,EC141,EC141 - Elundini,EC141 - Elundini,4229,2182,0.5159612201466067,4024,1869,0.4644632206759443
Eastern Cape,Ward 21401006,EC141,EC141 - Elundini,EC141 - Elundini,3368,1863,0.5531472684085511,3156,1602,0.5076045627376425
Eastern Cape,Ward 21401007,EC141,EC141 - Elundini,EC141 - Elundini,3626,2152,0.5934914506343077,3407,1877,0.5509245670678016
Eastern Cape,Ward 21401008,EC141,EC141 - Elundini,EC141 - Elundini,3511,1964,0.5593847906579322,3288,1619,0.49239659367396593
Eastern Cape,Ward 21401009,EC141,EC141 - Elundini,EC141 - Elundini,3730,1762,0.47238605898123326,3816,1378,0.3611111111111111
Eastern Cape,Ward 21401010,EC141,EC141 - Elundini,EC141 - Elundini,3999,2269,0.5673918479619905,3828,1813,0.47361546499477536
Eastern Cape,Ward 21401011,EC141,EC141 - Elundini,EC141 - Elundini,3610,1979,0.5481994459833796,3416,1589,0.4651639344262295
Eastern Cape,Ward 21401012,EC141,EC141 - Elundini,EC141 - Elundini,3319,2067,0.622777945164206,3217,1597,0.496425240907678
Eastern Cape,Ward 21401013,EC141,EC141 - Elundini,EC141 - Elundini,3712,1931,0.5202047413793104,3504,1583,0.4517694063926941
Eastern Cape,Ward 21401014,EC141,EC141 - Elundini,EC141 - Elundini,4016,2025,0.5042330677290837,3858,1790,0.46397096941420424
Eastern Cape,Ward 21401015,EC141,EC141 - Elundini,EC141 - Elundini,3813,2079,0.5452399685287176,3607,1741,0.4826725810923205
Eastern Cape,Ward 21401016,EC141,EC141 - Elundini,EC141 - Elundini,3694,2094,0.5668651867893882,3641,1883,0.517165613842351
Eastern Cape,Ward 21401017,EC141,EC141 - Elundini,EC141 - Elundini,3646,2080,0.5704882062534284,3668,2336,0.6368593238822247
Eastern Cape,Ward 21402001,EC142,EC142 - Senqu,EC142 - Senqu,3679,2179,0.5922805110084262,3839,1743,0.4540244855431102
Eastern Cape,Ward 21402002,EC142,EC142 - Senqu,EC142 - Senqu,4202,2294,0.5459305092812946,3598,1666,0.46303501945525294
Eastern Cape,Ward 21402003,EC142,EC142 - Senqu,EC142 - Senqu,3804,2121,0.557570977917981,3968,1607,0.4049899193548387
Eastern Cape,Ward 21402004,EC142,EC142 - Senqu,EC142 - Senqu,3573,1916,0.5362440526168486,3361,1527,0.45432906872954476
Eastern Cape,Ward 21402005,EC142,EC142 - Senqu,EC142 - Senqu,3344,2033,0.6079545454545454,2936,1394,0.47479564032697547
Eastern Cape,Ward 21402006,EC142,EC142 - Senqu,EC142 - Senqu,3695,2155,0.5832205683355887,3025,1542,0.5097520661157025
Eastern Cape,Ward 21402007,EC142,EC142 - Senqu,EC142 - Senqu,4131,2477,0.5996126845800048,3333,1504,0.45124512451245125
Eastern Cape,Ward 21402008,EC142,EC142 - Senqu,EC142 - Senqu,3732,2032,0.5444801714898178,3918,1879,0.47958141909137314
Eastern Cape,Ward 21402009,EC142,EC142 - Senqu,EC142 - Senqu,3415,2048,0.5997071742313324,3250,1649,0.5073846153846154
Eastern Cape,Ward 21402010,EC142,EC142 - Senqu,EC142 - Senqu,4348,2674,0.6149954001839927,4144,1711,0.4128861003861004
Eastern Cape,Ward 21402011,EC142,EC142 - Senqu,EC142 - Senqu,3873,2249,0.5806868060934676,3563,1727,0.48470390120684814
Eastern Cape,Ward 21402012,EC142,EC142 - Senqu,EC142 - Senqu,4165,2456,0.5896758703481393,3609,1798,0.49819894707675255
Eastern Cape,Ward 21402013,EC142,EC142 - Senqu,EC142 - Senqu,4346,2618,0.6023930050621261,4027,1876,0.4658554755401043
Eastern Cape,Ward 21402014,EC142,EC142 - Senqu,EC142 - Senqu,3792,2194,0.5785864978902954,3590,1797,0.5005571030640669
Eastern Cape,Ward 21402015,EC142,EC142 - Senqu,EC142 - Senqu,3252,1767,0.5433579335793358,3146,1365,0.43388429752066116
Eastern Cape,Ward 21402016,EC142,EC142 - Senqu,EC142 - Senqu,3580,1885,0.526536312849162,3052,1433,0.4695281782437746
Eastern Cape,Ward 21402017,EC142,EC142 - Senqu,EC142 - Senqu,3744,2401,0.6412927350427351,3828,1684,0.4399164054336468
Eastern Cape,Ward 21405001,EC145,EC145 - Maletswai/Gariep,EC145 - Walter Sisulu,3231,1790,0.5540080470442588,3262,1691,0.5183936235438381
Eastern Cape,Ward 21405002,EC145,EC145 - Maletswai/Gariep,EC145 - Walter Sisulu,3272,1941,0.5932151589242054,3674,1778,0.4839412084921067
Eastern Cape,Ward 21405003,EC145,EC145 - Maletswai/Gariep,EC145 - Walter Sisulu,3058,1778,0.5814257684761281,2882,1275,0.44240111034004165
Eastern Cape,Ward 21405004,EC145,EC145 - Maletswai/Gariep,EC145 - Walter Sisulu,3517,1841,0.5234574921808359,2666,1242,0.46586646661665415
Eastern Cape,Ward 21405005,EC145,EC145 - Maletswai/Gariep,EC145 - Walter Sisulu,3380,1971,0.5831360946745562,2841,1297,0.4565293910594861
Eastern Cape,Ward 21405006,EC145,EC145 - Maletswai/Gariep,EC145 - Walter Sisulu,3564,2122,0.5953984287317621,3463,1450,0.418712099335836
Eastern Cape,Ward 21405007,EC145,EC145 - Maletswai/Gariep,EC145 - Walter Sisulu,3021,1609,0.5326050976497848,3846,1832,0.4763390535621425
Eastern Cape,Ward 21405008,EC145,EC145 - Maletswai/Gariep,EC145 - Walter Sisulu,3077,1846,0.5999350016249594,2977,1362,0.45750755794423914
Eastern Cape,Ward 21405009,EC145,EC145 - Maletswai/Gariep,EC145 - Walter Sisulu,2774,1548,0.5580389329488104,4241,2039,0.4807828342372082
Eastern Cape,Ward 21405010,EC145,EC145 - Maletswai/Gariep,EC145 - Walter Sisulu,4166,2328,0.5588094095055209,3119,1562,0.5008015389547932
Eastern Cape,Ward 21405011,EC145,EC145 - Maletswai/Gariep,EC145 - Walter Sisulu,3547,2090,0.5892303354947843,3139,1547,0.49283211213762346
Eastern Cape,Ward 21503001,EC153,EC153 - Ngquza Hill,EC153 - Ngquza Hill,3807,2085,0.5476753349093775,3618,1769,0.48894416804864566
Eastern Cape,Ward 21503002,EC153,EC153 - Ngquza Hill,EC153 - Ngquza Hill,4393,2295,0.5224220350557706,4169,1770,0.42456224514272006
Eastern Cape,Ward 21503003,EC153,EC153 - Ngquza Hill,EC153 - Ngquza Hill,4651,2539,0.5459041066437326,4777,2359,0.4938245760937827
Eastern Cape,Ward 21503004,EC153,EC153 - Ngquza Hill,EC153 - Ngquza Hill,4187,2138,0.5106281347026511,4538,1795,0.3955486998677832
Eastern Cape,Ward 21503005,EC153,EC153 - Ngquza Hill,EC153 - Ngquza Hill,4459,2580,0.5786050684009868,4517,2221,0.4916980296657073
Eastern Cape,Ward 21503006,EC153,EC153 - Ngquza Hill,EC153 - Ngquza Hill,4973,2362,0.4749648099738588,4947,1919,0.38791186577723874
Eastern Cape,Ward 21503007,EC153,EC153 - Ngquza Hill,EC153 - Ngquza Hill,4700,2475,0.526595744680851,4910,2335,0.4755600814663951
Eastern Cape,Ward 21503008,EC153,EC153 - Ngquza Hill,EC153 - Ngquza Hill,4023,2237,0.5560526969922943,4101,2070,0.5047549378200439
Eastern Cape,Ward 21503009,EC153,EC153 - Ngquza Hill,EC153 - Ngquza Hill,4045,2169,0.5362175525339926,4842,2177,0.449607600165221
Eastern Cape,Ward 21503010,EC153,EC153 - Ngquza Hill,EC153 - Ngquza Hill,3940,1358,0.3446700507614213,4129,1943,0.470573988859288
Eastern Cape,Ward 21503011,EC153,EC153 - Ngquza Hill,EC153 - Ngquza Hill,4550,2245,0.49340659340659343,4618,2017,0.43676916414032046
Eastern Cape,Ward 21503012,EC153,EC153 - Ngquza Hill,EC153 - Ngquza Hill,4812,2494,0.5182876142975894,4390,1620,0.3690205011389522
Eastern Cape,Ward 21503013,EC153,EC153 - Ngquza Hill,EC153 - Ngquza Hill,4381,1760,0.4017347637525679,4561,1892,0.41482131111598336
Eastern Cape,Ward 21503014,EC153,EC153 - Ngquza Hill,EC153 - Ngquza Hill,4499,2172,0.4827739497666148,3788,1524,0.40232312565997885
Eastern Cape,Ward 21503015,EC153,EC153 - Ngquza Hill,EC153 - Ngquza Hill,4933,2397,0.48591121021690653,4763,1630,0.3422212891035062
Eastern Cape,Ward 21503016,EC153,EC153 - Ngquza Hill,EC153 - Ngquza Hill,3757,2066,0.54990684056428,3876,1936,0.49948400412796695
Eastern Cape,Ward 21503017,EC153,EC153 - Ngquza Hill,EC153 - Ngquza Hill,4084,2088,0.5112634671890304,4685,1979,0.4224119530416222
Eastern Cape,Ward 21503018,EC153,EC153 - Ngquza Hill,EC153 - Ngquza Hill,4436,2545,0.5737150586113616,5064,2201,0.43463665086887837
Eastern Cape,Ward 21503019,EC153,EC153 - Ngquza Hill,EC153 - Ngquza Hill,4951,2446,0.49404160775600886,4041,1618,0.4003959415986142
Eastern Cape,Ward 21503020,EC153,EC153 - Ngquza Hill,EC153 - Ngquza Hill,4317,2289,0.5302293259207783,4146,1683,0.40593342981186686
Eastern Cape,Ward 21503021,EC153,EC153 - Ngquza Hill,EC153 - Ngquza Hill,4390,1811,0.41252847380410024,4473,1823,0.4075564498099709
Eastern Cape,Ward 21503022,EC153,EC153 - Ngquza Hill,EC153 - Ngquza Hill,3607,1818,0.5040199611865817,4823,2306,0.4781256479369687
Eastern Cape,Ward 21503023,EC153,EC153 - Ngquza Hill,EC153 - Ngquza Hill,3717,2005,0.5394135055152004,3804,1900,0.49947423764458465
Eastern Cape,Ward 21503024,EC153,EC153 - Ngquza Hill,EC153 - Ngquza Hill,3793,2133,0.5623517005009228,4359,2693,0.6178022482220693
Eastern Cape,Ward 21503025,EC153,EC153 - Ngquza Hill,EC153 - Ngquza Hill,3821,2209,0.5781209107563465,4001,2134,0.5333666583354162
Eastern Cape,Ward 21503026,EC153,EC153 - Ngquza Hill,EC153 - Ngquza Hill,4001,2165,0.5411147213196701,4658,2228,0.47831687419493346
Eastern Cape,Ward 21503027,EC153,EC153 - Ngquza Hill,EC153 - Ngquza Hill,3793,1955,0.5154231479040338,3714,1580,0.4254173397953689
Eastern Cape,Ward 21503028,EC153,EC153 - Ngquza Hill,EC153 - Ngquza Hill,4659,2451,0.5260785576303928,4065,1808,0.44477244772447727
Eastern Cape,Ward 21503029,EC153,EC153 - Ngquza Hill,EC153 - Ngquza Hill,4533,2259,0.4983454665784249,4750,2164,0.45557894736842103
Eastern Cape,Ward 21503030,EC153,EC153 - Ngquza Hill,EC153 - Ngquza Hill,4051,2309,0.5699827203159714,4007,2012,0.5021212877464437
Eastern Cape,Ward 21503031,EC153,EC153 - Ngquza Hill,EC153 - Ngquza Hill,4084,2221,0.5438295788442703,4103,2026,0.4937850353399951
Eastern Cape,Ward 21503032,EC153,EC153 - Ngquza Hill,EC153 - Ngquza Hill,4447,2502,0.5626264897683831,4280,2142,0.5004672897196262
Eastern Cape,Ward 21504001,EC154,EC154 - Port St Johns,EC154 - Port St Johns,4225,2344,0.554792899408284,4405,2465,0.5595913734392736
Eastern Cape,Ward 21504002,EC154,EC154 - Port St Johns,EC154 - Port St Johns,4566,2649,0.5801576872536137,3907,2186,0.559508574353724
Eastern Cape,Ward 21504003,EC154,EC154 - Port St Johns,EC154 - Port St Johns,3887,2081,0.5353743246719835,3903,1860,0.4765564950038432
Eastern Cape,Ward 21504004,EC154,EC154 - Port St Johns,EC154 - Port St Johns,3318,1841,0.5548523206751055,4137,1892,0.45733623398598017
Eastern Cape,Ward 21504005,EC154,EC154 - Port St Johns,EC154 - Port St Johns,3420,1944,0.5684210526315789,3368,1647,0.4890142517814727
Eastern Cape,Ward 21504006,EC154,EC154 - Port St Johns,EC154 - Port St Johns,4158,1966,0.4728234728234728,4028,1588,0.394240317775571
Eastern Cape,Ward 21504007,EC154,EC154 - Port St Johns,EC154 - Port St Johns,4307,2369,0.550034827025772,4038,2057,0.5094105993065874
Eastern Cape,Ward 21504008,EC154,EC154 - Port St Johns,EC154 - Port St Johns,3596,2225,0.6187430478309233,4194,2318,0.5526943252265141
Eastern Cape,Ward 21504009,EC154,EC154 - Port St Johns,EC154 - Port St Johns,3353,1900,0.5666567253206084,3460,1714,0.4953757225433526
Eastern Cape,Ward 21504010,EC154,EC154 - Port St Johns,EC154 - Port St Johns,3480,2155,0.6192528735632183,3411,2246,0.6584579302257403
Eastern Cape,Ward 21504011,EC154,EC154 - Port St Johns,EC154 - Port St Johns,4051,2315,0.5714638360898544,4008,2438,0.6082834331337326
Eastern Cape,Ward 21504012,EC154,EC154 - Port St Johns,EC154 - Port St Johns,4166,2322,0.557369179068651,3528,1715,0.4861111111111111
Eastern Cape,Ward 21504013,EC154,EC154 - Port St Johns,EC154 - Port St Johns,3016,1743,0.5779177718832891,4324,2183,0.5048566142460684
Eastern Cape,Ward 21504014,EC154,EC154 - Port St Johns,EC154 - Port St Johns,3441,1824,0.5300784655623365,4060,1857,0.45738916256157636
Eastern Cape,Ward 21504015,EC154,EC154 - Port St Johns,EC154 - Port St Johns,3593,1935,0.5385471750626217,3259,1387,0.42559067198527156
Eastern Cape,Ward 21504016,EC154,EC154 - Port St Johns,EC154 - Port St Johns,3743,2285,0.6104728827144003,3636,2090,0.5748074807480749
Eastern Cape,Ward 21504017,EC154,EC154 - Port St Johns,EC154 - Port St Johns,3667,2108,0.5748568311971639,3601,1874,0.520410996945293
Eastern Cape,Ward 21504018,EC154,EC154 - Port St Johns,EC154 - Port St Johns,4029,2230,0.5534872176718789,3588,1708,0.4760312151616499
Eastern Cape,Ward 21504019,EC154,EC154 - Port St Johns,EC154 - Port St Johns,3572,1981,0.5545912653975364,4010,2239,0.5583541147132169
Eastern Cape,Ward 21504020,EC154,EC154 - Port St Johns,EC154 - Port St Johns,4279,2374,0.5548025239541949,3383,1702,0.5031037540644399
Eastern Cape,Ward 21505001,EC155,EC155 - Nyandeni,EC155 - Nyandeni,4710,2519,0.5348195329087049,4612,1973,0.42779705117085864
Eastern Cape,Ward 21505002,EC155,EC155 - Nyandeni,EC155 - Nyandeni,3716,1917,0.5158772874058127,4589,2269,0.4944432338200044
Eastern Cape,Ward 21505003,EC155,EC155 - Nyandeni,EC155 - Nyandeni,4237,2399,0.5662025017701203,4239,1834,0.4326492097192734
Eastern Cape,Ward 21505004,EC155,EC155 - Nyandeni,EC155 - Nyandeni,4146,2261,0.5453449107573565,3773,1614,0.42777630532732575
Eastern Cape,Ward 21505005,EC155,EC155 - Nyandeni,EC155 - Nyandeni,4279,2377,0.5555036223416686,4729,2210,0.4673292450835272
Eastern Cape,Ward 21505006,EC155,EC155 - Nyandeni,EC155 - Nyandeni,4516,2455,0.5436226749335695,4279,2003,0.46810002336994627
Eastern Cape,Ward 21505007,EC155,EC155 - Nyandeni,EC155 - Nyandeni,4409,1891,0.42889544114311634,3583,1437,0.4010605637733743
Eastern Cape,Ward 21505008,EC155,EC155 - Nyandeni,EC155 - Nyandeni,4501,2291,0.5089980004443457,3892,1740,0.447070914696814
Eastern Cape,Ward 21505009,EC155,EC155 - Nyandeni,EC155 - Nyandeni,4819,2248,0.4664868229923221,4393,2017,0.4591395401775552
Eastern Cape,Ward 21505010,EC155,EC155 - Nyandeni,EC155 - Nyandeni,4674,2267,0.48502353444587076,4635,1639,0.35361380798274
Eastern Cape,Ward 21505011,EC155,EC155 - Nyandeni,EC155 - Nyandeni,4733,2403,0.5077118106908938,4499,1674,0.37208268504112024
Eastern Cape,Ward 21505012,EC155,EC155 - Nyandeni,EC155 - Nyandeni,4743,1781,0.37550073792958044,4446,1477,0.3322087269455691
Eastern Cape,Ward 21505013,EC155,EC155 - Nyandeni,EC155 - Nyandeni,3542,1797,0.5073404856013551,4483,1741,0.38835601159937544
Eastern Cape,Ward 21505014,EC155,EC155 - Nyandeni,EC155 - Nyandeni,3664,1958,0.5343886462882096,4118,1779,0.43200582807187954
Eastern Cape,Ward 21505015,EC155,EC155 - Nyandeni,EC155 - Nyandeni,4652,2472,0.531384350816853,4410,1677,0.3802721088435374
Eastern Cape,Ward 21505016,EC155,EC155 - Nyandeni,EC155 - Nyandeni,4056,1917,0.47263313609467456,3977,1802,0.453105355795826
Eastern Cape,Ward 21505017,EC155,EC155 - Nyandeni,EC155 - Nyandeni,4794,2486,0.5185648727576136,3629,1507,0.4152659134747864
Eastern Cape,Ward 21505018,EC155,EC155 - Nyandeni,EC155 - Nyandeni,3760,2162,0.575,4009,1855,0.4627089049638314
Eastern Cape,Ward 21505019,EC155,EC155 - Nyandeni,EC155 - Nyandeni,4043,2364,0.5847143210487262,3973,1913,0.48150012584948404
Eastern Cape,Ward 21505020,EC155,EC155 - Nyandeni,EC155 - Nyandeni,4684,2364,0.5046968403074296,4130,1848,0.44745762711864406
Eastern Cape,Ward 21505021,EC155,EC155 - Nyandeni,EC155 - Nyandeni,3621,1736,0.4794255730461199,4777,2080,0.43541971948921915
Eastern Cape,Ward 21505022,EC155,EC155 - Nyandeni,EC155 - Nyandeni,3773,1714,0.45428041346408693,3724,1412,0.3791621911922664
Eastern Cape,Ward 21505023,EC155,EC155 - Nyandeni,EC155 - Nyandeni,3529,1789,0.5069424766222727,4180,1639,0.39210526315789473
Eastern Cape,Ward 21505024,EC155,EC155 - Nyandeni,EC155 - Nyandeni,3877,1862,0.4802682486458602,3795,1725,0.45454545454545453
Eastern Cape,Ward 21505025,EC155,EC155 - Nyandeni,EC155 - Nyandeni,4591,2427,0.5286429971683729,4085,1728,0.4230110159118727
Eastern Cape,Ward 21505026,EC155,EC155 - Nyandeni,EC155 - Nyandeni,4416,2084,0.47192028985507245,4836,2172,0.4491315136476427
Eastern Cape,Ward 21505027,EC155,EC155 - Nyandeni,EC155 - Nyandeni,3728,2120,0.5686695278969958,3606,1746,0.4841930116472546
Eastern Cape,Ward 21505028,EC155,EC155 - Nyandeni,EC155 - Nyandeni,3690,2118,0.5739837398373984,4788,2086,0.43567251461988304
Eastern Cape,Ward 21505029,EC155,EC155 - Nyandeni,EC155 - Nyandeni,4359,1969,0.45170910759348476,4646,1622,0.34911752044769695
Eastern Cape,Ward 21505030,EC155,EC155 - Nyandeni,EC155 - Nyandeni,4684,2395,0.5113151152860803,4343,1751,0.40317752705503107
Eastern Cape,Ward 21505031,EC155,EC155 - Nyandeni,EC155 - Nyandeni,3737,1955,0.5231469092855231,3679,1521,0.4134275618374558
Eastern Cape,Ward 21505032,EC155,EC155 - Nyandeni,EC155 - Nyandeni,4209,1940,0.4609170824423854,3744,1469,0.3923611111111111
Eastern Cape,Ward 21506001,EC156,EC156 - Mhlontlo,EC156 - Mhlontlo,3873,2137,0.5517686547895688,3887,1742,0.44816053511705684
Eastern Cape,Ward 21506002,EC156,EC156 - Mhlontlo,EC156 - Mhlontlo,3322,1563,0.47049969897652016,3133,1043,0.33290775614427065
Eastern Cape,Ward 21506003,EC156,EC156 - Mhlontlo,EC156 - Mhlontlo,3470,1731,0.4988472622478386,3384,1387,0.4098699763593381
Eastern Cape,Ward 21506004,EC156,EC156 - Mhlontlo,EC156 - Mhlontlo,3426,1469,0.4287799182720374,3292,1294,0.3930741190765492
Eastern Cape,Ward 21506005,EC156,EC156 - Mhlontlo,EC156 - Mhlontlo,4170,2164,0.5189448441247002,3967,1895,0.47769095034030756
Eastern Cape,Ward 21506006,EC156,EC156 - Mhlontlo,EC156 - Mhlontlo,4055,1642,0.40493218249075213,4077,1577,0.38680402256561197
Eastern Cape,Ward 21506007,EC156,EC156 - Mhlontlo,EC156 - Mhlontlo,4265,2328,0.5458382180539273,3691,1664,0.45082633432674074
Eastern Cape,Ward 21506008,EC156,EC156 - Mhlontlo,EC156 - Mhlontlo,3599,1849,0.5137538205056961,3485,1501,0.4307030129124821
Eastern Cape,Ward 21506009,EC156,EC156 - Mhlontlo,EC156 - Mhlontlo,3949,2073,0.5249430235502659,3943,2019,0.5120466649759067
Eastern Cape,Ward 21506010,EC156,EC156 - Mhlontlo,EC156 - Mhlontlo,4102,2134,0.5202340321794247,3246,1409,0.43407270486752925
Eastern Cape,Ward 21506011,EC156,EC156 - Mhlontlo,EC156 - Mhlontlo,3636,2106,0.5792079207920792,3357,1216,0.3622281799225499
Eastern Cape,Ward 21506012,EC156,EC156 - Mhlontlo,EC156 - Mhlontlo,3474,1753,0.5046056419113414,4117,2102,0.5105659460772407
Eastern Cape,Ward 21506013,EC156,EC156 - Mhlontlo,EC156 - Mhlontlo,4210,2406,0.5714964370546318,4069,1939,0.47652985991644137
Eastern Cape,Ward 21506014,EC156,EC156 - Mhlontlo,EC156 - Mhlontlo,4003,2278,0.5690731951036723,3908,2148,0.5496417604912999
Eastern Cape,Ward 21506015,EC156,EC156 - Mhlontlo,EC156 - Mhlontlo,3768,1843,0.4891188959660297,3787,1700,0.44890414576181675
Eastern Cape,Ward 21506016,EC156,EC156 - Mhlontlo,EC156 - Mhlontlo,3336,1833,0.5494604316546763,3972,1826,0.459718026183283
Eastern Cape,Ward 21506017,EC156,EC156 - Mhlontlo,EC156 - Mhlontlo,3831,2098,0.5476376925084834,3637,1701,0.4676931536981028
Eastern Cape,Ward 21506018,EC156,EC156 - Mhlontlo,EC156 - Mhlontlo,3272,1703,0.5204767726161369,3070,1419,0.46221498371335507
Eastern Cape,Ward 21506019,EC156,EC156 - Mhlontlo,EC156 - Mhlontlo,3715,2094,0.5636608344549126,3196,1610,0.5037546933667084
Eastern Cape,Ward 21506020,EC156,EC156 - Mhlontlo,EC156 - Mhlontlo,3260,1696,0.5202453987730061,3179,1488,0.46807172066687636
Eastern Cape,Ward 21506021,EC156,EC156 - Mhlontlo,EC156 - Mhlontlo,3704,2069,0.558585313174946,3539,1525,0.43091268719977394
Eastern Cape,Ward 21506022,EC156,EC156 - Mhlontlo,EC156 - Mhlontlo,3388,1971,0.5817591499409681,3260,1721,0.5279141104294478
Eastern Cape,Ward 21506023,EC156,EC156 - Mhlontlo,EC156 - Mhlontlo,4133,2288,0.5535930316961045,3842,1896,0.493492972410203
Eastern Cape,Ward 21506024,EC156,EC156 - Mhlontlo,EC156 - Mhlontlo,3679,1882,0.5115520521880946,3046,1509,0.4954038082731451
Eastern Cape,Ward 21506025,EC156,EC156 - Mhlontlo,EC156 - Mhlontlo,3991,2025,0.5073916311701328,3897,2140,0.5491403643828586
Eastern Cape,Ward 21506026,EC156,EC156 - Mhlontlo,EC156 - Mhlontlo,3336,1706,0.5113908872901679,3183,1393,0.43763744894753376
Eastern Cape,Ward 21507001,EC157,EC157 - King Sabata Dalindyebo,EC157 - King Sabata Dalindyebo,5412,2371,0.43810051736881006,5246,1664,0.3171940526115135
Eastern Cape,Ward 21507002,EC157,EC157 - King Sabata Dalindyebo,EC157 - King Sabata Dalindyebo,5814,2356,0.40522875816993464,5300,1567,0.29566037735849054
Eastern Cape,Ward 21507003,EC157,EC157 - King Sabata Dalindyebo,EC157 - King Sabata Dalindyebo,5941,2321,0.3906749705436795,5668,2043,0.3604446012702893
Eastern Cape,Ward 21507004,EC157,EC157 - King Sabata Dalindyebo,EC157 - King Sabata Dalindyebo,6586,3018,0.4582447616155481,6600,2915,0.44166666666666665
Eastern Cape,Ward 21507005,EC157,EC157 - King Sabata Dalindyebo,EC157 - King Sabata Dalindyebo,6936,2055,0.296280276816609,5670,837,0.14761904761904762
Eastern Cape,Ward 21507006,EC157,EC157 - King Sabata Dalindyebo,EC157 - King Sabata Dalindyebo,4842,2211,0.4566294919454771,5004,1625,0.32474020783373303
Eastern Cape,Ward 21507007,EC157,EC157 - King Sabata Dalindyebo,EC157 - King Sabata Dalindyebo,4309,1464,0.33975400324901367,4893,2491,0.5090946249744533
Eastern Cape,Ward 21507008,EC157,EC157 - King Sabata Dalindyebo,EC157 - King Sabata Dalindyebo,4860,1860,0.38271604938271603,5863,1844,0.31451475353914377
Eastern Cape,Ward 21507009,EC157,EC157 - King Sabata Dalindyebo,EC157 - King Sabata Dalindyebo,6161,2407,0.3906833306281448,4871,1462,0.3001437076575652
Eastern Cape,Ward 21507010,EC157,EC157 - King Sabata Dalindyebo,EC157 - King Sabata Dalindyebo,6169,2992,0.485005673528935,4898,2049,0.4183340138832176
Eastern Cape,Ward 21507011,EC157,EC157 - King Sabata Dalindyebo,EC157 - King Sabata Dalindyebo,6782,2850,0.42023002064287823,5175,1670,0.32270531400966185
Eastern Cape,Ward 21507012,EC157,EC157 - King Sabata Dalindyebo,EC157 - King Sabata Dalindyebo,6519,2376,0.36447307869305107,5295,1322,0.24966949952785647
Eastern Cape,Ward 21507013,EC157,EC157 - King Sabata Dalindyebo,EC157 - King Sabata Dalindyebo,5234,2537,0.484715322888804,4761,1913,0.40180634320520897
Eastern Cape,Ward 21507014,EC157,EC157 - King Sabata Dalindyebo,EC157 - King Sabata Dalindyebo,5231,2284,0.4366277958325368,5115,1761,0.34428152492668623
Eastern Cape,Ward 21507015,EC157,EC157 - King Sabata Dalindyebo,EC157 - King Sabata Dalindyebo,4921,2093,0.42532005689900426,4760,2134,0.44831932773109245
Eastern Cape,Ward 21507016,EC157,EC157 - King Sabata Dalindyebo,EC157 - King Sabata Dalindyebo,5698,2650,0.4650754650754651,5693,2380,0.41805726330581416
Eastern Cape,Ward 21507017,EC157,EC157 - King Sabata Dalindyebo,EC157 - King Sabata Dalindyebo,5146,2415,0.46929654100272056,5196,2313,0.44515011547344113
Eastern Cape,Ward 21507018,EC157,EC157 - King Sabata Dalindyebo,EC157 - King Sabata Dalindyebo,6626,3350,0.5055840627829762,6131,2711,0.4421790898711466
Eastern Cape,Ward 21507019,EC157,EC157 - King Sabata Dalindyebo,EC157 - King Sabata Dalindyebo,6456,2874,0.4451672862453532,6203,2545,0.41028534580041914
Eastern Cape,Ward 21507020,EC157,EC157 - King Sabata Dalindyebo,EC157 - King Sabata Dalindyebo,6190,3065,0.49515347334410337,5944,2561,0.43085464333781964
Eastern Cape,Ward 21507021,EC157,EC157 - King Sabata Dalindyebo,EC157 - King Sabata Dalindyebo,6182,2898,0.4687803299902944,6463,2862,0.4428284078601269
Eastern Cape,Ward 21507022,EC157,EC157 - King Sabata Dalindyebo,EC157 - King Sabata Dalindyebo,5272,2631,0.49905159332321697,4976,2382,0.4786977491961415
Eastern Cape,Ward 21507023,EC157,EC157 - King Sabata Dalindyebo,EC157 - King Sabata Dalindyebo,6506,3334,0.5124500461112819,5986,3178,0.5309054460407617
Eastern Cape,Ward 21507024,EC157,EC157 - King Sabata Dalindyebo,EC157 - King Sabata Dalindyebo,6824,3478,0.5096717467760844,6249,2862,0.45799327892462793
Eastern Cape,Ward 21507025,EC157,EC157 - King Sabata Dalindyebo,EC157 - King Sabata Dalindyebo,5990,2575,0.4298831385642738,6227,2348,0.3770676088003854
Eastern Cape,Ward 21507026,EC157,EC157 - King Sabata Dalindyebo,EC157 - King Sabata Dalindyebo,5437,2787,0.5125988596652565,5906,2724,0.46122587199458176
Eastern Cape,Ward 21507027,EC157,EC157 - King Sabata Dalindyebo,EC157 - King Sabata Dalindyebo,5773,2699,0.4675212194699463,5691,2392,0.420312774556317
Eastern Cape,Ward 21507028,EC157,EC157 - King Sabata Dalindyebo,EC157 - King Sabata Dalindyebo,6278,2971,0.4732398853137942,5924,2437,0.4113774476704929
Eastern Cape,Ward 21507029,EC157,EC157 - King Sabata Dalindyebo,EC157 - King Sabata Dalindyebo,6612,3087,0.4668784029038113,6920,3115,0.45014450867052025
Eastern Cape,Ward 21507030,EC157,EC157 - King Sabata Dalindyebo,EC157 - King Sabata Dalindyebo,6574,2778,0.4225737754791603,5613,1510,0.2690183502583289
Eastern Cape,Ward 21507031,EC157,EC157 - King Sabata Dalindyebo,EC157 - King Sabata Dalindyebo,5585,2826,0.5059982094897045,5014,2267,0.45213402473075387
Eastern Cape,Ward 21507032,EC157,EC157 - King Sabata Dalindyebo,EC157 - King Sabata Dalindyebo,5819,2750,0.4725897920604915,5475,2342,0.42776255707762556
Eastern Cape,Ward 21507033,EC157,EC157 - King Sabata Dalindyebo,EC157 - King Sabata Dalindyebo,5368,2688,0.5007451564828614,5451,2350,0.4311135571454779
Eastern Cape,Ward 21507034,EC157,EC157 - King Sabata Dalindyebo,EC157 - King Sabata Dalindyebo,5978,2818,0.4713951154232185,5835,2470,0.4233076263924593
Eastern Cape,Ward 21507035,EC157,EC157 - King Sabata Dalindyebo,EC157 - King Sabata Dalindyebo,6003,2880,0.47976011994003,6216,2250,0.36196911196911197
Eastern Cape,Ward 21507036,EC157,EC157 - King Sabata Dalindyebo,EC157 - King Sabata Dalindyebo,5392,2759,0.5116839762611276,4772,2073,0.4344090528080469
Eastern Cape,Ward 24401001,EC441,EC441 - Matatiele,EC441 - Matatiele,4492,2220,0.4942119323241318,3493,1577,0.45147437732608076
Eastern Cape,Ward 24401002,EC441,EC441 - Matatiele,EC441 - Matatiele,3734,2100,0.5623995715050883,4560,1848,0.4052631578947368
Eastern Cape,Ward 24401003,EC441,EC441 - Matatiele,EC441 - Matatiele,3716,2394,0.6442411194833154,4122,2355,0.5713245997088792
Eastern Cape,Ward 24401004,EC441,EC441 - Matatiele,EC441 - Matatiele,3886,2292,0.5898095728255275,3740,1994,0.5331550802139038
Eastern Cape,Ward 24401005,EC441,EC441 - Matatiele,EC441 - Matatiele,3541,1999,0.5645297938435471,3129,1663,0.5314797059763503
Eastern Cape,Ward 24401006,EC441,EC441 - Matatiele,EC441 - Matatiele,3804,2347,0.6169821240799159,3535,1821,0.5151343705799152
Eastern Cape,Ward 24401007,EC441,EC441 - Matatiele,EC441 - Matatiele,3711,2147,0.5785502559956885,3174,1698,0.5349716446124764
Eastern Cape,Ward 24401008,EC441,EC441 - Matatiele,EC441 - Matatiele,3905,2285,0.5851472471190781,3784,1906,0.5036997885835095
Eastern Cape,Ward 24401009,EC441,EC441 - Matatiele,EC441 - Matatiele,4302,2244,0.5216178521617852,3220,1576,0.4894409937888199
Eastern Cape,Ward 24401010,EC441,EC441 - Matatiele,EC441 - Matatiele,3990,2441,0.6117794486215539,4173,2363,0.5662592858854542
Eastern Cape,Ward 24401011,EC441,EC441 - Matatiele,EC441 - Matatiele,4032,2350,0.5828373015873016,4070,2175,0.5343980343980343
Eastern Cape,Ward 24401012,EC441,EC441 - Matatiele,EC441 - Matatiele,3813,2307,0.6050354051927616,4423,2312,0.5227221342979878
Eastern Cape,Ward 24401013,EC441,EC441 - Matatiele,EC441 - Matatiele,3296,2144,0.6504854368932039,3248,1896,0.583743842364532
Eastern Cape,Ward 24401014,EC441,EC441 - Matatiele,EC441 - Matatiele,3352,2072,0.6181384248210023,3190,1539,0.4824451410658307
Eastern Cape,Ward 24401015,EC441,EC441 - Matatiele,EC441 - Matatiele,3663,2195,0.5992355992355992,3624,1760,0.4856512141280353
Eastern Cape,Ward 24401016,EC441,EC441 - Matatiele,EC441 - Matatiele,4228,2617,0.618968779564806,3284,1737,0.5289281364190013
Eastern Cape,Ward 24401017,EC441,EC441 - Matatiele,EC441 - Matatiele,3971,2513,0.6328380760513724,3922,2099,0.5351861295257522
Eastern Cape,Ward 24401018,EC441,EC441 - Matatiele,EC441 - Matatiele,3374,2026,0.6004742145820984,3229,1618,0.5010839269123568
Eastern Cape,Ward 24401019,EC441,EC441 - Matatiele,EC441 - Matatiele,3498,1651,0.4719839908519154,3447,1395,0.4046997389033943
Eastern Cape,Ward 24401020,EC441,EC441 - Matatiele,EC441 - Matatiele,3818,2194,0.5746464117338921,4336,1885,0.43473247232472323
Eastern Cape,Ward 24401021,EC441,EC441 - Matatiele,EC441 - Matatiele,3457,2212,0.6398611512872433,3640,2226,0.6115384615384616
Eastern Cape,Ward 24401022,EC441,EC441 - Matatiele,EC441 - Matatiele,3317,1851,0.5580343684051854,3271,1826,0.5582390706206053
Eastern Cape,Ward 24401023,EC441,EC441 - Matatiele,EC441 - Matatiele,3250,1999,0.6150769230769231,3377,1836,0.5436778205507847
Eastern Cape,Ward 24401024,EC441,EC441 - Matatiele,EC441 - Matatiele,3268,2027,0.6202570379436965,3281,1838,0.560195062480951
Eastern Cape,Ward 24401025,EC441,EC441 - Matatiele,EC441 - Matatiele,4240,2598,0.6127358490566037,4228,2358,0.5577105014191107
Eastern Cape,Ward 24401026,EC441,EC441 - Matatiele,EC441 - Matatiele,3877,2600,0.670621614650503,3827,2250,0.5879278808466162
Eastern Cape,Ward 24402001,EC442,EC442 - Umzimvubu,EC442 - Umzimvubu,3939,2443,0.6202081746636202,3943,2177,0.5521176768957646
Eastern Cape,Ward 24402002,EC442,EC442 - Umzimvubu,EC442 - Umzimvubu,3874,2196,0.5668559628291172,3559,1874,0.5265524023602135
Eastern Cape,Ward 24402003,EC442,EC442 - Umzimvubu,EC442 - Umzimvubu,3232,1816,0.5618811881188119,4128,1883,0.4561531007751938
Eastern Cape,Ward 24402004,EC442,EC442 - Umzimvubu,EC442 - Umzimvubu,4058,2497,0.6153277476589453,3664,1894,0.5169213973799127
Eastern Cape,Ward 24402005,EC442,EC442 - Umzimvubu,EC442 - Umzimvubu,3704,2219,0.5990820734341252,3880,2280,0.5876288659793815
Eastern Cape,Ward 24402006,EC442,EC442 - Umzimvubu,EC442 - Umzimvubu,3155,1955,0.6196513470681458,3273,1760,0.5377329666972197
Eastern Cape,Ward 24402007,EC442,EC442 - Umzimvubu,EC442 - Umzimvubu,4860,2632,0.5415637860082304,3525,1728,0.4902127659574468
Eastern Cape,Ward 24402008,EC442,EC442 - Umzimvubu,EC442 - Umzimvubu,3513,2135,0.6077426700825506,3554,1749,0.49212155317951606
Eastern Cape,Ward 24402009,EC442,EC442 - Umzimvubu,EC442 - Umzimvubu,3516,1806,0.5136518771331058,3528,1638,0.4642857142857143
Eastern Cape,Ward 24402010,EC442,EC442 - Umzimvubu,EC442 - Umzimvubu,3847,1972,0.5126072264101897,3635,1776,0.48858321870701515
Eastern Cape,Ward 24402011,EC442,EC442 - Umzimvubu,EC442 - Umzimvubu,4092,2271,0.5549853372434017,3620,1970,0.5441988950276243
Eastern Cape,Ward 24402012,EC442,EC442 - Umzimvubu,EC442 - Umzimvubu,3427,1819,0.5307849430989203,3211,1579,0.49174711927748366
Eastern Cape,Ward 24402013,EC442,EC442 - Umzimvubu,EC442 - Umzimvubu,3577,1880,0.5255800950517193,3678,1789,0.4864056552474171
Eastern Cape,Ward 24402014,EC442,EC442 - Umzimvubu,EC442 - Umzimvubu,3960,2116,0.5343434343434343,3963,1723,0.4347716376482463
Eastern Cape,Ward 24402015,EC442,EC442 - Umzimvubu,EC442 - Umzimvubu,3693,2023,0.5477931221229353,3856,1941,0.5033713692946058
Eastern Cape,Ward 24402016,EC442,EC442 - Umzimvubu,EC442 - Umzimvubu,4158,2081,0.5004810004810005,4280,1561,0.3647196261682243
Eastern Cape,Ward 24402017,EC442,EC442 - Umzimvubu,EC442 - Umzimvubu,3776,1933,0.511917372881356,4159,1690,0.4063476797307045
Eastern Cape,Ward 24402018,EC442,EC442 - Umzimvubu,EC442 - Umzimvubu,4061,1515,0.37306082245752276,4525,1340,0.29613259668508285
Eastern Cape,Ward 24402019,EC442,EC442 - Umzimvubu,EC442 - Umzimvubu,3641,1788,0.4910738808019775,3812,1655,0.43415529905561384
Eastern Cape,Ward 24402020,EC442,EC442 - Umzimvubu,EC442 - Umzimvubu,4117,2104,0.5110517367014816,4364,1946,0.4459211732355637
Eastern Cape,Ward 24402021,EC442,EC442 - Umzimvubu,EC442 - Umzimvubu,4253,2179,0.5123442276040442,4105,1839,0.4479902557856273
Eastern Cape,Ward 24402022,EC442,EC442 - Umzimvubu,EC442 - Umzimvubu,3501,1965,0.5612682090831191,3328,1528,0.45913461538461536
Eastern Cape,Ward 24402023,EC442,EC442 - Umzimvubu,EC442 - Umzimvubu,3970,2233,0.5624685138539043,3789,2129,0.5618896806545263
Eastern Cape,Ward 24402024,EC442,EC442 - Umzimvubu,EC442 - Umzimvubu,4095,2327,0.5682539682539682,3945,1988,0.5039290240811153
Eastern Cape,Ward 24402025,EC442,EC442 - Umzimvubu,EC442 - Umzimvubu,4065,1825,0.4489544895448955,4209,1637,0.38892848657638396
Eastern Cape,Ward 24402026,EC442,EC442 - Umzimvubu,EC442 - Umzimvubu,4033,2627,0.6513761467889908,3974,2158,0.5430296930045294
Eastern Cape,Ward 24402027,EC442,EC442 - Umzimvubu,EC442 - Umzimvubu,3322,1655,0.49819385912101144,4042,1866,0.4616526472043543
Eastern Cape,Ward 24403001,EC443,EC443 - Mbizana,EC443 - Winnie Madikizela-Mandela,4726,1846,0.39060516292848074,4705,1537,0.32667375132837406
Eastern Cape,Ward 24403002,EC443,EC443 - Mbizana,EC443 - Winnie Madikizela-Mandela,3831,2121,0.5536413469068129,3901,1913,0.490387080235837
Eastern Cape,Ward 24403003,EC443,EC443 - Mbizana,EC443 - Winnie Madikizela-Mandela,3700,2094,0.5659459459459459,3662,1796,0.4904423812124522
Eastern Cape,Ward 24403004,EC443,EC443 - Mbizana,EC443 - Winnie Madikizela-Mandela,3751,2251,0.6001066382298054,3915,1978,0.5052362707535122
Eastern Cape,Ward 24403005,EC443,EC443 - Mbizana,EC443 - Winnie Madikizela-Mandela,3603,2093,0.5809048015542604,3607,1885,0.5225949542556141
Eastern Cape,Ward 24403006,EC443,EC443 - Mbizana,EC443 - Winnie Madikizela-Mandela,4813,2515,0.522543112403906,3689,1790,0.4852263486039577
Eastern Cape,Ward 24403007,EC443,EC443 - Mbizana,EC443 - Winnie Madikizela-Mandela,3776,2111,0.5590572033898306,3555,1557,0.4379746835443038
Eastern Cape,Ward 24403008,EC443,EC443 - Mbizana,EC443 - Winnie Madikizela-Mandela,4676,2537,0.5425577416595381,4677,2444,0.5225571947829806
Eastern Cape,Ward 24403009,EC443,EC443 - Mbizana,EC443 - Winnie Madikizela-Mandela,4561,2514,0.5511949133961851,4755,2210,0.4647739221871714
Eastern Cape,Ward 24403010,EC443,EC443 - Mbizana,EC443 - Winnie Madikizela-Mandela,4412,2280,0.5167724388032638,4521,2033,0.44967927449679274
Eastern Cape,Ward 24403011,EC443,EC443 - Mbizana,EC443 - Winnie Madikizela-Mandela,4099,2333,0.5691632105391559,4103,1954,0.4762368998293931
Eastern Cape,Ward 24403012,EC443,EC443 - Mbizana,EC443 - Winnie Madikizela-Mandela,4214,2643,0.6271950640721404,4243,1921,0.4527456987980203
Eastern Cape,Ward 24403013,EC443,EC443 - Mbizana,EC443 - Winnie Madikizela-Mandela,4787,2666,0.5569250052224776,4066,1724,0.42400393507132317
Eastern Cape,Ward 24403014,EC443,EC443 - Mbizana,EC443 - Winnie Madikizela-Mandela,4242,2452,0.5780292314945781,4292,2212,0.5153774464119292
Eastern Cape,Ward 24403015,EC443,EC443 - Mbizana,EC443 - Winnie Madikizela-Mandela,4028,2144,0.5322740814299901,4085,2162,0.5292533659730723
Eastern Cape,Ward 24403016,EC443,EC443 - Mbizana,EC443 - Winnie Madikizela-Mandela,4339,2524,0.581700852731044,4320,1978,0.45787037037037037
Eastern Cape,Ward 24403017,EC443,EC443 - Mbizana,EC443 - Winnie Madikizela-Mandela,4970,2682,0.5396378269617707,3767,1721,0.4568622245818954
Eastern Cape,Ward 24403018,EC443,EC443 - Mbizana,EC443 - Winnie Madikizela-Mandela,4468,2545,0.5696060877350044,4407,2104,0.47742228273201726
Eastern Cape,Ward 24403019,EC443,EC443 - Mbizana,EC443 - Winnie Madikizela-Mandela,4837,2662,0.5503411205292537,4426,2015,0.4552643470402169
Eastern Cape,Ward 24403020,EC443,EC443 - Mbizana,EC443 - Winnie Madikizela-Mandela,4235,2328,0.5497048406139315,4103,1762,0.42944187180112114
Eastern Cape,Ward 24403021,EC443,EC443 - Mbizana,EC443 - Winnie Madikizela-Mandela,3979,2259,0.5677305855742649,3817,1891,0.49541524757663086
Eastern Cape,Ward 24403022,EC443,EC443 - Mbizana,EC443 - Winnie Madikizela-Mandela,4727,2748,0.5813412312248784,3969,1828,0.46056941295036535
Eastern Cape,Ward 24403023,EC443,EC443 - Mbizana,EC443 - Winnie Madikizela-Mandela,4730,2863,0.6052854122621565,4608,2085,0.4524739583333333
Eastern Cape,Ward 24403024,EC443,EC443 - Mbizana,EC443 - Winnie Madikizela-Mandela,4468,2835,0.6345120859444942,4853,1958,0.4034617762208943
Eastern Cape,Ward 24403025,EC443,EC443 - Mbizana,EC443 - Winnie Madikizela-Mandela,4466,2784,0.6233766233766234,4706,2740,0.5822354441138972
Eastern Cape,Ward 24403026,EC443,EC443 - Mbizana,EC443 - Winnie Madikizela-Mandela,3777,2143,0.5673815197246492,3939,2105,0.5343995938055344
Eastern Cape,Ward 24403027,EC443,EC443 - Mbizana,EC443 - Winnie Madikizela-Mandela,3777,2245,0.594387079692878,3953,2069,0.5233999494055148
Eastern Cape,Ward 24403028,EC443,EC443 - Mbizana,EC443 - Winnie Madikizela-Mandela,3868,1974,0.5103412616339194,4110,1921,0.4673965936739659
Eastern Cape,Ward 24403029,EC443,EC443 - Mbizana,EC443 - Winnie Madikizela-Mandela,3476,1833,0.5273302646720368,4077,1767,0.43340691685062543
Eastern Cape,Ward 24403030,EC443,EC443 - Mbizana,EC443 - Winnie Madikizela-Mandela,4213,2452,0.582008070258723,4389,1649,0.37571200729095466
Eastern Cape,Ward 24403031,EC443,EC443 - Mbizana,EC443 - Winnie Madikizela-Mandela,4286,2313,0.5396640223985067,4289,1967,0.4586150617859641
Eastern Cape,Ward 24404001,EC444,EC444 - Ntabankulu,EC444 - Ntabankulu,3361,1963,0.5840523653674502,3351,1868,0.5574455386451805
Eastern Cape,Ward 24404002,EC444,EC444 - Ntabankulu,EC444 - Ntabankulu,3521,1792,0.5089463220675944,3885,1807,0.4651222651222651
Eastern Cape,Ward 24404003,EC444,EC444 - Ntabankulu,EC444 - Ntabankulu,3291,1612,0.4898207231844424,3173,1666,0.5250551528521904
Eastern Cape,Ward 24404004,EC444,EC444 - Ntabankulu,EC444 - Ntabankulu,3295,1964,0.5960546282245827,4012,1925,0.47981056829511465
Eastern Cape,Ward 24404005,EC444,EC444 - Ntabankulu,EC444 - Ntabankulu,4247,2476,0.5829997645396751,3611,1825,0.5054001661589588
Eastern Cape,Ward 24404006,EC444,EC444 - Ntabankulu,EC444 - Ntabankulu,4099,1938,0.47279824347401805,3130,1636,0.5226837060702876
Eastern Cape,Ward 24404007,EC444,EC444 - Ntabankulu,EC444 - Ntabankulu,4126,2242,0.5433834222006786,3452,1639,0.47479721900347627
Eastern Cape,Ward 24404008,EC444,EC444 - Ntabankulu,EC444 - Ntabankulu,4458,2309,0.5179452669358456,3624,1608,0.44370860927152317
Eastern Cape,Ward 24404009,EC444,EC444 - Ntabankulu,EC444 - Ntabankulu,4108,2391,0.582035053554041,2690,966,0.3591078066914498
Eastern Cape,Ward 24404010,EC444,EC444 - Ntabankulu,EC444 - Ntabankulu,3692,1789,0.48456121343445285,3831,1650,0.4306969459671104
Eastern Cape,Ward 24404011,EC444,EC444 - Ntabankulu,EC444 - Ntabankulu,3497,1806,0.5164426651415499,3617,1767,0.4885264030964888
Eastern Cape,Ward 24404012,EC444,EC444 - Ntabankulu,EC444 - Ntabankulu,3451,1878,0.544190089829035,3624,1788,0.49337748344370863
Eastern Cape,Ward 24404013,EC444,EC444 - Ntabankulu,EC444 - Ntabankulu,4162,2168,0.5209034118212398,3843,1693,0.44054124381993237
Eastern Cape,Ward 24404014,EC444,EC444 - Ntabankulu,EC444 - Ntabankulu,3259,1976,0.60632095734888,3505,1759,0.5018544935805992
Eastern Cape,Ward 24404015,EC444,EC444 - Ntabankulu,EC444 - Ntabankulu,3923,2187,0.5574815192454754,3522,1756,0.498580352072686
Eastern Cape,Ward 24404016,EC444,EC444 - Ntabankulu,EC444 - Ntabankulu,3432,1615,0.47057109557109555,3195,1926,0.6028169014084507
Eastern Cape,Ward 24404017,EC444,EC444 - Ntabankulu,EC444 - Ntabankulu,4215,2386,0.566073546856465,3653,1718,0.4702983848891322
Eastern Cape,Ward 29300001,NMA,NMA - Nelson Mandela Bay,NMA - Nelson Mandela Bay,13237,8732,0.6596660874820579,12638,5505,0.4355910745371103
Eastern Cape,Ward 29300002,NMA,NMA - Nelson Mandela Bay,NMA - Nelson Mandela Bay,9828,7240,0.7366707366707367,9982,4871,0.4879783610498898
Eastern Cape,Ward 29300003,NMA,NMA - Nelson Mandela Bay,NMA - Nelson Mandela Bay,11834,8861,0.7487747169173568,11467,6656,0.58044824278364
Eastern Cape,Ward 29300004,NMA,NMA - Nelson Mandela Bay,NMA - Nelson Mandela Bay,11538,6044,0.5238342867048015,11127,4170,0.3747640873550822
Eastern Cape,Ward 29300005,NMA,NMA - Nelson Mandela Bay,NMA - Nelson Mandela Bay,10169,5677,0.5582653161569476,9982,3569,0.35754357844119417
Eastern Cape,Ward 29300006,NMA,NMA - Nelson Mandela Bay,NMA - Nelson Mandela Bay,11971,9524,0.7955893409071924,9950,5992,0.6022110552763819
Eastern Cape,Ward 29300007,NMA,NMA - Nelson Mandela Bay,NMA - Nelson Mandela Bay,12920,9636,0.7458204334365325,11121,6550,0.5889758115277403
Eastern Cape,Ward 29300008,NMA,NMA - Nelson Mandela Bay,NMA - Nelson Mandela Bay,11498,9051,0.787180379196382,12046,6970,0.5786153079860534
Eastern Cape,Ward 29300009,NMA,NMA - Nelson Mandela Bay,NMA - Nelson Mandela Bay,10641,8476,0.796541678413683,10647,6410,0.6020475251244481
Eastern Cape,Ward 29300010,NMA,NMA - Nelson Mandela Bay,NMA - Nelson Mandela Bay,11533,7932,0.6877655423567155,9995,5494,0.5496748374187094
Eastern Cape,Ward 29300011,NMA,NMA - Nelson Mandela Bay,NMA - Nelson Mandela Bay,9131,5927,0.64910743620633,10659,4903,0.459986865559621
Eastern Cape,Ward 29300012,NMA,NMA - Nelson Mandela Bay,NMA - Nelson Mandela Bay,13186,9476,0.7186409828606097,11221,6029,0.5372961411638891
Eastern Cape,Ward 29300013,NMA,NMA - Nelson Mandela Bay,NMA - Nelson Mandela Bay,9757,6127,0.6279594137542277,9627,4300,0.44666043419549184
Eastern Cape,Ward 29300014,NMA,NMA - Nelson Mandela Bay,NMA - Nelson Mandela Bay,10148,5934,0.5847457627118644,9206,3911,0.4248316315446448
Eastern Cape,Ward 29300015,NMA,NMA - Nelson Mandela Bay,NMA - Nelson Mandela Bay,8806,5303,0.6022030433795139,8139,3948,0.4850718761518614
Eastern Cape,Ward 29300016,NMA,NMA - Nelson Mandela Bay,NMA - Nelson Mandela Bay,8130,4819,0.5927429274292743,7449,3300,0.44301248489730166
Eastern Cape,Ward 29300017,NMA,NMA - Nelson Mandela Bay,NMA - Nelson Mandela Bay,7618,4231,0.5553951168285639,8599,4382,0.509594138853355
Eastern Cape,Ward 29300018,NMA,NMA - Nelson Mandela Bay,NMA - Nelson Mandela Bay,8505,4911,0.5774250440917108,7825,3163,0.4042172523961661
Eastern Cape,Ward 29300019,NMA,NMA - Nelson Mandela Bay,NMA - Nelson Mandela Bay,9432,5409,0.5734732824427481,8344,3248,0.38926174496644295
Eastern Cape,Ward 29300020,NMA,NMA - Nelson Mandela Bay,NMA - Nelson Mandela Bay,9195,5151,0.5601957585644372,8134,3158,0.38824686501106465
Eastern Cape,Ward 29300021,NMA,NMA - Nelson Mandela Bay,NMA - Nelson Mandela Bay,7885,4714,0.5978440076093849,8845,3709,0.4193329564725834
Eastern Cape,Ward 29300022,NMA,NMA - Nelson Mandela Bay,NMA - Nelson Mandela Bay,8136,4989,0.6132005899705014,7664,3353,0.4375
Eastern Cape,Ward 29300023,NMA,NMA - Nelson Mandela Bay,NMA - Nelson Mandela Bay,8824,5442,0.6167271078875793,8096,3240,0.40019762845849804
Eastern Cape,Ward 29300024,NMA,NMA - Nelson Mandela Bay,NMA - Nelson Mandela Bay,6712,4123,0.6142729439809297,8476,3533,0.41682397357243983
Eastern Cape,Ward 29300025,NMA,NMA - Nelson Mandela Bay,NMA - Nelson Mandela Bay,10390,6340,0.6102021174205967,9624,4047,0.4205112219451372
Eastern Cape,Ward 29300026,NMA,NMA - Nelson Mandela Bay,NMA - Nelson Mandela Bay,9478,5757,0.6074066258704368,8410,3284,0.390487514863258
Eastern Cape,Ward 29300027,NMA,NMA - Nelson Mandela Bay,NMA - Nelson Mandela Bay,9009,5278,0.5858585858585859,7724,3057,0.39577938891765924
Eastern Cape,Ward 29300028,NMA,NMA - Nelson Mandela Bay,NMA - Nelson Mandela Bay,8328,5069,0.608669548511047,8686,3713,0.42746949113516003
Eastern Cape,Ward 29300029,NMA,NMA - Nelson Mandela Bay,NMA - Nelson Mandela Bay,10106,5763,0.5702552938848209,10876,4022,0.36980507539536595
Eastern Cape,Ward 29300030,NMA,NMA - Nelson Mandela Bay,NMA - Nelson Mandela Bay,9474,5900,0.6227570192104708,8830,3612,0.40906002265005664
Eastern Cape,Ward 29300031,NMA,NMA - Nelson Mandela Bay,NMA - Nelson Mandela Bay,8485,5350,0.6305244549204478,10869,5183,0.4768607967614316
Eastern Cape,Ward 29300032,NMA,NMA - Nelson Mandela Bay,NMA - Nelson Mandela Bay,12226,8250,0.6747914281040406,11001,5342,0.4855922188891919
Eastern Cape,Ward 29300033,NMA,NMA - Nelson Mandela Bay,NMA - Nelson Mandela Bay,9610,5425,0.5645161290322581,10502,4449,0.4236335936012188
Eastern Cape,Ward 29300034,NMA,NMA - Nelson Mandela Bay,NMA - Nelson Mandela Bay,11224,7617,0.6786350677120456,10961,5263,0.4801569199890521
Eastern Cape,Ward 29300035,NMA,NMA - Nelson Mandela Bay,NMA - Nelson Mandela Bay,11657,7889,0.6767607446169683,10905,5029,0.461164603392939
Eastern Cape,Ward 29300036,NMA,NMA - Nelson Mandela Bay,NMA - Nelson Mandela Bay,9574,5801,0.6059118445790683,8853,3577,0.40404382695131597
Eastern Cape,Ward 29300037,NMA,NMA - Nelson Mandela Bay,NMA - Nelson Mandela Bay,10763,7005,0.650840843630958,11157,4828,0.4327328134803263
Eastern Cape,Ward 29300038,NMA,NMA - Nelson Mandela Bay,NMA - Nelson Mandela Bay,11124,6031,0.5421610931319669,10456,4158,0.3976664116296863
Eastern Cape,Ward 29300039,NMA,NMA - Nelson Mandela Bay,NMA - Nelson Mandela Bay,12550,9324,0.7429482071713147,10960,6301,0.5749087591240876
Eastern Cape,Ward 29300040,NMA,NMA - Nelson Mandela Bay,NMA - Nelson Mandela Bay,12440,8137,0.6540996784565917,12069,6521,0.5403098848289005
Eastern Cape,Ward 29300041,NMA,NMA - Nelson Mandela Bay,NMA - Nelson Mandela Bay,13166,7385,0.5609144766823637,10599,4999,0.47164826870459475
Eastern Cape,Ward 29300042,NMA,NMA - Nelson Mandela Bay,NMA - Nelson Mandela Bay,8328,5295,0.635806916426513,7552,3128,0.4141949152542373
Eastern Cape,Ward 29300043,NMA,NMA - Nelson Mandela Bay,NMA - Nelson Mandela Bay,7693,4310,0.5602495775380216,9076,4077,0.4492066989863376
Eastern Cape,Ward 29300044,NMA,NMA - Nelson Mandela Bay,NMA - Nelson Mandela Bay,9137,5175,0.5663784612017073,8285,3541,0.4273989136994569
Eastern Cape,Ward 29300045,NMA,NMA - Nelson Mandela Bay,NMA - Nelson Mandela Bay,10098,5967,0.5909090909090909,9586,3887,0.40548716878781554
Eastern Cape,Ward 29300046,NMA,NMA - Nelson Mandela Bay,NMA - Nelson Mandela Bay,10285,6000,0.583373845405931,9168,3984,0.43455497382198954
Eastern Cape,Ward 29300047,NMA,NMA - Nelson Mandela Bay,NMA - Nelson Mandela Bay,8912,5401,0.6060368043087971,8332,3581,0.42978876620259243
Eastern Cape,Ward 29300048,NMA,NMA - Nelson Mandela Bay,NMA - Nelson Mandela Bay,10793,6616,0.6129899008616696,7847,2955,0.3765770358098636
Eastern Cape,Ward 29300049,NMA,NMA - Nelson Mandela Bay,NMA - Nelson Mandela Bay,9756,6263,0.6419639196391964,9112,4001,0.4390913081650571
Eastern Cape,Ward 29300050,NMA,NMA - Nelson Mandela Bay,NMA - Nelson Mandela Bay,8898,5275,0.5928298494043606,9752,3685,0.3778712059064807
Eastern Cape,Ward 29300051,NMA,NMA - Nelson Mandela Bay,NMA - Nelson Mandela Bay,11834,8820,0.7453101233733311,11358,5794,0.5101250220109174
Eastern Cape,Ward 29300052,NMA,NMA - Nelson Mandela Bay,NMA - Nelson Mandela Bay,10722,7905,0.7372691662003358,11032,6434,0.5832124728063814
Eastern Cape,Ward 29300053,NMA,NMA - Nelson Mandela Bay,NMA - Nelson Mandela Bay,11515,7721,0.670516717325228,10360,4470,0.4314671814671815
Eastern Cape,Ward 29300054,NMA,NMA - Nelson Mandela Bay,NMA - Nelson Mandela Bay,11492,6891,0.59963452836756,11917,5285,0.4434840983468994
Eastern Cape,Ward 29300055,NMA,NMA - Nelson Mandela Bay,NMA - Nelson Mandela Bay,11480,6562,0.571602787456446,8810,3667,0.41623155505107834
Eastern Cape,Ward 29300056,NMA,NMA - Nelson Mandela Bay,NMA - Nelson Mandela Bay,7499,4547,0.6063475130017336,8657,3412,0.3941319163682569
Eastern Cape,Ward 29300057,NMA,NMA - Nelson Mandela Bay,NMA - Nelson Mandela Bay,9200,5402,0.5871739130434782,8590,3580,0.4167636786961583
Eastern Cape,Ward 29300058,NMA,NMA - Nelson Mandela Bay,NMA - Nelson Mandela Bay,9805,6112,0.6233554309026007,8964,3702,0.41298527443105754
Eastern Cape,Ward 29300059,NMA,NMA - Nelson Mandela Bay,NMA - Nelson Mandela Bay,9027,5345,0.5921125512351834,8587,3451,0.40188657272621403
Eastern Cape,Ward 29300060,NMA,NMA - Nelson Mandela Bay,NMA - Nelson Mandela Bay,12505,7845,0.6273490603758497,12564,5589,0.44484240687679083
Free State,Ward 41601001,FS161,FS161 - Letsemeng,FS161 - Letsemeng,2962,1659,0.5600945307224848,2371,1068,0.45044285111767185
Free State,Ward 41601002,FS161,FS161 - Letsemeng,FS161 - Letsemeng,3420,2011,0.5880116959064328,3006,1558,0.5182967398536261
Free State,Ward 41601003,FS161,FS161 - Letsemeng,FS161 - Letsemeng,3663,2216,0.6049686049686049,2843,1464,0.5149489975378122
Free State,Ward 41601004,FS161,FS161 - Letsemeng,FS161 - Letsemeng,3282,1980,0.603290676416819,3244,1590,0.49013563501849566
Free State,Ward 41601005,FS161,FS161 - Letsemeng,FS161 - Letsemeng,3042,1662,0.5463510848126233,2964,1440,0.48582995951417
Free State,Ward 41601006,FS161,FS161 - Letsemeng,FS161 - Letsemeng,3089,2009,0.6503722887665911,2398,1215,0.5066722268557131
Free State,Ward 41602001,FS162,FS162 - Kopanong,FS162 - Kopanong,3232,1970,0.6095297029702971,2888,1242,0.43005540166204986
Free State,Ward 41602002,FS162,FS162 - Kopanong,FS162 - Kopanong,3652,2246,0.6150054764512596,2899,1447,0.49913763366678165
Free State,Ward 41602003,FS162,FS162 - Kopanong,FS162 - Kopanong,3713,2210,0.5952060328575276,3619,1780,0.4918485769549599
Free State,Ward 41602004,FS162,FS162 - Kopanong,FS162 - Kopanong,3227,2069,0.6411527734738147,2529,1280,0.5061289047054172
Free State,Ward 41602005,FS162,FS162 - Kopanong,FS162 - Kopanong,2758,1757,0.6370558375634517,2395,1240,0.5177453027139874
Free State,Ward 41602006,FS162,FS162 - Kopanong,FS162 - Kopanong,3166,2017,0.6370814908401768,2995,1431,0.47779632721202003
Free State,Ward 41602007,FS162,FS162 - Kopanong,FS162 - Kopanong,2885,1750,0.6065857885615251,2379,1163,0.48886086591004624
Free State,Ward 41602008,FS162,FS162 - Kopanong,FS162 - Kopanong,3275,2096,0.64,3179,1583,0.49795533186536645
Free State,Ward 41603001,FS163,FS163 - Mohokare,FS163 - Mohokare,3572,1777,0.4974804031354983,3281,1361,0.4148125571472112
Free State,Ward 41603002,FS163,FS163 - Mohokare,FS163 - Mohokare,3080,1782,0.5785714285714286,1277,641,0.5019577133907596
Free State,Ward 41603003,FS163,FS163 - Mohokare,FS163 - Mohokare,2770,1454,0.5249097472924188,2399,988,0.4118382659441434
Free State,Ward 41603004,FS163,FS163 - Mohokare,FS163 - Mohokare,2489,1391,0.5588589795098433,2968,1911,0.6438679245283019
Free State,Ward 41603005,FS163,FS163 - Mohokare,FS163 - Mohokare,3044,1648,0.5413929040735874,2382,1162,0.4878253568429891
Free State,Ward 41603006,FS163,FS163 - Mohokare,FS163 - Mohokare,3528,2203,0.6244331065759637,3758,2134,0.5678552421500799
Free State,Ward 41801001,FS181,FS181 - Masilonyana,FS181 - Masilonyana,3345,2086,0.6236173393124066,2959,1440,0.48665089557282865
Free State,Ward 41801002,FS181,FS181 - Masilonyana,FS181 - Masilonyana,2435,1556,0.6390143737166324,2418,1080,0.4466501240694789
Free State,Ward 41801003,FS181,FS181 - Masilonyana,FS181 - Masilonyana,3114,1964,0.6307000642260758,2097,987,0.47067238912732473
Free State,Ward 41801004,FS181,FS181 - Masilonyana,FS181 - Masilonyana,3252,1894,0.5824108241082411,3217,1723,0.5355921666148585
Free State,Ward 41801005,FS181,FS181 - Masilonyana,FS181 - Masilonyana,3929,1940,0.4937643166200051,3560,1348,0.37865168539325844
Free State,Ward 41801006,FS181,FS181 - Masilonyana,FS181 - Masilonyana,3194,1596,0.4996869129618034,3824,1440,0.37656903765690375
Free State,Ward 41801007,FS181,FS181 - Masilonyana,FS181 - Masilonyana,2921,1746,0.5977404998288257,2650,1172,0.4422641509433962
Free State,Ward 41801008,FS181,FS181 - Masilonyana,FS181 - Masilonyana,3145,1895,0.6025437201907791,2945,1348,0.4577249575551783
Free State,Ward 41801009,FS181,FS181 - Masilonyana,FS181 - Masilonyana,3126,1771,0.5665387076135636,3053,1409,0.4615132656403538
Free State,Ward 41801010,FS181,FS181 - Masilonyana,FS181 - Masilonyana,2692,1736,0.6448736998514116,2685,1203,0.4480446927374302
Free State,Ward 41802001,FS182,FS182 - Tokologo,FS182 - Tokologo,3518,2423,0.6887436043206367,2420,1568,0.6479338842975206
Free State,Ward 41802002,FS182,FS182 - Tokologo,FS182 - Tokologo,4154,2659,0.6401059220028887,1781,1056,0.5929253228523301
Free State,Ward 41802003,FS182,FS182 - Tokologo,FS182 - Tokologo,3337,1952,0.5849565477974228,1586,974,0.6141235813366961
Free State,Ward 41802004,FS182,FS182 - Tokologo,FS182 - Tokologo,2752,1592,0.5784883720930233,2033,1057,0.5199212985735366
Free State,Ward 41803001,FS183,FS183 - Tswelopele,FS183 - Tswelopele,2718,1431,0.5264900662251656,3358,1417,0.42197736748064324
Free State,Ward 41803002,FS183,FS183 - Tswelopele,FS183 - Tswelopele,4090,2480,0.6063569682151589,3270,1389,0.42477064220183486
Free State,Ward 41803003,FS183,FS183 - Tswelopele,FS183 - Tswelopele,3407,1946,0.5711769885529792,2591,1085,0.41875723658818986
Free State,Ward 41803004,FS183,FS183 - Tswelopele,FS183 - Tswelopele,3548,2372,0.6685456595264938,3142,1649,0.5248249522597072
Free State,Ward 41803005,FS183,FS183 - Tswelopele,FS183 - Tswelopele,2735,1437,0.5254113345521024,2298,1076,0.46823324630113144
Free State,Ward 41803006,FS183,FS183 - Tswelopele,FS183 - Tswelopele,3474,2094,0.6027633851468048,3354,1598,0.47644603458556944
Free State,Ward 41803007,FS183,FS183 - Tswelopele,FS183 - Tswelopele,3109,1952,0.627854615632036,2620,1244,0.47480916030534354
Free State,Ward 41803008,FS183,FS183 - Tswelopele,FS183 - Tswelopele,3152,2071,0.6570431472081218,3557,1741,0.4894574079280292
Free State,Ward 41804001,FS184,FS184 - Matjhabeng,FS184 - Matjhabeng,6460,3227,0.49953560371517025,6304,2703,0.4287753807106599
Free State,Ward 41804002,FS184,FS184 - Matjhabeng,FS184 - Matjhabeng,6631,3951,0.5958377318654803,5845,2522,0.43147989734816083
Free State,Ward 41804003,FS184,FS184 - Matjhabeng,FS184 - Matjhabeng,6275,3714,0.5918725099601594,6923,4011,0.5793731041456016
Free State,Ward 41804004,FS184,FS184 - Matjhabeng,FS184 - Matjhabeng,5573,3308,0.5935761708236138,5469,2814,0.5145364783324191
Free State,Ward 41804005,FS184,FS184 - Matjhabeng,FS184 - Matjhabeng,4273,2234,0.5228176924877136,4120,1832,0.4446601941747573
Free State,Ward 41804006,FS184,FS184 - Matjhabeng,FS184 - Matjhabeng,5785,3189,0.5512532411408816,5355,2375,0.44351073762838467
Free State,Ward 41804007,FS184,FS184 - Matjhabeng,FS184 - Matjhabeng,5991,3607,0.6020697713236521,5717,2514,0.43974112296659085
Free State,Ward 41804008,FS184,FS184 - Matjhabeng,FS184 - Matjhabeng,5018,2694,0.5368672777999203,4833,2211,0.45747982619491
Free State,Ward 41804009,FS184,FS184 - Matjhabeng,FS184 - Matjhabeng,6617,3751,0.5668732053800816,6046,2780,0.4598081376116441
Free State,Ward 41804010,FS184,FS184 - Matjhabeng,FS184 - Matjhabeng,5747,3436,0.5978771532973726,5604,2451,0.43736616702355463
Free State,Ward 41804011,FS184,FS184 - Matjhabeng,FS184 - Matjhabeng,6290,3420,0.5437201907790143,6582,3240,0.49225159525979945
Free State,Ward 41804012,FS184,FS184 - Matjhabeng,FS184 - Matjhabeng,4905,2456,0.5007135575942916,4604,1916,0.4161598609904431
Free State,Ward 41804013,FS184,FS184 - Matjhabeng,FS184 - Matjhabeng,4619,2776,0.6009958865555315,5720,2352,0.4111888111888112
Free State,Ward 41804014,FS184,FS184 - Matjhabeng,FS184 - Matjhabeng,6388,3260,0.5103318722604884,5745,2561,0.44577893820713665
Free State,Ward 41804015,FS184,FS184 - Matjhabeng,FS184 - Matjhabeng,4956,2449,0.49414850686037126,4521,1689,0.3735899137358991
Free State,Ward 41804016,FS184,FS184 - Matjhabeng,FS184 - Matjhabeng,5865,3188,0.5435635123614663,6614,2699,0.40807378288478985
Free State,Ward 41804017,FS184,FS184 - Matjhabeng,FS184 - Matjhabeng,7466,4056,0.5432627913206536,5705,3230,0.5661700262927257
Free State,Ward 41804018,FS184,FS184 - Matjhabeng,FS184 - Matjhabeng,5042,2778,0.5509718365727886,5628,2347,0.4170220326936745
Free State,Ward 41804019,FS184,FS184 - Matjhabeng,FS184 - Matjhabeng,6438,3715,0.5770425598011805,6056,2447,0.4040620871862616
Free State,Ward 41804020,FS184,FS184 - Matjhabeng,FS184 - Matjhabeng,5256,2589,0.4925799086757991,4671,1850,0.39606080068507815
Free State,Ward 41804021,FS184,FS184 - Matjhabeng,FS184 - Matjhabeng,6017,3409,0.5665614093402027,5558,2382,0.42857142857142855
Free State,Ward 41804022,FS184,FS184 - Matjhabeng,FS184 - Matjhabeng,6154,3208,0.5212869678258043,5300,1946,0.3671698113207547
Free State,Ward 41804023,FS184,FS184 - Matjhabeng,FS184 - Matjhabeng,6441,3321,0.5156031672100605,5969,2450,0.4104540123973865
Free State,Ward 41804024,FS184,FS184 - Matjhabeng,FS184 - Matjhabeng,5475,2370,0.4328767123287671,4561,1272,0.2788862091646569
Free State,Ward 41804025,FS184,FS184 - Matjhabeng,FS184 - Matjhabeng,7587,4575,0.6030051403716884,7437,3615,0.48608309802339655
Free State,Ward 41804026,FS184,FS184 - Matjhabeng,FS184 - Matjhabeng,5192,2856,0.5500770416024653,4573,1875,0.4100153072381369
Free State,Ward 41804027,FS184,FS184 - Matjhabeng,FS184 - Matjhabeng,5402,3093,0.5725657164013328,5731,2881,0.5027045890769499
Free State,Ward 41804028,FS184,FS184 - Matjhabeng,FS184 - Matjhabeng,4197,2309,0.5501548725279962,3837,1539,0.40109460516028145
Free State,Ward 41804029,FS184,FS184 - Matjhabeng,FS184 - Matjhabeng,5189,2758,0.5315089612642128,4474,1817,0.4061242735806884
Free State,Ward 41804030,FS184,FS184 - Matjhabeng,FS184 - Matjhabeng,4875,2286,0.46892307692307694,4354,1377,0.31626090950849794
Free State,Ward 41804031,FS184,FS184 - Matjhabeng,FS184 - Matjhabeng,5235,2531,0.48347659980897806,4675,1827,0.39080213903743316
Free State,Ward 41804032,FS184,FS184 - Matjhabeng,FS184 - Matjhabeng,6694,3815,0.5699133552435016,6067,2849,0.46958958298994563
Free State,Ward 41804033,FS184,FS184 - Matjhabeng,FS184 - Matjhabeng,6002,3461,0.5766411196267911,5665,2753,0.4859664607237423
Free State,Ward 41804034,FS184,FS184 - Matjhabeng,FS184 - Matjhabeng,6487,3936,0.6067519654694004,6319,3483,0.5511948093052699
Free State,Ward 41804035,FS184,FS184 - Matjhabeng,FS184 - Matjhabeng,5962,3180,0.5333780610533378,6005,2891,0.4814321398834305
Free State,Ward 41804036,FS184,FS184 - Matjhabeng,FS184 - Matjhabeng,5471,3111,0.5686346188996527,5266,2478,0.4705658944170148
Free State,Ward 41805001,FS185,FS185 - Nala,FS185 - Nala,3543,1738,0.49054473609935084,3133,1255,0.4005745292052346
Free State,Ward 41805002,FS185,FS185 - Nala,FS185 - Nala,3363,2058,0.6119536128456735,3433,1977,0.5758811535100495
Free State,Ward 41805003,FS185,FS185 - Nala,FS185 - Nala,3316,1866,0.5627261761158022,3036,1495,0.49242424242424243
Free State,Ward 41805004,FS185,FS185 - Nala,FS185 - Nala,3128,1642,0.5249360613810742,2941,1172,0.39850391023461407
Free State,Ward 41805005,FS185,FS185 - Nala,FS185 - Nala,3375,2099,0.6219259259259259,3060,1543,0.5042483660130719
Free State,Ward 41805006,FS185,FS185 - Nala,FS185 - Nala,3410,1893,0.5551319648093842,3015,1499,0.49718076285240465
Free State,Ward 41805007,FS185,FS185 - Nala,FS185 - Nala,2693,1649,0.6123282584478277,2550,1357,0.532156862745098
Free State,Ward 41805008,FS185,FS185 - Nala,FS185 - Nala,2880,1522,0.5284722222222222,2753,1189,0.4318924809298947
Free State,Ward 41805009,FS185,FS185 - Nala,FS185 - Nala,3733,2067,0.5537101526922047,3729,1609,0.4314829713059802
Free State,Ward 41805010,FS185,FS185 - Nala,FS185 - Nala,2641,1143,0.4327906096175691,2361,740,0.313426514188903
Free State,Ward 41805011,FS185,FS185 - Nala,FS185 - Nala,3736,1981,0.5302462526766595,3405,1429,0.41967694566813507
Free State,Ward 41805012,FS185,FS185 - Nala,FS185 - Nala,4619,3058,0.6620480623511582,4547,2487,0.5469540356278865
Free State,Ward 41901001,FS191,FS191 - Setsoto,FS191 - Setsoto,3073,1826,0.5942076147087536,3640,1619,0.44478021978021975
Free State,Ward 41901002,FS191,FS191 - Setsoto,FS191 - Setsoto,3878,2173,0.5603403816400206,2683,1166,0.43458814759597464
Free State,Ward 41901003,FS191,FS191 - Setsoto,FS191 - Setsoto,2916,1517,0.5202331961591221,2778,1215,0.4373650107991361
Free State,Ward 41901004,FS191,FS191 - Setsoto,FS191 - Setsoto,3351,2008,0.5992241122053118,3205,1859,0.58003120124805
Free State,Ward 41901005,FS191,FS191 - Setsoto,FS191 - Setsoto,3478,1678,0.4824611845888442,3003,1173,0.3906093906093906
Free State,Ward 41901006,FS191,FS191 - Setsoto,FS191 - Setsoto,4208,2521,0.5990969581749049,4511,2385,0.5287076036355576
Free State,Ward 41901007,FS191,FS191 - Setsoto,FS191 - Setsoto,2842,1596,0.5615763546798029,2651,1376,0.5190494153149755
Free State,Ward 41901008,FS191,FS191 - Setsoto,FS191 - Setsoto,3754,2060,0.5487480021310602,3344,1693,0.50627990430622
Free State,Ward 41901009,FS191,FS191 - Setsoto,FS191 - Setsoto,2592,1599,0.6168981481481481,3214,1582,0.492221530802738
Free State,Ward 41901010,FS191,FS191 - Setsoto,FS191 - Setsoto,4019,1789,0.4451356058721075,3793,1403,0.3698919061428948
Free State,Ward 41901011,FS191,FS191 - Setsoto,FS191 - Setsoto,3109,1722,0.5538758443229335,2784,1285,0.461566091954023
Free State,Ward 41901012,FS191,FS191 - Setsoto,FS191 - Setsoto,3114,1659,0.5327552986512524,2959,1308,0.4420412301453194
Free State,Ward 41901013,FS191,FS191 - Setsoto,FS191 - Setsoto,4197,2201,0.5244222063378604,3908,1596,0.4083930399181167
Free State,Ward 41901014,FS191,FS191 - Setsoto,FS191 - Setsoto,3356,1661,0.4949344457687723,3132,1203,0.38409961685823757
Free State,Ward 41901015,FS191,FS191 - Setsoto,FS191 - Setsoto,4329,2594,0.5992145992145992,3678,1828,0.49700924415443176
Free State,Ward 41901016,FS191,FS191 - Setsoto,FS191 - Setsoto,3774,1657,0.4390567037625861,3549,1304,0.36742744435052127
Free State,Ward 41901017,FS191,FS191 - Setsoto,FS191 - Setsoto,3063,1433,0.46784198498204377,2886,966,0.33471933471933474
Free State,Ward 41902001,FS192,FS192 - Dihlabeng,FS192 - Dihlabeng,3162,1717,0.543010752688172,2981,1273,0.4270379067427038
Free State,Ward 41902002,FS192,FS192 - Dihlabeng,FS192 - Dihlabeng,3099,1654,0.5337205550177476,2932,1197,0.4082537517053206
Free State,Ward 41902003,FS192,FS192 - Dihlabeng,FS192 - Dihlabeng,4062,2657,0.6541112752338749,4205,2404,0.5717003567181926
Free State,Ward 41902004,FS192,FS192 - Dihlabeng,FS192 - Dihlabeng,3692,2217,0.6004875406283857,3511,1497,0.4263742523497579
Free State,Ward 41902005,FS192,FS192 - Dihlabeng,FS192 - Dihlabeng,2257,1153,0.5108551174124945,2997,1194,0.3983983983983984
Free State,Ward 41902006,FS192,FS192 - Dihlabeng,FS192 - Dihlabeng,4094,2420,0.5911089399120665,3789,1758,0.4639746634996041
Free State,Ward 41902007,FS192,FS192 - Dihlabeng,FS192 - Dihlabeng,3534,2089,0.5911148839841539,3536,1622,0.458710407239819
Free State,Ward 41902008,FS192,FS192 - Dihlabeng,FS192 - Dihlabeng,3149,1705,0.54144172753255,3696,1625,0.43966450216450215
Free State,Ward 41902009,FS192,FS192 - Dihlabeng,FS192 - Dihlabeng,3999,2345,0.5863965991497875,3012,1523,0.5056440903054449
Free State,Ward 41902010,FS192,FS192 - Dihlabeng,FS192 - Dihlabeng,3497,2493,0.7128967686588504,3565,2379,0.6673211781206171
Free State,Ward 41902011,FS192,FS192 - Dihlabeng,FS192 - Dihlabeng,3807,2103,0.5524034672970843,3517,1806,0.5135058288313904
Free State,Ward 41902012,FS192,FS192 - Dihlabeng,FS192 - Dihlabeng,3849,2263,0.5879449207586386,3717,1723,0.46354587032553135
Free State,Ward 41902013,FS192,FS192 - Dihlabeng,FS192 - Dihlabeng,2905,1696,0.5838209982788296,2874,1377,0.4791231732776618
Free State,Ward 41902014,FS192,FS192 - Dihlabeng,FS192 - Dihlabeng,3931,2247,0.5716102772831341,3843,1732,0.4506895654436638
Free State,Ward 41902015,FS192,FS192 - Dihlabeng,FS192 - Dihlabeng,3854,2436,0.6320705760249092,4104,2444,0.5955165692007798
Free State,Ward 41902016,FS192,FS192 - Dihlabeng,FS192 - Dihlabeng,4351,2341,0.5380372328200413,4100,1854,0.4521951219512195
Free State,Ward 41902017,FS192,FS192 - Dihlabeng,FS192 - Dihlabeng,3874,2088,0.5389778007227671,3781,2073,0.5482676540597725
Free State,Ward 41902018,FS192,FS192 - Dihlabeng,FS192 - Dihlabeng,3708,2337,0.6302588996763754,3688,1895,0.5138286334056399
Free State,Ward 41902019,FS192,FS192 - Dihlabeng,FS192 - Dihlabeng,4228,2391,0.565515610217597,4243,2087,0.49186896064105584
Free State,Ward 41902020,FS192,FS192 - Dihlabeng,FS192 - Dihlabeng,4162,2834,0.6809226333493513,4207,2404,0.5714285714285714
Free State,Ward 41903001,FS193,FS193 - Nketoana,FS193 - Nketoana,3573,2103,0.5885810243492863,3422,1548,0.4523670368205728
Free State,Ward 41903002,FS193,FS193 - Nketoana,FS193 - Nketoana,3906,1952,0.49974398361495137,3523,1564,0.44393982401362475
Free State,Ward 41903003,FS193,FS193 - Nketoana,FS193 - Nketoana,3630,2076,0.571900826446281,3246,1665,0.5129390018484289
Free State,Ward 41903004,FS193,FS193 - Nketoana,FS193 - Nketoana,3192,1495,0.4683583959899749,3219,1759,0.5464429947188568
Free State,Ward 41903005,FS193,FS193 - Nketoana,FS193 - Nketoana,3093,1766,0.5709666989977368,2853,1352,0.4738871363477042
Free State,Ward 41903006,FS193,FS193 - Nketoana,FS193 - Nketoana,3183,1882,0.5912661011624254,3357,1843,0.5490020851951147
Free State,Ward 41903007,FS193,FS193 - Nketoana,FS193 - Nketoana,2794,1487,0.5322118826055834,2532,1049,0.41429699842022116
Free State,Ward 41903008,FS193,FS193 - Nketoana,FS193 - Nketoana,2778,1460,0.5255579553635709,2538,1030,0.40583136327817176
Free State,Ward 41903009,FS193,FS193 - Nketoana,FS193 - Nketoana,4410,2203,0.499546485260771,4001,1590,0.3974006498375406
Free State,Ward 41904001,FS194,FS194 - Maluti a Phofung,FS194 - Maluti a Phofung,6123,3566,0.5823942511840601,6227,2881,0.46266259836197204
Free State,Ward 41904002,FS194,FS194 - Maluti a Phofung,FS194 - Maluti a Phofung,5953,2913,0.48933310935662694,5443,2146,0.3942678669851185
Free State,Ward 41904003,FS194,FS194 - Maluti a Phofung,FS194 - Maluti a Phofung,5531,3245,0.5866931838727174,5636,2715,0.48172462739531585
Free State,Ward 41904004,FS194,FS194 - Maluti a Phofung,FS194 - Maluti a Phofung,5607,2882,0.514000356696986,5102,2096,0.41081928655429245
Free State,Ward 41904005,FS194,FS194 - Maluti a Phofung,FS194 - Maluti a Phofung,5916,3186,0.5385395537525355,5354,2658,0.4964512514008218
Free State,Ward 41904006,FS194,FS194 - Maluti a Phofung,FS194 - Maluti a Phofung,7459,4233,0.5675023461590025,5420,2586,0.47712177121771215
Free State,Ward 41904007,FS194,FS194 - Maluti a Phofung,FS194 - Maluti a Phofung,4921,2660,0.5405405405405406,4431,2243,0.5062062739787858
Free State,Ward 41904008,FS194,FS194 - Maluti a Phofung,FS194 - Maluti a Phofung,4294,2074,0.48299953423381464,3947,1848,0.4682036990119078
Free State,Ward 41904009,FS194,FS194 - Maluti a Phofung,FS194 - Maluti a Phofung,4668,2309,0.49464438731790916,4293,2063,0.48054973212205915
Free State,Ward 41904010,FS194,FS194 - Maluti a Phofung,FS194 - Maluti a Phofung,5179,2624,0.5066615176675033,4754,2352,0.49474127050904504
Free State,Ward 41904011,FS194,FS194 - Maluti a Phofung,FS194 - Maluti a Phofung,4952,2315,0.46748788368336025,4572,2034,0.4448818897637795
Free State,Ward 41904012,FS194,FS194 - Maluti a Phofung,FS194 - Maluti a Phofung,5526,2919,0.5282301845819761,5112,2483,0.48571987480438183
Free State,Ward 41904013,FS194,FS194 - Maluti a Phofung,FS194 - Maluti a Phofung,4703,2439,0.5186051456517117,4401,1985,0.45103385594183143
Free State,Ward 41904014,FS194,FS194 - Maluti a Phofung,FS194 - Maluti a Phofung,4737,2553,0.538948701709943,4411,1893,0.4291543867603718
Free State,Ward 41904015,FS194,FS194 - Maluti a Phofung,FS194 - Maluti a Phofung,4780,2371,0.4960251046025105,4408,1936,0.43920145190562615
Free State,Ward 41904016,FS194,FS194 - Maluti a Phofung,FS194 - Maluti a Phofung,5341,2736,0.5122636210447482,4961,2222,0.44789356984478934
Free State,Ward 41904017,FS194,FS194 - Maluti a Phofung,FS194 - Maluti a Phofung,5704,2947,0.5166549789621319,5312,2195,0.41321536144578314
Free State,Ward 41904018,FS194,FS194 - Maluti a Phofung,FS194 - Maluti a Phofung,5660,3212,0.5674911660777385,5475,3012,0.5501369863013699
Free State,Ward 41904019,FS194,FS194 - Maluti a Phofung,FS194 - Maluti a Phofung,5156,3077,0.5967804499612103,4901,2678,0.5464190981432361
Free State,Ward 41904020,FS194,FS194 - Maluti a Phofung,FS194 - Maluti a Phofung,4624,2365,0.511461937716263,4200,1886,0.44904761904761903
Free State,Ward 41904021,FS194,FS194 - Maluti a Phofung,FS194 - Maluti a Phofung,4766,2405,0.5046160302140159,4290,2933,0.6836829836829836
Free State,Ward 41904022,FS194,FS194 - Maluti a Phofung,FS194 - Maluti a Phofung,3758,2210,0.5880787653006918,5357,2534,0.4730259473585962
Free State,Ward 41904023,FS194,FS194 - Maluti a Phofung,FS194 - Maluti a Phofung,5335,3031,0.5681349578256795,4953,2377,0.47991116495053504
Free State,Ward 41904024,FS194,FS194 - Maluti a Phofung,FS194 - Maluti a Phofung,5481,2907,0.5303776683087028,5617,2441,0.43457361580915077
Free State,Ward 41904025,FS194,FS194 - Maluti a Phofung,FS194 - Maluti a Phofung,4318,2328,0.539138490041686,4761,2113,0.44381432472169713
Free State,Ward 41904026,FS194,FS194 - Maluti a Phofung,FS194 - Maluti a Phofung,5000,2541,0.5082,4702,2202,0.4683113568694173
Free State,Ward 41904027,FS194,FS194 - Maluti a Phofung,FS194 - Maluti a Phofung,5572,2756,0.4946159368269921,5186,2298,0.4431160817585808
Free State,Ward 41904028,FS194,FS194 - Maluti a Phofung,FS194 - Maluti a Phofung,6017,3337,0.5545953132790428,5552,2356,0.4243515850144092
Free State,Ward 41904029,FS194,FS194 - Maluti a Phofung,FS194 - Maluti a Phofung,5177,2463,0.4757581610971605,5013,1929,0.38479952124476363
Free State,Ward 41904030,FS194,FS194 - Maluti a Phofung,FS194 - Maluti a Phofung,4693,2330,0.4964841252929896,5821,2714,0.46624291358873043
Free State,Ward 41904031,FS194,FS194 - Maluti a Phofung,FS194 - Maluti a Phofung,5808,3137,0.5401170798898072,5414,2776,0.5127447358699667
Free State,Ward 41904032,FS194,FS194 - Maluti a Phofung,FS194 - Maluti a Phofung,6516,3536,0.5426642111724984,5269,2401,0.4556841905484912
Free State,Ward 41904033,FS194,FS194 - Maluti a Phofung,FS194 - Maluti a Phofung,5155,2615,0.507274490785645,4613,1839,0.39865597225233035
Free State,Ward 41904034,FS194,FS194 - Maluti a Phofung,FS194 - Maluti a Phofung,5770,2750,0.47660311958405543,6082,2443,0.401677079907925
Free State,Ward 41904035,FS194,FS194 - Maluti a Phofung,FS194 - Maluti a Phofung,5643,2689,0.4765195817827397,4993,2176,0.435810134187863
Free State,Ward 41905001,FS195,FS195 - Phumelela,FS195 - Phumelela,3051,1972,0.6463454605047525,2845,1551,0.5451669595782074
Free State,Ward 41905002,FS195,FS195 - Phumelela,FS195 - Phumelela,3681,2164,0.5878837272480304,3406,1494,0.4386376981796829
Free State,Ward 41905003,FS195,FS195 - Phumelela,FS195 - Phumelela,3795,2150,0.5665349143610013,2461,1120,0.4550995530272247
Free State,Ward 41905004,FS195,FS195 - Phumelela,FS195 - Phumelela,3290,1816,0.5519756838905775,4071,1676,0.4116924588553181
Free State,Ward 41905005,FS195,FS195 - Phumelela,FS195 - Phumelela,3092,1813,0.5863518758085382,2666,1174,0.44036009002250565
Free State,Ward 41905006,FS195,FS195 - Phumelela,FS195 - Phumelela,3014,1657,0.5497677504976775,2820,1213,0.4301418439716312
Free State,Ward 41905007,FS195,FS195 - Phumelela,FS195 - Phumelela,3521,2031,0.5768247656915649,3194,1387,0.4342517219787101
Free State,Ward 41905008,FS195,FS195 - Phumelela,FS195 - Phumelela,2388,1647,0.6896984924623115,2587,1409,0.544646308465404
Free State,Ward 41906001,FS196,FS196 - Mantsopa,FS196 - Mantsopa,3785,2175,0.5746367239101717,3614,1683,0.4656889872717211
Free State,Ward 41906002,FS196,FS196 - Mantsopa,FS196 - Mantsopa,2907,1741,0.5988992088063295,3199,1686,0.5270396999062207
Free State,Ward 41906003,FS196,FS196 - Mantsopa,FS196 - Mantsopa,2762,1209,0.4377262853005069,2521,924,0.3665212217374058
Free State,Ward 41906004,FS196,FS196 - Mantsopa,FS196 - Mantsopa,3491,1916,0.5488398739616156,3420,1488,0.43508771929824563
Free State,Ward 41906005,FS196,FS196 - Mantsopa,FS196 - Mantsopa,2611,1319,0.5051704327843738,2530,1021,0.40355731225296443
Free State,Ward 41906006,FS196,FS196 - Mantsopa,FS196 - Mantsopa,3236,1378,0.4258343634116193,2998,1145,0.3819212808539026
Free State,Ward 41906007,FS196,FS196 - Mantsopa,FS196 - Mantsopa,4183,2302,0.5503227348792733,3937,1849,0.4696469392938786
Free State,Ward 41906008,FS196,FS196 - Mantsopa,FS196 - Mantsopa,2728,1729,0.6337976539589443,2745,1479,0.5387978142076503
Free State,Ward 41906009,FS196,FS196 - Mantsopa,FS196 - Mantsopa,2673,1551,0.5802469135802469,2648,1266,0.4780966767371601
Free State,Ward 42001001,FS201,FS201 - Moqhaka,FS201 - Moqhaka,4029,2117,0.5254405559692231,3088,1364,0.4417098445595855
Free State,Ward 42001002,FS201,FS201 - Moqhaka,FS201 - Moqhaka,2929,1377,0.4701263229771253,3485,1659,0.4760401721664275
Free State,Ward 42001003,FS201,FS201 - Moqhaka,FS201 - Moqhaka,3710,2221,0.5986522911051213,3632,1829,0.503579295154185
Free State,Ward 42001004,FS201,FS201 - Moqhaka,FS201 - Moqhaka,3356,1778,0.5297973778307509,3222,1334,0.41402855369335817
Free State,Ward 42001005,FS201,FS201 - Moqhaka,FS201 - Moqhaka,3824,2005,0.5243200836820083,3663,1681,0.4589134589134589
Free State,Ward 42001006,FS201,FS201 - Moqhaka,FS201 - Moqhaka,4123,1999,0.484841135095804,3759,1453,0.3865389731311519
Free State,Ward 42001007,FS201,FS201 - Moqhaka,FS201 - Moqhaka,3622,1813,0.5005521811154059,4006,1549,0.3866699950074888
Free State,Ward 42001008,FS201,FS201 - Moqhaka,FS201 - Moqhaka,2890,1472,0.5093425605536333,2810,1225,0.4359430604982206
Free State,Ward 42001009,FS201,FS201 - Moqhaka,FS201 - Moqhaka,3006,1497,0.49800399201596807,2934,1274,0.4342194955691888
Free State,Ward 42001010,FS201,FS201 - Moqhaka,FS201 - Moqhaka,4095,2448,0.5978021978021978,3854,1224,0.3175921120913337
Free State,Ward 42001011,FS201,FS201 - Moqhaka,FS201 - Moqhaka,4183,1986,0.47477886684197945,3049,1042,0.3417513938996392
Free State,Ward 42001012,FS201,FS201 - Moqhaka,FS201 - Moqhaka,3024,1616,0.5343915343915344,3098,1350,0.4357650096836669
Free State,Ward 42001013,FS201,FS201 - Moqhaka,FS201 - Moqhaka,3103,1826,0.588462777956816,3471,1709,0.4923653125900317
Free State,Ward 42001014,FS201,FS201 - Moqhaka,FS201 - Moqhaka,2901,1575,0.5429162357807652,2697,1137,0.42157953281423804
Free State,Ward 42001015,FS201,FS201 - Moqhaka,FS201 - Moqhaka,2971,1529,0.5146415348367553,2908,1154,0.39683631361760663
Free State,Ward 42001016,FS201,FS201 - Moqhaka,FS201 - Moqhaka,3016,1360,0.4509283819628647,3032,1422,0.46899736147757254
Free State,Ward 42001017,FS201,FS201 - Moqhaka,FS201 - Moqhaka,4085,2708,0.6629130966952265,3905,2344,0.6002560819462228
Free State,Ward 42001018,FS201,FS201 - Moqhaka,FS201 - Moqhaka,3821,2013,0.5268254383669196,4248,1802,0.4241996233521657
Free State,Ward 42001019,FS201,FS201 - Moqhaka,FS201 - Moqhaka,3862,1963,0.5082858622475401,3549,1344,0.378698224852071
Free State,Ward 42001020,FS201,FS201 - Moqhaka,FS201 - Moqhaka,2675,1321,0.49383177570093456,4063,1475,0.36303224218557717
Free State,Ward 42001021,FS201,FS201 - Moqhaka,FS201 - Moqhaka,3843,1881,0.4894613583138173,4016,1513,0.3767430278884462
Free State,Ward 42001022,FS201,FS201 - Moqhaka,FS201 - Moqhaka,3486,1495,0.42885829030407346,3889,1220,0.31370532270506557
Free State,Ward 42003001,FS203,FS203 - Ngwathe,FS203 - Ngwathe,3415,2051,0.6005856515373352,3325,1441,0.43338345864661654
Free State,Ward 42003002,FS203,FS203 - Ngwathe,FS203 - Ngwathe,3467,2226,0.6420536486876262,3183,1781,0.5595350298460572
Free State,Ward 42003003,FS203,FS203 - Ngwathe,FS203 - Ngwathe,2611,1282,0.49099961700497896,2252,858,0.38099467140319715
Free State,Ward 42003004,FS203,FS203 - Ngwathe,FS203 - Ngwathe,3022,1617,0.5350761085373924,2811,1338,0.4759871931696905
Free State,Ward 42003005,FS203,FS203 - Ngwathe,FS203 - Ngwathe,4204,2322,0.5523311132254995,4017,1463,0.36420214090117004
Free State,Ward 42003006,FS203,FS203 - Ngwathe,FS203 - Ngwathe,4023,2182,0.5423813074819787,3566,1343,0.3766124509254066
Free State,Ward 42003007,FS203,FS203 - Ngwathe,FS203 - Ngwathe,4728,2692,0.5693739424703892,3888,1651,0.42463991769547327
Free State,Ward 42003008,FS203,FS203 - Ngwathe,FS203 - Ngwathe,2654,1483,0.5587792012057272,2650,1413,0.5332075471698113
Free State,Ward 42003009,FS203,FS203 - Ngwathe,FS203 - Ngwathe,3561,2110,0.5925301881493963,3600,1635,0.45416666666666666
Free State,Ward 42003010,FS203,FS203 - Ngwathe,FS203 - Ngwathe,4102,2498,0.6089712335446124,4221,2125,0.5034352049277422
Free State,Ward 42003011,FS203,FS203 - Ngwathe,FS203 - Ngwathe,3308,1888,0.5707376058041113,3105,1477,0.47568438003220614
Free State,Ward 42003012,FS203,FS203 - Ngwathe,FS203 - Ngwathe,4670,3206,0.686509635974304,3674,2149,0.5849210669569951
Free State,Ward 42003013,FS203,FS203 - Ngwathe,FS203 - Ngwathe,3106,1886,0.6072118480360592,2814,1225,0.43532338308457713
Free State,Ward 42003014,FS203,FS203 - Ngwathe,FS203 - Ngwathe,3491,2114,0.6055571469492982,3468,1741,0.5020184544405998
Free State,Ward 42003015,FS203,FS203 - Ngwathe,FS203 - Ngwathe,5905,3613,0.6118543607112616,3314,1277,0.3853349426674713
Free State,Ward 42003016,FS203,FS203 - Ngwathe,FS203 - Ngwathe,3615,2014,0.5571230982019364,3305,1496,0.45264750378214824
Free State,Ward 42003017,FS203,FS203 - Ngwathe,FS203 - Ngwathe,4382,2691,0.6141031492469192,3881,1964,0.5060551404277248
Free State,Ward 42003018,FS203,FS203 - Ngwathe,FS203 - Ngwathe,3613,1969,0.5449764738444506,3590,1310,0.3649025069637883
Free State,Ward 42004001,FS204,FS204 - Metsimaholo,FS204 - Metsimaholo,4553,2562,0.5627059081924006,3982,1697,0.4261677548970367
Free State,Ward 42004002,FS204,FS204 - Metsimaholo,FS204 - Metsimaholo,4196,2264,0.5395614871306006,3786,1534,0.4051769677760169
Free State,Ward 42004003,FS204,FS204 - Metsimaholo,FS204 - Metsimaholo,3634,2181,0.6001651073197578,3479,1614,0.4639264156366772
Free State,Ward 42004004,FS204,FS204 - Metsimaholo,FS204 - Metsimaholo,3177,1740,0.5476864966949953,3620,1842,0.5088397790055249
Free State,Ward 42004005,FS204,FS204 - Metsimaholo,FS204 - Metsimaholo,3393,2266,0.6678455643972885,3358,1771,0.5273972602739726
Free State,Ward 42004006,FS204,FS204 - Metsimaholo,FS204 - Metsimaholo,3323,1666,0.501354198013843,3161,1365,0.4318253717178108
Free State,Ward 42004007,FS204,FS204 - Metsimaholo,FS204 - Metsimaholo,3260,1948,0.5975460122699386,3572,1387,0.3882978723404255
Free State,Ward 42004008,FS204,FS204 - Metsimaholo,FS204 - Metsimaholo,3809,2071,0.5437122604358099,3860,1643,0.4256476683937824
Free State,Ward 42004009,FS204,FS204 - Metsimaholo,FS204 - Metsimaholo,3057,1616,0.5286228328426562,3885,1564,0.40257400257400255
Free State,Ward 42004010,FS204,FS204 - Metsimaholo,FS204 - Metsimaholo,3369,2049,0.6081923419412288,3634,1629,0.44826637314254264
Free State,Ward 42004011,FS204,FS204 - Metsimaholo,FS204 - Metsimaholo,3370,1924,0.570919881305638,3072,1371,0.4462890625
Free State,Ward 42004012,FS204,FS204 - Metsimaholo,FS204 - Metsimaholo,3023,1521,0.5031425736023818,3024,1208,0.3994708994708995
Free State,Ward 42004013,FS204,FS204 - Metsimaholo,FS204 - Metsimaholo,4773,2059,0.43138487324533836,4087,1480,0.3621238071935405
Free State,Ward 42004014,FS204,FS204 - Metsimaholo,FS204 - Metsimaholo,3856,2945,0.7637448132780082,3236,1994,0.6161928306551298
Free State,Ward 42004015,FS204,FS204 - Metsimaholo,FS204 - Metsimaholo,4071,2402,0.5900270203881111,3928,1837,0.4676680244399185
Free State,Ward 42004016,FS204,FS204 - Metsimaholo,FS204 - Metsimaholo,4182,3067,0.7333811573409852,3564,2133,0.5984848484848485
Free State,Ward 42004017,FS204,FS204 - Metsimaholo,FS204 - Metsimaholo,4477,2481,0.5541657359839178,3687,1132,0.30702468131272037
Free State,Ward 42004018,FS204,FS204 - Metsimaholo,FS204 - Metsimaholo,3982,2591,0.6506780512305375,2932,1269,0.4328103683492497
Free State,Ward 42004019,FS204,FS204 - Metsimaholo,FS204 - Metsimaholo,4391,1880,0.4281484855386017,2764,1265,0.45767004341534007
Free State,Ward 42004020,FS204,FS204 - Metsimaholo,FS204 - Metsimaholo,4918,2960,0.601870679137861,4080,2162,0.5299019607843137
Free State,Ward 42004021,FS204,FS204 - Metsimaholo,FS204 - Metsimaholo,2861,1520,0.5312827682628452,2718,1203,0.44260485651214126
Free State,Ward 42005001,FS205,FS205 - Mafube,FS205 - Mafube,3005,1875,0.6239600665557404,2821,1283,0.45480326125487414
Free State,Ward 42005002,FS205,FS205 - Mafube,FS205 - Mafube,3846,2108,0.5481019240769631,2795,1132,0.40500894454382824
Free State,Ward 42005003,FS205,FS205 - Mafube,FS205 - Mafube,3073,1866,0.6072242108688578,2930,1414,0.4825938566552901
Free State,Ward 42005004,FS205,FS205 - Mafube,FS205 - Mafube,3231,1785,0.552460538532962,3376,1681,0.4979265402843602
Free State,Ward 42005005,FS205,FS205 - Mafube,FS205 - Mafube,3710,2178,0.5870619946091644,3467,1938,0.5589847130083646
Free State,Ward 42005006,FS205,FS205 - Mafube,FS205 - Mafube,3060,1680,0.5490196078431373,3718,1521,0.4090909090909091
Free State,Ward 42005007,FS205,FS205 - Mafube,FS205 - Mafube,4218,1214,0.2878141299193931,4016,1511,0.3762450199203187
Free State,Ward 42005008,FS205,FS205 - Mafube,FS205 - Mafube,3685,2047,0.5554952510176391,3525,1540,0.4368794326241135
Free State,Ward 42005009,FS205,FS205 - Mafube,FS205 - Mafube,3054,1625,0.5320890635232483,2862,1328,0.4640111809923131
Free State,Ward 49400001,MAN,MAN - Mangaung,MAN - Mangaung,7009,4098,0.5846768440576402,6950,3145,0.4525179856115108
Free State,Ward 49400002,MAN,MAN - Mangaung,MAN - Mangaung,8504,4863,0.5718485418626529,7707,2549,0.3307382898663553
Free State,Ward 49400003,MAN,MAN - Mangaung,MAN - Mangaung,7091,4054,0.571710619094627,8158,3494,0.4282912478548664
Free State,Ward 49400004,MAN,MAN - Mangaung,MAN - Mangaung,6960,3867,0.555603448275862,8949,3441,0.3845122360040228
Free State,Ward 49400005,MAN,MAN - Mangaung,MAN - Mangaung,7540,4482,0.5944297082228117,7618,3229,0.4238645313730638
Free State,Ward 49400006,MAN,MAN - Mangaung,MAN - Mangaung,8201,4650,0.5670040238995244,7672,4031,0.5254171011470281
Free State,Ward 49400007,MAN,MAN - Mangaung,MAN - Mangaung,7117,3612,0.507517212308557,7110,2689,0.3781997187060478
Free State,Ward 49400008,MAN,MAN - Mangaung,MAN - Mangaung,9313,4708,0.5055299044346613,7029,2189,0.3114241001564945
Free State,Ward 49400009,MAN,MAN - Mangaung,MAN - Mangaung,7968,4287,0.5380271084337349,7536,2899,0.3846868365180467
Free State,Ward 49400010,MAN,MAN - Mangaung,MAN - Mangaung,11688,7116,0.608829568788501,7911,3045,0.384907091391733
Free State,Ward 49400011,MAN,MAN - Mangaung,MAN - Mangaung,9668,4747,0.49100124120810923,9171,3699,0.40333660451422965
Free State,Ward 49400012,MAN,MAN - Mangaung,MAN - Mangaung,8635,4936,0.571627099015634,8979,3342,0.3722018042098229
Free State,Ward 49400013,MAN,MAN - Mangaung,MAN - Mangaung,7220,4245,0.5879501385041551,6548,2625,0.4008857666463042
Free State,Ward 49400014,MAN,MAN - Mangaung,MAN - Mangaung,9548,5477,0.5736279849183075,6972,2865,0.41092943201376936
Free State,Ward 49400015,MAN,MAN - Mangaung,MAN - Mangaung,7725,4242,0.549126213592233,7234,2722,0.3762786839922588
Free State,Ward 49400016,MAN,MAN - Mangaung,MAN - Mangaung,8108,4908,0.6053280710409472,9132,5036,0.5514673674989049
Free State,Ward 49400017,MAN,MAN - Mangaung,MAN - Mangaung,8657,4515,0.5215432597897655,8619,3319,0.3850794755772131
Free State,Ward 49400018,MAN,MAN - Mangaung,MAN - Mangaung,9027,5283,0.5852442671984048,9632,4790,0.49730066445182725
Free State,Ward 49400019,MAN,MAN - Mangaung,MAN - Mangaung,9832,4491,0.45677379983726607,9535,2948,0.3091767173571054
Free State,Ward 49400020,MAN,MAN - Mangaung,MAN - Mangaung,10212,6077,0.5950842146494321,9338,5360,0.5739987149282502
Free State,Ward 49400021,MAN,MAN - Mangaung,MAN - Mangaung,9238,5076,0.5494695821606408,8976,4014,0.44719251336898397
Free State,Ward 49400022,MAN,MAN - Mangaung,MAN - Mangaung,9396,6779,0.7214772243507875,8802,5276,0.5994092251760963
Free State,Ward 49400023,MAN,MAN - Mangaung,MAN - Mangaung,9248,4748,0.5134083044982699,8846,3047,0.34444946868641196
Free State,Ward 49400024,MAN,MAN - Mangaung,MAN - Mangaung,9199,6448,0.7009457549733666,9079,5523,0.6083269082498073
Free State,Ward 49400025,MAN,MAN - Mangaung,MAN - Mangaung,9350,6818,0.7291978609625669,9365,6173,0.6591564335290977
Free State,Ward 49400026,MAN,MAN - Mangaung,MAN - Mangaung,8723,5836,0.6690358821506363,8148,4769,0.5852970054000982
Free State,Ward 49400027,MAN,MAN - Mangaung,MAN - Mangaung,8250,4670,0.566060606060606,8305,3153,0.3796508127633955
Free State,Ward 49400028,MAN,MAN - Mangaung,MAN - Mangaung,8038,4567,0.5681761632246828,7997,3480,0.4351631861948231
Free State,Ward 49400029,MAN,MAN - Mangaung,MAN - Mangaung,8681,4900,0.5644511001036747,8206,3208,0.3909334633195223
Free State,Ward 49400030,MAN,MAN - Mangaung,MAN - Mangaung,7649,4207,0.5500065368021964,7378,2840,0.3849281648143128
Free State,Ward 49400031,MAN,MAN - Mangaung,MAN - Mangaung,6885,3886,0.5644153957879449,6858,2609,0.3804316127150773
Free State,Ward 49400032,MAN,MAN - Mangaung,MAN - Mangaung,6887,3957,0.5745607666618266,6507,2911,0.4473643768249577
Free State,Ward 49400033,MAN,MAN - Mangaung,MAN - Mangaung,7084,3637,0.5134105025409373,6942,2682,0.3863439930855661
Free State,Ward 49400034,MAN,MAN - Mangaung,MAN - Mangaung,7069,4289,0.6067336256896307,7791,3348,0.42972660762418174
Free State,Ward 49400035,MAN,MAN - Mangaung,MAN - Mangaung,7716,4476,0.5800933125972006,6635,2931,0.44174830444611907
Free State,Ward 49400036,MAN,MAN - Mangaung,MAN - Mangaung,7502,4401,0.5866435617168755,7036,2877,0.40889710062535534
Free State,Ward 49400037,MAN,MAN - Mangaung,MAN - Mangaung,7734,4494,0.5810705973622964,7982,3267,0.4092959158105738
Free State,Ward 49400038,MAN,MAN - Mangaung,MAN - Mangaung,7535,4371,0.580092899800929,6874,2755,0.4007855688100087
Free State,Ward 49400039,MAN,MAN - Mangaung,MAN - Mangaung,10216,5485,0.5369028974158183,9087,3429,0.37735226147243317
Free State,Ward 49400040,MAN,MAN - Mangaung,MAN - Mangaung,8702,4464,0.5129855205699839,8281,3159,0.3814756671899529
Free State,Ward 49400041,MAN,MAN - Mangaung,MAN - Mangaung,8418,4589,0.5451413637443573,7883,2960,0.375491564125333
Free State,Ward 49400042,MAN,MAN - Mangaung,MAN - Mangaung,6400,3605,0.56328125,7251,2666,0.36767342435526135
Free State,Ward 49400043,MAN,MAN - Mangaung,MAN - Mangaung,6854,3799,0.5542748759848264,8425,3793,0.45020771513353114
Free State,Ward 49400044,MAN,MAN - Mangaung,MAN - Mangaung,10441,6759,0.6473517862273729,9398,5217,0.5551181102362205
Free State,Ward 49400045,MAN,MAN - Mangaung,MAN - Mangaung,8013,4369,0.5452389866466991,7726,2823,0.3653895935801191
Free State,Ward 49400046,MAN,MAN - Mangaung,MAN - Mangaung,10531,6020,0.5716456177001235,8471,3262,0.38507850312832015
Free State,Ward 49400047,MAN,MAN - Mangaung,MAN - Mangaung,10498,6126,0.5835397218517813,8611,4202,0.4879804900708396
Free State,Ward 49400048,MAN,MAN - Mangaung,MAN - Mangaung,10067,6703,0.665838879507301,8898,4954,0.5567543268150146
Free State,Ward 49400049,MAN,MAN - Mangaung,MAN - Mangaung,10014,5435,0.542740163770721,7862,2955,0.37585856016280844
Free State,Ward 49400050,MAN,MAN - Mangaung,MAN - Mangaung,8850,4947,0.5589830508474576,7225,3195,0.4422145328719723
Gauteng,Ward 79700001,EKU,EKU - Ekurhuleni,EKU - Ekurhuleni,16935,12072,0.7128432240921169,13516,9141,0.6763095590411364
Gauteng,Ward 79700002,EKU,EKU - Ekurhuleni,EKU - Ekurhuleni,14109,6485,0.45963569352895317,12616,4120,0.32656943563728597
Gauteng,Ward 79700003,EKU,EKU - Ekurhuleni,EKU - Ekurhuleni,14856,5955,0.40084814216478193,16364,4888,0.2987044732339281
Gauteng,Ward 79700004,EKU,EKU - Ekurhuleni,EKU - Ekurhuleni,11875,6056,0.5099789473684211,14647,5319,0.3631460367310712
Gauteng,Ward 79700005,EKU,EKU - Ekurhuleni,EKU - Ekurhuleni,12413,6003,0.4836058970434222,15419,5443,0.3530060315195538
Gauteng,Ward 79700006,EKU,EKU - Ekurhuleni,EKU - Ekurhuleni,11995,5890,0.4910379324718633,12520,4395,0.351038338658147
Gauteng,Ward 79700007,EKU,EKU - Ekurhuleni,EKU - Ekurhuleni,12336,6345,0.5143482490272373,13731,4903,0.3570752312286068
Gauteng,Ward 79700008,EKU,EKU - Ekurhuleni,EKU - Ekurhuleni,15122,7635,0.5048935326015077,14999,5349,0.35662377491832786
Gauteng,Ward 79700009,EKU,EKU - Ekurhuleni,EKU - Ekurhuleni,11767,5194,0.4414039262343843,12748,4310,0.33809224976466895
Gauteng,Ward 79700010,EKU,EKU - Ekurhuleni,EKU - Ekurhuleni,12049,6104,0.5065980579301187,11577,4352,0.37591776798825255
Gauteng,Ward 79700011,EKU,EKU - Ekurhuleni,EKU - Ekurhuleni,14807,7334,0.4953062740595664,13856,4774,0.34454387990762125
Gauteng,Ward 79700012,EKU,EKU - Ekurhuleni,EKU - Ekurhuleni,15485,7088,0.457733290280917,14479,4914,0.33938807928724357
Gauteng,Ward 79700013,EKU,EKU - Ekurhuleni,EKU - Ekurhuleni,13594,7261,0.5341327056054141,13864,5333,0.384665320253895
Gauteng,Ward 79700014,EKU,EKU - Ekurhuleni,EKU - Ekurhuleni,14728,7748,0.5260727865290603,13430,4753,0.35390915860014893
Gauteng,Ward 79700015,EKU,EKU - Ekurhuleni,EKU - Ekurhuleni,16287,11111,0.682200528028489,15778,7901,0.5007605526682722
Gauteng,Ward 79700016,EKU,EKU - Ekurhuleni,EKU - Ekurhuleni,14302,9151,0.63984058173682,16144,7415,0.4593037661050545
Gauteng,Ward 79700017,EKU,EKU - Ekurhuleni,EKU - Ekurhuleni,15327,9966,0.6502250929731845,15730,7050,0.4481881754609027
Gauteng,Ward 79700018,EKU,EKU - Ekurhuleni,EKU - Ekurhuleni,15948,10901,0.6835339854527214,15750,8534,0.5418412698412698
Gauteng,Ward 79700019,EKU,EKU - Ekurhuleni,EKU - Ekurhuleni,14075,9782,0.6949911190053286,13988,7938,0.5674864169287961
Gauteng,Ward 79700020,EKU,EKU - Ekurhuleni,EKU - Ekurhuleni,15884,11071,0.6969906824477462,15609,9002,0.5767185598052406
Gauteng,Ward 79700021,EKU,EKU - Ekurhuleni,EKU - Ekurhuleni,14205,5613,0.39514255543822596,13730,3541,0.2579024034959942
Gauteng,Ward 79700022,EKU,EKU - Ekurhuleni,EKU - Ekurhuleni,15172,10506,0.692459794358028,15189,7873,0.5183356376324972
Gauteng,Ward 79700023,EKU,EKU - Ekurhuleni,EKU - Ekurhuleni,14105,10121,0.7175469691598724,15182,7946,0.5233829534975629
Gauteng,Ward 79700024,EKU,EKU - Ekurhuleni,EKU - Ekurhuleni,14815,9831,0.663584205197435,16323,8351,0.5116093855296208
Gauteng,Ward 79700025,EKU,EKU - Ekurhuleni,EKU - Ekurhuleni,14998,9846,0.6564875316708895,15640,8083,0.5168158567774936
Gauteng,Ward 79700026,EKU,EKU - Ekurhuleni,EKU - Ekurhuleni,15223,7677,0.5043026998620509,14696,4949,0.3367583015786609
Gauteng,Ward 79700027,EKU,EKU - Ekurhuleni,EKU - Ekurhuleni,16207,11734,0.7240081446288641,15888,9182,0.577920443101712
Gauteng,Ward 79700028,EKU,EKU - Ekurhuleni,EKU - Ekurhuleni,12531,8727,0.6964328465405794,12235,6878,0.5621577441765427
Gauteng,Ward 79700029,EKU,EKU - Ekurhuleni,EKU - Ekurhuleni,12822,6539,0.5099828419903292,12562,4779,0.3804330520617736
Gauteng,Ward 79700030,EKU,EKU - Ekurhuleni,EKU - Ekurhuleni,12307,6665,0.5415617128463476,14247,5568,0.39081911981469786
Gauteng,Ward 79700031,EKU,EKU - Ekurhuleni,EKU - Ekurhuleni,16096,10302,0.6400347912524851,13431,6797,0.5060680515225969
Gauteng,Ward 79700032,EKU,EKU - Ekurhuleni,EKU - Ekurhuleni,13829,9356,0.6765492804975053,13993,7645,0.5463446008718645
Gauteng,Ward 79700033,EKU,EKU - Ekurhuleni,EKU - Ekurhuleni,14598,8694,0.5955610357583231,14282,6706,0.46954208094104466
Gauteng,Ward 79700034,EKU,EKU - Ekurhuleni,EKU - Ekurhuleni,12172,7807,0.641390075583306,11606,6304,0.5431673272445287
Gauteng,Ward 79700035,EKU,EKU - Ekurhuleni,EKU - Ekurhuleni,15030,6505,0.4328010645375915,15223,4637,0.30460487420350785
Gauteng,Ward 79700036,EKU,EKU - Ekurhuleni,EKU - Ekurhuleni,15484,10180,0.6574528545595454,13410,6833,0.5095451155853841
Gauteng,Ward 79700037,EKU,EKU - Ekurhuleni,EKU - Ekurhuleni,15972,11169,0.6992862509391435,15706,8978,0.5716286769387495
Gauteng,Ward 79700038,EKU,EKU - Ekurhuleni,EKU - Ekurhuleni,15886,11876,0.7475764824373662,16065,9765,0.6078431372549019
Gauteng,Ward 79700039,EKU,EKU - Ekurhuleni,EKU - Ekurhuleni,15490,10332,0.6670109748224661,17073,8677,0.5082293680079658
Gauteng,Ward 79700040,EKU,EKU - Ekurhuleni,EKU - Ekurhuleni,12698,6833,0.5381162387777603,12230,4698,0.3841373671300082
Gauteng,Ward 79700041,EKU,EKU - Ekurhuleni,EKU - Ekurhuleni,15635,7780,0.49760153501758875,15439,5435,0.35203057192823367
Gauteng,Ward 79700042,EKU,EKU - Ekurhuleni,EKU - Ekurhuleni,16437,9676,0.5886718987649815,16992,7118,0.4189030131826742
Gauteng,Ward 79700043,EKU,EKU - Ekurhuleni,EKU - Ekurhuleni,16852,11867,0.7041894137194399,17082,8974,0.5253483198688678
Gauteng,Ward 79700044,EKU,EKU - Ekurhuleni,EKU - Ekurhuleni,15671,8931,0.5699061961585093,14775,5814,0.393502538071066
Gauteng,Ward 79700045,EKU,EKU - Ekurhuleni,EKU - Ekurhuleni,14801,8149,0.5505709073711236,14704,5535,0.37642818280739937
Gauteng,Ward 79700046,EKU,EKU - Ekurhuleni,EKU - Ekurhuleni,13618,7504,0.5510353943310324,12859,4763,0.3704020530367836
Gauteng,Ward 79700047,EKU,EKU - Ekurhuleni,EKU - Ekurhuleni,14476,8316,0.574468085106383,14000,5457,0.3897857142857143
Gauteng,Ward 79700048,EKU,EKU - Ekurhuleni,EKU - Ekurhuleni,12020,6951,0.5782861896838603,11151,5004,0.4487489911218725
Gauteng,Ward 79700049,EKU,EKU - Ekurhuleni,EKU - Ekurhuleni,14695,8526,0.5801973460360667,13589,5972,0.4394731032452719
Gauteng,Ward 79700050,EKU,EKU - Ekurhuleni,EKU - Ekurhuleni,13086,7248,0.5538743695552499,12461,5163,0.4143327180804109
Gauteng,Ward 79700051,EKU,EKU - Ekurhuleni,EKU - Ekurhuleni,13728,6979,0.5083770396270396,13739,5191,0.3778295363563578
Gauteng,Ward 79700052,EKU,EKU - Ekurhuleni,EKU - Ekurhuleni,14662,6991,0.47681080343745735,13781,4242,0.30781510775705684
Gauteng,Ward 79700053,EKU,EKU - Ekurhuleni,EKU - Ekurhuleni,14801,8587,0.5801635024660496,17677,8341,0.4718560841771794
Gauteng,Ward 79700054,EKU,EKU - Ekurhuleni,EKU - Ekurhuleni,14224,7886,0.5544150731158605,13139,5476,0.41677448816500495
Gauteng,Ward 79700055,EKU,EKU - Ekurhuleni,EKU - Ekurhuleni,13594,7793,0.5732676180667942,12689,5755,0.4535424383324139
Gauteng,Ward 79700056,EKU,EKU - Ekurhuleni,EKU - Ekurhuleni,13605,7802,0.5734656376332231,12802,5514,0.4307139509451648
Gauteng,Ward 79700057,EKU,EKU - Ekurhuleni,EKU - Ekurhuleni,14047,8327,0.5927956147220047,13576,6671,0.49138185032410137
Gauteng,Ward 79700058,EKU,EKU - Ekurhuleni,EKU - Ekurhuleni,12909,7357,0.5699124641722829,13049,5040,0.3862364932178711
Gauteng,Ward 79700059,EKU,EKU - Ekurhuleni,EKU - Ekurhuleni,12227,6430,0.5258853357323955,12240,4441,0.3628267973856209
Gauteng,Ward 79700060,EKU,EKU - Ekurhuleni,EKU - Ekurhuleni,12664,7694,0.6075489576753,11848,4422,0.37322754895340987
Gauteng,Ward 79700061,EKU,EKU - Ekurhuleni,EKU - Ekurhuleni,15452,9025,0.5840667874708776,16709,6765,0.4048716260697828
Gauteng,Ward 79700062,EKU,EKU - Ekurhuleni,EKU - Ekurhuleni,12299,7261,0.590373201073258,11825,5301,0.4482875264270613
Gauteng,Ward 79700063,EKU,EKU - Ekurhuleni,EKU - Ekurhuleni,12325,6657,0.5401217038539554,14647,5694,0.3887485491909606
Gauteng,Ward 79700064,EKU,EKU - Ekurhuleni,EKU - Ekurhuleni,15444,8575,0.5552318052318053,14794,6050,0.4089495741516831
Gauteng,Ward 79700065,EKU,EKU - Ekurhuleni,EKU - Ekurhuleni,13894,7862,0.5658557650784511,13134,4827,0.3675194152581087
Gauteng,Ward 79700066,EKU,EKU - Ekurhuleni,EKU - Ekurhuleni,12130,7242,0.5970321516900248,11595,4619,0.3983613626563174
Gauteng,Ward 79700067,EKU,EKU - Ekurhuleni,EKU - Ekurhuleni,14260,8207,0.5755259467040673,13501,5201,0.38523072365009997
Gauteng,Ward 79700068,EKU,EKU - Ekurhuleni,EKU - Ekurhuleni,13542,7171,0.5295377344557672,14072,5558,0.394968732234224
Gauteng,Ward 79700069,EKU,EKU - Ekurhuleni,EKU - Ekurhuleni,15244,8229,0.539818945158751,13081,5154,0.39400657442091586
Gauteng,Ward 79700070,EKU,EKU - Ekurhuleni,EKU - Ekurhuleni,13629,7595,0.5572675911658963,14690,5866,0.39931926480599045
Gauteng,Ward 79700071,EKU,EKU - Ekurhuleni,EKU - Ekurhuleni,13931,7190,0.5161151388988586,13855,6279,0.4531937928545651
Gauteng,Ward 79700072,EKU,EKU - Ekurhuleni,EKU - Ekurhuleni,13677,7831,0.5725670834247276,13453,6388,0.47483832602393516
Gauteng,Ward 79700073,EKU,EKU - Ekurhuleni,EKU - Ekurhuleni,16439,9997,0.6081270150252448,16237,7066,0.43517891236065775
Gauteng,Ward 79700074,EKU,EKU - Ekurhuleni,EKU - Ekurhuleni,15327,8482,0.55340249233379,12216,5294,0.433366077275704
Gauteng,Ward 79700075,EKU,EKU - Ekurhuleni,EKU - Ekurhuleni,15834,9856,0.6224580017683466,15882,7966,0.5015741090542752
Gauteng,Ward 79700076,EKU,EKU - Ekurhuleni,EKU - Ekurhuleni,14394,9581,0.6656245657913019,16581,8637,0.5208974127012846
Gauteng,Ward 79700077,EKU,EKU - Ekurhuleni,EKU - Ekurhuleni,12263,7265,0.5924325205903939,12117,5501,0.45399026161591155
Gauteng,Ward 79700078,EKU,EKU - Ekurhuleni,EKU - Ekurhuleni,12235,6607,0.540008173273396,11053,4632,0.41907174522754004
Gauteng,Ward 79700079,EKU,EKU - Ekurhuleni,EKU - Ekurhuleni,13425,6542,0.4872998137802607,12816,5015,0.39130774032459426
Gauteng,Ward 79700080,EKU,EKU - Ekurhuleni,EKU - Ekurhuleni,11586,6157,0.5314172276885897,10875,4509,0.4146206896551724
Gauteng,Ward 79700081,EKU,EKU - Ekurhuleni,EKU - Ekurhuleni,15293,7779,0.5086640946838423,15190,6055,0.3986175115207373
Gauteng,Ward 79700082,EKU,EKU - Ekurhuleni,EKU - Ekurhuleni,13122,8081,0.6158360006096631,16312,7047,0.4320132417851888
Gauteng,Ward 79700083,EKU,EKU - Ekurhuleni,EKU - Ekurhuleni,15171,8532,0.562388768044295,14410,6222,0.43178348369188063
Gauteng,Ward 79700084,EKU,EKU - Ekurhuleni,EKU - Ekurhuleni,13284,6984,0.5257452574525745,13053,4312,0.33034551444112464
Gauteng,Ward 79700085,EKU,EKU - Ekurhuleni,EKU - Ekurhuleni,11813,6654,0.5632777448573605,13950,5299,0.37985663082437277
Gauteng,Ward 79700086,EKU,EKU - Ekurhuleni,EKU - Ekurhuleni,12892,7808,0.6056469128141483,12463,5114,0.41033459038754716
Gauteng,Ward 79700087,EKU,EKU - Ekurhuleni,EKU - Ekurhuleni,13018,7840,0.6022430480872638,10230,3901,0.38132942326490715
Gauteng,Ward 79700088,EKU,EKU - Ekurhuleni,EKU - Ekurhuleni,16063,10214,0.6358712569258544,14241,7696,0.5404114879573063
Gauteng,Ward 79700089,EKU,EKU - Ekurhuleni,EKU - Ekurhuleni,13099,6650,0.5076723414001069,14473,5372,0.37117391003938366
Gauteng,Ward 79700090,EKU,EKU - Ekurhuleni,EKU - Ekurhuleni,14284,6324,0.442733127975357,14141,4256,0.30096881408669823
Gauteng,Ward 79700091,EKU,EKU - Ekurhuleni,EKU - Ekurhuleni,13452,9094,0.676033303597978,13474,7109,0.5276087279204393
Gauteng,Ward 79700092,EKU,EKU - Ekurhuleni,EKU - Ekurhuleni,15440,10336,0.6694300518134715,15317,8298,0.5417509956257753
Gauteng,Ward 79700093,EKU,EKU - Ekurhuleni,EKU - Ekurhuleni,14427,5992,0.4153323629306162,14190,4087,0.2880197322057787
Gauteng,Ward 79700094,EKU,EKU - Ekurhuleni,EKU - Ekurhuleni,13839,9985,0.7215116699183467,14442,7604,0.5265198725938236
Gauteng,Ward 79700095,EKU,EKU - Ekurhuleni,EKU - Ekurhuleni,16046,8814,0.5492957746478874,14434,5213,0.3611611472911182
Gauteng,Ward 79700096,EKU,EKU - Ekurhuleni,EKU - Ekurhuleni,13749,7378,0.5366208451523747,16270,6044,0.37148125384142594
Gauteng,Ward 79700097,EKU,EKU - Ekurhuleni,EKU - Ekurhuleni,15035,9318,0.6197539075490522,15400,8018,0.5206493506493507
Gauteng,Ward 79700098,EKU,EKU - Ekurhuleni,EKU - Ekurhuleni,12069,6969,0.5774297787720607,13549,5586,0.41228134917706105
Gauteng,Ward 79700099,EKU,EKU - Ekurhuleni,EKU - Ekurhuleni,15675,8597,0.5484529505582137,16266,5847,0.3594614533382516
Gauteng,Ward 79700100,EKU,EKU - Ekurhuleni,EKU - Ekurhuleni,14328,5763,0.40221943048576214,13245,3326,0.2511136277840695
Gauteng,Ward 79700101,EKU,EKU - Ekurhuleni,EKU - Ekurhuleni,13146,7339,0.5582686748820934,6655,3033,0.45574755822689705
Gauteng,Ward 79700102,EKU,EKU - Ekurhuleni,EKU - Ekurhuleni,16702,7592,0.454556340558017,14545,4800,0.3300103128222757
Gauteng,Ward 79700103,EKU,EKU - Ekurhuleni,EKU - Ekurhuleni,13506,7836,0.5801865837405598,17318,6675,0.385437117450052
Gauteng,Ward 79700104,EKU,EKU - Ekurhuleni,EKU - Ekurhuleni,15809,10444,0.6606363463849706,15750,8222,0.5220317460317461
Gauteng,Ward 79700105,EKU,EKU - Ekurhuleni,EKU - Ekurhuleni,12187,8376,0.6872897349634857,12323,7194,0.5837864156455409
Gauteng,Ward 79700106,EKU,EKU - Ekurhuleni,EKU - Ekurhuleni,15722,11357,0.7223635669762116,16402,9718,0.5924887208876967
Gauteng,Ward 79700107,EKU,EKU - Ekurhuleni,EKU - Ekurhuleni,13305,7840,0.5892521608417888,16121,6617,0.4104584082873271
Gauteng,Ward 79700108,EKU,EKU - Ekurhuleni,EKU - Ekurhuleni,12910,7394,0.5727343144848954,12920,6245,0.48335913312693496
Gauteng,Ward 79700109,EKU,EKU - Ekurhuleni,EKU - Ekurhuleni,14293,8003,0.5599244385363464,13955,6633,0.47531350770333214
Gauteng,Ward 79700110,EKU,EKU - Ekurhuleni,EKU - Ekurhuleni,17040,9420,0.5528169014084507,15054,5848,0.3884681812142952
Gauteng,Ward 79700111,EKU,EKU - Ekurhuleni,EKU - Ekurhuleni,12577,7051,0.5606265405104556,12282,5311,0.43242142973457093
Gauteng,Ward 79700112,EKU,EKU - Ekurhuleni,EKU - Ekurhuleni,13204,7152,0.5416540442290215,11264,4400,0.390625
Gauteng,Ward 74201001,GT421,GT421 - Emfuleni,GT421 - Emfuleni,8568,6196,0.723155929038282,8370,5136,0.6136200716845878
Gauteng,Ward 74201002,GT421,GT421 - Emfuleni,GT421 - Emfuleni,8679,4908,0.5655029381265123,8250,3678,0.44581818181818184
Gauteng,Ward 74201003,GT421,GT421 - Emfuleni,GT421 - Emfuleni,8562,4563,0.5329362298528382,8244,3807,0.46179039301310043
Gauteng,Ward 74201004,GT421,GT421 - Emfuleni,GT421 - Emfuleni,9397,4980,0.5299563690539534,9899,4251,0.42943731690069703
Gauteng,Ward 74201005,GT421,GT421 - Emfuleni,GT421 - Emfuleni,8468,6243,0.7372461029759093,8394,5696,0.6785799380509888
Gauteng,Ward 74201006,GT421,GT421 - Emfuleni,GT421 - Emfuleni,8829,4230,0.47910295616717635,9075,3794,0.4180716253443526
Gauteng,Ward 74201007,GT421,GT421 - Emfuleni,GT421 - Emfuleni,9012,4876,0.5410563692853972,8798,3888,0.4419186178676972
Gauteng,Ward 74201008,GT421,GT421 - Emfuleni,GT421 - Emfuleni,7544,3924,0.5201484623541888,7735,3265,0.42210730446024564
Gauteng,Ward 74201009,GT421,GT421 - Emfuleni,GT421 - Emfuleni,8762,5491,0.6266834056151563,8525,4486,0.526217008797654
Gauteng,Ward 74201010,GT421,GT421 - Emfuleni,GT421 - Emfuleni,9006,4774,0.5300910504108373,9669,4201,0.4344813320922536
Gauteng,Ward 74201011,GT421,GT421 - Emfuleni,GT421 - Emfuleni,8624,4568,0.5296846011131725,8596,3558,0.41391344811540254
Gauteng,Ward 74201012,GT421,GT421 - Emfuleni,GT421 - Emfuleni,6904,3481,0.5042004634994206,6476,2578,0.3980852378011118
Gauteng,Ward 74201013,GT421,GT421 - Emfuleni,GT421 - Emfuleni,7162,3826,0.5342083216978497,6613,2778,0.42008165734159986
Gauteng,Ward 74201014,GT421,GT421 - Emfuleni,GT421 - Emfuleni,6936,3651,0.5263840830449827,6317,2547,0.40319772043691626
Gauteng,Ward 74201015,GT421,GT421 - Emfuleni,GT421 - Emfuleni,9054,4263,0.4708416169648774,8478,2992,0.35291342297711725
Gauteng,Ward 74201016,GT421,GT421 - Emfuleni,GT421 - Emfuleni,8120,5149,0.6341133004926108,9415,5033,0.5345724907063197
Gauteng,Ward 74201017,GT421,GT421 - Emfuleni,GT421 - Emfuleni,7881,4383,0.5561476969927674,8454,3719,0.43991010172699313
Gauteng,Ward 74201018,GT421,GT421 - Emfuleni,GT421 - Emfuleni,7698,3924,0.509742790335152,7233,2683,0.3709387529379234
Gauteng,Ward 74201019,GT421,GT421 - Emfuleni,GT421 - Emfuleni,7468,3634,0.4866095340117836,7154,2826,0.3950237629298295
Gauteng,Ward 74201020,GT421,GT421 - Emfuleni,GT421 - Emfuleni,7176,3939,0.5489130434782609,6773,2692,0.39746050494610957
Gauteng,Ward 74201021,GT421,GT421 - Emfuleni,GT421 - Emfuleni,9664,5368,0.5554635761589404,10328,4096,0.39659178931061195
Gauteng,Ward 74201022,GT421,GT421 - Emfuleni,GT421 - Emfuleni,8499,4458,0.5245322979174021,7870,3153,0.40063532401524776
Gauteng,Ward 74201023,GT421,GT421 - Emfuleni,GT421 - Emfuleni,9214,5389,0.584870848708487,8826,4210,0.47699977339678223
Gauteng,Ward 74201024,GT421,GT421 - Emfuleni,GT421 - Emfuleni,6827,3336,0.48864801523363116,6826,2675,0.3918839730442426
Gauteng,Ward 74201025,GT421,GT421 - Emfuleni,GT421 - Emfuleni,9572,5471,0.5715628917676556,8690,4279,0.49240506329113926
Gauteng,Ward 74201026,GT421,GT421 - Emfuleni,GT421 - Emfuleni,8566,4667,0.5448283913144992,8237,4195,0.5092873619036057
Gauteng,Ward 74201027,GT421,GT421 - Emfuleni,GT421 - Emfuleni,8964,4568,0.5095939312806783,8753,3148,0.35964812064435053
Gauteng,Ward 74201028,GT421,GT421 - Emfuleni,GT421 - Emfuleni,7271,4293,0.5904277265850639,8016,3308,0.4126746506986028
Gauteng,Ward 74201029,GT421,GT421 - Emfuleni,GT421 - Emfuleni,7149,3710,0.5189536998181564,6561,2513,0.3830208809632678
Gauteng,Ward 74201030,GT421,GT421 - Emfuleni,GT421 - Emfuleni,8364,4803,0.5742467718794835,7862,3370,0.4286441109132536
Gauteng,Ward 74201031,GT421,GT421 - Emfuleni,GT421 - Emfuleni,8022,4264,0.5315382697581651,7475,3340,0.4468227424749164
Gauteng,Ward 74201032,GT421,GT421 - Emfuleni,GT421 - Emfuleni,8263,4359,0.5275323732300617,7613,3297,0.43307500328385656
Gauteng,Ward 74201033,GT421,GT421 - Emfuleni,GT421 - Emfuleni,7851,4038,0.5143293847917463,7458,3172,0.42531509788146954
Gauteng,Ward 74201034,GT421,GT421 - Emfuleni,GT421 - Emfuleni,7049,3702,0.5251808767201022,6428,2739,0.4261045426260112
Gauteng,Ward 74201035,GT421,GT421 - Emfuleni,GT421 - Emfuleni,6790,3799,0.559499263622975,6266,2683,0.42818384934567505
Gauteng,Ward 74201036,GT421,GT421 - Emfuleni,GT421 - Emfuleni,8413,4400,0.5230001188636634,8192,3238,0.395263671875
Gauteng,Ward 74201037,GT421,GT421 - Emfuleni,GT421 - Emfuleni,7486,3648,0.4873096446700508,6561,2666,0.4063404968754763
Gauteng,Ward 74201038,GT421,GT421 - Emfuleni,GT421 - Emfuleni,7396,3856,0.5213628988642509,6963,2674,0.38402987218153095
Gauteng,Ward 74201039,GT421,GT421 - Emfuleni,GT421 - Emfuleni,6987,3678,0.5264061829111206,6355,2245,0.35326514555468136
Gauteng,Ward 74201040,GT421,GT421 - Emfuleni,GT421 - Emfuleni,7375,3710,0.5030508474576271,6595,2819,0.4274450341167551
Gauteng,Ward 74201041,GT421,GT421 - Emfuleni,GT421 - Emfuleni,7427,3977,0.5354786589470849,7115,3087,0.4338721011946592
Gauteng,Ward 74201042,GT421,GT421 - Emfuleni,GT421 - Emfuleni,7763,3716,0.47868092232384385,6819,2453,0.35973016571344774
Gauteng,Ward 74201043,GT421,GT421 - Emfuleni,GT421 - Emfuleni,7410,3984,0.5376518218623482,6915,2718,0.393058568329718
Gauteng,Ward 74201044,GT421,GT421 - Emfuleni,GT421 - Emfuleni,7534,3565,0.4731882134324396,7118,2623,0.3685023883113234
Gauteng,Ward 74201045,GT421,GT421 - Emfuleni,GT421 - Emfuleni,8928,6063,0.6790994623655914,9234,5175,0.5604288499025342
Gauteng,Ward 74202001,GT422,GT422 - Midvaal,GT422 - Midvaal,3763,2456,0.6526707414297104,3570,2013,0.5638655462184874
Gauteng,Ward 74202002,GT422,GT422 - Midvaal,GT422 - Midvaal,3175,2442,0.7691338582677165,3288,2308,0.7019464720194647
Gauteng,Ward 74202003,GT422,GT422 - Midvaal,GT422 - Midvaal,3464,2595,0.749133949191686,3785,2497,0.6597093791281374
Gauteng,Ward 74202004,GT422,GT422 - Midvaal,GT422 - Midvaal,3881,2607,0.6717340891522804,4009,2230,0.5562484410077326
Gauteng,Ward 74202005,GT422,GT422 - Midvaal,GT422 - Midvaal,3203,2036,0.6356540743053387,4309,2168,0.5031329774889766
Gauteng,Ward 74202006,GT422,GT422 - Midvaal,GT422 - Midvaal,4396,2826,0.6428571428571429,4481,1898,0.42356616826601207
Gauteng,Ward 74202007,GT422,GT422 - Midvaal,GT422 - Midvaal,3922,2390,0.609382967873534,4232,2332,0.5510396975425331
Gauteng,Ward 74202008,GT422,GT422 - Midvaal,GT422 - Midvaal,4237,2372,0.5598300684446542,3945,1883,0.4773130544993663
Gauteng,Ward 74202009,GT422,GT422 - Midvaal,GT422 - Midvaal,3003,1720,0.5727605727605728,2976,1472,0.4946236559139785
Gauteng,Ward 74202010,GT422,GT422 - Midvaal,GT422 - Midvaal,3945,2300,0.5830164765525983,3929,1808,0.4601679816747264
Gauteng,Ward 74202011,GT422,GT422 - Midvaal,GT422 - Midvaal,3713,2282,0.6145973606248317,4760,2214,0.4651260504201681
Gauteng,Ward 74202012,GT422,GT422 - Midvaal,GT422 - Midvaal,3599,2178,0.6051681022506252,3386,1569,0.4633786178381571
Gauteng,Ward 74202013,GT422,GT422 - Midvaal,GT422 - Midvaal,3351,2382,0.7108325872873769,3782,2229,0.5893707033315706
Gauteng,Ward 74202014,GT422,GT422 - Midvaal,GT422 - Midvaal,3756,3025,0.8053780617678381,3951,2834,0.7172867628448494
Gauteng,Ward 74202015,GT422,GT422 - Midvaal,GT422 - Midvaal,3570,2486,0.6963585434173669,3719,1934,0.5200322667383706
Gauteng,Ward 74203001,GT423,GT423 - Lesedi,GT423 - Lesedi,3944,2515,0.6376774847870182,4908,2396,0.48818255908720454
Gauteng,Ward 74203002,GT423,GT423 - Lesedi,GT423 - Lesedi,3391,2158,0.6363904452963728,3122,1509,0.48334401024983986
Gauteng,Ward 74203003,GT423,GT423 - Lesedi,GT423 - Lesedi,3956,2489,0.6291708796764408,3941,1977,0.501649327581832
Gauteng,Ward 74203004,GT423,GT423 - Lesedi,GT423 - Lesedi,3474,2258,0.6499712147380541,3288,1497,0.4552919708029197
Gauteng,Ward 74203005,GT423,GT423 - Lesedi,GT423 - Lesedi,3201,2120,0.662293033427054,3536,1665,0.4708710407239819
Gauteng,Ward 74203006,GT423,GT423 - Lesedi,GT423 - Lesedi,2930,1749,0.5969283276450512,2042,1036,0.5073457394711067
Gauteng,Ward 74203007,GT423,GT423 - Lesedi,GT423 - Lesedi,3891,2366,0.6080699049087638,3662,1626,0.4440196613872201
Gauteng,Ward 74203008,GT423,GT423 - Lesedi,GT423 - Lesedi,4674,2828,0.6050492083868207,4667,2449,0.5247482322691236
Gauteng,Ward 74203009,GT423,GT423 - Lesedi,GT423 - Lesedi,4274,2738,0.6406176883481516,3985,2366,0.5937264742785445
Gauteng,Ward 74203010,GT423,GT423 - Lesedi,GT423 - Lesedi,3830,2572,0.6715404699738904,4160,2382,0.5725961538461538
Gauteng,Ward 74203011,GT423,GT423 - Lesedi,GT423 - Lesedi,2808,1802,0.6417378917378918,2487,1217,0.48934459187776436
Gauteng,Ward 74203012,GT423,GT423 - Lesedi,GT423 - Lesedi,3351,2190,0.6535362578334826,3793,2082,0.5489058792512523
Gauteng,Ward 74203013,GT423,GT423 - Lesedi,GT423 - Lesedi,4612,2980,0.6461405030355594,4262,2231,0.52346316283435
Gauteng,Ward 74801001,GT481,GT481 - Mogale City,GT481 - Mogale City,3834,2389,0.6231090245174752,3758,1601,0.4260244811069718
Gauteng,Ward 74801002,GT481,GT481 - Mogale City,GT481 - Mogale City,4695,2693,0.5735889243876464,4455,1784,0.4004489337822671
Gauteng,Ward 74801003,GT481,GT481 - Mogale City,GT481 - Mogale City,5254,2753,0.5239817282070803,5800,2289,0.3946551724137931
Gauteng,Ward 74801004,GT481,GT481 - Mogale City,GT481 - Mogale City,4618,2841,0.6152013858813339,4370,1900,0.43478260869565216
Gauteng,Ward 74801005,GT481,GT481 - Mogale City,GT481 - Mogale City,4779,2726,0.5704122201297342,5086,2186,0.4298073141958317
Gauteng,Ward 74801006,GT481,GT481 - Mogale City,GT481 - Mogale City,4325,2696,0.6233526011560694,4313,1954,0.4530489218641317
Gauteng,Ward 74801007,GT481,GT481 - Mogale City,GT481 - Mogale City,5557,3135,0.5641533201367644,5220,2251,0.43122605363984673
Gauteng,Ward 74801008,GT481,GT481 - Mogale City,GT481 - Mogale City,4389,2544,0.579630895420369,4261,1997,0.46866932644919035
Gauteng,Ward 74801009,GT481,GT481 - Mogale City,GT481 - Mogale City,6471,4182,0.6462679647658786,6000,2911,0.4851666666666667
Gauteng,Ward 74801010,GT481,GT481 - Mogale City,GT481 - Mogale City,4854,2957,0.6091882983106716,4575,2138,0.4673224043715847
Gauteng,Ward 74801011,GT481,GT481 - Mogale City,GT481 - Mogale City,5264,3393,0.6445668693009119,5762,2704,0.46928149947934744
Gauteng,Ward 74801012,GT481,GT481 - Mogale City,GT481 - Mogale City,4332,2461,0.5680978762696214,3871,1217,0.31438904675794366
Gauteng,Ward 74801013,GT481,GT481 - Mogale City,GT481 - Mogale City,5812,3230,0.5557467309015829,5647,2285,0.40463963166282985
Gauteng,Ward 74801014,GT481,GT481 - Mogale City,GT481 - Mogale City,4664,2768,0.5934819897084048,4770,2253,0.47232704402515724
Gauteng,Ward 74801015,GT481,GT481 - Mogale City,GT481 - Mogale City,4630,2647,0.5717062634989201,4379,2034,0.4644896094998858
Gauteng,Ward 74801016,GT481,GT481 - Mogale City,GT481 - Mogale City,5454,3049,0.5590392372570591,5146,2088,0.4057520404197435
Gauteng,Ward 74801017,GT481,GT481 - Mogale City,GT481 - Mogale City,4988,3554,0.7125100240577386,4727,2757,0.5832451872223398
Gauteng,Ward 74801018,GT481,GT481 - Mogale City,GT481 - Mogale City,6027,4622,0.766882362701178,5860,3761,0.6418088737201365
Gauteng,Ward 74801019,GT481,GT481 - Mogale City,GT481 - Mogale City,4225,2460,0.5822485207100592,3787,1680,0.4436229205175601
Gauteng,Ward 74801020,GT481,GT481 - Mogale City,GT481 - Mogale City,4623,2775,0.600259571706684,4533,2103,0.4639311714096625
Gauteng,Ward 74801021,GT481,GT481 - Mogale City,GT481 - Mogale City,5710,4424,0.7747810858143608,5310,3445,0.6487758945386064
Gauteng,Ward 74801022,GT481,GT481 - Mogale City,GT481 - Mogale City,5362,3937,0.7342409548675867,5429,3446,0.6347393626818936
Gauteng,Ward 74801023,GT481,GT481 - Mogale City,GT481 - Mogale City,5248,3103,0.5912728658536586,5891,2664,0.4522152435919199
Gauteng,Ward 74801024,GT481,GT481 - Mogale City,GT481 - Mogale City,5469,2969,0.5428780398610349,5138,2302,0.4480342545737641
Gauteng,Ward 74801025,GT481,GT481 - Mogale City,GT481 - Mogale City,4969,2806,0.564701147112095,4647,1968,0.4234990316333118
Gauteng,Ward 74801026,GT481,GT481 - Mogale City,GT481 - Mogale City,4759,2699,0.567135952931288,4474,2005,0.4481448368350469
Gauteng,Ward 74801027,GT481,GT481 - Mogale City,GT481 - Mogale City,4632,2826,0.6101036269430051,4507,2042,0.4530729975593521
Gauteng,Ward 74801028,GT481,GT481 - Mogale City,GT481 - Mogale City,4822,3579,0.7422231439236832,5042,2930,0.5811186037286791
Gauteng,Ward 74801029,GT481,GT481 - Mogale City,GT481 - Mogale City,3929,2974,0.7569356070246882,4102,2735,0.666747927840078
Gauteng,Ward 74801030,GT481,GT481 - Mogale City,GT481 - Mogale City,5492,3195,0.581755280407866,5785,2744,0.47433016421780466
Gauteng,Ward 74801031,GT481,GT481 - Mogale City,GT481 - Mogale City,5669,3628,0.6399717763273945,5405,2654,0.4910268270120259
Gauteng,Ward 74801032,GT481,GT481 - Mogale City,GT481 - Mogale City,4322,2708,0.6265617769551134,3743,1889,0.5046753940689287
Gauteng,Ward 74801033,GT481,GT481 - Mogale City,GT481 - Mogale City,4610,2593,0.562472885032538,4460,2105,0.47197309417040356
Gauteng,Ward 74801034,GT481,GT481 - Mogale City,GT481 - Mogale City,5444,3223,0.5920279206465834,5272,2164,0.41047040971168436
Gauteng,Ward 74801035,GT481,GT481 - Mogale City,GT481 - Mogale City,4889,2897,0.5925547146655757,4746,2678,0.5642646439106616
Gauteng,Ward 74801036,GT481,GT481 - Mogale City,GT481 - Mogale City,3855,2663,0.6907911802853437,3006,1402,0.46640053226879574
Gauteng,Ward 74801037,GT481,GT481 - Mogale City,GT481 - Mogale City,4797,3425,0.7139879091098603,4874,3023,0.6202297907263028
Gauteng,Ward 74801038,GT481,GT481 - Mogale City,GT481 - Mogale City,4682,2980,0.6364801366937206,4721,2359,0.49968227070535903
Gauteng,Ward 74801039,GT481,GT481 - Mogale City,GT481 - Mogale City,5573,3705,0.6648124887852144,5495,3030,0.551410373066424
Gauteng,Ward 74804001,GT484,GT484 - Merafong City,GT484 - Merafong City,4870,2902,0.5958932238193019,4534,2005,0.44221438023820026
Gauteng,Ward 74804002,GT484,GT484 - Merafong City,GT484 - Merafong City,4780,2707,0.5663179916317992,4584,2168,0.47294938917975565
Gauteng,Ward 74804003,GT484,GT484 - Merafong City,GT484 - Merafong City,2745,1353,0.492896174863388,2693,1193,0.4430003713330858
Gauteng,Ward 74804004,GT484,GT484 - Merafong City,GT484 - Merafong City,3555,1681,0.4728551336146273,3075,1350,0.43902439024390244
Gauteng,Ward 74804005,GT484,GT484 - Merafong City,GT484 - Merafong City,2595,818,0.3152215799614644,2953,769,0.2604131391804944
Gauteng,Ward 74804006,GT484,GT484 - Merafong City,GT484 - Merafong City,3270,1793,0.5483180428134556,2958,1342,0.45368492224476
Gauteng,Ward 74804007,GT484,GT484 - Merafong City,GT484 - Merafong City,3640,2055,0.5645604395604396,2188,1127,0.5150822669104205
Gauteng,Ward 74804008,GT484,GT484 - Merafong City,GT484 - Merafong City,3081,1712,0.5556637455371632,2721,1185,0.4355016538037486
Gauteng,Ward 74804009,GT484,GT484 - Merafong City,GT484 - Merafong City,2544,1327,0.5216194968553459,2881,1388,0.48177716070808746
Gauteng,Ward 74804010,GT484,GT484 - Merafong City,GT484 - Merafong City,3311,1931,0.5832074901842343,3531,1359,0.3848768054375531
Gauteng,Ward 74804011,GT484,GT484 - Merafong City,GT484 - Merafong City,3046,1340,0.43992120814182534,2697,888,0.3292547274749722
Gauteng,Ward 74804012,GT484,GT484 - Merafong City,GT484 - Merafong City,4012,2436,0.6071784646061814,4325,2289,0.5292485549132948
Gauteng,Ward 74804013,GT484,GT484 - Merafong City,GT484 - Merafong City,3531,1800,0.5097706032285472,2923,1317,0.4505644885391721
Gauteng,Ward 74804014,GT484,GT484 - Merafong City,GT484 - Merafong City,4300,2582,0.6004651162790697,3841,1721,0.4480604009372559
Gauteng,Ward 74804015,GT484,GT484 - Merafong City,GT484 - Merafong City,3451,1511,0.4378441031585048,3386,1256,0.370939161252215
Gauteng,Ward 74804016,GT484,GT484 - Merafong City,GT484 - Merafong City,3549,1936,0.5455057762750071,3587,1522,0.424310008363535
Gauteng,Ward 74804017,GT484,GT484 - Merafong City,GT484 - Merafong City,3483,1888,0.5420614412862474,3270,1385,0.4235474006116208
Gauteng,Ward 74804018,GT484,GT484 - Merafong City,GT484 - Merafong City,3766,1768,0.46946362187997875,3488,1229,0.3523509174311927
Gauteng,Ward 74804019,GT484,GT484 - Merafong City,GT484 - Merafong City,2286,926,0.40507436570428695,3131,952,0.3040562120728202
Gauteng,Ward 74804020,GT484,GT484 - Merafong City,GT484 - Merafong City,4233,2348,0.5546893456177652,3912,1307,0.3341002044989775
Gauteng,Ward 74804021,GT484,GT484 - Merafong City,GT484 - Merafong City,4349,2903,0.6675097723614624,4683,2676,0.5714285714285714
Gauteng,Ward 74804022,GT484,GT484 - Merafong City,GT484 - Merafong City,3829,2267,0.5920605902324366,4145,1827,0.4407720144752714
Gauteng,Ward 74804023,GT484,GT484 - Merafong City,GT484 - Merafong City,3912,1913,0.48900817995910023,3504,1302,0.3715753424657534
Gauteng,Ward 74804024,GT484,GT484 - Merafong City,GT484 - Merafong City,3098,1839,0.5936087798579729,2849,1405,0.4931554931554932
Gauteng,Ward 74804025,GT484,GT484 - Merafong City,GT484 - Merafong City,3114,1829,0.5873474630700064,2897,1042,0.35968243010010353
Gauteng,Ward 74804026,GT484,GT484 - Merafong City,GT484 - Merafong City,3870,2220,0.5736434108527132,3561,1507,0.42319573153608536
Gauteng,Ward 74804027,GT484,GT484 - Merafong City,GT484 - Merafong City,3650,1364,0.3736986301369863,2617,451,0.1723347344287352
Gauteng,Ward 74804028,GT484,GT484 - Merafong City,GT484 - Merafong City,4094,2480,0.6057645334636053,3877,1893,0.4882641217436162
Gauteng,Ward 79800001,JHB,JHB - City of Johannesburg,JHB - City of Johannesburg,14454,7540,0.521654905216549,14294,5632,0.3940114733454596
Gauteng,Ward 79800002,JHB,JHB - City of Johannesburg,JHB - City of Johannesburg,14970,8244,0.5507014028056112,14308,5418,0.3786692759295499
Gauteng,Ward 79800003,JHB,JHB - City of Johannesburg,JHB - City of Johannesburg,13968,7154,0.5121706758304696,13533,5350,0.39532993423483337
Gauteng,Ward 79800004,JHB,JHB - City of Johannesburg,JHB - City of Johannesburg,18289,9921,0.5424572147192301,17574,7045,0.4008762945260043
Gauteng,Ward 79800005,JHB,JHB - City of Johannesburg,JHB - City of Johannesburg,15969,10721,0.6713632663285115,16037,5746,0.35829643948369394
Gauteng,Ward 79800006,JHB,JHB - City of Johannesburg,JHB - City of Johannesburg,16319,7863,0.48183099454623446,18848,8764,0.4649830220713073
Gauteng,Ward 79800007,JHB,JHB - City of Johannesburg,JHB - City of Johannesburg,19415,11990,0.6175637393767706,19786,9638,0.48711209946426764
Gauteng,Ward 79800008,JHB,JHB - City of Johannesburg,JHB - City of Johannesburg,17313,9553,0.5517818979957257,18048,6509,0.3606493794326241
Gauteng,Ward 79800009,JHB,JHB - City of Johannesburg,JHB - City of Johannesburg,16825,10060,0.5979197622585438,18174,8513,0.4684164190601959
Gauteng,Ward 79800010,JHB,JHB - City of Johannesburg,JHB - City of Johannesburg,13739,7922,0.5766067399374045,14394,6159,0.4278866194247603
Gauteng,Ward 79800011,JHB,JHB - City of Johannesburg,JHB - City of Johannesburg,17511,9692,0.5534806692935869,15888,6789,0.4273036253776435
Gauteng,Ward 79800012,JHB,JHB - City of Johannesburg,JHB - City of Johannesburg,16599,8147,0.49081269956021445,15492,6090,0.39310611928737416
Gauteng,Ward 79800013,JHB,JHB - City of Johannesburg,JHB - City of Johannesburg,15352,8323,0.5421443460135488,15430,6235,0.40408295528191834
Gauteng,Ward 79800014,JHB,JHB - City of Johannesburg,JHB - City of Johannesburg,14753,8145,0.5520911001152308,14188,6251,0.440583591767691
Gauteng,Ward 79800015,JHB,JHB - City of Johannesburg,JHB - City of Johannesburg,15796,8304,0.5257027095467207,14312,5110,0.35704304080491894
Gauteng,Ward 79800016,JHB,JHB - City of Johannesburg,JHB - City of Johannesburg,14696,9487,0.6455498094719652,14048,5914,0.42098519362186787
Gauteng,Ward 79800017,JHB,JHB - City of Johannesburg,JHB - City of Johannesburg,18613,11447,0.6150002686294526,18261,9468,0.5184820108427797
Gauteng,Ward 79800018,JHB,JHB - City of Johannesburg,JHB - City of Johannesburg,18582,12214,0.6573027661177484,18900,10292,0.5445502645502646
Gauteng,Ward 79800019,JHB,JHB - City of Johannesburg,JHB - City of Johannesburg,14841,8152,0.5492891314601442,13334,5103,0.38270586470676465
Gauteng,Ward 79800020,JHB,JHB - City of Johannesburg,JHB - City of Johannesburg,15040,8663,0.575997340425532,13868,5187,0.3740265359100087
Gauteng,Ward 79800021,JHB,JHB - City of Johannesburg,JHB - City of Johannesburg,15995,8110,0.5070334479524852,15015,7605,0.5064935064935064
Gauteng,Ward 79800022,JHB,JHB - City of Johannesburg,JHB - City of Johannesburg,18276,10577,0.5787371416064785,18658,8152,0.43691714010076105
Gauteng,Ward 79800023,JHB,JHB - City of Johannesburg,JHB - City of Johannesburg,18388,13294,0.722971503154231,17898,9900,0.5531344284277573
Gauteng,Ward 79800024,JHB,JHB - City of Johannesburg,JHB - City of Johannesburg,18484,9283,0.5022181346028998,16251,5688,0.3500092302012184
Gauteng,Ward 79800025,JHB,JHB - City of Johannesburg,JHB - City of Johannesburg,17988,9948,0.553035356904603,16917,6829,0.40367677484187503
Gauteng,Ward 79800026,JHB,JHB - City of Johannesburg,JHB - City of Johannesburg,15134,8475,0.559997356944628,16075,6015,0.3741835147744946
Gauteng,Ward 79800027,JHB,JHB - City of Johannesburg,JHB - City of Johannesburg,18016,10582,0.5873667850799289,16988,7231,0.4256534024016953
Gauteng,Ward 79800028,JHB,JHB - City of Johannesburg,JHB - City of Johannesburg,14480,8089,0.5586325966850829,13314,5642,0.4237644584647739
Gauteng,Ward 79800029,JHB,JHB - City of Johannesburg,JHB - City of Johannesburg,16766,9605,0.5728856018131934,15751,7021,0.44574947622373184
Gauteng,Ward 79800030,JHB,JHB - City of Johannesburg,JHB - City of Johannesburg,17420,8788,0.5044776119402985,15999,6403,0.40021251328208013
Gauteng,Ward 79800031,JHB,JHB - City of Johannesburg,JHB - City of Johannesburg,14044,6953,0.4950868698376531,12745,4953,0.3886229894076108
Gauteng,Ward 79800032,JHB,JHB - City of Johannesburg,JHB - City of Johannesburg,19191,12967,0.6756813089469021,19336,8521,0.44068059577989244
Gauteng,Ward 79800033,JHB,JHB - City of Johannesburg,JHB - City of Johannesburg,14084,8705,0.6180772507810282,13706,6398,0.466802860061287
Gauteng,Ward 79800034,JHB,JHB - City of Johannesburg,JHB - City of Johannesburg,14287,7760,0.5431511163995241,14050,5982,0.42576512455516013
Gauteng,Ward 79800035,JHB,JHB - City of Johannesburg,JHB - City of Johannesburg,13498,7705,0.570825307452956,15000,6570,0.438
Gauteng,Ward 79800036,JHB,JHB - City of Johannesburg,JHB - City of Johannesburg,14299,8254,0.5772431638576124,12967,5651,0.4357985655895735
Gauteng,Ward 79800037,JHB,JHB - City of Johannesburg,JHB - City of Johannesburg,15946,8651,0.5425184999372884,12953,5048,0.3897166679533699
Gauteng,Ward 79800038,JHB,JHB - City of Johannesburg,JHB - City of Johannesburg,14276,7709,0.5399971980947044,13671,5879,0.4300343793431351
Gauteng,Ward 79800039,JHB,JHB - City of Johannesburg,JHB - City of Johannesburg,14411,8203,0.5692179585039207,13389,5792,0.43259392038240346
Gauteng,Ward 79800040,JHB,JHB - City of Johannesburg,JHB - City of Johannesburg,15951,8523,0.5343238668422042,14623,6432,0.43985502290911577
Gauteng,Ward 79800041,JHB,JHB - City of Johannesburg,JHB - City of Johannesburg,18271,10719,0.5866673964205572,16876,6561,0.3887769613652524
Gauteng,Ward 79800042,JHB,JHB - City of Johannesburg,JHB - City of Johannesburg,14036,7963,0.567326873753206,13986,5835,0.4172029172029172
Gauteng,Ward 79800043,JHB,JHB - City of Johannesburg,JHB - City of Johannesburg,15559,8973,0.5767080146538981,14257,6406,0.4493231395104159
Gauteng,Ward 79800044,JHB,JHB - City of Johannesburg,JHB - City of Johannesburg,19111,9881,0.5170320757678823,17094,6931,0.4054639054639055
Gauteng,Ward 79800045,JHB,JHB - City of Johannesburg,JHB - City of Johannesburg,17065,9306,0.5453266920597715,15560,6681,0.4293701799485861
Gauteng,Ward 79800046,JHB,JHB - City of Johannesburg,JHB - City of Johannesburg,17207,9348,0.5432672749462428,16015,6726,0.41998126756166093
Gauteng,Ward 79800047,JHB,JHB - City of Johannesburg,JHB - City of Johannesburg,16447,8666,0.5269046026630997,16924,6340,0.3746159300401796
Gauteng,Ward 79800048,JHB,JHB - City of Johannesburg,JHB - City of Johannesburg,16107,8913,0.5533618923449432,17479,7575,0.4333771954917329
Gauteng,Ward 79800049,JHB,JHB - City of Johannesburg,JHB - City of Johannesburg,19173,10399,0.542377301413446,19977,7123,0.3565600440506583
Gauteng,Ward 79800050,JHB,JHB - City of Johannesburg,JHB - City of Johannesburg,14304,7932,0.5545302013422819,13563,5170,0.38118410381184104
Gauteng,Ward 79800051,JHB,JHB - City of Johannesburg,JHB - City of Johannesburg,15746,8470,0.5379143909564333,14386,5625,0.39100514388989294
Gauteng,Ward 79800052,JHB,JHB - City of Johannesburg,JHB - City of Johannesburg,13970,7309,0.5231925554760201,12978,5461,0.4207890275851441
Gauteng,Ward 79800053,JHB,JHB - City of Johannesburg,JHB - City of Johannesburg,15727,9266,0.5891778470146881,19531,7192,0.36823511340945164
Gauteng,Ward 79800054,JHB,JHB - City of Johannesburg,JHB - City of Johannesburg,19300,12587,0.6521761658031088,19395,9259,0.4773910801753029
Gauteng,Ward 79800055,JHB,JHB - City of Johannesburg,JHB - City of Johannesburg,14853,8602,0.5791422608227295,14435,6112,0.4234153100103914
Gauteng,Ward 79800056,JHB,JHB - City of Johannesburg,JHB - City of Johannesburg,15883,9057,0.5702323238682868,15367,6400,0.41647686601158324
Gauteng,Ward 79800057,JHB,JHB - City of Johannesburg,JHB - City of Johannesburg,18404,11080,0.6020430341230167,18371,8046,0.4379728920581351
Gauteng,Ward 79800058,JHB,JHB - City of Johannesburg,JHB - City of Johannesburg,18241,9957,0.5458582314566087,16994,5881,0.34606331646463456
Gauteng,Ward 79800059,JHB,JHB - City of Johannesburg,JHB - City of Johannesburg,13573,3871,0.2851985559566787,11049,2413,0.21839080459770116
Gauteng,Ward 79800060,JHB,JHB - City of Johannesburg,JHB - City of Johannesburg,15313,5624,0.3672696401750147,16499,3860,0.23395357294381477
Gauteng,Ward 79800061,JHB,JHB - City of Johannesburg,JHB - City of Johannesburg,16023,7606,0.4746926293453161,15844,4918,0.3104014137843979
Gauteng,Ward 79800062,JHB,JHB - City of Johannesburg,JHB - City of Johannesburg,13442,4764,0.3544115459009076,11274,2695,0.23904559162675182
Gauteng,Ward 79800063,JHB,JHB - City of Johannesburg,JHB - City of Johannesburg,13436,4316,0.3212265555224769,13750,3150,0.2290909090909091
Gauteng,Ward 79800064,JHB,JHB - City of Johannesburg,JHB - City of Johannesburg,16322,5820,0.3565739492709227,13875,3220,0.23207207207207206
Gauteng,Ward 79800065,JHB,JHB - City of Johannesburg,JHB - City of Johannesburg,17319,7463,0.4309140250591836,17870,5590,0.31281477336317853
Gauteng,Ward 79800066,JHB,JHB - City of Johannesburg,JHB - City of Johannesburg,15048,8192,0.5443912812333865,14365,5437,0.3784893839192482
Gauteng,Ward 79800067,JHB,JHB - City of Johannesburg,JHB - City of Johannesburg,13747,4999,0.3636429766494508,13029,3506,0.2690920254816179
Gauteng,Ward 79800068,JHB,JHB - City of Johannesburg,JHB - City of Johannesburg,16041,9591,0.597905367495792,16952,7975,0.4704459650778669
Gauteng,Ward 79800069,JHB,JHB - City of Johannesburg,JHB - City of Johannesburg,16276,8912,0.5475546817399852,15713,6060,0.38566791828422325
Gauteng,Ward 79800070,JHB,JHB - City of Johannesburg,JHB - City of Johannesburg,20048,13064,0.6516360734237829,20771,10368,0.4991574791776997
Gauteng,Ward 79800071,JHB,JHB - City of Johannesburg,JHB - City of Johannesburg,17035,11087,0.6508365130613443,16924,7719,0.456097849208225
Gauteng,Ward 79800072,JHB,JHB - City of Johannesburg,JHB - City of Johannesburg,16122,10452,0.6483066617045031,13942,7677,0.550638358915507
Gauteng,Ward 79800073,JHB,JHB - City of Johannesburg,JHB - City of Johannesburg,15167,9402,0.619898463770027,15457,6945,0.4493109917836579
Gauteng,Ward 79800074,JHB,JHB - City of Johannesburg,JHB - City of Johannesburg,15439,10217,0.6617656583975646,16153,8262,0.5114839348727791
Gauteng,Ward 79800075,JHB,JHB - City of Johannesburg,JHB - City of Johannesburg,16286,7370,0.4525359204224487,15737,5238,0.3328461587341933
Gauteng,Ward 79800076,JHB,JHB - City of Johannesburg,JHB - City of Johannesburg,15030,7211,0.47977378576180973,13812,5165,0.3739501882421083
Gauteng,Ward 79800077,JHB,JHB - City of Johannesburg,JHB - City of Johannesburg,16107,7795,0.48395107717141617,15778,5128,0.3250095069083534
Gauteng,Ward 79800078,JHB,JHB - City of Johannesburg,JHB - City of Johannesburg,15620,8030,0.5140845070422535,16008,5212,0.3255872063968016
Gauteng,Ward 79800079,JHB,JHB - City of Johannesburg,JHB - City of Johannesburg,17197,8046,0.46787230330871665,15829,5162,0.32611030387263884
Gauteng,Ward 79800080,JHB,JHB - City of Johannesburg,JHB - City of Johannesburg,13481,6421,0.476299977746458,13594,5716,0.4204796233632485
Gauteng,Ward 79800081,JHB,JHB - City of Johannesburg,JHB - City of Johannesburg,17588,9765,0.5552080964293836,17769,7238,0.4073386234453261
Gauteng,Ward 79800082,JHB,JHB - City of Johannesburg,JHB - City of Johannesburg,17908,11192,0.6249720795175341,17675,8784,0.496973125884017
Gauteng,Ward 79800083,JHB,JHB - City of Johannesburg,JHB - City of Johannesburg,16272,12246,0.7525811209439528,15797,9409,0.5956194214091283
Gauteng,Ward 79800084,JHB,JHB - City of Johannesburg,JHB - City of Johannesburg,18755,11876,0.6332178085843775,18072,8752,0.48428508189464364
Gauteng,Ward 79800085,JHB,JHB - City of Johannesburg,JHB - City of Johannesburg,17792,12167,0.6838466726618705,17196,8420,0.48964875552454057
Gauteng,Ward 79800086,JHB,JHB - City of Johannesburg,JHB - City of Johannesburg,19302,13262,0.6870790591648533,18928,10073,0.5321745562130178
Gauteng,Ward 79800087,JHB,JHB - City of Johannesburg,JHB - City of Johannesburg,16256,10028,0.6168799212598425,16269,7917,0.48663101604278075
Gauteng,Ward 79800088,JHB,JHB - City of Johannesburg,JHB - City of Johannesburg,16381,11280,0.6886026494109029,15625,8673,0.555072
Gauteng,Ward 79800089,JHB,JHB - City of Johannesburg,JHB - City of Johannesburg,18288,12903,0.7055446194225722,17975,9715,0.5404728789986092
Gauteng,Ward 79800090,JHB,JHB - City of Johannesburg,JHB - City of Johannesburg,16176,11765,0.7273120672601385,15805,8372,0.5297057893071813
Gauteng,Ward 79800091,JHB,JHB - City of Johannesburg,JHB - City of Johannesburg,15777,8857,0.5613868289281866,15745,6750,0.42870752619879327
Gauteng,Ward 79800092,JHB,JHB - City of Johannesburg,JHB - City of Johannesburg,14712,7477,0.5082245785753127,17488,6375,0.364535681610247
Gauteng,Ward 79800093,JHB,JHB - City of Johannesburg,JHB - City of Johannesburg,18132,12662,0.6983234061328039,19644,10240,0.5212787619629403
Gauteng,Ward 79800094,JHB,JHB - City of Johannesburg,JHB - City of Johannesburg,17562,11259,0.6411001024940212,17305,8128,0.4696908407974574
Gauteng,Ward 79800095,JHB,JHB - City of Johannesburg,JHB - City of Johannesburg,18372,8155,0.4438819943392118,17995,5361,0.2979160878021673
Gauteng,Ward 79800096,JHB,JHB - City of Johannesburg,JHB - City of Johannesburg,19919,12046,0.6047492343993173,21882,10359,0.47340279681930353
Gauteng,Ward 79800097,JHB,JHB - City of Johannesburg,JHB - City of Johannesburg,19577,14824,0.7572150993512795,22293,11698,0.5247387072175123
Gauteng,Ward 79800098,JHB,JHB - City of Johannesburg,JHB - City of Johannesburg,17625,11328,0.6427234042553192,17173,8444,0.49170209049088687
Gauteng,Ward 79800099,JHB,JHB - City of Johannesburg,JHB - City of Johannesburg,15294,10709,0.7002092323787106,14914,8477,0.5683921147914711
Gauteng,Ward 79800100,JHB,JHB - City of Johannesburg,JHB - City of Johannesburg,20129,10809,0.5369864374782652,19490,7861,0.40333504361210876
Gauteng,Ward 79800101,JHB,JHB - City of Johannesburg,JHB - City of Johannesburg,20382,13694,0.6718673339220881,21370,10893,0.5097332709405709
Gauteng,Ward 79800102,JHB,JHB - City of Johannesburg,JHB - City of Johannesburg,17803,12104,0.6798854125709151,18726,9865,0.5268076471216491
Gauteng,Ward 79800103,JHB,JHB - City of Johannesburg,JHB - City of Johannesburg,19037,12925,0.6789410096128592,19553,9949,0.5088221756252238
Gauteng,Ward 79800104,JHB,JHB - City of Johannesburg,JHB - City of Johannesburg,17297,11500,0.6648551771983581,17499,8975,0.5128864506543231
Gauteng,Ward 79800105,JHB,JHB - City of Johannesburg,JHB - City of Johannesburg,18269,9211,0.5041874213147955,19144,7429,0.38805892185541163
Gauteng,Ward 79800106,JHB,JHB - City of Johannesburg,JHB - City of Johannesburg,19116,13039,0.6820987654320988,20114,10548,0.52441085810878
Gauteng,Ward 79800107,JHB,JHB - City of Johannesburg,JHB - City of Johannesburg,16421,9576,0.5831557152426771,15589,5917,0.37956251202771185
Gauteng,Ward 79800108,JHB,JHB - City of Johannesburg,JHB - City of Johannesburg,14158,6985,0.4933606441587795,14113,5037,0.3569049812229859
Gauteng,Ward 79800109,JHB,JHB - City of Johannesburg,JHB - City of Johannesburg,18333,9876,0.5387007036491572,20924,8526,0.40747467023513667
Gauteng,Ward 79800110,JHB,JHB - City of Johannesburg,JHB - City of Johannesburg,15672,7573,0.48321847881572233,15691,4009,0.25549678159454464
Gauteng,Ward 79800111,JHB,JHB - City of Johannesburg,JHB - City of Johannesburg,15419,7281,0.4722096115182567,16300,5015,0.3076687116564417
Gauteng,Ward 79800112,JHB,JHB - City of Johannesburg,JHB - City of Johannesburg,16498,11114,0.67365741301976,19568,8771,0.4482318070318888
Gauteng,Ward 79800113,JHB,JHB - City of Johannesburg,JHB - City of Johannesburg,19356,8276,0.427567679272577,18165,4870,0.26809799064134326
Gauteng,Ward 79800114,JHB,JHB - City of Johannesburg,JHB - City of Johannesburg,14406,7549,0.5240177703734555,16275,6178,0.37960061443932414
Gauteng,Ward 79800115,JHB,JHB - City of Johannesburg,JHB - City of Johannesburg,20234,13476,0.6660077097953939,21648,9836,0.45436067997043605
Gauteng,Ward 79800116,JHB,JHB - City of Johannesburg,JHB - City of Johannesburg,14385,6654,0.46256517205422315,13565,4946,0.36461481754515296
Gauteng,Ward 79800117,JHB,JHB - City of Johannesburg,JHB - City of Johannesburg,14320,9999,0.6982541899441341,14228,7531,0.5293084059600787
Gauteng,Ward 79800118,JHB,JHB - City of Johannesburg,JHB - City of Johannesburg,18986,10111,0.5325503002212156,17383,5551,0.31933498245412184
Gauteng,Ward 79800119,JHB,JHB - City of Johannesburg,JHB - City of Johannesburg,19222,10849,0.5644053688481948,18420,7443,0.40407166123778504
Gauteng,Ward 79800120,JHB,JHB - City of Johannesburg,JHB - City of Johannesburg,18613,10860,0.5834631709020577,21344,8729,0.40896739130434784
Gauteng,Ward 79800121,JHB,JHB - City of Johannesburg,JHB - City of Johannesburg,18994,10985,0.5783405285879751,19635,9190,0.46804176215940924
Gauteng,Ward 79800122,JHB,JHB - City of Johannesburg,JHB - City of Johannesburg,18847,10970,0.5820554995489998,18908,7779,0.4114131584514491
Gauteng,Ward 79800123,JHB,JHB - City of Johannesburg,JHB - City of Johannesburg,16068,5501,0.3423574807069953,14090,2977,0.21128459900638752
Gauteng,Ward 79800124,JHB,JHB - City of Johannesburg,JHB - City of Johannesburg,16036,7501,0.46776003991020204,17415,5537,0.31794430089003733
Gauteng,Ward 79800125,JHB,JHB - City of Johannesburg,JHB - City of Johannesburg,15314,9966,0.6507770667363197,17920,8571,0.4782924107142857
Gauteng,Ward 79800126,JHB,JHB - City of Johannesburg,JHB - City of Johannesburg,18963,13409,0.7071138532932553,18639,9891,0.5306615161757605
Gauteng,Ward 79800127,JHB,JHB - City of Johannesburg,JHB - City of Johannesburg,16222,8026,0.49476020219455064,13592,5249,0.38618304885226606
Gauteng,Ward 79800128,JHB,JHB - City of Johannesburg,JHB - City of Johannesburg,17720,9027,0.5094243792325056,17690,6302,0.3562464669304692
Gauteng,Ward 79800129,JHB,JHB - City of Johannesburg,JHB - City of Johannesburg,15447,8585,0.555771347187156,14995,6019,0.4014004668222741
Gauteng,Ward 79800130,JHB,JHB - City of Johannesburg,JHB - City of Johannesburg,13483,7598,0.5635244381814136,13131,5757,0.4384281471327393
Gauteng,Ward 79800131,JHB,JHB - City of Johannesburg,JHB - City of Johannesburg,14354,8331,0.5803957085133064,13564,6074,0.44780300796225303
Gauteng,Ward 79800132,JHB,JHB - City of Johannesburg,JHB - City of Johannesburg,19372,13164,0.6795374767705967,20345,10271,0.5048414843942001
Gauteng,Ward 79800133,JHB,JHB - City of Johannesburg,JHB - City of Johannesburg,17017,8389,0.49297761062466944,16592,5152,0.3105110896817743
Gauteng,Ward 79800134,JHB,JHB - City of Johannesburg,JHB - City of Johannesburg,15714,10469,0.6662212040218913,19028,8353,0.43898465419381966
Gauteng,Ward 79800135,JHB,JHB - City of Johannesburg,JHB - City of Johannesburg,19217,9856,0.5128792215226102,19071,8046,0.42189712128362433
Gauteng,Ward 79900001,TSH,TSH - Tshwane Metro,TSH - City of Tshwane,14831,9486,0.6396062301935136,16561,8151,0.4921804238874464
Gauteng,Ward 79900002,TSH,TSH - Tshwane Metro,TSH - City of Tshwane,14620,9760,0.667578659370725,15964,7960,0.4986218992733651
Gauteng,Ward 79900003,TSH,TSH - Tshwane Metro,TSH - City of Tshwane,15734,8638,0.5490021609253846,16187,5206,0.3216161116945697
Gauteng,Ward 79900004,TSH,TSH - Tshwane Metro,TSH - City of Tshwane,16012,9593,0.5991131651261554,17491,7505,0.42907781144588647
Gauteng,Ward 79900005,TSH,TSH - Tshwane Metro,TSH - City of Tshwane,16747,12165,0.726398757986505,15496,9148,0.5903458957150233
Gauteng,Ward 79900006,TSH,TSH - Tshwane Metro,TSH - City of Tshwane,12527,6859,0.5475373193901173,14080,5751,0.40845170454545454
Gauteng,Ward 79900007,TSH,TSH - Tshwane Metro,TSH - City of Tshwane,13382,6000,0.44836347332237336,15779,7068,0.44793713163064836
Gauteng,Ward 79900008,TSH,TSH - Tshwane Metro,TSH - City of Tshwane,13022,6979,0.5359391798494855,12938,5105,0.3945741227392178
Gauteng,Ward 79900009,TSH,TSH - Tshwane Metro,TSH - City of Tshwane,12880,7469,0.5798913043478261,12245,4736,0.38677011024908126
Gauteng,Ward 79900010,TSH,TSH - Tshwane Metro,TSH - City of Tshwane,16238,7697,0.47401157778051484,13002,4290,0.3299492385786802
Gauteng,Ward 79900011,TSH,TSH - Tshwane Metro,TSH - City of Tshwane,13903,7802,0.561173847371071,12533,5080,0.40532992898747305
Gauteng,Ward 79900012,TSH,TSH - Tshwane Metro,TSH - City of Tshwane,11957,5928,0.49577653257506066,12175,4374,0.3592607802874743
Gauteng,Ward 79900013,TSH,TSH - Tshwane Metro,TSH - City of Tshwane,12984,7417,0.571241528034504,13557,5783,0.4265692999926237
Gauteng,Ward 79900014,TSH,TSH - Tshwane Metro,TSH - City of Tshwane,13399,7510,0.5604895887752818,12653,5072,0.4008535525171896
Gauteng,Ward 79900015,TSH,TSH - Tshwane Metro,TSH - City of Tshwane,17138,9742,0.568444392577897,14077,6272,0.4455494778717056
Gauteng,Ward 79900016,TSH,TSH - Tshwane Metro,TSH - City of Tshwane,13757,7691,0.5590608417532892,14696,6274,0.4269188894937398
Gauteng,Ward 79900017,TSH,TSH - Tshwane Metro,TSH - City of Tshwane,13589,6615,0.4867907866656855,14907,5640,0.37834574361038437
Gauteng,Ward 79900018,TSH,TSH - Tshwane Metro,TSH - City of Tshwane,13171,7475,0.567534735403538,14945,6394,0.4278353964536634
Gauteng,Ward 79900019,TSH,TSH - Tshwane Metro,TSH - City of Tshwane,14162,8435,0.5956079649766982,12834,5475,0.4266012155212716
Gauteng,Ward 79900020,TSH,TSH - Tshwane Metro,TSH - City of Tshwane,14890,8045,0.5402955003357959,13802,5436,0.393855962903927
Gauteng,Ward 79900021,TSH,TSH - Tshwane Metro,TSH - City of Tshwane,14376,7668,0.5333889816360601,13534,5384,0.3978129156199202
Gauteng,Ward 79900022,TSH,TSH - Tshwane Metro,TSH - City of Tshwane,12533,6289,0.5017952605122477,13266,5380,0.405548017488316
Gauteng,Ward 79900023,TSH,TSH - Tshwane Metro,TSH - City of Tshwane,11672,6056,0.518848526387937,12666,5040,0.3979156797726196
Gauteng,Ward 79900024,TSH,TSH - Tshwane Metro,TSH - City of Tshwane,14516,7878,0.5427114907688069,14807,5327,0.35976227459985144
Gauteng,Ward 79900025,TSH,TSH - Tshwane Metro,TSH - City of Tshwane,12062,6542,0.5423644503399104,12789,4617,0.3610133708655876
Gauteng,Ward 79900026,TSH,TSH - Tshwane Metro,TSH - City of Tshwane,12538,6882,0.5488913702344872,12022,4836,0.4022625187156879
Gauteng,Ward 79900027,TSH,TSH - Tshwane Metro,TSH - City of Tshwane,11888,5958,0.5011776581426649,12056,4951,0.4106668878566689
Gauteng,Ward 79900028,TSH,TSH - Tshwane Metro,TSH - City of Tshwane,11679,6562,0.5618631732168851,12168,4809,0.3952169625246548
Gauteng,Ward 79900029,TSH,TSH - Tshwane Metro,TSH - City of Tshwane,13935,7955,0.57086472909939,13035,5602,0.42976601457614116
Gauteng,Ward 79900030,TSH,TSH - Tshwane Metro,TSH - City of Tshwane,15308,8597,0.5616017768487066,15853,6440,0.4062322588784457
Gauteng,Ward 79900031,TSH,TSH - Tshwane Metro,TSH - City of Tshwane,13793,7314,0.5302689770173277,13885,5460,0.39323010442924017
Gauteng,Ward 79900032,TSH,TSH - Tshwane Metro,TSH - City of Tshwane,14861,7907,0.5320637911311487,16183,6195,0.38280912068219736
Gauteng,Ward 79900033,TSH,TSH - Tshwane Metro,TSH - City of Tshwane,13364,7528,0.5633043998802754,14557,5815,0.399464175310847
Gauteng,Ward 79900034,TSH,TSH - Tshwane Metro,TSH - City of Tshwane,13435,6806,0.506587272050614,13429,4895,0.3645096433092561
Gauteng,Ward 79900035,TSH,TSH - Tshwane Metro,TSH - City of Tshwane,12385,6049,0.4884134033104562,14466,5144,0.3555924236139914
Gauteng,Ward 79900036,TSH,TSH - Tshwane Metro,TSH - City of Tshwane,14082,6739,0.4785541826445107,13909,5034,0.36192393414336044
Gauteng,Ward 79900037,TSH,TSH - Tshwane Metro,TSH - City of Tshwane,16347,8521,0.5212577231296263,13714,5286,0.3854455301152107
Gauteng,Ward 79900038,TSH,TSH - Tshwane Metro,TSH - City of Tshwane,12942,5842,0.45139854736516766,11473,2950,0.2571254249106598
Gauteng,Ward 79900039,TSH,TSH - Tshwane Metro,TSH - City of Tshwane,13497,7218,0.5347855078906424,12941,4696,0.3628776756046673
Gauteng,Ward 79900040,TSH,TSH - Tshwane Metro,TSH - City of Tshwane,15593,7132,0.4573847239145771,14813,4720,0.318639033281577
Gauteng,Ward 79900041,TSH,TSH - Tshwane Metro,TSH - City of Tshwane,14531,10211,0.7027045626591425,16210,8966,0.5531153608883406
Gauteng,Ward 79900042,TSH,TSH - Tshwane Metro,TSH - City of Tshwane,13769,9958,0.7232188248965067,14721,8748,0.5942531078051763
Gauteng,Ward 79900043,TSH,TSH - Tshwane Metro,TSH - City of Tshwane,15313,9275,0.6056945079344348,14533,6364,0.43789995183375763
Gauteng,Ward 79900044,TSH,TSH - Tshwane Metro,TSH - City of Tshwane,13880,10752,0.7746397694524496,14391,8981,0.6240705996803558
Gauteng,Ward 79900045,TSH,TSH - Tshwane Metro,TSH - City of Tshwane,14730,11052,0.7503054989816701,14598,9219,0.6315248664200576
Gauteng,Ward 79900046,TSH,TSH - Tshwane Metro,TSH - City of Tshwane,12670,9194,0.7256511444356748,14960,8858,0.5921122994652407
Gauteng,Ward 79900047,TSH,TSH - Tshwane Metro,TSH - City of Tshwane,15394,11269,0.7320384565415097,15116,9454,0.6254300079386081
Gauteng,Ward 79900048,TSH,TSH - Tshwane Metro,TSH - City of Tshwane,17620,11762,0.6675368898978433,17159,8932,0.5205431551955242
Gauteng,Ward 79900049,TSH,TSH - Tshwane Metro,TSH - City of Tshwane,14888,8077,0.5425174637291779,14533,5690,0.3915227413472786
Gauteng,Ward 79900050,TSH,TSH - Tshwane Metro,TSH - City of Tshwane,14818,11080,0.7477392360642462,14391,9447,0.6564519491348759
Gauteng,Ward 79900051,TSH,TSH - Tshwane Metro,TSH - City of Tshwane,11955,6944,0.580844834797156,11862,4545,0.38315629742033386
Gauteng,Ward 79900052,TSH,TSH - Tshwane Metro,TSH - City of Tshwane,13963,10644,0.7623003652510205,16421,9844,0.5994762803726935
Gauteng,Ward 79900053,TSH,TSH - Tshwane Metro,TSH - City of Tshwane,14462,10298,0.7120730189462039,13282,6930,0.5217587712693872
Gauteng,Ward 79900054,TSH,TSH - Tshwane Metro,TSH - City of Tshwane,15529,11111,0.7155000321978234,14986,8960,0.597891365274256
Gauteng,Ward 79900055,TSH,TSH - Tshwane Metro,TSH - City of Tshwane,18203,11980,0.6581332747349338,16633,8257,0.49642277400348706
Gauteng,Ward 79900056,TSH,TSH - Tshwane Metro,TSH - City of Tshwane,11580,6753,0.5831606217616581,11662,4584,0.3930715143200137
Gauteng,Ward 79900057,TSH,TSH - Tshwane Metro,TSH - City of Tshwane,13261,9211,0.6945931679360531,13148,6622,0.5036507453605111
Gauteng,Ward 79900058,TSH,TSH - Tshwane Metro,TSH - City of Tshwane,13404,5524,0.41211578633243806,13616,3466,0.2545534665099882
Gauteng,Ward 79900059,TSH,TSH - Tshwane Metro,TSH - City of Tshwane,14344,6166,0.42986614612381485,13015,3820,0.2935074913561275
Gauteng,Ward 79900060,TSH,TSH - Tshwane Metro,TSH - City of Tshwane,12123,5157,0.42538975501113585,12476,5641,0.4521481243988458
Gauteng,Ward 79900061,TSH,TSH - Tshwane Metro,TSH - City of Tshwane,16072,9666,0.6014186162269786,16861,7934,0.4705533479627543
Gauteng,Ward 79900062,TSH,TSH - Tshwane Metro,TSH - City of Tshwane,12650,7203,0.5694071146245059,11697,5313,0.4542190305206463
Gauteng,Ward 79900063,TSH,TSH - Tshwane Metro,TSH - City of Tshwane,11872,5812,0.48955525606469,13473,5130,0.3807615230460922
Gauteng,Ward 79900064,TSH,TSH - Tshwane Metro,TSH - City of Tshwane,15043,10507,0.698464402047464,12398,7235,0.583561864816906
Gauteng,Ward 79900065,TSH,TSH - Tshwane Metro,TSH - City of Tshwane,17271,12973,0.7511435354061722,17238,9483,0.55012182387748
Gauteng,Ward 79900066,TSH,TSH - Tshwane Metro,TSH - City of Tshwane,13774,9246,0.6712647016117322,16113,8891,0.5517904797368585
Gauteng,Ward 79900067,TSH,TSH - Tshwane Metro,TSH - City of Tshwane,11076,5446,0.4916937522571325,11633,4777,0.41064213874323047
Gauteng,Ward 79900068,TSH,TSH - Tshwane Metro,TSH - City of Tshwane,14730,8212,0.5575016972165648,12009,5101,0.4247647597635107
Gauteng,Ward 79900069,TSH,TSH - Tshwane Metro,TSH - City of Tshwane,14344,10315,0.7191160066926938,16486,10309,0.6253184520198957
Gauteng,Ward 79900070,TSH,TSH - Tshwane Metro,TSH - City of Tshwane,15240,11743,0.7705380577427822,16659,9255,0.5555555555555556
Gauteng,Ward 79900071,TSH,TSH - Tshwane Metro,TSH - City of Tshwane,12354,5423,0.43896713615023475,14194,4396,0.30970832746230803
Gauteng,Ward 79900072,TSH,TSH - Tshwane Metro,TSH - City of Tshwane,11666,5792,0.49648551345791186,12951,5189,0.4006640413867655
Gauteng,Ward 79900073,TSH,TSH - Tshwane Metro,TSH - City of Tshwane,16043,8740,0.5447858879261983,15491,6207,0.4006842682848105
Gauteng,Ward 79900074,TSH,TSH - Tshwane Metro,TSH - City of Tshwane,12619,6798,0.5387114668357239,12010,5052,0.4206494587843464
Gauteng,Ward 79900075,TSH,TSH - Tshwane Metro,TSH - City of Tshwane,13970,7384,0.5285612025769506,13823,5576,0.40338566157852856
Gauteng,Ward 79900076,TSH,TSH - Tshwane Metro,TSH - City of Tshwane,12482,6991,0.5600865245954174,12091,4935,0.4081548259035646
Gauteng,Ward 79900077,TSH,TSH - Tshwane Metro,TSH - City of Tshwane,14235,9239,0.6490340709518791,22916,8791,0.38361843253621924
Gauteng,Ward 79900078,TSH,TSH - Tshwane Metro,TSH - City of Tshwane,12371,8502,0.6872524452348234,13012,7211,0.554180756225023
Gauteng,Ward 79900079,TSH,TSH - Tshwane Metro,TSH - City of Tshwane,15953,11912,0.7466934118974488,15643,9585,0.6127341302819153
Gauteng,Ward 79900080,TSH,TSH - Tshwane Metro,TSH - City of Tshwane,12099,4184,0.34581370361186875,14754,3415,0.2314626541954724
Gauteng,Ward 79900081,TSH,TSH - Tshwane Metro,TSH - City of Tshwane,12518,4234,0.3382329445598338,12319,2607,0.2116243201558568
Gauteng,Ward 79900082,TSH,TSH - Tshwane Metro,TSH - City of Tshwane,12840,9303,0.7245327102803738,13481,7981,0.592018396261405
Gauteng,Ward 79900083,TSH,TSH - Tshwane Metro,TSH - City of Tshwane,12005,8324,0.6933777592669721,15007,8975,0.5980542413540347
Gauteng,Ward 79900084,TSH,TSH - Tshwane Metro,TSH - City of Tshwane,15917,11670,0.7331783627568009,16300,9854,0.6045398773006135
Gauteng,Ward 79900085,TSH,TSH - Tshwane Metro,TSH - City of Tshwane,17150,12687,0.7397667638483965,15294,9511,0.6218778605989277
Gauteng,Ward 79900086,TSH,TSH - Tshwane Metro,TSH - City of Tshwane,16221,8733,0.5383761790271869,12300,4523,0.36772357723577237
Gauteng,Ward 79900087,TSH,TSH - Tshwane Metro,TSH - City of Tshwane,15571,10124,0.6501830325605292,14644,7623,0.5205544933078394
Gauteng,Ward 79900088,TSH,TSH - Tshwane Metro,TSH - City of Tshwane,12247,6682,0.5456030048175063,14097,5604,0.3975313896573739
Gauteng,Ward 79900089,TSH,TSH - Tshwane Metro,TSH - City of Tshwane,12677,6723,0.5303305198390786,14712,4971,0.33788743882544864
Gauteng,Ward 79900090,TSH,TSH - Tshwane Metro,TSH - City of Tshwane,17543,9565,0.5452317163541014,16139,5847,0.36229010471528594
Gauteng,Ward 79900091,TSH,TSH - Tshwane Metro,TSH - City of Tshwane,19534,15403,0.7885225760212962,15610,9464,0.6062780269058295
Gauteng,Ward 79900092,TSH,TSH - Tshwane Metro,TSH - City of Tshwane,13512,6235,0.4614416814683244,13153,4169,0.3169619098304569
Gauteng,Ward 79900093,TSH,TSH - Tshwane Metro,TSH - City of Tshwane,11964,5923,0.4950685389501839,13861,5049,0.3642594329413462
Gauteng,Ward 79900094,TSH,TSH - Tshwane Metro,TSH - City of Tshwane,12529,7088,0.5657275121717615,11869,5478,0.46153846153846156
Gauteng,Ward 79900095,TSH,TSH - Tshwane Metro,TSH - City of Tshwane,12953,7474,0.5770091870609125,12283,5401,0.43971342505902467
Gauteng,Ward 79900096,TSH,TSH - Tshwane Metro,TSH - City of Tshwane,15745,9855,0.6259129882502382,15210,7492,0.4925706771860618
Gauteng,Ward 79900097,TSH,TSH - Tshwane Metro,TSH - City of Tshwane,13094,6051,0.46212005498701697,14969,5380,0.35940944618879017
Gauteng,Ward 79900098,TSH,TSH - Tshwane Metro,TSH - City of Tshwane,16432,11649,0.7089216163583252,15510,7916,0.5103803997421019
Gauteng,Ward 79900099,TSH,TSH - Tshwane Metro,TSH - City of Tshwane,17359,10349,0.5961748948672159,13176,5559,0.42190346083788705
Gauteng,Ward 79900100,TSH,TSH - Tshwane Metro,TSH - City of Tshwane,14948,9212,0.6162697350816163,14250,6525,0.45789473684210524
Gauteng,Ward 79900101,TSH,TSH - Tshwane Metro,TSH - City of Tshwane,17376,12548,0.7221454880294659,20202,11597,0.574052074052074
Gauteng,Ward 79900102,TSH,TSH - Tshwane Metro,TSH - City of Tshwane,14634,8979,0.6135711357113571,14630,6715,0.4589883800410116
Gauteng,Ward 79900103,TSH,TSH - Tshwane Metro,TSH - City of Tshwane,12429,7467,0.6007723871590634,13194,5451,0.4131423374261028
Gauteng,Ward 79900104,TSH,TSH - Tshwane Metro,TSH - City of Tshwane,12336,6996,0.5671206225680934,15210,5990,0.3938198553583169
Gauteng,Ward 79900105,TSH,TSH - Tshwane Metro,TSH - City of Tshwane,13125,8034,0.6121142857142857,14585,6947,0.4763112787110045
Gauteng,Ward 79900106,TSH,TSH - Tshwane Metro,TSH - City of Tshwane,17723,9055,0.5109180161372228,13403,4310,0.3215697978064612
Gauteng,Ward 79900107,TSH,TSH - Tshwane Metro,TSH - City of Tshwane,14092,6849,0.4860204371274482,14524,5168,0.3558248416414211
KwaZulu-Natal,Ward 59500001,ETH,ETH - eThekwini,ETH - eThekwini,17187,13008,0.7568511083958807,18289,10539,0.5762480179342775
KwaZulu-Natal,Ward 59500002,ETH,ETH - eThekwini,ETH - eThekwini,15903,10302,0.6478023014525561,18664,9133,0.4893377625375054
KwaZulu-Natal,Ward 59500003,ETH,ETH - eThekwini,ETH - eThekwini,15544,9856,0.6340710241893979,15086,6677,0.44259578417075435
KwaZulu-Natal,Ward 59500004,ETH,ETH - eThekwini,ETH - eThekwini,19368,12988,0.6705906650144569,19776,8779,0.443921925566343
KwaZulu-Natal,Ward 59500005,ETH,ETH - eThekwini,ETH - eThekwini,15202,10150,0.6676753058808051,14605,6550,0.4484765491270113
KwaZulu-Natal,Ward 59500006,ETH,ETH - eThekwini,ETH - eThekwini,18013,10782,0.5985677011047577,18104,8051,0.44470835174547063
KwaZulu-Natal,Ward 59500007,ETH,ETH - eThekwini,ETH - eThekwini,16130,10767,0.6675139491630502,16364,8103,0.4951723295037888
KwaZulu-Natal,Ward 59500008,ETH,ETH - eThekwini,ETH - eThekwini,21114,13382,0.6337974803447949,19179,9819,0.5119662130455185
KwaZulu-Natal,Ward 59500009,ETH,ETH - eThekwini,ETH - eThekwini,20532,14137,0.688534969803234,18734,10154,0.54200918116793
KwaZulu-Natal,Ward 59500010,ETH,ETH - eThekwini,ETH - eThekwini,16102,11396,0.7077381691715315,19912,11446,0.5748292486942547
KwaZulu-Natal,Ward 59500011,ETH,ETH - eThekwini,ETH - eThekwini,18258,10022,0.5489100668200241,19677,7605,0.386491843268791
KwaZulu-Natal,Ward 59500012,ETH,ETH - eThekwini,ETH - eThekwini,17139,10597,0.6182974502596418,16467,6039,0.3667334669338677
KwaZulu-Natal,Ward 59500013,ETH,ETH - eThekwini,ETH - eThekwini,15923,9424,0.5918482697984048,15059,6169,0.40965535560130156
KwaZulu-Natal,Ward 59500014,ETH,ETH - eThekwini,ETH - eThekwini,19425,12069,0.6213127413127413,18563,7006,0.37741744330119054
KwaZulu-Natal,Ward 59500015,ETH,ETH - eThekwini,ETH - eThekwini,19497,11163,0.572549623018926,19106,7349,0.3846435674657176
KwaZulu-Natal,Ward 59500016,ETH,ETH - eThekwini,ETH - eThekwini,19469,12315,0.6325440443782423,19531,8178,0.4187189596026829
KwaZulu-Natal,Ward 59500017,ETH,ETH - eThekwini,ETH - eThekwini,17171,10323,0.6011880496185429,18977,8295,0.43710807819992625
KwaZulu-Natal,Ward 59500018,ETH,ETH - eThekwini,ETH - eThekwini,19286,12297,0.6376127761070206,19154,9113,0.4757752949775504
KwaZulu-Natal,Ward 59500019,ETH,ETH - eThekwini,ETH - eThekwini,19490,12461,0.6393535146228835,18843,8021,0.425675317093881
KwaZulu-Natal,Ward 59500020,ETH,ETH - eThekwini,ETH - eThekwini,16636,10761,0.6468502043760519,15835,6729,0.4249447426586675
KwaZulu-Natal,Ward 59500021,ETH,ETH - eThekwini,ETH - eThekwini,18020,10899,0.6048279689234184,17447,7110,0.40751991746432054
KwaZulu-Natal,Ward 59500022,ETH,ETH - eThekwini,ETH - eThekwini,17889,10682,0.5971267259209571,17191,6513,0.378861031935315
KwaZulu-Natal,Ward 59500023,ETH,ETH - eThekwini,ETH - eThekwini,20789,11965,0.5755447592476791,19508,7908,0.40537215501332785
KwaZulu-Natal,Ward 59500024,ETH,ETH - eThekwini,ETH - eThekwini,19462,11886,0.6107285993217552,19057,8420,0.4418323975442095
KwaZulu-Natal,Ward 59500025,ETH,ETH - eThekwini,ETH - eThekwini,20155,11131,0.5522699082113619,16073,6292,0.3914639457475269
KwaZulu-Natal,Ward 59500026,ETH,ETH - eThekwini,ETH - eThekwini,15224,6193,0.4067919075144509,14552,3853,0.26477460142935677
KwaZulu-Natal,Ward 59500027,ETH,ETH - eThekwini,ETH - eThekwini,14908,8607,0.5773410249530453,18725,7971,0.4256875834445928
KwaZulu-Natal,Ward 59500028,ETH,ETH - eThekwini,ETH - eThekwini,16419,6442,0.3923503258420123,16768,3498,0.20861164122137404
KwaZulu-Natal,Ward 59500029,ETH,ETH - eThekwini,ETH - eThekwini,18318,10317,0.5632165083524402,22962,7187,0.31299538367738
KwaZulu-Natal,Ward 59500030,ETH,ETH - eThekwini,ETH - eThekwini,19880,11417,0.5742957746478873,15378,6930,0.45064377682403434
KwaZulu-Natal,Ward 59500031,ETH,ETH - eThekwini,ETH - eThekwini,19297,11280,0.5845468207493393,19694,8259,0.4193663044582106
KwaZulu-Natal,Ward 59500032,ETH,ETH - eThekwini,ETH - eThekwini,17859,7348,0.41144520969819137,17479,2996,0.17140568682418902
KwaZulu-Natal,Ward 59500033,ETH,ETH - eThekwini,ETH - eThekwini,18530,10263,0.5538586076632488,17205,6246,0.36303400174367917
KwaZulu-Natal,Ward 59500034,ETH,ETH - eThekwini,ETH - eThekwini,18106,11048,0.6101844692367171,16737,7001,0.4182947959610444
KwaZulu-Natal,Ward 59500035,ETH,ETH - eThekwini,ETH - eThekwini,18100,12525,0.6919889502762431,17729,9746,0.5497207964352191
KwaZulu-Natal,Ward 59500036,ETH,ETH - eThekwini,ETH - eThekwini,17928,11705,0.6528893351182508,18040,9400,0.5210643015521065
KwaZulu-Natal,Ward 59500037,ETH,ETH - eThekwini,ETH - eThekwini,19423,11124,0.5727230602893477,19327,7318,0.3786412790396854
KwaZulu-Natal,Ward 59500038,ETH,ETH - eThekwini,ETH - eThekwini,17082,9919,0.5806697108066972,16391,6169,0.3763650783966811
KwaZulu-Natal,Ward 59500039,ETH,ETH - eThekwini,ETH - eThekwini,19298,9149,0.4740905793346461,16983,4596,0.2706235647412118
KwaZulu-Natal,Ward 59500040,ETH,ETH - eThekwini,ETH - eThekwini,18336,11207,0.6112020069808028,17792,6741,0.37887814748201437
KwaZulu-Natal,Ward 59500041,ETH,ETH - eThekwini,ETH - eThekwini,14943,8455,0.5658167703941644,14599,5216,0.3572847455305158
KwaZulu-Natal,Ward 59500042,ETH,ETH - eThekwini,ETH - eThekwini,14542,9129,0.627767844863155,14208,5065,0.35648930180180183
KwaZulu-Natal,Ward 59500043,ETH,ETH - eThekwini,ETH - eThekwini,14992,9433,0.6292022411953042,14556,5456,0.37482824951909866
KwaZulu-Natal,Ward 59500044,ETH,ETH - eThekwini,ETH - eThekwini,15361,9544,0.6213137165549117,15610,5921,0.379308135810378
KwaZulu-Natal,Ward 59500045,ETH,ETH - eThekwini,ETH - eThekwini,15032,9309,0.6192788717402874,18280,7060,0.3862144420131291
KwaZulu-Natal,Ward 59500046,ETH,ETH - eThekwini,ETH - eThekwini,13089,6179,0.47207578883031553,12636,3914,0.309749920861032
KwaZulu-Natal,Ward 59500047,ETH,ETH - eThekwini,ETH - eThekwini,14466,8713,0.6023088621595465,18087,6257,0.3459390722618455
KwaZulu-Natal,Ward 59500048,ETH,ETH - eThekwini,ETH - eThekwini,18482,10674,0.5775348988204739,16271,7606,0.4674574396164956
KwaZulu-Natal,Ward 59500049,ETH,ETH - eThekwini,ETH - eThekwini,19696,11441,0.5808793663688059,19376,9398,0.48503303055326175
KwaZulu-Natal,Ward 59500050,ETH,ETH - eThekwini,ETH - eThekwini,17590,10699,0.6082433200682206,18502,9498,0.5133499081180413
KwaZulu-Natal,Ward 59500051,ETH,ETH - eThekwini,ETH - eThekwini,20096,12348,0.6144506369426752,17143,8070,0.470746077116024
KwaZulu-Natal,Ward 59500052,ETH,ETH - eThekwini,ETH - eThekwini,18508,10842,0.5858007348173763,16063,7589,0.472452219386167
KwaZulu-Natal,Ward 59500053,ETH,ETH - eThekwini,ETH - eThekwini,17483,9872,0.5646628153062976,18634,5961,0.3198991091553075
KwaZulu-Natal,Ward 59500054,ETH,ETH - eThekwini,ETH - eThekwini,14610,8671,0.5934976043805612,16614,5645,0.33977368484410736
KwaZulu-Natal,Ward 59500055,ETH,ETH - eThekwini,ETH - eThekwini,16910,10483,0.6199290360733294,16766,6412,0.3824406537039246
KwaZulu-Natal,Ward 59500056,ETH,ETH - eThekwini,ETH - eThekwini,15036,9741,0.6478451715881883,19783,7361,0.3720871455289895
KwaZulu-Natal,Ward 59500057,ETH,ETH - eThekwini,ETH - eThekwini,18526,11425,0.6167008528554464,15986,7056,0.4413862129363193
KwaZulu-Natal,Ward 59500058,ETH,ETH - eThekwini,ETH - eThekwini,17968,11434,0.636353517364203,17162,7746,0.4513459969700501
KwaZulu-Natal,Ward 59500059,ETH,ETH - eThekwini,ETH - eThekwini,16602,10617,0.6395012649078424,19645,8531,0.4342580809366251
KwaZulu-Natal,Ward 59500060,ETH,ETH - eThekwini,ETH - eThekwini,16989,10137,0.5966802048384249,19601,7938,0.40497933778888834
KwaZulu-Natal,Ward 59500061,ETH,ETH - eThekwini,ETH - eThekwini,17208,9499,0.5520106927010693,14990,7161,0.4777184789859907
KwaZulu-Natal,Ward 59500062,ETH,ETH - eThekwini,ETH - eThekwini,16722,9502,0.5682334648965435,18511,7726,0.4173734536221706
KwaZulu-Natal,Ward 59500063,ETH,ETH - eThekwini,ETH - eThekwini,18437,11794,0.6396919238487824,19013,9254,0.4867196128964393
KwaZulu-Natal,Ward 59500064,ETH,ETH - eThekwini,ETH - eThekwini,19037,10950,0.5751956715869097,18756,7621,0.4063233098741736
KwaZulu-Natal,Ward 59500065,ETH,ETH - eThekwini,ETH - eThekwini,19821,12373,0.6242369204379193,20450,9419,0.4605867970660147
KwaZulu-Natal,Ward 59500066,ETH,ETH - eThekwini,ETH - eThekwini,17986,11124,0.6184810408095185,17931,8241,0.4595951146059896
KwaZulu-Natal,Ward 59500067,ETH,ETH - eThekwini,ETH - eThekwini,15894,9621,0.6053227633069083,16092,6702,0.41648023862788963
KwaZulu-Natal,Ward 59500068,ETH,ETH - eThekwini,ETH - eThekwini,19449,11633,0.5981284384801275,18449,8705,0.47184129221095994
KwaZulu-Natal,Ward 59500069,ETH,ETH - eThekwini,ETH - eThekwini,17647,12182,0.690315634385448,16608,7739,0.46598025048169556
KwaZulu-Natal,Ward 59500070,ETH,ETH - eThekwini,ETH - eThekwini,19408,11599,0.5976401483924155,17235,8416,0.4883086742094575
KwaZulu-Natal,Ward 59500071,ETH,ETH - eThekwini,ETH - eThekwini,21006,11489,0.5469389698181472,18914,7766,0.4105953262133869
KwaZulu-Natal,Ward 59500072,ETH,ETH - eThekwini,ETH - eThekwini,17092,9882,0.5781652234963726,18662,7453,0.39936769906762404
KwaZulu-Natal,Ward 59500073,ETH,ETH - eThekwini,ETH - eThekwini,19111,10929,0.5718696038930459,16717,8126,0.48609200215349646
KwaZulu-Natal,Ward 59500074,ETH,ETH - eThekwini,ETH - eThekwini,15050,8559,0.5687043189368771,16849,6322,0.37521514629948366
KwaZulu-Natal,Ward 59500075,ETH,ETH - eThekwini,ETH - eThekwini,15966,8814,0.5520481022172116,15275,6151,0.40268412438625206
KwaZulu-Natal,Ward 59500076,ETH,ETH - eThekwini,ETH - eThekwini,14187,6433,0.4534432931557059,13534,3817,0.2820304418501552
KwaZulu-Natal,Ward 59500077,ETH,ETH - eThekwini,ETH - eThekwini,16178,9625,0.5949437507726543,18331,8305,0.4530576618842398
KwaZulu-Natal,Ward 59500078,ETH,ETH - eThekwini,ETH - eThekwini,18497,9880,0.5341406714602368,16856,6013,0.35672757475083056
KwaZulu-Natal,Ward 59500079,ETH,ETH - eThekwini,ETH - eThekwini,20213,11099,0.5491020630287439,16593,5189,0.31272223226661844
KwaZulu-Natal,Ward 59500080,ETH,ETH - eThekwini,ETH - eThekwini,15546,9039,0.5814357390968738,14872,5515,0.37083109198493813
KwaZulu-Natal,Ward 59500081,ETH,ETH - eThekwini,ETH - eThekwini,15236,8158,0.5354423733263324,14519,4650,0.3202699910462153
KwaZulu-Natal,Ward 59500082,ETH,ETH - eThekwini,ETH - eThekwini,18738,9966,0.531860390650016,15512,5095,0.32845538937596697
KwaZulu-Natal,Ward 59500083,ETH,ETH - eThekwini,ETH - eThekwini,17479,9780,0.5595285771497225,13906,5095,0.3663886092334244
KwaZulu-Natal,Ward 59500084,ETH,ETH - eThekwini,ETH - eThekwini,18198,9576,0.5262116716122651,15589,5837,0.3744306883058567
KwaZulu-Natal,Ward 59500085,ETH,ETH - eThekwini,ETH - eThekwini,16401,8994,0.5483811962685202,14086,4726,0.33551043589379526
KwaZulu-Natal,Ward 59500086,ETH,ETH - eThekwini,ETH - eThekwini,16158,9092,0.5626934026488427,15418,5447,0.35328836424957843
KwaZulu-Natal,Ward 59500087,ETH,ETH - eThekwini,ETH - eThekwini,14705,7447,0.506426385583135,14462,4830,0.3339787028073572
KwaZulu-Natal,Ward 59500088,ETH,ETH - eThekwini,ETH - eThekwini,17203,8390,0.48770563273847584,16706,4980,0.2980964922782234
KwaZulu-Natal,Ward 59500089,ETH,ETH - eThekwini,ETH - eThekwini,15634,8515,0.5446462837405655,16438,6649,0.4044895972746076
KwaZulu-Natal,Ward 59500090,ETH,ETH - eThekwini,ETH - eThekwini,18855,10684,0.5666401485017237,18496,8398,0.4540441176470588
KwaZulu-Natal,Ward 59500091,ETH,ETH - eThekwini,ETH - eThekwini,15369,9742,0.6338733814822044,14578,6091,0.4178213746741666
KwaZulu-Natal,Ward 59500092,ETH,ETH - eThekwini,ETH - eThekwini,18887,11532,0.6105787049293164,18318,7519,0.41047057539032644
KwaZulu-Natal,Ward 59500093,ETH,ETH - eThekwini,ETH - eThekwini,16813,9996,0.5945399393326593,16703,7062,0.4227982997066395
KwaZulu-Natal,Ward 59500094,ETH,ETH - eThekwini,ETH - eThekwini,17729,10876,0.6134581758700435,17391,6018,0.3460410557184751
KwaZulu-Natal,Ward 59500095,ETH,ETH - eThekwini,ETH - eThekwini,19359,12103,0.625187251407614,19498,8694,0.4458918863473177
KwaZulu-Natal,Ward 59500096,ETH,ETH - eThekwini,ETH - eThekwini,17883,11471,0.6414471844768774,18738,8387,0.4475931262674778
KwaZulu-Natal,Ward 59500097,ETH,ETH - eThekwini,ETH - eThekwini,15646,10084,0.6445097788572159,15464,7398,0.47840144852560784
KwaZulu-Natal,Ward 59500098,ETH,ETH - eThekwini,ETH - eThekwini,17135,10832,0.632156405018967,17670,7176,0.4061120543293718
KwaZulu-Natal,Ward 59500099,ETH,ETH - eThekwini,ETH - eThekwini,15493,8348,0.5388239850254953,15935,7923,0.4972074050831503
KwaZulu-Natal,Ward 59500100,ETH,ETH - eThekwini,ETH - eThekwini,19518,13801,0.7070908904600881,17627,9212,0.5226073637034095
KwaZulu-Natal,Ward 59500101,ETH,ETH - eThekwini,ETH - eThekwini,16754,8668,0.517368986510684,16200,5240,0.3234567901234568
KwaZulu-Natal,Ward 59500102,ETH,ETH - eThekwini,ETH - eThekwini,17345,11303,0.6516575381954454,15895,7729,0.48625353884869454
KwaZulu-Natal,Ward 59500103,ETH,ETH - eThekwini,ETH - eThekwini,16915,11426,0.6754951226721845,17742,9362,0.5276744448202006
KwaZulu-Natal,Ward 59500104,ETH,ETH - eThekwini,ETH - eThekwini,15475,9306,0.601357027463651,15725,5442,0.3460731319554849
KwaZulu-Natal,Ward 59500105,ETH,ETH - eThekwini,ETH - eThekwini,16761,10353,0.6176839090746375,16914,9211,0.5445784557171574
KwaZulu-Natal,Ward 59500106,ETH,ETH - eThekwini,ETH - eThekwini,16644,10171,0.6110910838740687,18174,7993,0.439804115769781
KwaZulu-Natal,Ward 59500107,ETH,ETH - eThekwini,ETH - eThekwini,15620,10023,0.6416773367477593,15246,6213,0.40751672569854386
KwaZulu-Natal,Ward 59500108,ETH,ETH - eThekwini,ETH - eThekwini,15605,10032,0.6428708747196411,13385,6130,0.4579753455360478
KwaZulu-Natal,Ward 59500109,ETH,ETH - eThekwini,ETH - eThekwini,19053,10705,0.5618537763081929,19250,6762,0.3512727272727273
KwaZulu-Natal,Ward 59500110,ETH,ETH - eThekwini,ETH - eThekwini,19325,11498,0.594980595084088,17814,8179,0.45913326597058496
KwaZulu-Natal,Ward 52102001,KZN212,KZN212 - Umdoni,KZN212 - uMdoni,4244,2716,0.6399622997172478,3606,1735,0.48114254021075986
KwaZulu-Natal,Ward 52102002,KZN212,KZN212 - Umdoni,KZN212 - uMdoni,3178,1846,0.5808684707363121,3933,1942,0.49377065853038393
KwaZulu-Natal,Ward 52102003,KZN212,KZN212 - Umdoni,KZN212 - uMdoni,4064,2555,0.6286909448818898,4140,2342,0.5657004830917874
KwaZulu-Natal,Ward 52102004,KZN212,KZN212 - Umdoni,KZN212 - uMdoni,3642,2245,0.6164195496979682,3482,1904,0.546812176909822
KwaZulu-Natal,Ward 52102005,KZN212,KZN212 - Umdoni,KZN212 - uMdoni,4010,2583,0.644139650872818,3892,2199,0.5650051387461459
KwaZulu-Natal,Ward 52102006,KZN212,KZN212 - Umdoni,KZN212 - uMdoni,4286,2465,0.5751283247783481,3973,941,0.23684872892021142
KwaZulu-Natal,Ward 52102007,KZN212,KZN212 - Umdoni,KZN212 - uMdoni,4153,2590,0.623645557428365,4475,2550,0.5698324022346368
KwaZulu-Natal,Ward 52102008,KZN212,KZN212 - Umdoni,KZN212 - uMdoni,5818,3264,0.5610175317978687,3824,1758,0.45972803347280333
KwaZulu-Natal,Ward 52102009,KZN212,KZN212 - Umdoni,KZN212 - uMdoni,2187,1271,0.5811614083219021,3804,1599,0.42034700315457413
KwaZulu-Natal,Ward 52102010,KZN212,KZN212 - Umdoni,KZN212 - uMdoni,2665,1819,0.6825515947467167,5029,2487,0.4945317160469278
KwaZulu-Natal,Ward 52102011,KZN212,KZN212 - Umdoni,KZN212 - uMdoni,3398,1833,0.5394349617422013,3758,1500,0.3991484832357637
KwaZulu-Natal,Ward 52102012,KZN212,KZN212 - Umdoni,KZN212 - uMdoni,3573,2371,0.6635880212706409,3933,2074,0.5273328248156623
KwaZulu-Natal,Ward 52102013,KZN212,KZN212 - Umdoni,KZN212 - uMdoni,3451,1773,0.5137641263401912,3380,1397,0.4133136094674556
KwaZulu-Natal,Ward 52102014,KZN212,KZN212 - Umdoni,KZN212 - uMdoni,4094,2347,0.5732779677576942,4023,1743,0.4332587621178225
KwaZulu-Natal,Ward 52102015,KZN212,KZN212 - Umdoni,KZN212 - uMdoni,4984,3006,0.6031300160513644,2887,1801,0.6238309664011085
KwaZulu-Natal,Ward 52102016,KZN212,KZN212 - Umdoni,KZN212 - uMdoni,3172,1794,0.5655737704918032,3097,1299,0.4194381659670649
KwaZulu-Natal,Ward 52102017,KZN212,KZN212 - Umdoni,KZN212 - uMdoni,3379,1917,0.5673276117194436,3394,1624,0.47849145550972305
KwaZulu-Natal,Ward 52102018,KZN212,KZN212 - Umdoni,KZN212 - uMdoni,3572,2306,0.6455767077267637,3707,2171,0.5856487725923928
KwaZulu-Natal,Ward 52102019,KZN212,KZN212 - Umdoni,KZN212 - uMdoni,4010,2552,0.6364089775561097,3494,1621,0.4639381797366915
KwaZulu-Natal,Ward 52103001,KZN213,KZN213 - Umzumbe,KZN213 - uMzumbe,3565,2083,0.5842917251051893,3694,2021,0.547103410936654
KwaZulu-Natal,Ward 52103002,KZN213,KZN213 - Umzumbe,KZN213 - uMzumbe,3847,1893,0.4920717442162724,4213,1884,0.4471872774744837
KwaZulu-Natal,Ward 52103003,KZN213,KZN213 - Umzumbe,KZN213 - uMzumbe,4389,2619,0.596719070403281,4009,1853,0.4622100274382639
KwaZulu-Natal,Ward 52103004,KZN213,KZN213 - Umzumbe,KZN213 - uMzumbe,3977,2370,0.5959265778224793,3962,1833,0.4626451287228672
KwaZulu-Natal,Ward 52103005,KZN213,KZN213 - Umzumbe,KZN213 - uMzumbe,4380,2236,0.5105022831050229,3627,1734,0.47808105872622003
KwaZulu-Natal,Ward 52103006,KZN213,KZN213 - Umzumbe,KZN213 - uMzumbe,3380,1986,0.5875739644970415,3840,2026,0.5276041666666667
KwaZulu-Natal,Ward 52103007,KZN213,KZN213 - Umzumbe,KZN213 - uMzumbe,4297,2555,0.5946008843379101,3301,1718,0.520448348985156
KwaZulu-Natal,Ward 52103008,KZN213,KZN213 - Umzumbe,KZN213 - uMzumbe,4087,2463,0.6026425250795204,4341,2330,0.5367426860170468
KwaZulu-Natal,Ward 52103009,KZN213,KZN213 - Umzumbe,KZN213 - uMzumbe,4072,2080,0.5108055009823183,4220,1638,0.3881516587677725
KwaZulu-Natal,Ward 52103010,KZN213,KZN213 - Umzumbe,KZN213 - uMzumbe,3911,2113,0.5402710304270008,3906,1688,0.4321556579621096
KwaZulu-Natal,Ward 52103011,KZN213,KZN213 - Umzumbe,KZN213 - uMzumbe,3617,2350,0.6497097041747304,3602,1880,0.5219322598556357
KwaZulu-Natal,Ward 52103012,KZN213,KZN213 - Umzumbe,KZN213 - uMzumbe,3806,2201,0.5782974251182343,3224,1896,0.5880893300248139
KwaZulu-Natal,Ward 52103013,KZN213,KZN213 - Umzumbe,KZN213 - uMzumbe,3761,2097,0.5575644775325711,3478,1757,0.5051753881541116
KwaZulu-Natal,Ward 52103014,KZN213,KZN213 - Umzumbe,KZN213 - uMzumbe,3726,2188,0.5872249060654858,3722,2185,0.5870499731327243
KwaZulu-Natal,Ward 52103015,KZN213,KZN213 - Umzumbe,KZN213 - uMzumbe,4565,2561,0.5610076670317634,4509,2097,0.46506986027944114
KwaZulu-Natal,Ward 52103016,KZN213,KZN213 - Umzumbe,KZN213 - uMzumbe,4108,2514,0.6119766309639727,3938,2057,0.5223463687150838
KwaZulu-Natal,Ward 52103017,KZN213,KZN213 - Umzumbe,KZN213 - uMzumbe,3486,1966,0.5639701663798049,3539,2092,0.5911274371291325
KwaZulu-Natal,Ward 52103018,KZN213,KZN213 - Umzumbe,KZN213 - uMzumbe,3784,2349,0.6207716701902748,3849,2287,0.5941803065731359
KwaZulu-Natal,Ward 52103019,KZN213,KZN213 - Umzumbe,KZN213 - uMzumbe,3834,2253,0.5876369327073553,3759,1940,0.5160947060388401
KwaZulu-Natal,Ward 52103020,KZN213,KZN213 - Umzumbe,KZN213 - uMzumbe,3635,2199,0.6049518569463549,3973,2197,0.5529826327712056
KwaZulu-Natal,Ward 52104001,KZN214,KZN214 - UMuziwabantu,KZN214 - uMuziwabantu,4198,2159,0.514292520247737,4742,2717,0.5729649936735555
KwaZulu-Natal,Ward 52104002,KZN214,KZN214 - UMuziwabantu,KZN214 - uMuziwabantu,5708,3757,0.6581990189208129,3883,2121,0.546227143960855
KwaZulu-Natal,Ward 52104003,KZN214,KZN214 - UMuziwabantu,KZN214 - uMuziwabantu,5484,2836,0.5171407731582787,4151,1614,0.3888219706094917
KwaZulu-Natal,Ward 52104004,KZN214,KZN214 - UMuziwabantu,KZN214 - uMuziwabantu,3911,2571,0.6573766300178983,3743,2103,0.561848784397542
KwaZulu-Natal,Ward 52104005,KZN214,KZN214 - UMuziwabantu,KZN214 - uMuziwabantu,4801,2846,0.5927931680899813,4613,2332,0.5055278560589638
KwaZulu-Natal,Ward 52104006,KZN214,KZN214 - UMuziwabantu,KZN214 - uMuziwabantu,4086,2710,0.6632403328438571,3958,2389,0.6035876705406771
KwaZulu-Natal,Ward 52104007,KZN214,KZN214 - UMuziwabantu,KZN214 - uMuziwabantu,4501,2883,0.6405243279271273,4013,2306,0.5746324445551956
KwaZulu-Natal,Ward 52104008,KZN214,KZN214 - UMuziwabantu,KZN214 - uMuziwabantu,4273,2735,0.6400655277322724,3730,2000,0.5361930294906166
KwaZulu-Natal,Ward 52104009,KZN214,KZN214 - UMuziwabantu,KZN214 - uMuziwabantu,5361,3633,0.6776720761052043,5082,2976,0.5855962219598583
KwaZulu-Natal,Ward 52104010,KZN214,KZN214 - UMuziwabantu,KZN214 - uMuziwabantu,3696,2433,0.6582792207792207,3674,2160,0.587915078933043
KwaZulu-Natal,Ward 52106001,KZN216,KZN216 - Hibiscus Coast,KZN216 - Ray Nkonyeni,5626,3383,0.601315321720583,5843,2705,0.4629471162074277
KwaZulu-Natal,Ward 52106002,KZN216,KZN216 - Hibiscus Coast,KZN216 - Ray Nkonyeni,3620,2129,0.588121546961326,4616,2447,0.5301126516464472
KwaZulu-Natal,Ward 52106003,KZN216,KZN216 - Hibiscus Coast,KZN216 - Ray Nkonyeni,4710,2805,0.5955414012738853,4903,2318,0.47277177238425455
KwaZulu-Natal,Ward 52106004,KZN216,KZN216 - Hibiscus Coast,KZN216 - Ray Nkonyeni,5287,3155,0.5967467372801211,4985,2200,0.44132397191574724
KwaZulu-Natal,Ward 52106005,KZN216,KZN216 - Hibiscus Coast,KZN216 - Ray Nkonyeni,5159,2949,0.571622407443303,4937,2151,0.43568969009519953
KwaZulu-Natal,Ward 52106006,KZN216,KZN216 - Hibiscus Coast,KZN216 - Ray Nkonyeni,5219,2860,0.547997700708948,4911,2128,0.4333129708816942
KwaZulu-Natal,Ward 52106007,KZN216,KZN216 - Hibiscus Coast,KZN216 - Ray Nkonyeni,5800,4098,0.706551724137931,5058,2840,0.5614867536575722
KwaZulu-Natal,Ward 52106008,KZN216,KZN216 - Hibiscus Coast,KZN216 - Ray Nkonyeni,4091,2717,0.6641407968711807,5497,2637,0.4797162088411861
KwaZulu-Natal,Ward 52106009,KZN216,KZN216 - Hibiscus Coast,KZN216 - Ray Nkonyeni,6094,4098,0.6724647193961273,4514,2424,0.5369960124058485
KwaZulu-Natal,Ward 52106010,KZN216,KZN216 - Hibiscus Coast,KZN216 - Ray Nkonyeni,5737,3352,0.5842774969496253,4772,2275,0.4767393126571668
KwaZulu-Natal,Ward 52106011,KZN216,KZN216 - Hibiscus Coast,KZN216 - Ray Nkonyeni,3772,2332,0.6182396606574762,4902,2334,0.47613219094247244
KwaZulu-Natal,Ward 52106012,KZN216,KZN216 - Hibiscus Coast,KZN216 - Ray Nkonyeni,4672,2806,0.6005993150684932,4231,2037,0.48144646655636963
KwaZulu-Natal,Ward 52106013,KZN216,KZN216 - Hibiscus Coast,KZN216 - Ray Nkonyeni,3991,2431,0.6091205211726385,4162,2076,0.4987986544930322
KwaZulu-Natal,Ward 52106014,KZN216,KZN216 - Hibiscus Coast,KZN216 - Ray Nkonyeni,5459,3565,0.6530500091591867,4885,2368,0.48474923234390993
KwaZulu-Natal,Ward 52106015,KZN216,KZN216 - Hibiscus Coast,KZN216 - Ray Nkonyeni,4459,2680,0.6010316214397847,4655,2944,0.6324382384532761
KwaZulu-Natal,Ward 52106016,KZN216,KZN216 - Hibiscus Coast,KZN216 - Ray Nkonyeni,4649,2921,0.6283071628307163,5137,2750,0.5353319057815846
KwaZulu-Natal,Ward 52106017,KZN216,KZN216 - Hibiscus Coast,KZN216 - Ray Nkonyeni,4622,2841,0.6146689744699264,5193,2397,0.4615829000577701
KwaZulu-Natal,Ward 52106018,KZN216,KZN216 - Hibiscus Coast,KZN216 - Ray Nkonyeni,4364,2318,0.5311640696608616,4150,1712,0.4125301204819277
KwaZulu-Natal,Ward 52106019,KZN216,KZN216 - Hibiscus Coast,KZN216 - Ray Nkonyeni,4326,2798,0.646786870087841,4646,2470,0.5316401205337925
KwaZulu-Natal,Ward 52106020,KZN216,KZN216 - Hibiscus Coast,KZN216 - Ray Nkonyeni,6597,3580,0.5426709110201606,5642,2656,0.4707550514002127
KwaZulu-Natal,Ward 52106021,KZN216,KZN216 - Hibiscus Coast,KZN216 - Ray Nkonyeni,4606,2800,0.60790273556231,4632,1978,0.4270293609671848
KwaZulu-Natal,Ward 52106022,KZN216,KZN216 - Hibiscus Coast,KZN216 - Ray Nkonyeni,4509,2729,0.6052339764914615,4873,2190,0.44941514467473836
KwaZulu-Natal,Ward 52106023,KZN216,KZN216 - Hibiscus Coast,KZN216 - Ray Nkonyeni,4327,2384,0.55095909406055,5306,2037,0.3839050131926121
KwaZulu-Natal,Ward 52106024,KZN216,KZN216 - Hibiscus Coast,KZN216 - Ray Nkonyeni,5417,3322,0.6132545689496031,5282,2208,0.41802347595607725
KwaZulu-Natal,Ward 52106025,KZN216,KZN216 - Hibiscus Coast,KZN216 - Ray Nkonyeni,4855,3205,0.6601441812564367,4924,2427,0.4928919577579204
KwaZulu-Natal,Ward 52106026,KZN216,KZN216 - Hibiscus Coast,KZN216 - Ray Nkonyeni,3373,2338,0.6931514971835162,3465,1655,0.47763347763347763
KwaZulu-Natal,Ward 52106027,KZN216,KZN216 - Hibiscus Coast,KZN216 - Ray Nkonyeni,4905,2618,0.5337410805300714,5103,1812,0.3550852439741329
KwaZulu-Natal,Ward 52106028,KZN216,KZN216 - Hibiscus Coast,KZN216 - Ray Nkonyeni,3911,2555,0.6532856047046791,4277,1976,0.46200607902735563
KwaZulu-Natal,Ward 52106029,KZN216,KZN216 - Hibiscus Coast,KZN216 - Ray Nkonyeni,5133,2996,0.5836742645626339,4934,2572,0.5212809079854074
KwaZulu-Natal,Ward 52106030,KZN216,KZN216 - Hibiscus Coast,KZN216 - Ray Nkonyeni,4169,2747,0.6589110098344927,4150,2332,0.5619277108433735
KwaZulu-Natal,Ward 52106031,KZN216,KZN216 - Hibiscus Coast,KZN216 - Ray Nkonyeni,4647,2951,0.635033354852593,4528,2148,0.4743816254416961
KwaZulu-Natal,Ward 52106032,KZN216,KZN216 - Hibiscus Coast,KZN216 - Ray Nkonyeni,4598,2821,0.6135276207046542,4592,2117,0.4610191637630662
KwaZulu-Natal,Ward 52106033,KZN216,KZN216 - Hibiscus Coast,KZN216 - Ray Nkonyeni,4198,2696,0.6422105764649834,4034,1989,0.49305899851264257
KwaZulu-Natal,Ward 52106034,KZN216,KZN216 - Hibiscus Coast,KZN216 - Ray Nkonyeni,4218,2554,0.6055002370791844,4414,2109,0.4777979157227005
KwaZulu-Natal,Ward 52106035,KZN216,KZN216 - Hibiscus Coast,KZN216 - Ray Nkonyeni,5013,3027,0.6038300418910831,4382,2010,0.45869465997261527
KwaZulu-Natal,Ward 52106036,KZN216,KZN216 - Hibiscus Coast,KZN216 - Ray Nkonyeni,4716,2854,0.6051738761662426,4411,2196,0.4978462933575153
KwaZulu-Natal,Ward 52201001,KZN221,KZN221 - uMshwathi,KZN221 - uMshwathi,4463,3276,0.7340354021958324,4729,2764,0.5844787481497146
KwaZulu-Natal,Ward 52201002,KZN221,KZN221 - uMshwathi,KZN221 - uMshwathi,3901,2378,0.6095872853114586,3956,2044,0.5166835187057633
KwaZulu-Natal,Ward 52201003,KZN221,KZN221 - uMshwathi,KZN221 - uMshwathi,4848,3277,0.6759488448844885,5085,2860,0.5624385447394297
KwaZulu-Natal,Ward 52201004,KZN221,KZN221 - uMshwathi,KZN221 - uMshwathi,3796,2515,0.6625395152792413,4138,1974,0.4770420492991784
KwaZulu-Natal,Ward 52201005,KZN221,KZN221 - uMshwathi,KZN221 - uMshwathi,3615,2267,0.6271092669432918,3657,1884,0.5151763740771124
KwaZulu-Natal,Ward 52201006,KZN221,KZN221 - uMshwathi,KZN221 - uMshwathi,4154,2847,0.6853635050553684,4157,2288,0.5503969208563868
KwaZulu-Natal,Ward 52201007,KZN221,KZN221 - uMshwathi,KZN221 - uMshwathi,3962,2825,0.7130237253912166,3514,1912,0.5441092771770063
KwaZulu-Natal,Ward 52201008,KZN221,KZN221 - uMshwathi,KZN221 - uMshwathi,4041,2698,0.6676565206632021,3770,2033,0.5392572944297083
KwaZulu-Natal,Ward 52201009,KZN221,KZN221 - uMshwathi,KZN221 - uMshwathi,4094,2841,0.6939423546653639,4405,1847,0.41929625425652667
KwaZulu-Natal,Ward 52201010,KZN221,KZN221 - uMshwathi,KZN221 - uMshwathi,4439,2899,0.6530750168956972,5203,3021,0.5806265615990774
KwaZulu-Natal,Ward 52201011,KZN221,KZN221 - uMshwathi,KZN221 - uMshwathi,4173,2994,0.7174694464414091,4176,2420,0.5795019157088123
KwaZulu-Natal,Ward 52201012,KZN221,KZN221 - uMshwathi,KZN221 - uMshwathi,3877,2707,0.6982202734072737,3795,2111,0.5562582345191041
KwaZulu-Natal,Ward 52201013,KZN221,KZN221 - uMshwathi,KZN221 - uMshwathi,3649,2443,0.6694984927377363,3501,1640,0.4684375892602114
KwaZulu-Natal,Ward 52201014,KZN221,KZN221 - uMshwathi,KZN221 - uMshwathi,2834,1837,0.6482004234297812,2736,1196,0.4371345029239766
KwaZulu-Natal,Ward 52202001,KZN222,KZN222 - uMngeni,KZN222 - uMngeni,3864,2334,0.6040372670807453,3635,1900,0.5226960110041265
KwaZulu-Natal,Ward 52202002,KZN222,KZN222 - uMngeni,KZN222 - uMngeni,3717,2430,0.6537530266343826,5066,3030,0.5981050138176076
KwaZulu-Natal,Ward 52202003,KZN222,KZN222 - uMngeni,KZN222 - uMngeni,3572,2237,0.6262597984322509,3951,1903,0.48165021513540873
KwaZulu-Natal,Ward 52202004,KZN222,KZN222 - uMngeni,KZN222 - uMngeni,3689,2271,0.6156139875304961,3606,2003,0.5554631170271769
KwaZulu-Natal,Ward 52202005,KZN222,KZN222 - uMngeni,KZN222 - uMngeni,3327,2632,0.7911030958821761,4689,3482,0.7425890381744509
KwaZulu-Natal,Ward 52202006,KZN222,KZN222 - uMngeni,KZN222 - uMngeni,5000,3824,0.7648,4631,2890,0.6240552796372274
KwaZulu-Natal,Ward 52202007,KZN222,KZN222 - uMngeni,KZN222 - uMngeni,4292,3167,0.7378844361602982,4796,2995,0.6244787322768974
KwaZulu-Natal,Ward 52202008,KZN222,KZN222 - uMngeni,KZN222 - uMngeni,5690,3742,0.6576449912126537,3910,2250,0.5754475703324808
KwaZulu-Natal,Ward 52202009,KZN222,KZN222 - uMngeni,KZN222 - uMngeni,5221,3461,0.66289982761923,3568,1876,0.5257847533632287
KwaZulu-Natal,Ward 52202010,KZN222,KZN222 - uMngeni,KZN222 - uMngeni,3699,2551,0.6896458502297919,3601,1796,0.4987503471257984
KwaZulu-Natal,Ward 52202011,KZN222,KZN222 - uMngeni,KZN222 - uMngeni,4275,2900,0.6783625730994152,4152,2268,0.546242774566474
KwaZulu-Natal,Ward 52202012,KZN222,KZN222 - uMngeni,KZN222 - uMngeni,5218,3498,0.6703717899578383,4400,2656,0.6036363636363636
KwaZulu-Natal,Ward 52203001,KZN223,KZN223 - Mooi Mpofana,KZN223 - Mpofana,2846,1822,0.640196767392832,2833,1277,0.45075891281327213
KwaZulu-Natal,Ward 52203002,KZN223,KZN223 - Mooi Mpofana,KZN223 - Mpofana,2662,1584,0.5950413223140496,3183,1545,0.48539114043355325
KwaZulu-Natal,Ward 52203003,KZN223,KZN223 - Mooi Mpofana,KZN223 - Mpofana,3351,2203,0.6574156968069234,3374,1829,0.5420865441612329
KwaZulu-Natal,Ward 52203004,KZN223,KZN223 - Mooi Mpofana,KZN223 - Mpofana,3320,2208,0.6650602409638554,3796,1933,0.5092202318229716
KwaZulu-Natal,Ward 52203005,KZN223,KZN223 - Mooi Mpofana,KZN223 - Mpofana,3961,2455,0.6197929815703105,3582,1745,0.4871580122836404
KwaZulu-Natal,Ward 52204001,KZN224,KZN224 - Impendle,KZN224 - iMpendle,3895,2802,0.7193838254172016,4055,2307,0.5689272503082614
KwaZulu-Natal,Ward 52204002,KZN224,KZN224 - Impendle,KZN224 - iMpendle,4401,2951,0.6705294251306522,3441,1983,0.5762859633827376
KwaZulu-Natal,Ward 52204003,KZN224,KZN224 - Impendle,KZN224 - iMpendle,4059,2699,0.6649421039664942,2929,1574,0.5373847729600546
KwaZulu-Natal,Ward 52204004,KZN224,KZN224 - Impendle,KZN224 - iMpendle,4660,3227,0.6924892703862661,3425,1882,0.5494890510948905
KwaZulu-Natal,Ward 52205001,KZN225,KZN225 - Msunduzi,KZN225 - Msunduzi,10643,7485,0.703279150615428,8400,4775,0.5684523809523809
KwaZulu-Natal,Ward 52205002,KZN225,KZN225 - Msunduzi,KZN225 - Msunduzi,9897,7081,0.7154693341416591,7243,4048,0.5588844401491095
KwaZulu-Natal,Ward 52205003,KZN225,KZN225 - Msunduzi,KZN225 - Msunduzi,9795,7528,0.7685553854007147,7551,4464,0.5911799761620977
KwaZulu-Natal,Ward 52205004,KZN225,KZN225 - Msunduzi,KZN225 - Msunduzi,9666,7003,0.7244982412580178,7315,3944,0.5391660970608338
KwaZulu-Natal,Ward 52205005,KZN225,KZN225 - Msunduzi,KZN225 - Msunduzi,9297,7101,0.7637947725072604,9356,5124,0.5476699444206926
KwaZulu-Natal,Ward 52205006,KZN225,KZN225 - Msunduzi,KZN225 - Msunduzi,8121,5944,0.7319295653244674,8171,4330,0.5299228980540938
KwaZulu-Natal,Ward 52205007,KZN225,KZN225 - Msunduzi,KZN225 - Msunduzi,7778,5685,0.7309076883517613,7688,4698,0.6110822060353798
KwaZulu-Natal,Ward 52205008,KZN225,KZN225 - Msunduzi,KZN225 - Msunduzi,7710,5521,0.716083009079118,7447,4101,0.5506915536457634
KwaZulu-Natal,Ward 52205009,KZN225,KZN225 - Msunduzi,KZN225 - Msunduzi,8373,6002,0.7168278991998089,8463,4482,0.5295994328252392
KwaZulu-Natal,Ward 52205010,KZN225,KZN225 - Msunduzi,KZN225 - Msunduzi,7639,5523,0.7230003927215604,7391,3535,0.4782843999458801
KwaZulu-Natal,Ward 52205011,KZN225,KZN225 - Msunduzi,KZN225 - Msunduzi,9330,6582,0.7054662379421222,9387,4765,0.5076169170128901
KwaZulu-Natal,Ward 52205012,KZN225,KZN225 - Msunduzi,KZN225 - Msunduzi,7239,4817,0.6654234010222406,7481,3568,0.4769415853495522
KwaZulu-Natal,Ward 52205013,KZN225,KZN225 - Msunduzi,KZN225 - Msunduzi,12067,7840,0.6497058092317892,9086,3943,0.43396434074400175
KwaZulu-Natal,Ward 52205014,KZN225,KZN225 - Msunduzi,KZN225 - Msunduzi,8071,5866,0.7267996530789246,7882,3724,0.4724689165186501
KwaZulu-Natal,Ward 52205015,KZN225,KZN225 - Msunduzi,KZN225 - Msunduzi,10693,7253,0.6782942111661835,8133,3458,0.42518135989179884
KwaZulu-Natal,Ward 52205016,KZN225,KZN225 - Msunduzi,KZN225 - Msunduzi,8098,5448,0.6727587058532971,7891,3284,0.41617032061842607
KwaZulu-Natal,Ward 52205017,KZN225,KZN225 - Msunduzi,KZN225 - Msunduzi,9877,6752,0.683608383112281,8223,3338,0.4059345737565365
KwaZulu-Natal,Ward 52205018,KZN225,KZN225 - Msunduzi,KZN225 - Msunduzi,8943,6158,0.6885832494688583,8192,3871,0.4725341796875
KwaZulu-Natal,Ward 52205019,KZN225,KZN225 - Msunduzi,KZN225 - Msunduzi,9257,6035,0.6519390731338447,8792,3689,0.4195859872611465
KwaZulu-Natal,Ward 52205020,KZN225,KZN225 - Msunduzi,KZN225 - Msunduzi,7675,5276,0.6874267100977198,7471,3510,0.4698166242805515
KwaZulu-Natal,Ward 52205021,KZN225,KZN225 - Msunduzi,KZN225 - Msunduzi,7931,5229,0.6593115622241836,7767,3970,0.5111368610789236
KwaZulu-Natal,Ward 52205022,KZN225,KZN225 - Msunduzi,KZN225 - Msunduzi,8610,5929,0.6886178861788618,8496,3696,0.4350282485875706
KwaZulu-Natal,Ward 52205023,KZN225,KZN225 - Msunduzi,KZN225 - Msunduzi,8189,4585,0.5598974233728172,8213,3606,0.4390600267868014
KwaZulu-Natal,Ward 52205024,KZN225,KZN225 - Msunduzi,KZN225 - Msunduzi,9408,5425,0.5766369047619048,8905,3264,0.366535654126895
KwaZulu-Natal,Ward 52205025,KZN225,KZN225 - Msunduzi,KZN225 - Msunduzi,8037,5524,0.6873211397287545,7674,4288,0.5587698722960647
KwaZulu-Natal,Ward 52205026,KZN225,KZN225 - Msunduzi,KZN225 - Msunduzi,8936,5903,0.6605863921217547,9108,4731,0.519433465085639
KwaZulu-Natal,Ward 52205027,KZN225,KZN225 - Msunduzi,KZN225 - Msunduzi,7300,3625,0.4965753424657534,6988,2228,0.31883228391528334
KwaZulu-Natal,Ward 52205028,KZN225,KZN225 - Msunduzi,KZN225 - Msunduzi,9157,5463,0.596592770558043,8971,4027,0.44889087058298965
KwaZulu-Natal,Ward 52205029,KZN225,KZN225 - Msunduzi,KZN225 - Msunduzi,9721,6120,0.6295648595823475,8566,4109,0.47968713518561756
KwaZulu-Natal,Ward 52205030,KZN225,KZN225 - Msunduzi,KZN225 - Msunduzi,10402,6768,0.6506441069025187,9605,4868,0.5068193649141073
KwaZulu-Natal,Ward 52205031,KZN225,KZN225 - Msunduzi,KZN225 - Msunduzi,9128,5271,0.5774539877300614,9393,3985,0.4242521026296178
KwaZulu-Natal,Ward 52205032,KZN225,KZN225 - Msunduzi,KZN225 - Msunduzi,9097,5788,0.6362537100142904,8811,3753,0.42594484167517876
KwaZulu-Natal,Ward 52205033,KZN225,KZN225 - Msunduzi,KZN225 - Msunduzi,9125,4828,0.529095890410959,9207,3488,0.3788421852937982
KwaZulu-Natal,Ward 52205034,KZN225,KZN225 - Msunduzi,KZN225 - Msunduzi,6671,4276,0.6409833608154699,9356,3688,0.39418554938007694
KwaZulu-Natal,Ward 52205035,KZN225,KZN225 - Msunduzi,KZN225 - Msunduzi,9479,6399,0.6750712100432535,9249,4788,0.5176775867661368
KwaZulu-Natal,Ward 52205036,KZN225,KZN225 - Msunduzi,KZN225 - Msunduzi,7348,4601,0.6261567773543821,7807,2936,0.37607275521967465
KwaZulu-Natal,Ward 52205037,KZN225,KZN225 - Msunduzi,KZN225 - Msunduzi,7801,5021,0.6436354313549545,7803,3920,0.5023708829937203
KwaZulu-Natal,Ward 52205038,KZN225,KZN225 - Msunduzi,KZN225 - Msunduzi,6957,4618,0.6637918643093287,7212,3463,0.48017193566278427
KwaZulu-Natal,Ward 52205039,KZN225,KZN225 - Msunduzi,KZN225 - Msunduzi,7532,5291,0.70246946362188,7262,3920,0.5397961993941063
KwaZulu-Natal,Ward 52206001,KZN226,KZN226 - Mkhambathini,KZN226 - Mkhambathini,5786,3929,0.6790528862772208,4943,2517,0.5092049362735181
KwaZulu-Natal,Ward 52206002,KZN226,KZN226 - Mkhambathini,KZN226 - Mkhambathini,3762,2742,0.7288676236044657,5060,863,0.17055335968379445
KwaZulu-Natal,Ward 52206003,KZN226,KZN226 - Mkhambathini,KZN226 - Mkhambathini,4527,2863,0.6324276562845151,4866,2215,0.4551993423756679
KwaZulu-Natal,Ward 52206004,KZN226,KZN226 - Mkhambathini,KZN226 - Mkhambathini,3550,2117,0.596338028169014,3963,1938,0.48902346707040123
KwaZulu-Natal,Ward 52206005,KZN226,KZN226 - Mkhambathini,KZN226 - Mkhambathini,4003,2655,0.6632525605795653,4179,801,0.19167264895908112
KwaZulu-Natal,Ward 52206006,KZN226,KZN226 - Mkhambathini,KZN226 - Mkhambathini,4659,2816,0.6044215496887744,4433,2348,0.5296638845025942
KwaZulu-Natal,Ward 52206007,KZN226,KZN226 - Mkhambathini,KZN226 - Mkhambathini,3602,1944,0.5397001665741255,3789,1870,0.4935339139614674
KwaZulu-Natal,Ward 52207001,KZN227,KZN227 - Richmond,KZN227 - Richmond,4153,2452,0.5904165663375873,4919,2253,0.4580199227485261
KwaZulu-Natal,Ward 52207002,KZN227,KZN227 - Richmond,KZN227 - Richmond,4884,2763,0.5657248157248157,5171,2164,0.4184877199767937
KwaZulu-Natal,Ward 52207003,KZN227,KZN227 - Richmond,KZN227 - Richmond,3972,2661,0.6699395770392749,4547,2393,0.5262810644380911
KwaZulu-Natal,Ward 52207004,KZN227,KZN227 - Richmond,KZN227 - Richmond,4423,2778,0.6280804883563192,4528,2384,0.5265017667844523
KwaZulu-Natal,Ward 52207005,KZN227,KZN227 - Richmond,KZN227 - Richmond,4930,2857,0.5795131845841786,4892,2619,0.5353638593622241
KwaZulu-Natal,Ward 52207006,KZN227,KZN227 - Richmond,KZN227 - Richmond,4235,2489,0.5877213695395513,4238,2537,0.5986314299197735
KwaZulu-Natal,Ward 52207007,KZN227,KZN227 - Richmond,KZN227 - Richmond,5568,3254,0.5844109195402298,4267,2023,0.47410358565737054
KwaZulu-Natal,Ward 52305001,KZN235,KZN235 - Okhahlamba,KZN235 - Okhahlamba,3922,2317,0.5907700152983172,3953,2199,0.5562863647862383
KwaZulu-Natal,Ward 52305002,KZN235,KZN235 - Okhahlamba,KZN235 - Okhahlamba,4533,2622,0.5784248841826605,4499,2708,0.601911535896866
KwaZulu-Natal,Ward 52305003,KZN235,KZN235 - Okhahlamba,KZN235 - Okhahlamba,3986,2424,0.6081284495735073,4027,2412,0.598957039980134
KwaZulu-Natal,Ward 52305004,KZN235,KZN235 - Okhahlamba,KZN235 - Okhahlamba,3874,2326,0.6004130098089829,4333,2559,0.5905838910685437
KwaZulu-Natal,Ward 52305005,KZN235,KZN235 - Okhahlamba,KZN235 - Okhahlamba,4302,2392,0.5560204556020456,4447,2391,0.5376658421407691
KwaZulu-Natal,Ward 52305006,KZN235,KZN235 - Okhahlamba,KZN235 - Okhahlamba,4271,2570,0.6017326153125732,4159,2145,0.5157489781197403
KwaZulu-Natal,Ward 52305007,KZN235,KZN235 - Okhahlamba,KZN235 - Okhahlamba,4078,2382,0.5841098577734184,3946,1814,0.45970603142422706
KwaZulu-Natal,Ward 52305008,KZN235,KZN235 - Okhahlamba,KZN235 - Okhahlamba,4195,2452,0.5845053635280095,4211,2268,0.5385894086915222
KwaZulu-Natal,Ward 52305009,KZN235,KZN235 - Okhahlamba,KZN235 - Okhahlamba,4194,2432,0.5798760133524082,4220,2282,0.5407582938388625
KwaZulu-Natal,Ward 52305010,KZN235,KZN235 - Okhahlamba,KZN235 - Okhahlamba,3963,2302,0.5808730759525612,4078,2212,0.5424227562530652
KwaZulu-Natal,Ward 52305011,KZN235,KZN235 - Okhahlamba,KZN235 - Okhahlamba,3652,2244,0.6144578313253012,3709,1981,0.5341062280938258
KwaZulu-Natal,Ward 52305012,KZN235,KZN235 - Okhahlamba,KZN235 - Okhahlamba,4056,2628,0.6479289940828402,4257,2435,0.5719990603711534
KwaZulu-Natal,Ward 52305013,KZN235,KZN235 - Okhahlamba,KZN235 - Okhahlamba,3636,2226,0.6122112211221122,3474,1932,0.5561312607944733
KwaZulu-Natal,Ward 52305014,KZN235,KZN235 - Okhahlamba,KZN235 - Okhahlamba,4085,2603,0.6372093023255814,4265,2623,0.6150058616647128
KwaZulu-Natal,Ward 52305015,KZN235,KZN235 - Okhahlamba,KZN235 - Okhahlamba,3405,2129,0.6252569750367107,3536,1994,0.5639140271493213
KwaZulu-Natal,Ward 52307001,KZN237,KZN237 - Estcourt/Loskop,KZN237 - iNkosi Langalibalele,3862,2639,0.6833247022268255,3779,2119,0.560730351944959
KwaZulu-Natal,Ward 52307002,KZN237,KZN237 - Estcourt/Loskop,KZN237 - iNkosi Langalibalele,4242,2697,0.6357850070721358,4228,2123,0.5021286660359509
KwaZulu-Natal,Ward 52307003,KZN237,KZN237 - Estcourt/Loskop,KZN237 - iNkosi Langalibalele,3841,2375,0.6183285602707628,3750,1926,0.5136
KwaZulu-Natal,Ward 52307004,KZN237,KZN237 - Estcourt/Loskop,KZN237 - iNkosi Langalibalele,4159,2822,0.678528492426064,4192,2291,0.5465171755725191
KwaZulu-Natal,Ward 52307005,KZN237,KZN237 - Estcourt/Loskop,KZN237 - iNkosi Langalibalele,4055,2454,0.6051787916152898,3801,2049,0.5390686661404893
KwaZulu-Natal,Ward 52307006,KZN237,KZN237 - Estcourt/Loskop,KZN237 - iNkosi Langalibalele,4877,3467,0.7108878408857905,4568,2791,0.6109894921190894
KwaZulu-Natal,Ward 52307007,KZN237,KZN237 - Estcourt/Loskop,KZN237 - iNkosi Langalibalele,4511,2816,0.6242518288627799,4285,2043,0.476779463243874
KwaZulu-Natal,Ward 52307008,KZN237,KZN237 - Estcourt/Loskop,KZN237 - iNkosi Langalibalele,4284,2887,0.6739028944911298,4350,2476,0.5691954022988506
KwaZulu-Natal,Ward 52307009,KZN237,KZN237 - Estcourt/Loskop,KZN237 - iNkosi Langalibalele,4537,3098,0.6828300639188891,4399,2382,0.5414867015230734
KwaZulu-Natal,Ward 52307010,KZN237,KZN237 - Estcourt/Loskop,KZN237 - iNkosi Langalibalele,4567,2529,0.5537552003503394,4461,1948,0.43667339161622953
KwaZulu-Natal,Ward 52307011,KZN237,KZN237 - Estcourt/Loskop,KZN237 - iNkosi Langalibalele,4710,2843,0.6036093418259023,4289,2134,0.49755187689438096
KwaZulu-Natal,Ward 52307012,KZN237,KZN237 - Estcourt/Loskop,KZN237 - iNkosi Langalibalele,3963,2452,0.6187231895029018,3877,1992,0.5137993293783853
KwaZulu-Natal,Ward 52307013,KZN237,KZN237 - Estcourt/Loskop,KZN237 - iNkosi Langalibalele,4529,3079,0.6798410245087215,4509,2621,0.5812818806830783
KwaZulu-Natal,Ward 52307014,KZN237,KZN237 - Estcourt/Loskop,KZN237 - iNkosi Langalibalele,3341,2186,0.6542951212211913,3479,1950,0.5605058924978442
KwaZulu-Natal,Ward 52307015,KZN237,KZN237 - Estcourt/Loskop,KZN237 - iNkosi Langalibalele,3950,2662,0.6739240506329114,4164,2505,0.6015850144092219
KwaZulu-Natal,Ward 52307016,KZN237,KZN237 - Estcourt/Loskop,KZN237 - iNkosi Langalibalele,4564,2866,0.6279579316389132,4610,2362,0.5123644251626898
KwaZulu-Natal,Ward 52307017,KZN237,KZN237 - Estcourt/Loskop,KZN237 - iNkosi Langalibalele,3887,2493,0.6413686647800361,4030,2142,0.5315136476426799
KwaZulu-Natal,Ward 52307018,KZN237,KZN237 - Estcourt/Loskop,KZN237 - iNkosi Langalibalele,4431,2863,0.6461295418641391,3890,2075,0.5334190231362468
KwaZulu-Natal,Ward 52307019,KZN237,KZN237 - Estcourt/Loskop,KZN237 - iNkosi Langalibalele,3732,2394,0.6414790996784566,4122,2091,0.507278020378457
KwaZulu-Natal,Ward 52307020,KZN237,KZN237 - Estcourt/Loskop,KZN237 - iNkosi Langalibalele,3905,2592,0.6637644046094751,3706,2318,0.6254722072315164
KwaZulu-Natal,Ward 52307021,KZN237,KZN237 - Estcourt/Loskop,KZN237 - iNkosi Langalibalele,3984,2961,0.7432228915662651,4533,2920,0.6441650121332451
KwaZulu-Natal,Ward 52307022,KZN237,KZN237 - Estcourt/Loskop,KZN237 - iNkosi Langalibalele,4451,3300,0.7414064255223545,4425,3103,0.7012429378531073
KwaZulu-Natal,Ward 52307023,KZN237,KZN237 - Estcourt/Loskop,KZN237 - iNkosi Langalibalele,4651,2948,0.6338421844764567,4820,2793,0.5794605809128631
KwaZulu-Natal,Ward 52308001,KZN238,KZN238 - Ladysmith/Waaihoek,KZN238 - Alfred Duma,4412,2935,0.6652311876699909,4139,2299,0.5554481758878956
KwaZulu-Natal,Ward 52308002,KZN238,KZN238 - Ladysmith/Waaihoek,KZN238 - Alfred Duma,4222,2554,0.6049265750828992,4201,2052,0.4884551297310164
KwaZulu-Natal,Ward 52308003,KZN238,KZN238 - Ladysmith/Waaihoek,KZN238 - Alfred Duma,4977,3052,0.6132208157524613,4799,2272,0.4734319649927068
KwaZulu-Natal,Ward 52308004,KZN238,KZN238 - Ladysmith/Waaihoek,KZN238 - Alfred Duma,3672,2478,0.6748366013071896,3418,1858,0.5435927442949093
KwaZulu-Natal,Ward 52308005,KZN238,KZN238 - Ladysmith/Waaihoek,KZN238 - Alfred Duma,4321,3028,0.7007637121036797,4295,2458,0.5722933643771828
KwaZulu-Natal,Ward 52308006,KZN238,KZN238 - Ladysmith/Waaihoek,KZN238 - Alfred Duma,4527,2927,0.6465650541197261,4684,2348,0.5012809564474808
KwaZulu-Natal,Ward 52308007,KZN238,KZN238 - Ladysmith/Waaihoek,KZN238 - Alfred Duma,5314,3264,0.6142265713210388,5244,2688,0.5125858123569794
KwaZulu-Natal,Ward 52308008,KZN238,KZN238 - Ladysmith/Waaihoek,KZN238 - Alfred Duma,3704,2238,0.6042116630669546,4042,1931,0.4777337951509154
KwaZulu-Natal,Ward 52308009,KZN238,KZN238 - Ladysmith/Waaihoek,KZN238 - Alfred Duma,4909,3269,0.6659197392544306,4888,2431,0.4973404255319149
KwaZulu-Natal,Ward 52308010,KZN238,KZN238 - Ladysmith/Waaihoek,KZN238 - Alfred Duma,4259,2364,0.5550598732096736,3897,1516,0.3890171927123428
KwaZulu-Natal,Ward 52308011,KZN238,KZN238 - Ladysmith/Waaihoek,KZN238 - Alfred Duma,5043,3068,0.6083680348998612,5073,2631,0.5186280307510349
KwaZulu-Natal,Ward 52308012,KZN238,KZN238 - Ladysmith/Waaihoek,KZN238 - Alfred Duma,5716,2955,0.5169699090272918,3873,1942,0.501420087787245
KwaZulu-Natal,Ward 52308013,KZN238,KZN238 - Ladysmith/Waaihoek,KZN238 - Alfred Duma,3995,2432,0.6087609511889862,3766,1843,0.4893786510886883
KwaZulu-Natal,Ward 52308014,KZN238,KZN238 - Ladysmith/Waaihoek,KZN238 - Alfred Duma,4526,2954,0.652673442333186,4013,2465,0.6142536755544481
KwaZulu-Natal,Ward 52308015,KZN238,KZN238 - Ladysmith/Waaihoek,KZN238 - Alfred Duma,4242,2694,0.635077793493635,4225,2722,0.6442603550295858
KwaZulu-Natal,Ward 52308016,KZN238,KZN238 - Ladysmith/Waaihoek,KZN238 - Alfred Duma,4059,2657,0.6545947277654595,4056,2306,0.5685404339250493
KwaZulu-Natal,Ward 52308017,KZN238,KZN238 - Ladysmith/Waaihoek,KZN238 - Alfred Duma,4188,2710,0.6470869149952244,4125,2488,0.6031515151515151
KwaZulu-Natal,Ward 52308018,KZN238,KZN238 - Ladysmith/Waaihoek,KZN238 - Alfred Duma,4583,2863,0.6246999781802313,3874,2103,0.5428497676819825
KwaZulu-Natal,Ward 52308019,KZN238,KZN238 - Ladysmith/Waaihoek,KZN238 - Alfred Duma,4444,2656,0.5976597659765976,4217,2158,0.5117382025136353
KwaZulu-Natal,Ward 52308020,KZN238,KZN238 - Ladysmith/Waaihoek,KZN238 - Alfred Duma,4732,3034,0.6411665257819104,4249,2209,0.5198870322428807
KwaZulu-Natal,Ward 52308021,KZN238,KZN238 - Ladysmith/Waaihoek,KZN238 - Alfred Duma,4508,2596,0.5758651286601597,4724,2035,0.43077900084674003
KwaZulu-Natal,Ward 52308022,KZN238,KZN238 - Ladysmith/Waaihoek,KZN238 - Alfred Duma,3144,2006,0.6380407124681934,4413,1811,0.4103784273736687
KwaZulu-Natal,Ward 52308023,KZN238,KZN238 - Ladysmith/Waaihoek,KZN238 - Alfred Duma,4059,2623,0.6462182803646218,4305,2638,0.6127758420441347
KwaZulu-Natal,Ward 52308024,KZN238,KZN238 - Ladysmith/Waaihoek,KZN238 - Alfred Duma,4593,2659,0.578924450250381,4519,2409,0.533082540385041
KwaZulu-Natal,Ward 52308025,KZN238,KZN238 - Ladysmith/Waaihoek,KZN238 - Alfred Duma,3893,2535,0.6511687644490111,4457,2385,0.5351133049136191
KwaZulu-Natal,Ward 52308026,KZN238,KZN238 - Ladysmith/Waaihoek,KZN238 - Alfred Duma,2879,1881,0.6533518582841265,4282,2304,0.5380663241475946
KwaZulu-Natal,Ward 52308027,KZN238,KZN238 - Ladysmith/Waaihoek,KZN238 - Alfred Duma,5387,3304,0.6133283831446074,5100,2878,0.5643137254901961
KwaZulu-Natal,Ward 52308028,KZN238,KZN238 - Ladysmith/Waaihoek,KZN238 - Alfred Duma,5426,3517,0.6481754515296719,4188,2441,0.5828557784145176
KwaZulu-Natal,Ward 52308029,KZN238,KZN238 - Ladysmith/Waaihoek,KZN238 - Alfred Duma,5050,3371,0.6675247524752476,4181,2775,0.6637168141592921
KwaZulu-Natal,Ward 52308030,KZN238,KZN238 - Ladysmith/Waaihoek,KZN238 - Alfred Duma,5428,3531,0.6505158437730287,4163,2388,0.5736247898150373
KwaZulu-Natal,Ward 52308031,KZN238,KZN238 - Ladysmith/Waaihoek,KZN238 - Alfred Duma,5060,3035,0.599802371541502,3852,2220,0.5763239875389408
KwaZulu-Natal,Ward 52308032,KZN238,KZN238 - Ladysmith/Waaihoek,KZN238 - Alfred Duma,4994,2688,0.5382458950740889,4744,2349,0.49515177065767285
KwaZulu-Natal,Ward 52308033,KZN238,KZN238 - Ladysmith/Waaihoek,KZN238 - Alfred Duma,5496,3154,0.5738719068413392,4795,2903,0.605422314911366
KwaZulu-Natal,Ward 52308034,KZN238,KZN238 - Ladysmith/Waaihoek,KZN238 - Alfred Duma,4609,2508,0.5441527446300716,4405,2324,0.5275822928490352
KwaZulu-Natal,Ward 52308035,KZN238,KZN238 - Ladysmith/Waaihoek,KZN238 - Alfred Duma,5340,3109,0.5822097378277153,5492,2856,0.5200291332847778
KwaZulu-Natal,Ward 52308036,KZN238,KZN238 - Ladysmith/Waaihoek,KZN238 - Alfred Duma,4646,2347,0.5051657339647008,4496,2260,0.5026690391459074
KwaZulu-Natal,Ward 52401001,KZN241,KZN241 - Endumeni,KZN241 - eNdumeni,4232,2587,0.6112948960302458,4221,2481,0.587775408670931
KwaZulu-Natal,Ward 52401002,KZN241,KZN241 - Endumeni,KZN241 - eNdumeni,4083,2474,0.6059270144501592,4042,1849,0.4574468085106383
KwaZulu-Natal,Ward 52401003,KZN241,KZN241 - Endumeni,KZN241 - eNdumeni,4259,2645,0.6210378023010096,4618,2682,0.5807708964919879
KwaZulu-Natal,Ward 52401004,KZN241,KZN241 - Endumeni,KZN241 - eNdumeni,4099,2211,0.5393998536228348,3981,1859,0.4669680984677217
KwaZulu-Natal,Ward 52401005,KZN241,KZN241 - Endumeni,KZN241 - eNdumeni,4466,2637,0.590461262875056,4785,2189,0.4574712643678161
KwaZulu-Natal,Ward 52401006,KZN241,KZN241 - Endumeni,KZN241 - eNdumeni,4388,2432,0.5542388331814039,4284,1955,0.45634920634920634
KwaZulu-Natal,Ward 52401007,KZN241,KZN241 - Endumeni,KZN241 - eNdumeni,3534,2014,0.5698924731182796,3794,1928,0.5081707959936742
KwaZulu-Natal,Ward 52402001,KZN242,KZN242 - Nqutu,KZN242 - Nqutu,4803,2870,0.5975432021653133,4145,2504,0.6041013268998794
KwaZulu-Natal,Ward 52402002,KZN242,KZN242 - Nqutu,KZN242 - Nqutu,4988,3101,0.621692060946271,3711,2168,0.5842091080571274
KwaZulu-Natal,Ward 52402003,KZN242,KZN242 - Nqutu,KZN242 - Nqutu,4204,2354,0.5599429115128449,4781,2636,0.5513490901485045
KwaZulu-Natal,Ward 52402004,KZN242,KZN242 - Nqutu,KZN242 - Nqutu,4249,2255,0.5307131089668157,4104,2032,0.4951267056530214
KwaZulu-Natal,Ward 52402005,KZN242,KZN242 - Nqutu,KZN242 - Nqutu,3948,2296,0.5815602836879432,4205,1932,0.45945303210463734
KwaZulu-Natal,Ward 52402006,KZN242,KZN242 - Nqutu,KZN242 - Nqutu,4430,2639,0.5957110609480812,4622,2359,0.5103851146689745
KwaZulu-Natal,Ward 52402007,KZN242,KZN242 - Nqutu,KZN242 - Nqutu,3900,2147,0.5505128205128205,3983,2094,0.5257343710770775
KwaZulu-Natal,Ward 52402008,KZN242,KZN242 - Nqutu,KZN242 - Nqutu,4269,2539,0.5947528695244788,4148,2151,0.5185631629701061
KwaZulu-Natal,Ward 52402009,KZN242,KZN242 - Nqutu,KZN242 - Nqutu,4581,2475,0.5402750491159135,3711,1701,0.4583670169765562
KwaZulu-Natal,Ward 52402010,KZN242,KZN242 - Nqutu,KZN242 - Nqutu,5048,3157,0.6253961965134707,4199,2288,0.544891640866873
KwaZulu-Natal,Ward 52402011,KZN242,KZN242 - Nqutu,KZN242 - Nqutu,5081,3159,0.6217280062979729,3953,2182,0.5519858335441437
KwaZulu-Natal,Ward 52402012,KZN242,KZN242 - Nqutu,KZN242 - Nqutu,4822,2746,0.5694732476150974,4411,2421,0.5488551348900476
KwaZulu-Natal,Ward 52402013,KZN242,KZN242 - Nqutu,KZN242 - Nqutu,4789,2773,0.5790352892044268,4787,2738,0.5719657405473156
KwaZulu-Natal,Ward 52402014,KZN242,KZN242 - Nqutu,KZN242 - Nqutu,4849,2508,0.5172200453701794,4193,2215,0.5282613880276652
KwaZulu-Natal,Ward 52402015,KZN242,KZN242 - Nqutu,KZN242 - Nqutu,4980,2847,0.5716867469879519,4123,2212,0.5365025466893039
KwaZulu-Natal,Ward 52402016,KZN242,KZN242 - Nqutu,KZN242 - Nqutu,4032,2376,0.5892857142857143,4651,2509,0.539453880885831
KwaZulu-Natal,Ward 52402017,KZN242,KZN242 - Nqutu,KZN242 - Nqutu,4124,2443,0.5923860329776915,4060,2119,0.5219211822660098
KwaZulu-Natal,Ward 52404001,KZN244,KZN244 - Msinga,KZN244 - uMsinga,5206,3151,0.6052631578947368,4089,2174,0.5316703350452433
KwaZulu-Natal,Ward 52404002,KZN244,KZN244 - Msinga,KZN244 - uMsinga,5090,3246,0.637721021611002,4399,2325,0.5285292111843601
KwaZulu-Natal,Ward 52404003,KZN244,KZN244 - Msinga,KZN244 - uMsinga,4873,3384,0.6944387441001436,5023,3069,0.610989448536731
KwaZulu-Natal,Ward 52404004,KZN244,KZN244 - Msinga,KZN244 - uMsinga,5438,3757,0.6908789996322178,4546,2509,0.5519137703475583
KwaZulu-Natal,Ward 52404005,KZN244,KZN244 - Msinga,KZN244 - uMsinga,5154,3557,0.6901435778036477,3785,2254,0.5955085865257596
KwaZulu-Natal,Ward 52404006,KZN244,KZN244 - Msinga,KZN244 - uMsinga,4893,3454,0.7059063968935213,4034,2201,0.545612295488349
KwaZulu-Natal,Ward 52404007,KZN244,KZN244 - Msinga,KZN244 - uMsinga,4994,3399,0.6806167400881057,4523,2486,0.5496351978775149
KwaZulu-Natal,Ward 52404008,KZN244,KZN244 - Msinga,KZN244 - uMsinga,4643,3363,0.7243161748869266,4394,2605,0.5928538916704598
KwaZulu-Natal,Ward 52404009,KZN244,KZN244 - Msinga,KZN244 - uMsinga,4004,2663,0.6650849150849151,3948,2156,0.5460992907801419
KwaZulu-Natal,Ward 52404010,KZN244,KZN244 - Msinga,KZN244 - uMsinga,5235,3719,0.7104106972301815,4075,3004,0.7371779141104294
KwaZulu-Natal,Ward 52404011,KZN244,KZN244 - Msinga,KZN244 - uMsinga,4651,3140,0.6751236293270264,4287,2719,0.6342430604152087
KwaZulu-Natal,Ward 52404012,KZN244,KZN244 - Msinga,KZN244 - uMsinga,4466,2709,0.6065830721003135,4230,2596,0.6137115839243499
KwaZulu-Natal,Ward 52404013,KZN244,KZN244 - Msinga,KZN244 - uMsinga,4079,2950,0.7232164746261338,4183,2422,0.579010279703562
KwaZulu-Natal,Ward 52404014,KZN244,KZN244 - Msinga,KZN244 - uMsinga,4966,3447,0.6941200161095449,3687,2185,0.5926227285055601
KwaZulu-Natal,Ward 52404015,KZN244,KZN244 - Msinga,KZN244 - uMsinga,4103,2752,0.6707287350718986,4067,2601,0.6395377428079666
KwaZulu-Natal,Ward 52404016,KZN244,KZN244 - Msinga,KZN244 - uMsinga,4119,2695,0.6542850206360767,3790,2029,0.5353562005277045
KwaZulu-Natal,Ward 52404017,KZN244,KZN244 - Msinga,KZN244 - uMsinga,5173,3344,0.646433404214189,3513,1920,0.5465414175918019
KwaZulu-Natal,Ward 52404018,KZN244,KZN244 - Msinga,KZN244 - uMsinga,4281,2752,0.642840457836954,4173,2161,0.5178528636472561
KwaZulu-Natal,Ward 52405001,KZN245,KZN245 - Umvoti,KZN245 - uMvoti,4624,2994,0.6474913494809689,4782,2739,0.5727728983688833
KwaZulu-Natal,Ward 52405002,KZN245,KZN245 - Umvoti,KZN245 - uMvoti,3815,2480,0.6500655307994757,3758,1951,0.5191591271953166
KwaZulu-Natal,Ward 52405003,KZN245,KZN245 - Umvoti,KZN245 - uMvoti,3674,2472,0.6728361458900382,3635,2269,0.6242090784044017
KwaZulu-Natal,Ward 52405004,KZN245,KZN245 - Umvoti,KZN245 - uMvoti,3920,2480,0.6326530612244898,4537,2451,0.5402248181617809
KwaZulu-Natal,Ward 52405005,KZN245,KZN245 - Umvoti,KZN245 - uMvoti,4733,2899,0.6125079230931756,4449,2429,0.5459653854798832
KwaZulu-Natal,Ward 52405006,KZN245,KZN245 - Umvoti,KZN245 - uMvoti,4458,2725,0.6112606550022431,4399,2464,0.5601273016594681
KwaZulu-Natal,Ward 52405007,KZN245,KZN245 - Umvoti,KZN245 - uMvoti,5185,3535,0.6817743490838959,5885,3340,0.5675446049277825
KwaZulu-Natal,Ward 52405008,KZN245,KZN245 - Umvoti,KZN245 - uMvoti,3520,2588,0.7352272727272727,3510,2382,0.6786324786324787
KwaZulu-Natal,Ward 52405009,KZN245,KZN245 - Umvoti,KZN245 - uMvoti,3742,2096,0.5601282736504543,4202,2261,0.5380771061399333
KwaZulu-Natal,Ward 52405010,KZN245,KZN245 - Umvoti,KZN245 - uMvoti,3853,2119,0.549961069296652,3317,1318,0.39734700030147724
KwaZulu-Natal,Ward 52405011,KZN245,KZN245 - Umvoti,KZN245 - uMvoti,4698,3278,0.6977437207322265,4548,2627,0.5776165347405453
KwaZulu-Natal,Ward 52405012,KZN245,KZN245 - Umvoti,KZN245 - uMvoti,4700,2915,0.6202127659574468,4424,2397,0.5418173598553345
KwaZulu-Natal,Ward 52405013,KZN245,KZN245 - Umvoti,KZN245 - uMvoti,3479,2265,0.6510491520551883,3597,2098,0.583263830970253
KwaZulu-Natal,Ward 52405014,KZN245,KZN245 - Umvoti,KZN245 - uMvoti,4149,2915,0.7025789346830562,4458,2711,0.6081202332884702
KwaZulu-Natal,Ward 52502001,KZN252,KZN252 - Newcastle,KZN252 - Newcastle,4733,2909,0.6146207479399958,4913,2158,0.43924282515774477
KwaZulu-Natal,Ward 52502002,KZN252,KZN252 - Newcastle,KZN252 - Newcastle,4827,3314,0.686554795939507,5015,2776,0.5535393818544367
KwaZulu-Natal,Ward 52502003,KZN252,KZN252 - Newcastle,KZN252 - Newcastle,4721,2038,0.43168820165219235,4485,2090,0.4659977703455964
KwaZulu-Natal,Ward 52502004,KZN252,KZN252 - Newcastle,KZN252 - Newcastle,4671,2783,0.5958038963819311,4547,2297,0.5051682427974489
KwaZulu-Natal,Ward 52502005,KZN252,KZN252 - Newcastle,KZN252 - Newcastle,6313,2962,0.4691905591636306,5874,1796,0.30575417092271023
KwaZulu-Natal,Ward 52502006,KZN252,KZN252 - Newcastle,KZN252 - Newcastle,4984,3059,0.6137640449438202,5617,2896,0.5155777105216308
KwaZulu-Natal,Ward 52502007,KZN252,KZN252 - Newcastle,KZN252 - Newcastle,5834,3517,0.6028453890983888,6261,2540,0.4056859926529308
KwaZulu-Natal,Ward 52502008,KZN252,KZN252 - Newcastle,KZN252 - Newcastle,4586,2932,0.639337112952464,4431,2173,0.4904084856691492
KwaZulu-Natal,Ward 52502009,KZN252,KZN252 - Newcastle,KZN252 - Newcastle,5489,3508,0.6390963745673165,5519,2577,0.46693241529262547
KwaZulu-Natal,Ward 52502010,KZN252,KZN252 - Newcastle,KZN252 - Newcastle,4161,2499,0.6005767844268205,4224,1923,0.4552556818181818
KwaZulu-Natal,Ward 52502011,KZN252,KZN252 - Newcastle,KZN252 - Newcastle,4708,3055,0.6488954970263382,4633,2202,0.4752859917979711
KwaZulu-Natal,Ward 52502012,KZN252,KZN252 - Newcastle,KZN252 - Newcastle,5656,3464,0.6124469589816125,5738,2877,0.5013942140118508
KwaZulu-Natal,Ward 52502013,KZN252,KZN252 - Newcastle,KZN252 - Newcastle,4618,2922,0.6327414465136423,4308,1900,0.44103992571959144
KwaZulu-Natal,Ward 52502014,KZN252,KZN252 - Newcastle,KZN252 - Newcastle,6758,3527,0.5218999704054454,6010,2930,0.4875207986688852
KwaZulu-Natal,Ward 52502015,KZN252,KZN252 - Newcastle,KZN252 - Newcastle,5719,3503,0.6125196712712012,5739,2889,0.5033978044955567
KwaZulu-Natal,Ward 52502016,KZN252,KZN252 - Newcastle,KZN252 - Newcastle,6342,3980,0.6275622831914223,5487,2744,0.5000911244760342
KwaZulu-Natal,Ward 52502017,KZN252,KZN252 - Newcastle,KZN252 - Newcastle,5311,3456,0.6507249105629825,5838,2891,0.4952038369304556
KwaZulu-Natal,Ward 52502018,KZN252,KZN252 - Newcastle,KZN252 - Newcastle,5381,3270,0.6076937372235643,6025,3271,0.5429045643153527
KwaZulu-Natal,Ward 52502019,KZN252,KZN252 - Newcastle,KZN252 - Newcastle,5948,3607,0.6064223268325487,5866,2700,0.4602795772246846
KwaZulu-Natal,Ward 52502020,KZN252,KZN252 - Newcastle,KZN252 - Newcastle,4565,2733,0.5986856516976999,4488,2051,0.4569964349376114
KwaZulu-Natal,Ward 52502021,KZN252,KZN252 - Newcastle,KZN252 - Newcastle,4750,2887,0.6077894736842105,5054,2481,0.49089829837752275
KwaZulu-Natal,Ward 52502022,KZN252,KZN252 - Newcastle,KZN252 - Newcastle,5605,2450,0.43710972346119537,5201,1955,0.3758892520669102
KwaZulu-Natal,Ward 52502023,KZN252,KZN252 - Newcastle,KZN252 - Newcastle,5548,3300,0.5948089401586157,4929,2125,0.43112193142625277
KwaZulu-Natal,Ward 52502024,KZN252,KZN252 - Newcastle,KZN252 - Newcastle,5572,3208,0.5757358219669777,5885,2278,0.3870858113848768
KwaZulu-Natal,Ward 52502025,KZN252,KZN252 - Newcastle,KZN252 - Newcastle,4850,2690,0.554639175257732,4366,1980,0.45350435180943655
KwaZulu-Natal,Ward 52502026,KZN252,KZN252 - Newcastle,KZN252 - Newcastle,6001,3297,0.549408431928012,5957,2250,0.37770689944602986
KwaZulu-Natal,Ward 52502027,KZN252,KZN252 - Newcastle,KZN252 - Newcastle,6130,3591,0.5858075040783034,5919,2522,0.42608548741341445
KwaZulu-Natal,Ward 52502028,KZN252,KZN252 - Newcastle,KZN252 - Newcastle,5793,3009,0.5194199896426722,5368,2110,0.393070044709389
KwaZulu-Natal,Ward 52502029,KZN252,KZN252 - Newcastle,KZN252 - Newcastle,5602,3399,0.6067475901463762,5380,2462,0.45762081784386616
KwaZulu-Natal,Ward 52502030,KZN252,KZN252 - Newcastle,KZN252 - Newcastle,4843,3008,0.6211026223415238,5069,2369,0.4673505622410732
KwaZulu-Natal,Ward 52502031,KZN252,KZN252 - Newcastle,KZN252 - Newcastle,5245,3028,0.5773117254528122,5189,2262,0.4359221429947967
KwaZulu-Natal,Ward 52502032,KZN252,KZN252 - Newcastle,KZN252 - Newcastle,6386,3921,0.6139993736298153,6056,2741,0.4526089828269485
KwaZulu-Natal,Ward 52502033,KZN252,KZN252 - Newcastle,KZN252 - Newcastle,6065,3402,0.5609233305853256,6377,2918,0.4575819350791908
KwaZulu-Natal,Ward 52502034,KZN252,KZN252 - Newcastle,KZN252 - Newcastle,5638,3429,0.6081943951755941,5795,2723,0.46988783433994824
KwaZulu-Natal,Ward 52503001,KZN253,KZN253 - eMadlangeni,KZN253 - eMadlangeni,2381,1479,0.621167576648467,2484,1226,0.49355877616747185
KwaZulu-Natal,Ward 52503002,KZN253,KZN253 - eMadlangeni,KZN253 - eMadlangeni,3004,1722,0.5732356857523302,2676,1353,0.5056053811659192
KwaZulu-Natal,Ward 52503003,KZN253,KZN253 - eMadlangeni,KZN253 - eMadlangeni,2117,1351,0.6381672177609825,2732,1486,0.5439238653001464
KwaZulu-Natal,Ward 52503004,KZN253,KZN253 - eMadlangeni,KZN253 - eMadlangeni,2303,1639,0.7116804168475901,2543,1399,0.5501376327172631
KwaZulu-Natal,Ward 52503005,KZN253,KZN253 - eMadlangeni,KZN253 - eMadlangeni,2588,1699,0.6564914992272025,2411,1539,0.6383243467440896
KwaZulu-Natal,Ward 52503006,KZN253,KZN253 - eMadlangeni,KZN253 - eMadlangeni,1938,1276,0.6584107327141383,2173,1134,0.5218591808559595
KwaZulu-Natal,Ward 52504001,KZN254,KZN254 - Dannhauser,KZN254 - Dannhauser,3889,2381,0.6122396502957058,4016,1652,0.4113545816733068
KwaZulu-Natal,Ward 52504002,KZN254,KZN254 - Dannhauser,KZN254 - Dannhauser,4569,2766,0.6053841103086014,4502,2189,0.48622834295868506
KwaZulu-Natal,Ward 52504003,KZN254,KZN254 - Dannhauser,KZN254 - Dannhauser,3648,2197,0.6022478070175439,3696,2019,0.5462662337662337
KwaZulu-Natal,Ward 52504004,KZN254,KZN254 - Dannhauser,KZN254 - Dannhauser,3758,2063,0.548962213943587,3478,1372,0.39447958596894767
KwaZulu-Natal,Ward 52504005,KZN254,KZN254 - Dannhauser,KZN254 - Dannhauser,3470,2083,0.6002881844380403,3360,1787,0.5318452380952381
KwaZulu-Natal,Ward 52504006,KZN254,KZN254 - Dannhauser,KZN254 - Dannhauser,3617,2074,0.5734033729610174,3709,1748,0.471286060932866
KwaZulu-Natal,Ward 52504007,KZN254,KZN254 - Dannhauser,KZN254 - Dannhauser,3943,2185,0.5541465888917069,3880,1894,0.4881443298969072
KwaZulu-Natal,Ward 52504008,KZN254,KZN254 - Dannhauser,KZN254 - Dannhauser,4037,2434,0.6029229625959871,3958,1934,0.48863062152602327
KwaZulu-Natal,Ward 52504009,KZN254,KZN254 - Dannhauser,KZN254 - Dannhauser,4225,2578,0.6101775147928994,4422,2202,0.49796472184531887
KwaZulu-Natal,Ward 52504010,KZN254,KZN254 - Dannhauser,KZN254 - Dannhauser,4137,2551,0.6166304085085811,4161,1779,0.4275414563806777
KwaZulu-Natal,Ward 52504011,KZN254,KZN254 - Dannhauser,KZN254 - Dannhauser,4077,2356,0.5778758891341673,3986,2029,0.5090316106372303
KwaZulu-Natal,Ward 52504012,KZN254,KZN254 - Dannhauser,KZN254 - Dannhauser,3849,2280,0.5923616523772408,3792,1858,0.4899789029535865
KwaZulu-Natal,Ward 52504013,KZN254,KZN254 - Dannhauser,KZN254 - Dannhauser,3615,2033,0.5623789764868603,3520,1685,0.4786931818181818
KwaZulu-Natal,Ward 52601001,KZN261,KZN261 - eDumbe,KZN261 - eDumbe,5005,3183,0.635964035964036,3424,2227,0.6504088785046729
KwaZulu-Natal,Ward 52601002,KZN261,KZN261 - eDumbe,KZN261 - eDumbe,5000,2855,0.571,4367,2449,0.5607968857339134
KwaZulu-Natal,Ward 52601003,KZN261,KZN261 - eDumbe,KZN261 - eDumbe,5292,3259,0.6158352229780801,4216,2270,0.5384250474383302
KwaZulu-Natal,Ward 52601004,KZN261,KZN261 - eDumbe,KZN261 - eDumbe,5451,3435,0.6301596037424326,4239,2244,0.5293701344656758
KwaZulu-Natal,Ward 52601005,KZN261,KZN261 - eDumbe,KZN261 - eDumbe,4160,2449,0.588701923076923,4715,2778,0.5891834570519618
KwaZulu-Natal,Ward 52601006,KZN261,KZN261 - eDumbe,KZN261 - eDumbe,4211,2442,0.5799097601519829,4269,2462,0.5767158585148747
KwaZulu-Natal,Ward 52601007,KZN261,KZN261 - eDumbe,KZN261 - eDumbe,3840,2259,0.58828125,4100,2159,0.5265853658536586
KwaZulu-Natal,Ward 52601008,KZN261,KZN261 - eDumbe,KZN261 - eDumbe,4821,2995,0.6212404065546567,3586,2185,0.6093139988845511
KwaZulu-Natal,Ward 52602001,KZN262,KZN262 - UPhongolo,KZN262 - uPhongolo,3632,2338,0.6437224669603524,3939,2199,0.5582635186595583
KwaZulu-Natal,Ward 52602002,KZN262,KZN262 - UPhongolo,KZN262 - uPhongolo,4112,2340,0.5690661478599222,4335,2266,0.522722029988466
KwaZulu-Natal,Ward 52602003,KZN262,KZN262 - UPhongolo,KZN262 - uPhongolo,4035,2336,0.5789343246592317,4044,2298,0.5682492581602374
KwaZulu-Natal,Ward 52602004,KZN262,KZN262 - UPhongolo,KZN262 - uPhongolo,4429,2802,0.6326484533754798,5038,2687,0.5333465660976578
KwaZulu-Natal,Ward 52602005,KZN262,KZN262 - UPhongolo,KZN262 - uPhongolo,3339,1884,0.564240790655885,3710,2004,0.5401617250673855
KwaZulu-Natal,Ward 52602006,KZN262,KZN262 - UPhongolo,KZN262 - uPhongolo,4389,2873,0.6545910230120756,4585,2914,0.6355507088331516
KwaZulu-Natal,Ward 52602007,KZN262,KZN262 - UPhongolo,KZN262 - uPhongolo,3890,1821,0.46812339331619535,4449,2224,0.4998876151944257
KwaZulu-Natal,Ward 52602008,KZN262,KZN262 - UPhongolo,KZN262 - uPhongolo,3706,2338,0.6308688613059903,4001,2154,0.538365408647838
KwaZulu-Natal,Ward 52602009,KZN262,KZN262 - UPhongolo,KZN262 - uPhongolo,4758,2626,0.5519125683060109,5096,2587,0.5076530612244898
KwaZulu-Natal,Ward 52602010,KZN262,KZN262 - UPhongolo,KZN262 - uPhongolo,4704,2733,0.5809948979591837,4700,2628,0.5591489361702128
KwaZulu-Natal,Ward 52602011,KZN262,KZN262 - UPhongolo,KZN262 - uPhongolo,4028,2409,0.5980635551142006,4917,2902,0.5901972747610331
KwaZulu-Natal,Ward 52602012,KZN262,KZN262 - UPhongolo,KZN262 - uPhongolo,3814,2087,0.5471945464079706,3920,2024,0.5163265306122449
KwaZulu-Natal,Ward 52602013,KZN262,KZN262 - UPhongolo,KZN262 - uPhongolo,3948,2503,0.6339918946301925,3809,1883,0.49435547387765816
KwaZulu-Natal,Ward 52602014,KZN262,KZN262 - UPhongolo,KZN262 - uPhongolo,3909,2244,0.5740598618572524,4214,2138,0.5073564309444708
KwaZulu-Natal,Ward 52602015,KZN262,KZN262 - UPhongolo,KZN262 - uPhongolo,3191,1960,0.6142275148856158,3288,1893,0.5757299270072993
KwaZulu-Natal,Ward 52603001,KZN263,KZN263 - Abaqulusi,KZN263 - AbaQulusi,4816,2603,0.5404900332225914,4723,2219,0.46982849883548594
KwaZulu-Natal,Ward 52603002,KZN263,KZN263 - Abaqulusi,KZN263 - AbaQulusi,4650,2671,0.5744086021505377,4302,2018,0.4690841469084147
KwaZulu-Natal,Ward 52603003,KZN263,KZN263 - Abaqulusi,KZN263 - AbaQulusi,4590,2629,0.5727668845315904,4081,1950,0.4778240627297231
KwaZulu-Natal,Ward 52603004,KZN263,KZN263 - Abaqulusi,KZN263 - AbaQulusi,4499,2906,0.6459213158479662,4264,2257,0.5293151969981238
KwaZulu-Natal,Ward 52603005,KZN263,KZN263 - Abaqulusi,KZN263 - AbaQulusi,5213,3204,0.6146173028966047,4572,2008,0.43919510061242345
KwaZulu-Natal,Ward 52603006,KZN263,KZN263 - Abaqulusi,KZN263 - AbaQulusi,5151,2915,0.5659095321296835,3743,2022,0.5402083889927866
KwaZulu-Natal,Ward 52603007,KZN263,KZN263 - Abaqulusi,KZN263 - AbaQulusi,4766,2773,0.5818296265211917,4340,1970,0.4539170506912442
KwaZulu-Natal,Ward 52603008,KZN263,KZN263 - Abaqulusi,KZN263 - AbaQulusi,5082,2761,0.5432900432900433,4368,1940,0.4441391941391941
KwaZulu-Natal,Ward 52603009,KZN263,KZN263 - Abaqulusi,KZN263 - AbaQulusi,4367,2426,0.5555301122051752,4209,1999,0.47493466381563315
KwaZulu-Natal,Ward 52603010,KZN263,KZN263 - Abaqulusi,KZN263 - AbaQulusi,4084,2109,0.5164054848188051,3601,1461,0.40572063315745627
KwaZulu-Natal,Ward 52603011,KZN263,KZN263 - Abaqulusi,KZN263 - AbaQulusi,3176,1504,0.473551637279597,4521,1918,0.42424242424242425
KwaZulu-Natal,Ward 52603012,KZN263,KZN263 - Abaqulusi,KZN263 - AbaQulusi,4077,2350,0.5764042187883247,4142,2253,0.5439401255432158
KwaZulu-Natal,Ward 52603013,KZN263,KZN263 - Abaqulusi,KZN263 - AbaQulusi,4552,2488,0.546572934973638,3661,1568,0.42829827915869984
KwaZulu-Natal,Ward 52603014,KZN263,KZN263 - Abaqulusi,KZN263 - AbaQulusi,4510,2615,0.5798226164079823,4379,2263,0.5167846540306006
KwaZulu-Natal,Ward 52603015,KZN263,KZN263 - Abaqulusi,KZN263 - AbaQulusi,4400,2424,0.5509090909090909,4169,2099,0.5034780522907172
KwaZulu-Natal,Ward 52603016,KZN263,KZN263 - Abaqulusi,KZN263 - AbaQulusi,3941,2168,0.5501141842172037,3815,1684,0.44141546526867625
KwaZulu-Natal,Ward 52603017,KZN263,KZN263 - Abaqulusi,KZN263 - AbaQulusi,4847,2892,0.5966577264287188,4920,2571,0.5225609756097561
KwaZulu-Natal,Ward 52603018,KZN263,KZN263 - Abaqulusi,KZN263 - AbaQulusi,3952,2245,0.5680668016194332,4056,1901,0.46868836291913213
KwaZulu-Natal,Ward 52603019,KZN263,KZN263 - Abaqulusi,KZN263 - AbaQulusi,4087,2332,0.57058967457793,3896,1924,0.4938398357289528
KwaZulu-Natal,Ward 52603020,KZN263,KZN263 - Abaqulusi,KZN263 - AbaQulusi,4772,2399,0.5027242246437552,4500,1648,0.3662222222222222
KwaZulu-Natal,Ward 52603021,KZN263,KZN263 - Abaqulusi,KZN263 - AbaQulusi,3982,2226,0.5590155700652938,3999,2094,0.5236309077269318
KwaZulu-Natal,Ward 52603022,KZN263,KZN263 - Abaqulusi,KZN263 - AbaQulusi,4367,2306,0.5280512937943669,4205,1871,0.44494649227110583
KwaZulu-Natal,Ward 52605001,KZN265,KZN265 - Nongoma,KZN265 - Nongoma,4779,2660,0.5566017995396526,4391,2399,0.5463447961739922
KwaZulu-Natal,Ward 52605002,KZN265,KZN265 - Nongoma,KZN265 - Nongoma,4593,2848,0.6200740256912693,4567,2505,0.5485001094810598
KwaZulu-Natal,Ward 52605003,KZN265,KZN265 - Nongoma,KZN265 - Nongoma,5015,3036,0.6053838484546361,4302,2507,0.5827522082752208
KwaZulu-Natal,Ward 52605004,KZN265,KZN265 - Nongoma,KZN265 - Nongoma,5538,3186,0.5752979414951246,3813,1980,0.5192761605035405
KwaZulu-Natal,Ward 52605005,KZN265,KZN265 - Nongoma,KZN265 - Nongoma,4719,2645,0.5605001059546514,4186,2340,0.5590062111801242
KwaZulu-Natal,Ward 52605006,KZN265,KZN265 - Nongoma,KZN265 - Nongoma,4492,2539,0.565227070347284,4629,2166,0.4679196370706416
KwaZulu-Natal,Ward 52605007,KZN265,KZN265 - Nongoma,KZN265 - Nongoma,4130,2497,0.6046004842615013,4297,2310,0.5375843611822202
KwaZulu-Natal,Ward 52605008,KZN265,KZN265 - Nongoma,KZN265 - Nongoma,4487,2613,0.5823490082460441,4399,2195,0.49897704023641737
KwaZulu-Natal,Ward 52605009,KZN265,KZN265 - Nongoma,KZN265 - Nongoma,5211,2673,0.5129533678756477,3750,1505,0.4013333333333333
KwaZulu-Natal,Ward 52605010,KZN265,KZN265 - Nongoma,KZN265 - Nongoma,4003,2500,0.6245316012990257,4363,2476,0.5674994269997709
KwaZulu-Natal,Ward 52605011,KZN265,KZN265 - Nongoma,KZN265 - Nongoma,4835,2923,0.6045501551189245,4529,2398,0.5294767056745419
KwaZulu-Natal,Ward 52605012,KZN265,KZN265 - Nongoma,KZN265 - Nongoma,4574,2759,0.6031919545255794,4486,2461,0.5485956308515382
KwaZulu-Natal,Ward 52605013,KZN265,KZN265 - Nongoma,KZN265 - Nongoma,4196,2451,0.5841277407054337,4209,2119,0.5034449988120694
KwaZulu-Natal,Ward 52605014,KZN265,KZN265 - Nongoma,KZN265 - Nongoma,4892,2990,0.6112019623875715,5040,2871,0.5696428571428571
KwaZulu-Natal,Ward 52605015,KZN265,KZN265 - Nongoma,KZN265 - Nongoma,4397,2734,0.6217875824425745,4359,2222,0.5097499426473961
KwaZulu-Natal,Ward 52605016,KZN265,KZN265 - Nongoma,KZN265 - Nongoma,4686,2488,0.5309432351685873,3074,1614,0.5250487963565387
KwaZulu-Natal,Ward 52605017,KZN265,KZN265 - Nongoma,KZN265 - Nongoma,4403,2633,0.598001362707245,4274,2238,0.5236312587739822
KwaZulu-Natal,Ward 52605018,KZN265,KZN265 - Nongoma,KZN265 - Nongoma,5301,3221,0.6076212035465006,3760,2027,0.5390957446808511
KwaZulu-Natal,Ward 52605019,KZN265,KZN265 - Nongoma,KZN265 - Nongoma,3115,1147,0.3682182985553772,4587,1236,0.2694571615434925
KwaZulu-Natal,Ward 52605020,KZN265,KZN265 - Nongoma,KZN265 - Nongoma,4347,2415,0.5555555555555556,3847,1911,0.4967507148427346
KwaZulu-Natal,Ward 52605021,KZN265,KZN265 - Nongoma,KZN265 - Nongoma,4494,2710,0.6030262572318648,4571,2354,0.5149857799168672
KwaZulu-Natal,Ward 52606001,KZN266,KZN266 - Ulundi,KZN266 - Ulundi,3910,2311,0.5910485933503836,3774,1811,0.4798622151563328
KwaZulu-Natal,Ward 52606002,KZN266,KZN266 - Ulundi,KZN266 - Ulundi,4217,2618,0.6208204884989329,4236,2389,0.5639754485363551
KwaZulu-Natal,Ward 52606003,KZN266,KZN266 - Ulundi,KZN266 - Ulundi,3498,2000,0.5717552887364208,3449,1866,0.5410263844592635
KwaZulu-Natal,Ward 52606004,KZN266,KZN266 - Ulundi,KZN266 - Ulundi,4303,2622,0.6093423193121078,4142,2077,0.5014485755673588
KwaZulu-Natal,Ward 52606005,KZN266,KZN266 - Ulundi,KZN266 - Ulundi,3977,2543,0.639426703545386,3898,2247,0.5764494612621858
KwaZulu-Natal,Ward 52606006,KZN266,KZN266 - Ulundi,KZN266 - Ulundi,4088,2406,0.5885518590998043,3840,1650,0.4296875
KwaZulu-Natal,Ward 52606007,KZN266,KZN266 - Ulundi,KZN266 - Ulundi,3723,2274,0.6107977437550363,3850,1898,0.492987012987013
KwaZulu-Natal,Ward 52606008,KZN266,KZN266 - Ulundi,KZN266 - Ulundi,3909,2256,0.5771297006907138,4233,2305,0.5445310654382235
KwaZulu-Natal,Ward 52606009,KZN266,KZN266 - Ulundi,KZN266 - Ulundi,4417,2763,0.6255376952682816,4297,2237,0.5205957644868513
KwaZulu-Natal,Ward 52606010,KZN266,KZN266 - Ulundi,KZN266 - Ulundi,4095,2345,0.5726495726495726,3455,1790,0.5180897250361794
KwaZulu-Natal,Ward 52606011,KZN266,KZN266 - Ulundi,KZN266 - Ulundi,3900,2188,0.561025641025641,3658,1621,0.44313832695462
KwaZulu-Natal,Ward 52606012,KZN266,KZN266 - Ulundi,KZN266 - Ulundi,3783,2091,0.5527359238699445,4197,1952,0.46509411484393615
KwaZulu-Natal,Ward 52606013,KZN266,KZN266 - Ulundi,KZN266 - Ulundi,4332,2546,0.5877192982456141,4003,1931,0.48238820884336747
KwaZulu-Natal,Ward 52606014,KZN266,KZN266 - Ulundi,KZN266 - Ulundi,4317,2656,0.6152420662497105,4357,2543,0.5836584806059215
KwaZulu-Natal,Ward 52606015,KZN266,KZN266 - Ulundi,KZN266 - Ulundi,4643,3065,0.6601335343527891,4530,2511,0.5543046357615894
KwaZulu-Natal,Ward 52606016,KZN266,KZN266 - Ulundi,KZN266 - Ulundi,3699,2187,0.5912408759124088,3605,1829,0.5073509015256588
KwaZulu-Natal,Ward 52606017,KZN266,KZN266 - Ulundi,KZN266 - Ulundi,4297,2593,0.603444263439609,4187,2186,0.5220921901122522
KwaZulu-Natal,Ward 52606018,KZN266,KZN266 - Ulundi,KZN266 - Ulundi,3756,2146,0.5713525026624068,3827,1726,0.45100600992944867
KwaZulu-Natal,Ward 52606019,KZN266,KZN266 - Ulundi,KZN266 - Ulundi,3488,1846,0.529243119266055,3397,1420,0.4180158963791581
KwaZulu-Natal,Ward 52606020,KZN266,KZN266 - Ulundi,KZN266 - Ulundi,3929,2223,0.5657928226011708,3877,1911,0.49290688676811967
KwaZulu-Natal,Ward 52606021,KZN266,KZN266 - Ulundi,KZN266 - Ulundi,4311,2609,0.6051960102064486,4384,2323,0.5298813868613139
KwaZulu-Natal,Ward 52606022,KZN266,KZN266 - Ulundi,KZN266 - Ulundi,3747,2095,0.559113957832933,3799,1681,0.44248486443801
KwaZulu-Natal,Ward 52606023,KZN266,KZN266 - Ulundi,KZN266 - Ulundi,3724,2064,0.5542427497314716,3642,1713,0.47034596375617793
KwaZulu-Natal,Ward 52606024,KZN266,KZN266 - Ulundi,KZN266 - Ulundi,3485,2100,0.6025824964131994,3382,1861,0.5502661147250147
KwaZulu-Natal,Ward 52701001,KZN271,KZN271 - Umhlabuyalingana,KZN271 - uMhlabuyalingana,4045,2199,0.5436341161928306,4169,2145,0.5145118733509235
KwaZulu-Natal,Ward 52701002,KZN271,KZN271 - Umhlabuyalingana,KZN271 - uMhlabuyalingana,4510,3239,0.7181818181818181,4986,3264,0.6546329723225031
KwaZulu-Natal,Ward 52701003,KZN271,KZN271 - Umhlabuyalingana,KZN271 - uMhlabuyalingana,5234,3375,0.6448223156285824,5130,2829,0.5514619883040935
KwaZulu-Natal,Ward 52701004,KZN271,KZN271 - Umhlabuyalingana,KZN271 - uMhlabuyalingana,4365,2713,0.6215349369988545,6053,3320,0.548488352882868
KwaZulu-Natal,Ward 52701005,KZN271,KZN271 - Umhlabuyalingana,KZN271 - uMhlabuyalingana,4814,2919,0.6063564603240549,3990,1902,0.4766917293233083
KwaZulu-Natal,Ward 52701006,KZN271,KZN271 - Umhlabuyalingana,KZN271 - uMhlabuyalingana,4408,2970,0.6737749546279492,3791,2322,0.6125032972830388
KwaZulu-Natal,Ward 52701007,KZN271,KZN271 - Umhlabuyalingana,KZN271 - uMhlabuyalingana,4086,2853,0.698237885462555,4068,2447,0.6015240904621436
KwaZulu-Natal,Ward 52701008,KZN271,KZN271 - Umhlabuyalingana,KZN271 - uMhlabuyalingana,4257,2785,0.6542165844491425,3865,2417,0.6253557567917206
KwaZulu-Natal,Ward 52701009,KZN271,KZN271 - Umhlabuyalingana,KZN271 - uMhlabuyalingana,3670,2493,0.679291553133515,3933,2569,0.6531909483854564
KwaZulu-Natal,Ward 52701010,KZN271,KZN271 - Umhlabuyalingana,KZN271 - uMhlabuyalingana,3879,2346,0.6047950502706884,3998,2325,0.5815407703851926
KwaZulu-Natal,Ward 52701011,KZN271,KZN271 - Umhlabuyalingana,KZN271 - uMhlabuyalingana,4444,2585,0.5816831683168316,3790,1910,0.503957783641161
KwaZulu-Natal,Ward 52701012,KZN271,KZN271 - Umhlabuyalingana,KZN271 - uMhlabuyalingana,4324,2726,0.6304347826086957,3846,2216,0.5761830473218928
KwaZulu-Natal,Ward 52701013,KZN271,KZN271 - Umhlabuyalingana,KZN271 - uMhlabuyalingana,3922,2569,0.6550229474757777,4651,2743,0.5897656417974629
KwaZulu-Natal,Ward 52701014,KZN271,KZN271 - Umhlabuyalingana,KZN271 - uMhlabuyalingana,5537,3660,0.6610077659382337,4555,2808,0.6164654226125137
KwaZulu-Natal,Ward 52701015,KZN271,KZN271 - Umhlabuyalingana,KZN271 - uMhlabuyalingana,4342,2694,0.6204514048825426,3982,2170,0.544952285283777
KwaZulu-Natal,Ward 52701016,KZN271,KZN271 - Umhlabuyalingana,KZN271 - uMhlabuyalingana,4772,3052,0.6395641240569991,3783,2342,0.6190853819719799
KwaZulu-Natal,Ward 52701017,KZN271,KZN271 - Umhlabuyalingana,KZN271 - uMhlabuyalingana,4601,2946,0.6402955879156705,4293,2325,0.5415793151642209
KwaZulu-Natal,Ward 52701018,KZN271,KZN271 - Umhlabuyalingana,KZN271 - uMhlabuyalingana,4336,2635,0.6077029520295203,4647,2771,0.596298687325156
KwaZulu-Natal,Ward 52702001,KZN272,KZN272 - Jozini,KZN272 - Jozini,3915,2481,0.6337164750957854,4074,2415,0.5927835051546392
KwaZulu-Natal,Ward 52702002,KZN272,KZN272 - Jozini,KZN272 - Jozini,3882,2370,0.6105100463678517,3716,2199,0.5917653390742734
KwaZulu-Natal,Ward 52702003,KZN272,KZN272 - Jozini,KZN272 - Jozini,4971,3517,0.7075035204184269,6088,4051,0.665407358738502
KwaZulu-Natal,Ward 52702004,KZN272,KZN272 - Jozini,KZN272 - Jozini,4356,3132,0.71900826446281,4257,2789,0.6551562132957481
KwaZulu-Natal,Ward 52702005,KZN272,KZN272 - Jozini,KZN272 - Jozini,5395,3433,0.6363299351251158,5139,2898,0.563922942206655
KwaZulu-Natal,Ward 52702006,KZN272,KZN272 - Jozini,KZN272 - Jozini,4512,2892,0.6409574468085106,4908,3091,0.6297881010594947
KwaZulu-Natal,Ward 52702007,KZN272,KZN272 - Jozini,KZN272 - Jozini,5481,3261,0.5949644225506294,3611,2058,0.5699252284685683
KwaZulu-Natal,Ward 52702008,KZN272,KZN272 - Jozini,KZN272 - Jozini,5506,3808,0.691609153650563,4954,2992,0.6039563988696003
KwaZulu-Natal,Ward 52702009,KZN272,KZN272 - Jozini,KZN272 - Jozini,4798,2982,0.6215089620675281,4098,2390,0.5832113225963885
KwaZulu-Natal,Ward 52702010,KZN272,KZN272 - Jozini,KZN272 - Jozini,5271,3408,0.6465566306203756,4670,2821,0.60406852248394
KwaZulu-Natal,Ward 52702011,KZN272,KZN272 - Jozini,KZN272 - Jozini,4126,2527,0.612457586039748,4190,2395,0.5715990453460621
KwaZulu-Natal,Ward 52702012,KZN272,KZN272 - Jozini,KZN272 - Jozini,5586,3935,0.7044396706050842,5485,3455,0.6298997265268915
KwaZulu-Natal,Ward 52702013,KZN272,KZN272 - Jozini,KZN272 - Jozini,5238,3408,0.6506300114547537,4879,2986,0.6120106579217053
KwaZulu-Natal,Ward 52702014,KZN272,KZN272 - Jozini,KZN272 - Jozini,4722,2933,0.621135112240576,4128,2178,0.5276162790697675
KwaZulu-Natal,Ward 52702015,KZN272,KZN272 - Jozini,KZN272 - Jozini,4490,2801,0.6238307349665925,4582,2656,0.5796595373199476
KwaZulu-Natal,Ward 52702016,KZN272,KZN272 - Jozini,KZN272 - Jozini,5213,3380,0.6483790523690773,4144,2972,0.7171814671814671
KwaZulu-Natal,Ward 52702017,KZN272,KZN272 - Jozini,KZN272 - Jozini,4728,2922,0.618020304568528,4568,2736,0.5989492119089317
KwaZulu-Natal,Ward 52702018,KZN272,KZN272 - Jozini,KZN272 - Jozini,4213,2650,0.6290054592926656,4407,2604,0.5908781484002723
KwaZulu-Natal,Ward 52702019,KZN272,KZN272 - Jozini,KZN272 - Jozini,4677,3157,0.6750053453068207,4837,2768,0.5722555302873682
KwaZulu-Natal,Ward 52702020,KZN272,KZN272 - Jozini,KZN272 - Jozini,4365,2556,0.5855670103092784,4073,2174,0.5337589000736558
KwaZulu-Natal,Ward 52705001,KZN275,KZN275 - Mtubatuba,KZN275 - Mtubatuba,3725,1871,0.5022818791946309,2755,1650,0.5989110707803993
KwaZulu-Natal,Ward 52705002,KZN275,KZN275 - Mtubatuba,KZN275 - Mtubatuba,3799,2086,0.5490918662806001,5338,3430,0.6425627575871112
KwaZulu-Natal,Ward 52705003,KZN275,KZN275 - Mtubatuba,KZN275 - Mtubatuba,4832,2706,0.5600165562913907,4914,2693,0.548026048026048
KwaZulu-Natal,Ward 52705004,KZN275,KZN275 - Mtubatuba,KZN275 - Mtubatuba,3897,2557,0.6561457531434437,4260,1716,0.4028169014084507
KwaZulu-Natal,Ward 52705005,KZN275,KZN275 - Mtubatuba,KZN275 - Mtubatuba,5699,2954,0.5183365502719776,5099,2659,0.5214747989801922
KwaZulu-Natal,Ward 52705006,KZN275,KZN275 - Mtubatuba,KZN275 - Mtubatuba,4790,2908,0.607098121085595,3858,1688,0.43753240020736134
KwaZulu-Natal,Ward 52705007,KZN275,KZN275 - Mtubatuba,KZN275 - Mtubatuba,4173,2792,0.6690630242032111,4287,1954,0.45579659435502684
KwaZulu-Natal,Ward 52705008,KZN275,KZN275 - Mtubatuba,KZN275 - Mtubatuba,5179,3368,0.6503185943232285,3517,2116,0.6016491327836224
KwaZulu-Natal,Ward 52705009,KZN275,KZN275 - Mtubatuba,KZN275 - Mtubatuba,3359,2270,0.6757963679666568,4407,2525,0.572952121624688
KwaZulu-Natal,Ward 52705010,KZN275,KZN275 - Mtubatuba,KZN275 - Mtubatuba,4586,2831,0.6173135630178805,4847,3013,0.6216216216216216
KwaZulu-Natal,Ward 52705011,KZN275,KZN275 - Mtubatuba,KZN275 - Mtubatuba,5226,3611,0.6909682357443552,3832,2131,0.5561064718162839
KwaZulu-Natal,Ward 52705012,KZN275,KZN275 - Mtubatuba,KZN275 - Mtubatuba,5080,3362,0.6618110236220472,4129,2450,0.5933640106563333
KwaZulu-Natal,Ward 52705013,KZN275,KZN275 - Mtubatuba,KZN275 - Mtubatuba,4681,2971,0.6346934415723136,4811,2814,0.5849095822074413
KwaZulu-Natal,Ward 52705014,KZN275,KZN275 - Mtubatuba,KZN275 - Mtubatuba,4103,2559,0.6236899829393127,4603,2662,0.5783184879426461
KwaZulu-Natal,Ward 52705015,KZN275,KZN275 - Mtubatuba,KZN275 - Mtubatuba,4573,3002,0.6564618412420731,4644,2831,0.609603789836348
KwaZulu-Natal,Ward 52705016,KZN275,KZN275 - Mtubatuba,KZN275 - Mtubatuba,4370,2858,0.6540045766590389,4665,2727,0.5845659163987138
KwaZulu-Natal,Ward 52705017,KZN275,KZN275 - Mtubatuba,KZN275 - Mtubatuba,3949,2420,0.6128133704735376,4097,2688,0.6560898218208445
KwaZulu-Natal,Ward 52705018,KZN275,KZN275 - Mtubatuba,KZN275 - Mtubatuba,4898,3170,0.6472029399755002,4253,2696,0.6339054784857747
KwaZulu-Natal,Ward 52705019,KZN275,KZN275 - Mtubatuba,KZN275 - Mtubatuba,5171,3387,0.6549990330690388,4322,2629,0.6082832022211939
KwaZulu-Natal,Ward 52705020,KZN275,KZN275 - Mtubatuba,KZN275 - Mtubatuba,4628,2710,0.5855661192739845,5077,3103,0.6111877092771322
KwaZulu-Natal,Ward 52706001,KZN276,KZN276 - Hluhluwe/Somkele,KZN276 - Big Five Hlabisa,3953,2468,0.6243359473817354,3954,2131,0.5389479008598888
KwaZulu-Natal,Ward 52706002,KZN276,KZN276 - Hluhluwe/Somkele,KZN276 - Big Five Hlabisa,3518,2229,0.6335986355884025,4524,2826,0.6246684350132626
KwaZulu-Natal,Ward 52706003,KZN276,KZN276 - Hluhluwe/Somkele,KZN276 - Big Five Hlabisa,4323,2882,0.6666666666666666,4568,2539,0.5558231173380035
KwaZulu-Natal,Ward 52706004,KZN276,KZN276 - Hluhluwe/Somkele,KZN276 - Big Five Hlabisa,4005,2808,0.701123595505618,4003,2701,0.6747439420434674
KwaZulu-Natal,Ward 52706005,KZN276,KZN276 - Hluhluwe/Somkele,KZN276 - Big Five Hlabisa,3967,2243,0.5654146710360474,3636,1602,0.4405940594059406
KwaZulu-Natal,Ward 52706006,KZN276,KZN276 - Hluhluwe/Somkele,KZN276 - Big Five Hlabisa,4990,3256,0.6525050100200401,3544,2149,0.6063769751693002
KwaZulu-Natal,Ward 52706007,KZN276,KZN276 - Hluhluwe/Somkele,KZN276 - Big Five Hlabisa,4577,2939,0.6421236617871968,4280,2620,0.6121495327102804
KwaZulu-Natal,Ward 52706008,KZN276,KZN276 - Hluhluwe/Somkele,KZN276 - Big Five Hlabisa,4257,2780,0.6530420483908856,3435,2126,0.6189228529839883
KwaZulu-Natal,Ward 52706009,KZN276,KZN276 - Hluhluwe/Somkele,KZN276 - Big Five Hlabisa,3606,2316,0.6422628951747088,4117,2352,0.5712897741073597
KwaZulu-Natal,Ward 52706010,KZN276,KZN276 - Hluhluwe/Somkele,KZN276 - Big Five Hlabisa,4452,2924,0.6567834681042228,3949,2243,0.5679918966827044
KwaZulu-Natal,Ward 52706011,KZN276,KZN276 - Hluhluwe/Somkele,KZN276 - Big Five Hlabisa,4374,2820,0.644718792866941,4113,2369,0.5759786044249939
KwaZulu-Natal,Ward 52706012,KZN276,KZN276 - Hluhluwe/Somkele,KZN276 - Big Five Hlabisa,4219,2406,0.5702773168997393,4184,1966,0.4698852772466539
KwaZulu-Natal,Ward 52706013,KZN276,KZN276 - Hluhluwe/Somkele,KZN276 - Big Five Hlabisa,4507,2823,0.626358997115598,3531,2019,0.5717926932880204
KwaZulu-Natal,Ward 52801001,KZN281,KZN281 - Mfolozi,KZN281 - uMfolozi,3567,2351,0.6590972806279787,3648,2215,0.6071820175438597
KwaZulu-Natal,Ward 52801002,KZN281,KZN281 - Mfolozi,KZN281 - uMfolozi,4600,2649,0.5758695652173913,3493,1663,0.4760950472373318
KwaZulu-Natal,Ward 52801003,KZN281,KZN281 - Mfolozi,KZN281 - uMfolozi,3720,2508,0.6741935483870968,4667,2745,0.5881722734090422
KwaZulu-Natal,Ward 52801004,KZN281,KZN281 - Mfolozi,KZN281 - uMfolozi,4652,3232,0.6947549441100602,3858,2384,0.6179367547952307
KwaZulu-Natal,Ward 52801005,KZN281,KZN281 - Mfolozi,KZN281 - uMfolozi,5077,3492,0.6878077604884775,4281,2393,0.5589815463676711
KwaZulu-Natal,Ward 52801006,KZN281,KZN281 - Mfolozi,KZN281 - uMfolozi,4448,2721,0.6117356115107914,4516,2128,0.4712134632418069
KwaZulu-Natal,Ward 52801007,KZN281,KZN281 - Mfolozi,KZN281 - uMfolozi,4362,2969,0.6806510774873911,4413,2341,0.5304781327894856
KwaZulu-Natal,Ward 52801008,KZN281,KZN281 - Mfolozi,KZN281 - uMfolozi,4776,3367,0.7049832495812395,3453,1943,0.562699102229945
KwaZulu-Natal,Ward 52801009,KZN281,KZN281 - Mfolozi,KZN281 - uMfolozi,4822,3174,0.6582330982994608,4294,2514,0.5854680950163018
KwaZulu-Natal,Ward 52801010,KZN281,KZN281 - Mfolozi,KZN281 - uMfolozi,4069,2545,0.625460801179651,4490,2307,0.5138084632516704
KwaZulu-Natal,Ward 52801011,KZN281,KZN281 - Mfolozi,KZN281 - uMfolozi,4532,2923,0.6449691085613416,4689,2696,0.5749626786095117
KwaZulu-Natal,Ward 52801012,KZN281,KZN281 - Mfolozi,KZN281 - uMfolozi,4654,3287,0.7062741727546197,4497,2423,0.5388036468756949
KwaZulu-Natal,Ward 52801013,KZN281,KZN281 - Mfolozi,KZN281 - uMfolozi,4026,2632,0.6537506209637357,3896,1951,0.5007700205338809
KwaZulu-Natal,Ward 52801014,KZN281,KZN281 - Mfolozi,KZN281 - uMfolozi,4273,2797,0.6545752398783057,4208,1983,0.47124524714828897
KwaZulu-Natal,Ward 52801015,KZN281,KZN281 - Mfolozi,KZN281 - uMfolozi,4489,2658,0.5921140565827578,3773,1955,0.5181553140736814
KwaZulu-Natal,Ward 52801016,KZN281,KZN281 - Mfolozi,KZN281 - uMfolozi,3643,2118,0.581388965138622,3554,1489,0.4189645469893078
KwaZulu-Natal,Ward 52801017,KZN281,KZN281 - Mfolozi,KZN281 - uMfolozi,4631,2908,0.6279421291297775,4471,2121,0.47439051666293897
KwaZulu-Natal,Ward 52802001,KZN282,KZN282 - uMhlathuze,KZN282 - uMhlathuze,5369,3418,0.6366176196684671,5656,2777,0.490983026874116
KwaZulu-Natal,Ward 52802002,KZN282,KZN282 - uMhlathuze,KZN282 - uMhlathuze,5970,3531,0.5914572864321608,6544,3275,0.500458435207824
KwaZulu-Natal,Ward 52802003,KZN282,KZN282 - uMhlathuze,KZN282 - uMhlathuze,6606,3944,0.5970330003027551,6302,3115,0.49428752776896223
KwaZulu-Natal,Ward 52802004,KZN282,KZN282 - uMhlathuze,KZN282 - uMhlathuze,6731,4273,0.6348239488931808,7006,3169,0.4523265772195261
KwaZulu-Natal,Ward 52802005,KZN282,KZN282 - uMhlathuze,KZN282 - uMhlathuze,5756,3814,0.6626129256428075,5251,2573,0.4900019043991621
KwaZulu-Natal,Ward 52802006,KZN282,KZN282 - uMhlathuze,KZN282 - uMhlathuze,5529,3360,0.6077048290830168,4764,2463,0.5170025188916877
KwaZulu-Natal,Ward 52802007,KZN282,KZN282 - uMhlathuze,KZN282 - uMhlathuze,4498,2431,0.5404624277456648,4932,2164,0.43876723438767234
KwaZulu-Natal,Ward 52802008,KZN282,KZN282 - uMhlathuze,KZN282 - uMhlathuze,4274,2381,0.5570893776321947,4792,1939,0.40463272120200333
KwaZulu-Natal,Ward 52802009,KZN282,KZN282 - uMhlathuze,KZN282 - uMhlathuze,6175,3728,0.6037246963562753,7538,3133,0.4156274873971876
KwaZulu-Natal,Ward 52802010,KZN282,KZN282 - uMhlathuze,KZN282 - uMhlathuze,5657,3537,0.6252430616934771,5373,2472,0.4600781686208822
KwaZulu-Natal,Ward 52802011,KZN282,KZN282 - uMhlathuze,KZN282 - uMhlathuze,4955,3205,0.6468213925327951,4973,2611,0.5250351900261412
KwaZulu-Natal,Ward 52802012,KZN282,KZN282 - uMhlathuze,KZN282 - uMhlathuze,6584,3950,0.5999392466585662,6236,2640,0.423348300192431
KwaZulu-Natal,Ward 52802013,KZN282,KZN282 - uMhlathuze,KZN282 - uMhlathuze,6588,4522,0.6863995142683668,6697,3433,0.5126175899656563
KwaZulu-Natal,Ward 52802014,KZN282,KZN282 - uMhlathuze,KZN282 - uMhlathuze,6334,3834,0.6053047047679192,6262,2673,0.4268604279782817
KwaZulu-Natal,Ward 52802015,KZN282,KZN282 - uMhlathuze,KZN282 - uMhlathuze,6376,4005,0.6281367628607277,6545,2923,0.44660045836516427
KwaZulu-Natal,Ward 52802016,KZN282,KZN282 - uMhlathuze,KZN282 - uMhlathuze,5474,3052,0.5575447570332481,5052,1879,0.37193190815518606
KwaZulu-Natal,Ward 52802017,KZN282,KZN282 - uMhlathuze,KZN282 - uMhlathuze,5021,2904,0.578370842461661,4771,1720,0.3605114231817229
KwaZulu-Natal,Ward 52802018,KZN282,KZN282 - uMhlathuze,KZN282 - uMhlathuze,5148,3624,0.703962703962704,5384,2853,0.5299034175334324
KwaZulu-Natal,Ward 52802019,KZN282,KZN282 - uMhlathuze,KZN282 - uMhlathuze,6111,3623,0.5928653248240877,5771,2170,0.3760180211401837
KwaZulu-Natal,Ward 52802020,KZN282,KZN282 - uMhlathuze,KZN282 - uMhlathuze,5771,3362,0.582568012476174,5343,2031,0.3801235261089276
KwaZulu-Natal,Ward 52802021,KZN282,KZN282 - uMhlathuze,KZN282 - uMhlathuze,6110,3477,0.5690671031096562,5735,2038,0.35536181342632955
KwaZulu-Natal,Ward 52802022,KZN282,KZN282 - uMhlathuze,KZN282 - uMhlathuze,6121,3769,0.6157490606110113,6818,3242,0.47550601349369315
KwaZulu-Natal,Ward 52802023,KZN282,KZN282 - uMhlathuze,KZN282 - uMhlathuze,5290,3130,0.5916824196597353,5128,2216,0.43213728549141966
KwaZulu-Natal,Ward 52802024,KZN282,KZN282 - uMhlathuze,KZN282 - uMhlathuze,6069,3462,0.5704399406821552,4844,1989,0.4106110652353427
KwaZulu-Natal,Ward 52802025,KZN282,KZN282 - uMhlathuze,KZN282 - uMhlathuze,5160,2965,0.5746124031007752,6291,2571,0.40867906533142584
KwaZulu-Natal,Ward 52802026,KZN282,KZN282 - uMhlathuze,KZN282 - uMhlathuze,6067,3530,0.5818361628481952,5950,2704,0.454453781512605
KwaZulu-Natal,Ward 52802027,KZN282,KZN282 - uMhlathuze,KZN282 - uMhlathuze,6072,3465,0.5706521739130435,5850,2320,0.39658119658119656
KwaZulu-Natal,Ward 52802028,KZN282,KZN282 - uMhlathuze,KZN282 - uMhlathuze,6091,3102,0.5092759809555081,5881,2016,0.34279884373405883
KwaZulu-Natal,Ward 52802029,KZN282,KZN282 - uMhlathuze,KZN282 - uMhlathuze,6824,4412,0.6465416178194607,5620,2711,0.48238434163701066
KwaZulu-Natal,Ward 52802030,KZN282,KZN282 - uMhlathuze,KZN282 - uMhlathuze,3578,1424,0.39798770262716604,4910,1697,0.3456211812627291
KwaZulu-Natal,Ward 52802031,KZN282,KZN282 - uMhlathuze,KZN282 - uMhlathuze,5387,3412,0.6333766474846854,5140,2649,0.5153696498054474
KwaZulu-Natal,Ward 52802032,KZN282,KZN282 - uMhlathuze,KZN282 - uMhlathuze,6344,4291,0.6763871374527112,5943,3287,0.5530876661618711
KwaZulu-Natal,Ward 52802033,KZN282,KZN282 - uMhlathuze,KZN282 - uMhlathuze,5430,3526,0.6493554327808472,4903,2561,0.5223332653477463
KwaZulu-Natal,Ward 52802034,KZN282,KZN282 - uMhlathuze,KZN282 - uMhlathuze,6106,2514,0.41172617097936454,4711,960,0.20377839099978773
KwaZulu-Natal,Ward 52804001,KZN284,KZN284 - uMlalazi,KZN284 - uMlalazi,3272,2019,0.6170537897310513,3357,1772,0.5278522490318737
KwaZulu-Natal,Ward 52804002,KZN284,KZN284 - uMlalazi,KZN284 - uMlalazi,4349,2765,0.635778339848241,4177,2138,0.5118506104859948
KwaZulu-Natal,Ward 52804003,KZN284,KZN284 - uMlalazi,KZN284 - uMlalazi,3744,2405,0.6423611111111112,3569,1965,0.5505743905855982
KwaZulu-Natal,Ward 52804004,KZN284,KZN284 - uMlalazi,KZN284 - uMlalazi,4292,2744,0.6393289841565704,4145,2150,0.5186972255729795
KwaZulu-Natal,Ward 52804005,KZN284,KZN284 - uMlalazi,KZN284 - uMlalazi,3981,2479,0.6227078623461442,3916,2022,0.5163432073544433
KwaZulu-Natal,Ward 52804006,KZN284,KZN284 - uMlalazi,KZN284 - uMlalazi,3837,2413,0.6288767266093302,3770,1921,0.5095490716180371
KwaZulu-Natal,Ward 52804007,KZN284,KZN284 - uMlalazi,KZN284 - uMlalazi,3692,2326,0.6300108342361863,3668,1944,0.529989094874591
KwaZulu-Natal,Ward 52804008,KZN284,KZN284 - uMlalazi,KZN284 - uMlalazi,4785,3030,0.6332288401253918,4426,2109,0.4765024853140533
KwaZulu-Natal,Ward 52804009,KZN284,KZN284 - uMlalazi,KZN284 - uMlalazi,3663,2332,0.6366366366366366,4129,1879,0.4550738677645919
KwaZulu-Natal,Ward 52804010,KZN284,KZN284 - uMlalazi,KZN284 - uMlalazi,4561,2727,0.5978951984213988,3634,1722,0.47385800770500824
KwaZulu-Natal,Ward 52804011,KZN284,KZN284 - uMlalazi,KZN284 - uMlalazi,4612,2632,0.5706851691240243,3775,1901,0.5035761589403973
KwaZulu-Natal,Ward 52804012,KZN284,KZN284 - uMlalazi,KZN284 - uMlalazi,3592,1956,0.544543429844098,3316,1448,0.436670687575392
KwaZulu-Natal,Ward 52804013,KZN284,KZN284 - uMlalazi,KZN284 - uMlalazi,4863,2857,0.5874974295702241,3534,1553,0.43944538766270513
KwaZulu-Natal,Ward 52804014,KZN284,KZN284 - uMlalazi,KZN284 - uMlalazi,4525,2918,0.6448618784530387,4331,2219,0.5123528053567306
KwaZulu-Natal,Ward 52804015,KZN284,KZN284 - uMlalazi,KZN284 - uMlalazi,4573,2988,0.6534003936146949,3672,2042,0.5561002178649237
KwaZulu-Natal,Ward 52804016,KZN284,KZN284 - uMlalazi,KZN284 - uMlalazi,4575,2981,0.6515846994535519,4022,1992,0.49527598209845847
KwaZulu-Natal,Ward 52804017,KZN284,KZN284 - uMlalazi,KZN284 - uMlalazi,4205,2610,0.6206896551724138,4007,2008,0.5011230346892938
KwaZulu-Natal,Ward 52804018,KZN284,KZN284 - uMlalazi,KZN284 - uMlalazi,3477,1929,0.5547886108714409,3424,1534,0.4480140186915888
KwaZulu-Natal,Ward 52804019,KZN284,KZN284 - uMlalazi,KZN284 - uMlalazi,3736,2407,0.6442719486081371,4160,2318,0.5572115384615385
KwaZulu-Natal,Ward 52804020,KZN284,KZN284 - uMlalazi,KZN284 - uMlalazi,4692,3112,0.6632566069906224,4234,2070,0.4888993859234766
KwaZulu-Natal,Ward 52804021,KZN284,KZN284 - uMlalazi,KZN284 - uMlalazi,3493,2258,0.6464357286000573,3718,1694,0.4556213017751479
KwaZulu-Natal,Ward 52804022,KZN284,KZN284 - uMlalazi,KZN284 - uMlalazi,3526,2274,0.6449234259784459,3256,1814,0.5571253071253072
KwaZulu-Natal,Ward 52804023,KZN284,KZN284 - uMlalazi,KZN284 - uMlalazi,3583,2318,0.6469439017583031,3290,1846,0.5610942249240122
KwaZulu-Natal,Ward 52804024,KZN284,KZN284 - uMlalazi,KZN284 - uMlalazi,3714,2368,0.6375875067312871,3862,2206,0.571206628689798
KwaZulu-Natal,Ward 52804025,KZN284,KZN284 - uMlalazi,KZN284 - uMlalazi,3575,2442,0.683076923076923,3687,2146,0.5820450230539734
KwaZulu-Natal,Ward 52804026,KZN284,KZN284 - uMlalazi,KZN284 - uMlalazi,4480,2897,0.6466517857142857,4200,1972,0.4695238095238095
KwaZulu-Natal,Ward 52804027,KZN284,KZN284 - uMlalazi,KZN284 - uMlalazi,3103,2022,0.6516274572993876,3549,1700,0.47900817131586365
KwaZulu-Natal,Ward 52805001,KZN285,KZN285 - Mthonjaneni,KZN285 - Mthonjaneni,3934,2613,0.6642094560244026,3521,1843,0.5234308435103664
KwaZulu-Natal,Ward 52805002,KZN285,KZN285 - Mthonjaneni,KZN285 - Mthonjaneni,3288,2066,0.628345498783455,3586,1612,0.4495259341885109
KwaZulu-Natal,Ward 52805003,KZN285,KZN285 - Mthonjaneni,KZN285 - Mthonjaneni,3680,2121,0.5763586956521739,3545,1646,0.46431593794076165
KwaZulu-Natal,Ward 52805004,KZN285,KZN285 - Mthonjaneni,KZN285 - Mthonjaneni,2955,1758,0.5949238578680203,2975,1505,0.5058823529411764
KwaZulu-Natal,Ward 52805005,KZN285,KZN285 - Mthonjaneni,KZN285 - Mthonjaneni,3321,2136,0.6431797651309846,3368,1825,0.5418646080760094
KwaZulu-Natal,Ward 52805006,KZN285,KZN285 - Mthonjaneni,KZN285 - Mthonjaneni,3068,2020,0.6584093872229465,3604,1965,0.545227524972253
KwaZulu-Natal,Ward 52805007,KZN285,KZN285 - Mthonjaneni,KZN285 - Mthonjaneni,3799,2418,0.6364832850750197,3647,1905,0.5223471346312037
KwaZulu-Natal,Ward 52805008,KZN285,KZN285 - Mthonjaneni,KZN285 - Mthonjaneni,3525,2233,0.6334751773049645,3405,1695,0.4977973568281938
KwaZulu-Natal,Ward 52805009,KZN285,KZN285 - Mthonjaneni,KZN285 - Mthonjaneni,3909,2455,0.6280378613456127,3478,1907,0.5483036227717079
KwaZulu-Natal,Ward 52805010,KZN285,KZN285 - Mthonjaneni,KZN285 - Mthonjaneni,3854,2439,0.6328489880643487,4052,2107,0.519990128331688
KwaZulu-Natal,Ward 52805011,KZN285,KZN285 - Mthonjaneni,KZN285 - Mthonjaneni,3072,2012,0.6549479166666666,3208,1678,0.523067331670823
KwaZulu-Natal,Ward 52805012,KZN285,KZN285 - Mthonjaneni,KZN285 - Mthonjaneni,3069,1637,0.5333985011404366,3931,1975,0.502416687865683
KwaZulu-Natal,Ward 52805013,KZN285,KZN285 - Mthonjaneni,KZN285 - Mthonjaneni,3088,2039,0.6602979274611399,3088,1782,0.5770725388601037
KwaZulu-Natal,Ward 52806001,KZN286,KZN286 - Nkandla,KZN286 - Nkandla,4713,3042,0.645448758752387,4772,2800,0.586756077116513
KwaZulu-Natal,Ward 52806002,KZN286,KZN286 - Nkandla,KZN286 - Nkandla,3519,2216,0.6297243535095197,3641,1866,0.5124965668772316
KwaZulu-Natal,Ward 52806003,KZN286,KZN286 - Nkandla,KZN286 - Nkandla,3746,2408,0.6428190069407368,3628,1857,0.5118522601984564
KwaZulu-Natal,Ward 52806004,KZN286,KZN286 - Nkandla,KZN286 - Nkandla,3887,2440,0.6277334705428351,3786,1964,0.5187533016376122
KwaZulu-Natal,Ward 52806005,KZN286,KZN286 - Nkandla,KZN286 - Nkandla,4628,2987,0.6454191875540191,4917,2589,0.5265405735204393
KwaZulu-Natal,Ward 52806006,KZN286,KZN286 - Nkandla,KZN286 - Nkandla,4439,3081,0.6940752421716603,4624,2800,0.6055363321799307
KwaZulu-Natal,Ward 52806007,KZN286,KZN286 - Nkandla,KZN286 - Nkandla,3788,2649,0.6993136219640972,3845,2537,0.659817945383615
KwaZulu-Natal,Ward 52806008,KZN286,KZN286 - Nkandla,KZN286 - Nkandla,3613,2240,0.6199833933019652,3967,1970,0.4965969246281825
KwaZulu-Natal,Ward 52806009,KZN286,KZN286 - Nkandla,KZN286 - Nkandla,4281,2919,0.6818500350385424,4609,2588,0.5615100889563897
KwaZulu-Natal,Ward 52806010,KZN286,KZN286 - Nkandla,KZN286 - Nkandla,4090,2726,0.6665036674816626,3566,2038,0.5715086932136848
KwaZulu-Natal,Ward 52806011,KZN286,KZN286 - Nkandla,KZN286 - Nkandla,3716,2651,0.7134015069967707,4569,2649,0.5797767564018385
KwaZulu-Natal,Ward 52806012,KZN286,KZN286 - Nkandla,KZN286 - Nkandla,4259,2937,0.6895984972998357,4205,2340,0.5564803804994055
KwaZulu-Natal,Ward 52806013,KZN286,KZN286 - Nkandla,KZN286 - Nkandla,4586,2953,0.6439162668992586,5007,2930,0.585180746954264
KwaZulu-Natal,Ward 52806014,KZN286,KZN286 - Nkandla,KZN286 - Nkandla,4441,2762,0.6219319972979058,4701,2498,0.5313763029142735
KwaZulu-Natal,Ward 52901001,KZN291,KZN291 - Mandeni,KZN291 - Mandeni,4403,2875,0.6529638882580059,4634,2720,0.586965904186448
KwaZulu-Natal,Ward 52901002,KZN291,KZN291 - Mandeni,KZN291 - Mandeni,4291,2876,0.6702400372873456,4714,2458,0.5214255409418753
KwaZulu-Natal,Ward 52901003,KZN291,KZN291 - Mandeni,KZN291 - Mandeni,4532,2578,0.5688437775816416,4465,1835,0.41097424412094063
KwaZulu-Natal,Ward 52901004,KZN291,KZN291 - Mandeni,KZN291 - Mandeni,4267,2883,0.6756503398172018,4574,2251,0.4921294271972016
KwaZulu-Natal,Ward 52901005,KZN291,KZN291 - Mandeni,KZN291 - Mandeni,4309,2734,0.6344859596194012,4486,2467,0.5499331252786447
KwaZulu-Natal,Ward 52901006,KZN291,KZN291 - Mandeni,KZN291 - Mandeni,3835,2368,0.6174706649282921,3761,1991,0.5293804839138527
KwaZulu-Natal,Ward 52901007,KZN291,KZN291 - Mandeni,KZN291 - Mandeni,4618,2677,0.57968817669987,4556,1909,0.41900790166812996
KwaZulu-Natal,Ward 52901008,KZN291,KZN291 - Mandeni,KZN291 - Mandeni,4489,2769,0.6168411672978391,4470,2349,0.525503355704698
KwaZulu-Natal,Ward 52901009,KZN291,KZN291 - Mandeni,KZN291 - Mandeni,4748,3157,0.6649115417017691,4596,1965,0.4275456919060052
KwaZulu-Natal,Ward 52901010,KZN291,KZN291 - Mandeni,KZN291 - Mandeni,4131,2631,0.6368917937545389,5008,2423,0.4838258785942492
KwaZulu-Natal,Ward 52901011,KZN291,KZN291 - Mandeni,KZN291 - Mandeni,2349,1588,0.6760323541932738,4174,2060,0.49353138476281744
KwaZulu-Natal,Ward 52901012,KZN291,KZN291 - Mandeni,KZN291 - Mandeni,5455,3555,0.6516956920256646,4027,1839,0.4566674944127142
KwaZulu-Natal,Ward 52901013,KZN291,KZN291 - Mandeni,KZN291 - Mandeni,3126,1864,0.5962891874600128,3205,1349,0.42090483619344776
KwaZulu-Natal,Ward 52901014,KZN291,KZN291 - Mandeni,KZN291 - Mandeni,3875,2320,0.5987096774193549,3744,1582,0.42254273504273504
KwaZulu-Natal,Ward 52901015,KZN291,KZN291 - Mandeni,KZN291 - Mandeni,3146,1754,0.5575333757151939,3311,1335,0.40320144971307764
KwaZulu-Natal,Ward 52901016,KZN291,KZN291 - Mandeni,KZN291 - Mandeni,3639,2132,0.5858752404506733,3440,1363,0.39622093023255817
KwaZulu-Natal,Ward 52901017,KZN291,KZN291 - Mandeni,KZN291 - Mandeni,3520,1942,0.5517045454545455,3691,1385,0.375237063126524
KwaZulu-Natal,Ward 52901018,KZN291,KZN291 - Mandeni,KZN291 - Mandeni,4370,2408,0.5510297482837528,3838,1468,0.3824908806670141
KwaZulu-Natal,Ward 52902001,KZN292,KZN292 - KwaDukuza,KZN292 - KwaDukuza,3831,2573,0.671626207256591,4425,2567,0.5801129943502825
KwaZulu-Natal,Ward 52902002,KZN292,KZN292 - KwaDukuza,KZN292 - KwaDukuza,4405,3068,0.6964812712826334,4416,2774,0.6281702898550725
KwaZulu-Natal,Ward 52902003,KZN292,KZN292 - KwaDukuza,KZN292 - KwaDukuza,4847,3079,0.6352382917268413,4672,2476,0.5299657534246576
KwaZulu-Natal,Ward 52902004,KZN292,KZN292 - KwaDukuza,KZN292 - KwaDukuza,5778,3759,0.6505711318795431,5931,2240,0.3776766143989209
KwaZulu-Natal,Ward 52902005,KZN292,KZN292 - KwaDukuza,KZN292 - KwaDukuza,4276,3057,0.7149204864359214,4776,2857,0.5981993299832495
KwaZulu-Natal,Ward 52902006,KZN292,KZN292 - KwaDukuza,KZN292 - KwaDukuza,4055,2743,0.6764488286066584,4370,2128,0.48695652173913045
KwaZulu-Natal,Ward 52902007,KZN292,KZN292 - KwaDukuza,KZN292 - KwaDukuza,4010,2777,0.6925187032418952,3750,2289,0.6104
KwaZulu-Natal,Ward 52902008,KZN292,KZN292 - KwaDukuza,KZN292 - KwaDukuza,4147,2252,0.5430431637328189,4193,2094,0.4994037681850704
KwaZulu-Natal,Ward 52902009,KZN292,KZN292 - KwaDukuza,KZN292 - KwaDukuza,4101,2963,0.7225067056815411,4385,2408,0.5491448118586089
KwaZulu-Natal,Ward 52902010,KZN292,KZN292 - KwaDukuza,KZN292 - KwaDukuza,3395,2080,0.6126656848306333,4801,2554,0.5319725057279734
KwaZulu-Natal,Ward 52902011,KZN292,KZN292 - KwaDukuza,KZN292 - KwaDukuza,4633,3380,0.729548888409238,5021,2956,0.5887273451503684
KwaZulu-Natal,Ward 52902012,KZN292,KZN292 - KwaDukuza,KZN292 - KwaDukuza,4083,2670,0.6539309331373989,4227,1933,0.45729832032174117
KwaZulu-Natal,Ward 52902013,KZN292,KZN292 - KwaDukuza,KZN292 - KwaDukuza,5269,3030,0.5750616815334978,5343,2722,0.50945161894067
KwaZulu-Natal,Ward 52902014,KZN292,KZN292 - KwaDukuza,KZN292 - KwaDukuza,4244,2776,0.6540999057492931,4348,2123,0.48827046918123274
KwaZulu-Natal,Ward 52902015,KZN292,KZN292 - KwaDukuza,KZN292 - KwaDukuza,5547,3550,0.6399855777897963,5691,2766,0.4860305745914602
KwaZulu-Natal,Ward 52902016,KZN292,KZN292 - KwaDukuza,KZN292 - KwaDukuza,5688,3366,0.5917721518987342,6026,3171,0.5262197145701958
KwaZulu-Natal,Ward 52902017,KZN292,KZN292 - KwaDukuza,KZN292 - KwaDukuza,4415,2641,0.5981879954699887,4192,2140,0.5104961832061069
KwaZulu-Natal,Ward 52902018,KZN292,KZN292 - KwaDukuza,KZN292 - KwaDukuza,3982,2758,0.6926167754897037,4231,2308,0.5454975183171827
KwaZulu-Natal,Ward 52902019,KZN292,KZN292 - KwaDukuza,KZN292 - KwaDukuza,5000,2814,0.5628,5159,2314,0.4485365380887769
KwaZulu-Natal,Ward 52902020,KZN292,KZN292 - KwaDukuza,KZN292 - KwaDukuza,3892,2476,0.6361767728674204,4456,2614,0.5866247755834829
KwaZulu-Natal,Ward 52902021,KZN292,KZN292 - KwaDukuza,KZN292 - KwaDukuza,5086,3720,0.7314195831694849,4031,2113,0.5241875465145125
KwaZulu-Natal,Ward 52902022,KZN292,KZN292 - KwaDukuza,KZN292 - KwaDukuza,4679,3642,0.7783714468903612,6010,4009,0.6670549084858569
KwaZulu-Natal,Ward 52902023,KZN292,KZN292 - KwaDukuza,KZN292 - KwaDukuza,5424,3745,0.6904498525073747,4604,2616,0.5682015638575152
KwaZulu-Natal,Ward 52902024,KZN292,KZN292 - KwaDukuza,KZN292 - KwaDukuza,4643,3243,0.6984708162825759,4525,2251,0.4974585635359116
KwaZulu-Natal,Ward 52902025,KZN292,KZN292 - KwaDukuza,KZN292 - KwaDukuza,3939,2639,0.66996699669967,4186,2239,0.534878165312948
KwaZulu-Natal,Ward 52902026,KZN292,KZN292 - KwaDukuza,KZN292 - KwaDukuza,3245,2095,0.6456086286594761,3474,1768,0.5089234312032239
KwaZulu-Natal,Ward 52902027,KZN292,KZN292 - KwaDukuza,KZN292 - KwaDukuza,3690,2516,0.6818428184281843,4134,2600,0.6289308176100629
KwaZulu-Natal,Ward 52902028,KZN292,KZN292 - KwaDukuza,KZN292 - KwaDukuza,3664,2364,0.6451965065502183,4130,2166,0.524455205811138
KwaZulu-Natal,Ward 52902029,KZN292,KZN292 - KwaDukuza,KZN292 - KwaDukuza,4506,3420,0.758988015978695,3542,2058,0.5810276679841897
KwaZulu-Natal,Ward 52903001,KZN293,KZN293 - Ndwedwe,KZN293 - Ndwedwe,3415,2089,0.6117130307467057,3369,1727,0.5126150192935589
KwaZulu-Natal,Ward 52903002,KZN293,KZN293 - Ndwedwe,KZN293 - Ndwedwe,3329,2101,0.6311204565935716,3486,1742,0.49971313826735514
KwaZulu-Natal,Ward 52903003,KZN293,KZN293 - Ndwedwe,KZN293 - Ndwedwe,3532,2191,0.6203284258210645,4185,2371,0.5665471923536439
KwaZulu-Natal,Ward 52903004,KZN293,KZN293 - Ndwedwe,KZN293 - Ndwedwe,3292,2037,0.6187727825030377,3231,1685,0.5215103683070257
KwaZulu-Natal,Ward 52903005,KZN293,KZN293 - Ndwedwe,KZN293 - Ndwedwe,3900,2258,0.578974358974359,3888,2214,0.5694444444444444
KwaZulu-Natal,Ward 52903006,KZN293,KZN293 - Ndwedwe,KZN293 - Ndwedwe,3494,2218,0.6348025186033199,3220,1477,0.45869565217391306
KwaZulu-Natal,Ward 52903007,KZN293,KZN293 - Ndwedwe,KZN293 - Ndwedwe,3033,1915,0.631388064622486,3079,1839,0.5972718415069828
KwaZulu-Natal,Ward 52903008,KZN293,KZN293 - Ndwedwe,KZN293 - Ndwedwe,3772,2542,0.6739130434782609,3849,2203,0.5723564562223954
KwaZulu-Natal,Ward 52903009,KZN293,KZN293 - Ndwedwe,KZN293 - Ndwedwe,3977,2537,0.6379180286648227,3985,2029,0.5091593475533249
KwaZulu-Natal,Ward 52903010,KZN293,KZN293 - Ndwedwe,KZN293 - Ndwedwe,3441,2267,0.6588201104330137,3478,2134,0.6135710178263369
KwaZulu-Natal,Ward 52903011,KZN293,KZN293 - Ndwedwe,KZN293 - Ndwedwe,4234,3075,0.7262635805384978,3428,2344,0.6837806301050176
KwaZulu-Natal,Ward 52903012,KZN293,KZN293 - Ndwedwe,KZN293 - Ndwedwe,4568,3352,0.7338003502626971,4980,2937,0.5897590361445784
KwaZulu-Natal,Ward 52903013,KZN293,KZN293 - Ndwedwe,KZN293 - Ndwedwe,4478,2871,0.6411344350156319,3841,2014,0.5243426191096069
KwaZulu-Natal,Ward 52903014,KZN293,KZN293 - Ndwedwe,KZN293 - Ndwedwe,4392,2860,0.651183970856102,4288,2069,0.482509328358209
KwaZulu-Natal,Ward 52903015,KZN293,KZN293 - Ndwedwe,KZN293 - Ndwedwe,4251,2666,0.6271465537520583,4376,2122,0.48491773308957953
KwaZulu-Natal,Ward 52903016,KZN293,KZN293 - Ndwedwe,KZN293 - Ndwedwe,3604,2333,0.6473362930077692,3750,2475,0.66
KwaZulu-Natal,Ward 52903017,KZN293,KZN293 - Ndwedwe,KZN293 - Ndwedwe,4002,2385,0.595952023988006,4082,2051,0.5024497795198433
KwaZulu-Natal,Ward 52903018,KZN293,KZN293 - Ndwedwe,KZN293 - Ndwedwe,3811,2352,0.6171608501705589,4578,2056,0.4491044124071647
KwaZulu-Natal,Ward 52903019,KZN293,KZN293 - Ndwedwe,KZN293 - Ndwedwe,4326,2814,0.6504854368932039,4275,2483,0.5808187134502923
KwaZulu-Natal,Ward 52904001,KZN294,KZN294 - Maphumulo,KZN294 - Maphumulo,4137,2469,0.59680928208847,4133,2152,0.5206871521896927
KwaZulu-Natal,Ward 52904002,KZN294,KZN294 - Maphumulo,KZN294 - Maphumulo,4633,2924,0.6311245413339089,4706,2658,0.5648108797280068
KwaZulu-Natal,Ward 52904003,KZN294,KZN294 - Maphumulo,KZN294 - Maphumulo,3569,2197,0.6155785934435416,3607,1994,0.5528139728306072
KwaZulu-Natal,Ward 52904004,KZN294,KZN294 - Maphumulo,KZN294 - Maphumulo,5168,3458,0.6691176470588235,3863,2248,0.5819311415997929
KwaZulu-Natal,Ward 52904005,KZN294,KZN294 - Maphumulo,KZN294 - Maphumulo,5019,3377,0.6728431958557481,4480,2369,0.5287946428571428
KwaZulu-Natal,Ward 52904006,KZN294,KZN294 - Maphumulo,KZN294 - Maphumulo,4723,2950,0.6246030065636248,3696,2082,0.5633116883116883
KwaZulu-Natal,Ward 52904007,KZN294,KZN294 - Maphumulo,KZN294 - Maphumulo,3918,2337,0.5964777947932619,4126,2157,0.5227823557925352
KwaZulu-Natal,Ward 52904008,KZN294,KZN294 - Maphumulo,KZN294 - Maphumulo,4656,2753,0.5912800687285223,4581,2658,0.5802226588081205
KwaZulu-Natal,Ward 52904009,KZN294,KZN294 - Maphumulo,KZN294 - Maphumulo,4647,2897,0.623412954594362,4674,2656,0.5682498930252461
KwaZulu-Natal,Ward 52904010,KZN294,KZN294 - Maphumulo,KZN294 - Maphumulo,4811,2904,0.6036167117023488,4282,2155,0.5032695002335358
KwaZulu-Natal,Ward 52904011,KZN294,KZN294 - Maphumulo,KZN294 - Maphumulo,4175,2607,0.6244311377245509,3670,1956,0.5329700272479564
KwaZulu-Natal,Ward 54303001,KZN433,KZN433 - Greater Kokstad,KZN433 - Greater Kokstad,4229,2179,0.5152518325845353,4078,1894,0.46444335458558117
KwaZulu-Natal,Ward 54303002,KZN433,KZN433 - Greater Kokstad,KZN433 - Greater Kokstad,3984,2415,0.6061746987951807,4306,2404,0.5582907570831398
KwaZulu-Natal,Ward 54303003,KZN433,KZN433 - Greater Kokstad,KZN433 - Greater Kokstad,4639,2114,0.4557016598404829,4628,1841,0.39779602420051857
KwaZulu-Natal,Ward 54303004,KZN433,KZN433 - Greater Kokstad,KZN433 - Greater Kokstad,3916,2054,0.524514811031665,4061,2026,0.4988918985471559
KwaZulu-Natal,Ward 54303005,KZN433,KZN433 - Greater Kokstad,KZN433 - Greater Kokstad,3441,1717,0.4989828538215635,3526,1645,0.4665343165059558
KwaZulu-Natal,Ward 54303006,KZN433,KZN433 - Greater Kokstad,KZN433 - Greater Kokstad,3577,2264,0.6329326251048365,3782,2021,0.5343733474352195
KwaZulu-Natal,Ward 54303007,KZN433,KZN433 - Greater Kokstad,KZN433 - Greater Kokstad,4516,2248,0.4977856510186005,6816,2516,0.36913145539906106
KwaZulu-Natal,Ward 54303008,KZN433,KZN433 - Greater Kokstad,KZN433 - Greater Kokstad,3787,1989,0.5252178505413256,3756,1570,0.4179978700745474
KwaZulu-Natal,Ward 54303009,KZN433,KZN433 - Greater Kokstad,KZN433 - Greater Kokstad,4795,2779,0.5795620437956205,5204,2744,0.5272867025365103
KwaZulu-Natal,Ward 54303010,KZN433,KZN433 - Greater Kokstad,KZN433 - Greater Kokstad,5285,3016,0.5706717123935667,3534,1930,0.5461233729485003
KwaZulu-Natal,Ward 54304001,KZN434,KZN434 - Ubuhlebezwe,KZN434 - uBuhlebezwe,3528,2332,0.6609977324263039,3689,2160,0.5855245323936026
KwaZulu-Natal,Ward 54304002,KZN434,KZN434 - Ubuhlebezwe,KZN434 - uBuhlebezwe,4208,2410,0.5727186311787072,4152,1933,0.4655587668593449
KwaZulu-Natal,Ward 54304003,KZN434,KZN434 - Ubuhlebezwe,KZN434 - uBuhlebezwe,4937,3473,0.7034636418877861,4824,2671,0.5536898839137645
KwaZulu-Natal,Ward 54304004,KZN434,KZN434 - Ubuhlebezwe,KZN434 - uBuhlebezwe,4812,2986,0.6205320033250208,4725,2287,0.484021164021164
KwaZulu-Natal,Ward 54304005,KZN434,KZN434 - Ubuhlebezwe,KZN434 - uBuhlebezwe,3683,2394,0.6500135758892207,3874,2208,0.5699535363964894
KwaZulu-Natal,Ward 54304006,KZN434,KZN434 - Ubuhlebezwe,KZN434 - uBuhlebezwe,4175,2609,0.6249101796407186,4065,2076,0.5107011070110701
KwaZulu-Natal,Ward 54304007,KZN434,KZN434 - Ubuhlebezwe,KZN434 - uBuhlebezwe,4335,2608,0.6016147635524798,4288,1862,0.43423507462686567
KwaZulu-Natal,Ward 54304008,KZN434,KZN434 - Ubuhlebezwe,KZN434 - uBuhlebezwe,4910,3119,0.6352342158859471,4449,2046,0.4598786244099798
KwaZulu-Natal,Ward 54304009,KZN434,KZN434 - Ubuhlebezwe,KZN434 - uBuhlebezwe,3453,2385,0.6907037358818419,3731,2458,0.6588046100241223
KwaZulu-Natal,Ward 54304010,KZN434,KZN434 - Ubuhlebezwe,KZN434 - uBuhlebezwe,3701,2289,0.6184814914887868,4247,2479,0.5837061455144809
KwaZulu-Natal,Ward 54304011,KZN434,KZN434 - Ubuhlebezwe,KZN434 - uBuhlebezwe,4282,2955,0.6900980850070061,4289,2445,0.5700629517370016
KwaZulu-Natal,Ward 54304012,KZN434,KZN434 - Ubuhlebezwe,KZN434 - uBuhlebezwe,4278,2858,0.6680691912108462,4568,2367,0.5181698774080561
KwaZulu-Natal,Ward 54304013,KZN434,KZN434 - Ubuhlebezwe,KZN434 - uBuhlebezwe,3449,2093,0.606842563061757,2537,1300,0.5124162396531337
KwaZulu-Natal,Ward 54304014,KZN434,KZN434 - Ubuhlebezwe,KZN434 - uBuhlebezwe,3648,2258,0.6189692982456141,4113,2198,0.5344031120836372
KwaZulu-Natal,Ward 54305001,KZN435,KZN435 - Umzimkhulu,KZN435 - uMzimkhulu,4733,2361,0.4988379463342489,4318,2548,0.5900880037054191
KwaZulu-Natal,Ward 54305002,KZN435,KZN435 - Umzimkhulu,KZN435 - uMzimkhulu,4607,2097,0.4551769047102236,4474,2001,0.44725078229772014
KwaZulu-Natal,Ward 54305003,KZN435,KZN435 - Umzimkhulu,KZN435 - uMzimkhulu,3885,2269,0.584041184041184,4366,2195,0.5027485112230875
KwaZulu-Natal,Ward 54305004,KZN435,KZN435 - Umzimkhulu,KZN435 - uMzimkhulu,4349,2379,0.547022303977926,4308,2438,0.5659238625812442
KwaZulu-Natal,Ward 54305005,KZN435,KZN435 - Umzimkhulu,KZN435 - uMzimkhulu,3686,2361,0.6405317417254477,3551,1942,0.5468882005068995
KwaZulu-Natal,Ward 54305006,KZN435,KZN435 - Umzimkhulu,KZN435 - uMzimkhulu,3779,2195,0.5808414924583223,4035,2112,0.5234200743494424
KwaZulu-Natal,Ward 54305007,KZN435,KZN435 - Umzimkhulu,KZN435 - uMzimkhulu,3857,2401,0.6225045372050817,3857,2156,0.558983666061706
KwaZulu-Natal,Ward 54305008,KZN435,KZN435 - Umzimkhulu,KZN435 - uMzimkhulu,4173,2585,0.6194584231967409,4144,1971,0.47562741312741313
KwaZulu-Natal,Ward 54305009,KZN435,KZN435 - Umzimkhulu,KZN435 - uMzimkhulu,3646,2188,0.6001097092704334,3483,1678,0.48176859029572205
KwaZulu-Natal,Ward 54305010,KZN435,KZN435 - Umzimkhulu,KZN435 - uMzimkhulu,4568,2749,0.6017950963222417,4382,2387,0.5447284345047924
KwaZulu-Natal,Ward 54305011,KZN435,KZN435 - Umzimkhulu,KZN435 - uMzimkhulu,4093,2301,0.5621793305643782,3903,1703,0.4363310274148091
KwaZulu-Natal,Ward 54305012,KZN435,KZN435 - Umzimkhulu,KZN435 - uMzimkhulu,3884,2265,0.5831616889804325,3747,1879,0.5014678409394182
KwaZulu-Natal,Ward 54305013,KZN435,KZN435 - Umzimkhulu,KZN435 - uMzimkhulu,4315,2592,0.6006952491309386,4409,2096,0.475391245180313
KwaZulu-Natal,Ward 54305014,KZN435,KZN435 - Umzimkhulu,KZN435 - uMzimkhulu,4465,2738,0.6132138857782755,4191,2073,0.49463135289906945
KwaZulu-Natal,Ward 54305015,KZN435,KZN435 - Umzimkhulu,KZN435 - uMzimkhulu,4357,2728,0.6261188891439063,4739,2539,0.5357670394598016
KwaZulu-Natal,Ward 54305016,KZN435,KZN435 - Umzimkhulu,KZN435 - uMzimkhulu,5351,2756,0.5150439170248552,4932,1671,0.33880778588807786
KwaZulu-Natal,Ward 54305017,KZN435,KZN435 - Umzimkhulu,KZN435 - uMzimkhulu,4882,2987,0.6118394100778369,4610,2011,0.43622559652928417
KwaZulu-Natal,Ward 54305018,KZN435,KZN435 - Umzimkhulu,KZN435 - uMzimkhulu,3737,2287,0.611988225849612,3655,1952,0.53406292749658
KwaZulu-Natal,Ward 54305019,KZN435,KZN435 - Umzimkhulu,KZN435 - uMzimkhulu,3748,2247,0.5995197438633938,2641,1402,0.5308595229079894
KwaZulu-Natal,Ward 54305020,KZN435,KZN435 - Umzimkhulu,KZN435 - uMzimkhulu,4886,3012,0.6164551780597626,4583,2251,0.49116299367226707
KwaZulu-Natal,Ward 54305021,KZN435,KZN435 - Umzimkhulu,KZN435 - uMzimkhulu,3776,2377,0.6295021186440678,4400,2169,0.4929545454545455
KwaZulu-Natal,Ward 54305022,KZN435,KZN435 - Umzimkhulu,KZN435 - uMzimkhulu,3585,2311,0.6446304044630404,3587,1956,0.5453024811820463
KwaZulu-Natal,Ward 54306001,KZN436,KZN436 - Creighton/Underberg,KZN436 - Dr. Nkosazana Dlamini Zuma,3478,2377,0.683438757906843,3628,2203,0.6072216097023153
KwaZulu-Natal,Ward 54306002,KZN436,KZN436 - Creighton/Underberg,KZN436 - Dr. Nkosazana Dlamini Zuma,3248,2139,0.6585591133004927,3300,1800,0.5454545454545454
KwaZulu-Natal,Ward 54306003,KZN436,KZN436 - Creighton/Underberg,KZN436 - Dr. Nkosazana Dlamini Zuma,3530,2163,0.6127478753541077,3393,1518,0.4473916887709991
KwaZulu-Natal,Ward 54306004,KZN436,KZN436 - Creighton/Underberg,KZN436 - Dr. Nkosazana Dlamini Zuma,4181,2844,0.6802200430519014,4334,2340,0.5399169358560222
KwaZulu-Natal,Ward 54306005,KZN436,KZN436 - Creighton/Underberg,KZN436 - Dr. Nkosazana Dlamini Zuma,3517,2249,0.6394654535115155,4395,2495,0.5676905574516496
KwaZulu-Natal,Ward 54306006,KZN436,KZN436 - Creighton/Underberg,KZN436 - Dr. Nkosazana Dlamini Zuma,4858,3376,0.6949361877315767,4306,2689,0.6244774732930795
KwaZulu-Natal,Ward 54306007,KZN436,KZN436 - Creighton/Underberg,KZN436 - Dr. Nkosazana Dlamini Zuma,3756,2710,0.7215122470713525,3851,2381,0.6182809659828616
KwaZulu-Natal,Ward 54306008,KZN436,KZN436 - Creighton/Underberg,KZN436 - Dr. Nkosazana Dlamini Zuma,4335,2853,0.6581314878892733,4360,2608,0.5981651376146789
KwaZulu-Natal,Ward 54306009,KZN436,KZN436 - Creighton/Underberg,KZN436 - Dr. Nkosazana Dlamini Zuma,3823,2568,0.6717237771383731,3930,2135,0.5432569974554707
KwaZulu-Natal,Ward 54306010,KZN436,KZN436 - Creighton/Underberg,KZN436 - Dr. Nkosazana Dlamini Zuma,3316,1967,0.5931845597104946,3495,1877,0.5370529327610872
KwaZulu-Natal,Ward 54306011,KZN436,KZN436 - Creighton/Underberg,KZN436 - Dr. Nkosazana Dlamini Zuma,4050,2456,0.6064197530864197,3865,2043,0.5285899094437257
KwaZulu-Natal,Ward 54306012,KZN436,KZN436 - Creighton/Underberg,KZN436 - Dr. Nkosazana Dlamini Zuma,3389,2170,0.6403068751844202,2938,1621,0.5517358747447243
KwaZulu-Natal,Ward 54306013,KZN436,KZN436 - Creighton/Underberg,KZN436 - Dr. Nkosazana Dlamini Zuma,3562,2348,0.6591802358225716,3586,1914,0.5337423312883436
KwaZulu-Natal,Ward 54306014,KZN436,KZN436 - Creighton/Underberg,KZN436 - Dr. Nkosazana Dlamini Zuma,3855,2492,0.6464332036316472,3855,2045,0.5304798962386511
KwaZulu-Natal,Ward 54306015,KZN436,KZN436 - Creighton/Underberg,KZN436 - Dr. Nkosazana Dlamini Zuma,3631,2350,0.6472046268245663,4100,2194,0.5351219512195122
Limpopo,Ward 93301001,LIM331,LIM331 - Greater Giyani,LIM331 - Greater Giyani,4241,2102,0.49563782126856876,4274,2266,0.5301824988301357
Limpopo,Ward 93301002,LIM331,LIM331 - Greater Giyani,LIM331 - Greater Giyani,3673,1897,0.5164715491423905,3615,1845,0.5103734439834025
Limpopo,Ward 93301003,LIM331,LIM331 - Greater Giyani,LIM331 - Greater Giyani,4004,1985,0.49575424575424576,3763,1501,0.39888386925325536
Limpopo,Ward 93301004,LIM331,LIM331 - Greater Giyani,LIM331 - Greater Giyani,3792,1874,0.4941983122362869,3755,1822,0.485219707057257
Limpopo,Ward 93301005,LIM331,LIM331 - Greater Giyani,LIM331 - Greater Giyani,3899,2197,0.5634778148243139,4105,2077,0.5059683313032887
Limpopo,Ward 93301006,LIM331,LIM331 - Greater Giyani,LIM331 - Greater Giyani,4296,2495,0.5807728119180633,4178,2377,0.5689325035902346
Limpopo,Ward 93301007,LIM331,LIM331 - Greater Giyani,LIM331 - Greater Giyani,4495,2563,0.5701890989988877,4553,2299,0.5049417966176147
Limpopo,Ward 93301008,LIM331,LIM331 - Greater Giyani,LIM331 - Greater Giyani,4154,2308,0.5556090515166104,4054,2172,0.5357671435619141
Limpopo,Ward 93301009,LIM331,LIM331 - Greater Giyani,LIM331 - Greater Giyani,3954,2103,0.5318664643399089,3781,1558,0.4120603015075377
Limpopo,Ward 93301010,LIM331,LIM331 - Greater Giyani,LIM331 - Greater Giyani,4013,2362,0.5885870919511588,4125,2170,0.526060606060606
Limpopo,Ward 93301011,LIM331,LIM331 - Greater Giyani,LIM331 - Greater Giyani,3979,2161,0.5431012817290777,3946,1760,0.44602128737962493
Limpopo,Ward 93301012,LIM331,LIM331 - Greater Giyani,LIM331 - Greater Giyani,4083,2124,0.5202057310800882,4343,2033,0.4681096016578402
Limpopo,Ward 93301013,LIM331,LIM331 - Greater Giyani,LIM331 - Greater Giyani,4909,2776,0.5654919535546955,5048,2048,0.40570522979397783
Limpopo,Ward 93301014,LIM331,LIM331 - Greater Giyani,LIM331 - Greater Giyani,4784,2533,0.5294732441471572,4650,2055,0.44193548387096776
Limpopo,Ward 93301015,LIM331,LIM331 - Greater Giyani,LIM331 - Greater Giyani,3809,2092,0.549225518508795,3825,1882,0.4920261437908497
Limpopo,Ward 93301016,LIM331,LIM331 - Greater Giyani,LIM331 - Greater Giyani,4179,2463,0.589375448671931,3617,1860,0.5142383190489356
Limpopo,Ward 93301017,LIM331,LIM331 - Greater Giyani,LIM331 - Greater Giyani,3501,1946,0.5558411882319337,4149,2301,0.5545914678235719
Limpopo,Ward 93301018,LIM331,LIM331 - Greater Giyani,LIM331 - Greater Giyani,5129,2990,0.5829596412556054,5115,2608,0.5098729227761486
Limpopo,Ward 93301019,LIM331,LIM331 - Greater Giyani,LIM331 - Greater Giyani,3248,1717,0.5286330049261084,4128,1757,0.4256298449612403
Limpopo,Ward 93301020,LIM331,LIM331 - Greater Giyani,LIM331 - Greater Giyani,4022,2119,0.5268523122824466,3880,1731,0.4461340206185567
Limpopo,Ward 93301021,LIM331,LIM331 - Greater Giyani,LIM331 - Greater Giyani,4256,2527,0.59375,4296,2218,0.5162942271880819
Limpopo,Ward 93301022,LIM331,LIM331 - Greater Giyani,LIM331 - Greater Giyani,3907,2081,0.53263373432301,3885,1710,0.44015444015444016
Limpopo,Ward 93301023,LIM331,LIM331 - Greater Giyani,LIM331 - Greater Giyani,4388,2688,0.6125797629899726,3939,1918,0.4869256156384869
Limpopo,Ward 93301024,LIM331,LIM331 - Greater Giyani,LIM331 - Greater Giyani,3819,2103,0.5506677140612726,4275,2100,0.49122807017543857
Limpopo,Ward 93301025,LIM331,LIM331 - Greater Giyani,LIM331 - Greater Giyani,4429,2340,0.5283359674870174,4399,2431,0.5526255967265288
Limpopo,Ward 93301026,LIM331,LIM331 - Greater Giyani,LIM331 - Greater Giyani,4773,2844,0.5958516656191075,4088,2144,0.5244618395303327
Limpopo,Ward 93301027,LIM331,LIM331 - Greater Giyani,LIM331 - Greater Giyani,4035,2232,0.5531598513011152,4085,2100,0.5140758873929009
Limpopo,Ward 93301028,LIM331,LIM331 - Greater Giyani,LIM331 - Greater Giyani,3973,2119,0.5333501132645356,3975,1675,0.42138364779874216
Limpopo,Ward 93301029,LIM331,LIM331 - Greater Giyani,LIM331 - Greater Giyani,4241,2220,0.523461447771752,4830,2433,0.5037267080745341
Limpopo,Ward 93301030,LIM331,LIM331 - Greater Giyani,LIM331 - Greater Giyani,3669,2074,0.565276642136822,3967,1805,0.45500378119485757
Limpopo,Ward 93301031,LIM331,LIM331 - Greater Giyani,LIM331 - Greater Giyani,3282,1726,0.5258988421694089,3139,1505,0.4794520547945205
Limpopo,Ward 93302001,LIM332,LIM332 - Greater Letaba,LIM332 - Greater Letaba,3951,2133,0.5398633257403189,3824,1945,0.5086297071129707
Limpopo,Ward 93302002,LIM332,LIM332 - Greater Letaba,LIM332 - Greater Letaba,3343,1793,0.5363446006580915,3104,1527,0.49194587628865977
Limpopo,Ward 93302003,LIM332,LIM332 - Greater Letaba,LIM332 - Greater Letaba,3137,1643,0.523748804590373,3460,1756,0.507514450867052
Limpopo,Ward 93302004,LIM332,LIM332 - Greater Letaba,LIM332 - Greater Letaba,3564,1909,0.5356341189674523,3599,1851,0.5143095304251181
Limpopo,Ward 93302005,LIM332,LIM332 - Greater Letaba,LIM332 - Greater Letaba,3253,1521,0.46756839840147557,3606,1747,0.4844703272323905
Limpopo,Ward 93302006,LIM332,LIM332 - Greater Letaba,LIM332 - Greater Letaba,3844,1921,0.49973985431841833,3768,1825,0.48434182590233543
Limpopo,Ward 93302007,LIM332,LIM332 - Greater Letaba,LIM332 - Greater Letaba,3740,2012,0.5379679144385027,3699,1821,0.49229521492295214
Limpopo,Ward 93302008,LIM332,LIM332 - Greater Letaba,LIM332 - Greater Letaba,3829,2056,0.5369548184904674,3162,1574,0.49778621125869704
Limpopo,Ward 93302009,LIM332,LIM332 - Greater Letaba,LIM332 - Greater Letaba,3725,1867,0.5012080536912752,3813,1922,0.5040650406504065
Limpopo,Ward 93302010,LIM332,LIM332 - Greater Letaba,LIM332 - Greater Letaba,3918,1980,0.5053598774885145,3720,1634,0.439247311827957
Limpopo,Ward 93302011,LIM332,LIM332 - Greater Letaba,LIM332 - Greater Letaba,3422,1783,0.5210403272939801,3507,1735,0.4947248360422013
Limpopo,Ward 93302012,LIM332,LIM332 - Greater Letaba,LIM332 - Greater Letaba,4065,1971,0.48487084870848707,3726,1742,0.4675254965110038
Limpopo,Ward 93302013,LIM332,LIM332 - Greater Letaba,LIM332 - Greater Letaba,4279,2289,0.5349380696424398,3805,2083,0.5474375821287779
Limpopo,Ward 93302014,LIM332,LIM332 - Greater Letaba,LIM332 - Greater Letaba,3190,1561,0.48934169278996864,4006,1905,0.4755366949575637
Limpopo,Ward 93302015,LIM332,LIM332 - Greater Letaba,LIM332 - Greater Letaba,3994,2110,0.528292438657987,4204,2278,0.5418648905803997
Limpopo,Ward 93302016,LIM332,LIM332 - Greater Letaba,LIM332 - Greater Letaba,3762,1951,0.5186071238702817,3335,1880,0.5637181409295352
Limpopo,Ward 93302017,LIM332,LIM332 - Greater Letaba,LIM332 - Greater Letaba,3926,1916,0.4880285277636271,3907,1842,0.47146147939595595
Limpopo,Ward 93302018,LIM332,LIM332 - Greater Letaba,LIM332 - Greater Letaba,3422,1798,0.5254237288135594,3462,2007,0.5797227036395147
Limpopo,Ward 93302019,LIM332,LIM332 - Greater Letaba,LIM332 - Greater Letaba,3519,1791,0.5089514066496164,4198,2105,0.5014292520247737
Limpopo,Ward 93302020,LIM332,LIM332 - Greater Letaba,LIM332 - Greater Letaba,3916,1828,0.466802860061287,3943,2033,0.5155972609688054
Limpopo,Ward 93302021,LIM332,LIM332 - Greater Letaba,LIM332 - Greater Letaba,3280,1671,0.5094512195121951,3599,1871,0.5198666296193387
Limpopo,Ward 93302022,LIM332,LIM332 - Greater Letaba,LIM332 - Greater Letaba,4408,2534,0.5748638838475499,3784,2136,0.5644820295983086
Limpopo,Ward 93302023,LIM332,LIM332 - Greater Letaba,LIM332 - Greater Letaba,4236,2245,0.5299811142587346,4147,1951,0.47046057390884977
Limpopo,Ward 93302024,LIM332,LIM332 - Greater Letaba,LIM332 - Greater Letaba,3265,1188,0.36385911179173047,4056,2160,0.5325443786982249
Limpopo,Ward 93302025,LIM332,LIM332 - Greater Letaba,LIM332 - Greater Letaba,4035,2119,0.5251548946716234,3856,1830,0.4745850622406639
Limpopo,Ward 93302026,LIM332,LIM332 - Greater Letaba,LIM332 - Greater Letaba,4003,2177,0.5438421184111916,3367,1580,0.46926046926046927
Limpopo,Ward 93302027,LIM332,LIM332 - Greater Letaba,LIM332 - Greater Letaba,3861,2208,0.5718725718725719,3717,2225,0.5986010223298359
Limpopo,Ward 93302028,LIM332,LIM332 - Greater Letaba,LIM332 - Greater Letaba,3326,1718,0.5165363800360794,3264,1689,0.5174632352941176
Limpopo,Ward 93302029,LIM332,LIM332 - Greater Letaba,LIM332 - Greater Letaba,3517,1743,0.4955928348023884,3377,1608,0.4761622742078768
Limpopo,Ward 93302030,LIM332,LIM332 - Greater Letaba,LIM332 - Greater Letaba,3363,1967,0.5848944394885519,3149,1632,0.5182597650047635
Limpopo,Ward 93303001,LIM333,LIM333 - Greater Tzaneen,LIM333 - Greater Tzaneen,5715,2778,0.4860892388451444,5818,2445,0.4202475077346167
Limpopo,Ward 93303002,LIM333,LIM333 - Greater Tzaneen,LIM333 - Greater Tzaneen,5137,2710,0.527545259879307,5724,2715,0.47431865828092246
Limpopo,Ward 93303003,LIM333,LIM333 - Greater Tzaneen,LIM333 - Greater Tzaneen,6259,3691,0.589710816424349,5093,2513,0.49342234439426663
Limpopo,Ward 93303004,LIM333,LIM333 - Greater Tzaneen,LIM333 - Greater Tzaneen,5452,2664,0.4886280264123258,5341,2557,0.4787492978842913
Limpopo,Ward 93303005,LIM333,LIM333 - Greater Tzaneen,LIM333 - Greater Tzaneen,5745,2982,0.5190600522193212,5679,2302,0.4053530551153372
Limpopo,Ward 93303006,LIM333,LIM333 - Greater Tzaneen,LIM333 - Greater Tzaneen,5196,2798,0.5384911470361817,5194,2255,0.43415479399306894
Limpopo,Ward 93303007,LIM333,LIM333 - Greater Tzaneen,LIM333 - Greater Tzaneen,5389,2648,0.49137131193171274,5316,2227,0.4189240030097818
Limpopo,Ward 93303008,LIM333,LIM333 - Greater Tzaneen,LIM333 - Greater Tzaneen,5172,2460,0.4756380510440835,5047,2036,0.4034079651277987
Limpopo,Ward 93303009,LIM333,LIM333 - Greater Tzaneen,LIM333 - Greater Tzaneen,5460,2729,0.4998168498168498,5771,2526,0.43770577023046264
Limpopo,Ward 93303010,LIM333,LIM333 - Greater Tzaneen,LIM333 - Greater Tzaneen,5172,2751,0.5319025522041764,4999,2246,0.4492898579715943
Limpopo,Ward 93303011,LIM333,LIM333 - Greater Tzaneen,LIM333 - Greater Tzaneen,5220,2894,0.5544061302681992,5209,2474,0.47494720675753505
Limpopo,Ward 93303012,LIM333,LIM333 - Greater Tzaneen,LIM333 - Greater Tzaneen,5101,2517,0.4934326602626936,5198,2258,0.43439784532512504
Limpopo,Ward 93303013,LIM333,LIM333 - Greater Tzaneen,LIM333 - Greater Tzaneen,5075,2434,0.47960591133004926,5153,1907,0.3700756840675335
Limpopo,Ward 93303014,LIM333,LIM333 - Greater Tzaneen,LIM333 - Greater Tzaneen,6365,3858,0.606127258444619,5914,2816,0.47615826851538723
Limpopo,Ward 93303015,LIM333,LIM333 - Greater Tzaneen,LIM333 - Greater Tzaneen,5833,3248,0.5568318189610835,5471,2579,0.47139462621093037
Limpopo,Ward 93303016,LIM333,LIM333 - Greater Tzaneen,LIM333 - Greater Tzaneen,5548,2882,0.5194664744051911,5724,2316,0.40461215932914046
Limpopo,Ward 93303017,LIM333,LIM333 - Greater Tzaneen,LIM333 - Greater Tzaneen,5366,2219,0.41352963101006335,5104,2087,0.4088949843260188
Limpopo,Ward 93303018,LIM333,LIM333 - Greater Tzaneen,LIM333 - Greater Tzaneen,5268,2862,0.5432801822323462,5347,2019,0.3775949130353469
Limpopo,Ward 93303019,LIM333,LIM333 - Greater Tzaneen,LIM333 - Greater Tzaneen,5090,2611,0.5129666011787819,4773,1960,0.4106432013408758
Limpopo,Ward 93303020,LIM333,LIM333 - Greater Tzaneen,LIM333 - Greater Tzaneen,4749,2234,0.4704148241735102,4767,1615,0.3387874973778057
Limpopo,Ward 93303021,LIM333,LIM333 - Greater Tzaneen,LIM333 - Greater Tzaneen,4497,2235,0.4969979986657772,4556,1792,0.3933274802458297
Limpopo,Ward 93303022,LIM333,LIM333 - Greater Tzaneen,LIM333 - Greater Tzaneen,4982,2406,0.48293857888398234,5674,2552,0.4497708847373987
Limpopo,Ward 93303023,LIM333,LIM333 - Greater Tzaneen,LIM333 - Greater Tzaneen,4633,2338,0.5046406216274553,4567,1911,0.4184366104663893
Limpopo,Ward 93303024,LIM333,LIM333 - Greater Tzaneen,LIM333 - Greater Tzaneen,5656,2984,0.5275813295615276,5452,2212,0.4057226705796038
Limpopo,Ward 93303025,LIM333,LIM333 - Greater Tzaneen,LIM333 - Greater Tzaneen,5585,2750,0.4923903312444047,4734,1841,0.3888888888888889
Limpopo,Ward 93303026,LIM333,LIM333 - Greater Tzaneen,LIM333 - Greater Tzaneen,4660,2546,0.5463519313304721,4515,2163,0.4790697674418605
Limpopo,Ward 93303027,LIM333,LIM333 - Greater Tzaneen,LIM333 - Greater Tzaneen,5518,2894,0.5244653860094237,5232,2052,0.3922018348623853
Limpopo,Ward 93303028,LIM333,LIM333 - Greater Tzaneen,LIM333 - Greater Tzaneen,5785,2639,0.45617977528089887,5634,2310,0.410010649627263
Limpopo,Ward 93303029,LIM333,LIM333 - Greater Tzaneen,LIM333 - Greater Tzaneen,4786,2441,0.5100292519849561,4783,1860,0.3888772736776082
Limpopo,Ward 93303030,LIM333,LIM333 - Greater Tzaneen,LIM333 - Greater Tzaneen,4431,2255,0.5089144662604378,4585,2061,0.4495092693565976
Limpopo,Ward 93303031,LIM333,LIM333 - Greater Tzaneen,LIM333 - Greater Tzaneen,5860,3104,0.5296928327645051,5655,2754,0.4870026525198939
Limpopo,Ward 93303032,LIM333,LIM333 - Greater Tzaneen,LIM333 - Greater Tzaneen,4397,2071,0.47100295656129176,4761,2429,0.5101869355177484
Limpopo,Ward 93303033,LIM333,LIM333 - Greater Tzaneen,LIM333 - Greater Tzaneen,4972,2642,0.5313757039420757,4817,2381,0.4942910525223168
Limpopo,Ward 93303034,LIM333,LIM333 - Greater Tzaneen,LIM333 - Greater Tzaneen,5318,3069,0.5770966528770214,5307,3152,0.5939325419257584
Limpopo,Ward 93303035,LIM333,LIM333 - Greater Tzaneen,LIM333 - Greater Tzaneen,4932,2480,0.5028386050283861,5473,2410,0.4403435044765211
Limpopo,Ward 93304001,LIM334,LIM334 - Ba-Phalaborwa,LIM334 - Ba-Phalaborwa,3732,1848,0.49517684887459806,4288,1632,0.3805970149253731
Limpopo,Ward 93304002,LIM334,LIM334 - Ba-Phalaborwa,LIM334 - Ba-Phalaborwa,4522,2601,0.575187969924812,4001,1707,0.4266433391652087
Limpopo,Ward 93304003,LIM334,LIM334 - Ba-Phalaborwa,LIM334 - Ba-Phalaborwa,3917,1840,0.4697472555527189,3973,1482,0.3730178706267304
Limpopo,Ward 93304004,LIM334,LIM334 - Ba-Phalaborwa,LIM334 - Ba-Phalaborwa,2998,1252,0.4176117411607739,3285,1177,0.3582952815829528
Limpopo,Ward 93304005,LIM334,LIM334 - Ba-Phalaborwa,LIM334 - Ba-Phalaborwa,3435,1433,0.4171761280931587,3444,1121,0.3254936120789779
Limpopo,Ward 93304006,LIM334,LIM334 - Ba-Phalaborwa,LIM334 - Ba-Phalaborwa,3405,1691,0.49662261380323053,3844,1647,0.4284599375650364
Limpopo,Ward 93304007,LIM334,LIM334 - Ba-Phalaborwa,LIM334 - Ba-Phalaborwa,3729,1948,0.5223920622150711,3855,1554,0.4031128404669261
Limpopo,Ward 93304008,LIM334,LIM334 - Ba-Phalaborwa,LIM334 - Ba-Phalaborwa,3970,2028,0.510831234256927,4572,1909,0.4175415573053368
Limpopo,Ward 93304009,LIM334,LIM334 - Ba-Phalaborwa,LIM334 - Ba-Phalaborwa,4003,2320,0.5795653260054959,4043,1964,0.48577788770714814
Limpopo,Ward 93304010,LIM334,LIM334 - Ba-Phalaborwa,LIM334 - Ba-Phalaborwa,3193,1830,0.5731287190729721,3724,2321,0.6232545649838883
Limpopo,Ward 93304011,LIM334,LIM334 - Ba-Phalaborwa,LIM334 - Ba-Phalaborwa,4165,1983,0.47611044417767107,4084,1512,0.3702252693437806
Limpopo,Ward 93304012,LIM334,LIM334 - Ba-Phalaborwa,LIM334 - Ba-Phalaborwa,3553,2193,0.6172248803827751,3542,1752,0.4946357989836251
Limpopo,Ward 93304013,LIM334,LIM334 - Ba-Phalaborwa,LIM334 - Ba-Phalaborwa,3337,1638,0.4908600539406653,3894,1723,0.44247560349255266
Limpopo,Ward 93304014,LIM334,LIM334 - Ba-Phalaborwa,LIM334 - Ba-Phalaborwa,3421,1520,0.4443145279158141,4370,1747,0.39977116704805493
Limpopo,Ward 93304015,LIM334,LIM334 - Ba-Phalaborwa,LIM334 - Ba-Phalaborwa,3604,1842,0.5110987791342952,4447,1927,0.4333258376433551
Limpopo,Ward 93304016,LIM334,LIM334 - Ba-Phalaborwa,LIM334 - Ba-Phalaborwa,4241,2107,0.49681678849327987,4203,1495,0.3556983107304306
Limpopo,Ward 93304017,LIM334,LIM334 - Ba-Phalaborwa,LIM334 - Ba-Phalaborwa,3703,2179,0.5884418039427491,4148,2347,0.5658148505303761
Limpopo,Ward 93304018,LIM334,LIM334 - Ba-Phalaborwa,LIM334 - Ba-Phalaborwa,3746,1977,0.5277629471436198,3939,1906,0.4838791571464839
Limpopo,Ward 93304019,LIM334,LIM334 - Ba-Phalaborwa,LIM334 - Ba-Phalaborwa,3742,1850,0.49438802779262425,3759,1577,0.41952646980579944
Limpopo,Ward 93305001,LIM335,LIM335 - Maruleng,LIM335 - Maruleng,4004,1991,0.49725274725274726,4091,1843,0.4505010999755561
Limpopo,Ward 93305002,LIM335,LIM335 - Maruleng,LIM335 - Maruleng,3610,1977,0.5476454293628809,4125,2127,0.5156363636363637
Limpopo,Ward 93305003,LIM335,LIM335 - Maruleng,LIM335 - Maruleng,4085,2575,0.6303549571603427,4243,2618,0.6170162620787178
Limpopo,Ward 93305004,LIM335,LIM335 - Maruleng,LIM335 - Maruleng,3577,2250,0.6290187307799833,3647,2247,0.6161228406909789
Limpopo,Ward 93305005,LIM335,LIM335 - Maruleng,LIM335 - Maruleng,3430,2083,0.6072886297376093,3657,2253,0.616078753076292
Limpopo,Ward 93305006,LIM335,LIM335 - Maruleng,LIM335 - Maruleng,3827,2061,0.5385419388555004,4156,2626,0.6318575553416746
Limpopo,Ward 93305007,LIM335,LIM335 - Maruleng,LIM335 - Maruleng,3519,2033,0.5777209434498437,3657,2173,0.5942028985507246
Limpopo,Ward 93305008,LIM335,LIM335 - Maruleng,LIM335 - Maruleng,4251,2641,0.6212655845683369,4587,3084,0.6723348593852191
Limpopo,Ward 93305009,LIM335,LIM335 - Maruleng,LIM335 - Maruleng,3623,1894,0.5227711841015733,3621,1949,0.5382491024578846
Limpopo,Ward 93305010,LIM335,LIM335 - Maruleng,LIM335 - Maruleng,3549,1777,0.5007044237813468,3776,2303,0.6099046610169492
Limpopo,Ward 93305011,LIM335,LIM335 - Maruleng,LIM335 - Maruleng,4579,2411,0.5265341777680717,3452,1851,0.5362108922363847
Limpopo,Ward 93305012,LIM335,LIM335 - Maruleng,LIM335 - Maruleng,3899,2171,0.5568094383175173,3892,2142,0.5503597122302158
Limpopo,Ward 93305013,LIM335,LIM335 - Maruleng,LIM335 - Maruleng,3532,2027,0.5738958097395244,3867,2543,0.6576157227825188
Limpopo,Ward 93305014,LIM335,LIM335 - Maruleng,LIM335 - Maruleng,3050,1652,0.5416393442622951,4115,2290,0.5565006075334143
Limpopo,Ward 93401001,LIM341,LIM341 - Musina,LIM341 - Musina,3175,1665,0.5244094488188976,3187,1349,0.4232820834640728
Limpopo,Ward 93401002,LIM341,LIM341 - Musina,LIM341 - Musina,3530,1553,0.43994334277620395,3233,1044,0.3229198886483143
Limpopo,Ward 93401003,LIM341,LIM341 - Musina,LIM341 - Musina,3524,2021,0.5734960272417707,4120,1846,0.44805825242718444
Limpopo,Ward 93401004,LIM341,LIM341 - Musina,LIM341 - Musina,3365,1797,0.5340267459138187,2755,1204,0.43702359346642466
Limpopo,Ward 93401005,LIM341,LIM341 - Musina,LIM341 - Musina,3314,1937,0.5844900422450211,3349,1429,0.4266945356822932
Limpopo,Ward 93401006,LIM341,LIM341 - Musina,LIM341 - Musina,3566,2010,0.5636567582725743,4636,2233,0.48166522864538397
Limpopo,Ward 93401007,LIM341,LIM341 - Musina,LIM341 - Musina,3342,1697,0.5077797725912627,3377,1786,0.528871779686112
Limpopo,Ward 93401008,LIM341,LIM341 - Musina,LIM341 - Musina,4367,2724,0.6237691779253492,4111,2019,0.49112138165896374
Limpopo,Ward 93401009,LIM341,LIM341 - Musina,LIM341 - Musina,4077,2393,0.5869511896001962,4348,2283,0.5250689972401104
Limpopo,Ward 93401010,LIM341,LIM341 - Musina,LIM341 - Musina,3616,1924,0.5320796460176991,3745,2175,0.5807743658210948
Limpopo,Ward 93401011,LIM341,LIM341 - Musina,LIM341 - Musina,3436,1851,0.5387077997671711,4305,2470,0.5737514518002322
Limpopo,Ward 93401012,LIM341,LIM341 - Musina,LIM341 - Musina,3970,2245,0.5654911838790933,4143,2198,0.5305334298817282
Limpopo,Ward 93403001,LIM343,LIM343 - Thulamela,LIM343 - Thulamela,4559,1971,0.4323316516779996,4945,2020,0.4084934277047523
Limpopo,Ward 93403002,LIM343,LIM343 - Thulamela,LIM343 - Thulamela,4755,2223,0.46750788643533125,4854,2297,0.47321796456530696
Limpopo,Ward 93403003,LIM343,LIM343 - Thulamela,LIM343 - Thulamela,4892,2362,0.48282910874897794,4972,2179,0.43825422365245376
Limpopo,Ward 93403004,LIM343,LIM343 - Thulamela,LIM343 - Thulamela,4894,2235,0.456681651001226,6139,2744,0.4469783352337514
Limpopo,Ward 93403005,LIM343,LIM343 - Thulamela,LIM343 - Thulamela,5671,2855,0.5034385469934756,5044,2417,0.47918318794607456
Limpopo,Ward 93403006,LIM343,LIM343 - Thulamela,LIM343 - Thulamela,5793,2762,0.4767823234938719,5854,2945,0.5030748206354629
Limpopo,Ward 93403007,LIM343,LIM343 - Thulamela,LIM343 - Thulamela,5122,2019,0.3941819601718079,5547,2109,0.3802055164954029
Limpopo,Ward 93403008,LIM343,LIM343 - Thulamela,LIM343 - Thulamela,6009,2888,0.4806124147112664,5802,2378,0.4098586694243364
Limpopo,Ward 93403009,LIM343,LIM343 - Thulamela,LIM343 - Thulamela,4862,2366,0.48663101604278075,5064,2250,0.4443127962085308
Limpopo,Ward 93403010,LIM343,LIM343 - Thulamela,LIM343 - Thulamela,6013,2854,0.47463828371860967,4849,2384,0.49164776242524233
Limpopo,Ward 93403011,LIM343,LIM343 - Thulamela,LIM343 - Thulamela,6344,2940,0.4634300126103405,5968,2422,0.4058310991957105
Limpopo,Ward 93403012,LIM343,LIM343 - Thulamela,LIM343 - Thulamela,5807,2933,0.5050800757706216,4937,2000,0.40510431436094796
Limpopo,Ward 93403013,LIM343,LIM343 - Thulamela,LIM343 - Thulamela,5754,2526,0.43899895724713245,5943,2984,0.5021033148241629
Limpopo,Ward 93403014,LIM343,LIM343 - Thulamela,LIM343 - Thulamela,5981,2779,0.4646380203979268,5776,2564,0.4439058171745152
Limpopo,Ward 93403015,LIM343,LIM343 - Thulamela,LIM343 - Thulamela,5704,2595,0.45494389901823284,5215,2066,0.3961649089165868
Limpopo,Ward 93403016,LIM343,LIM343 - Thulamela,LIM343 - Thulamela,6298,3004,0.4769768180374722,5717,2471,0.4322196956445688
Limpopo,Ward 93403017,LIM343,LIM343 - Thulamela,LIM343 - Thulamela,5437,2503,0.4603641714180614,5711,2405,0.4211171423568552
Limpopo,Ward 93403018,LIM343,LIM343 - Thulamela,LIM343 - Thulamela,5060,2227,0.4401185770750988,6289,2255,0.3585625695659087
Limpopo,Ward 93403019,LIM343,LIM343 - Thulamela,LIM343 - Thulamela,6044,3197,0.5289543348775645,5332,2519,0.47243060765191297
Limpopo,Ward 93403020,LIM343,LIM343 - Thulamela,LIM343 - Thulamela,6244,3212,0.5144138372837924,5277,2052,0.38885730528709495
Limpopo,Ward 93403021,LIM343,LIM343 - Thulamela,LIM343 - Thulamela,5288,2260,0.42738275340393345,6056,2310,0.38143989431968295
Limpopo,Ward 93403022,LIM343,LIM343 - Thulamela,LIM343 - Thulamela,6861,3004,0.43783704999271245,6203,964,0.1554086732226342
Limpopo,Ward 93403023,LIM343,LIM343 - Thulamela,LIM343 - Thulamela,4534,1855,0.40913101014556685,6148,2132,0.346779440468445
Limpopo,Ward 93403024,LIM343,LIM343 - Thulamela,LIM343 - Thulamela,5696,2410,0.42310393258426965,6483,2463,0.3799167052290606
Limpopo,Ward 93403025,LIM343,LIM343 - Thulamela,LIM343 - Thulamela,5488,2278,0.41508746355685133,4946,1821,0.3681763040841084
Limpopo,Ward 93403026,LIM343,LIM343 - Thulamela,LIM343 - Thulamela,5767,2501,0.43367435408357896,5884,2367,0.4022773623385452
Limpopo,Ward 93403027,LIM343,LIM343 - Thulamela,LIM343 - Thulamela,6313,2879,0.45604308569618246,5570,2364,0.4244165170556553
Limpopo,Ward 93403028,LIM343,LIM343 - Thulamela,LIM343 - Thulamela,4951,1915,0.38679054736416885,4781,1941,0.40598201213135326
Limpopo,Ward 93403029,LIM343,LIM343 - Thulamela,LIM343 - Thulamela,5102,2404,0.471187769502156,5303,1955,0.3686592494814256
Limpopo,Ward 93403030,LIM343,LIM343 - Thulamela,LIM343 - Thulamela,5689,2474,0.43487431886095973,5494,2137,0.3889697852202403
Limpopo,Ward 93403031,LIM343,LIM343 - Thulamela,LIM343 - Thulamela,5523,2537,0.45935180155712474,6061,2561,0.42253753506022107
Limpopo,Ward 93403032,LIM343,LIM343 - Thulamela,LIM343 - Thulamela,5588,2439,0.43647100930565497,4952,2052,0.41437802907915994
Limpopo,Ward 93403033,LIM343,LIM343 - Thulamela,LIM343 - Thulamela,6071,2637,0.4343600724757042,5887,2343,0.3979955834890437
Limpopo,Ward 93403034,LIM343,LIM343 - Thulamela,LIM343 - Thulamela,4843,2396,0.4947346685938468,5275,2567,0.4866350710900474
Limpopo,Ward 93403035,LIM343,LIM343 - Thulamela,LIM343 - Thulamela,6016,2713,0.4509640957446808,6158,2557,0.4152322182526794
Limpopo,Ward 93403036,LIM343,LIM343 - Thulamela,LIM343 - Thulamela,5611,2912,0.51898057387275,5688,2363,0.41543600562587907
Limpopo,Ward 93403037,LIM343,LIM343 - Thulamela,LIM343 - Thulamela,6192,2702,0.43636950904392763,6260,2285,0.36501597444089456
Limpopo,Ward 93403038,LIM343,LIM343 - Thulamela,LIM343 - Thulamela,5135,2557,0.4979552093476144,5492,2111,0.38437727603787325
Limpopo,Ward 93403039,LIM343,LIM343 - Thulamela,LIM343 - Thulamela,5111,2462,0.4817061240461749,5035,2143,0.4256206554121152
Limpopo,Ward 93403040,LIM343,LIM343 - Thulamela,LIM343 - Thulamela,5003,2078,0.41535078952628424,6069,2133,0.3514582303509639
Limpopo,Ward 93403041,LIM343,LIM343 - Thulamela,LIM343 - Thulamela,5071,2293,0.45217905738513114,6038,2386,0.39516396157668104
Limpopo,Ward 93404001,LIM344,LIM344 - Makhado,LIM344 - Makhado,4506,2293,0.5088770528184643,4522,2022,0.44714727996461745
Limpopo,Ward 93404002,LIM344,LIM344 - Makhado,LIM344 - Makhado,5386,2514,0.4667656888228741,5226,2114,0.4045158821278224
Limpopo,Ward 93404003,LIM344,LIM344 - Makhado,LIM344 - Makhado,4857,1887,0.3885114268066708,4569,2109,0.46158896913985553
Limpopo,Ward 93404004,LIM344,LIM344 - Makhado,LIM344 - Makhado,4439,698,0.15724262221220997,4726,2470,0.5226407109606432
Limpopo,Ward 93404005,LIM344,LIM344 - Makhado,LIM344 - Makhado,4766,1548,0.32480067142257657,4433,1772,0.3997293029551094
Limpopo,Ward 93404006,LIM344,LIM344 - Makhado,LIM344 - Makhado,4453,2121,0.4763081068942286,4199,1800,0.42867349368897356
Limpopo,Ward 93404007,LIM344,LIM344 - Makhado,LIM344 - Makhado,5132,3228,0.6289945440374123,4948,2707,0.5470897332255457
Limpopo,Ward 93404008,LIM344,LIM344 - Makhado,LIM344 - Makhado,4102,2207,0.538030229156509,4487,2158,0.4809449520837976
Limpopo,Ward 93404009,LIM344,LIM344 - Makhado,LIM344 - Makhado,3633,1994,0.5488576933663639,4433,1987,0.44822919016467405
Limpopo,Ward 93404010,LIM344,LIM344 - Makhado,LIM344 - Makhado,4405,1921,0.43609534619750284,4358,1677,0.38480954566314823
Limpopo,Ward 93404011,LIM344,LIM344 - Makhado,LIM344 - Makhado,4986,2323,0.4659045326915363,4742,2088,0.4403205398566006
Limpopo,Ward 93404012,LIM344,LIM344 - Makhado,LIM344 - Makhado,5203,2874,0.552373630597732,5090,2457,0.48271119842829074
Limpopo,Ward 93404013,LIM344,LIM344 - Makhado,LIM344 - Makhado,4331,1952,0.4507042253521127,4061,1581,0.3893129770992366
Limpopo,Ward 93404014,LIM344,LIM344 - Makhado,LIM344 - Makhado,5170,2000,0.38684719535783363,5236,2263,0.4322001527883881
Limpopo,Ward 93404015,LIM344,LIM344 - Makhado,LIM344 - Makhado,5293,2514,0.47496693746457586,5471,2276,0.4160116980442332
Limpopo,Ward 93404016,LIM344,LIM344 - Makhado,LIM344 - Makhado,4428,2004,0.45257452574525747,4790,2073,0.43277661795407096
Limpopo,Ward 93404017,LIM344,LIM344 - Makhado,LIM344 - Makhado,4372,1935,0.4425892040256176,4947,2011,0.4065089953507176
Limpopo,Ward 93404018,LIM344,LIM344 - Makhado,LIM344 - Makhado,4017,1739,0.43291013193925815,4608,1819,0.3947482638888889
Limpopo,Ward 93404019,LIM344,LIM344 - Makhado,LIM344 - Makhado,5069,2326,0.4588676267508384,4427,2081,0.4700700248475265
Limpopo,Ward 93404020,LIM344,LIM344 - Makhado,LIM344 - Makhado,4374,2174,0.4970278920896205,4506,2039,0.4525077674212162
Limpopo,Ward 93404021,LIM344,LIM344 - Makhado,LIM344 - Makhado,4725,2064,0.43682539682539684,4095,1604,0.3916971916971917
Limpopo,Ward 93404022,LIM344,LIM344 - Makhado,LIM344 - Makhado,5255,2476,0.47117031398667936,5152,2247,0.4361413043478261
Limpopo,Ward 93404023,LIM344,LIM344 - Makhado,LIM344 - Makhado,4882,2529,0.5180253994264645,4393,2048,0.4661962212610972
Limpopo,Ward 93404024,LIM344,LIM344 - Makhado,LIM344 - Makhado,4884,2348,0.48075348075348073,4883,2144,0.43907433954536146
Limpopo,Ward 93404025,LIM344,LIM344 - Makhado,LIM344 - Makhado,4939,2519,0.5100222717149221,4938,2025,0.41008505467800727
Limpopo,Ward 93404026,LIM344,LIM344 - Makhado,LIM344 - Makhado,4904,2684,0.5473083197389886,4782,2073,0.43350062735257217
Limpopo,Ward 93404027,LIM344,LIM344 - Makhado,LIM344 - Makhado,5266,2247,0.4266995822255982,4817,1775,0.3684866099231887
Limpopo,Ward 93404028,LIM344,LIM344 - Makhado,LIM344 - Makhado,5639,3051,0.5410533782585565,4620,2197,0.47554112554112554
Limpopo,Ward 93404029,LIM344,LIM344 - Makhado,LIM344 - Makhado,4395,2108,0.4796359499431172,4985,1955,0.3921765295887663
Limpopo,Ward 93404030,LIM344,LIM344 - Makhado,LIM344 - Makhado,5268,2373,0.45045558086560367,5033,1996,0.39658255513610174
Limpopo,Ward 93404031,LIM344,LIM344 - Makhado,LIM344 - Makhado,4831,2451,0.5073483750776236,4632,2465,0.532167530224525
Limpopo,Ward 93404032,LIM344,LIM344 - Makhado,LIM344 - Makhado,5227,2095,0.4008035201836618,4692,1544,0.3290707587382779
Limpopo,Ward 93404033,LIM344,LIM344 - Makhado,LIM344 - Makhado,4508,1887,0.4185891748003549,5537,2259,0.40798266209138523
Limpopo,Ward 93404034,LIM344,LIM344 - Makhado,LIM344 - Makhado,5283,2134,0.4039371569184176,5354,1968,0.36757564437803514
Limpopo,Ward 93404035,LIM344,LIM344 - Makhado,LIM344 - Makhado,4251,1865,0.4387203011056222,4279,1639,0.38303341902313626
Limpopo,Ward 93404036,LIM344,LIM344 - Makhado,LIM344 - Makhado,5227,1896,0.36273196862444995,5082,1903,0.37445887445887444
Limpopo,Ward 93404037,LIM344,LIM344 - Makhado,LIM344 - Makhado,4463,1991,0.4461124803943536,4004,1809,0.4517982017982018
Limpopo,Ward 93404038,LIM344,LIM344 - Makhado,LIM344 - Makhado,5492,2598,0.4730517115804807,5231,2019,0.38596826610590707
Limpopo,Ward 93405001,LIM345,LIM345 - New Municipality,LIM345 - Collins Chabane,4766,2429,0.509651699538397,4566,2077,0.4548839246605344
Limpopo,Ward 93405002,LIM345,LIM345 - New Municipality,LIM345 - Collins Chabane,4223,487,0.11532086194648354,4716,2292,0.4860050890585242
Limpopo,Ward 93405003,LIM345,LIM345 - New Municipality,LIM345 - Collins Chabane,4781,2381,0.4980129679983267,4302,1609,0.3740120874012087
Limpopo,Ward 93405004,LIM345,LIM345 - New Municipality,LIM345 - Collins Chabane,3559,1718,0.4827198651306547,3986,1947,0.4884596086302057
Limpopo,Ward 93405005,LIM345,LIM345 - New Municipality,LIM345 - Collins Chabane,4540,2412,0.5312775330396475,4173,1798,0.43086508507069254
Limpopo,Ward 93405006,LIM345,LIM345 - New Municipality,LIM345 - Collins Chabane,3910,1617,0.41355498721227624,4111,1945,0.47312089515932865
Limpopo,Ward 93405009,LIM345,LIM345 - New Municipality,LIM345 - Collins Chabane,3508,699,0.19925883694412772,4574,2225,0.4864451246174027
Limpopo,Ward 93405010,LIM345,LIM345 - New Municipality,LIM345 - Collins Chabane,4145,2036,0.4911942098914355,4184,1797,0.42949330783938816
Limpopo,Ward 93405011,LIM345,LIM345 - New Municipality,LIM345 - Collins Chabane,3893,906,0.23272540457230928,4486,2744,0.6116807846633973
Limpopo,Ward 93405012,LIM345,LIM345 - New Municipality,LIM345 - Collins Chabane,3599,672,0.18671853292581272,3890,1678,0.43136246786632393
Limpopo,Ward 93405015,LIM345,LIM345 - New Municipality,LIM345 - Collins Chabane,4075,2192,0.5379141104294478,4524,2183,0.48253757736516356
Limpopo,Ward 93405016,LIM345,LIM345 - New Municipality,LIM345 - Collins Chabane,4406,2591,0.5880617339990921,5232,2604,0.49770642201834864
Limpopo,Ward 93405017,LIM345,LIM345 - New Municipality,LIM345 - Collins Chabane,4989,2928,0.5868911605532171,4375,1993,0.45554285714285714
Limpopo,Ward 93405018,LIM345,LIM345 - New Municipality,LIM345 - Collins Chabane,4849,2258,0.46566302330377396,3972,1821,0.45845921450151056
Limpopo,Ward 93405019,LIM345,LIM345 - New Municipality,LIM345 - Collins Chabane,3385,1336,0.3946824224519941,4844,2895,0.597646573080099
Limpopo,Ward 93405020,LIM345,LIM345 - New Municipality,LIM345 - Collins Chabane,4392,2361,0.537568306010929,5028,2457,0.4886634844868735
Limpopo,Ward 93405021,LIM345,LIM345 - New Municipality,LIM345 - Collins Chabane,4844,2933,0.6054913294797688,3938,1928,0.489588623666836
Limpopo,Ward 93405022,LIM345,LIM345 - New Municipality,LIM345 - Collins Chabane,4504,2602,0.577708703374778,4777,2206,0.46179610634289303
Limpopo,Ward 93405023,LIM345,LIM345 - New Municipality,LIM345 - Collins Chabane,4858,2922,0.601482091395636,5022,2528,0.5033851055356432
Limpopo,Ward 93405024,LIM345,LIM345 - New Municipality,LIM345 - Collins Chabane,5265,3133,0.5950617283950618,4297,1993,0.46381196183383755
Limpopo,Ward 93405025,LIM345,LIM345 - New Municipality,LIM345 - Collins Chabane,4102,2338,0.5699658703071673,4841,2364,0.4883288576740343
Limpopo,Ward 93405026,LIM345,LIM345 - New Municipality,LIM345 - Collins Chabane,5017,2752,0.5485349810643811,5283,2175,0.41169789892106756
Limpopo,Ward 93405027,LIM345,LIM345 - New Municipality,LIM345 - Collins Chabane,4879,2430,0.49805287968846074,4827,2195,0.4547337891029625
Limpopo,Ward 93405028,LIM345,LIM345 - New Municipality,LIM345 - Collins Chabane,5080,2912,0.573228346456693,5040,2317,0.4597222222222222
Limpopo,Ward 93405029,LIM345,LIM345 - New Municipality,LIM345 - Collins Chabane,4870,2606,0.5351129363449691,4121,1823,0.4423683571948556
Limpopo,Ward 93405030,LIM345,LIM345 - New Municipality,LIM345 - Collins Chabane,4682,2287,0.48846646732165744,4806,2357,0.4904286308780691
Limpopo,Ward 93405031,LIM345,LIM345 - New Municipality,LIM345 - Collins Chabane,4701,2547,0.541799617102744,4318,1904,0.4409448818897638
Limpopo,Ward 93405032,LIM345,LIM345 - New Municipality,LIM345 - Collins Chabane,5319,2891,0.5435232186501222,4074,2063,0.5063819342169857
Limpopo,Ward 93405033,LIM345,LIM345 - New Municipality,LIM345 - Collins Chabane,4978,2727,0.5478103656086781,4436,2388,0.5383228133453561
Limpopo,Ward 93405034,LIM345,LIM345 - New Municipality,LIM345 - Collins Chabane,4167,2325,0.5579553635709144,5055,2366,0.46805143422354106
Limpopo,Ward 93405035,LIM345,LIM345 - New Municipality,LIM345 - Collins Chabane,4322,2410,0.5576122165664045,4790,2176,0.4542797494780793
Limpopo,Ward 93405036,LIM345,LIM345 - New Municipality,LIM345 - Collins Chabane,4027,2363,0.5867891730816985,4025,1841,0.4573913043478261
Limpopo,Ward 93501001,LIM351,LIM351 - Blouberg,LIM351 - Blouberg,3582,1817,0.5072585147962032,3454,1564,0.4528083381586566
Limpopo,Ward 93501002,LIM351,LIM351 - Blouberg,LIM351 - Blouberg,3551,1741,0.4902844269219938,3386,1449,0.42793857058476076
Limpopo,Ward 93501003,LIM351,LIM351 - Blouberg,LIM351 - Blouberg,3760,1695,0.4507978723404255,3650,1480,0.4054794520547945
Limpopo,Ward 93501004,LIM351,LIM351 - Blouberg,LIM351 - Blouberg,3385,1621,0.478877400295421,3339,1542,0.4618149146451033
Limpopo,Ward 93501005,LIM351,LIM351 - Blouberg,LIM351 - Blouberg,4404,2536,0.5758401453224341,4174,1887,0.45208433157642547
Limpopo,Ward 93501006,LIM351,LIM351 - Blouberg,LIM351 - Blouberg,3467,1862,0.5370637438707817,3358,1389,0.41363907087552115
Limpopo,Ward 93501007,LIM351,LIM351 - Blouberg,LIM351 - Blouberg,3922,1915,0.4882712901580826,3837,1779,0.46364347146207974
Limpopo,Ward 93501008,LIM351,LIM351 - Blouberg,LIM351 - Blouberg,3802,1729,0.45476065228826934,4304,1625,0.3775557620817844
Limpopo,Ward 93501009,LIM351,LIM351 - Blouberg,LIM351 - Blouberg,4294,1986,0.46250582207731716,4070,1754,0.43095823095823094
Limpopo,Ward 93501010,LIM351,LIM351 - Blouberg,LIM351 - Blouberg,3841,1912,0.4977870346263994,3880,1734,0.4469072164948454
Limpopo,Ward 93501011,LIM351,LIM351 - Blouberg,LIM351 - Blouberg,3749,1778,0.4742598026140304,4021,2058,0.5118129818453121
Limpopo,Ward 93501012,LIM351,LIM351 - Blouberg,LIM351 - Blouberg,3939,2036,0.5168824574765168,3843,1793,0.46656258131667966
Limpopo,Ward 93501013,LIM351,LIM351 - Blouberg,LIM351 - Blouberg,3374,1913,0.5669828097213989,3212,1586,0.4937733499377335
Limpopo,Ward 93501014,LIM351,LIM351 - Blouberg,LIM351 - Blouberg,4148,2064,0.49758919961427195,3840,1649,0.42942708333333335
Limpopo,Ward 93501015,LIM351,LIM351 - Blouberg,LIM351 - Blouberg,3621,1874,0.5175365921016294,3527,1825,0.517436915225404
Limpopo,Ward 93501016,LIM351,LIM351 - Blouberg,LIM351 - Blouberg,4415,2494,0.5648924122310306,4470,2371,0.5304250559284116
Limpopo,Ward 93501017,LIM351,LIM351 - Blouberg,LIM351 - Blouberg,3724,2042,0.5483351235230934,3584,1790,0.4994419642857143
Limpopo,Ward 93501018,LIM351,LIM351 - Blouberg,LIM351 - Blouberg,4367,2170,0.49690863292878407,4347,1808,0.4159190246146768
Limpopo,Ward 93501019,LIM351,LIM351 - Blouberg,LIM351 - Blouberg,4452,2176,0.4887690925426775,4449,1614,0.36277815239379635
Limpopo,Ward 93501020,LIM351,LIM351 - Blouberg,LIM351 - Blouberg,3675,1976,0.5376870748299319,3850,1869,0.48545454545454547
Limpopo,Ward 93501021,LIM351,LIM351 - Blouberg,LIM351 - Blouberg,3377,1774,0.5253183298785905,3123,1350,0.4322766570605187
Limpopo,Ward 93501022,LIM351,LIM351 - Blouberg,LIM351 - Blouberg,3478,1644,0.47268545140885565,3217,1284,0.39912962387317374
Limpopo,Ward 93503001,LIM353,LIM353 - Molemole,LIM353 - Molemole,3199,1706,0.533291653641763,4348,1979,0.45515179392824284
Limpopo,Ward 93503002,LIM353,LIM353 - Molemole,LIM353 - Molemole,4321,2473,0.5723212219393659,3700,1934,0.5227027027027027
Limpopo,Ward 93503003,LIM353,LIM353 - Molemole,LIM353 - Molemole,3261,1631,0.5001533272002453,3744,1785,0.47676282051282054
Limpopo,Ward 93503004,LIM353,LIM353 - Molemole,LIM353 - Molemole,3371,1740,0.5161673094037378,3299,1417,0.4295240982115793
Limpopo,Ward 93503005,LIM353,LIM353 - Molemole,LIM353 - Molemole,3547,1893,0.5336904426275726,3587,1737,0.484248675773627
Limpopo,Ward 93503006,LIM353,LIM353 - Molemole,LIM353 - Molemole,3739,1922,0.5140411874832843,3563,1427,0.4005051922537188
Limpopo,Ward 93503007,LIM353,LIM353 - Molemole,LIM353 - Molemole,4186,2391,0.5711896798853321,4459,2282,0.5117739403453689
Limpopo,Ward 93503008,LIM353,LIM353 - Molemole,LIM353 - Molemole,3776,1949,0.5161546610169492,3729,1827,0.4899436846339501
Limpopo,Ward 93503009,LIM353,LIM353 - Molemole,LIM353 - Molemole,3746,2131,0.5688734650293646,4033,2004,0.49690057029506574
Limpopo,Ward 93503010,LIM353,LIM353 - Molemole,LIM353 - Molemole,3836,1915,0.4992179353493222,3673,1580,0.430166076776477
Limpopo,Ward 93503011,LIM353,LIM353 - Molemole,LIM353 - Molemole,3597,1765,0.4906866833472338,3161,1328,0.4201202151217969
Limpopo,Ward 93503012,LIM353,LIM353 - Molemole,LIM353 - Molemole,3553,1803,0.5074584857866592,3668,1948,0.5310796074154853
Limpopo,Ward 93503013,LIM353,LIM353 - Molemole,LIM353 - Molemole,3335,1642,0.49235382308845577,3456,1547,0.4476273148148148
Limpopo,Ward 93503014,LIM353,LIM353 - Molemole,LIM353 - Molemole,3752,1765,0.47041577825159914,3588,1501,0.41833890746934227
Limpopo,Ward 93503015,LIM353,LIM353 - Molemole,LIM353 - Molemole,4059,1972,0.4858339492485834,4019,1660,0.4130380691714357
Limpopo,Ward 93503016,LIM353,LIM353 - Molemole,LIM353 - Molemole,3774,1890,0.5007949125596184,3521,1582,0.44930417495029823
Limpopo,Ward 93504001,LIM354,LIM354 - Polokwane,LIM354 - Polokwane,7463,3649,0.4889454642904998,6724,3186,0.4738251041046996
Limpopo,Ward 93504002,LIM354,LIM354 - Polokwane,LIM354 - Polokwane,6315,3105,0.4916864608076009,7433,3392,0.45634333378178393
Limpopo,Ward 93504003,LIM354,LIM354 - Polokwane,LIM354 - Polokwane,6448,3214,0.49844913151364767,6421,2674,0.41644603644292166
Limpopo,Ward 93504004,LIM354,LIM354 - Polokwane,LIM354 - Polokwane,6564,3323,0.5062461913467398,6388,3049,0.47730118973074515
Limpopo,Ward 93504005,LIM354,LIM354 - Polokwane,LIM354 - Polokwane,7645,3639,0.47599738391105295,7022,2879,0.4099971518086015
Limpopo,Ward 93504006,LIM354,LIM354 - Polokwane,LIM354 - Polokwane,6337,3088,0.48729682815212244,6626,2993,0.45170540295804407
Limpopo,Ward 93504007,LIM354,LIM354 - Polokwane,LIM354 - Polokwane,6270,3019,0.48149920255183415,6159,2756,0.4474752394869297
Limpopo,Ward 93504008,LIM354,LIM354 - Polokwane,LIM354 - Polokwane,8399,4644,0.5529229670198833,8961,3414,0.38098426514897893
Limpopo,Ward 93504009,LIM354,LIM354 - Polokwane,LIM354 - Polokwane,7379,3926,0.5320504133351402,8302,3814,0.4594073717176584
Limpopo,Ward 93504010,LIM354,LIM354 - Polokwane,LIM354 - Polokwane,7893,4386,0.5556822500950209,6666,3014,0.4521452145214521
Limpopo,Ward 93504011,LIM354,LIM354 - Polokwane,LIM354 - Polokwane,7005,3753,0.5357601713062099,7117,3207,0.45061121258957426
Limpopo,Ward 93504012,LIM354,LIM354 - Polokwane,LIM354 - Polokwane,5659,2776,0.49054603286799786,6002,2371,0.39503498833722095
Limpopo,Ward 93504013,LIM354,LIM354 - Polokwane,LIM354 - Polokwane,6933,4002,0.5772392903504976,8525,4211,0.4939589442815249
Limpopo,Ward 93504014,LIM354,LIM354 - Polokwane,LIM354 - Polokwane,7761,4430,0.5708027316067517,8523,4015,0.4710782588290508
Limpopo,Ward 93504015,LIM354,LIM354 - Polokwane,LIM354 - Polokwane,7365,4114,0.5585879158180583,7021,2950,0.42016806722689076
Limpopo,Ward 93504016,LIM354,LIM354 - Polokwane,LIM354 - Polokwane,7848,4565,0.5816768603465852,8242,3884,0.4712448434845911
Limpopo,Ward 93504017,LIM354,LIM354 - Polokwane,LIM354 - Polokwane,6339,3272,0.5161697428616501,7472,3497,0.46801391862955033
Limpopo,Ward 93504018,LIM354,LIM354 - Polokwane,LIM354 - Polokwane,7628,3850,0.504719454640797,7698,3494,0.45388412574694725
Limpopo,Ward 93504019,LIM354,LIM354 - Polokwane,LIM354 - Polokwane,6684,3425,0.5124177139437462,6640,2680,0.4036144578313253
Limpopo,Ward 93504020,LIM354,LIM354 - Polokwane,LIM354 - Polokwane,6373,3743,0.5873215126314137,6705,2885,0.43027591349739003
Limpopo,Ward 93504021,LIM354,LIM354 - Polokwane,LIM354 - Polokwane,6372,3954,0.620527306967985,7306,3922,0.5368190528332877
Limpopo,Ward 93504022,LIM354,LIM354 - Polokwane,LIM354 - Polokwane,7112,4134,0.5812710911136107,7488,3530,0.47142094017094016
Limpopo,Ward 93504023,LIM354,LIM354 - Polokwane,LIM354 - Polokwane,7710,4831,0.6265888456549935,8254,3617,0.43821177610855344
Limpopo,Ward 93504024,LIM354,LIM354 - Polokwane,LIM354 - Polokwane,7012,4142,0.5907016543069025,6634,2981,0.4493518239372927
Limpopo,Ward 93504025,LIM354,LIM354 - Polokwane,LIM354 - Polokwane,7825,3883,0.49623003194888177,8229,3323,0.4038157734840199
Limpopo,Ward 93504026,LIM354,LIM354 - Polokwane,LIM354 - Polokwane,7723,2295,0.2971643143856014,7603,1280,0.1683545968696567
Limpopo,Ward 93504027,LIM354,LIM354 - Polokwane,LIM354 - Polokwane,7282,3569,0.4901126064268058,8418,3566,0.423616060822048
Limpopo,Ward 93504028,LIM354,LIM354 - Polokwane,LIM354 - Polokwane,6600,3384,0.5127272727272727,6683,2858,0.4276522519826425
Limpopo,Ward 93504029,LIM354,LIM354 - Polokwane,LIM354 - Polokwane,5933,2840,0.47867857744817127,6432,2950,0.45864427860696516
Limpopo,Ward 93504030,LIM354,LIM354 - Polokwane,LIM354 - Polokwane,7036,3365,0.4782546901648664,6766,3091,0.4568430387230269
Limpopo,Ward 93504031,LIM354,LIM354 - Polokwane,LIM354 - Polokwane,6610,3375,0.510590015128593,6656,2858,0.4293870192307692
Limpopo,Ward 93504032,LIM354,LIM354 - Polokwane,LIM354 - Polokwane,6950,3907,0.562158273381295,7010,3358,0.47902995720399427
Limpopo,Ward 93504033,LIM354,LIM354 - Polokwane,LIM354 - Polokwane,6075,3119,0.5134156378600823,6443,2781,0.4316312276889648
Limpopo,Ward 93504034,LIM354,LIM354 - Polokwane,LIM354 - Polokwane,7069,3351,0.4740415900410242,6983,3046,0.43620220535586424
Limpopo,Ward 93504035,LIM354,LIM354 - Polokwane,LIM354 - Polokwane,7577,3698,0.48805595882275304,7444,3393,0.4558033315421816
Limpopo,Ward 93504036,LIM354,LIM354 - Polokwane,LIM354 - Polokwane,6388,3485,0.545554164057608,8110,3767,0.4644882860665845
Limpopo,Ward 93504037,LIM354,LIM354 - Polokwane,LIM354 - Polokwane,6463,3411,0.5277734798081386,6873,3134,0.45598719627528006
Limpopo,Ward 93504038,LIM354,LIM354 - Polokwane,LIM354 - Polokwane,6210,3525,0.5676328502415459,6262,2914,0.46534653465346537
Limpopo,Ward 93504039,LIM354,LIM354 - Polokwane,LIM354 - Polokwane,7079,3603,0.5089701935301596,6914,2583,0.3735898177610645
Limpopo,Ward 93504040,LIM354,LIM354 - Polokwane,LIM354 - Polokwane,7896,3704,0.4690982776089159,7827,3389,0.43298837357863806
Limpopo,Ward 93504041,LIM354,LIM354 - Polokwane,LIM354 - Polokwane,7538,3620,0.48023348368267443,7938,3125,0.3936759889140842
Limpopo,Ward 93504042,LIM354,LIM354 - Polokwane,LIM354 - Polokwane,7851,3922,0.4995541969175901,7590,3029,0.39907773386034257
Limpopo,Ward 93504043,LIM354,LIM354 - Polokwane,LIM354 - Polokwane,7831,3572,0.45613587025922614,7235,2865,0.39599170697995856
Limpopo,Ward 93504044,LIM354,LIM354 - Polokwane,LIM354 - Polokwane,7896,4039,0.5115248226950354,7577,3370,0.4447670582024548
Limpopo,Ward 93504045,LIM354,LIM354 - Polokwane,LIM354 - Polokwane,7742,3678,0.4750710410746577,7295,2839,0.38917066483893076
Limpopo,Ward 93505001,LIM355,LIM355 - Lepele-Nkumpi,LIM355 - Lepele-Nkumpi,3967,1796,0.45273506428031257,4119,1722,0.4180626365622724
Limpopo,Ward 93505002,LIM355,LIM355 - Lepele-Nkumpi,LIM355 - Lepele-Nkumpi,3974,1931,0.4859084046300956,3854,1467,0.38064348728593667
Limpopo,Ward 93505003,LIM355,LIM355 - Lepele-Nkumpi,LIM355 - Lepele-Nkumpi,2995,1426,0.47612687813021703,2999,1330,0.4434811603867956
Limpopo,Ward 93505004,LIM355,LIM355 - Lepele-Nkumpi,LIM355 - Lepele-Nkumpi,3169,1612,0.5086778163458504,3207,1317,0.4106641721234799
Limpopo,Ward 93505005,LIM355,LIM355 - Lepele-Nkumpi,LIM355 - Lepele-Nkumpi,3365,1584,0.47072808320950965,3189,1378,0.4321103794292882
Limpopo,Ward 93505006,LIM355,LIM355 - Lepele-Nkumpi,LIM355 - Lepele-Nkumpi,3453,1718,0.4975383724297712,3419,1438,0.4205908160280784
Limpopo,Ward 93505007,LIM355,LIM355 - Lepele-Nkumpi,LIM355 - Lepele-Nkumpi,3627,2015,0.5555555555555556,3826,1555,0.40642969158389963
Limpopo,Ward 93505008,LIM355,LIM355 - Lepele-Nkumpi,LIM355 - Lepele-Nkumpi,3599,1683,0.46762989719366493,3860,1595,0.41321243523316065
Limpopo,Ward 93505009,LIM355,LIM355 - Lepele-Nkumpi,LIM355 - Lepele-Nkumpi,3005,1318,0.43860232945091515,3111,1191,0.3828351012536162
Limpopo,Ward 93505010,LIM355,LIM355 - Lepele-Nkumpi,LIM355 - Lepele-Nkumpi,3065,1413,0.46101141924959216,3824,1426,0.372907949790795
Limpopo,Ward 93505011,LIM355,LIM355 - Lepele-Nkumpi,LIM355 - Lepele-Nkumpi,3403,1598,0.4695856597120188,3030,1188,0.3920792079207921
Limpopo,Ward 93505012,LIM355,LIM355 - Lepele-Nkumpi,LIM355 - Lepele-Nkumpi,3082,1498,0.48604802076573655,3453,1487,0.4306400231682595
Limpopo,Ward 93505013,LIM355,LIM355 - Lepele-Nkumpi,LIM355 - Lepele-Nkumpi,3610,2158,0.5977839335180055,4561,2095,0.45932909449682086
Limpopo,Ward 93505014,LIM355,LIM355 - Lepele-Nkumpi,LIM355 - Lepele-Nkumpi,4322,1945,0.45002313743637207,3360,1453,0.4324404761904762
Limpopo,Ward 93505015,LIM355,LIM355 - Lepele-Nkumpi,LIM355 - Lepele-Nkumpi,4049,2221,0.5485305013583601,4416,1841,0.416893115942029
Limpopo,Ward 93505016,LIM355,LIM355 - Lepele-Nkumpi,LIM355 - Lepele-Nkumpi,3026,1506,0.4976867151354924,3006,1193,0.39687292082501663
Limpopo,Ward 93505017,LIM355,LIM355 - Lepele-Nkumpi,LIM355 - Lepele-Nkumpi,4016,2100,0.5229083665338645,3200,1393,0.4353125
Limpopo,Ward 93505018,LIM355,LIM355 - Lepele-Nkumpi,LIM355 - Lepele-Nkumpi,2922,1390,0.4757015742642026,4046,1784,0.44092931290163123
Limpopo,Ward 93505019,LIM355,LIM355 - Lepele-Nkumpi,LIM355 - Lepele-Nkumpi,3701,1842,0.4977033234261011,3936,1797,0.4565548780487805
Limpopo,Ward 93505020,LIM355,LIM355 - Lepele-Nkumpi,LIM355 - Lepele-Nkumpi,3717,1745,0.4694646220069949,3810,1489,0.39081364829396326
Limpopo,Ward 93505021,LIM355,LIM355 - Lepele-Nkumpi,LIM355 - Lepele-Nkumpi,3559,1300,0.36527114357965723,3429,1312,0.3826188393117527
Limpopo,Ward 93505022,LIM355,LIM355 - Lepele-Nkumpi,LIM355 - Lepele-Nkumpi,4036,1796,0.4449950445986125,3423,1291,0.3771545427987146
Limpopo,Ward 93505023,LIM355,LIM355 - Lepele-Nkumpi,LIM355 - Lepele-Nkumpi,2994,1284,0.4288577154308617,3622,1324,0.36554389839867474
Limpopo,Ward 93505024,LIM355,LIM355 - Lepele-Nkumpi,LIM355 - Lepele-Nkumpi,3120,1569,0.5028846153846154,3278,1322,0.40329469188529593
Limpopo,Ward 93505025,LIM355,LIM355 - Lepele-Nkumpi,LIM355 - Lepele-Nkumpi,3569,1814,0.508265620622023,3677,1745,0.47457166168071796
Limpopo,Ward 93505026,LIM355,LIM355 - Lepele-Nkumpi,LIM355 - Lepele-Nkumpi,4018,2065,0.5139372822299652,4092,1797,0.43914956011730205
Limpopo,Ward 93505027,LIM355,LIM355 - Lepele-Nkumpi,LIM355 - Lepele-Nkumpi,3905,1949,0.4991037131882202,4111,1988,0.483580637314522
Limpopo,Ward 93505028,LIM355,LIM355 - Lepele-Nkumpi,LIM355 - Lepele-Nkumpi,3403,1887,0.5545107258301498,3703,2103,0.5679179044018363
Limpopo,Ward 93505029,LIM355,LIM355 - Lepele-Nkumpi,LIM355 - Lepele-Nkumpi,3704,2314,0.6247300215982722,3814,2384,0.6250655479811221
Limpopo,Ward 93505030,LIM355,LIM355 - Lepele-Nkumpi,LIM355 - Lepele-Nkumpi,3379,1781,0.5270790174607872,3363,1599,0.47546833184656556
Limpopo,Ward 93601001,LIM361,LIM361 - Thabazimbi,LIM361 - Thabazimbi,2999,1586,0.5288429476492164,3370,1588,0.4712166172106825
Limpopo,Ward 93601002,LIM361,LIM361 - Thabazimbi,LIM361 - Thabazimbi,4190,2925,0.698090692124105,3426,1918,0.5598365440747227
Limpopo,Ward 93601003,LIM361,LIM361 - Thabazimbi,LIM361 - Thabazimbi,6413,2989,0.46608451582722593,3608,1065,0.29517738359201773
Limpopo,Ward 93601004,LIM361,LIM361 - Thabazimbi,LIM361 - Thabazimbi,3370,1739,0.5160237388724036,4066,2188,0.5381210034431874
Limpopo,Ward 93601005,LIM361,LIM361 - Thabazimbi,LIM361 - Thabazimbi,2845,1172,0.41195079086115993,5049,2061,0.40819964349376114
Limpopo,Ward 93601006,LIM361,LIM361 - Thabazimbi,LIM361 - Thabazimbi,2741,1152,0.4202845676760306,2748,998,0.36317321688500726
Limpopo,Ward 93601007,LIM361,LIM361 - Thabazimbi,LIM361 - Thabazimbi,4124,1855,0.4498060135790495,3547,1125,0.31716943896250355
Limpopo,Ward 93601008,LIM361,LIM361 - Thabazimbi,LIM361 - Thabazimbi,3441,1740,0.5056669572798606,5384,1905,0.3538261515601783
Limpopo,Ward 93601009,LIM361,LIM361 - Thabazimbi,LIM361 - Thabazimbi,3957,2230,0.5635582512004044,4261,1928,0.4524759446139404
Limpopo,Ward 93601010,LIM361,LIM361 - Thabazimbi,LIM361 - Thabazimbi,4126,2069,0.5014541929229278,3365,1330,0.3952451708766716
Limpopo,Ward 93601011,LIM361,LIM361 - Thabazimbi,LIM361 - Thabazimbi,2667,1127,0.4225721784776903,2485,759,0.30543259557344066
Limpopo,Ward 93601012,LIM361,LIM361 - Thabazimbi,LIM361 - Thabazimbi,4336,2336,0.5387453874538746,4379,2082,0.4754510162137474
Limpopo,Ward 93602001,LIM362,LIM362 - Lephalale,LIM362 - Lephalale,6487,2717,0.4188376753507014,4170,1265,0.30335731414868106
Limpopo,Ward 93602002,LIM362,LIM362 - Lephalale,LIM362 - Lephalale,6592,2117,0.32114684466019416,4637,1251,0.2697864998921717
Limpopo,Ward 93602003,LIM362,LIM362 - Lephalale,LIM362 - Lephalale,4072,2338,0.5741650294695482,5110,1805,0.3532289628180039
Limpopo,Ward 93602004,LIM362,LIM362 - Lephalale,LIM362 - Lephalale,3803,1737,0.4567446752563765,5406,2020,0.3736588975212727
Limpopo,Ward 93602005,LIM362,LIM362 - Lephalale,LIM362 - Lephalale,4916,2577,0.524206672091131,4099,2391,0.5833130031715053
Limpopo,Ward 93602006,LIM362,LIM362 - Lephalale,LIM362 - Lephalale,3751,1900,0.5065315915755798,4429,2317,0.5231429216527432
Limpopo,Ward 93602007,LIM362,LIM362 - Lephalale,LIM362 - Lephalale,4079,2261,0.554302525128708,4530,2509,0.5538631346578367
Limpopo,Ward 93602008,LIM362,LIM362 - Lephalale,LIM362 - Lephalale,4859,2761,0.5682239143856761,3749,2357,0.628700986929848
Limpopo,Ward 93602009,LIM362,LIM362 - Lephalale,LIM362 - Lephalale,4033,2139,0.530374411108356,4192,2481,0.5918416030534351
Limpopo,Ward 93602010,LIM362,LIM362 - Lephalale,LIM362 - Lephalale,3676,2237,0.6085418933623504,3889,2350,0.6042684494728722
Limpopo,Ward 93602011,LIM362,LIM362 - Lephalale,LIM362 - Lephalale,3908,2306,0.59007164790174,4285,2444,0.5703617269544924
Limpopo,Ward 93602012,LIM362,LIM362 - Lephalale,LIM362 - Lephalale,4138,2261,0.5463992266795553,4243,2367,0.557860004713646
Limpopo,Ward 93602013,LIM362,LIM362 - Lephalale,LIM362 - Lephalale,3732,1552,0.41586280814576637,4922,2089,0.4244209670865502
Limpopo,Ward 93606001,LIM366,LIM366 - Bela-Bela,LIM366 - Bela-Bela,3398,2110,0.6209535020600353,3580,2005,0.5600558659217877
Limpopo,Ward 93606002,LIM366,LIM366 - Bela-Bela,LIM366 - Bela-Bela,3201,1726,0.5392064979693846,3253,1492,0.4586535505687058
Limpopo,Ward 93606003,LIM366,LIM366 - Bela-Bela,LIM366 - Bela-Bela,3196,1646,0.5150187734668336,2970,1369,0.46094276094276093
Limpopo,Ward 93606004,LIM366,LIM366 - Bela-Bela,LIM366 - Bela-Bela,3725,1967,0.5280536912751678,3203,1589,0.4960974086793631
Limpopo,Ward 93606005,LIM366,LIM366 - Bela-Bela,LIM366 - Bela-Bela,2944,1760,0.5978260869565217,2936,1606,0.5470027247956403
Limpopo,Ward 93606006,LIM366,LIM366 - Bela-Bela,LIM366 - Bela-Bela,2942,1570,0.5336505778382054,3802,1964,0.5165702261967385
Limpopo,Ward 93606007,LIM366,LIM366 - Bela-Bela,LIM366 - Bela-Bela,3702,2139,0.5777957860615883,3482,1885,0.5413555427914991
Limpopo,Ward 93606008,LIM366,LIM366 - Bela-Bela,LIM366 - Bela-Bela,3018,1573,0.5212060967528165,4061,1971,0.48534843634572766
Limpopo,Ward 93606009,LIM366,LIM366 - Bela-Bela,LIM366 - Bela-Bela,4086,2223,0.5440528634361234,3980,1772,0.4452261306532663
Limpopo,Ward 93607001,LIM367,LIM367 - Mogalakwena,LIM367 - Mogalakwena,4696,2466,0.5251277683134583,4209,1995,0.47398431931575197
Limpopo,Ward 93607002,LIM367,LIM367 - Mogalakwena,LIM367 - Mogalakwena,3770,1784,0.47320954907161805,4438,1906,0.42947273546642634
Limpopo,Ward 93607003,LIM367,LIM367 - Mogalakwena,LIM367 - Mogalakwena,4264,2409,0.5649624765478424,4371,2309,0.5282544040265386
Limpopo,Ward 93607004,LIM367,LIM367 - Mogalakwena,LIM367 - Mogalakwena,4309,2343,0.5437456486423764,3852,1614,0.4190031152647975
Limpopo,Ward 93607005,LIM367,LIM367 - Mogalakwena,LIM367 - Mogalakwena,4135,1971,0.47666263603385733,3716,1701,0.4577502691065662
Limpopo,Ward 93607006,LIM367,LIM367 - Mogalakwena,LIM367 - Mogalakwena,4116,2125,0.5162779397473275,3842,1739,0.452628839146278
Limpopo,Ward 93607007,LIM367,LIM367 - Mogalakwena,LIM367 - Mogalakwena,4062,1771,0.4359921221073363,3870,1874,0.4842377260981912
Limpopo,Ward 93607008,LIM367,LIM367 - Mogalakwena,LIM367 - Mogalakwena,3771,1752,0.46459824980111375,4024,1680,0.41749502982107356
Limpopo,Ward 93607009,LIM367,LIM367 - Mogalakwena,LIM367 - Mogalakwena,4344,2037,0.46892265193370164,4623,1765,0.381786718581008
Limpopo,Ward 93607010,LIM367,LIM367 - Mogalakwena,LIM367 - Mogalakwena,4642,2209,0.475872468763464,3904,1714,0.4390368852459016
Limpopo,Ward 93607011,LIM367,LIM367 - Mogalakwena,LIM367 - Mogalakwena,4047,1997,0.493451939708426,3962,1667,0.42074709742554267
Limpopo,Ward 93607012,LIM367,LIM367 - Mogalakwena,LIM367 - Mogalakwena,4672,2129,0.4556934931506849,4515,1692,0.37475083056478403
Limpopo,Ward 93607013,LIM367,LIM367 - Mogalakwena,LIM367 - Mogalakwena,4938,2565,0.5194410692588093,4192,1619,0.3862118320610687
Limpopo,Ward 93607014,LIM367,LIM367 - Mogalakwena,LIM367 - Mogalakwena,4981,2510,0.5039148765308171,4451,1775,0.3987867894855089
Limpopo,Ward 93607015,LIM367,LIM367 - Mogalakwena,LIM367 - Mogalakwena,3951,1810,0.4581118704125538,4567,1721,0.376833807751259
Limpopo,Ward 93607016,LIM367,LIM367 - Mogalakwena,LIM367 - Mogalakwena,3856,1528,0.3962655601659751,3921,1502,0.3830655445039531
Limpopo,Ward 93607017,LIM367,LIM367 - Mogalakwena,LIM367 - Mogalakwena,4849,2349,0.48442977933594555,4564,1582,0.34662576687116564
Limpopo,Ward 93607018,LIM367,LIM367 - Mogalakwena,LIM367 - Mogalakwena,4917,2421,0.4923733984136669,4891,1467,0.2999386628501329
Limpopo,Ward 93607019,LIM367,LIM367 - Mogalakwena,LIM367 - Mogalakwena,4820,2224,0.46141078838174276,4558,1470,0.3225098727512067
Limpopo,Ward 93607020,LIM367,LIM367 - Mogalakwena,LIM367 - Mogalakwena,4425,2174,0.4912994350282486,5290,2287,0.4323251417769376
Limpopo,Ward 93607021,LIM367,LIM367 - Mogalakwena,LIM367 - Mogalakwena,4674,1901,0.40671801454856654,4881,1964,0.40237656217988116
Limpopo,Ward 93607022,LIM367,LIM367 - Mogalakwena,LIM367 - Mogalakwena,3785,1893,0.5001321003963012,4193,1723,0.4109229668495111
Limpopo,Ward 93607023,LIM367,LIM367 - Mogalakwena,LIM367 - Mogalakwena,5375,2505,0.466046511627907,5210,2239,0.42975047984644915
Limpopo,Ward 93607024,LIM367,LIM367 - Mogalakwena,LIM367 - Mogalakwena,4029,2101,0.5214693472325639,3815,1597,0.418610747051114
Limpopo,Ward 93607025,LIM367,LIM367 - Mogalakwena,LIM367 - Mogalakwena,4886,2364,0.4838313548915268,4303,1748,0.40622821287473854
Limpopo,Ward 93607026,LIM367,LIM367 - Mogalakwena,LIM367 - Mogalakwena,5125,2292,0.44721951219512196,4995,1809,0.3621621621621622
Limpopo,Ward 93607027,LIM367,LIM367 - Mogalakwena,LIM367 - Mogalakwena,4342,2012,0.46338093044679873,4030,1356,0.33647642679900747
Limpopo,Ward 93607028,LIM367,LIM367 - Mogalakwena,LIM367 - Mogalakwena,4757,2351,0.4942190456169855,4876,1542,0.3162428219852338
Limpopo,Ward 93607029,LIM367,LIM367 - Mogalakwena,LIM367 - Mogalakwena,5228,2567,0.4910099464422341,5691,2060,0.3619750483219118
Limpopo,Ward 93607030,LIM367,LIM367 - Mogalakwena,LIM367 - Mogalakwena,5325,2595,0.48732394366197185,4784,1803,0.37688127090301005
Limpopo,Ward 93607031,LIM367,LIM367 - Mogalakwena,LIM367 - Mogalakwena,4508,2814,0.6242236024844721,5220,2944,0.563984674329502
Limpopo,Ward 93607032,LIM367,LIM367 - Mogalakwena,LIM367 - Mogalakwena,4432,2385,0.5381317689530686,4174,1917,0.45927168183996164
Limpopo,Ward 93608001,LIM368,LIM368 - Modimolle/Mookgopong,LIM368 - Modimolle-Mookgophong,4044,2079,0.5140949554896143,4320,2080,0.48148148148148145
Limpopo,Ward 93608002,LIM368,LIM368 - Modimolle/Mookgopong,LIM368 - Modimolle-Mookgophong,3580,1783,0.4980446927374302,3449,1571,0.45549434618730067
Limpopo,Ward 93608003,LIM368,LIM368 - Modimolle/Mookgopong,LIM368 - Modimolle-Mookgophong,3593,1999,0.5563595880879488,3452,1688,0.48899188876013905
Limpopo,Ward 93608004,LIM368,LIM368 - Modimolle/Mookgopong,LIM368 - Modimolle-Mookgophong,4022,2284,0.5678766782695176,3781,1875,0.49590055540862205
Limpopo,Ward 93608005,LIM368,LIM368 - Modimolle/Mookgopong,LIM368 - Modimolle-Mookgophong,4622,2664,0.5763738641280831,4382,2137,0.48767685988133275
Limpopo,Ward 93608006,LIM368,LIM368 - Modimolle/Mookgopong,LIM368 - Modimolle-Mookgophong,3522,2233,0.6340147643384441,3120,1651,0.5291666666666667
Limpopo,Ward 93608007,LIM368,LIM368 - Modimolle/Mookgopong,LIM368 - Modimolle-Mookgophong,2594,1692,0.6522744795682344,3381,1665,0.49245785270629994
Limpopo,Ward 93608008,LIM368,LIM368 - Modimolle/Mookgopong,LIM368 - Modimolle-Mookgophong,3340,2009,0.6014970059880239,3446,1593,0.4622751015670342
Limpopo,Ward 93608009,LIM368,LIM368 - Modimolle/Mookgopong,LIM368 - Modimolle-Mookgophong,2994,1656,0.5531062124248497,3030,1582,0.5221122112211221
Limpopo,Ward 93608010,LIM368,LIM368 - Modimolle/Mookgopong,LIM368 - Modimolle-Mookgophong,3243,1842,0.5679925994449584,3051,1531,0.5018026876433956
Limpopo,Ward 93608011,LIM368,LIM368 - Modimolle/Mookgopong,LIM368 - Modimolle-Mookgophong,4875,2822,0.5788717948717949,4390,2092,0.4765375854214123
Limpopo,Ward 93608012,LIM368,LIM368 - Modimolle/Mookgopong,LIM368 - Modimolle-Mookgophong,3436,2622,0.7630966239813737,3565,2385,0.6690042075736325
Limpopo,Ward 93608013,LIM368,LIM368 - Modimolle/Mookgopong,LIM368 - Modimolle-Mookgophong,3753,1934,0.5153210764721556,3763,1587,0.42173797501993093
Limpopo,Ward 93608014,LIM368,LIM368 - Modimolle/Mookgopong,LIM368 - Modimolle-Mookgophong,3062,1548,0.5055519268451992,3450,1665,0.4826086956521739
Limpopo,Ward 94701001,LIM471,LIM471 - Ephraim Mogale,LIM471 - Ephraim Mogale,3031,1565,0.5163312438139228,3230,1397,0.4325077399380805
Limpopo,Ward 94701002,LIM471,LIM471 - Ephraim Mogale,LIM471 - Ephraim Mogale,3808,1849,0.4855567226890756,3397,1562,0.4598174860170739
Limpopo,Ward 94701003,LIM471,LIM471 - Ephraim Mogale,LIM471 - Ephraim Mogale,3390,1744,0.5144542772861357,3290,1470,0.44680851063829785
Limpopo,Ward 94701004,LIM471,LIM471 - Ephraim Mogale,LIM471 - Ephraim Mogale,3321,1483,0.44655224330021076,3260,1745,0.5352760736196319
Limpopo,Ward 94701005,LIM471,LIM471 - Ephraim Mogale,LIM471 - Ephraim Mogale,3512,1836,0.5227790432801822,4151,1925,0.463743676222597
Limpopo,Ward 94701006,LIM471,LIM471 - Ephraim Mogale,LIM471 - Ephraim Mogale,2982,1447,0.4852448021462106,3185,1498,0.4703296703296703
Limpopo,Ward 94701007,LIM471,LIM471 - Ephraim Mogale,LIM471 - Ephraim Mogale,3137,1678,0.5349059611093402,3473,1450,0.41750647854880507
Limpopo,Ward 94701008,LIM471,LIM471 - Ephraim Mogale,LIM471 - Ephraim Mogale,3993,2048,0.5128975707488104,4172,1700,0.4074784276126558
Limpopo,Ward 94701009,LIM471,LIM471 - Ephraim Mogale,LIM471 - Ephraim Mogale,3915,2008,0.5128991060025543,3919,1561,0.39831589691247765
Limpopo,Ward 94701010,LIM471,LIM471 - Ephraim Mogale,LIM471 - Ephraim Mogale,3796,2123,0.55927291886196,3875,1749,0.4513548387096774
Limpopo,Ward 94701011,LIM471,LIM471 - Ephraim Mogale,LIM471 - Ephraim Mogale,3339,1546,0.46301287810721775,3324,1370,0.4121540312876053
Limpopo,Ward 94701012,LIM471,LIM471 - Ephraim Mogale,LIM471 - Ephraim Mogale,4088,1983,0.48507827788649704,4100,1645,0.401219512195122
Limpopo,Ward 94701013,LIM471,LIM471 - Ephraim Mogale,LIM471 - Ephraim Mogale,3506,1767,0.5039931545921278,4302,2146,0.498837749883775
Limpopo,Ward 94701014,LIM471,LIM471 - Ephraim Mogale,LIM471 - Ephraim Mogale,3095,1572,0.5079159935379645,3610,1585,0.4390581717451524
Limpopo,Ward 94701015,LIM471,LIM471 - Ephraim Mogale,LIM471 - Ephraim Mogale,4163,2055,0.493634398270478,3611,1600,0.4430905566325118
Limpopo,Ward 94701016,LIM471,LIM471 - Ephraim Mogale,LIM471 - Ephraim Mogale,3858,1827,0.4735614307931571,3533,1448,0.4098499858477215
Limpopo,Ward 94702001,LIM472,LIM472 - Elias Motsoaledi,LIM472 - Elias Motsoaledi,3915,2098,0.5358876117496807,4424,1801,0.4070976491862568
Limpopo,Ward 94702002,LIM472,LIM472 - Elias Motsoaledi,LIM472 - Elias Motsoaledi,4911,2483,0.5055996742007738,4345,1580,0.36363636363636365
Limpopo,Ward 94702003,LIM472,LIM472 - Elias Motsoaledi,LIM472 - Elias Motsoaledi,3727,1835,0.49235309900724444,3630,1271,0.35013774104683193
Limpopo,Ward 94702004,LIM472,LIM472 - Elias Motsoaledi,LIM472 - Elias Motsoaledi,4290,2127,0.4958041958041958,4372,1760,0.4025617566331198
Limpopo,Ward 94702005,LIM472,LIM472 - Elias Motsoaledi,LIM472 - Elias Motsoaledi,3755,1992,0.5304926764314247,3791,1564,0.4125560538116592
Limpopo,Ward 94702006,LIM472,LIM472 - Elias Motsoaledi,LIM472 - Elias Motsoaledi,3499,1936,0.5533009431266076,3409,1535,0.45027867409797595
Limpopo,Ward 94702007,LIM472,LIM472 - Elias Motsoaledi,LIM472 - Elias Motsoaledi,3973,1977,0.4976088598036748,4471,1659,0.371057928874972
Limpopo,Ward 94702008,LIM472,LIM472 - Elias Motsoaledi,LIM472 - Elias Motsoaledi,3481,1865,0.5357655846021259,3520,1670,0.4744318181818182
Limpopo,Ward 94702009,LIM472,LIM472 - Elias Motsoaledi,LIM472 - Elias Motsoaledi,4268,2512,0.5885660731021556,4567,2081,0.45566017079045323
Limpopo,Ward 94702010,LIM472,LIM472 - Elias Motsoaledi,LIM472 - Elias Motsoaledi,4244,2163,0.5096606974552309,4016,1486,0.3700199203187251
Limpopo,Ward 94702011,LIM472,LIM472 - Elias Motsoaledi,LIM472 - Elias Motsoaledi,3703,1770,0.4779908182554685,3383,1301,0.3845699083653562
Limpopo,Ward 94702012,LIM472,LIM472 - Elias Motsoaledi,LIM472 - Elias Motsoaledi,4222,2372,0.561819043107532,4117,1603,0.38936118532912317
Limpopo,Ward 94702013,LIM472,LIM472 - Elias Motsoaledi,LIM472 - Elias Motsoaledi,3863,2116,0.5477608076624385,3816,1883,0.49344863731656186
Limpopo,Ward 94702014,LIM472,LIM472 - Elias Motsoaledi,LIM472 - Elias Motsoaledi,4168,2170,0.5206333973128598,4114,1635,0.39742343218279047
Limpopo,Ward 94702015,LIM472,LIM472 - Elias Motsoaledi,LIM472 - Elias Motsoaledi,3821,1571,0.4111489138968856,3701,1331,0.35963253174817617
Limpopo,Ward 94702016,LIM472,LIM472 - Elias Motsoaledi,LIM472 - Elias Motsoaledi,4541,2263,0.4983483814137855,4305,1638,0.3804878048780488
Limpopo,Ward 94702017,LIM472,LIM472 - Elias Motsoaledi,LIM472 - Elias Motsoaledi,3421,1666,0.4869921075708857,3251,1185,0.3645032297754537
Limpopo,Ward 94702018,LIM472,LIM472 - Elias Motsoaledi,LIM472 - Elias Motsoaledi,3581,2095,0.5850321139346552,3523,1652,0.4689185353391995
Limpopo,Ward 94702019,LIM472,LIM472 - Elias Motsoaledi,LIM472 - Elias Motsoaledi,3404,1837,0.5396592244418331,3425,1435,0.41897810218978104
Limpopo,Ward 94702020,LIM472,LIM472 - Elias Motsoaledi,LIM472 - Elias Motsoaledi,3863,2138,0.5534558633186643,3942,1706,0.43277524099441905
Limpopo,Ward 94702021,LIM472,LIM472 - Elias Motsoaledi,LIM472 - Elias Motsoaledi,3730,2046,0.5485254691689008,3883,1891,0.48699459181045585
Limpopo,Ward 94702022,LIM472,LIM472 - Elias Motsoaledi,LIM472 - Elias Motsoaledi,4243,1964,0.462880037709168,4134,1560,0.37735849056603776
Limpopo,Ward 94702023,LIM472,LIM472 - Elias Motsoaledi,LIM472 - Elias Motsoaledi,3919,1936,0.4940035723398826,3595,1470,0.4089012517385257
Limpopo,Ward 94702024,LIM472,LIM472 - Elias Motsoaledi,LIM472 - Elias Motsoaledi,3253,1369,0.42084229941592377,3307,1354,0.4094345328091926
Limpopo,Ward 94702025,LIM472,LIM472 - Elias Motsoaledi,LIM472 - Elias Motsoaledi,3658,2046,0.559322033898305,3732,1408,0.37727759914255093
Limpopo,Ward 94702026,LIM472,LIM472 - Elias Motsoaledi,LIM472 - Elias Motsoaledi,3422,1758,0.5137346580946814,3317,1467,0.4422671088332831
Limpopo,Ward 94702027,LIM472,LIM472 - Elias Motsoaledi,LIM472 - Elias Motsoaledi,4006,1866,0.46580129805292064,3915,1394,0.35606641123882504
Limpopo,Ward 94702028,LIM472,LIM472 - Elias Motsoaledi,LIM472 - Elias Motsoaledi,4184,2170,0.518642447418738,4210,1564,0.3714964370546318
Limpopo,Ward 94702029,LIM472,LIM472 - Elias Motsoaledi,LIM472 - Elias Motsoaledi,3622,2054,0.5670900055218111,3528,1640,0.46485260770975056
Limpopo,Ward 94702030,LIM472,LIM472 - Elias Motsoaledi,LIM472 - Elias Motsoaledi,3970,2159,0.5438287153652392,3939,1840,0.46712363544046714
Limpopo,Ward 94702031,LIM472,LIM472 - Elias Motsoaledi,LIM472 - Elias Motsoaledi,4512,2031,0.45013297872340424,4375,1245,0.2845714285714286
Limpopo,Ward 94703001,LIM473,LIM473 - Makhuduthamaga,LIM473 - Makhuduthamaga,4023,1970,0.4896843151876709,4033,1531,0.3796181502603521
Limpopo,Ward 94703002,LIM473,LIM473 - Makhuduthamaga,LIM473 - Makhuduthamaga,4357,2330,0.5347716318567822,4233,2247,0.5308291991495393
Limpopo,Ward 94703003,LIM473,LIM473 - Makhuduthamaga,LIM473 - Makhuduthamaga,4392,2143,0.4879326047358834,4285,1805,0.42123687281213534
Limpopo,Ward 94703004,LIM473,LIM473 - Makhuduthamaga,LIM473 - Makhuduthamaga,4214,2066,0.4902705268153773,4620,2081,0.4504329004329004
Limpopo,Ward 94703005,LIM473,LIM473 - Makhuduthamaga,LIM473 - Makhuduthamaga,4130,2196,0.5317191283292978,4173,1742,0.4174454828660436
Limpopo,Ward 94703006,LIM473,LIM473 - Makhuduthamaga,LIM473 - Makhuduthamaga,3861,2300,0.5957005957005957,3987,2455,0.6157511913719589
Limpopo,Ward 94703007,LIM473,LIM473 - Makhuduthamaga,LIM473 - Makhuduthamaga,3687,2134,0.5787903444534852,3489,1662,0.4763542562338779
Limpopo,Ward 94703008,LIM473,LIM473 - Makhuduthamaga,LIM473 - Makhuduthamaga,4655,2289,0.4917293233082707,4791,1849,0.38593195575036526
Limpopo,Ward 94703009,LIM473,LIM473 - Makhuduthamaga,LIM473 - Makhuduthamaga,4834,2277,0.471038477451386,5055,2014,0.39841740850642926
Limpopo,Ward 94703010,LIM473,LIM473 - Makhuduthamaga,LIM473 - Makhuduthamaga,4567,2064,0.45193781475804684,3771,1448,0.3839830283744365
Limpopo,Ward 94703011,LIM473,LIM473 - Makhuduthamaga,LIM473 - Makhuduthamaga,3547,1582,0.4460107132788272,4519,1954,0.43239654790882937
Limpopo,Ward 94703012,LIM473,LIM473 - Makhuduthamaga,LIM473 - Makhuduthamaga,4414,2569,0.5820117806977798,4586,2727,0.5946358482337549
Limpopo,Ward 94703013,LIM473,LIM473 - Makhuduthamaga,LIM473 - Makhuduthamaga,4426,2242,0.5065521915951198,4410,1892,0.4290249433106576
Limpopo,Ward 94703014,LIM473,LIM473 - Makhuduthamaga,LIM473 - Makhuduthamaga,4381,2346,0.5354941794110933,4216,1819,0.4314516129032258
Limpopo,Ward 94703015,LIM473,LIM473 - Makhuduthamaga,LIM473 - Makhuduthamaga,3757,2082,0.5541655576257652,3589,1286,0.3583170799665645
Limpopo,Ward 94703016,LIM473,LIM473 - Makhuduthamaga,LIM473 - Makhuduthamaga,4277,2099,0.4907645545943418,4562,1680,0.3682595352915388
Limpopo,Ward 94703017,LIM473,LIM473 - Makhuduthamaga,LIM473 - Makhuduthamaga,3975,1763,0.44352201257861634,3820,1445,0.3782722513089005
Limpopo,Ward 94703018,LIM473,LIM473 - Makhuduthamaga,LIM473 - Makhuduthamaga,4263,1903,0.4463992493549144,4107,1591,0.38738738738738737
Limpopo,Ward 94703019,LIM473,LIM473 - Makhuduthamaga,LIM473 - Makhuduthamaga,4662,2206,0.4731874731874732,4943,2208,0.4466922921302853
Limpopo,Ward 94703020,LIM473,LIM473 - Makhuduthamaga,LIM473 - Makhuduthamaga,3555,1975,0.5555555555555556,3483,1604,0.4605225380419179
Limpopo,Ward 94703021,LIM473,LIM473 - Makhuduthamaga,LIM473 - Makhuduthamaga,3680,2204,0.5989130434782609,3794,1946,0.5129151291512916
Limpopo,Ward 94703022,LIM473,LIM473 - Makhuduthamaga,LIM473 - Makhuduthamaga,4541,2104,0.46333406738603833,4372,1628,0.37236962488563585
Limpopo,Ward 94703023,LIM473,LIM473 - Makhuduthamaga,LIM473 - Makhuduthamaga,3739,1834,0.49050548274939826,3864,1836,0.4751552795031056
Limpopo,Ward 94703024,LIM473,LIM473 - Makhuduthamaga,LIM473 - Makhuduthamaga,4168,2002,0.4803262955854127,4100,2088,0.5092682926829268
Limpopo,Ward 94703025,LIM473,LIM473 - Makhuduthamaga,LIM473 - Makhuduthamaga,4524,2390,0.5282935455349248,4160,1976,0.475
Limpopo,Ward 94703026,LIM473,LIM473 - Makhuduthamaga,LIM473 - Makhuduthamaga,3879,1885,0.4859499871100799,3904,1662,0.4257172131147541
Limpopo,Ward 94703027,LIM473,LIM473 - Makhuduthamaga,LIM473 - Makhuduthamaga,3606,1490,0.41320022185246813,3667,1216,0.3316062176165803
Limpopo,Ward 94703028,LIM473,LIM473 - Makhuduthamaga,LIM473 - Makhuduthamaga,4161,2083,0.5006008171112714,4090,1975,0.4828850855745721
Limpopo,Ward 94703029,LIM473,LIM473 - Makhuduthamaga,LIM473 - Makhuduthamaga,3895,1802,0.4626444159178434,3724,1357,0.36439312567132115
Limpopo,Ward 94703030,LIM473,LIM473 - Makhuduthamaga,LIM473 - Makhuduthamaga,3842,1886,0.4908901613742842,3617,1287,0.35581974011611833
Limpopo,Ward 94703031,LIM473,LIM473 - Makhuduthamaga,LIM473 - Makhuduthamaga,3675,1833,0.4987755102040816,3674,1612,0.4387588459444747
Limpopo,Ward 94706001,LIM476,LIM476 - Greater Tubatse/Fetakgomo,LIM476 - Fetakgomo Tubatse,4245,2446,0.5762073027090695,4488,2228,0.4964349376114082
Limpopo,Ward 94706002,LIM476,LIM476 - Greater Tubatse/Fetakgomo,LIM476 - Fetakgomo Tubatse,4496,2148,0.4777580071174377,4950,1764,0.3563636363636364
Limpopo,Ward 94706003,LIM476,LIM476 - Greater Tubatse/Fetakgomo,LIM476 - Fetakgomo Tubatse,5103,2595,0.5085243974132863,4769,1919,0.40239043824701193
Limpopo,Ward 94706004,LIM476,LIM476 - Greater Tubatse/Fetakgomo,LIM476 - Fetakgomo Tubatse,4417,1726,0.3907629612859407,4282,1152,0.2690331620737973
Limpopo,Ward 94706005,LIM476,LIM476 - Greater Tubatse/Fetakgomo,LIM476 - Fetakgomo Tubatse,4551,2096,0.46055811909470445,5384,1722,0.31983655274888556
Limpopo,Ward 94706006,LIM476,LIM476 - Greater Tubatse/Fetakgomo,LIM476 - Fetakgomo Tubatse,5698,3108,0.5454545454545454,5621,2113,0.37591175947340333
Limpopo,Ward 94706007,LIM476,LIM476 - Greater Tubatse/Fetakgomo,LIM476 - Fetakgomo Tubatse,4756,2073,0.4358704793944491,4935,2022,0.409726443768997
Limpopo,Ward 94706008,LIM476,LIM476 - Greater Tubatse/Fetakgomo,LIM476 - Fetakgomo Tubatse,5360,2456,0.4582089552238806,5306,1941,0.3658122879758764
Limpopo,Ward 94706009,LIM476,LIM476 - Greater Tubatse/Fetakgomo,LIM476 - Fetakgomo Tubatse,5142,2630,0.5114741345779852,4974,1889,0.37977482911137916
Limpopo,Ward 94706010,LIM476,LIM476 - Greater Tubatse/Fetakgomo,LIM476 - Fetakgomo Tubatse,5374,2798,0.5206550055824339,5281,2355,0.4459382692671843
Limpopo,Ward 94706011,LIM476,LIM476 - Greater Tubatse/Fetakgomo,LIM476 - Fetakgomo Tubatse,4786,2648,0.5532804011700794,4743,2355,0.4965211891208096
Limpopo,Ward 94706012,LIM476,LIM476 - Greater Tubatse/Fetakgomo,LIM476 - Fetakgomo Tubatse,4382,2083,0.47535371976266544,4398,1653,0.3758526603001364
Limpopo,Ward 94706013,LIM476,LIM476 - Greater Tubatse/Fetakgomo,LIM476 - Fetakgomo Tubatse,5903,2702,0.4577333559207183,5915,1944,0.3286559594251902
Limpopo,Ward 94706014,LIM476,LIM476 - Greater Tubatse/Fetakgomo,LIM476 - Fetakgomo Tubatse,4760,2346,0.4928571428571429,5636,2464,0.43718949609652236
Limpopo,Ward 94706015,LIM476,LIM476 - Greater Tubatse/Fetakgomo,LIM476 - Fetakgomo Tubatse,5808,2826,0.4865702479338843,5851,2357,0.4028371218595112
Limpopo,Ward 94706016,LIM476,LIM476 - Greater Tubatse/Fetakgomo,LIM476 - Fetakgomo Tubatse,5430,2904,0.5348066298342542,5407,2517,0.46550767523580544
Limpopo,Ward 94706017,LIM476,LIM476 - Greater Tubatse/Fetakgomo,LIM476 - Fetakgomo Tubatse,5426,2588,0.4769627718392923,5263,2188,0.41573247197415925
Limpopo,Ward 94706018,LIM476,LIM476 - Greater Tubatse/Fetakgomo,LIM476 - Fetakgomo Tubatse,5039,2385,0.47330819607064895,4631,1847,0.3988339451522349
Limpopo,Ward 94706019,LIM476,LIM476 - Greater Tubatse/Fetakgomo,LIM476 - Fetakgomo Tubatse,4693,2257,0.48092904325591307,4890,1957,0.4002044989775051
Limpopo,Ward 94706020,LIM476,LIM476 - Greater Tubatse/Fetakgomo,LIM476 - Fetakgomo Tubatse,5405,2447,0.45272895467160035,5750,2363,0.41095652173913044
Limpopo,Ward 94706021,LIM476,LIM476 - Greater Tubatse/Fetakgomo,LIM476 - Fetakgomo Tubatse,5503,3078,0.559331273850627,5316,2301,0.43284424379232506
Limpopo,Ward 94706022,LIM476,LIM476 - Greater Tubatse/Fetakgomo,LIM476 - Fetakgomo Tubatse,4609,2702,0.5862443046213929,6159,2561,0.4158142555609677
Limpopo,Ward 94706023,LIM476,LIM476 - Greater Tubatse/Fetakgomo,LIM476 - Fetakgomo Tubatse,4955,2509,0.5063572149344097,5024,2141,0.42615445859872614
Limpopo,Ward 94706024,LIM476,LIM476 - Greater Tubatse/Fetakgomo,LIM476 - Fetakgomo Tubatse,4280,2053,0.47967289719626166,5517,2232,0.40456769983686786
Limpopo,Ward 94706025,LIM476,LIM476 - Greater Tubatse/Fetakgomo,LIM476 - Fetakgomo Tubatse,5792,2431,0.4197168508287293,5112,1765,0.3452660406885759
Limpopo,Ward 94706026,LIM476,LIM476 - Greater Tubatse/Fetakgomo,LIM476 - Fetakgomo Tubatse,4582,2505,0.5467044958533391,4352,2240,0.5147058823529411
Limpopo,Ward 94706027,LIM476,LIM476 - Greater Tubatse/Fetakgomo,LIM476 - Fetakgomo Tubatse,4508,2265,0.5024401064773736,4657,1721,0.3695512132273996
Limpopo,Ward 94706028,LIM476,LIM476 - Greater Tubatse/Fetakgomo,LIM476 - Fetakgomo Tubatse,4968,2102,0.42310789049919484,5063,1708,0.3373493975903614
Limpopo,Ward 94706029,LIM476,LIM476 - Greater Tubatse/Fetakgomo,LIM476 - Fetakgomo Tubatse,4652,2355,0.5062338779019776,4670,2038,0.43640256959314777
Limpopo,Ward 94706030,LIM476,LIM476 - Greater Tubatse/Fetakgomo,LIM476 - Fetakgomo Tubatse,6398,2929,0.4577993122850891,4867,1982,0.40723238134374357
Limpopo,Ward 94706031,LIM476,LIM476 - Greater Tubatse/Fetakgomo,LIM476 - Fetakgomo Tubatse,4471,2276,0.5090583762021919,4668,1559,0.33397600685518425
Limpopo,Ward 94706032,LIM476,LIM476 - Greater Tubatse/Fetakgomo,LIM476 - Fetakgomo Tubatse,6063,3371,0.5559953818241794,5275,2324,0.4405687203791469
Limpopo,Ward 94706033,LIM476,LIM476 - Greater Tubatse/Fetakgomo,LIM476 - Fetakgomo Tubatse,5193,2874,0.5534373194685153,5549,3000,0.5406379527842855
Limpopo,Ward 94706034,LIM476,LIM476 - Greater Tubatse/Fetakgomo,LIM476 - Fetakgomo Tubatse,5798,3083,0.5317350810624353,6049,2791,0.4613985782774012
Limpopo,Ward 94706035,LIM476,LIM476 - Greater Tubatse/Fetakgomo,LIM476 - Fetakgomo Tubatse,4645,2468,0.531324004305705,5291,2540,0.4800604800604801
Limpopo,Ward 94706036,LIM476,LIM476 - Greater Tubatse/Fetakgomo,LIM476 - Fetakgomo Tubatse,5893,2923,0.496012217885627,5163,2425,0.4696881657950804
Limpopo,Ward 94706037,LIM476,LIM476 - Greater Tubatse/Fetakgomo,LIM476 - Fetakgomo Tubatse,5850,3078,0.5261538461538462,4799,2224,0.46342988122525525
Limpopo,Ward 94706038,LIM476,LIM476 - Greater Tubatse/Fetakgomo,LIM476 - Fetakgomo Tubatse,5028,2551,0.5073587907716786,5621,2849,0.5068493150684932
Limpopo,Ward 94706039,LIM476,LIM476 - Greater Tubatse/Fetakgomo,LIM476 - Fetakgomo Tubatse,4716,2289,0.48536895674300257,4558,1734,0.38043001316366826
Mpumalanga,Ward 83001001,MP301,MP301 - Chief Albert Luthuli,MP301 - Chief Albert Luthuli,3982,2404,0.6037167252636866,4084,1716,0.4201762977473066
Mpumalanga,Ward 83001002,MP301,MP301 - Chief Albert Luthuli,MP301 - Chief Albert Luthuli,4301,2470,0.5742850499883748,4211,1721,0.4086915222037521
Mpumalanga,Ward 83001003,MP301,MP301 - Chief Albert Luthuli,MP301 - Chief Albert Luthuli,3753,2081,0.5544897415401012,3665,1714,0.4676671214188267
Mpumalanga,Ward 83001004,MP301,MP301 - Chief Albert Luthuli,MP301 - Chief Albert Luthuli,3619,1945,0.5374412821221332,3573,1515,0.42401343408900083
Mpumalanga,Ward 83001005,MP301,MP301 - Chief Albert Luthuli,MP301 - Chief Albert Luthuli,3429,1847,0.5386410032079323,3277,1151,0.351235886481538
Mpumalanga,Ward 83001006,MP301,MP301 - Chief Albert Luthuli,MP301 - Chief Albert Luthuli,3693,2100,0.5686433793663688,3385,1254,0.3704579025110783
Mpumalanga,Ward 83001007,MP301,MP301 - Chief Albert Luthuli,MP301 - Chief Albert Luthuli,3766,2113,0.5610727562400425,4479,2046,0.45679839249832555
Mpumalanga,Ward 83001008,MP301,MP301 - Chief Albert Luthuli,MP301 - Chief Albert Luthuli,3087,1673,0.5419501133786848,3433,1357,0.3952810952519662
Mpumalanga,Ward 83001009,MP301,MP301 - Chief Albert Luthuli,MP301 - Chief Albert Luthuli,4006,2366,0.5906140788816775,3265,1575,0.48238897396630936
Mpumalanga,Ward 83001010,MP301,MP301 - Chief Albert Luthuli,MP301 - Chief Albert Luthuli,4019,2601,0.6471759144065689,4367,1795,0.41103732539500804
Mpumalanga,Ward 83001011,MP301,MP301 - Chief Albert Luthuli,MP301 - Chief Albert Luthuli,3648,1955,0.5359100877192983,3812,1468,0.385099685204617
Mpumalanga,Ward 83001012,MP301,MP301 - Chief Albert Luthuli,MP301 - Chief Albert Luthuli,3585,2174,0.6064156206415621,3541,1863,0.5261225642473878
Mpumalanga,Ward 83001013,MP301,MP301 - Chief Albert Luthuli,MP301 - Chief Albert Luthuli,3115,1840,0.5906902086677368,3760,1863,0.4954787234042553
Mpumalanga,Ward 83001014,MP301,MP301 - Chief Albert Luthuli,MP301 - Chief Albert Luthuli,3905,2423,0.6204865556978233,3542,1537,0.4339356295878035
Mpumalanga,Ward 83001015,MP301,MP301 - Chief Albert Luthuli,MP301 - Chief Albert Luthuli,4783,2907,0.6077775454735521,3895,1735,0.4454428754813864
Mpumalanga,Ward 83001016,MP301,MP301 - Chief Albert Luthuli,MP301 - Chief Albert Luthuli,4187,2497,0.5963697157869596,4710,1921,0.4078556263269639
Mpumalanga,Ward 83001017,MP301,MP301 - Chief Albert Luthuli,MP301 - Chief Albert Luthuli,3191,1937,0.6070197430272641,3147,1324,0.42071814426437876
Mpumalanga,Ward 83001018,MP301,MP301 - Chief Albert Luthuli,MP301 - Chief Albert Luthuli,4260,2806,0.6586854460093897,3663,1990,0.5432705432705432
Mpumalanga,Ward 83001019,MP301,MP301 - Chief Albert Luthuli,MP301 - Chief Albert Luthuli,3613,2524,0.6985884306670357,3640,1667,0.45796703296703295
Mpumalanga,Ward 83001020,MP301,MP301 - Chief Albert Luthuli,MP301 - Chief Albert Luthuli,3148,1784,0.5667090216010165,2964,1173,0.395748987854251
Mpumalanga,Ward 83001021,MP301,MP301 - Chief Albert Luthuli,MP301 - Chief Albert Luthuli,3958,2267,0.5727640222334512,3787,1661,0.43860575653551626
Mpumalanga,Ward 83001022,MP301,MP301 - Chief Albert Luthuli,MP301 - Chief Albert Luthuli,2459,1380,0.5612037413582758,3603,1533,0.42547876769358867
Mpumalanga,Ward 83001023,MP301,MP301 - Chief Albert Luthuli,MP301 - Chief Albert Luthuli,3075,1953,0.6351219512195122,3056,1514,0.4954188481675393
Mpumalanga,Ward 83001024,MP301,MP301 - Chief Albert Luthuli,MP301 - Chief Albert Luthuli,4379,2636,0.6019639187029002,4383,1928,0.43988135979922427
Mpumalanga,Ward 83001025,MP301,MP301 - Chief Albert Luthuli,MP301 - Chief Albert Luthuli,3631,2184,0.6014871936105756,3561,1515,0.42544229149115415
Mpumalanga,Ward 83002001,MP302,MP302 - Msukaligwa,MP302 - Msukaligwa,3148,1700,0.5400254129606099,3096,1194,0.3856589147286822
Mpumalanga,Ward 83002002,MP302,MP302 - Msukaligwa,MP302 - Msukaligwa,4346,2530,0.5821445006902899,4284,1644,0.38375350140056025
Mpumalanga,Ward 83002003,MP302,MP302 - Msukaligwa,MP302 - Msukaligwa,4547,2820,0.6201891356938641,4714,2232,0.47348324140857023
Mpumalanga,Ward 83002004,MP302,MP302 - Msukaligwa,MP302 - Msukaligwa,2883,1446,0.5015608740894901,2833,1015,0.35827744440522413
Mpumalanga,Ward 83002005,MP302,MP302 - Msukaligwa,MP302 - Msukaligwa,2991,1602,0.5356068204613842,3511,1479,0.42124750783252635
Mpumalanga,Ward 83002006,MP302,MP302 - Msukaligwa,MP302 - Msukaligwa,3522,1606,0.4559909142532652,3148,1017,0.3230622617534943
Mpumalanga,Ward 83002007,MP302,MP302 - Msukaligwa,MP302 - Msukaligwa,4289,2133,0.4973187223128934,3912,1682,0.42995910020449896
Mpumalanga,Ward 83002008,MP302,MP302 - Msukaligwa,MP302 - Msukaligwa,4208,2626,0.6240494296577946,4537,1966,0.4333259863345823
Mpumalanga,Ward 83002009,MP302,MP302 - Msukaligwa,MP302 - Msukaligwa,5167,2969,0.574608089800658,4459,1688,0.3785602152949092
Mpumalanga,Ward 83002010,MP302,MP302 - Msukaligwa,MP302 - Msukaligwa,3457,2175,0.6291582296789123,3377,1754,0.5193959135327213
Mpumalanga,Ward 83002011,MP302,MP302 - Msukaligwa,MP302 - Msukaligwa,3579,2033,0.5680357641799385,1364,582,0.42668621700879766
Mpumalanga,Ward 83002012,MP302,MP302 - Msukaligwa,MP302 - Msukaligwa,3633,2226,0.6127167630057804,3491,1556,0.4457175594385563
Mpumalanga,Ward 83002013,MP302,MP302 - Msukaligwa,MP302 - Msukaligwa,4199,2204,0.5248868778280543,3922,1042,0.26568077511473737
Mpumalanga,Ward 83002014,MP302,MP302 - Msukaligwa,MP302 - Msukaligwa,2936,1711,0.5827656675749319,3007,1135,0.37745261057532425
Mpumalanga,Ward 83002015,MP302,MP302 - Msukaligwa,MP302 - Msukaligwa,4247,2855,0.6722392276901342,4221,1907,0.45178867566927267
Mpumalanga,Ward 83002016,MP302,MP302 - Msukaligwa,MP302 - Msukaligwa,5476,3036,0.5544192841490139,3834,1235,0.3221178925404278
Mpumalanga,Ward 83002017,MP302,MP302 - Msukaligwa,MP302 - Msukaligwa,3465,1822,0.5258297258297259,3168,1262,0.39835858585858586
Mpumalanga,Ward 83002018,MP302,MP302 - Msukaligwa,MP302 - Msukaligwa,2609,1527,0.5852817171330011,6176,2292,0.3711139896373057
Mpumalanga,Ward 83002019,MP302,MP302 - Msukaligwa,MP302 - Msukaligwa,2635,1792,0.6800759013282732,2608,1378,0.5283742331288344
Mpumalanga,Ward 83003001,MP303,MP303 - Mkhondo,MP303 - Mkhondo,3938,1916,0.4865413915693245,3625,1480,0.40827586206896554
Mpumalanga,Ward 83003002,MP303,MP303 - Mkhondo,MP303 - Mkhondo,3632,2077,0.5718612334801763,3234,1489,0.46042053184910325
Mpumalanga,Ward 83003003,MP303,MP303 - Mkhondo,MP303 - Mkhondo,4630,2518,0.5438444924406047,4201,1546,0.3680076172339919
Mpumalanga,Ward 83003004,MP303,MP303 - Mkhondo,MP303 - Mkhondo,3489,2164,0.6202350243622815,3496,1619,0.46310068649885583
Mpumalanga,Ward 83003005,MP303,MP303 - Mkhondo,MP303 - Mkhondo,4083,2402,0.5882929218711731,3929,1593,0.40544667854415883
Mpumalanga,Ward 83003006,MP303,MP303 - Mkhondo,MP303 - Mkhondo,3743,2289,0.6115415442158696,3404,1654,0.48589894242068155
Mpumalanga,Ward 83003007,MP303,MP303 - Mkhondo,MP303 - Mkhondo,3859,2351,0.6092251878725058,3759,2065,0.5493482309124768
Mpumalanga,Ward 83003008,MP303,MP303 - Mkhondo,MP303 - Mkhondo,3940,2325,0.5901015228426396,4184,1784,0.42638623326959846
Mpumalanga,Ward 83003009,MP303,MP303 - Mkhondo,MP303 - Mkhondo,4149,2392,0.576524463726199,4810,2154,0.44781704781704784
Mpumalanga,Ward 83003010,MP303,MP303 - Mkhondo,MP303 - Mkhondo,3202,1834,0.5727670206121174,3750,1644,0.4384
Mpumalanga,Ward 83003011,MP303,MP303 - Mkhondo,MP303 - Mkhondo,4385,2482,0.5660205245153934,3749,1486,0.3963723659642571
Mpumalanga,Ward 83003012,MP303,MP303 - Mkhondo,MP303 - Mkhondo,3290,1820,0.5531914893617021,3111,1402,0.45065895210543233
Mpumalanga,Ward 83003013,MP303,MP303 - Mkhondo,MP303 - Mkhondo,3653,2013,0.5510539282781276,5581,1503,0.2693065758824583
Mpumalanga,Ward 83003014,MP303,MP303 - Mkhondo,MP303 - Mkhondo,3946,2374,0.6016218955904714,2355,1081,0.45902335456475585
Mpumalanga,Ward 83003015,MP303,MP303 - Mkhondo,MP303 - Mkhondo,4035,2572,0.6374225526641883,2942,1468,0.4989802855200544
Mpumalanga,Ward 83003016,MP303,MP303 - Mkhondo,MP303 - Mkhondo,4058,1842,0.4539181862986693,3876,1330,0.3431372549019608
Mpumalanga,Ward 83003017,MP303,MP303 - Mkhondo,MP303 - Mkhondo,3887,2424,0.6236171854900951,4052,1921,0.47408687068114513
Mpumalanga,Ward 83003018,MP303,MP303 - Mkhondo,MP303 - Mkhondo,2718,1306,0.48050036791758644,2999,1432,0.4774924974991664
Mpumalanga,Ward 83003019,MP303,MP303 - Mkhondo,MP303 - Mkhondo,3353,2067,0.6164628690724724,3465,1743,0.503030303030303
Mpumalanga,Ward 83004001,MP304,MP304 - Dr Pixley Ka Isaka Seme,MP304 - Dr Pixley Ka Isaka Seme,4161,2798,0.6724345109348714,4137,1807,0.4367899444041576
Mpumalanga,Ward 83004002,MP304,MP304 - Dr Pixley Ka Isaka Seme,MP304 - Dr Pixley Ka Isaka Seme,2464,1474,0.5982142857142857,2500,1177,0.4708
Mpumalanga,Ward 83004003,MP304,MP304 - Dr Pixley Ka Isaka Seme,MP304 - Dr Pixley Ka Isaka Seme,2966,1881,0.6341874578556979,3205,1608,0.5017160686427458
Mpumalanga,Ward 83004004,MP304,MP304 - Dr Pixley Ka Isaka Seme,MP304 - Dr Pixley Ka Isaka Seme,4835,2568,0.5311271975180972,4153,1861,0.4481098001444739
Mpumalanga,Ward 83004005,MP304,MP304 - Dr Pixley Ka Isaka Seme,MP304 - Dr Pixley Ka Isaka Seme,3559,2130,0.5984827198651307,4019,1852,0.46081114705150533
Mpumalanga,Ward 83004006,MP304,MP304 - Dr Pixley Ka Isaka Seme,MP304 - Dr Pixley Ka Isaka Seme,3317,2030,0.6119987940910461,3529,1476,0.41824879569283085
Mpumalanga,Ward 83004007,MP304,MP304 - Dr Pixley Ka Isaka Seme,MP304 - Dr Pixley Ka Isaka Seme,3826,2298,0.6006272869837951,4025,1946,0.4834782608695652
Mpumalanga,Ward 83004008,MP304,MP304 - Dr Pixley Ka Isaka Seme,MP304 - Dr Pixley Ka Isaka Seme,3010,1874,0.6225913621262459,2782,1163,0.4180445722501797
Mpumalanga,Ward 83004009,MP304,MP304 - Dr Pixley Ka Isaka Seme,MP304 - Dr Pixley Ka Isaka Seme,3117,1767,0.5668912415784408,2991,1259,0.42092945503176193
Mpumalanga,Ward 83004010,MP304,MP304 - Dr Pixley Ka Isaka Seme,MP304 - Dr Pixley Ka Isaka Seme,3959,2191,0.5534225814599646,3267,1494,0.4573002754820937
Mpumalanga,Ward 83004011,MP304,MP304 - Dr Pixley Ka Isaka Seme,MP304 - Dr Pixley Ka Isaka Seme,3287,1815,0.5521752357773045,3159,1177,0.37258626147515034
Mpumalanga,Ward 83005001,MP305,MP305 - Lekwa,MP305 - Lekwa,3146,1896,0.6026700572155118,3140,1404,0.44713375796178345
Mpumalanga,Ward 83005002,MP305,MP305 - Lekwa,MP305 - Lekwa,3141,1609,0.5122572429162687,2996,1313,0.43825100133511347
Mpumalanga,Ward 83005003,MP305,MP305 - Lekwa,MP305 - Lekwa,3904,2237,0.5730020491803278,3576,1650,0.46140939597315433
Mpumalanga,Ward 83005004,MP305,MP305 - Lekwa,MP305 - Lekwa,2719,1871,0.6881206325855094,2783,1623,0.5831836148041681
Mpumalanga,Ward 83005005,MP305,MP305 - Lekwa,MP305 - Lekwa,4159,2209,0.5311372926184179,3797,1713,0.4511456412957598
Mpumalanga,Ward 83005006,MP305,MP305 - Lekwa,MP305 - Lekwa,3567,1784,0.5001401738155312,3097,1361,0.4394575395544075
Mpumalanga,Ward 83005007,MP305,MP305 - Lekwa,MP305 - Lekwa,4519,2539,0.5618499668068156,4391,2060,0.4691414256433614
Mpumalanga,Ward 83005008,MP305,MP305 - Lekwa,MP305 - Lekwa,3871,2053,0.5303539137173857,3191,1520,0.47633970542149795
Mpumalanga,Ward 83005009,MP305,MP305 - Lekwa,MP305 - Lekwa,2542,1530,0.6018882769472856,3095,1479,0.4778675282714055
Mpumalanga,Ward 83005010,MP305,MP305 - Lekwa,MP305 - Lekwa,2901,1731,0.5966907962771458,4512,2167,0.48027482269503546
Mpumalanga,Ward 83005011,MP305,MP305 - Lekwa,MP305 - Lekwa,4963,2794,0.5629659480153133,4490,1782,0.39688195991091313
Mpumalanga,Ward 83005012,MP305,MP305 - Lekwa,MP305 - Lekwa,3045,1624,0.5333333333333333,3204,1334,0.416354556803995
Mpumalanga,Ward 83005013,MP305,MP305 - Lekwa,MP305 - Lekwa,2707,1753,0.6475803472478758,2446,987,0.40351594439901883
Mpumalanga,Ward 83005014,MP305,MP305 - Lekwa,MP305 - Lekwa,3943,2503,0.6347958407304083,3658,1866,0.5101148168398032
Mpumalanga,Ward 83005015,MP305,MP305 - Lekwa,MP305 - Lekwa,4122,2432,0.5900048520135857,2740,1128,0.4116788321167883
Mpumalanga,Ward 83006001,MP306,MP306 - Dipaleseng,MP306 - Dipaleseng,3971,2318,0.583732057416268,3819,1791,0.46897093479968577
Mpumalanga,Ward 83006002,MP306,MP306 - Dipaleseng,MP306 - Dipaleseng,3350,1833,0.5471641791044776,3839,1739,0.4529825475384215
Mpumalanga,Ward 83006003,MP306,MP306 - Dipaleseng,MP306 - Dipaleseng,2822,1768,0.6265060240963856,2714,1374,0.5062638172439204
Mpumalanga,Ward 83006004,MP306,MP306 - Dipaleseng,MP306 - Dipaleseng,4275,2715,0.6350877192982456,3901,1701,0.4360420405024353
Mpumalanga,Ward 83006005,MP306,MP306 - Dipaleseng,MP306 - Dipaleseng,3396,1990,0.5859835100117785,3175,1331,0.41921259842519687
Mpumalanga,Ward 83006006,MP306,MP306 - Dipaleseng,MP306 - Dipaleseng,3599,2225,0.6182272853570436,3500,1691,0.48314285714285715
Mpumalanga,Ward 83007001,MP307,MP307 - Govan Mbeki,MP307 - Govan Mbeki,3937,2164,0.5496570993141986,3709,1634,0.4405500134807226
Mpumalanga,Ward 83007002,MP307,MP307 - Govan Mbeki,MP307 - Govan Mbeki,4657,2579,0.5537899935580846,3712,1393,0.37526939655172414
Mpumalanga,Ward 83007003,MP307,MP307 - Govan Mbeki,MP307 - Govan Mbeki,4572,2378,0.5201224846894138,3642,1483,0.4071938495332235
Mpumalanga,Ward 83007004,MP307,MP307 - Govan Mbeki,MP307 - Govan Mbeki,4330,1987,0.458891454965358,3869,1719,0.4443008529335746
Mpumalanga,Ward 83007005,MP307,MP307 - Govan Mbeki,MP307 - Govan Mbeki,3455,2166,0.6269175108538351,3693,2157,0.5840779853777417
Mpumalanga,Ward 83007006,MP307,MP307 - Govan Mbeki,MP307 - Govan Mbeki,3023,2049,0.6778035064505458,4133,1741,0.4212436486813453
Mpumalanga,Ward 83007007,MP307,MP307 - Govan Mbeki,MP307 - Govan Mbeki,3339,1773,0.5309973045822103,3364,1363,0.4051724137931034
Mpumalanga,Ward 83007008,MP307,MP307 - Govan Mbeki,MP307 - Govan Mbeki,5407,2333,0.43147771407434804,4643,1380,0.2972216239500323
Mpumalanga,Ward 83007009,MP307,MP307 - Govan Mbeki,MP307 - Govan Mbeki,4016,1846,0.4596613545816733,4964,1648,0.33199033037872683
Mpumalanga,Ward 83007010,MP307,MP307 - Govan Mbeki,MP307 - Govan Mbeki,5844,2674,0.45756331279945245,5416,1889,0.348781388478582
Mpumalanga,Ward 83007011,MP307,MP307 - Govan Mbeki,MP307 - Govan Mbeki,5966,2596,0.43513241702983574,5532,1613,0.2915762834417932
Mpumalanga,Ward 83007012,MP307,MP307 - Govan Mbeki,MP307 - Govan Mbeki,3900,1790,0.45897435897435895,3655,1233,0.33734610123119013
Mpumalanga,Ward 83007013,MP307,MP307 - Govan Mbeki,MP307 - Govan Mbeki,4158,2052,0.4935064935064935,3882,1333,0.3433797011849562
Mpumalanga,Ward 83007014,MP307,MP307 - Govan Mbeki,MP307 - Govan Mbeki,4581,2135,0.466055446409081,4410,1555,0.3526077097505669
Mpumalanga,Ward 83007015,MP307,MP307 - Govan Mbeki,MP307 - Govan Mbeki,4715,2807,0.5953340402969247,3244,1270,0.3914919852034525
Mpumalanga,Ward 83007016,MP307,MP307 - Govan Mbeki,MP307 - Govan Mbeki,6041,4073,0.6742261215030624,6112,2275,0.37221858638743455
Mpumalanga,Ward 83007017,MP307,MP307 - Govan Mbeki,MP307 - Govan Mbeki,4838,2305,0.4764365440264572,4361,1435,0.3290529695024077
Mpumalanga,Ward 83007018,MP307,MP307 - Govan Mbeki,MP307 - Govan Mbeki,5309,2829,0.5328687135053682,4930,2165,0.43914807302231235
Mpumalanga,Ward 83007019,MP307,MP307 - Govan Mbeki,MP307 - Govan Mbeki,3774,1864,0.4939056703762586,3445,1221,0.35442670537010157
Mpumalanga,Ward 83007020,MP307,MP307 - Govan Mbeki,MP307 - Govan Mbeki,3855,2151,0.5579766536964981,3830,1482,0.38694516971279375
Mpumalanga,Ward 83007021,MP307,MP307 - Govan Mbeki,MP307 - Govan Mbeki,4582,2585,0.5641641204714098,4724,2421,0.5124894157493649
Mpumalanga,Ward 83007022,MP307,MP307 - Govan Mbeki,MP307 - Govan Mbeki,4865,2869,0.5897225077081192,2635,1315,0.4990512333965844
Mpumalanga,Ward 83007023,MP307,MP307 - Govan Mbeki,MP307 - Govan Mbeki,3720,2133,0.5733870967741935,7092,2574,0.3629441624365482
Mpumalanga,Ward 83007024,MP307,MP307 - Govan Mbeki,MP307 - Govan Mbeki,4381,2455,0.560374343757133,6081,2295,0.37740503206709425
Mpumalanga,Ward 83007025,MP307,MP307 - Govan Mbeki,MP307 - Govan Mbeki,5856,3680,0.6284153005464481,6640,3144,0.4734939759036145
Mpumalanga,Ward 83007026,MP307,MP307 - Govan Mbeki,MP307 - Govan Mbeki,5075,2804,0.5525123152709359,2893,1180,0.4078810922917387
Mpumalanga,Ward 83007027,MP307,MP307 - Govan Mbeki,MP307 - Govan Mbeki,3060,1585,0.5179738562091504,2877,1241,0.4313521028849496
Mpumalanga,Ward 83007028,MP307,MP307 - Govan Mbeki,MP307 - Govan Mbeki,5573,3391,0.608469406064956,5636,2781,0.49343506032647266
Mpumalanga,Ward 83007029,MP307,MP307 - Govan Mbeki,MP307 - Govan Mbeki,4926,2253,0.4573690621193666,4770,1577,0.33060796645702306
Mpumalanga,Ward 83007030,MP307,MP307 - Govan Mbeki,MP307 - Govan Mbeki,4963,3272,0.6592786620995366,4376,2742,0.626599634369287
Mpumalanga,Ward 83007031,MP307,MP307 - Govan Mbeki,MP307 - Govan Mbeki,3455,1466,0.4243125904486252,3708,1205,0.3249730312837109
Mpumalanga,Ward 83007032,MP307,MP307 - Govan Mbeki,MP307 - Govan Mbeki,5122,2526,0.4931667317454119,5080,1834,0.3610236220472441
Mpumalanga,Ward 83101001,MP311,MP311 - Victor Khanye,MP311 - Victor Khanye,3462,1769,0.5109763142692085,3398,1725,0.5076515597410242
Mpumalanga,Ward 83101002,MP311,MP311 - Victor Khanye,MP311 - Victor Khanye,3233,1508,0.46643983915867615,3112,1583,0.5086760925449871
Mpumalanga,Ward 83101003,MP311,MP311 - Victor Khanye,MP311 - Victor Khanye,4896,2648,0.5408496732026143,4987,2274,0.45598556246240224
Mpumalanga,Ward 83101004,MP311,MP311 - Victor Khanye,MP311 - Victor Khanye,3530,1947,0.5515580736543909,3507,1775,0.5061305959509552
Mpumalanga,Ward 83101005,MP311,MP311 - Victor Khanye,MP311 - Victor Khanye,3596,1958,0.5444938820912124,4151,2299,0.5538424476029873
Mpumalanga,Ward 83101006,MP311,MP311 - Victor Khanye,MP311 - Victor Khanye,3656,2140,0.5853391684901532,3505,1890,0.5392296718972895
Mpumalanga,Ward 83101007,MP311,MP311 - Victor Khanye,MP311 - Victor Khanye,3865,2062,0.5335058214747737,3983,1982,0.497614863168466
Mpumalanga,Ward 83101008,MP311,MP311 - Victor Khanye,MP311 - Victor Khanye,3538,2055,0.5808366308648955,3879,2121,0.5467904098994586
Mpumalanga,Ward 83101009,MP311,MP311 - Victor Khanye,MP311 - Victor Khanye,3675,2436,0.6628571428571428,4026,2214,0.5499254843517138
Mpumalanga,Ward 83102001,MP312,MP312 - Emalahleni,MP312 - Emalahleni,6098,3087,0.5062315513283043,4330,1495,0.34526558891454967
Mpumalanga,Ward 83102002,MP312,MP312 - Emalahleni,MP312 - Emalahleni,4742,2174,0.4584563475326866,5913,2228,0.3767968882124133
Mpumalanga,Ward 83102003,MP312,MP312 - Emalahleni,MP312 - Emalahleni,6128,2844,0.4640992167101828,5750,1886,0.328
Mpumalanga,Ward 83102004,MP312,MP312 - Emalahleni,MP312 - Emalahleni,4967,2508,0.5049325548620898,4745,1767,0.37239199157007374
Mpumalanga,Ward 83102005,MP312,MP312 - Emalahleni,MP312 - Emalahleni,5047,2605,0.5161482068555577,4686,1925,0.4107981220657277
Mpumalanga,Ward 83102006,MP312,MP312 - Emalahleni,MP312 - Emalahleni,6232,2790,0.44768934531450577,3963,1521,0.3838001514004542
Mpumalanga,Ward 83102007,MP312,MP312 - Emalahleni,MP312 - Emalahleni,4280,2369,0.5535046728971963,6115,2291,0.37465249386753885
Mpumalanga,Ward 83102008,MP312,MP312 - Emalahleni,MP312 - Emalahleni,5421,2583,0.4764803541781959,4962,1660,0.33454252317613864
Mpumalanga,Ward 83102009,MP312,MP312 - Emalahleni,MP312 - Emalahleni,5409,2531,0.467923830652616,5154,2029,0.39367481567714396
Mpumalanga,Ward 83102010,MP312,MP312 - Emalahleni,MP312 - Emalahleni,7195,3132,0.4353022932592078,4477,1376,0.3073486709850346
Mpumalanga,Ward 83102011,MP312,MP312 - Emalahleni,MP312 - Emalahleni,4643,2070,0.44583243592504845,5441,1976,0.36316853519573605
Mpumalanga,Ward 83102012,MP312,MP312 - Emalahleni,MP312 - Emalahleni,5250,2997,0.5708571428571428,7355,3190,0.433718558803535
Mpumalanga,Ward 83102013,MP312,MP312 - Emalahleni,MP312 - Emalahleni,4434,2324,0.5241317095173658,5119,2168,0.42352021879273294
Mpumalanga,Ward 83102014,MP312,MP312 - Emalahleni,MP312 - Emalahleni,5186,2241,0.43212495179328964,7792,2302,0.2954312114989733
Mpumalanga,Ward 83102015,MP312,MP312 - Emalahleni,MP312 - Emalahleni,7506,3474,0.4628297362110312,5137,2119,0.4124975666731555
Mpumalanga,Ward 83102016,MP312,MP312 - Emalahleni,MP312 - Emalahleni,4742,2400,0.5061155630535639,4097,1485,0.36246033683182816
Mpumalanga,Ward 83102017,MP312,MP312 - Emalahleni,MP312 - Emalahleni,5541,2819,0.5087529326836311,4501,2031,0.45123305932015106
Mpumalanga,Ward 83102018,MP312,MP312 - Emalahleni,MP312 - Emalahleni,7118,4324,0.6074740095532453,6812,3025,0.4440692894891368
Mpumalanga,Ward 83102019,MP312,MP312 - Emalahleni,MP312 - Emalahleni,5703,2879,0.5048220234964054,5450,1932,0.3544954128440367
Mpumalanga,Ward 83102020,MP312,MP312 - Emalahleni,MP312 - Emalahleni,6176,3979,0.6442681347150259,6335,3045,0.48066298342541436
Mpumalanga,Ward 83102021,MP312,MP312 - Emalahleni,MP312 - Emalahleni,6830,3462,0.5068814055636897,6801,2558,0.3761211586531392
Mpumalanga,Ward 83102022,MP312,MP312 - Emalahleni,MP312 - Emalahleni,4495,1594,0.3546162402669633,4690,1077,0.22963752665245202
Mpumalanga,Ward 83102023,MP312,MP312 - Emalahleni,MP312 - Emalahleni,5761,3071,0.5330671758375282,6223,2694,0.43291017194279285
Mpumalanga,Ward 83102024,MP312,MP312 - Emalahleni,MP312 - Emalahleni,5412,3636,0.6718403547671841,5643,3026,0.5362395888711678
Mpumalanga,Ward 83102025,MP312,MP312 - Emalahleni,MP312 - Emalahleni,6291,3466,0.5509457955809887,6334,2954,0.46637196084622673
Mpumalanga,Ward 83102026,MP312,MP312 - Emalahleni,MP312 - Emalahleni,5369,2741,0.5105233749301545,5451,2400,0.4402861860209136
Mpumalanga,Ward 83102027,MP312,MP312 - Emalahleni,MP312 - Emalahleni,4090,1819,0.4447432762836186,3873,1467,0.3787761425251743
Mpumalanga,Ward 83102028,MP312,MP312 - Emalahleni,MP312 - Emalahleni,5465,2765,0.505946935041171,4981,2012,0.40393495282071873
Mpumalanga,Ward 83102029,MP312,MP312 - Emalahleni,MP312 - Emalahleni,6822,3528,0.5171503957783641,7487,2748,0.36703619607319354
Mpumalanga,Ward 83102030,MP312,MP312 - Emalahleni,MP312 - Emalahleni,5417,3705,0.6839579102824441,5643,1726,0.3058656742867269
Mpumalanga,Ward 83102031,MP312,MP312 - Emalahleni,MP312 - Emalahleni,6049,2763,0.4567697140023144,5628,1726,0.30668088130774696
Mpumalanga,Ward 83102032,MP312,MP312 - Emalahleni,MP312 - Emalahleni,4757,1765,0.37103216312802184,4374,1482,0.3388203017832647
Mpumalanga,Ward 83102033,MP312,MP312 - Emalahleni,MP312 - Emalahleni,4843,3029,0.6254387776171795,5423,2688,0.4956666052000738
Mpumalanga,Ward 83102034,MP312,MP312 - Emalahleni,MP312 - Emalahleni,6105,4120,0.6748566748566749,6078,3430,0.5643303718328397
Mpumalanga,Ward 83103001,MP313,MP313 - Steve Tshwete,MP313 - Steve Tshwete,2446,1162,0.47506132461161077,3761,1357,0.3608082956660463
Mpumalanga,Ward 83103002,MP313,MP313 - Steve Tshwete,MP313 - Steve Tshwete,4637,2100,0.45287901660556396,3162,1582,0.5003162555344719
Mpumalanga,Ward 83103003,MP313,MP313 - Steve Tshwete,MP313 - Steve Tshwete,3735,1788,0.478714859437751,3587,1615,0.45023696682464454
Mpumalanga,Ward 83103004,MP313,MP313 - Steve Tshwete,MP313 - Steve Tshwete,3936,1652,0.41971544715447157,3516,1198,0.34072810011376564
Mpumalanga,Ward 83103005,MP313,MP313 - Steve Tshwete,MP313 - Steve Tshwete,3495,1353,0.3871244635193133,3204,927,0.2893258426966292
Mpumalanga,Ward 83103006,MP313,MP313 - Steve Tshwete,MP313 - Steve Tshwete,3996,2295,0.5743243243243243,3276,1419,0.43315018315018317
Mpumalanga,Ward 83103007,MP313,MP313 - Steve Tshwete,MP313 - Steve Tshwete,3036,1539,0.5069169960474308,3266,1287,0.39406001224739745
Mpumalanga,Ward 83103008,MP313,MP313 - Steve Tshwete,MP313 - Steve Tshwete,4975,2027,0.4074371859296482,4451,1500,0.33700292069197935
Mpumalanga,Ward 83103009,MP313,MP313 - Steve Tshwete,MP313 - Steve Tshwete,2822,1857,0.6580439404677534,2264,1134,0.5008833922261484
Mpumalanga,Ward 83103010,MP313,MP313 - Steve Tshwete,MP313 - Steve Tshwete,4239,1905,0.44939844302901627,4317,1591,0.3685429696548529
Mpumalanga,Ward 83103011,MP313,MP313 - Steve Tshwete,MP313 - Steve Tshwete,2992,1534,0.5127005347593583,4487,1464,0.32627590817918434
Mpumalanga,Ward 83103012,MP313,MP313 - Steve Tshwete,MP313 - Steve Tshwete,4577,3209,0.7011142669871094,4990,2992,0.5995991983967935
Mpumalanga,Ward 83103013,MP313,MP313 - Steve Tshwete,MP313 - Steve Tshwete,4527,2700,0.5964214711729622,4541,2396,0.5276370843426558
Mpumalanga,Ward 83103014,MP313,MP313 - Steve Tshwete,MP313 - Steve Tshwete,3604,2392,0.6637069922308546,3520,2098,0.5960227272727273
Mpumalanga,Ward 83103015,MP313,MP313 - Steve Tshwete,MP313 - Steve Tshwete,4288,2765,0.6448227611940298,2452,1430,0.5831973898858075
Mpumalanga,Ward 83103016,MP313,MP313 - Steve Tshwete,MP313 - Steve Tshwete,3469,2438,0.7027961948688383,4978,3014,0.6054640417838489
Mpumalanga,Ward 83103017,MP313,MP313 - Steve Tshwete,MP313 - Steve Tshwete,2552,1161,0.4549373040752351,5608,2161,0.3853423680456491
Mpumalanga,Ward 83103018,MP313,MP313 - Steve Tshwete,MP313 - Steve Tshwete,2980,1498,0.5026845637583892,3634,1655,0.4554210236653825
Mpumalanga,Ward 83103019,MP313,MP313 - Steve Tshwete,MP313 - Steve Tshwete,3103,1574,0.5072510473735095,2907,1323,0.4551083591331269
Mpumalanga,Ward 83103020,MP313,MP313 - Steve Tshwete,MP313 - Steve Tshwete,3852,2138,0.555036344755971,3726,1667,0.4473966720343532
Mpumalanga,Ward 83103021,MP313,MP313 - Steve Tshwete,MP313 - Steve Tshwete,3268,1640,0.5018359853121175,3081,1354,0.4394677052904901
Mpumalanga,Ward 83103022,MP313,MP313 - Steve Tshwete,MP313 - Steve Tshwete,3927,2064,0.5255920550038197,2772,1373,0.4953102453102453
Mpumalanga,Ward 83103023,MP313,MP313 - Steve Tshwete,MP313 - Steve Tshwete,4456,2566,0.5758527827648114,4486,1992,0.44404814979937585
Mpumalanga,Ward 83103024,MP313,MP313 - Steve Tshwete,MP313 - Steve Tshwete,4304,2320,0.5390334572490706,4072,1641,0.4029960707269155
Mpumalanga,Ward 83103025,MP313,MP313 - Steve Tshwete,MP313 - Steve Tshwete,3842,2190,0.5700156168662155,3009,1177,0.3911598537720173
Mpumalanga,Ward 83103026,MP313,MP313 - Steve Tshwete,MP313 - Steve Tshwete,4539,2307,0.5082617316589557,6543,2352,0.35946813388353965
Mpumalanga,Ward 83103027,MP313,MP313 - Steve Tshwete,MP313 - Steve Tshwete,3430,1580,0.4606413994169096,3475,1424,0.4097841726618705
Mpumalanga,Ward 83103028,MP313,MP313 - Steve Tshwete,MP313 - Steve Tshwete,5386,2495,0.4632380245079837,882,472,0.5351473922902494
Mpumalanga,Ward 83103029,MP313,MP313 - Steve Tshwete,MP313 - Steve Tshwete,4290,2326,0.5421911421911422,4532,2160,0.4766107678729038
Mpumalanga,Ward 83104001,MP314,MP314 - Emakhazeni,MP314 - Emakhazeni,3785,2383,0.6295904887714663,3997,1980,0.49537152864648487
Mpumalanga,Ward 83104002,MP314,MP314 - Emakhazeni,MP314 - Emakhazeni,3046,1587,0.5210111621799081,2757,1205,0.43706927820094305
Mpumalanga,Ward 83104003,MP314,MP314 - Emakhazeni,MP314 - Emakhazeni,3265,1826,0.5592649310872895,3125,1410,0.4512
Mpumalanga,Ward 83104004,MP314,MP314 - Emakhazeni,MP314 - Emakhazeni,3603,2158,0.5989453233416597,3533,1846,0.5225021228417775
Mpumalanga,Ward 83104005,MP314,MP314 - Emakhazeni,MP314 - Emakhazeni,2340,1023,0.4371794871794872,3251,1254,0.3857274684712396
Mpumalanga,Ward 83104006,MP314,MP314 - Emakhazeni,MP314 - Emakhazeni,3900,2200,0.5641025641025641,2892,1273,0.44017980636237897
Mpumalanga,Ward 83104007,MP314,MP314 - Emakhazeni,MP314 - Emakhazeni,3549,2033,0.5728374189912652,3773,1951,0.517095149748211
Mpumalanga,Ward 83104008,MP314,MP314 - Emakhazeni,MP314 - Emakhazeni,3163,1893,0.5984824533670566,3158,1628,0.5155161494616846
Mpumalanga,Ward 83105001,MP315,MP315 - Thembisile Hani,MP315 - Thembisile Hani,3486,2046,0.5869191049913941,4207,1768,0.420251961017352
Mpumalanga,Ward 83105002,MP315,MP315 - Thembisile Hani,MP315 - Thembisile Hani,5027,2801,0.55719116769445,5510,2407,0.4368421052631579
Mpumalanga,Ward 83105003,MP315,MP315 - Thembisile Hani,MP315 - Thembisile Hani,5552,2837,0.5109870317002881,5018,1920,0.3826225587883619
Mpumalanga,Ward 83105004,MP315,MP315 - Thembisile Hani,MP315 - Thembisile Hani,5241,2904,0.5540927303949628,4507,1625,0.3605502551586421
Mpumalanga,Ward 83105005,MP315,MP315 - Thembisile Hani,MP315 - Thembisile Hani,4266,2457,0.5759493670886076,4179,1670,0.399617133285475
Mpumalanga,Ward 83105006,MP315,MP315 - Thembisile Hani,MP315 - Thembisile Hani,5407,3119,0.5768448307749214,5266,2162,0.4105582985187998
Mpumalanga,Ward 83105007,MP315,MP315 - Thembisile Hani,MP315 - Thembisile Hani,3371,1850,0.5487985760901809,3328,1430,0.4296875
Mpumalanga,Ward 83105008,MP315,MP315 - Thembisile Hani,MP315 - Thembisile Hani,5391,2870,0.532368762752736,5477,2302,0.4203030856308198
Mpumalanga,Ward 83105009,MP315,MP315 - Thembisile Hani,MP315 - Thembisile Hani,4843,2702,0.5579186454676853,5282,1997,0.3780764861794775
Mpumalanga,Ward 83105010,MP315,MP315 - Thembisile Hani,MP315 - Thembisile Hani,5209,2857,0.5484737953541947,4820,1842,0.3821576763485477
Mpumalanga,Ward 83105011,MP315,MP315 - Thembisile Hani,MP315 - Thembisile Hani,5780,3095,0.5354671280276817,5597,2301,0.41111309630159015
Mpumalanga,Ward 83105012,MP315,MP315 - Thembisile Hani,MP315 - Thembisile Hani,3817,2248,0.5889441970133613,4567,2164,0.4738340267133786
Mpumalanga,Ward 83105013,MP315,MP315 - Thembisile Hani,MP315 - Thembisile Hani,4869,2701,0.5547340316286712,4700,1922,0.40893617021276596
Mpumalanga,Ward 83105014,MP315,MP315 - Thembisile Hani,MP315 - Thembisile Hani,6052,3430,0.5667547918043622,6062,2222,0.36654569449026725
Mpumalanga,Ward 83105015,MP315,MP315 - Thembisile Hani,MP315 - Thembisile Hani,4557,2561,0.5619925389510643,4344,1724,0.39686924493554326
Mpumalanga,Ward 83105016,MP315,MP315 - Thembisile Hani,MP315 - Thembisile Hani,5235,2771,0.5293218720152818,4941,2169,0.43897996357012753
Mpumalanga,Ward 83105017,MP315,MP315 - Thembisile Hani,MP315 - Thembisile Hani,4526,2437,0.53844454264251,3764,1545,0.41046758767268865
Mpumalanga,Ward 83105018,MP315,MP315 - Thembisile Hani,MP315 - Thembisile Hani,5564,2989,0.5372034507548527,5355,1991,0.37180205415499534
Mpumalanga,Ward 83105019,MP315,MP315 - Thembisile Hani,MP315 - Thembisile Hani,5838,3096,0.5303186022610483,5546,2256,0.4067796610169492
Mpumalanga,Ward 83105020,MP315,MP315 - Thembisile Hani,MP315 - Thembisile Hani,5563,2959,0.5319072442926479,5429,2020,0.37207588874562536
Mpumalanga,Ward 83105021,MP315,MP315 - Thembisile Hani,MP315 - Thembisile Hani,4171,2454,0.5883481179573243,4350,1847,0.4245977011494253
Mpumalanga,Ward 83105022,MP315,MP315 - Thembisile Hani,MP315 - Thembisile Hani,5460,2969,0.5437728937728937,5829,2356,0.40418596671813345
Mpumalanga,Ward 83105023,MP315,MP315 - Thembisile Hani,MP315 - Thembisile Hani,4847,2667,0.5502372601609243,4308,1702,0.39507892293407615
Mpumalanga,Ward 83105024,MP315,MP315 - Thembisile Hani,MP315 - Thembisile Hani,6676,3738,0.5599161174355902,4238,2065,0.48725814063237377
Mpumalanga,Ward 83105025,MP315,MP315 - Thembisile Hani,MP315 - Thembisile Hani,4251,2441,0.5742178310985651,3844,2012,0.5234131113423517
Mpumalanga,Ward 83105026,MP315,MP315 - Thembisile Hani,MP315 - Thembisile Hani,4149,2216,0.5341046035189202,4118,1641,0.39849441476444875
Mpumalanga,Ward 83105027,MP315,MP315 - Thembisile Hani,MP315 - Thembisile Hani,4630,2303,0.4974082073434125,4410,1629,0.3693877551020408
Mpumalanga,Ward 83105028,MP315,MP315 - Thembisile Hani,MP315 - Thembisile Hani,3463,2096,0.6052555587640774,4637,1777,0.3832219107181367
Mpumalanga,Ward 83105029,MP315,MP315 - Thembisile Hani,MP315 - Thembisile Hani,4015,2388,0.5947696139476961,3819,1454,0.38072793925111287
Mpumalanga,Ward 83105030,MP315,MP315 - Thembisile Hani,MP315 - Thembisile Hani,4551,2569,0.5644913205888815,4353,1716,0.39421088904204
Mpumalanga,Ward 83105031,MP315,MP315 - Thembisile Hani,MP315 - Thembisile Hani,4767,2601,0.5456261799874135,4457,2198,0.49315683194974197
Mpumalanga,Ward 83105032,MP315,MP315 - Thembisile Hani,MP315 - Thembisile Hani,4148,2127,0.5127772420443587,5217,1861,0.3567184205482078
Mpumalanga,Ward 83106001,MP316,MP316 - Dr JS Moroka,MP316 - Dr JS Moroka,4617,2697,0.5841455490578298,3635,1521,0.41843191196698765
Mpumalanga,Ward 83106002,MP316,MP316 - Dr JS Moroka,MP316 - Dr JS Moroka,4354,2392,0.5493798805695912,4343,1540,0.3545935988947732
Mpumalanga,Ward 83106003,MP316,MP316 - Dr JS Moroka,MP316 - Dr JS Moroka,4524,2440,0.5393457117595049,4180,1634,0.39090909090909093
Mpumalanga,Ward 83106004,MP316,MP316 - Dr JS Moroka,MP316 - Dr JS Moroka,3497,1995,0.57048899056334,3304,1625,0.4918280871670702
Mpumalanga,Ward 83106005,MP316,MP316 - Dr JS Moroka,MP316 - Dr JS Moroka,3976,2068,0.5201207243460765,3711,1603,0.43195904068984103
Mpumalanga,Ward 83106006,MP316,MP316 - Dr JS Moroka,MP316 - Dr JS Moroka,4996,2746,0.5496397117694155,4828,2078,0.4304059652029826
Mpumalanga,Ward 83106007,MP316,MP316 - Dr JS Moroka,MP316 - Dr JS Moroka,3865,2164,0.5598965071151358,3976,1782,0.44818913480885314
Mpumalanga,Ward 83106008,MP316,MP316 - Dr JS Moroka,MP316 - Dr JS Moroka,4101,2200,0.5364545232870032,3762,2007,0.5334928229665071
Mpumalanga,Ward 83106009,MP316,MP316 - Dr JS Moroka,MP316 - Dr JS Moroka,3672,2268,0.6176470588235294,4157,1831,0.4404618715419774
Mpumalanga,Ward 83106010,MP316,MP316 - Dr JS Moroka,MP316 - Dr JS Moroka,4622,2766,0.5984422327996538,4144,1765,0.42591698841698844
Mpumalanga,Ward 83106011,MP316,MP316 - Dr JS Moroka,MP316 - Dr JS Moroka,4124,2727,0.661251212415131,4016,2105,0.5241533864541833
Mpumalanga,Ward 83106012,MP316,MP316 - Dr JS Moroka,MP316 - Dr JS Moroka,4636,2696,0.5815358067299397,4280,2060,0.48130841121495327
Mpumalanga,Ward 83106013,MP316,MP316 - Dr JS Moroka,MP316 - Dr JS Moroka,4117,2511,0.6099101287345154,3907,2076,0.5313539800358331
Mpumalanga,Ward 83106014,MP316,MP316 - Dr JS Moroka,MP316 - Dr JS Moroka,4063,3117,0.7671671178931824,3817,1698,0.4448519779931884
Mpumalanga,Ward 83106015,MP316,MP316 - Dr JS Moroka,MP316 - Dr JS Moroka,5083,2903,0.5711194176667322,4935,2309,0.46788247213779127
Mpumalanga,Ward 83106016,MP316,MP316 - Dr JS Moroka,MP316 - Dr JS Moroka,3457,1623,0.46948221000867807,3322,1217,0.3663455749548465
Mpumalanga,Ward 83106017,MP316,MP316 - Dr JS Moroka,MP316 - Dr JS Moroka,4668,2541,0.544344473007712,4466,1763,0.3947604120017913
Mpumalanga,Ward 83106018,MP316,MP316 - Dr JS Moroka,MP316 - Dr JS Moroka,4332,2700,0.6232686980609419,4068,1702,0.4183874139626352
Mpumalanga,Ward 83106019,MP316,MP316 - Dr JS Moroka,MP316 - Dr JS Moroka,4916,2821,0.573840520748576,4747,1892,0.3985675163261007
Mpumalanga,Ward 83106020,MP316,MP316 - Dr JS Moroka,MP316 - Dr JS Moroka,3751,2132,0.5683817648627033,3460,1450,0.4190751445086705
Mpumalanga,Ward 83106021,MP316,MP316 - Dr JS Moroka,MP316 - Dr JS Moroka,4709,2323,0.49331068167339137,3663,1538,0.41987441987441987
Mpumalanga,Ward 83106022,MP316,MP316 - Dr JS Moroka,MP316 - Dr JS Moroka,4288,2080,0.48507462686567165,4697,1716,0.36533957845433257
Mpumalanga,Ward 83106023,MP316,MP316 - Dr JS Moroka,MP316 - Dr JS Moroka,3684,1815,0.49267100977198697,3487,1298,0.3722397476340694
Mpumalanga,Ward 83106024,MP316,MP316 - Dr JS Moroka,MP316 - Dr JS Moroka,4259,2039,0.47875088048837755,2271,913,0.40202553940995156
Mpumalanga,Ward 83106025,MP316,MP316 - Dr JS Moroka,MP316 - Dr JS Moroka,4082,1950,0.47770700636942676,2935,1284,0.4374787052810903
Mpumalanga,Ward 83106026,MP316,MP316 - Dr JS Moroka,MP316 - Dr JS Moroka,3934,1953,0.49644128113879005,2834,1269,0.4477769936485533
Mpumalanga,Ward 83106027,MP316,MP316 - Dr JS Moroka,MP316 - Dr JS Moroka,3775,1734,0.45933774834437086,5358,2425,0.45259425158641287
Mpumalanga,Ward 83106028,MP316,MP316 - Dr JS Moroka,MP316 - Dr JS Moroka,3375,1570,0.4651851851851852,3857,1574,0.40808918848846254
Mpumalanga,Ward 83106029,MP316,MP316 - Dr JS Moroka,MP316 - Dr JS Moroka,4251,2060,0.48459186073864974,3570,1465,0.4103641456582633
Mpumalanga,Ward 83106030,MP316,MP316 - Dr JS Moroka,MP316 - Dr JS Moroka,3802,1712,0.45028932140978434,4918,1781,0.3621390809272062
Mpumalanga,Ward 83106031,MP316,MP316 - Dr JS Moroka,MP316 - Dr JS Moroka,4615,2477,0.5367280606717226,4725,1975,0.41798941798941797
Mpumalanga,Ward 83201001,MP321,MP321 - Thaba Chweu,MP321 - Thaba Chweu,3640,1743,0.47884615384615387,2997,987,0.32932932932932935
Mpumalanga,Ward 83201002,MP321,MP321 - Thaba Chweu,MP321 - Thaba Chweu,2819,1678,0.5952465413267116,3333,1402,0.42064206420642064
Mpumalanga,Ward 83201003,MP321,MP321 - Thaba Chweu,MP321 - Thaba Chweu,4101,2281,0.5562058034625701,4075,1442,0.35386503067484665
Mpumalanga,Ward 83201004,MP321,MP321 - Thaba Chweu,MP321 - Thaba Chweu,3346,1810,0.5409444112372983,2441,1348,0.5522326915198689
Mpumalanga,Ward 83201005,MP321,MP321 - Thaba Chweu,MP321 - Thaba Chweu,5241,2840,0.5418813203587102,4010,1671,0.41670822942643393
Mpumalanga,Ward 83201006,MP321,MP321 - Thaba Chweu,MP321 - Thaba Chweu,3534,1783,0.5045274476513866,3731,1544,0.41383007236665775
Mpumalanga,Ward 83201007,MP321,MP321 - Thaba Chweu,MP321 - Thaba Chweu,3744,2053,0.5483440170940171,4419,1959,0.44331296673455534
Mpumalanga,Ward 83201008,MP321,MP321 - Thaba Chweu,MP321 - Thaba Chweu,3767,2035,0.5402176798513406,3798,2072,0.545550289626119
Mpumalanga,Ward 83201009,MP321,MP321 - Thaba Chweu,MP321 - Thaba Chweu,4604,2609,0.5666811468288445,4379,2198,0.501941082438913
Mpumalanga,Ward 83201010,MP321,MP321 - Thaba Chweu,MP321 - Thaba Chweu,3720,2029,0.5454301075268817,3473,1385,0.3987906708897207
Mpumalanga,Ward 83201011,MP321,MP321 - Thaba Chweu,MP321 - Thaba Chweu,2862,1098,0.3836477987421384,2769,692,0.24990971469844708
Mpumalanga,Ward 83201012,MP321,MP321 - Thaba Chweu,MP321 - Thaba Chweu,3645,2482,0.6809327846364883,3952,2072,0.5242914979757085
Mpumalanga,Ward 83201013,MP321,MP321 - Thaba Chweu,MP321 - Thaba Chweu,3022,1576,0.5215089344804765,4408,1879,0.42627041742286753
Mpumalanga,Ward 83201014,MP321,MP321 - Thaba Chweu,MP321 - Thaba Chweu,3504,1690,0.4823059360730594,3174,1309,0.4124133585381222
Mpumalanga,Ward 83204001,MP324,MP324 - Nkomazi,MP324 - Nkomazi,5808,3607,0.6210399449035813,5931,2599,0.43820603608160513
Mpumalanga,Ward 83204002,MP324,MP324 - Nkomazi,MP324 - Nkomazi,5732,3600,0.6280530355896721,4651,1916,0.41195441840464414
Mpumalanga,Ward 83204003,MP324,MP324 - Nkomazi,MP324 - Nkomazi,5729,3439,0.6002792808518066,5256,1912,0.3637747336377473
Mpumalanga,Ward 83204004,MP324,MP324 - Nkomazi,MP324 - Nkomazi,5237,3044,0.5812488065686462,6940,3036,0.43746397694524497
Mpumalanga,Ward 83204005,MP324,MP324 - Nkomazi,MP324 - Nkomazi,5362,3207,0.5980977247295786,6215,2282,0.3671761866452132
Mpumalanga,Ward 83204006,MP324,MP324 - Nkomazi,MP324 - Nkomazi,5556,3319,0.5973722102231821,5522,2842,0.514668598333937
Mpumalanga,Ward 83204007,MP324,MP324 - Nkomazi,MP324 - Nkomazi,4877,2896,0.5938076686487594,5718,2777,0.48565932144106333
Mpumalanga,Ward 83204008,MP324,MP324 - Nkomazi,MP324 - Nkomazi,5427,3290,0.6062281186659296,4839,2198,0.45422607976854723
Mpumalanga,Ward 83204009,MP324,MP324 - Nkomazi,MP324 - Nkomazi,5924,3835,0.6473666441593517,7044,3259,0.4626632595116411
Mpumalanga,Ward 83204010,MP324,MP324 - Nkomazi,MP324 - Nkomazi,5342,3239,0.6063272182703108,5938,2498,0.4206803637588414
Mpumalanga,Ward 83204011,MP324,MP324 - Nkomazi,MP324 - Nkomazi,4716,2846,0.6034775233248516,4839,2590,0.535234552593511
Mpumalanga,Ward 83204012,MP324,MP324 - Nkomazi,MP324 - Nkomazi,5365,3555,0.6626281453867661,5596,2976,0.5318084345961401
Mpumalanga,Ward 83204013,MP324,MP324 - Nkomazi,MP324 - Nkomazi,5084,3144,0.6184107002360346,5090,2513,0.493713163064833
Mpumalanga,Ward 83204014,MP324,MP324 - Nkomazi,MP324 - Nkomazi,5193,3126,0.6019641825534373,5320,2603,0.48928571428571427
Mpumalanga,Ward 83204015,MP324,MP324 - Nkomazi,MP324 - Nkomazi,5299,2898,0.5468956406869221,6584,2762,0.419501822600243
Mpumalanga,Ward 83204016,MP324,MP324 - Nkomazi,MP324 - Nkomazi,5314,3527,0.6637184794881446,4354,2328,0.534680753330271
Mpumalanga,Ward 83204017,MP324,MP324 - Nkomazi,MP324 - Nkomazi,5625,3615,0.6426666666666667,6105,2846,0.46617526617526617
Mpumalanga,Ward 83204018,MP324,MP324 - Nkomazi,MP324 - Nkomazi,4938,3138,0.6354799513973268,3984,2155,0.5409136546184738
Mpumalanga,Ward 83204019,MP324,MP324 - Nkomazi,MP324 - Nkomazi,5019,3164,0.6304044630404463,5007,2404,0.48012782105052926
Mpumalanga,Ward 83204020,MP324,MP324 - Nkomazi,MP324 - Nkomazi,4468,2662,0.5957923008057296,4262,2004,0.4702017832003754
Mpumalanga,Ward 83204021,MP324,MP324 - Nkomazi,MP324 - Nkomazi,5568,3351,0.6018318965517241,5804,2378,0.4097174362508615
Mpumalanga,Ward 83204022,MP324,MP324 - Nkomazi,MP324 - Nkomazi,4627,2450,0.529500756429652,4512,1618,0.35859929078014185
Mpumalanga,Ward 83204023,MP324,MP324 - Nkomazi,MP324 - Nkomazi,3981,2381,0.5980909319266516,6387,2943,0.4607797087834664
Mpumalanga,Ward 83204024,MP324,MP324 - Nkomazi,MP324 - Nkomazi,5020,3220,0.6414342629482072,3704,1572,0.4244060475161987
Mpumalanga,Ward 83204025,MP324,MP324 - Nkomazi,MP324 - Nkomazi,5351,3255,0.6082975144832742,5369,2721,0.5067982864593034
Mpumalanga,Ward 83204026,MP324,MP324 - Nkomazi,MP324 - Nkomazi,4150,2443,0.5886746987951808,4461,1811,0.40596278861241875
Mpumalanga,Ward 83204027,MP324,MP324 - Nkomazi,MP324 - Nkomazi,4422,2578,0.5829941203075532,4935,2018,0.40891590678824724
Mpumalanga,Ward 83204028,MP324,MP324 - Nkomazi,MP324 - Nkomazi,4235,2449,0.5782762691853601,4344,1830,0.4212707182320442
Mpumalanga,Ward 83204029,MP324,MP324 - Nkomazi,MP324 - Nkomazi,5484,3572,0.6513493800145879,5911,2746,0.4645576044662494
Mpumalanga,Ward 83204030,MP324,MP324 - Nkomazi,MP324 - Nkomazi,4943,2949,0.5966012542990087,4951,2486,0.5021207836800646
Mpumalanga,Ward 83204031,MP324,MP324 - Nkomazi,MP324 - Nkomazi,4111,2706,0.6582340063244952,4107,1960,0.4772339907475043
Mpumalanga,Ward 83204032,MP324,MP324 - Nkomazi,MP324 - Nkomazi,4536,2660,0.5864197530864198,4313,1641,0.380477625782518
Mpumalanga,Ward 83204033,MP324,MP324 - Nkomazi,MP324 - Nkomazi,4566,2612,0.5720543144984669,4790,2020,0.42171189979123175
Mpumalanga,Ward 83205001,MP325,MP325 - Bushbuckridge,MP325 - Bushbuckridge,6558,3653,0.557029582189692,8471,3412,0.4027859756817377
Mpumalanga,Ward 83205002,MP325,MP325 - Bushbuckridge,MP325 - Bushbuckridge,5939,3031,0.5103552786664421,5151,1943,0.37720830906620073
Mpumalanga,Ward 83205003,MP325,MP325 - Bushbuckridge,MP325 - Bushbuckridge,7475,3893,0.5208026755852843,6768,2867,0.4236111111111111
Mpumalanga,Ward 83205004,MP325,MP325 - Bushbuckridge,MP325 - Bushbuckridge,6347,3175,0.5002363321254136,6214,2167,0.34872867718056
Mpumalanga,Ward 83205005,MP325,MP325 - Bushbuckridge,MP325 - Bushbuckridge,5717,2909,0.5088333041805142,5922,1919,0.32404593042890917
Mpumalanga,Ward 83205006,MP325,MP325 - Bushbuckridge,MP325 - Bushbuckridge,6953,3794,0.545663742269524,6841,2536,0.3707060371290747
Mpumalanga,Ward 83205007,MP325,MP325 - Bushbuckridge,MP325 - Bushbuckridge,5581,2671,0.47858806665472137,5506,2435,0.4422448238285507
Mpumalanga,Ward 83205008,MP325,MP325 - Bushbuckridge,MP325 - Bushbuckridge,5594,2902,0.5187701108330354,5826,2251,0.3863714383796773
Mpumalanga,Ward 83205009,MP325,MP325 - Bushbuckridge,MP325 - Bushbuckridge,7194,3626,0.50403113705866,6968,2527,0.36265786452353616
Mpumalanga,Ward 83205010,MP325,MP325 - Bushbuckridge,MP325 - Bushbuckridge,6331,3309,0.5226662454588532,4776,1971,0.4126884422110553
Mpumalanga,Ward 83205011,MP325,MP325 - Bushbuckridge,MP325 - Bushbuckridge,6645,3210,0.48306997742663654,6457,2154,0.3335914511382995
Mpumalanga,Ward 83205012,MP325,MP325 - Bushbuckridge,MP325 - Bushbuckridge,5923,3058,0.5162924193820699,5707,2371,0.4154547047485544
Mpumalanga,Ward 83205013,MP325,MP325 - Bushbuckridge,MP325 - Bushbuckridge,7103,3434,0.48345769393214133,6784,3067,0.45209316037735847
Mpumalanga,Ward 83205014,MP325,MP325 - Bushbuckridge,MP325 - Bushbuckridge,6785,3383,0.4985998526160649,6288,2322,0.36927480916030536
Mpumalanga,Ward 83205015,MP325,MP325 - Bushbuckridge,MP325 - Bushbuckridge,7033,4543,0.6459547845869472,7421,4191,0.5647486861608948
Mpumalanga,Ward 83205016,MP325,MP325 - Bushbuckridge,MP325 - Bushbuckridge,7492,4721,0.6301388147357181,5115,2427,0.4744868035190616
Mpumalanga,Ward 83205017,MP325,MP325 - Bushbuckridge,MP325 - Bushbuckridge,7117,4142,0.5819867921877195,8017,3259,0.40651116377697394
Mpumalanga,Ward 83205018,MP325,MP325 - Bushbuckridge,MP325 - Bushbuckridge,7577,4497,0.5935066649069553,6192,2233,0.3606266149870801
Mpumalanga,Ward 83205019,MP325,MP325 - Bushbuckridge,MP325 - Bushbuckridge,6734,3653,0.5424710424710425,6895,2676,0.3881073241479333
Mpumalanga,Ward 83205020,MP325,MP325 - Bushbuckridge,MP325 - Bushbuckridge,5812,3401,0.5851686166551961,6577,2808,0.42694237494298315
Mpumalanga,Ward 83205021,MP325,MP325 - Bushbuckridge,MP325 - Bushbuckridge,6666,3757,0.5636063606360636,6636,3154,0.47528631705846897
Mpumalanga,Ward 83205022,MP325,MP325 - Bushbuckridge,MP325 - Bushbuckridge,6340,3527,0.5563091482649842,6299,2613,0.4148277504365772
Mpumalanga,Ward 83205023,MP325,MP325 - Bushbuckridge,MP325 - Bushbuckridge,7151,3805,0.5320934135086002,5846,2661,0.4551830311323982
Mpumalanga,Ward 83205024,MP325,MP325 - Bushbuckridge,MP325 - Bushbuckridge,6899,3333,0.48311349470937814,6959,2774,0.39862049144992096
Mpumalanga,Ward 83205025,MP325,MP325 - Bushbuckridge,MP325 - Bushbuckridge,5940,2936,0.49427609427609426,6709,2995,0.4464152630794455
Mpumalanga,Ward 83205026,MP325,MP325 - Bushbuckridge,MP325 - Bushbuckridge,5826,3128,0.5369035358736698,6965,2889,0.41478822684852834
Mpumalanga,Ward 83205027,MP325,MP325 - Bushbuckridge,MP325 - Bushbuckridge,6740,3454,0.5124629080118694,7196,3517,0.4887437465258477
Mpumalanga,Ward 83205028,MP325,MP325 - Bushbuckridge,MP325 - Bushbuckridge,5780,3016,0.5217993079584775,5617,2650,0.47178209008367455
Mpumalanga,Ward 83205029,MP325,MP325 - Bushbuckridge,MP325 - Bushbuckridge,5927,3346,0.5645351779989877,5396,2858,0.5296515937731653
Mpumalanga,Ward 83205030,MP325,MP325 - Bushbuckridge,MP325 - Bushbuckridge,6016,2880,0.4787234042553192,6234,2661,0.42685274302213666
Mpumalanga,Ward 83205031,MP325,MP325 - Bushbuckridge,MP325 - Bushbuckridge,6109,3413,0.5586839089867409,8538,3967,0.46462871866947764
Mpumalanga,Ward 83205032,MP325,MP325 - Bushbuckridge,MP325 - Bushbuckridge,6035,3476,0.575973487986744,6065,2810,0.46331409727947237
Mpumalanga,Ward 83205033,MP325,MP325 - Bushbuckridge,MP325 - Bushbuckridge,6927,3733,0.5389057311967663,7042,3508,0.4981539335416075
Mpumalanga,Ward 83205034,MP325,MP325 - Bushbuckridge,MP325 - Bushbuckridge,5666,3011,0.5314154606424285,5655,2641,0.46702033598585324
Mpumalanga,Ward 83205035,MP325,MP325 - Bushbuckridge,MP325 - Bushbuckridge,6050,3288,0.5434710743801653,6883,3556,0.5166351881447043
Mpumalanga,Ward 83205036,MP325,MP325 - Bushbuckridge,MP325 - Bushbuckridge,6201,3547,0.5720045154007418,7353,3360,0.4569563443492452
Mpumalanga,Ward 83205037,MP325,MP325 - Bushbuckridge,MP325 - Bushbuckridge,6266,3062,0.4886690073412065,6070,2388,0.39341021416803956
Mpumalanga,Ward 83205038,MP325,MP325 - Bushbuckridge,MP325 - Bushbuckridge,5731,3101,0.541092305007852,5979,3275,0.5477504599431343
Mpumalanga,Ward 83206001,MP326,MP326 - Mbombela/Umjindi,MP326 - City of Mbombela,6930,3859,0.5568542568542568,7350,2710,0.3687074829931973
Mpumalanga,Ward 83206002,MP326,MP326 - Mbombela/Umjindi,MP326 - City of Mbombela,8027,4909,0.6115609816868071,8023,3178,0.39611118035647513
Mpumalanga,Ward 83206003,MP326,MP326 - Mbombela/Umjindi,MP326 - City of Mbombela,7758,4288,0.5527197731374065,7659,2456,0.32066849458153807
Mpumalanga,Ward 83206004,MP326,MP326 - Mbombela/Umjindi,MP326 - City of Mbombela,5589,3383,0.605296117373412,6096,2324,0.38123359580052496
Mpumalanga,Ward 83206005,MP326,MP326 - Mbombela/Umjindi,MP326 - City of Mbombela,8286,5143,0.6206854936036689,8752,3935,0.44961151736745886
Mpumalanga,Ward 83206006,MP326,MP326 - Mbombela/Umjindi,MP326 - City of Mbombela,7839,4572,0.5832376578645235,7662,2777,0.36243800574262597
Mpumalanga,Ward 83206007,MP326,MP326 - Mbombela/Umjindi,MP326 - City of Mbombela,7002,4159,0.5939731505284205,5765,2500,0.4336513443191674
Mpumalanga,Ward 83206008,MP326,MP326 - Mbombela/Umjindi,MP326 - City of Mbombela,6907,4210,0.6095265672506153,6855,2865,0.4179431072210066
Mpumalanga,Ward 83206009,MP326,MP326 - Mbombela/Umjindi,MP326 - City of Mbombela,6098,3769,0.6180714988520827,7058,2802,0.3969963162368943
Mpumalanga,Ward 83206010,MP326,MP326 - Mbombela/Umjindi,MP326 - City of Mbombela,7049,4126,0.5853312526599518,6171,2136,0.34613514827418573
Mpumalanga,Ward 83206011,MP326,MP326 - Mbombela/Umjindi,MP326 - City of Mbombela,7249,4353,0.600496620223479,7056,2635,0.37344104308390025
Mpumalanga,Ward 83206012,MP326,MP326 - Mbombela/Umjindi,MP326 - City of Mbombela,6320,3053,0.4830696202531646,6401,2083,0.32541790345258553
Mpumalanga,Ward 83206013,MP326,MP326 - Mbombela/Umjindi,MP326 - City of Mbombela,7093,2738,0.3860143803750176,6756,2423,0.3586441681468324
Mpumalanga,Ward 83206014,MP326,MP326 - Mbombela/Umjindi,MP326 - City of Mbombela,7255,4123,0.5682977257064094,10175,4697,0.4616216216216216
Mpumalanga,Ward 83206015,MP326,MP326 - Mbombela/Umjindi,MP326 - City of Mbombela,8943,6227,0.6962987811696298,8217,4504,0.5481319216258975
Mpumalanga,Ward 83206016,MP326,MP326 - Mbombela/Umjindi,MP326 - City of Mbombela,5160,2822,0.5468992248062016,5406,2338,0.43248242693303734
Mpumalanga,Ward 83206017,MP326,MP326 - Mbombela/Umjindi,MP326 - City of Mbombela,11676,7588,0.6498800959232613,8830,5121,0.5799546998867497
Mpumalanga,Ward 83206018,MP326,MP326 - Mbombela/Umjindi,MP326 - City of Mbombela,7817,4894,0.6260713828834591,9164,3820,0.4168485377564382
Mpumalanga,Ward 83206019,MP326,MP326 - Mbombela/Umjindi,MP326 - City of Mbombela,7114,4270,0.6002249086308687,7778,3231,0.4154024170737979
Mpumalanga,Ward 83206020,MP326,MP326 - Mbombela/Umjindi,MP326 - City of Mbombela,7024,4159,0.5921127562642369,6824,2800,0.41031652989449
Mpumalanga,Ward 83206021,MP326,MP326 - Mbombela/Umjindi,MP326 - City of Mbombela,6399,3856,0.6025941553367714,6238,2631,0.4217697980121834
Mpumalanga,Ward 83206022,MP326,MP326 - Mbombela/Umjindi,MP326 - City of Mbombela,7019,4096,0.5835589115258584,6279,2557,0.40723045070871156
Mpumalanga,Ward 83206023,MP326,MP326 - Mbombela/Umjindi,MP326 - City of Mbombela,5281,2997,0.567506154137474,6022,2493,0.4139820657588841
Mpumalanga,Ward 83206024,MP326,MP326 - Mbombela/Umjindi,MP326 - City of Mbombela,7992,4949,0.6192442442442443,7660,3304,0.43133159268929505
Mpumalanga,Ward 83206025,MP326,MP326 - Mbombela/Umjindi,MP326 - City of Mbombela,8076,4464,0.5527488855869243,8523,3392,0.3979819312448668
Mpumalanga,Ward 83206026,MP326,MP326 - Mbombela/Umjindi,MP326 - City of Mbombela,4208,2460,0.5846007604562737,6207,2678,0.4314483647494764
Mpumalanga,Ward 83206027,MP326,MP326 - Mbombela/Umjindi,MP326 - City of Mbombela,7680,4665,0.607421875,7858,2625,0.3340544667854416
Mpumalanga,Ward 83206028,MP326,MP326 - Mbombela/Umjindi,MP326 - City of Mbombela,8938,5303,0.5933094652047438,8577,3076,0.3586335548560103
Mpumalanga,Ward 83206029,MP326,MP326 - Mbombela/Umjindi,MP326 - City of Mbombela,7361,4064,0.5520988996060318,7227,3013,0.41690881416908815
Mpumalanga,Ward 83206030,MP326,MP326 - Mbombela/Umjindi,MP326 - City of Mbombela,8094,5108,0.6310847541388683,7782,3874,0.4978154716011308
Mpumalanga,Ward 83206031,MP326,MP326 - Mbombela/Umjindi,MP326 - City of Mbombela,7245,4087,0.5641131815044859,6907,2701,0.3910525553786014
Mpumalanga,Ward 83206032,MP326,MP326 - Mbombela/Umjindi,MP326 - City of Mbombela,6777,3906,0.5763612217795485,6326,2308,0.36484350300347773
Mpumalanga,Ward 83206033,MP326,MP326 - Mbombela/Umjindi,MP326 - City of Mbombela,6515,3909,0.6,6942,2644,0.3808700662633247
Mpumalanga,Ward 83206034,MP326,MP326 - Mbombela/Umjindi,MP326 - City of Mbombela,5945,3868,0.6506307821698907,5922,2730,0.46099290780141844
Mpumalanga,Ward 83206035,MP326,MP326 - Mbombela/Umjindi,MP326 - City of Mbombela,7329,4474,0.6104516305089371,7460,3021,0.4049597855227882
Mpumalanga,Ward 83206036,MP326,MP326 - Mbombela/Umjindi,MP326 - City of Mbombela,6146,3566,0.5802147738366418,5995,2195,0.36613844870725604
Mpumalanga,Ward 83206037,MP326,MP326 - Mbombela/Umjindi,MP326 - City of Mbombela,6268,3815,0.608647096362476,6343,2986,0.4707551631720006
Mpumalanga,Ward 83206038,MP326,MP326 - Mbombela/Umjindi,MP326 - City of Mbombela,5486,3207,0.5845789281808239,5238,2238,0.427262313860252
Mpumalanga,Ward 83206039,MP326,MP326 - Mbombela/Umjindi,MP326 - City of Mbombela,6435,3568,0.5544677544677544,6417,2378,0.3705781517843229
Mpumalanga,Ward 83206040,MP326,MP326 - Mbombela/Umjindi,MP326 - City of Mbombela,7614,6353,0.8343840294194904,7367,2474,0.3358219085109271
Mpumalanga,Ward 83206041,MP326,MP326 - Mbombela/Umjindi,MP326 - City of Mbombela,6842,4180,0.6109324758842444,7279,2916,0.4006044786371754
Mpumalanga,Ward 83206042,MP326,MP326 - Mbombela/Umjindi,MP326 - City of Mbombela,6476,3910,0.6037677578752316,6220,2581,0.414951768488746
Mpumalanga,Ward 83206043,MP326,MP326 - Mbombela/Umjindi,MP326 - City of Mbombela,6813,4033,0.5919565536474387,6828,3054,0.44727592267135324
Mpumalanga,Ward 83206044,MP326,MP326 - Mbombela/Umjindi,MP326 - City of Mbombela,6501,3829,0.5889863097984925,6190,2695,0.43537964458804523
Mpumalanga,Ward 83206045,MP326,MP326 - Mbombela/Umjindi,MP326 - City of Mbombela,6329,3652,0.5770263864749565,6311,2319,0.3674536523530344
North West,Ward 63701001,NW371,NW371 - Moretele,NW371 - Moretele,3368,1840,0.5463182897862233,3156,1407,0.4458174904942966
North West,Ward 63701002,NW371,NW371 - Moretele,NW371 - Moretele,3334,1740,0.5218956208758249,3388,1603,0.4731404958677686
North West,Ward 63701003,NW371,NW371 - Moretele,NW371 - Moretele,3763,1897,0.5041190539463194,3571,1340,0.37524502940352844
North West,Ward 63701004,NW371,NW371 - Moretele,NW371 - Moretele,3518,1886,0.5361000568504832,3455,1639,0.4743849493487699
North West,Ward 63701005,NW371,NW371 - Moretele,NW371 - Moretele,3205,1667,0.5201248049921997,3174,1510,0.47574039067422813
North West,Ward 63701006,NW371,NW371 - Moretele,NW371 - Moretele,3350,1720,0.5134328358208955,3264,1650,0.5055147058823529
North West,Ward 63701007,NW371,NW371 - Moretele,NW371 - Moretele,3800,2150,0.5657894736842105,3628,1577,0.4346747519294377
North West,Ward 63701008,NW371,NW371 - Moretele,NW371 - Moretele,3324,1435,0.43170878459687123,4843,2172,0.4484823456535205
North West,Ward 63701009,NW371,NW371 - Moretele,NW371 - Moretele,3923,2310,0.5888350751975528,4757,1861,0.391212949337818
North West,Ward 63701010,NW371,NW371 - Moretele,NW371 - Moretele,4150,2226,0.5363855421686747,3789,1789,0.47215624175244125
North West,Ward 63701011,NW371,NW371 - Moretele,NW371 - Moretele,4435,2387,0.5382187147688838,3413,1420,0.41605625549370057
North West,Ward 63701012,NW371,NW371 - Moretele,NW371 - Moretele,3477,1650,0.4745470232959448,2754,948,0.3442265795206972
North West,Ward 63701013,NW371,NW371 - Moretele,NW371 - Moretele,4178,2130,0.5098133078027764,3298,1472,0.44633110976349305
North West,Ward 63701014,NW371,NW371 - Moretele,NW371 - Moretele,3837,1830,0.4769351055512119,3394,1428,0.4207424867413082
North West,Ward 63701015,NW371,NW371 - Moretele,NW371 - Moretele,3547,1902,0.5362277981392726,3451,1732,0.5018835120254999
North West,Ward 63701016,NW371,NW371 - Moretele,NW371 - Moretele,4236,2339,0.5521718602455147,4014,1378,0.34329845540607873
North West,Ward 63701017,NW371,NW371 - Moretele,NW371 - Moretele,4131,2176,0.5267489711934157,3847,1654,0.42994541200935793
North West,Ward 63701018,NW371,NW371 - Moretele,NW371 - Moretele,3444,1793,0.5206155632984901,3902,1441,0.3692977960020502
North West,Ward 63701019,NW371,NW371 - Moretele,NW371 - Moretele,3633,2064,0.5681255161023947,3697,1610,0.43548823370300244
North West,Ward 63701020,NW371,NW371 - Moretele,NW371 - Moretele,4461,2407,0.5395651199282672,3216,1251,0.38899253731343286
North West,Ward 63701021,NW371,NW371 - Moretele,NW371 - Moretele,4030,2072,0.5141439205955335,3759,1462,0.38893322692205373
North West,Ward 63701022,NW371,NW371 - Moretele,NW371 - Moretele,3236,1555,0.4805315203955501,3877,1610,0.41526953830281144
North West,Ward 63701023,NW371,NW371 - Moretele,NW371 - Moretele,4119,2189,0.5314396698227725,2992,1700,0.5681818181818182
North West,Ward 63701024,NW371,NW371 - Moretele,NW371 - Moretele,3027,1496,0.49421869838123555,3704,1301,0.3512419006479482
North West,Ward 63701025,NW371,NW371 - Moretele,NW371 - Moretele,4787,2902,0.6062251932316691,4039,2121,0.5251299826689775
North West,Ward 63701026,NW371,NW371 - Moretele,NW371 - Moretele,3510,1760,0.5014245014245015,4331,2010,0.464096051720157
North West,Ward 63702001,NW372,NW372 - Madibeng,NW372 - Madibeng,4637,2491,0.5372007763640285,4535,2121,0.4676957001102536
North West,Ward 63702002,NW372,NW372 - Madibeng,NW372 - Madibeng,5432,2728,0.5022091310751104,4537,1645,0.362574388362354
North West,Ward 63702003,NW372,NW372 - Madibeng,NW372 - Madibeng,4569,2461,0.5386298971328518,4312,2226,0.5162337662337663
North West,Ward 63702004,NW372,NW372 - Madibeng,NW372 - Madibeng,4726,2486,0.5260262378332629,4391,1817,0.41380095650193577
North West,Ward 63702005,NW372,NW372 - Madibeng,NW372 - Madibeng,5468,3165,0.5788222384784198,5324,1998,0.37528174305033807
North West,Ward 63702006,NW372,NW372 - Madibeng,NW372 - Madibeng,5126,2750,0.5364806866952789,4802,1879,0.39129529362765514
North West,Ward 63702007,NW372,NW372 - Madibeng,NW372 - Madibeng,6085,3245,0.533278553820871,5978,2197,0.36751421880227503
North West,Ward 63702008,NW372,NW372 - Madibeng,NW372 - Madibeng,6215,3243,0.5218020917135962,5966,1998,0.3348977539389876
North West,Ward 63702009,NW372,NW372 - Madibeng,NW372 - Madibeng,5254,2544,0.48420251237152645,4935,1548,0.31367781155015195
North West,Ward 63702010,NW372,NW372 - Madibeng,NW372 - Madibeng,6664,3287,0.4932472989195678,7350,2514,0.3420408163265306
North West,Ward 63702011,NW372,NW372 - Madibeng,NW372 - Madibeng,5319,2913,0.5476593344613649,5611,2143,0.381928355016931
North West,Ward 63702012,NW372,NW372 - Madibeng,NW372 - Madibeng,5851,3158,0.5397367971286959,4536,1784,0.3932980599647266
North West,Ward 63702013,NW372,NW372 - Madibeng,NW372 - Madibeng,5971,2581,0.43225590353374643,5531,2000,0.3615982643283312
North West,Ward 63702014,NW372,NW372 - Madibeng,NW372 - Madibeng,5230,2741,0.5240917782026768,4112,1980,0.48151750972762647
North West,Ward 63702015,NW372,NW372 - Madibeng,NW372 - Madibeng,5523,2726,0.4935723338765164,5912,2203,0.3726319350473613
North West,Ward 63702016,NW372,NW372 - Madibeng,NW372 - Madibeng,4928,2753,0.5586444805194806,4759,1872,0.39335994956923725
North West,Ward 63702017,NW372,NW372 - Madibeng,NW372 - Madibeng,5804,2839,0.48914541695382496,5196,2035,0.3916474210931486
North West,Ward 63702018,NW372,NW372 - Madibeng,NW372 - Madibeng,4610,2493,0.5407809110629067,5849,2153,0.3680971106171995
North West,Ward 63702019,NW372,NW372 - Madibeng,NW372 - Madibeng,5742,2961,0.5156739811912225,6123,2685,0.43851053405193535
North West,Ward 63702020,NW372,NW372 - Madibeng,NW372 - Madibeng,4883,2751,0.5633831660864222,4610,1920,0.4164859002169197
North West,Ward 63702021,NW372,NW372 - Madibeng,NW372 - Madibeng,5975,2974,0.49774058577405855,5476,2388,0.4360847333820307
North West,Ward 63702022,NW372,NW372 - Madibeng,NW372 - Madibeng,4966,3259,0.6562625855819573,4563,2268,0.4970414201183432
North West,Ward 63702023,NW372,NW372 - Madibeng,NW372 - Madibeng,4980,2844,0.5710843373493976,6516,3240,0.4972375690607735
North West,Ward 63702024,NW372,NW372 - Madibeng,NW372 - Madibeng,4867,2606,0.5354427778919252,4654,2207,0.47421572840567255
North West,Ward 63702025,NW372,NW372 - Madibeng,NW372 - Madibeng,5563,2522,0.4533525076397627,6866,2701,0.39338770754442176
North West,Ward 63702026,NW372,NW372 - Madibeng,NW372 - Madibeng,6316,2841,0.44981000633312224,6019,1598,0.2654926067453065
North West,Ward 63702027,NW372,NW372 - Madibeng,NW372 - Madibeng,6051,3275,0.5412328540737068,6471,3071,0.4745788904342451
North West,Ward 63702028,NW372,NW372 - Madibeng,NW372 - Madibeng,4745,2435,0.5131717597471022,4899,1559,0.3182282098387426
North West,Ward 63702029,NW372,NW372 - Madibeng,NW372 - Madibeng,6720,4160,0.6190476190476191,6054,3098,0.5117277832837793
North West,Ward 63702030,NW372,NW372 - Madibeng,NW372 - Madibeng,6669,4488,0.6729644624381467,7175,3365,0.4689895470383275
North West,Ward 63702031,NW372,NW372 - Madibeng,NW372 - Madibeng,5930,2982,0.502866779089376,6399,2302,0.3597437099546804
North West,Ward 63702032,NW372,NW372 - Madibeng,NW372 - Madibeng,5333,2333,0.437464841552597,5717,1818,0.31799895049851323
North West,Ward 63702033,NW372,NW372 - Madibeng,NW372 - Madibeng,5382,3339,0.6204013377926422,6328,3170,0.5009481668773704
North West,Ward 63702034,NW372,NW372 - Madibeng,NW372 - Madibeng,5338,2833,0.5307231172723866,5350,2781,0.5198130841121495
North West,Ward 63702035,NW372,NW372 - Madibeng,NW372 - Madibeng,5961,3263,0.5473913772856903,3297,1429,0.43342432514407037
North West,Ward 63702036,NW372,NW372 - Madibeng,NW372 - Madibeng,4440,2180,0.49099099099099097,4389,1615,0.36796536796536794
North West,Ward 63702037,NW372,NW372 - Madibeng,NW372 - Madibeng,5274,2643,0.5011376564277589,5069,1930,0.3807457092128625
North West,Ward 63702038,NW372,NW372 - Madibeng,NW372 - Madibeng,5655,2971,0.5253757736516357,6924,2939,0.42446562680531486
North West,Ward 63702039,NW372,NW372 - Madibeng,NW372 - Madibeng,4587,2568,0.5598430346631785,6536,2805,0.42916156670746636
North West,Ward 63702040,NW372,NW372 - Madibeng,NW372 - Madibeng,6448,3060,0.47456575682382135,5618,2394,0.4261302954788181
North West,Ward 63702041,NW372,NW372 - Madibeng,NW372 - Madibeng,4872,2441,0.5010262725779967,4115,1534,0.3727825030376671
North West,Ward 63703001,NW373,NW373 - Rustenburg,NW373 - Rustenburg,6964,3682,0.5287191269385411,7054,3123,0.44272753047916075
North West,Ward 63703002,NW373,NW373 - Rustenburg,NW373 - Rustenburg,7033,3244,0.4612540878714631,7630,2783,0.3647444298820446
North West,Ward 63703003,NW373,NW373 - Rustenburg,NW373 - Rustenburg,5418,2443,0.4509043927648579,4860,1235,0.25411522633744854
North West,Ward 63703004,NW373,NW373 - Rustenburg,NW373 - Rustenburg,7343,3406,0.4638431158926869,6579,1719,0.2612859097127223
North West,Ward 63703005,NW373,NW373 - Rustenburg,NW373 - Rustenburg,6433,2952,0.45888387999378205,6029,2307,0.3826505224747056
North West,Ward 63703006,NW373,NW373 - Rustenburg,NW373 - Rustenburg,6317,2899,0.45892037359506094,5860,2061,0.35170648464163823
North West,Ward 63703007,NW373,NW373 - Rustenburg,NW373 - Rustenburg,6877,3510,0.5103969754253308,5409,2038,0.3767794416712886
North West,Ward 63703008,NW373,NW373 - Rustenburg,NW373 - Rustenburg,5858,3130,0.5343120518948447,5572,1845,0.33111988513998564
North West,Ward 63703009,NW373,NW373 - Rustenburg,NW373 - Rustenburg,5939,2904,0.4889712072739518,8410,2667,0.31712247324613557
North West,Ward 63703010,NW373,NW373 - Rustenburg,NW373 - Rustenburg,6972,3024,0.43373493975903615,6200,1540,0.24838709677419354
North West,Ward 63703011,NW373,NW373 - Rustenburg,NW373 - Rustenburg,5852,2669,0.4560833902939166,6098,1748,0.2866513611020007
North West,Ward 63703012,NW373,NW373 - Rustenburg,NW373 - Rustenburg,7554,3466,0.4588297590680434,7326,2343,0.31981981981981983
North West,Ward 63703013,NW373,NW373 - Rustenburg,NW373 - Rustenburg,7939,3258,0.41037914094974176,7100,1892,0.26647887323943664
North West,Ward 63703014,NW373,NW373 - Rustenburg,NW373 - Rustenburg,6622,4040,0.6100875868317729,7335,3663,0.49938650306748467
North West,Ward 63703015,NW373,NW373 - Rustenburg,NW373 - Rustenburg,6431,3878,0.6030166381589177,5706,2828,0.4956186470382054
North West,Ward 63703016,NW373,NW373 - Rustenburg,NW373 - Rustenburg,9310,5538,0.59484425349087,5763,2810,0.4875932673954538
North West,Ward 63703017,NW373,NW373 - Rustenburg,NW373 - Rustenburg,6481,3758,0.5798487887671656,5893,2842,0.48226709655523503
North West,Ward 63703018,NW373,NW373 - Rustenburg,NW373 - Rustenburg,4632,1908,0.4119170984455959,6358,2214,0.34822271154451084
North West,Ward 63703019,NW373,NW373 - Rustenburg,NW373 - Rustenburg,7652,3182,0.41583899634082594,5514,1541,0.2794704388828437
North West,Ward 63703020,NW373,NW373 - Rustenburg,NW373 - Rustenburg,6780,3310,0.4882005899705015,5922,1865,0.3149273893954745
North West,Ward 63703021,NW373,NW373 - Rustenburg,NW373 - Rustenburg,6655,3356,0.504282494365139,7647,2912,0.38080292925330195
North West,Ward 63703022,NW373,NW373 - Rustenburg,NW373 - Rustenburg,8392,3915,0.46651572926596757,7159,2044,0.28551473669506916
North West,Ward 63703023,NW373,NW373 - Rustenburg,NW373 - Rustenburg,5876,3308,0.5629680054458815,6578,2659,0.4042262085740347
North West,Ward 63703024,NW373,NW373 - Rustenburg,NW373 - Rustenburg,6614,2919,0.4413365588146356,9810,2775,0.28287461773700306
North West,Ward 63703025,NW373,NW373 - Rustenburg,NW373 - Rustenburg,6226,3648,0.5859299710889817,6146,3267,0.5315652456882525
North West,Ward 63703026,NW373,NW373 - Rustenburg,NW373 - Rustenburg,5913,3345,0.5657026889903602,5777,2739,0.4741215163579713
North West,Ward 63703027,NW373,NW373 - Rustenburg,NW373 - Rustenburg,7286,4190,0.5750754872357947,7054,2989,0.4237312163311596
North West,Ward 63703028,NW373,NW373 - Rustenburg,NW373 - Rustenburg,6558,3802,0.5797499237572431,6340,2673,0.421608832807571
North West,Ward 63703029,NW373,NW373 - Rustenburg,NW373 - Rustenburg,5098,2862,0.5613966261278933,6197,3454,0.557366467645635
North West,Ward 63703030,NW373,NW373 - Rustenburg,NW373 - Rustenburg,5905,3163,0.5356477561388654,5697,2167,0.3803756362998069
North West,Ward 63703031,NW373,NW373 - Rustenburg,NW373 - Rustenburg,6289,3168,0.5037366830974718,4967,1330,0.26776726394201733
North West,Ward 63703032,NW373,NW373 - Rustenburg,NW373 - Rustenburg,6954,3273,0.47066436583261434,6840,2260,0.3304093567251462
North West,Ward 63703033,NW373,NW373 - Rustenburg,NW373 - Rustenburg,4844,1806,0.37283236994219654,5341,1304,0.24414903576109342
North West,Ward 63703034,NW373,NW373 - Rustenburg,NW373 - Rustenburg,6388,2767,0.4331559173450219,5730,1970,0.343804537521815
North West,Ward 63703035,NW373,NW373 - Rustenburg,NW373 - Rustenburg,7710,3930,0.5097276264591439,6733,2612,0.3879399970295559
North West,Ward 63703036,NW373,NW373 - Rustenburg,NW373 - Rustenburg,6909,3825,0.5536257056013895,6491,2798,0.4310583885379757
North West,Ward 63703037,NW373,NW373 - Rustenburg,NW373 - Rustenburg,5878,2630,0.44743109901326983,5853,1530,0.26140440799589953
North West,Ward 63703038,NW373,NW373 - Rustenburg,NW373 - Rustenburg,6837,3010,0.44025157232704404,4623,1219,0.263681592039801
North West,Ward 63703039,NW373,NW373 - Rustenburg,NW373 - Rustenburg,7086,3147,0.4441151566469094,6685,2039,0.3050112191473448
North West,Ward 63703040,NW373,NW373 - Rustenburg,NW373 - Rustenburg,7628,4354,0.5707918196119559,10141,3709,0.36574302337047626
North West,Ward 63703041,NW373,NW373 - Rustenburg,NW373 - Rustenburg,6077,2736,0.4502221490867204,7047,2155,0.3058038881793671
North West,Ward 63703042,NW373,NW373 - Rustenburg,NW373 - Rustenburg,7618,3733,0.49002362824888424,5963,1918,0.3216501760858628
North West,Ward 63703043,NW373,NW373 - Rustenburg,NW373 - Rustenburg,6794,3488,0.5133941713276421,6274,2011,0.3205291679948996
North West,Ward 63703044,NW373,NW373 - Rustenburg,NW373 - Rustenburg,5737,3304,0.5759107547498693,5332,2392,0.4486121530382596
North West,Ward 63703045,NW373,NW373 - Rustenburg,NW373 - Rustenburg,5540,2568,0.4635379061371841,5304,1840,0.3469079939668175
North West,Ward 63704001,NW374,NW374 - Kgetlengrivier,NW374 - Kgetlengrivier,2704,1591,0.588387573964497,2691,1289,0.4790040876997399
North West,Ward 63704002,NW374,NW374 - Kgetlengrivier,NW374 - Kgetlengrivier,2983,1602,0.5370432450553134,3204,1675,0.5227840199750312
North West,Ward 63704003,NW374,NW374 - Kgetlengrivier,NW374 - Kgetlengrivier,2405,1378,0.572972972972973,2773,1385,0.4994590695997115
North West,Ward 63704004,NW374,NW374 - Kgetlengrivier,NW374 - Kgetlengrivier,3060,1715,0.5604575163398693,2791,1281,0.4589752776782515
North West,Ward 63704005,NW374,NW374 - Kgetlengrivier,NW374 - Kgetlengrivier,2925,2049,0.7005128205128205,2928,1349,0.460724043715847
North West,Ward 63704006,NW374,NW374 - Kgetlengrivier,NW374 - Kgetlengrivier,2921,1649,0.5645326942827799,3222,1566,0.4860335195530726
North West,Ward 63704007,NW374,NW374 - Kgetlengrivier,NW374 - Kgetlengrivier,2544,1695,0.6662735849056604,4343,2220,0.5111673958093483
North West,Ward 63705001,NW375,NW375 - Moses Kotane,NW375 - Moses Kotane,4087,2149,0.525813555174945,3961,1802,0.45493562231759654
North West,Ward 63705002,NW375,NW375 - Moses Kotane,NW375 - Moses Kotane,4006,2194,0.5476784822765851,3793,1809,0.47693118903242815
North West,Ward 63705003,NW375,NW375 - Moses Kotane,NW375 - Moses Kotane,3532,2129,0.6027746319365799,3071,1299,0.42298925431455553
North West,Ward 63705004,NW375,NW375 - Moses Kotane,NW375 - Moses Kotane,4305,2143,0.49779326364692217,3951,1585,0.4011642622120982
North West,Ward 63705005,NW375,NW375 - Moses Kotane,NW375 - Moses Kotane,3423,1912,0.5585743499853929,3500,1528,0.43657142857142855
North West,Ward 63705006,NW375,NW375 - Moses Kotane,NW375 - Moses Kotane,3935,2207,0.560864040660737,3730,1720,0.46112600536193027
North West,Ward 63705007,NW375,NW375 - Moses Kotane,NW375 - Moses Kotane,3541,1441,0.4069471900593053,3184,1106,0.3473618090452261
North West,Ward 63705008,NW375,NW375 - Moses Kotane,NW375 - Moses Kotane,3735,1965,0.5261044176706827,3533,1682,0.4760826493065384
North West,Ward 63705009,NW375,NW375 - Moses Kotane,NW375 - Moses Kotane,3579,1749,0.4886839899413244,4048,1408,0.34782608695652173
North West,Ward 63705010,NW375,NW375 - Moses Kotane,NW375 - Moses Kotane,3446,1677,0.4866511897852583,3455,2346,0.6790159189580318
North West,Ward 63705011,NW375,NW375 - Moses Kotane,NW375 - Moses Kotane,3514,2169,0.6172453044963006,3396,1518,0.4469964664310954
North West,Ward 63705012,NW375,NW375 - Moses Kotane,NW375 - Moses Kotane,3315,1744,0.5260935143288085,3146,1634,0.5193897012078831
North West,Ward 63705013,NW375,NW375 - Moses Kotane,NW375 - Moses Kotane,3073,1291,0.4201106410673609,3038,854,0.28110599078341014
North West,Ward 63705014,NW375,NW375 - Moses Kotane,NW375 - Moses Kotane,3028,1449,0.4785336856010568,3133,755,0.24098308330673476
North West,Ward 63705015,NW375,NW375 - Moses Kotane,NW375 - Moses Kotane,3861,2107,0.5457135457135457,2726,1144,0.41966250917094644
North West,Ward 63705016,NW375,NW375 - Moses Kotane,NW375 - Moses Kotane,4186,2164,0.5169612995699953,4427,1523,0.3440252992997515
North West,Ward 63705017,NW375,NW375 - Moses Kotane,NW375 - Moses Kotane,3415,1851,0.5420204978038068,3195,1240,0.38810641627543035
North West,Ward 63705018,NW375,NW375 - Moses Kotane,NW375 - Moses Kotane,3419,1773,0.5185726820707809,4354,1789,0.4108865411116215
North West,Ward 63705019,NW375,NW375 - Moses Kotane,NW375 - Moses Kotane,3736,2108,0.5642398286937902,2476,1147,0.4632471728594507
North West,Ward 63705020,NW375,NW375 - Moses Kotane,NW375 - Moses Kotane,3479,1959,0.5630928427709112,3271,1294,0.3955976765515133
North West,Ward 63705021,NW375,NW375 - Moses Kotane,NW375 - Moses Kotane,4314,2382,0.5521557719054242,4416,1761,0.39877717391304346
North West,Ward 63705022,NW375,NW375 - Moses Kotane,NW375 - Moses Kotane,3539,1759,0.49703306018649335,3488,1206,0.34575688073394495
North West,Ward 63705023,NW375,NW375 - Moses Kotane,NW375 - Moses Kotane,3390,1671,0.4929203539823009,3146,1248,0.39669421487603307
North West,Ward 63705024,NW375,NW375 - Moses Kotane,NW375 - Moses Kotane,3742,1891,0.505344735435596,3599,1314,0.36510141706029453
North West,Ward 63705025,NW375,NW375 - Moses Kotane,NW375 - Moses Kotane,4016,1827,0.45493027888446214,3797,1476,0.3887279431129839
North West,Ward 63705026,NW375,NW375 - Moses Kotane,NW375 - Moses Kotane,4266,1903,0.44608532583216126,3275,1580,0.48244274809160304
North West,Ward 63705027,NW375,NW375 - Moses Kotane,NW375 - Moses Kotane,3742,1975,0.5277926242650989,4253,1659,0.39007759228779687
North West,Ward 63705028,NW375,NW375 - Moses Kotane,NW375 - Moses Kotane,4266,2313,0.5421940928270043,4205,1516,0.3605231866825208
North West,Ward 63705029,NW375,NW375 - Moses Kotane,NW375 - Moses Kotane,3653,2002,0.5480427046263345,3399,1592,0.46837305089732273
North West,Ward 63705030,NW375,NW375 - Moses Kotane,NW375 - Moses Kotane,3731,2121,0.5684803001876173,4168,1573,0.3773992322456814
North West,Ward 63705031,NW375,NW375 - Moses Kotane,NW375 - Moses Kotane,3726,1859,0.49892646269457863,3124,1283,0.4106914212548015
North West,Ward 63705032,NW375,NW375 - Moses Kotane,NW375 - Moses Kotane,3214,1395,0.43403858120721844,2994,1048,0.3500334001336005
North West,Ward 63705033,NW375,NW375 - Moses Kotane,NW375 - Moses Kotane,4703,2504,0.5324261109929832,3328,1368,0.4110576923076923
North West,Ward 63705034,NW375,NW375 - Moses Kotane,NW375 - Moses Kotane,3404,1665,0.4891304347826087,2794,928,0.33214030064423766
North West,Ward 63801001,NW381,NW381 - Ratlou,NW381 - Ratlou,4036,2273,0.563181367690783,3878,1921,0.49535843218153686
North West,Ward 63801002,NW381,NW381 - Ratlou,NW381 - Ratlou,3897,2122,0.5445214267385168,3754,1683,0.44832179009057005
North West,Ward 63801003,NW381,NW381 - Ratlou,NW381 - Ratlou,3574,1775,0.4966424174594292,3311,1285,0.38810027182120205
North West,Ward 63801004,NW381,NW381 - Ratlou,NW381 - Ratlou,4109,2500,0.6084205402774397,4102,2209,0.538517796196977
North West,Ward 63801005,NW381,NW381 - Ratlou,NW381 - Ratlou,3274,1463,0.4468540012217471,3122,1274,0.4080717488789238
North West,Ward 63801006,NW381,NW381 - Ratlou,NW381 - Ratlou,3111,1673,0.537769206043073,3387,1465,0.4325361677000295
North West,Ward 63801007,NW381,NW381 - Ratlou,NW381 - Ratlou,3392,1701,0.5014740566037735,3130,1392,0.4447284345047923
North West,Ward 63801008,NW381,NW381 - Ratlou,NW381 - Ratlou,3963,1909,0.4817057784506687,2834,1349,0.47600564573041637
North West,Ward 63801009,NW381,NW381 - Ratlou,NW381 - Ratlou,3492,1811,0.5186139747995419,3602,1357,0.3767351471404775
North West,Ward 63801010,NW381,NW381 - Ratlou,NW381 - Ratlou,2852,1685,0.5908134642356241,4218,1473,0.3492176386913229
North West,Ward 63801011,NW381,NW381 - Ratlou,NW381 - Ratlou,3152,1734,0.5501269035532995,2202,1026,0.4659400544959128
North West,Ward 63801012,NW381,NW381 - Ratlou,NW381 - Ratlou,3700,2039,0.5510810810810811,2966,1295,0.43661496965610247
North West,Ward 63801013,NW381,NW381 - Ratlou,NW381 - Ratlou,3469,1870,0.5390602479100606,2929,1259,0.4298395356777057
North West,Ward 63801014,NW381,NW381 - Ratlou,NW381 - Ratlou,3937,2037,0.5173990347980696,3752,1302,0.34701492537313433
North West,Ward 63802001,NW382,NW382 - Tswaing,NW382 - Tswaing,3552,1269,0.3572635135135135,3329,1250,0.37548813457494745
North West,Ward 63802002,NW382,NW382 - Tswaing,NW382 - Tswaing,3363,1699,0.5052036871840618,3191,1183,0.37073017862738955
North West,Ward 63802003,NW382,NW382 - Tswaing,NW382 - Tswaing,3268,1644,0.5030599755201959,2991,1415,0.47308592443998665
North West,Ward 63802004,NW382,NW382 - Tswaing,NW382 - Tswaing,3855,2015,0.522697795071336,3606,1496,0.41486411536328344
North West,Ward 63802005,NW382,NW382 - Tswaing,NW382 - Tswaing,3553,1624,0.4570785251899803,3189,1301,0.4079648792724992
North West,Ward 63802006,NW382,NW382 - Tswaing,NW382 - Tswaing,3683,2017,0.5476513711648113,3415,1525,0.4465592972181552
North West,Ward 63802007,NW382,NW382 - Tswaing,NW382 - Tswaing,3885,2299,0.5917631917631918,3770,1825,0.48408488063660476
North West,Ward 63802008,NW382,NW382 - Tswaing,NW382 - Tswaing,3654,2140,0.5856595511767926,3594,2008,0.558708959376739
North West,Ward 63802009,NW382,NW382 - Tswaing,NW382 - Tswaing,3633,1801,0.49573355353702175,3734,1565,0.419121585431173
North West,Ward 63802010,NW382,NW382 - Tswaing,NW382 - Tswaing,3040,1504,0.49473684210526314,2977,1252,0.42055760833053407
North West,Ward 63802011,NW382,NW382 - Tswaing,NW382 - Tswaing,3643,1783,0.48943178698874557,4554,1697,0.3726394378568292
North West,Ward 63802012,NW382,NW382 - Tswaing,NW382 - Tswaing,2918,1275,0.4369431117203564,3441,1301,0.3780877651845394
North West,Ward 63802013,NW382,NW382 - Tswaing,NW382 - Tswaing,3157,1611,0.5102945834653152,3090,1403,0.4540453074433657
North West,Ward 63802014,NW382,NW382 - Tswaing,NW382 - Tswaing,3623,2060,0.5685895666574662,4019,1753,0.4361781537695944
North West,Ward 63803001,NW383,NW383 - Mafikeng,NW383 - Mafikeng,3780,1946,0.5148148148148148,3702,1242,0.3354943273905997
North West,Ward 63803002,NW383,NW383 - Mafikeng,NW383 - Mafikeng,3950,1971,0.49898734177215187,3905,1622,0.41536491677336745
North West,Ward 63803003,NW383,NW383 - Mafikeng,NW383 - Mafikeng,4462,2457,0.550649932765576,4418,2219,0.5022634676324128
North West,Ward 63803004,NW383,NW383 - Mafikeng,NW383 - Mafikeng,3687,2020,0.5478708977488473,3533,1606,0.4545711859609397
North West,Ward 63803005,NW383,NW383 - Mafikeng,NW383 - Mafikeng,3775,1697,0.44953642384105963,3280,1002,0.3054878048780488
North West,Ward 63803006,NW383,NW383 - Mafikeng,NW383 - Mafikeng,3740,2028,0.5422459893048128,2923,1117,0.3821416353061923
North West,Ward 63803007,NW383,NW383 - Mafikeng,NW383 - Mafikeng,3891,1903,0.48907735800565405,3910,1373,0.35115089514066494
North West,Ward 63803008,NW383,NW383 - Mafikeng,NW383 - Mafikeng,3594,1351,0.37590428491930994,5375,1484,0.276093023255814
North West,Ward 63803009,NW383,NW383 - Mafikeng,NW383 - Mafikeng,3625,2004,0.5528275862068965,4175,1933,0.4629940119760479
North West,Ward 63803010,NW383,NW383 - Mafikeng,NW383 - Mafikeng,4290,1677,0.39090909090909093,2849,899,0.31554931554931553
North West,Ward 63803011,NW383,NW383 - Mafikeng,NW383 - Mafikeng,3587,1676,0.46724282129913575,3360,1105,0.3288690476190476
North West,Ward 63803012,NW383,NW383 - Mafikeng,NW383 - Mafikeng,4338,1831,0.42208390963577685,4219,1106,0.26214742830054516
North West,Ward 63803013,NW383,NW383 - Mafikeng,NW383 - Mafikeng,2944,1429,0.48539402173913043,4098,1498,0.365544167886774
North West,Ward 63803014,NW383,NW383 - Mafikeng,NW383 - Mafikeng,4363,1850,0.4240201696080678,4095,1284,0.31355311355311355
North West,Ward 63803015,NW383,NW383 - Mafikeng,NW383 - Mafikeng,3737,1960,0.5244848809205245,3474,1328,0.3822682786413356
North West,Ward 63803016,NW383,NW383 - Mafikeng,NW383 - Mafikeng,3275,1722,0.5258015267175572,3369,1062,0.31522707034728403
North West,Ward 63803017,NW383,NW383 - Mafikeng,NW383 - Mafikeng,3299,1895,0.5744164898454077,3492,1728,0.4948453608247423
North West,Ward 63803018,NW383,NW383 - Mafikeng,NW383 - Mafikeng,4141,2038,0.4921516541898092,3896,1435,0.36832648870636553
North West,Ward 63803019,NW383,NW383 - Mafikeng,NW383 - Mafikeng,3837,1929,0.5027365129007036,3464,1296,0.3741339491916859
North West,Ward 63803020,NW383,NW383 - Mafikeng,NW383 - Mafikeng,4204,2149,0.5111798287345385,4952,1671,0.3374394184168013
North West,Ward 63803021,NW383,NW383 - Mafikeng,NW383 - Mafikeng,3690,1855,0.502710027100271,3467,1142,0.3293914046726276
North West,Ward 63803022,NW383,NW383 - Mafikeng,NW383 - Mafikeng,3989,1991,0.49912258711456503,4465,1819,0.4073908174692049
North West,Ward 63803023,NW383,NW383 - Mafikeng,NW383 - Mafikeng,4125,2334,0.5658181818181818,3968,1789,0.4508568548387097
North West,Ward 63803024,NW383,NW383 - Mafikeng,NW383 - Mafikeng,3986,2138,0.5363773206221776,3810,1705,0.44750656167979
North West,Ward 63803025,NW383,NW383 - Mafikeng,NW383 - Mafikeng,3940,2071,0.5256345177664975,3807,1712,0.44969792487522986
North West,Ward 63803026,NW383,NW383 - Mafikeng,NW383 - Mafikeng,4138,2197,0.5309328177863702,4008,1687,0.4209081836327345
North West,Ward 63803027,NW383,NW383 - Mafikeng,NW383 - Mafikeng,3531,2063,0.5842537524780516,3516,1589,0.45193401592719
North West,Ward 63803028,NW383,NW383 - Mafikeng,NW383 - Mafikeng,3771,1757,0.46592415804826304,4291,1328,0.30948496853880214
North West,Ward 63803029,NW383,NW383 - Mafikeng,NW383 - Mafikeng,3530,1923,0.5447592067988668,3529,1456,0.41258146783791444
North West,Ward 63803030,NW383,NW383 - Mafikeng,NW383 - Mafikeng,4238,1866,0.44030202925908446,2856,1106,0.3872549019607843
North West,Ward 63803031,NW383,NW383 - Mafikeng,NW383 - Mafikeng,3526,1842,0.5224049914917753,3324,1067,0.3209987966305656
North West,Ward 63803032,NW383,NW383 - Mafikeng,NW383 - Mafikeng,3239,1593,0.49181846248842237,3805,1349,0.3545335085413929
North West,Ward 63803033,NW383,NW383 - Mafikeng,NW383 - Mafikeng,4055,2021,0.49839704069050556,2780,1050,0.3776978417266187
North West,Ward 63803034,NW383,NW383 - Mafikeng,NW383 - Mafikeng,3627,1736,0.47863247863247865,3617,1386,0.38319048935581973
North West,Ward 63803035,NW383,NW383 - Mafikeng,NW383 - Mafikeng,4303,1977,0.45944689751336276,4170,1343,0.3220623501199041
North West,Ward 63804001,NW384,NW384 - Ditsobotla,NW384 - Ditsobotla,3034,1352,0.4456163480553724,2801,1087,0.38807568725455194
North West,Ward 63804002,NW384,NW384 - Ditsobotla,NW384 - Ditsobotla,3212,1580,0.4919053549190536,2707,1191,0.43997044698928706
North West,Ward 63804003,NW384,NW384 - Ditsobotla,NW384 - Ditsobotla,3760,2107,0.560372340425532,3951,1967,0.4978486459124272
North West,Ward 63804004,NW384,NW384 - Ditsobotla,NW384 - Ditsobotla,3708,1899,0.5121359223300971,5680,2454,0.43204225352112674
North West,Ward 63804005,NW384,NW384 - Ditsobotla,NW384 - Ditsobotla,3971,2008,0.5056660790732813,1713,796,0.46468184471687096
North West,Ward 63804006,NW384,NW384 - Ditsobotla,NW384 - Ditsobotla,4030,2564,0.6362282878411911,3887,2240,0.5762799073835864
North West,Ward 63804007,NW384,NW384 - Ditsobotla,NW384 - Ditsobotla,3999,2160,0.5401350337584396,3223,1612,0.5001551349674217
North West,Ward 63804008,NW384,NW384 - Ditsobotla,NW384 - Ditsobotla,3619,2018,0.5576126001657916,3512,1548,0.4407744874715262
North West,Ward 63804009,NW384,NW384 - Ditsobotla,NW384 - Ditsobotla,4080,2206,0.5406862745098039,3921,1619,0.4129048712063249
North West,Ward 63804010,NW384,NW384 - Ditsobotla,NW384 - Ditsobotla,3667,1745,0.47586583037905644,3453,1435,0.4155806545033304
North West,Ward 63804011,NW384,NW384 - Ditsobotla,NW384 - Ditsobotla,4048,1963,0.4849308300395257,3632,1504,0.41409691629955947
North West,Ward 63804012,NW384,NW384 - Ditsobotla,NW384 - Ditsobotla,3089,1369,0.44318549692457104,3280,1238,0.3774390243902439
North West,Ward 63804013,NW384,NW384 - Ditsobotla,NW384 - Ditsobotla,3352,1684,0.5023866348448688,3345,1108,0.33124065769805683
North West,Ward 63804014,NW384,NW384 - Ditsobotla,NW384 - Ditsobotla,3274,1520,0.46426389737324375,3551,928,0.26133483525767387
North West,Ward 63804015,NW384,NW384 - Ditsobotla,NW384 - Ditsobotla,4088,2068,0.5058708414872799,3813,1826,0.4788880146865985
North West,Ward 63804016,NW384,NW384 - Ditsobotla,NW384 - Ditsobotla,3541,1805,0.5097430104490257,3021,1567,0.5187024164184045
North West,Ward 63804017,NW384,NW384 - Ditsobotla,NW384 - Ditsobotla,3179,1347,0.423718150361749,3457,1385,0.40063638993346834
North West,Ward 63804018,NW384,NW384 - Ditsobotla,NW384 - Ditsobotla,3613,1786,0.4943260448380847,3958,1793,0.4530065689742294
North West,Ward 63804019,NW384,NW384 - Ditsobotla,NW384 - Ditsobotla,3370,1582,0.46943620178041545,2743,1317,0.4801312431644185
North West,Ward 63804020,NW384,NW384 - Ditsobotla,NW384 - Ditsobotla,3682,2179,0.5917979359043998,3773,2310,0.6122448979591837
North West,Ward 63805001,NW385,NW385 - Ramotshere Moiloa,NW385 - Ramotshere Moiloa,3516,1937,0.550910125142207,3017,1292,0.428239973483593
North West,Ward 63805002,NW385,NW385 - Ramotshere Moiloa,NW385 - Ramotshere Moiloa,3457,1846,0.5339890078102401,4031,1635,0.4056065492433639
North West,Ward 63805003,NW385,NW385 - Ramotshere Moiloa,NW385 - Ramotshere Moiloa,4122,2436,0.5909752547307132,3182,1531,0.4811439346323067
North West,Ward 63805004,NW385,NW385 - Ramotshere Moiloa,NW385 - Ramotshere Moiloa,3928,1889,0.4809063136456212,3396,1547,0.4555359246171967
North West,Ward 63805005,NW385,NW385 - Ramotshere Moiloa,NW385 - Ramotshere Moiloa,4089,2202,0.5385179750550256,3880,2222,0.572680412371134
North West,Ward 63805006,NW385,NW385 - Ramotshere Moiloa,NW385 - Ramotshere Moiloa,3398,1677,0.4935256032960565,3879,1611,0.41531322505800466
North West,Ward 63805007,NW385,NW385 - Ramotshere Moiloa,NW385 - Ramotshere Moiloa,3818,1958,0.5128339444735464,3720,2194,0.5897849462365592
North West,Ward 63805008,NW385,NW385 - Ramotshere Moiloa,NW385 - Ramotshere Moiloa,3181,1772,0.557057529078906,4305,2482,0.5765389082462253
North West,Ward 63805009,NW385,NW385 - Ramotshere Moiloa,NW385 - Ramotshere Moiloa,3207,1661,0.5179295291549735,3271,1377,0.42097217976154083
North West,Ward 63805010,NW385,NW385 - Ramotshere Moiloa,NW385 - Ramotshere Moiloa,3130,1504,0.4805111821086262,3179,1164,0.36615287826360493
North West,Ward 63805011,NW385,NW385 - Ramotshere Moiloa,NW385 - Ramotshere Moiloa,3211,1584,0.4933042665836188,3609,1449,0.4014962593516209
North West,Ward 63805012,NW385,NW385 - Ramotshere Moiloa,NW385 - Ramotshere Moiloa,4070,2001,0.49164619164619167,3296,1473,0.44690533980582525
North West,Ward 63805013,NW385,NW385 - Ramotshere Moiloa,NW385 - Ramotshere Moiloa,3357,1653,0.4924039320822163,3989,2036,0.5104036099273
North West,Ward 63805014,NW385,NW385 - Ramotshere Moiloa,NW385 - Ramotshere Moiloa,3886,1866,0.4801852804940813,3341,1582,0.47351092487279256
North West,Ward 63805015,NW385,NW385 - Ramotshere Moiloa,NW385 - Ramotshere Moiloa,3548,2151,0.6062570462232244,3973,2062,0.5190032720865845
North West,Ward 63805016,NW385,NW385 - Ramotshere Moiloa,NW385 - Ramotshere Moiloa,3931,1997,0.5080132281862122,4282,2060,0.48108360579168613
North West,Ward 63805017,NW385,NW385 - Ramotshere Moiloa,NW385 - Ramotshere Moiloa,3192,1631,0.5109649122807017,3274,1475,0.45051924251679903
North West,Ward 63805018,NW385,NW385 - Ramotshere Moiloa,NW385 - Ramotshere Moiloa,3507,1898,0.5412033076703735,3758,1602,0.4262905800957956
North West,Ward 63805019,NW385,NW385 - Ramotshere Moiloa,NW385 - Ramotshere Moiloa,4195,2720,0.6483909415971395,3039,2000,0.6581112207963146
North West,Ward 63902001,NW392,NW392 - Naledi,NW392 - Naledi,3759,2152,0.5724926842245278,3908,1974,0.5051177072671443
North West,Ward 63902002,NW392,NW392 - Naledi,NW392 - Naledi,3633,1980,0.5450041288191577,3580,1603,0.44776536312849163
North West,Ward 63902003,NW392,NW392 - Naledi,NW392 - Naledi,3217,1757,0.5461610195834629,3711,1729,0.46591215305847483
North West,Ward 63902004,NW392,NW392 - Naledi,NW392 - Naledi,2734,1598,0.584491587417703,3700,1767,0.4775675675675676
North West,Ward 63902005,NW392,NW392 - Naledi,NW392 - Naledi,2990,1358,0.45418060200668897,4620,1635,0.3538961038961039
North West,Ward 63902006,NW392,NW392 - Naledi,NW392 - Naledi,3041,1636,0.5379809273265374,2647,1044,0.3944087646392142
North West,Ward 63902007,NW392,NW392 - Naledi,NW392 - Naledi,4591,3080,0.6708778043999128,3396,1346,0.3963486454652532
North West,Ward 63902008,NW392,NW392 - Naledi,NW392 - Naledi,2507,1324,0.5281212604706821,2945,1243,0.42207130730050935
North West,Ward 63902009,NW392,NW392 - Naledi,NW392 - Naledi,1982,1188,0.5993945509586277,3338,1435,0.4298981426003595
North West,Ward 63903001,NW393,NW393 - Mamusa,NW393 - Mamusa,3409,2346,0.6881783514227046,3846,2287,0.5946437857514301
North West,Ward 63903002,NW393,NW393 - Mamusa,NW393 - Mamusa,2969,1727,0.5816773324351634,3037,1511,0.4975304576885084
North West,Ward 63903003,NW393,NW393 - Mamusa,NW393 - Mamusa,3170,1953,0.6160883280757098,3459,2057,0.5946805435096849
North West,Ward 63903004,NW393,NW393 - Mamusa,NW393 - Mamusa,2893,1612,0.5572070515036295,3285,1597,0.4861491628614916
North West,Ward 63903005,NW393,NW393 - Mamusa,NW393 - Mamusa,2965,1745,0.5885328836424958,3519,1778,0.5052571753339017
North West,Ward 63903006,NW393,NW393 - Mamusa,NW393 - Mamusa,3330,1866,0.5603603603603604,3049,1406,0.4611347982945228
North West,Ward 63903007,NW393,NW393 - Mamusa,NW393 - Mamusa,3911,2219,0.5673740731270774,4171,1930,0.4627187724766243
North West,Ward 63903008,NW393,NW393 - Mamusa,NW393 - Mamusa,2994,1694,0.5657982631930528,3741,2026,0.541566426089281
North West,Ward 63904001,NW394,NW394 - Greater Taung,NW394 - Greater Taung,3813,2340,0.6136900078678206,3789,2240,0.5911850092372658
North West,Ward 63904002,NW394,NW394 - Greater Taung,NW394 - Greater Taung,3567,2170,0.6083543594056631,3301,1784,0.5404422902150864
North West,Ward 63904003,NW394,NW394 - Greater Taung,NW394 - Greater Taung,4213,2541,0.6031331592689295,3957,1627,0.4111700783421784
North West,Ward 63904004,NW394,NW394 - Greater Taung,NW394 - Greater Taung,3548,2023,0.5701803833145435,3376,1867,0.553021327014218
North West,Ward 63904005,NW394,NW394 - Greater Taung,NW394 - Greater Taung,4263,2448,0.5742434904996482,4144,1750,0.4222972972972973
North West,Ward 63904006,NW394,NW394 - Greater Taung,NW394 - Greater Taung,3594,2007,0.5584307178631052,3525,1969,0.558581560283688
North West,Ward 63904007,NW394,NW394 - Greater Taung,NW394 - Greater Taung,3873,2308,0.5959204750839143,4189,1965,0.46908570064454524
North West,Ward 63904008,NW394,NW394 - Greater Taung,NW394 - Greater Taung,4199,2447,0.5827577994760658,4167,1960,0.4703623710103192
North West,Ward 63904009,NW394,NW394 - Greater Taung,NW394 - Greater Taung,4223,2283,0.5406109400899834,3930,1908,0.4854961832061069
North West,Ward 63904010,NW394,NW394 - Greater Taung,NW394 - Greater Taung,3493,1693,0.48468365302032634,4194,1725,0.4113018597997139
North West,Ward 63904011,NW394,NW394 - Greater Taung,NW394 - Greater Taung,3195,1427,0.4466353677621283,3361,1386,0.41237726867003865
North West,Ward 63904012,NW394,NW394 - Greater Taung,NW394 - Greater Taung,3780,2200,0.582010582010582,3830,1581,0.41279373368146216
North West,Ward 63904013,NW394,NW394 - Greater Taung,NW394 - Greater Taung,4181,2366,0.5658933269552738,3674,1516,0.4126292868807839
North West,Ward 63904014,NW394,NW394 - Greater Taung,NW394 - Greater Taung,3454,1939,0.5613781123335263,3075,1426,0.463739837398374
North West,Ward 63904015,NW394,NW394 - Greater Taung,NW394 - Greater Taung,3236,1752,0.5414091470951793,3015,1459,0.48391376451077944
North West,Ward 63904016,NW394,NW394 - Greater Taung,NW394 - Greater Taung,4189,2377,0.5674385294819766,3086,1624,0.5262475696694751
North West,Ward 63904017,NW394,NW394 - Greater Taung,NW394 - Greater Taung,4125,2293,0.5558787878787879,4377,2266,0.5177061914553347
North West,Ward 63904018,NW394,NW394 - Greater Taung,NW394 - Greater Taung,3917,2272,0.5800357416390094,3763,1913,0.5083709806005846
North West,Ward 63904019,NW394,NW394 - Greater Taung,NW394 - Greater Taung,3477,1845,0.5306298533218292,3643,1578,0.4331594839418062
North West,Ward 63904020,NW394,NW394 - Greater Taung,NW394 - Greater Taung,3489,1908,0.5468615649183147,3276,1589,0.48504273504273504
North West,Ward 63904021,NW394,NW394 - Greater Taung,NW394 - Greater Taung,3152,1866,0.5920050761421319,3154,1858,0.5890932149651237
North West,Ward 63904022,NW394,NW394 - Greater Taung,NW394 - Greater Taung,3556,1889,0.531214848143982,3423,1712,0.5001460706982179
North West,Ward 63904023,NW394,NW394 - Greater Taung,NW394 - Greater Taung,3245,2014,0.6206471494607088,3098,1709,0.5516462233699161
North West,Ward 63904024,NW394,NW394 - Greater Taung,NW394 - Greater Taung,3764,2224,0.5908607863974495,3851,2051,0.5325889379381978
North West,Ward 63906001,NW396,NW396 - Lekwa-Teemane,NW396 - Lekwa-Teemane,3271,1953,0.5970651177010089,3350,1689,0.5041791044776119
North West,Ward 63906002,NW396,NW396 - Lekwa-Teemane,NW396 - Lekwa-Teemane,2804,1509,0.5381597717546363,2697,1311,0.4860956618464961
North West,Ward 63906003,NW396,NW396 - Lekwa-Teemane,NW396 - Lekwa-Teemane,3034,1596,0.5260382333553065,2955,1592,0.5387478849407783
North West,Ward 63906004,NW396,NW396 - Lekwa-Teemane,NW396 - Lekwa-Teemane,3107,1953,0.628580624396524,3631,2095,0.5769760396584963
North West,Ward 63906005,NW396,NW396 - Lekwa-Teemane,NW396 - Lekwa-Teemane,2736,1529,0.5588450292397661,3573,1510,0.42261404981808004
North West,Ward 63906006,NW396,NW396 - Lekwa-Teemane,NW396 - Lekwa-Teemane,2817,1506,0.5346112886048988,3583,1540,0.42980742394641364
North West,Ward 63906007,NW396,NW396 - Lekwa-Teemane,NW396 - Lekwa-Teemane,3104,1970,0.6346649484536082,3876,1659,0.4280185758513932
North West,Ward 63907001,NW397,NW397 - Ganyesa/Pomfret,NW397 - Ganyesa/Pomfret,3970,2319,0.5841309823677582,3556,1807,0.5081552305961755
North West,Ward 63907002,NW397,NW397 - Ganyesa/Pomfret,NW397 - Ganyesa/Pomfret,2821,1157,0.41013824884792627,3235,1364,0.4216383307573416
North West,Ward 63907003,NW397,NW397 - Ganyesa/Pomfret,NW397 - Ganyesa/Pomfret,3961,1815,0.45821762181267356,2994,1118,0.37341349365397464
North West,Ward 63907004,NW397,NW397 - Ganyesa/Pomfret,NW397 - Ganyesa/Pomfret,3659,1885,0.51516807871003,3607,1155,0.3202107014139174
North West,Ward 63907005,NW397,NW397 - Ganyesa/Pomfret,NW397 - Ganyesa/Pomfret,3297,1592,0.48286320897785867,3196,1305,0.40832290362953694
North West,Ward 63907006,NW397,NW397 - Ganyesa/Pomfret,NW397 - Ganyesa/Pomfret,3577,1984,0.5546547386077719,3411,1739,0.5098211668132513
North West,Ward 63907007,NW397,NW397 - Ganyesa/Pomfret,NW397 - Ganyesa/Pomfret,3979,2041,0.5129429504900729,4015,1629,0.40572851805728516
North West,Ward 63907008,NW397,NW397 - Ganyesa/Pomfret,NW397 - Ganyesa/Pomfret,3264,1575,0.48253676470588236,3257,1639,0.5032238256063862
North West,Ward 63907009,NW397,NW397 - Ganyesa/Pomfret,NW397 - Ganyesa/Pomfret,3320,1657,0.4990963855421687,3075,1237,0.40227642276422765
North West,Ward 63907010,NW397,NW397 - Ganyesa/Pomfret,NW397 - Ganyesa/Pomfret,4289,2260,0.5269293541618093,4269,1957,0.45842117591941905
North West,Ward 63907011,NW397,NW397 - Ganyesa/Pomfret,NW397 - Ganyesa/Pomfret,3494,1697,0.48568975386376645,3513,1519,0.4323939652718474
North West,Ward 63907012,NW397,NW397 - Ganyesa/Pomfret,NW397 - Ganyesa/Pomfret,3319,1542,0.46459777041277495,3169,864,0.27264121173871886
North West,Ward 63907013,NW397,NW397 - Ganyesa/Pomfret,NW397 - Ganyesa/Pomfret,3235,1823,0.5635239567233384,4539,2323,0.5117867371667768
North West,Ward 63907014,NW397,NW397 - Ganyesa/Pomfret,NW397 - Ganyesa/Pomfret,3802,2062,0.5423461336138874,3748,1603,0.4276947705442903
North West,Ward 63907015,NW397,NW397 - Ganyesa/Pomfret,NW397 - Ganyesa/Pomfret,3301,2039,0.6176916086034535,3227,1348,0.41772544158661296
North West,Ward 64003001,NW403,NW403 - Matlosana,NW403 - Matlosana,5504,3030,0.5505087209302325,5389,2020,0.3748376322137688
North West,Ward 64003002,NW403,NW403 - Matlosana,NW403 - Matlosana,5039,3079,0.6110339353046239,4671,1839,0.3937058445728966
North West,Ward 64003003,NW403,NW403 - Matlosana,NW403 - Matlosana,5339,3084,0.5776362614721858,5393,2658,0.4928611162618209
North West,Ward 64003004,NW403,NW403 - Matlosana,NW403 - Matlosana,5750,3333,0.5796521739130435,6368,2780,0.43655778894472363
North West,Ward 64003005,NW403,NW403 - Matlosana,NW403 - Matlosana,4313,2557,0.5928587989798284,4487,2047,0.45620681970135946
North West,Ward 64003006,NW403,NW403 - Matlosana,NW403 - Matlosana,4338,2479,0.5714615029967727,4234,1906,0.45016532829475675
North West,Ward 64003007,NW403,NW403 - Matlosana,NW403 - Matlosana,4262,2692,0.6316283435007038,4239,1796,0.42368483132814344
North West,Ward 64003008,NW403,NW403 - Matlosana,NW403 - Matlosana,6159,3305,0.5366130865400227,5613,2301,0.40994120791020844
North West,Ward 64003009,NW403,NW403 - Matlosana,NW403 - Matlosana,5195,2902,0.558614051973051,4332,1756,0.4053554939981533
North West,Ward 64003010,NW403,NW403 - Matlosana,NW403 - Matlosana,4616,2752,0.5961871750433275,4093,1608,0.39286586855607136
North West,Ward 64003011,NW403,NW403 - Matlosana,NW403 - Matlosana,4855,2565,0.5283213182286303,4510,1720,0.38137472283813745
North West,Ward 64003012,NW403,NW403 - Matlosana,NW403 - Matlosana,4475,2742,0.6127374301675977,4594,2025,0.4407923378319547
North West,Ward 64003013,NW403,NW403 - Matlosana,NW403 - Matlosana,4756,2241,0.4711942809083263,4463,1792,0.4015236388079767
North West,Ward 64003014,NW403,NW403 - Matlosana,NW403 - Matlosana,4922,2735,0.5556684274685088,4675,1967,0.4207486631016043
North West,Ward 64003015,NW403,NW403 - Matlosana,NW403 - Matlosana,5555,3409,0.6136813681368137,6086,3107,0.510515938218863
North West,Ward 64003016,NW403,NW403 - Matlosana,NW403 - Matlosana,4589,3271,0.7127914578339507,4801,2920,0.6082066236200792
North West,Ward 64003017,NW403,NW403 - Matlosana,NW403 - Matlosana,6490,4613,0.7107858243451464,6182,3794,0.6137172436104821
North West,Ward 64003018,NW403,NW403 - Matlosana,NW403 - Matlosana,4396,2485,0.5652866242038217,4158,1899,0.45670995670995673
North West,Ward 64003019,NW403,NW403 - Matlosana,NW403 - Matlosana,5477,3016,0.550666423224393,5337,2559,0.47948285553681846
North West,Ward 64003020,NW403,NW403 - Matlosana,NW403 - Matlosana,3933,2032,0.516653953724892,3608,1393,0.38608647450110867
North West,Ward 64003021,NW403,NW403 - Matlosana,NW403 - Matlosana,4030,1403,0.34813895781637716,3549,918,0.2586644125105664
North West,Ward 64003022,NW403,NW403 - Matlosana,NW403 - Matlosana,4870,2228,0.4574948665297741,4903,1846,0.3765041811136039
North West,Ward 64003023,NW403,NW403 - Matlosana,NW403 - Matlosana,5400,2883,0.5338888888888889,5408,1836,0.33949704142011833
North West,Ward 64003024,NW403,NW403 - Matlosana,NW403 - Matlosana,4916,2623,0.5335638730675346,4464,1625,0.3640232974910394
North West,Ward 64003025,NW403,NW403 - Matlosana,NW403 - Matlosana,4971,2486,0.5001005833836251,4621,1751,0.37892231118805453
North West,Ward 64003026,NW403,NW403 - Matlosana,NW403 - Matlosana,4890,2535,0.5184049079754601,4348,1696,0.39006439742410304
North West,Ward 64003027,NW403,NW403 - Matlosana,NW403 - Matlosana,5099,2746,0.5385369680329476,4686,1667,0.35574050362782755
North West,Ward 64003028,NW403,NW403 - Matlosana,NW403 - Matlosana,4945,2656,0.537108190091001,4658,1974,0.42378703306139975
North West,Ward 64003029,NW403,NW403 - Matlosana,NW403 - Matlosana,4456,2373,0.53254039497307,4002,1686,0.42128935532233885
North West,Ward 64003030,NW403,NW403 - Matlosana,NW403 - Matlosana,5249,2795,0.5324823775957325,4770,2379,0.4987421383647799
North West,Ward 64003031,NW403,NW403 - Matlosana,NW403 - Matlosana,5449,2842,0.521563589649477,5372,2169,0.4037602382725242
North West,Ward 64003032,NW403,NW403 - Matlosana,NW403 - Matlosana,4159,2178,0.5236835777831209,3748,1413,0.37700106723585913
North West,Ward 64003033,NW403,NW403 - Matlosana,NW403 - Matlosana,4065,1732,0.42607626076260763,3613,1072,0.2967063382230833
North West,Ward 64003034,NW403,NW403 - Matlosana,NW403 - Matlosana,4263,2082,0.4883884588318086,3874,1508,0.38926174496644295
North West,Ward 64003035,NW403,NW403 - Matlosana,NW403 - Matlosana,3996,3428,0.8578578578578578,3932,1644,0.41810783316378436
North West,Ward 64003037,NW403,NW403 - Matlosana,NW403 - Matlosana,5982,3114,0.5205616850551655,5306,1973,0.37184319638145497
North West,Ward 64003038,NW403,NW403 - Matlosana,NW403 - Matlosana,4577,2263,0.4944286650644527,4083,1006,0.24638746020083271
North West,Ward 64003039,NW403,NW403 - Matlosana,NW403 - Matlosana,4787,3275,0.6841445581783998,5130,3006,0.5859649122807018
North West,Ward 64004001,NW404,NW404 - Maquassi Hills,NW404 - Maquassi Hills,3097,1789,0.5776557959315467,3001,1447,0.4821726091302899
North West,Ward 64004002,NW404,NW404 - Maquassi Hills,NW404 - Maquassi Hills,3139,1947,0.6202612296909844,2884,1181,0.409500693481276
North West,Ward 64004003,NW404,NW404 - Maquassi Hills,NW404 - Maquassi Hills,3043,1719,0.5649030561945448,2932,1415,0.4826057298772169
North West,Ward 64004004,NW404,NW404 - Maquassi Hills,NW404 - Maquassi Hills,3331,1837,0.5514860402281597,2998,1412,0.47098065376917947
North West,Ward 64004005,NW404,NW404 - Maquassi Hills,NW404 - Maquassi Hills,3713,1943,0.5232965257204417,4036,1983,0.49132804757185333
North West,Ward 64004006,NW404,NW404 - Maquassi Hills,NW404 - Maquassi Hills,3390,2006,0.591740412979351,3350,1623,0.4844776119402985
North West,Ward 64004007,NW404,NW404 - Maquassi Hills,NW404 - Maquassi Hills,2683,1530,0.5702571748043235,2495,1149,0.46052104208416833
North West,Ward 64004008,NW404,NW404 - Maquassi Hills,NW404 - Maquassi Hills,3996,2335,0.5843343343343343,3932,1885,0.4793997965412004
North West,Ward 64004009,NW404,NW404 - Maquassi Hills,NW404 - Maquassi Hills,3140,1841,0.5863057324840765,3172,1663,0.5242749054224464
North West,Ward 64004010,NW404,NW404 - Maquassi Hills,NW404 - Maquassi Hills,3914,2192,0.5600408788962699,4017,1762,0.43863579785909884
North West,Ward 64004011,NW404,NW404 - Maquassi Hills,NW404 - Maquassi Hills,4029,2255,0.5596922313229089,3785,1854,0.48982826948480845
North West,Ward 64005001,NW405,NW405 - Ventersdorp/Tlokwe,NW405 - JB Marks,3904,2126,0.5445696721311475,3813,1715,0.44977707841594544
North West,Ward 64005002,NW405,NW405 - Ventersdorp/Tlokwe,NW405 - JB Marks,3806,2459,0.6460851287440883,3876,2058,0.5309597523219814
North West,Ward 64005003,NW405,NW405 - Ventersdorp/Tlokwe,NW405 - JB Marks,5132,3391,0.6607560405300078,4498,2889,0.6422854602045354
North West,Ward 64005004,NW405,NW405 - Ventersdorp/Tlokwe,NW405 - JB Marks,3015,2154,0.7144278606965174,3291,1882,0.5718626557277423
North West,Ward 64005005,NW405,NW405 - Ventersdorp/Tlokwe,NW405 - JB Marks,2662,1821,0.6840721262208865,3494,2179,0.6236405266170578
North West,Ward 64005006,NW405,NW405 - Ventersdorp/Tlokwe,NW405 - JB Marks,3307,1641,0.4962201390988812,3003,1137,0.3786213786213786
North West,Ward 64005007,NW405,NW405 - Ventersdorp/Tlokwe,NW405 - JB Marks,4604,2753,0.5979582971329279,3951,1491,0.3773728170083523
North West,Ward 64005008,NW405,NW405 - Ventersdorp/Tlokwe,NW405 - JB Marks,2916,1715,0.5881344307270233,2715,1089,0.4011049723756906
North West,Ward 64005009,NW405,NW405 - Ventersdorp/Tlokwe,NW405 - JB Marks,3899,2090,0.5360348807386509,3722,1386,0.3723804406233208
North West,Ward 64005010,NW405,NW405 - Ventersdorp/Tlokwe,NW405 - JB Marks,2972,1485,0.4996635262449529,2684,1063,0.3960506706408346
North West,Ward 64005011,NW405,NW405 - Ventersdorp/Tlokwe,NW405 - JB Marks,1783,1200,0.6730229949523275,1694,927,0.5472255017709563
North West,Ward 64005012,NW405,NW405 - Ventersdorp/Tlokwe,NW405 - JB Marks,3212,1931,0.6011830635118306,3061,1546,0.5050637046716759
North West,Ward 64005013,NW405,NW405 - Ventersdorp/Tlokwe,NW405 - JB Marks,3832,2319,0.6051670146137788,3808,1735,0.45561974789915966
North West,Ward 64005014,NW405,NW405 - Ventersdorp/Tlokwe,NW405 - JB Marks,3289,1973,0.5998783824870781,3120,952,0.30512820512820515
North West,Ward 64005015,NW405,NW405 - Ventersdorp/Tlokwe,NW405 - JB Marks,2955,1846,0.6247038917089679,3203,1767,0.5516703090852326
North West,Ward 64005016,NW405,NW405 - Ventersdorp/Tlokwe,NW405 - JB Marks,3931,2166,0.5510048333757314,3470,1461,0.42103746397694525
North West,Ward 64005017,NW405,NW405 - Ventersdorp/Tlokwe,NW405 - JB Marks,3690,1691,0.45826558265582656,3758,1466,0.39010111761575306
North West,Ward 64005018,NW405,NW405 - Ventersdorp/Tlokwe,NW405 - JB Marks,3437,1917,0.5577538551061972,3290,1408,0.4279635258358663
North West,Ward 64005019,NW405,NW405 - Ventersdorp/Tlokwe,NW405 - JB Marks,3345,2030,0.6068759342301944,3311,1620,0.48927816369676835
North West,Ward 64005020,NW405,NW405 - Ventersdorp/Tlokwe,NW405 - JB Marks,4114,2320,0.5639280505590666,4030,1689,0.41910669975186104
North West,Ward 64005021,NW405,NW405 - Ventersdorp/Tlokwe,NW405 - JB Marks,3716,1905,0.5126480086114101,3598,1622,0.4508060033351862
North West,Ward 64005022,NW405,NW405 - Ventersdorp/Tlokwe,NW405 - JB Marks,2312,817,0.35337370242214533,3807,1117,0.2934068820593643
North West,Ward 64005023,NW405,NW405 - Ventersdorp/Tlokwe,NW405 - JB Marks,4190,3122,0.7451073985680191,3315,2370,0.7149321266968326
North West,Ward 64005024,NW405,NW405 - Ventersdorp/Tlokwe,NW405 - JB Marks,2537,1677,0.6610169491525424,2492,1277,0.5124398073836276
North West,Ward 64005025,NW405,NW405 - Ventersdorp/Tlokwe,NW405 - JB Marks,2979,1579,0.5300436388049681,2706,1148,0.42424242424242425
North West,Ward 64005026,NW405,NW405 - Ventersdorp/Tlokwe,NW405 - JB Marks,3837,2218,0.5780557727391191,3759,1692,0.4501197126895451
North West,Ward 64005027,NW405,NW405 - Ventersdorp/Tlokwe,NW405 - JB Marks,3144,1796,0.5712468193384224,3019,1289,0.42696257038754554
North West,Ward 64005028,NW405,NW405 - Ventersdorp/Tlokwe,NW405 - JB Marks,3097,1530,0.4940264772360349,3115,1219,0.3913322632423756
North West,Ward 64005029,NW405,NW405 - Ventersdorp/Tlokwe,NW405 - JB Marks,3809,1879,0.49330532948280387,3245,1252,0.38582434514637903
North West,Ward 64005030,NW405,NW405 - Ventersdorp/Tlokwe,NW405 - JB Marks,3300,1662,0.5036363636363637,2955,1229,0.41590524534686973
North West,Ward 64005031,NW405,NW405 - Ventersdorp/Tlokwe,NW405 - JB Marks,3125,1743,0.55776,3038,1375,0.45260039499670834
North West,Ward 64005032,NW405,NW405 - Ventersdorp/Tlokwe,NW405 - JB Marks,3589,1972,0.5494566731680134,3255,1621,0.4980030721966206
North West,Ward 64005033,NW405,NW405 - Ventersdorp/Tlokwe,NW405 - JB Marks,3783,2153,0.5691250330425588,3835,1887,0.4920469361147327
North West,Ward 64005034,NW405,NW405 - Ventersdorp/Tlokwe,NW405 - JB Marks,3098,1592,0.513879922530665,3287,1611,0.49011256464861574
Northern Cape,Ward 30601001,NC061,NC061 - RICHTERSVELD,NC061 - RICHTERSVELD,1553,897,0.5775917578879588,1250,825,0.66
Northern Cape,Ward 30601002,NC061,NC061 - RICHTERSVELD,NC061 - RICHTERSVELD,1829,910,0.4975396391470749,1054,576,0.5464895635673624
Northern Cape,Ward 30601003,NC061,NC061 - RICHTERSVELD,NC061 - RICHTERSVELD,1783,1094,0.6135726303982053,1559,880,0.5644644002565747
Northern Cape,Ward 30601004,NC061,NC061 - RICHTERSVELD,NC061 - RICHTERSVELD,2209,1524,0.6899049343594387,658,551,0.837386018237082
Northern Cape,Ward 30602001,NC062,NC062 - NAMA KHOI,NC062 - NAMA KHOI,3524,2017,0.572360953461975,3458,1851,0.5352805089647195
Northern Cape,Ward 30602002,NC062,NC062 - NAMA KHOI,NC062 - NAMA KHOI,3128,1792,0.5728900255754475,3372,1889,0.5602016607354685
Northern Cape,Ward 30602003,NC062,NC062 - NAMA KHOI,NC062 - NAMA KHOI,3263,1944,0.5957707631014404,3363,1746,0.5191793041926851
Northern Cape,Ward 30602004,NC062,NC062 - NAMA KHOI,NC062 - NAMA KHOI,2902,1818,0.6264645072363887,2790,1657,0.5939068100358423
Northern Cape,Ward 30602005,NC062,NC062 - NAMA KHOI,NC062 - NAMA KHOI,2880,1645,0.5711805555555556,2824,1466,0.5191218130311614
Northern Cape,Ward 30602006,NC062,NC062 - NAMA KHOI,NC062 - NAMA KHOI,3659,2096,0.5728341076796939,3557,1820,0.5116671352263144
Northern Cape,Ward 30602007,NC062,NC062 - NAMA KHOI,NC062 - NAMA KHOI,2907,1861,0.6401788785689715,2994,1830,0.6112224448897795
Northern Cape,Ward 30602008,NC062,NC062 - NAMA KHOI,NC062 - NAMA KHOI,3264,1680,0.5147058823529411,3213,1598,0.4973544973544973
Northern Cape,Ward 30602009,NC062,NC062 - NAMA KHOI,NC062 - NAMA KHOI,3444,1950,0.5662020905923345,3501,1957,0.5589831476720937
Northern Cape,Ward 30604001,NC064,NC064 - KAMIESBERG,NC064 - KAMIESBERG,1896,1259,0.6640295358649789,1193,830,0.6957250628667225
Northern Cape,Ward 30604002,NC064,NC064 - KAMIESBERG,NC064 - KAMIESBERG,2069,1416,0.6843885935234413,1421,1026,0.7220267417311752
Northern Cape,Ward 30604003,NC064,NC064 - KAMIESBERG,NC064 - KAMIESBERG,1642,1028,0.6260657734470159,1092,776,0.7106227106227107
Northern Cape,Ward 30604004,NC064,NC064 - KAMIESBERG,NC064 - KAMIESBERG,1728,1265,0.7320601851851852,1305,961,0.7363984674329502
Northern Cape,Ward 30605001,NC065,NC065 - HANTAM,NC065 - HANTAM,3044,1972,0.6478318002628121,2425,1266,0.5220618556701031
Northern Cape,Ward 30605002,NC065,NC065 - HANTAM,NC065 - HANTAM,3029,1877,0.6196764608781776,2836,1525,0.5377291960507757
Northern Cape,Ward 30605003,NC065,NC065 - HANTAM,NC065 - HANTAM,2435,1681,0.6903490759753593,2354,1513,0.6427357689039932
Northern Cape,Ward 30605004,NC065,NC065 - HANTAM,NC065 - HANTAM,2483,1696,0.6830447039871124,1651,1239,0.7504542701393095
Northern Cape,Ward 30605005,NC065,NC065 - HANTAM,NC065 - HANTAM,2348,1588,0.676320272572402,2222,1460,0.6570657065706571
Northern Cape,Ward 30606001,NC066,NC066 - KAROO HOOGLAND,NC066 - KAROO HOOGLAND,2059,1294,0.6284604176784847,1779,1048,0.5890949971894323
Northern Cape,Ward 30606002,NC066,NC066 - KAROO HOOGLAND,NC066 - KAROO HOOGLAND,2009,1339,0.6665007466401195,1925,1195,0.6207792207792208
Northern Cape,Ward 30606003,NC066,NC066 - KAROO HOOGLAND,NC066 - KAROO HOOGLAND,1222,654,0.5351882160392799,729,387,0.5308641975308642
Northern Cape,Ward 30606004,NC066,NC066 - KAROO HOOGLAND,NC066 - KAROO HOOGLAND,1945,1221,0.6277634961439589,1520,920,0.6052631578947368
Northern Cape,Ward 30607001,NC067,NC067 - KHâI-MA,NC067 - KHâI-MA,1621,1002,0.6181369524984578,1231,863,0.7010560519902518
Northern Cape,Ward 30607002,NC067,NC067 - KHâI-MA,NC067 - KHâI-MA,1621,917,0.5657001850709439,1526,924,0.6055045871559633
Northern Cape,Ward 30607003,NC067,NC067 - KHâI-MA,NC067 - KHâI-MA,1919,1211,0.6310578426263679,1461,844,0.5776865160848734
Northern Cape,Ward 30607004,NC067,NC067 - KHâI-MA,NC067 - KHâI-MA,1968,983,0.4994918699186992,1235,488,0.3951417004048583
Northern Cape,Ward 30701001,NC071,NC071 - UBUNTU,NC071 - UBUNTU,2780,1918,0.6899280575539568,1240,775,0.625
Northern Cape,Ward 30701002,NC071,NC071 - UBUNTU,NC071 - UBUNTU,2424,1712,0.7062706270627063,1898,1101,0.5800842992623815
Northern Cape,Ward 30701003,NC071,NC071 - UBUNTU,NC071 - UBUNTU,2174,1333,0.6131554737810487,1209,943,0.7799834574028123
Northern Cape,Ward 30701004,NC071,NC071 - UBUNTU,NC071 - UBUNTU,2329,1545,0.6633748389866896,2411,1304,0.5408544172542513
Northern Cape,Ward 30702001,NC072,NC072 - UMSOBOMVU,NC072 - UMSOBOMVU,2860,1895,0.6625874125874126,1717,1164,0.6779266161910309
Northern Cape,Ward 30702002,NC072,NC072 - UMSOBOMVU,NC072 - UMSOBOMVU,1801,1204,0.668517490283176,2629,1482,0.5637124381894256
Northern Cape,Ward 30702003,NC072,NC072 - UMSOBOMVU,NC072 - UMSOBOMVU,1971,1245,0.6316590563165906,1942,1287,0.6627188465499485
Northern Cape,Ward 30702004,NC072,NC072 - UMSOBOMVU,NC072 - UMSOBOMVU,3148,2272,0.7217280813214739,1649,1150,0.6973923590054578
Northern Cape,Ward 30702005,NC072,NC072 - UMSOBOMVU,NC072 - UMSOBOMVU,2271,1540,0.6781153676794364,2106,1374,0.6524216524216524
Northern Cape,Ward 30702006,NC072,NC072 - UMSOBOMVU,NC072 - UMSOBOMVU,2659,1780,0.669424595712674,1973,1294,0.6558540293968576
Northern Cape,Ward 30703001,NC073,NC073 - EMTHANJENI,NC073 - EMTHANJENI,2667,1779,0.6670416197975253,2699,1317,0.48795850314931455
Northern Cape,Ward 30703002,NC073,NC073 - EMTHANJENI,NC073 - EMTHANJENI,3864,2302,0.5957556935817805,3206,1484,0.462882096069869
Northern Cape,Ward 30703003,NC073,NC073 - EMTHANJENI,NC073 - EMTHANJENI,3075,1843,0.599349593495935,2824,1486,0.5262039660056658
Northern Cape,Ward 30703004,NC073,NC073 - EMTHANJENI,NC073 - EMTHANJENI,1899,1331,0.7008952080042128,2495,1308,0.524248496993988
Northern Cape,Ward 30703005,NC073,NC073 - EMTHANJENI,NC073 - EMTHANJENI,3512,1862,0.5301822323462415,3159,1425,0.45109211775878444
Northern Cape,Ward 30703006,NC073,NC073 - EMTHANJENI,NC073 - EMTHANJENI,2790,1847,0.6620071684587814,2804,1562,0.5570613409415122
Northern Cape,Ward 30703007,NC073,NC073 - EMTHANJENI,NC073 - EMTHANJENI,3273,2139,0.6535288725939505,3206,1539,0.4800374298190892
Northern Cape,Ward 30703008,NC073,NC073 - EMTHANJENI,NC073 - EMTHANJENI,1993,1477,0.7410938283993979,2151,1283,0.596466759646676
Northern Cape,Ward 30704001,NC074,NC074 - KAREEBERG,NC074 - KAREEBERG,2419,1602,0.6622571310458867,1620,985,0.6080246913580247
Northern Cape,Ward 30704002,NC074,NC074 - KAREEBERG,NC074 - KAREEBERG,1993,1259,0.6317109884596086,635,411,0.647244094488189
Northern Cape,Ward 30704003,NC074,NC074 - KAREEBERG,NC074 - KAREEBERG,1277,911,0.7133907595927956,1402,1140,0.8131241084165478
Northern Cape,Ward 30704004,NC074,NC074 - KAREEBERG,NC074 - KAREEBERG,1743,1135,0.6511761331038439,1398,708,0.5064377682403434
Northern Cape,Ward 30705001,NC075,NC075 - RENOSTERBERG,NC075 - RENOSTERBERG,1520,1094,0.7197368421052631,1627,1179,0.7246465888137676
Northern Cape,Ward 30705002,NC075,NC075 - RENOSTERBERG,NC075 - RENOSTERBERG,2079,1430,0.6878306878306878,743,617,0.8304172274562585
Northern Cape,Ward 30705003,NC075,NC075 - RENOSTERBERG,NC075 - RENOSTERBERG,1362,1104,0.8105726872246696,1215,874,0.7193415637860082
Northern Cape,Ward 30705004,NC075,NC075 - RENOSTERBERG,NC075 - RENOSTERBERG,1430,867,0.6062937062937063,1436,945,0.6580779944289693
Northern Cape,Ward 30706001,NC076,NC076 - THEMBELIHLE,NC076 - THEMBELIHLE,2123,1372,0.6462552991050401,1800,1209,0.6716666666666666
Northern Cape,Ward 30706002,NC076,NC076 - THEMBELIHLE,NC076 - THEMBELIHLE,2516,1606,0.6383147853736089,1841,1170,0.6355241716458446
Northern Cape,Ward 30706003,NC076,NC076 - THEMBELIHLE,NC076 - THEMBELIHLE,2036,1322,0.6493123772102161,1678,1008,0.600715137067938
Northern Cape,Ward 30706004,NC076,NC076 - THEMBELIHLE,NC076 - THEMBELIHLE,2199,1472,0.6693951796271033,1872,1072,0.5726495726495726
Northern Cape,Ward 30707001,NC077,NC077 - SIYATHEMBA,NC077 - SIYATHEMBA,2774,1867,0.6730353280461427,3346,1819,0.5436341900777047
Northern Cape,Ward 30707002,NC077,NC077 - SIYATHEMBA,NC077 - SIYATHEMBA,2793,1597,0.5717866093805943,1885,1229,0.6519893899204244
Northern Cape,Ward 30707003,NC077,NC077 - SIYATHEMBA,NC077 - SIYATHEMBA,1650,1229,0.7448484848484849,1805,1150,0.6371191135734072
Northern Cape,Ward 30707004,NC077,NC077 - SIYATHEMBA,NC077 - SIYATHEMBA,2167,1363,0.6289801568989386,1798,1090,0.6062291434927698
Northern Cape,Ward 30707005,NC077,NC077 - SIYATHEMBA,NC077 - SIYATHEMBA,2723,1833,0.6731546088872568,2484,1503,0.605072463768116
Northern Cape,Ward 30708001,NC078,NC078 - SIYANCUMA,NC078 - SIYANCUMA,2597,1589,0.6118598382749326,2507,1284,0.5121659353809334
Northern Cape,Ward 30708002,NC078,NC078 - SIYANCUMA,NC078 - SIYANCUMA,3265,1989,0.6091883614088821,2827,1283,0.4538379908029713
Northern Cape,Ward 30708003,NC078,NC078 - SIYANCUMA,NC078 - SIYANCUMA,3267,2202,0.6740128558310376,2968,1712,0.5768194070080862
Northern Cape,Ward 30708004,NC078,NC078 - SIYANCUMA,NC078 - SIYANCUMA,2358,1722,0.7302798982188295,3046,1915,0.628693368351937
Northern Cape,Ward 30708005,NC078,NC078 - SIYANCUMA,NC078 - SIYANCUMA,2783,1686,0.6058210564139418,3032,1453,0.47922163588390504
Northern Cape,Ward 30708006,NC078,NC078 - SIYANCUMA,NC078 - SIYANCUMA,2773,1523,0.5492246664262531,2396,1132,0.4724540901502504
Northern Cape,Ward 30708007,NC078,NC078 - SIYANCUMA,NC078 - SIYANCUMA,2676,1814,0.6778774289985052,2660,1614,0.6067669172932331
Northern Cape,Ward 30802001,NC082,NC082 - KAI !GARIB,NC082 - KAI !GARIB,2966,1668,0.5623735670937289,2905,1790,0.6161790017211703
Northern Cape,Ward 30802002,NC082,NC082 - KAI !GARIB,NC082 - KAI !GARIB,2670,1915,0.7172284644194756,2625,1852,0.7055238095238096
Northern Cape,Ward 30802003,NC082,NC082 - KAI !GARIB,NC082 - KAI !GARIB,2409,1971,0.8181818181818182,3649,2174,0.5957796656618252
Northern Cape,Ward 30802004,NC082,NC082 - KAI !GARIB,NC082 - KAI !GARIB,2589,1439,0.555813055233681,2319,1265,0.5454937473048728
Northern Cape,Ward 30802005,NC082,NC082 - KAI !GARIB,NC082 - KAI !GARIB,2773,1915,0.6905878110349801,3320,2205,0.6641566265060241
Northern Cape,Ward 30802006,NC082,NC082 - KAI !GARIB,NC082 - KAI !GARIB,3703,2571,0.6943019173642992,3567,2167,0.6075133165124754
Northern Cape,Ward 30802007,NC082,NC082 - KAI !GARIB,NC082 - KAI !GARIB,4399,2582,0.5869515799045237,3111,2083,0.6695596271295403
Northern Cape,Ward 30802008,NC082,NC082 - KAI !GARIB,NC082 - KAI !GARIB,3434,1981,0.5768782760629004,3628,2152,0.5931642778390298
Northern Cape,Ward 30802009,NC082,NC082 - KAI !GARIB,NC082 - KAI !GARIB,3424,2273,0.6638434579439252,3128,2096,0.670076726342711
Northern Cape,Ward 30802010,NC082,NC082 - KAI !GARIB,NC082 - KAI !GARIB,3050,1361,0.4462295081967213,2594,1115,0.42983808789514266
Northern Cape,Ward 30804001,NC084,NC084 - !KHEIS,NC084 - !KHEIS,2431,1819,0.7482517482517482,1398,928,0.6638054363376252
Northern Cape,Ward 30804002,NC084,NC084 - !KHEIS,NC084 - !KHEIS,2408,1833,0.7612126245847176,1958,1449,0.7400408580183861
Northern Cape,Ward 30804003,NC084,NC084 - !KHEIS,NC084 - !KHEIS,2639,1924,0.729064039408867,1927,1318,0.6839647119875454
Northern Cape,Ward 30804004,NC084,NC084 - !KHEIS,NC084 - !KHEIS,2253,1802,0.7998224589436307,1992,1350,0.677710843373494
Northern Cape,Ward 30805001,NC085,NC085 - TSANTSABANE,NC085 - TSANTSABANE,2044,1348,0.6594911937377691,2788,1385,0.4967718794835007
Northern Cape,Ward 30805002,NC085,NC085 - TSANTSABANE,NC085 - TSANTSABANE,2361,1362,0.576874205844981,2022,850,0.42037586547972305
Northern Cape,Ward 30805003,NC085,NC085 - TSANTSABANE,NC085 - TSANTSABANE,3631,2568,0.7072431836959515,2782,1332,0.4787922358015816
Northern Cape,Ward 30805004,NC085,NC085 - TSANTSABANE,NC085 - TSANTSABANE,2683,1763,0.6571002609019754,2580,1431,0.5546511627906977
Northern Cape,Ward 30805005,NC085,NC085 - TSANTSABANE,NC085 - TSANTSABANE,2743,1598,0.5825738242799854,2628,1227,0.4668949771689498
Northern Cape,Ward 30805006,NC085,NC085 - TSANTSABANE,NC085 - TSANTSABANE,2640,1454,0.5507575757575758,2547,1131,0.44405182567726736
Northern Cape,Ward 30805007,NC085,NC085 - TSANTSABANE,NC085 - TSANTSABANE,2580,1851,0.7174418604651163,2989,1813,0.6065573770491803
Northern Cape,Ward 30806001,NC086,NC086 - KGATELOPELE,NC086 - KGATELOPELE,2189,1284,0.5865692096847875,1906,978,0.5131164742917104
Northern Cape,Ward 30806002,NC086,NC086 - KGATELOPELE,NC086 - KGATELOPELE,1882,1219,0.6477151965993624,1505,754,0.5009966777408638
Northern Cape,Ward 30806003,NC086,NC086 - KGATELOPELE,NC086 - KGATELOPELE,3224,2059,0.6386476426799007,1419,586,0.41296687808315713
Northern Cape,Ward 30806004,NC086,NC086 - KGATELOPELE,NC086 - KGATELOPELE,2472,1186,0.4797734627831715,2100,1200,0.5714285714285714
Northern Cape,Ward 30807001,NC087,NC087 - //Khara Hais/Mier,NC087 - Dawid Kruiper,4766,2933,0.6154007553503986,3754,1838,0.48961108151305277
Northern Cape,Ward 30807002,NC087,NC087 - //Khara Hais/Mier,NC087 - Dawid Kruiper,3486,2076,0.5955249569707401,3417,1724,0.5045361428153351
Northern Cape,Ward 30807003,NC087,NC087 - //Khara Hais/Mier,NC087 - Dawid Kruiper,3196,2023,0.6329787234042553,2982,1642,0.5506371562709591
Northern Cape,Ward 30807004,NC087,NC087 - //Khara Hais/Mier,NC087 - Dawid Kruiper,3023,1798,0.5947734039034072,2985,1582,0.5299832495812395
Northern Cape,Ward 30807005,NC087,NC087 - //Khara Hais/Mier,NC087 - Dawid Kruiper,4298,2820,0.6561191251744998,4338,2022,0.4661134163208852
Northern Cape,Ward 30807006,NC087,NC087 - //Khara Hais/Mier,NC087 - Dawid Kruiper,3190,1977,0.6197492163009405,3346,1559,0.46592946802151824
Northern Cape,Ward 30807007,NC087,NC087 - //Khara Hais/Mier,NC087 - Dawid Kruiper,2930,1815,0.6194539249146758,3055,1497,0.4900163666121113
Northern Cape,Ward 30807008,NC087,NC087 - //Khara Hais/Mier,NC087 - Dawid Kruiper,4041,2641,0.6535511012125711,4208,2210,0.5251901140684411
Northern Cape,Ward 30807009,NC087,NC087 - //Khara Hais/Mier,NC087 - Dawid Kruiper,4180,2703,0.6466507177033493,3134,2080,0.6636885768985322
Northern Cape,Ward 30807010,NC087,NC087 - //Khara Hais/Mier,NC087 - Dawid Kruiper,2810,1725,0.6138790035587188,3379,1781,0.5270790174607872
Northern Cape,Ward 30807011,NC087,NC087 - //Khara Hais/Mier,NC087 - Dawid Kruiper,3406,2381,0.6990604815032296,2878,1333,0.46316886726893675
Northern Cape,Ward 30807012,NC087,NC087 - //Khara Hais/Mier,NC087 - Dawid Kruiper,3681,2483,0.6745449606085303,3694,2243,0.6072008662696264
Northern Cape,Ward 30807013,NC087,NC087 - //Khara Hais/Mier,NC087 - Dawid Kruiper,4210,2849,0.6767220902612826,4391,2207,0.5026189933955819
Northern Cape,Ward 30807014,NC087,NC087 - //Khara Hais/Mier,NC087 - Dawid Kruiper,3534,2464,0.6972269383135258,3812,2523,0.6618572927597062
Northern Cape,Ward 30807015,NC087,NC087 - //Khara Hais/Mier,NC087 - Dawid Kruiper,3019,1927,0.6382908247764161,3328,1556,0.4675480769230769
Northern Cape,Ward 30807016,NC087,NC087 - //Khara Hais/Mier,NC087 - Dawid Kruiper,4222,3001,0.7108005684509711,3660,2239,0.6117486338797814
Northern Cape,Ward 30901001,NC091,NC091 - Sol Plaatje,NC091 - Sol Plaatje,4104,2385,0.581140350877193,4205,2317,0.5510107015457788
Northern Cape,Ward 30901002,NC091,NC091 - Sol Plaatje,NC091 - Sol Plaatje,4843,2707,0.5589510633904604,4878,2179,0.44669946699466995
Northern Cape,Ward 30901003,NC091,NC091 - Sol Plaatje,NC091 - Sol Plaatje,3904,2472,0.6331967213114754,4003,2330,0.582063452410692
Northern Cape,Ward 30901004,NC091,NC091 - Sol Plaatje,NC091 - Sol Plaatje,3923,2401,0.612031608462911,3727,1697,0.4553259994633754
Northern Cape,Ward 30901005,NC091,NC091 - Sol Plaatje,NC091 - Sol Plaatje,4067,2576,0.6333907056798623,3932,1978,0.5030518819938963
Northern Cape,Ward 30901006,NC091,NC091 - Sol Plaatje,NC091 - Sol Plaatje,3450,2134,0.6185507246376811,3180,1577,0.4959119496855346
Northern Cape,Ward 30901007,NC091,NC091 - Sol Plaatje,NC091 - Sol Plaatje,3970,2210,0.5566750629722922,3441,1656,0.4812554489973845
Northern Cape,Ward 30901008,NC091,NC091 - Sol Plaatje,NC091 - Sol Plaatje,5206,3222,0.6189012677679601,3242,1590,0.4904380012338063
Northern Cape,Ward 30901009,NC091,NC091 - Sol Plaatje,NC091 - Sol Plaatje,4159,2494,0.5996633806203414,4071,1812,0.44509948415622697
Northern Cape,Ward 30901010,NC091,NC091 - Sol Plaatje,NC091 - Sol Plaatje,3447,2266,0.6573832317957644,3290,1707,0.5188449848024316
Northern Cape,Ward 30901011,NC091,NC091 - Sol Plaatje,NC091 - Sol Plaatje,3354,1970,0.5873583780560525,3061,1426,0.4658608297941849
Northern Cape,Ward 30901012,NC091,NC091 - Sol Plaatje,NC091 - Sol Plaatje,3372,2043,0.6058718861209964,3266,1501,0.4595835884874464
Northern Cape,Ward 30901013,NC091,NC091 - Sol Plaatje,NC091 - Sol Plaatje,3790,2212,0.5836411609498681,3422,1538,0.4494447691408533
Northern Cape,Ward 30901014,NC091,NC091 - Sol Plaatje,NC091 - Sol Plaatje,3604,2213,0.6140399556048834,3422,1711,0.5
Northern Cape,Ward 30901015,NC091,NC091 - Sol Plaatje,NC091 - Sol Plaatje,3304,1994,0.6035108958837773,3265,1546,0.47350689127105666
Northern Cape,Ward 30901016,NC091,NC091 - Sol Plaatje,NC091 - Sol Plaatje,3691,2371,0.6423733405581143,4347,2053,0.4722797331492984
Northern Cape,Ward 30901017,NC091,NC091 - Sol Plaatje,NC091 - Sol Plaatje,4085,2521,0.6171358629130967,3886,1802,0.46371590324240863
Northern Cape,Ward 30901018,NC091,NC091 - Sol Plaatje,NC091 - Sol Plaatje,2853,1707,0.5983175604626709,3279,1531,0.46691064348886857
Northern Cape,Ward 30901019,NC091,NC091 - Sol Plaatje,NC091 - Sol Plaatje,3476,2128,0.6121979286536249,3361,1674,0.49806605177030644
Northern Cape,Ward 30901020,NC091,NC091 - Sol Plaatje,NC091 - Sol Plaatje,3588,2357,0.6569119286510591,4147,1999,0.4820352061731372
Northern Cape,Ward 30901021,NC091,NC091 - Sol Plaatje,NC091 - Sol Plaatje,4809,2928,0.6088583905177791,4397,2159,0.49101660222879234
Northern Cape,Ward 30901022,NC091,NC091 - Sol Plaatje,NC091 - Sol Plaatje,4641,2398,0.5166989872872226,4531,2392,0.5279187817258884
Northern Cape,Ward 30901023,NC091,NC091 - Sol Plaatje,NC091 - Sol Plaatje,4580,2943,0.6425764192139738,4254,2334,0.5486600846262342
Northern Cape,Ward 30901024,NC091,NC091 - Sol Plaatje,NC091 - Sol Plaatje,4430,3119,0.7040632054176073,4247,2630,0.6192606545797034
Northern Cape,Ward 30901025,NC091,NC091 - Sol Plaatje,NC091 - Sol Plaatje,5110,2584,0.5056751467710372,3194,1410,0.44145272385723233
Northern Cape,Ward 30901026,NC091,NC091 - Sol Plaatje,NC091 - Sol Plaatje,4146,2708,0.653159671972986,6052,3213,0.5308988764044944
Northern Cape,Ward 30901027,NC091,NC091 - Sol Plaatje,NC091 - Sol Plaatje,3887,2118,0.5448932338564446,3735,1886,0.5049531459170014
Northern Cape,Ward 30901028,NC091,NC091 - Sol Plaatje,NC091 - Sol Plaatje,4221,2689,0.6370528310826818,4520,2612,0.5778761061946903
Northern Cape,Ward 30901029,NC091,NC091 - Sol Plaatje,NC091 - Sol Plaatje,3230,1517,0.4696594427244582,3810,1130,0.29658792650918636
Northern Cape,Ward 30901030,NC091,NC091 - Sol Plaatje,NC091 - Sol Plaatje,3561,2291,0.6433586071328279,4092,1841,0.44990224828934505
Northern Cape,Ward 30901031,NC091,NC091 - Sol Plaatje,NC091 - Sol Plaatje,4563,2674,0.5860179706333553,4037,1788,0.4429031459004211
Northern Cape,Ward 30901032,NC091,NC091 - Sol Plaatje,NC091 - Sol Plaatje,4447,2424,0.545086575219249,3888,1536,0.3950617283950617
Northern Cape,Ward 30901033,NC091,NC091 - Sol Plaatje,NC091 - Sol Plaatje,2503,1548,0.6184578505793048,4054,2231,0.5503206709422792
Northern Cape,Ward 30902001,NC092,NC092 - Dikgatlong,NC092 - Dikgatlong,2723,1419,0.5211164157179581,2652,1468,0.5535444947209653
Northern Cape,Ward 30902002,NC092,NC092 - Dikgatlong,NC092 - Dikgatlong,4123,2529,0.6133883094833859,3242,1894,0.5842072794571253
Northern Cape,Ward 30902003,NC092,NC092 - Dikgatlong,NC092 - Dikgatlong,3238,2234,0.6899320568252008,2807,1774,0.6319914499465622
Northern Cape,Ward 30902004,NC092,NC092 - Dikgatlong,NC092 - Dikgatlong,3366,2210,0.6565656565656566,2863,1532,0.5351030387705205
Northern Cape,Ward 30902005,NC092,NC092 - Dikgatlong,NC092 - Dikgatlong,3444,2026,0.5882694541231127,2636,1436,0.5447647951441578
Northern Cape,Ward 30902006,NC092,NC092 - Dikgatlong,NC092 - Dikgatlong,2872,1723,0.5999303621169917,2971,1627,0.5476270615954224
Northern Cape,Ward 30902007,NC092,NC092 - Dikgatlong,NC092 - Dikgatlong,2873,1783,0.6206056387051863,2587,1474,0.5697719366061075
Northern Cape,Ward 30903001,NC093,NC093 - Magareng,NC093 - Magareng,2934,1733,0.5906612133605998,2040,1101,0.5397058823529411
Northern Cape,Ward 30903002,NC093,NC093 - Magareng,NC093 - Magareng,2085,1310,0.6282973621103117,2037,1175,0.5768286696121747
Northern Cape,Ward 30903003,NC093,NC093 - Magareng,NC093 - Magareng,1929,1134,0.5878693623639192,1562,698,0.4468629961587708
Northern Cape,Ward 30903004,NC093,NC093 - Magareng,NC093 - Magareng,3078,1737,0.564327485380117,2149,1144,0.5323406235458352
Northern Cape,Ward 30903005,NC093,NC093 - Magareng,NC093 - Magareng,2014,1226,0.608738828202582,1838,950,0.5168661588683352
Northern Cape,Ward 30904001,NC094,NC094 - Phokwane,NC094 - Phokwane,3792,2155,0.568301687763713,3602,1785,0.49555802332037757
Northern Cape,Ward 30904002,NC094,NC094 - Phokwane,NC094 - Phokwane,3348,1865,0.5570489844683393,3305,1502,0.4544629349470499
Northern Cape,Ward 30904003,NC094,NC094 - Phokwane,NC094 - Phokwane,2764,1590,0.5752532561505065,2728,1177,0.4314516129032258
Northern Cape,Ward 30904004,NC094,NC094 - Phokwane,NC094 - Phokwane,3059,1654,0.5406995750245178,2825,1382,0.48920353982300885
Northern Cape,Ward 30904005,NC094,NC094 - Phokwane,NC094 - Phokwane,3750,2398,0.6394666666666666,4122,2021,0.49029597282872395
Northern Cape,Ward 30904006,NC094,NC094 - Phokwane,NC094 - Phokwane,2688,1520,0.5654761904761905,2813,1558,0.5538570920725204
Northern Cape,Ward 30904007,NC094,NC094 - Phokwane,NC094 - Phokwane,1781,1035,0.5811341942728804,3075,1585,0.5154471544715448
Northern Cape,Ward 30904008,NC094,NC094 - Phokwane,NC094 - Phokwane,5073,2981,0.5876207372363493,2919,1430,0.4898937992463172
Northern Cape,Ward 30904009,NC094,NC094 - Phokwane,NC094 - Phokwane,2955,1669,0.5648054145516075,3312,1750,0.5283816425120773
Northern Cape,Ward 30904010,NC094,NC094 - Phokwane,NC094 - Phokwane,2876,1855,0.6449930458970793,3708,2223,0.5995145631067961
Northern Cape,Ward 34501001,NC451,NC451 - Joe Morolong,NC451 - Joe Morolong,3276,1877,0.5729548229548229,3209,2746,0.8557182923028981
Northern Cape,Ward 34501002,NC451,NC451 - Joe Morolong,NC451 - Joe Morolong,3431,2013,0.5867094141649665,3268,1718,0.5257037943696451
Northern Cape,Ward 34501003,NC451,NC451 - Joe Morolong,NC451 - Joe Morolong,3495,1815,0.51931330472103,3379,1593,0.47144125480911514
Northern Cape,Ward 34501004,NC451,NC451 - Joe Morolong,NC451 - Joe Morolong,3787,2090,0.5518880380248218,3698,1721,0.4653866955110871
Northern Cape,Ward 34501005,NC451,NC451 - Joe Morolong,NC451 - Joe Morolong,3559,2132,0.5990446754706378,3423,1662,0.4855390008764242
Northern Cape,Ward 34501006,NC451,NC451 - Joe Morolong,NC451 - Joe Morolong,3251,2154,0.6625653645032298,3162,2038,0.6445287792536369
Northern Cape,Ward 34501007,NC451,NC451 - Joe Morolong,NC451 - Joe Morolong,3734,2093,0.5605249062667381,3618,1882,0.5201768933112216
Northern Cape,Ward 34501008,NC451,NC451 - Joe Morolong,NC451 - Joe Morolong,3065,1665,0.5432300163132137,2909,1642,0.5644551392231008
Northern Cape,Ward 34501009,NC451,NC451 - Joe Morolong,NC451 - Joe Morolong,3725,1998,0.5363758389261745,3630,1569,0.4322314049586777
Northern Cape,Ward 34501010,NC451,NC451 - Joe Morolong,NC451 - Joe Morolong,3245,1712,0.5275808936825886,3109,1293,0.4158893534898681
Northern Cape,Ward 34501011,NC451,NC451 - Joe Morolong,NC451 - Joe Morolong,3004,1402,0.466711051930759,3002,1487,0.4953364423717522
Northern Cape,Ward 34501012,NC451,NC451 - Joe Morolong,NC451 - Joe Morolong,3458,1607,0.4647194910352805,3318,1324,0.3990355635925256
Northern Cape,Ward 34501013,NC451,NC451 - Joe Morolong,NC451 - Joe Morolong,3725,1884,0.5057718120805369,3559,1506,0.4231525709468952
Northern Cape,Ward 34501014,NC451,NC451 - Joe Morolong,NC451 - Joe Morolong,3660,1963,0.5363387978142077,3413,1443,0.4227951948432464
Northern Cape,Ward 34501015,NC451,NC451 - Joe Morolong,NC451 - Joe Morolong,3496,1974,0.5646453089244852,3282,1762,0.5368677635588056
Northern Cape,Ward 34502001,NC452,NC452 - GA-SEGONYANA,NC452 - GA-SEGONYANA,3524,2115,0.6001702610669694,3463,1823,0.5264221773029165
Northern Cape,Ward 34502002,NC452,NC452 - GA-SEGONYANA,NC452 - GA-SEGONYANA,3914,2436,0.6223811957077159,4147,1740,0.4195804195804196
Northern Cape,Ward 34502003,NC452,NC452 - GA-SEGONYANA,NC452 - GA-SEGONYANA,4126,2628,0.6369365002423655,3379,1351,0.39982243267238826
Northern Cape,Ward 34502004,NC452,NC452 - GA-SEGONYANA,NC452 - GA-SEGONYANA,3750,1972,0.5258666666666667,3056,1362,0.4456806282722513
Northern Cape,Ward 34502005,NC452,NC452 - GA-SEGONYANA,NC452 - GA-SEGONYANA,3190,1586,0.4971786833855799,3268,1199,0.36689106487148104
Northern Cape,Ward 34502006,NC452,NC452 - GA-SEGONYANA,NC452 - GA-SEGONYANA,3348,1831,0.5468936678614098,3304,1640,0.4963680387409201
Northern Cape,Ward 34502007,NC452,NC452 - GA-SEGONYANA,NC452 - GA-SEGONYANA,3451,2205,0.6389452332657201,3276,1257,0.3836996336996337
Northern Cape,Ward 34502008,NC452,NC452 - GA-SEGONYANA,NC452 - GA-SEGONYANA,3708,2005,0.540722761596548,3536,1410,0.3987556561085973
Northern Cape,Ward 34502009,NC452,NC452 - GA-SEGONYANA,NC452 - GA-SEGONYANA,2826,1424,0.5038924274593064,2626,986,0.37547600913937546
Northern Cape,Ward 34502010,NC452,NC452 - GA-SEGONYANA,NC452 - GA-SEGONYANA,3634,2092,0.5756741882223445,3509,1472,0.4194927329723568
Northern Cape,Ward 34502011,NC452,NC452 - GA-SEGONYANA,NC452 - GA-SEGONYANA,3609,1899,0.5261845386533666,3563,1399,0.39264664608476
Northern Cape,Ward 34502012,NC452,NC452 - GA-SEGONYANA,NC452 - GA-SEGONYANA,3332,1914,0.5744297719087635,3900,1628,0.41743589743589743
Northern Cape,Ward 34502013,NC452,NC452 - GA-SEGONYANA,NC452 - GA-SEGONYANA,3726,2256,0.605475040257649,3568,1624,0.4551569506726457
Northern Cape,Ward 34502014,NC452,NC452 - GA-SEGONYANA,NC452 - GA-SEGONYANA,3331,2047,0.6145301711197838,3378,1660,0.49141503848431023
Northern Cape,Ward 34503001,NC453,NC453 - GAMAGARA,NC453 - GAMAGARA,3303,2011,0.6088404480775053,3191,1765,0.5531181447821999
Northern Cape,Ward 34503002,NC453,NC453 - GAMAGARA,NC453 - GAMAGARA,3418,2125,0.6217086015213575,1946,1173,0.6027749229188079
Northern Cape,Ward 34503003,NC453,NC453 - GAMAGARA,NC453 - GAMAGARA,1925,1131,0.5875324675324676,2034,1164,0.5722713864306784
Northern Cape,Ward 34503004,NC453,NC453 - GAMAGARA,NC453 - GAMAGARA,3535,2168,0.6132956152758133,3465,2277,0.6571428571428571
Northern Cape,Ward 34503005,NC453,NC453 - GAMAGARA,NC453 - GAMAGARA,4608,2255,0.4893663194444444,4524,1564,0.34571175950486294
Northern Cape,Ward 34503006,NC453,NC453 - GAMAGARA,NC453 - GAMAGARA,4208,2252,0.535171102661597,3193,1591,0.4982774819918572
Northern Cape,Ward 34503007,NC453,NC453 - GAMAGARA,NC453 - GAMAGARA,865,602,0.6959537572254335,3230,1541,0.47708978328173374
Western Cape,Ward 19100001,CPT,CPT - City of Cape Town,CPT - City of Cape Town,19398,15431,0.7954943808640066,15635,10125,0.6475855452510393
Western Cape,Ward 19100002,CPT,CPT - City of Cape Town,CPT - City of Cape Town,18644,14108,0.7567045698347994,20838,12264,0.5885401670025914
Western Cape,Ward 19100003,CPT,CPT - City of Cape Town,CPT - City of Cape Town,15858,12376,0.7804262832639677,15898,9961,0.6265567995974336
Western Cape,Ward 19100004,CPT,CPT - City of Cape Town,CPT - City of Cape Town,15425,9191,0.5958508914100487,15091,6684,0.44291299450003313
Western Cape,Ward 19100005,CPT,CPT - City of Cape Town,CPT - City of Cape Town,18014,14093,0.782335960919285,23528,14577,0.6195596735804149
Western Cape,Ward 19100006,CPT,CPT - City of Cape Town,CPT - City of Cape Town,19407,10715,0.5521203689390426,18129,6048,0.3336091345358266
Western Cape,Ward 19100007,CPT,CPT - City of Cape Town,CPT - City of Cape Town,16060,10861,0.6762764632627646,16835,8119,0.48226908226908227
Western Cape,Ward 19100008,CPT,CPT - City of Cape Town,CPT - City of Cape Town,20577,16103,0.7825727754288769,20877,12438,0.595775255065383
Western Cape,Ward 19100009,CPT,CPT - City of Cape Town,CPT - City of Cape Town,17132,9263,0.5406840999299556,17153,6983,0.407100798694106
Western Cape,Ward 19100010,CPT,CPT - City of Cape Town,CPT - City of Cape Town,15127,9599,0.6345607192437364,16882,7934,0.4699680132685701
Western Cape,Ward 19100011,CPT,CPT - City of Cape Town,CPT - City of Cape Town,18189,13589,0.7470998955412612,19752,10766,0.5450587282300526
Western Cape,Ward 19100012,CPT,CPT - City of Cape Town,CPT - City of Cape Town,16416,10383,0.6324926900584795,15763,7211,0.45746368077142674
Western Cape,Ward 19100013,CPT,CPT - City of Cape Town,CPT - City of Cape Town,19472,11853,0.6087202136400987,16230,6097,0.3756623536660505
Western Cape,Ward 19100014,CPT,CPT - City of Cape Town,CPT - City of Cape Town,17378,11580,0.6663597652203936,18845,8304,0.44064738657468827
Western Cape,Ward 19100015,CPT,CPT - City of Cape Town,CPT - City of Cape Town,19268,14698,0.7628191820635251,19473,13315,0.6837672674985877
Western Cape,Ward 19100016,CPT,CPT - City of Cape Town,CPT - City of Cape Town,19224,11633,0.6051290054099043,15930,6427,0.4034526051475204
Western Cape,Ward 19100017,CPT,CPT - City of Cape Town,CPT - City of Cape Town,19813,12885,0.650330591026094,17753,8535,0.48076381456655215
Western Cape,Ward 19100018,CPT,CPT - City of Cape Town,CPT - City of Cape Town,15595,8661,0.5553703109971144,16275,5756,0.35367127496159756
Western Cape,Ward 19100019,CPT,CPT - City of Cape Town,CPT - City of Cape Town,18952,11814,0.6233642887294217,19314,7703,0.3988298643471057
Western Cape,Ward 19100020,CPT,CPT - City of Cape Town,CPT - City of Cape Town,18134,10766,0.5936914084041028,15090,5355,0.3548707753479125
Western Cape,Ward 19100021,CPT,CPT - City of Cape Town,CPT - City of Cape Town,16577,13355,0.8056343126017976,16798,11197,0.6665674485057745
Western Cape,Ward 19100022,CPT,CPT - City of Cape Town,CPT - City of Cape Town,15799,10217,0.6466864991455156,16360,7965,0.48685819070904646
Western Cape,Ward 19100023,CPT,CPT - City of Cape Town,CPT - City of Cape Town,17821,13221,0.741877560181808,19228,11850,0.6162887455793634
Western Cape,Ward 19100024,CPT,CPT - City of Cape Town,CPT - City of Cape Town,16008,9589,0.5990129935032483,13868,4410,0.31799826939717335
Western Cape,Ward 19100025,CPT,CPT - City of Cape Town,CPT - City of Cape Town,17680,10930,0.6182126696832579,18791,8682,0.4620296950667873
Western Cape,Ward 19100026,CPT,CPT - City of Cape Town,CPT - City of Cape Town,18971,13065,0.6886827262664066,13366,6328,0.47344007182403114
Western Cape,Ward 19100027,CPT,CPT - City of Cape Town,CPT - City of Cape Town,13567,9876,0.7279428023881477,15273,8524,0.5581090813854515
Western Cape,Ward 19100028,CPT,CPT - City of Cape Town,CPT - City of Cape Town,17640,11158,0.6325396825396825,18524,9276,0.5007557762902181
Western Cape,Ward 19100029,CPT,CPT - City of Cape Town,CPT - City of Cape Town,16954,10173,0.6000353898784947,16378,7811,0.47692025888386863
Western Cape,Ward 19100030,CPT,CPT - City of Cape Town,CPT - City of Cape Town,17410,11289,0.6484204480183803,16481,7204,0.4371093987015351
Western Cape,Ward 19100031,CPT,CPT - City of Cape Town,CPT - City of Cape Town,15129,9240,0.610747570890343,18704,8478,0.45327202737382377
Western Cape,Ward 19100032,CPT,CPT - City of Cape Town,CPT - City of Cape Town,18949,10921,0.5763364821362605,19232,7585,0.39439475873544094
Western Cape,Ward 19100033,CPT,CPT - City of Cape Town,CPT - City of Cape Town,17606,8831,0.5015903669203681,16925,5114,0.3021565731166913
Western Cape,Ward 19100034,CPT,CPT - City of Cape Town,CPT - City of Cape Town,17524,8699,0.4964049303811915,17103,5745,0.33590598140677075
Western Cape,Ward 19100035,CPT,CPT - City of Cape Town,CPT - City of Cape Town,19746,11206,0.5675073432593943,18288,5040,0.2755905511811024
Western Cape,Ward 19100036,CPT,CPT - City of Cape Town,CPT - City of Cape Town,14781,8658,0.5857519788918206,15449,5713,0.36979739788983107
Western Cape,Ward 19100037,CPT,CPT - City of Cape Town,CPT - City of Cape Town,13922,8211,0.5897859502944979,17540,6020,0.34321550741163054
Western Cape,Ward 19100038,CPT,CPT - City of Cape Town,CPT - City of Cape Town,13421,7294,0.543476641084867,16415,6317,0.38483094730429485
Western Cape,Ward 19100039,CPT,CPT - City of Cape Town,CPT - City of Cape Town,15598,8949,0.5737274009488396,15804,5618,0.3554796254112883
Western Cape,Ward 19100040,CPT,CPT - City of Cape Town,CPT - City of Cape Town,18259,9754,0.5342023111890026,18049,5849,0.32406227491827805
Western Cape,Ward 19100041,CPT,CPT - City of Cape Town,CPT - City of Cape Town,15129,8669,0.5730054861524225,15020,5423,0.361051930758988
Western Cape,Ward 19100042,CPT,CPT - City of Cape Town,CPT - City of Cape Town,14461,8538,0.5904156005808727,16385,7840,0.47848642050656087
Western Cape,Ward 19100043,CPT,CPT - City of Cape Town,CPT - City of Cape Town,18424,12459,0.676237516283109,18496,9250,0.5001081314878892
Western Cape,Ward 19100044,CPT,CPT - City of Cape Town,CPT - City of Cape Town,18588,12574,0.6764579298472132,14889,7049,0.47343676539727314
Western Cape,Ward 19100045,CPT,CPT - City of Cape Town,CPT - City of Cape Town,15079,8412,0.5578619271835003,11673,4863,0.4166024158314058
Western Cape,Ward 19100046,CPT,CPT - City of Cape Town,CPT - City of Cape Town,15218,9730,0.6393744250229991,18177,8748,0.4812675358970127
Western Cape,Ward 19100047,CPT,CPT - City of Cape Town,CPT - City of Cape Town,15185,9254,0.609417188014488,16018,7583,0.4734049194656012
Western Cape,Ward 19100048,CPT,CPT - City of Cape Town,CPT - City of Cape Town,13551,7973,0.5883698620028042,13409,7094,0.52904765456037
Western Cape,Ward 19100049,CPT,CPT - City of Cape Town,CPT - City of Cape Town,18012,11951,0.6635021097046413,15600,8086,0.5183333333333333
Western Cape,Ward 19100050,CPT,CPT - City of Cape Town,CPT - City of Cape Town,15752,10132,0.6432199085830371,14671,7398,0.5042601049689864
Western Cape,Ward 19100051,CPT,CPT - City of Cape Town,CPT - City of Cape Town,14306,8008,0.5597651335104152,14840,5868,0.3954177897574124
Western Cape,Ward 19100052,CPT,CPT - City of Cape Town,CPT - City of Cape Town,14405,7352,0.5103783408538702,15265,4667,0.3057320668195218
Western Cape,Ward 19100053,CPT,CPT - City of Cape Town,CPT - City of Cape Town,14682,10953,0.7460155292194524,14676,9024,0.6148814390842191
Western Cape,Ward 19100054,CPT,CPT - City of Cape Town,CPT - City of Cape Town,16798,10478,0.6237647338968925,19515,9963,0.5105303612605688
Western Cape,Ward 19100055,CPT,CPT - City of Cape Town,CPT - City of Cape Town,15577,10631,0.6824805803428131,15798,8585,0.5434232181288771
Western Cape,Ward 19100056,CPT,CPT - City of Cape Town,CPT - City of Cape Town,16972,11461,0.6752887108178176,16033,7525,0.46934447701615417
Western Cape,Ward 19100057,CPT,CPT - City of Cape Town,CPT - City of Cape Town,19385,10653,0.5495486200670622,19135,7249,0.3788345962895218
Western Cape,Ward 19100058,CPT,CPT - City of Cape Town,CPT - City of Cape Town,18218,12857,0.7057305961137337,19814,11470,0.57888361764409
Western Cape,Ward 19100059,CPT,CPT - City of Cape Town,CPT - City of Cape Town,18157,11947,0.6579831469956491,19637,9660,0.49192850231705454
Western Cape,Ward 19100060,CPT,CPT - City of Cape Town,CPT - City of Cape Town,17828,12793,0.7175790890733678,14717,8294,0.5635659441462254
Western Cape,Ward 19100061,CPT,CPT - City of Cape Town,CPT - City of Cape Town,16373,11039,0.6742197520307824,16543,8319,0.5028713050837212
Western Cape,Ward 19100062,CPT,CPT - City of Cape Town,CPT - City of Cape Town,16773,11830,0.705300184820843,15822,9178,0.5800783718872456
Western Cape,Ward 19100063,CPT,CPT - City of Cape Town,CPT - City of Cape Town,18898,13836,0.7321409672981268,16381,9055,0.5527745558879189
Western Cape,Ward 19100064,CPT,CPT - City of Cape Town,CPT - City of Cape Town,19443,13770,0.7082240395000772,19786,11469,0.5796522793894673
Western Cape,Ward 19100065,CPT,CPT - City of Cape Town,CPT - City of Cape Town,17564,12405,0.7062741972215896,18608,9103,0.4891981943250215
Western Cape,Ward 19100066,CPT,CPT - City of Cape Town,CPT - City of Cape Town,17283,11599,0.6711219117051438,16526,10323,0.6246520634152245
Western Cape,Ward 19100067,CPT,CPT - City of Cape Town,CPT - City of Cape Town,21210,13241,0.6242809995285242,15626,7542,0.4826571099449635
Western Cape,Ward 19100068,CPT,CPT - City of Cape Town,CPT - City of Cape Town,14888,10056,0.6754433100483611,14852,7716,0.5195259897656881
Western Cape,Ward 19100069,CPT,CPT - City of Cape Town,CPT - City of Cape Town,18103,11357,0.6273545821134618,18763,9594,0.5113254809998401
Western Cape,Ward 19100070,CPT,CPT - City of Cape Town,CPT - City of Cape Town,17814,14207,0.7975188054339284,18215,11986,0.6580290968981608
Western Cape,Ward 19100071,CPT,CPT - City of Cape Town,CPT - City of Cape Town,15678,11077,0.7065314453374155,15518,8569,0.5521974481247583
Western Cape,Ward 19100072,CPT,CPT - City of Cape Town,CPT - City of Cape Town,17361,12865,0.7410287425839526,13722,8345,0.6081475003643784
Western Cape,Ward 19100073,CPT,CPT - City of Cape Town,CPT - City of Cape Town,19018,14506,0.7627510779261752,14561,8860,0.6084746926722066
Western Cape,Ward 19100074,CPT,CPT - City of Cape Town,CPT - City of Cape Town,17550,11453,0.6525925925925926,17235,7675,0.4453147664635915
Western Cape,Ward 19100075,CPT,CPT - City of Cape Town,CPT - City of Cape Town,16645,11185,0.671973565635326,16438,8527,0.5187370726365738
Western Cape,Ward 19100076,CPT,CPT - City of Cape Town,CPT - City of Cape Town,16098,10554,0.6556093924711144,15782,7307,0.4629958180205297
Western Cape,Ward 19100077,CPT,CPT - City of Cape Town,CPT - City of Cape Town,17887,11735,0.6560630625594007,18766,9924,0.5288287328146648
Western Cape,Ward 19100078,CPT,CPT - City of Cape Town,CPT - City of Cape Town,17138,11878,0.6930797059166763,15053,7908,0.5253437852919683
Western Cape,Ward 19100079,CPT,CPT - City of Cape Town,CPT - City of Cape Town,18939,11659,0.6156080046464967,14406,7259,0.5038872691933917
Western Cape,Ward 19100080,CPT,CPT - City of Cape Town,CPT - City of Cape Town,18090,10498,0.5803206191265893,17997,5900,0.3278324165138634
Western Cape,Ward 19100081,CPT,CPT - City of Cape Town,CPT - City of Cape Town,20125,13844,0.6879006211180124,14132,7673,0.5429521652986131
Western Cape,Ward 19100082,CPT,CPT - City of Cape Town,CPT - City of Cape Town,16555,9927,0.599637571730595,13173,5954,0.45198512108099903
Western Cape,Ward 19100083,CPT,CPT - City of Cape Town,CPT - City of Cape Town,17111,12197,0.7128163169890713,18398,11866,0.6449614088487879
Western Cape,Ward 19100084,CPT,CPT - City of Cape Town,CPT - City of Cape Town,20938,13664,0.6525933709045754,19475,10918,0.5606161745827984
Western Cape,Ward 19100085,CPT,CPT - City of Cape Town,CPT - City of Cape Town,17261,10918,0.6325241874746539,19347,8108,0.4190830619734326
Western Cape,Ward 19100086,CPT,CPT - City of Cape Town,CPT - City of Cape Town,18404,11219,0.6095957400565094,16916,5773,0.34127453298652166
Western Cape,Ward 19100087,CPT,CPT - City of Cape Town,CPT - City of Cape Town,14328,8182,0.5710496929089894,14708,5640,0.3834647810715257
Western Cape,Ward 19100088,CPT,CPT - City of Cape Town,CPT - City of Cape Town,18804,9782,0.5202084662837694,18040,6035,0.33453436807095344
Western Cape,Ward 19100089,CPT,CPT - City of Cape Town,CPT - City of Cape Town,15198,7931,0.5218449796025793,15495,5116,0.33017102291061634
Western Cape,Ward 19100090,CPT,CPT - City of Cape Town,CPT - City of Cape Town,13988,7599,0.5432513583071203,13066,4526,0.346395224246135
Western Cape,Ward 19100091,CPT,CPT - City of Cape Town,CPT - City of Cape Town,15793,8821,0.5585385930475527,14668,5314,0.36228524679574586
Western Cape,Ward 19100092,CPT,CPT - City of Cape Town,CPT - City of Cape Town,15827,8972,0.5668793833322803,17604,7346,0.41729152465348784
Western Cape,Ward 19100093,CPT,CPT - City of Cape Town,CPT - City of Cape Town,16560,9464,0.5714975845410628,15134,5277,0.348685079952425
Western Cape,Ward 19100094,CPT,CPT - City of Cape Town,CPT - City of Cape Town,17509,9776,0.5583414244103033,15202,5382,0.3540323641626102
Western Cape,Ward 19100095,CPT,CPT - City of Cape Town,CPT - City of Cape Town,16884,9490,0.5620705993840323,22171,7987,0.36024536556763337
Western Cape,Ward 19100096,CPT,CPT - City of Cape Town,CPT - City of Cape Town,18308,10546,0.5760323355909984,18907,6082,0.3216798011318559
Western Cape,Ward 19100097,CPT,CPT - City of Cape Town,CPT - City of Cape Town,14751,8180,0.5545386753440444,16735,6002,0.35864953689871526
Western Cape,Ward 19100098,CPT,CPT - City of Cape Town,CPT - City of Cape Town,16827,8903,0.5290901527307303,18648,6160,0.3303303303303303
Western Cape,Ward 19100099,CPT,CPT - City of Cape Town,CPT - City of Cape Town,16403,9385,0.5721514357129793,18644,6070,0.32557391117785883
Western Cape,Ward 19100100,CPT,CPT - City of Cape Town,CPT - City of Cape Town,16930,11184,0.6606024808033077,19837,8498,0.4283913898270908
Western Cape,Ward 19100101,CPT,CPT - City of Cape Town,CPT - City of Cape Town,17664,10012,0.566802536231884,19581,6562,0.33512078034829684
Western Cape,Ward 19100102,CPT,CPT - City of Cape Town,CPT - City of Cape Town,18771,14543,0.7747589366576102,16404,9910,0.6041209461107047
Western Cape,Ward 19100103,CPT,CPT - City of Cape Town,CPT - City of Cape Town,16719,13668,0.817513009151265,18890,12825,0.6789306511381683
Western Cape,Ward 19100104,CPT,CPT - City of Cape Town,CPT - City of Cape Town,16530,8426,0.5097398669086509,15809,4941,0.3125434878866468
Western Cape,Ward 19100105,CPT,CPT - City of Cape Town,CPT - City of Cape Town,16894,11543,0.6832603291109269,16886,8430,0.4992301314698567
Western Cape,Ward 19100106,CPT,CPT - City of Cape Town,CPT - City of Cape Town,19837,10785,0.5436810001512326,16776,5410,0.322484501669051
Western Cape,Ward 19100107,CPT,CPT - City of Cape Town,CPT - City of Cape Town,16711,11964,0.7159356112740112,20779,11409,0.5490639588045623
Western Cape,Ward 19100108,CPT,CPT - City of Cape Town,CPT - City of Cape Town,18457,10261,0.5559408354553828,17472,6303,0.36074862637362637
Western Cape,Ward 19100109,CPT,CPT - City of Cape Town,CPT - City of Cape Town,17794,11102,0.6239181746656176,19197,8427,0.43897483981872165
Western Cape,Ward 19100110,CPT,CPT - City of Cape Town,CPT - City of Cape Town,14584,9843,0.674917718047175,16796,8047,0.4791021671826625
Western Cape,Ward 19100111,CPT,CPT - City of Cape Town,CPT - City of Cape Town,16151,10727,0.6641694012754629,19806,9633,0.48636776734322934
Western Cape,Ward 19100112,CPT,CPT - City of Cape Town,CPT - City of Cape Town,16654,12889,0.7739281854209199,16863,10991,0.6517820079463915
Western Cape,Ward 19100113,CPT,CPT - City of Cape Town,CPT - City of Cape Town,15805,11653,0.7372983233154066,16523,9477,0.5735641227380016
Western Cape,Ward 19100114,CPT,CPT - City of Cape Town,CPT - City of Cape Town,13994,7194,0.5140774617693297,21997,7830,0.355957630585989
Western Cape,Ward 19100115,CPT,CPT - City of Cape Town,CPT - City of Cape Town,18520,11203,0.6049136069114471,15341,6862,0.44729809008539206
Western Cape,Ward 19100116,CPT,CPT - City of Cape Town,CPT - City of Cape Town,14176,8840,0.623589164785553,16053,7684,0.4786644240951847
Western Cape,Ward 10101001,WC011,WC011 - Matzikama,WC011 - Matzikama,3764,2302,0.6115834218916046,3856,2069,0.5365663900414938
Western Cape,Ward 10101002,WC011,WC011 - Matzikama,WC011 - Matzikama,3307,2028,0.6132446325975204,3884,2361,0.6078784757981462
Western Cape,Ward 10101003,WC011,WC011 - Matzikama,WC011 - Matzikama,3667,1863,0.5080447232069811,4096,1820,0.4443359375
Western Cape,Ward 10101004,WC011,WC011 - Matzikama,WC011 - Matzikama,4021,2231,0.554837105197712,4560,2182,0.47850877192982455
Western Cape,Ward 10101005,WC011,WC011 - Matzikama,WC011 - Matzikama,3763,2551,0.67791655593941,3421,1770,0.5173925752703887
Western Cape,Ward 10101006,WC011,WC011 - Matzikama,WC011 - Matzikama,4204,2597,0.6177450047573739,4225,2416,0.5718343195266272
Western Cape,Ward 10101007,WC011,WC011 - Matzikama,WC011 - Matzikama,4056,2670,0.658284023668639,4062,2392,0.5888724766125062
Western Cape,Ward 10101008,WC011,WC011 - Matzikama,WC011 - Matzikama,3411,1854,0.5435356200527705,3661,2091,0.5711554220158427
Western Cape,Ward 10102001,WC012,WC012 - Cederberg,WC012 - Cederberg,4013,2433,0.6062795913281834,4545,2181,0.47986798679867987
Western Cape,Ward 10102002,WC012,WC012 - Cederberg,WC012 - Cederberg,4517,2986,0.6610582244852778,5015,2768,0.5519441674975075
Western Cape,Ward 10102003,WC012,WC012 - Cederberg,WC012 - Cederberg,5038,3063,0.6079793568876538,5385,3013,0.5595171773444754
Western Cape,Ward 10102004,WC012,WC012 - Cederberg,WC012 - Cederberg,3237,2035,0.6286685202347853,4410,2687,0.609297052154195
Western Cape,Ward 10102005,WC012,WC012 - Cederberg,WC012 - Cederberg,5259,3525,0.6702795208214489,4056,2481,0.6116863905325444
Western Cape,Ward 10102006,WC012,WC012 - Cederberg,WC012 - Cederberg,2867,1444,0.5036623648412976,3736,1771,0.4740364025695932
Western Cape,Ward 10103001,WC013,WC013 - Bergrivier,WC013 - Bergrivier,3548,2184,0.6155580608793687,3546,1864,0.5256627185561196
Western Cape,Ward 10103002,WC013,WC013 - Bergrivier,WC013 - Bergrivier,3637,2391,0.6574099532581799,3759,2018,0.5368449055599893
Western Cape,Ward 10103003,WC013,WC013 - Bergrivier,WC013 - Bergrivier,3841,2372,0.6175475136683155,3701,1910,0.5160767360172926
Western Cape,Ward 10103004,WC013,WC013 - Bergrivier,WC013 - Bergrivier,4113,2407,0.5852176027230732,4370,2138,0.48924485125858125
Western Cape,Ward 10103005,WC013,WC013 - Bergrivier,WC013 - Bergrivier,3833,2321,0.6055309157318027,3880,2064,0.5319587628865979
Western Cape,Ward 10103006,WC013,WC013 - Bergrivier,WC013 - Bergrivier,3989,2366,0.5931311105540236,4479,2549,0.5691002455905336
Western Cape,Ward 10103007,WC013,WC013 - Bergrivier,WC013 - Bergrivier,3349,2391,0.7139444610331442,3806,2488,0.6537046768260641
Western Cape,Ward 10104001,WC014,WC014 - Saldanha Bay,WC014 - Saldanha Bay,4799,3393,0.7070222963117316,5098,2451,0.4807767752059631
Western Cape,Ward 10104002,WC014,WC014 - Saldanha Bay,WC014 - Saldanha Bay,4558,2711,0.5947784115840281,4999,2048,0.40968193638727746
Western Cape,Ward 10104003,WC014,WC014 - Saldanha Bay,WC014 - Saldanha Bay,3309,1717,0.518887881535207,3406,1530,0.44920728126834997
Western Cape,Ward 10104004,WC014,WC014 - Saldanha Bay,WC014 - Saldanha Bay,3938,2380,0.6043676993397664,4225,2217,0.5247337278106509
Western Cape,Ward 10104005,WC014,WC014 - Saldanha Bay,WC014 - Saldanha Bay,3469,2490,0.7177861055059095,3535,1959,0.5541725601131542
Western Cape,Ward 10104006,WC014,WC014 - Saldanha Bay,WC014 - Saldanha Bay,4182,2994,0.7159253945480631,4791,2813,0.5871425589647256
Western Cape,Ward 10104007,WC014,WC014 - Saldanha Bay,WC014 - Saldanha Bay,4280,2858,0.6677570093457944,4293,2441,0.568600046587468
Western Cape,Ward 10104008,WC014,WC014 - Saldanha Bay,WC014 - Saldanha Bay,4000,2652,0.663,3956,2123,0.5366531850353893
Western Cape,Ward 10104009,WC014,WC014 - Saldanha Bay,WC014 - Saldanha Bay,4901,2532,0.5166292593348296,4263,1872,0.43912737508796623
Western Cape,Ward 10104010,WC014,WC014 - Saldanha Bay,WC014 - Saldanha Bay,4580,2974,0.6493449781659388,4699,2380,0.5064907427112152
Western Cape,Ward 10104011,WC014,WC014 - Saldanha Bay,WC014 - Saldanha Bay,3418,2412,0.7056758338209479,4223,2407,0.5699739521667061
Western Cape,Ward 10104012,WC014,WC014 - Saldanha Bay,WC014 - Saldanha Bay,4589,2905,0.6330355197210721,4792,2408,0.5025041736227045
Western Cape,Ward 10104013,WC014,WC014 - Saldanha Bay,WC014 - Saldanha Bay,3884,2019,0.5198249227600412,5323,2387,0.4484313357129438
Western Cape,Ward 10104014,WC014,WC014 - Saldanha Bay,WC014 - Saldanha Bay,2860,2115,0.7395104895104895,3838,2316,0.6034392912975508
Western Cape,Ward 10105001,WC015,WC015 - Swartland,WC015 - Swartland,3815,2316,0.6070773263433814,3853,1884,0.48896963405138855
Western Cape,Ward 10105002,WC015,WC015 - Swartland,WC015 - Swartland,4453,2444,0.5488434763081069,4331,1843,0.4255368275225121
Western Cape,Ward 10105003,WC015,WC015 - Swartland,WC015 - Swartland,3671,2160,0.588395532552438,3541,1696,0.47896074555210394
Western Cape,Ward 10105004,WC015,WC015 - Swartland,WC015 - Swartland,3540,1921,0.5426553672316384,3927,1754,0.4466513878278584
Western Cape,Ward 10105005,WC015,WC015 - Swartland,WC015 - Swartland,3837,2540,0.6619755016940317,4348,2638,0.6067157313707452
Western Cape,Ward 10105006,WC015,WC015 - Swartland,WC015 - Swartland,4033,2177,0.5397966774113563,3915,1757,0.448786717752235
Western Cape,Ward 10105007,WC015,WC015 - Swartland,WC015 - Swartland,4365,2496,0.5718213058419244,4451,2193,0.49269827005167377
Western Cape,Ward 10105008,WC015,WC015 - Swartland,WC015 - Swartland,3818,2480,0.6495547407019382,3747,2075,0.5537763544168668
Western Cape,Ward 10105009,WC015,WC015 - Swartland,WC015 - Swartland,4706,2675,0.5684232894177645,4800,1679,0.34979166666666667
Western Cape,Ward 10105010,WC015,WC015 - Swartland,WC015 - Swartland,4445,3143,0.7070866141732284,4541,2726,0.6003083021360933
Western Cape,Ward 10105011,WC015,WC015 - Swartland,WC015 - Swartland,4478,2410,0.5381866904868244,4289,1713,0.3993937980881324
Western Cape,Ward 10105012,WC015,WC015 - Swartland,WC015 - Swartland,4024,2277,0.5658548707753479,4028,1729,0.42924528301886794
Western Cape,Ward 10202001,WC022,WC022 - Witzenberg,WC022 - Witzenberg,3655,2024,0.5537619699042408,3614,1491,0.4125622578859989
Western Cape,Ward 10202002,WC022,WC022 - Witzenberg,WC022 - Witzenberg,3810,2001,0.5251968503937008,4381,2138,0.4880164346039717
Western Cape,Ward 10202003,WC022,WC022 - Witzenberg,WC022 - Witzenberg,3791,1974,0.5207069374835136,3679,1775,0.48246806197336234
Western Cape,Ward 10202004,WC022,WC022 - Witzenberg,WC022 - Witzenberg,4013,1943,0.48417642661350613,3882,1709,0.440236991241628
Western Cape,Ward 10202005,WC022,WC022 - Witzenberg,WC022 - Witzenberg,3361,2070,0.6158881285331747,3981,1919,0.48203968852047224
Western Cape,Ward 10202006,WC022,WC022 - Witzenberg,WC022 - Witzenberg,4157,2027,0.4876112581188357,4225,1737,0.4111242603550296
Western Cape,Ward 10202007,WC022,WC022 - Witzenberg,WC022 - Witzenberg,5540,3298,0.5953068592057762,4133,2115,0.5117348173239777
Western Cape,Ward 10202008,WC022,WC022 - Witzenberg,WC022 - Witzenberg,3946,1754,0.44450076026355806,3939,1355,0.343995938055344
Western Cape,Ward 10202009,WC022,WC022 - Witzenberg,WC022 - Witzenberg,3272,1247,0.3811124694376528,3692,1155,0.3128385698808234
Western Cape,Ward 10202010,WC022,WC022 - Witzenberg,WC022 - Witzenberg,3959,1985,0.5013892397069967,4000,1415,0.35375
Western Cape,Ward 10202011,WC022,WC022 - Witzenberg,WC022 - Witzenberg,4388,2378,0.5419325432999088,4371,2253,0.515442690459849
Western Cape,Ward 10202012,WC022,WC022 - Witzenberg,WC022 - Witzenberg,3088,1547,0.5009715025906736,3201,1248,0.3898781630740394
Western Cape,Ward 10203001,WC023,WC023 - Drakenstein,WC023 - Drakenstein,3842,2252,0.586153045288912,4451,2053,0.46124466412042237
Western Cape,Ward 10203002,WC023,WC023 - Drakenstein,WC023 - Drakenstein,3868,2969,0.7675801447776629,4120,2945,0.7148058252427184
Western Cape,Ward 10203003,WC023,WC023 - Drakenstein,WC023 - Drakenstein,4494,2920,0.6497552291944815,4557,2303,0.5053763440860215
Western Cape,Ward 10203004,WC023,WC023 - Drakenstein,WC023 - Drakenstein,4572,3488,0.7629046369203849,4539,3066,0.6754791804362195
Western Cape,Ward 10203005,WC023,WC023 - Drakenstein,WC023 - Drakenstein,3689,2291,0.621035510978585,3967,1639,0.413158558104361
Western Cape,Ward 10203006,WC023,WC023 - Drakenstein,WC023 - Drakenstein,3651,2195,0.6012051492741715,3575,1511,0.42265734265734267
Western Cape,Ward 10203007,WC023,WC023 - Drakenstein,WC023 - Drakenstein,3717,2260,0.6080172181867097,3635,1684,0.46327372764786795
Western Cape,Ward 10203008,WC023,WC023 - Drakenstein,WC023 - Drakenstein,3774,1984,0.5257021727609963,3764,1550,0.4117959617428268
Western Cape,Ward 10203009,WC023,WC023 - Drakenstein,WC023 - Drakenstein,4190,2724,0.6501193317422435,4034,1805,0.4474467030242935
Western Cape,Ward 10203010,WC023,WC023 - Drakenstein,WC023 - Drakenstein,3355,2093,0.6238450074515648,3283,1675,0.5102040816326531
Western Cape,Ward 10203011,WC023,WC023 - Drakenstein,WC023 - Drakenstein,3783,2481,0.6558287073750991,3945,2096,0.5313054499366286
Western Cape,Ward 10203012,WC023,WC023 - Drakenstein,WC023 - Drakenstein,3639,2363,0.6493542181918109,3641,1684,0.4625102993683054
Western Cape,Ward 10203013,WC023,WC023 - Drakenstein,WC023 - Drakenstein,3175,1886,0.594015748031496,3126,1465,0.4686500319897633
Western Cape,Ward 10203014,WC023,WC023 - Drakenstein,WC023 - Drakenstein,4832,2999,0.6206539735099338,4934,2012,0.4077827320632347
Western Cape,Ward 10203015,WC023,WC023 - Drakenstein,WC023 - Drakenstein,4003,3042,0.7599300524606545,4198,2754,0.6560266793711291
Western Cape,Ward 10203016,WC023,WC023 - Drakenstein,WC023 - Drakenstein,4786,2842,0.5938152946092771,4748,1654,0.34835720303285594
Western Cape,Ward 10203017,WC023,WC023 - Drakenstein,WC023 - Drakenstein,3930,2914,0.7414758269720102,4299,2838,0.6601535240753663
Western Cape,Ward 10203018,WC023,WC023 - Drakenstein,WC023 - Drakenstein,3960,2538,0.6409090909090909,5434,2595,0.47754876702245125
Western Cape,Ward 10203019,WC023,WC023 - Drakenstein,WC023 - Drakenstein,4032,2956,0.7331349206349206,4100,2657,0.6480487804878049
Western Cape,Ward 10203020,WC023,WC023 - Drakenstein,WC023 - Drakenstein,3985,2453,0.6155583437892095,3752,1866,0.4973347547974414
Western Cape,Ward 10203021,WC023,WC023 - Drakenstein,WC023 - Drakenstein,4079,2283,0.55969600392253,3771,1777,0.47122779103686024
Western Cape,Ward 10203022,WC023,WC023 - Drakenstein,WC023 - Drakenstein,4363,2954,0.6770570708228283,4043,2025,0.5008656937917388
Western Cape,Ward 10203023,WC023,WC023 - Drakenstein,WC023 - Drakenstein,2476,1765,0.712843295638126,2744,1697,0.6184402332361516
Western Cape,Ward 10203024,WC023,WC023 - Drakenstein,WC023 - Drakenstein,3319,2009,0.6053028020488099,3296,1381,0.41899271844660196
Western Cape,Ward 10203025,WC023,WC023 - Drakenstein,WC023 - Drakenstein,3477,2116,0.6085706068449813,3636,1878,0.5165016501650165
Western Cape,Ward 10203026,WC023,WC023 - Drakenstein,WC023 - Drakenstein,4700,2948,0.6272340425531915,4466,2083,0.4664128974473802
Western Cape,Ward 10203027,WC023,WC023 - Drakenstein,WC023 - Drakenstein,4032,2533,0.6282242063492064,3972,1923,0.48413897280966767
Western Cape,Ward 10203028,WC023,WC023 - Drakenstein,WC023 - Drakenstein,4105,2744,0.6684531059683313,4699,2455,0.5224515854437114
Western Cape,Ward 10203029,WC023,WC023 - Drakenstein,WC023 - Drakenstein,4030,2844,0.7057071960297767,4208,2437,0.5791349809885932
Western Cape,Ward 10203030,WC023,WC023 - Drakenstein,WC023 - Drakenstein,4093,2525,0.6169069142438309,3851,1984,0.5151908595170086
Western Cape,Ward 10203031,WC023,WC023 - Drakenstein,WC023 - Drakenstein,4679,2837,0.6063261380636888,3492,1883,0.5392325315005727
Western Cape,Ward 10203032,WC023,WC023 - Drakenstein,WC023 - Drakenstein,4337,2625,0.6052570901544847,4253,1905,0.4479191159181754
Western Cape,Ward 10203033,WC023,WC023 - Drakenstein,WC023 - Drakenstein,2298,1686,0.7336814621409922,2649,1543,0.5824839562098906
Western Cape,Ward 10204001,WC024,WC024 - Stellenbosch,WC024 - Stellenbosch,4361,2556,0.5861041045631736,4227,1863,0.44073811213626685
Western Cape,Ward 10204002,WC024,WC024 - Stellenbosch,WC024 - Stellenbosch,4670,2684,0.5747323340471092,4859,2181,0.4488577896686561
Western Cape,Ward 10204003,WC024,WC024 - Stellenbosch,WC024 - Stellenbosch,3547,2062,0.5813363405694953,3460,1400,0.4046242774566474
Western Cape,Ward 10204004,WC024,WC024 - Stellenbosch,WC024 - Stellenbosch,4481,3024,0.6748493639812542,4472,2467,0.5516547406082289
Western Cape,Ward 10204005,WC024,WC024 - Stellenbosch,WC024 - Stellenbosch,3509,2329,0.6637218580792249,3349,1654,0.4938787697820245
Western Cape,Ward 10204006,WC024,WC024 - Stellenbosch,WC024 - Stellenbosch,3208,1867,0.5819825436408977,3133,1412,0.45068624321736356
Western Cape,Ward 10204007,WC024,WC024 - Stellenbosch,WC024 - Stellenbosch,3680,2606,0.7081521739130435,4265,2268,0.5317702227432591
Western Cape,Ward 10204008,WC024,WC024 - Stellenbosch,WC024 - Stellenbosch,4997,3025,0.6053632179307584,5559,1849,0.3326137794567368
Western Cape,Ward 10204009,WC024,WC024 - Stellenbosch,WC024 - Stellenbosch,3311,1870,0.5647840531561462,2521,1018,0.40380801269337563
Western Cape,Ward 10204010,WC024,WC024 - Stellenbosch,WC024 - Stellenbosch,4700,2693,0.5729787234042554,4422,1570,0.3550429669832655
Western Cape,Ward 10204011,WC024,WC024 - Stellenbosch,WC024 - Stellenbosch,3944,2620,0.6643002028397565,4014,2049,0.5104633781763827
Western Cape,Ward 10204012,WC024,WC024 - Stellenbosch,WC024 - Stellenbosch,4776,2983,0.6245812395309883,5826,2056,0.3529007895640233
Western Cape,Ward 10204013,WC024,WC024 - Stellenbosch,WC024 - Stellenbosch,2900,1654,0.5703448275862069,3096,1180,0.38113695090439276
Western Cape,Ward 10204014,WC024,WC024 - Stellenbosch,WC024 - Stellenbosch,4023,1139,0.28312204822271936,4094,1528,0.37322911577918905
Western Cape,Ward 10204015,WC024,WC024 - Stellenbosch,WC024 - Stellenbosch,4621,2482,0.5371131789655919,5029,1741,0.34619208590176975
Western Cape,Ward 10204016,WC024,WC024 - Stellenbosch,WC024 - Stellenbosch,4876,2717,0.5572190319934373,4584,1966,0.42888307155322863
Western Cape,Ward 10204017,WC024,WC024 - Stellenbosch,WC024 - Stellenbosch,4910,3402,0.6928716904276986,5014,2798,0.5580374950139609
Western Cape,Ward 10204018,WC024,WC024 - Stellenbosch,WC024 - Stellenbosch,4940,3209,0.6495951417004049,5179,2109,0.40722147132651093
Western Cape,Ward 10204019,WC024,WC024 - Stellenbosch,WC024 - Stellenbosch,3498,2149,0.6143510577472842,3785,1823,0.48163804491413476
Western Cape,Ward 10204020,WC024,WC024 - Stellenbosch,WC024 - Stellenbosch,4024,2324,0.5775347912524851,4042,2066,0.5111331024245424
Western Cape,Ward 10204021,WC024,WC024 - Stellenbosch,WC024 - Stellenbosch,4523,3443,0.7612204289188592,4954,3308,0.6677432377876463
Western Cape,Ward 10204022,WC024,WC024 - Stellenbosch,WC024 - Stellenbosch,4382,3304,0.7539936102236422,4421,2969,0.6715675186609364
Western Cape,Ward 10205001,WC025,WC025 - Breede Valley,WC025 - Breede Valley,3710,2054,0.5536388140161725,3813,2177,0.5709415158667716
Western Cape,Ward 10205002,WC025,WC025 - Breede Valley,WC025 - Breede Valley,4075,2012,0.49374233128834355,3958,1430,0.36129358261748357
Western Cape,Ward 10205003,WC025,WC025 - Breede Valley,WC025 - Breede Valley,4176,2325,0.5567528735632183,3697,1544,0.41763592101704083
Western Cape,Ward 10205004,WC025,WC025 - Breede Valley,WC025 - Breede Valley,3528,2112,0.5986394557823129,4358,2039,0.46787517209729235
Western Cape,Ward 10205005,WC025,WC025 - Breede Valley,WC025 - Breede Valley,3712,2373,0.6392780172413793,3877,1853,0.4779468661336085
Western Cape,Ward 10205006,WC025,WC025 - Breede Valley,WC025 - Breede Valley,3449,2525,0.732096259785445,3501,2303,0.6578120536989431
Western Cape,Ward 10205007,WC025,WC025 - Breede Valley,WC025 - Breede Valley,3339,2460,0.7367475292003594,3490,2294,0.6573065902578796
Western Cape,Ward 10205008,WC025,WC025 - Breede Valley,WC025 - Breede Valley,1899,1214,0.6392838335966298,3623,1534,0.4234060171128899
Western Cape,Ward 10205009,WC025,WC025 - Breede Valley,WC025 - Breede Valley,5320,3059,0.575,3479,1603,0.4607645875251509
Western Cape,Ward 10205010,WC025,WC025 - Breede Valley,WC025 - Breede Valley,3876,2277,0.5874613003095975,4090,1896,0.4635696821515892
Western Cape,Ward 10205011,WC025,WC025 - Breede Valley,WC025 - Breede Valley,3069,1820,0.5930270446399478,3842,1810,0.4711087975013014
Western Cape,Ward 10205012,WC025,WC025 - Breede Valley,WC025 - Breede Valley,3743,2345,0.6265028052364413,4813,2327,0.48348223561188447
Western Cape,Ward 10205013,WC025,WC025 - Breede Valley,WC025 - Breede Valley,4007,2385,0.5952083853256801,3108,1394,0.44851994851994853
Western Cape,Ward 10205014,WC025,WC025 - Breede Valley,WC025 - Breede Valley,3330,2067,0.6207207207207207,3326,1653,0.49699338544798555
Western Cape,Ward 10205015,WC025,WC025 - Breede Valley,WC025 - Breede Valley,3593,2616,0.7280823824102421,3562,2374,0.6664795058955643
Western Cape,Ward 10205016,WC025,WC025 - Breede Valley,WC025 - Breede Valley,3273,1886,0.5762297586312252,3257,1162,0.3567700337734111
Western Cape,Ward 10205017,WC025,WC025 - Breede Valley,WC025 - Breede Valley,3094,1839,0.5943762120232708,2930,1196,0.4081911262798635
Western Cape,Ward 10205018,WC025,WC025 - Breede Valley,WC025 - Breede Valley,4132,2350,0.5687318489835431,4135,1741,0.42103990326481255
Western Cape,Ward 10205019,WC025,WC025 - Breede Valley,WC025 - Breede Valley,3848,2016,0.5239085239085239,3701,1447,0.39097541205079706
Western Cape,Ward 10205020,WC025,WC025 - Breede Valley,WC025 - Breede Valley,3446,2033,0.589959373186303,3419,1702,0.4978063761333723
Western Cape,Ward 10205021,WC025,WC025 - Breede Valley,WC025 - Breede Valley,4864,2624,0.5394736842105263,3760,1608,0.4276595744680851
Western Cape,Ward 10206001,WC026,WC026 - Langeberg,WC026 - Langeberg,3398,2184,0.6427310182460271,3497,2020,0.5776379754074922
Western Cape,Ward 10206002,WC026,WC026 - Langeberg,WC026 - Langeberg,4757,3344,0.7029640529745638,3230,1334,0.4130030959752322
Western Cape,Ward 10206003,WC026,WC026 - Langeberg,WC026 - Langeberg,3843,2174,0.565703877179287,4065,1832,0.45067650676506765
Western Cape,Ward 10206004,WC026,WC026 - Langeberg,WC026 - Langeberg,3408,1958,0.5745305164319249,3397,1440,0.42390344421548426
Western Cape,Ward 10206005,WC026,WC026 - Langeberg,WC026 - Langeberg,3291,1928,0.5858401701610453,3361,1447,0.4305266289794704
Western Cape,Ward 10206006,WC026,WC026 - Langeberg,WC026 - Langeberg,3589,1990,0.5544719977709669,3559,1451,0.40769879179544816
Western Cape,Ward 10206007,WC026,WC026 - Langeberg,WC026 - Langeberg,4082,2459,0.6024007839294464,4075,2107,0.5170552147239263
Western Cape,Ward 10206008,WC026,WC026 - Langeberg,WC026 - Langeberg,3488,1992,0.5711009174311926,3277,1477,0.450717119316448
Western Cape,Ward 10206009,WC026,WC026 - Langeberg,WC026 - Langeberg,3553,2056,0.5786659161272164,3867,1923,0.4972847168347556
Western Cape,Ward 10206010,WC026,WC026 - Langeberg,WC026 - Langeberg,3080,1723,0.5594155844155844,3073,1696,0.5519036771884153
Western Cape,Ward 10206011,WC026,WC026 - Langeberg,WC026 - Langeberg,2659,1654,0.6220383602858217,4057,2164,0.5333990633473009
Western Cape,Ward 10206012,WC026,WC026 - Langeberg,WC026 - Langeberg,4142,2112,0.5098985997102848,4141,1633,0.39434919101666266
Western Cape,Ward 10301001,WC031,WC031 - Theewaterskloof,WC031 - Theewaterskloof,4447,2913,0.6550483472003598,4554,2411,0.5294246815985947
Western Cape,Ward 10301002,WC031,WC031 - Theewaterskloof,WC031 - Theewaterskloof,4386,2445,0.5574555403556771,4929,2127,0.43152769324406576
Western Cape,Ward 10301003,WC031,WC031 - Theewaterskloof,WC031 - Theewaterskloof,4144,2554,0.6163127413127413,5187,2151,0.41469057258530945
Western Cape,Ward 10301004,WC031,WC031 - Theewaterskloof,WC031 - Theewaterskloof,4990,3272,0.6557114228456914,3908,2178,0.5573183213920164
Western Cape,Ward 10301005,WC031,WC031 - Theewaterskloof,WC031 - Theewaterskloof,4177,2551,0.6107254010055063,4154,2011,0.4841116995666827
Western Cape,Ward 10301006,WC031,WC031 - Theewaterskloof,WC031 - Theewaterskloof,4453,2534,0.5690545699528408,3848,1552,0.40332640332640335
Western Cape,Ward 10301007,WC031,WC031 - Theewaterskloof,WC031 - Theewaterskloof,3893,2291,0.5884921654251221,4969,2438,0.4906419802777219
Western Cape,Ward 10301008,WC031,WC031 - Theewaterskloof,WC031 - Theewaterskloof,4516,2582,0.5717449069973428,4629,1901,0.4106718513717866
Western Cape,Ward 10301009,WC031,WC031 - Theewaterskloof,WC031 - Theewaterskloof,3079,1444,0.4689834361805781,4101,1563,0.3811265544989027
Western Cape,Ward 10301010,WC031,WC031 - Theewaterskloof,WC031 - Theewaterskloof,3213,1517,0.4721444133208839,3711,1438,0.3874966316356777
Western Cape,Ward 10301011,WC031,WC031 - Theewaterskloof,WC031 - Theewaterskloof,3627,1958,0.539840088227185,4961,2203,0.44406369683531544
Western Cape,Ward 10301012,WC031,WC031 - Theewaterskloof,WC031 - Theewaterskloof,3651,2014,0.5516296904957546,3476,1156,0.33256616800920596
Western Cape,Ward 10301013,WC031,WC031 - Theewaterskloof,WC031 - Theewaterskloof,4360,3121,0.7158256880733945,4165,1705,0.40936374549819926
Western Cape,Ward 10301014,WC031,WC031 - Theewaterskloof,WC031 - Theewaterskloof,3751,2188,0.5833111170354572,3308,1232,0.3724304715840387
Western Cape,Ward 10302001,WC032,WC032 - Overstrand,WC032 - Overstrand,4111,3056,0.7433714424714182,3095,1608,0.5195476575121163
Western Cape,Ward 10302002,WC032,WC032 - Overstrand,WC032 - Overstrand,4750,3021,0.636,3649,1907,0.5226089339545081
Western Cape,Ward 10302003,WC032,WC032 - Overstrand,WC032 - Overstrand,3920,2906,0.7413265306122448,4294,3031,0.7058686539357243
Western Cape,Ward 10302004,WC032,WC032 - Overstrand,WC032 - Overstrand,3788,2509,0.6623548046462513,3969,2204,0.5553036029226506
Western Cape,Ward 10302005,WC032,WC032 - Overstrand,WC032 - Overstrand,5611,3033,0.5405453573338086,4547,1688,0.371233780514625
Western Cape,Ward 10302006,WC032,WC032 - Overstrand,WC032 - Overstrand,3325,2075,0.6240601503759399,4700,2347,0.49936170212765957
Western Cape,Ward 10302007,WC032,WC032 - Overstrand,WC032 - Overstrand,3794,2820,0.7432788613600422,4290,2940,0.6853146853146853
Western Cape,Ward 10302008,WC032,WC032 - Overstrand,WC032 - Overstrand,4303,2766,0.6428073437136881,4888,2826,0.5781505728314239
Western Cape,Ward 10302009,WC032,WC032 - Overstrand,WC032 - Overstrand,3443,2532,0.7354051699099623,5989,3565,0.595257972950409
Western Cape,Ward 10302010,WC032,WC032 - Overstrand,WC032 - Overstrand,4673,3150,0.6740851701262572,3039,2116,0.6962816716025009
Western Cape,Ward 10302011,WC032,WC032 - Overstrand,WC032 - Overstrand,4507,2884,0.6398934990015531,3628,2557,0.7047960308710033
Western Cape,Ward 10302012,WC032,WC032 - Overstrand,WC032 - Overstrand,2998,1742,0.5810540360240161,4122,1982,0.48083454633672973
Western Cape,Ward 10302013,WC032,WC032 - Overstrand,WC032 - Overstrand,4161,3341,0.8029319875030041,5075,3664,0.7219704433497537
Western Cape,Ward 10303001,WC033,WC033 - Cape Agulhas,WC033 - Cape Agulhas,3752,2489,0.6633795309168443,4012,2365,0.589481555333998
Western Cape,Ward 10303002,WC033,WC033 - Cape Agulhas,WC033 - Cape Agulhas,3154,2056,0.6518706404565631,3764,2148,0.5706695005313497
Western Cape,Ward 10303003,WC033,WC033 - Cape Agulhas,WC033 - Cape Agulhas,3760,2248,0.597872340425532,3575,1444,0.4039160839160839
Western Cape,Ward 10303004,WC033,WC033 - Cape Agulhas,WC033 - Cape Agulhas,3425,2399,0.7004379562043795,3082,1938,0.6288124594419209
Western Cape,Ward 10303005,WC033,WC033 - Cape Agulhas,WC033 - Cape Agulhas,3440,2538,0.7377906976744186,3723,2405,0.6459844211657265
Western Cape,Ward 10303006,WC033,WC033 - Cape Agulhas,WC033 - Cape Agulhas,2119,1491,0.7036337895233601,3017,1760,0.583360954590653
Western Cape,Ward 10304001,WC034,WC034 - Swellendam,WC034 - Swellendam,3163,1918,0.6063863420803035,2926,1742,0.595352016404648
Western Cape,Ward 10304002,WC034,WC034 - Swellendam,WC034 - Swellendam,3181,2326,0.7312165985539139,3649,2511,0.6881337352699369
Western Cape,Ward 10304003,WC034,WC034 - Swellendam,WC034 - Swellendam,3623,2407,0.6643665470604472,3851,2431,0.6312646065956894
Western Cape,Ward 10304004,WC034,WC034 - Swellendam,WC034 - Swellendam,2968,2184,0.7358490566037735,3715,2288,0.6158815612382235
Western Cape,Ward 10304005,WC034,WC034 - Swellendam,WC034 - Swellendam,4047,2458,0.6073634791203361,4310,1919,0.44524361948955915
Western Cape,Ward 10304006,WC034,WC034 - Swellendam,WC034 - Swellendam,1899,1168,0.6150605581885202,2196,1073,0.48861566484517305
Western Cape,Ward 10401001,WC041,WC041 - Kannaland,WC041 - Kannaland,3625,2639,0.728,3628,2114,0.5826901874310915
Western Cape,Ward 10401002,WC041,WC041 - Kannaland,WC041 - Kannaland,4689,3314,0.7067605033056089,4335,2837,0.6544405997693195
Western Cape,Ward 10401003,WC041,WC041 - Kannaland,WC041 - Kannaland,3021,2032,0.6726249586229726,3574,2248,0.6289871292669278
Western Cape,Ward 10401004,WC041,WC041 - Kannaland,WC041 - Kannaland,3400,2399,0.7055882352941176,3400,1894,0.5570588235294117
Western Cape,Ward 10402001,WC042,WC042 - Hessequa,WC042 - Hessequa,2816,2085,0.7404119318181818,3182,2126,0.6681332495285983
Western Cape,Ward 10402002,WC042,WC042 - Hessequa,WC042 - Hessequa,4113,2512,0.6107464138098712,3963,2174,0.5485743123896039
Western Cape,Ward 10402003,WC042,WC042 - Hessequa,WC042 - Hessequa,3944,2975,0.7543103448275862,4216,3104,0.7362428842504743
Western Cape,Ward 10402004,WC042,WC042 - Hessequa,WC042 - Hessequa,3389,2493,0.7356152257303039,3450,2138,0.6197101449275362
Western Cape,Ward 10402005,WC042,WC042 - Hessequa,WC042 - Hessequa,2750,2062,0.7498181818181818,3927,2529,0.6440030557677616
Western Cape,Ward 10402006,WC042,WC042 - Hessequa,WC042 - Hessequa,3593,2402,0.6685221263568049,4116,2502,0.607871720116618
Western Cape,Ward 10402007,WC042,WC042 - Hessequa,WC042 - Hessequa,4020,2917,0.7256218905472637,3508,2270,0.6470923603192702
Western Cape,Ward 10402008,WC042,WC042 - Hessequa,WC042 - Hessequa,3620,2748,0.7591160220994475,3668,2317,0.6316793893129771
Western Cape,Ward 10402009,WC042,WC042 - Hessequa,WC042 - Hessequa,2705,1668,0.6166358595194085,3240,1861,0.5743827160493827
Western Cape,Ward 10403001,WC043,WC043 - Mossel Bay,WC043 - Mossel Bay,4282,2664,0.6221391872956562,4328,1613,0.37268946395563773
Western Cape,Ward 10403002,WC043,WC043 - Mossel Bay,WC043 - Mossel Bay,4088,2035,0.49779843444227007,4077,1292,0.31689968113809175
Western Cape,Ward 10403003,WC043,WC043 - Mossel Bay,WC043 - Mossel Bay,4984,2511,0.5038121990369181,3144,1116,0.3549618320610687
Western Cape,Ward 10403004,WC043,WC043 - Mossel Bay,WC043 - Mossel Bay,4221,3138,0.7434257285003554,4249,3382,0.7959519887032243
Western Cape,Ward 10403005,WC043,WC043 - Mossel Bay,WC043 - Mossel Bay,4172,3076,0.7372962607861937,4913,3217,0.6547934052513739
Western Cape,Ward 10403006,WC043,WC043 - Mossel Bay,WC043 - Mossel Bay,4511,3298,0.7311017512746619,4875,3289,0.6746666666666666
Western Cape,Ward 10403007,WC043,WC043 - Mossel Bay,WC043 - Mossel Bay,3879,2667,0.6875483372003094,5929,3459,0.5834036093776354
Western Cape,Ward 10403008,WC043,WC043 - Mossel Bay,WC043 - Mossel Bay,2998,2111,0.7041360907271514,3395,2352,0.6927835051546392
Western Cape,Ward 10403009,WC043,WC043 - Mossel Bay,WC043 - Mossel Bay,6166,3229,0.5236782354849173,4303,2103,0.48872879386474555
Western Cape,Ward 10403010,WC043,WC043 - Mossel Bay,WC043 - Mossel Bay,4369,3138,0.7182421606775006,4900,3737,0.7626530612244898
Western Cape,Ward 10403011,WC043,WC043 - Mossel Bay,WC043 - Mossel Bay,4567,3107,0.6803153054521568,4609,3066,0.6652202213061401
Western Cape,Ward 10403012,WC043,WC043 - Mossel Bay,WC043 - Mossel Bay,2208,1504,0.6811594202898551,3636,1715,0.47167216721672167
Western Cape,Ward 10403013,WC043,WC043 - Mossel Bay,WC043 - Mossel Bay,4112,2575,0.626215953307393,4372,1953,0.44670631290027446
Western Cape,Ward 10403014,WC043,WC043 - Mossel Bay,WC043 - Mossel Bay,4713,2736,0.5805219605346913,3936,1863,0.4733231707317073
Western Cape,Ward 10404001,WC044,WC044 - George,WC044 - George,3132,1921,0.6133461047254151,3420,1665,0.4868421052631579
Western Cape,Ward 10404002,WC044,WC044 - George,WC044 - George,3432,2401,0.6995920745920746,3484,2272,0.6521239954075775
Western Cape,Ward 10404003,WC044,WC044 - George,WC044 - George,3362,2583,0.7682926829268293,3424,2452,0.7161214953271028
Western Cape,Ward 10404004,WC044,WC044 - George,WC044 - George,4079,2849,0.6984555037999509,4824,3183,0.6598258706467661
Western Cape,Ward 10404005,WC044,WC044 - George,WC044 - George,4677,2973,0.63566388710712,4865,2687,0.5523124357656731
Western Cape,Ward 10404006,WC044,WC044 - George,WC044 - George,3921,2214,0.5646518745218057,4077,1950,0.4782928623988227
Western Cape,Ward 10404007,WC044,WC044 - George,WC044 - George,3824,2143,0.560407949790795,3946,1691,0.42853522554485557
Western Cape,Ward 10404008,WC044,WC044 - George,WC044 - George,3630,1991,0.5484848484848485,3489,1691,0.48466609343651473
Western Cape,Ward 10404009,WC044,WC044 - George,WC044 - George,3811,2067,0.5423773287850958,3817,1392,0.36468430704741944
Western Cape,Ward 10404010,WC044,WC044 - George,WC044 - George,2735,1348,0.4928702010968921,2538,824,0.32466509062253746
Western Cape,Ward 10404011,WC044,WC044 - George,WC044 - George,4227,2553,0.6039744499645139,3711,1734,0.46725949878738887
Western Cape,Ward 10404012,WC044,WC044 - George,WC044 - George,2518,1321,0.5246227164416203,3138,1159,0.36934353091140854
Western Cape,Ward 10404013,WC044,WC044 - George,WC044 - George,3990,2321,0.5817042606516291,3872,1701,0.4393078512396694
Western Cape,Ward 10404014,WC044,WC044 - George,WC044 - George,3325,1851,0.5566917293233082,3502,1673,0.4777270131353512
Western Cape,Ward 10404015,WC044,WC044 - George,WC044 - George,4965,2524,0.5083585095669688,4597,1535,0.33391342179682404
Western Cape,Ward 10404016,WC044,WC044 - George,WC044 - George,3860,2121,0.5494818652849741,4381,2105,0.48048390778361105
Western Cape,Ward 10404017,WC044,WC044 - George,WC044 - George,4102,2294,0.5592393954168698,3908,1968,0.503582395087001
Western Cape,Ward 10404018,WC044,WC044 - George,WC044 - George,3423,2553,0.7458369851007888,3277,2351,0.717424473603906
Western Cape,Ward 10404019,WC044,WC044 - George,WC044 - George,5360,3738,0.6973880597014925,3391,2178,0.642288410498378
Western Cape,Ward 10404020,WC044,WC044 - George,WC044 - George,3748,2112,0.5635005336179295,3770,1778,0.4716180371352785
Western Cape,Ward 10404021,WC044,WC044 - George,WC044 - George,4516,2314,0.5124003542958371,4617,1630,0.3530431015811133
Western Cape,Ward 10404022,WC044,WC044 - George,WC044 - George,4070,2542,0.6245700245700245,4031,2279,0.5653683949392211
Western Cape,Ward 10404023,WC044,WC044 - George,WC044 - George,3568,2340,0.655829596412556,4598,2627,0.5713353632013919
Western Cape,Ward 10404024,WC044,WC044 - George,WC044 - George,3174,1696,0.5343415248897291,3525,1474,0.41815602836879434
Western Cape,Ward 10404025,WC044,WC044 - George,WC044 - George,3859,2614,0.6773775589530967,3823,2191,0.5731101229400994
Western Cape,Ward 10404026,WC044,WC044 - George,WC044 - George,2290,1678,0.7327510917030567,3231,2326,0.719900959455277
Western Cape,Ward 10404027,WC044,WC044 - George,WC044 - George,3288,1793,0.545316301703163,3461,2025,0.5850910141577579
Western Cape,Ward 10405001,WC045,WC045 - Oudtshoorn,WC045 - Oudtshoorn,5134,1587,0.3091156992598364,3484,474,0.13605051664753157
Western Cape,Ward 10405002,WC045,WC045 - Oudtshoorn,WC045 - Oudtshoorn,4616,2966,0.6425476603119584,4155,2440,0.5872442839951865
Western Cape,Ward 10405003,WC045,WC045 - Oudtshoorn,WC045 - Oudtshoorn,3862,2298,0.5950284826514759,5529,2258,0.4083921143063845
Western Cape,Ward 10405004,WC045,WC045 - Oudtshoorn,WC045 - Oudtshoorn,3366,1623,0.482174688057041,2703,1426,0.5275619681834998
Western Cape,Ward 10405005,WC045,WC045 - Oudtshoorn,WC045 - Oudtshoorn,3479,1954,0.5616556481747629,4119,1841,0.44695314396698227
Western Cape,Ward 10405006,WC045,WC045 - Oudtshoorn,WC045 - Oudtshoorn,4622,2743,0.5934660320207702,5025,2003,0.39860696517412936
Western Cape,Ward 10405007,WC045,WC045 - Oudtshoorn,WC045 - Oudtshoorn,4089,2576,0.6299828808999756,3915,2047,0.5228607918263091
Western Cape,Ward 10405008,WC045,WC045 - Oudtshoorn,WC045 - Oudtshoorn,4271,2241,0.5247014750643877,4391,1769,0.40286950580733316
Western Cape,Ward 10405009,WC045,WC045 - Oudtshoorn,WC045 - Oudtshoorn,3385,2035,0.6011816838995568,4156,1905,0.45837343599615016
Western Cape,Ward 10405010,WC045,WC045 - Oudtshoorn,WC045 - Oudtshoorn,3784,2310,0.6104651162790697,3790,1850,0.48812664907651715
Western Cape,Ward 10405011,WC045,WC045 - Oudtshoorn,WC045 - Oudtshoorn,4493,2521,0.5610950367237926,3663,2109,0.5757575757575758
Western Cape,Ward 10405012,WC045,WC045 - Oudtshoorn,WC045 - Oudtshoorn,3548,1784,0.5028184892897407,3463,1222,0.352873231302339
Western Cape,Ward 10405013,WC045,WC045 - Oudtshoorn,WC045 - Oudtshoorn,3794,2265,0.5969952556668424,3840,1772,0.46145833333333336
Western Cape,Ward 10407001,WC047,WC047 - Bitou,WC047 - Bitou,2995,2152,0.7185308848080133,4881,3289,0.6738373284163082
Western Cape,Ward 10407002,WC047,WC047 - Bitou,WC047 - Bitou,5185,3981,0.7677917068466731,5624,4152,0.7382645803698435
Western Cape,Ward 10407003,WC047,WC047 - Bitou,WC047 - Bitou,2772,1589,0.5732323232323232,4112,2415,0.5873054474708171
Western Cape,Ward 10407004,WC047,WC047 - Bitou,WC047 - Bitou,3597,2430,0.6755629691409508,3648,2402,0.6584429824561403
Western Cape,Ward 10407005,WC047,WC047 - Bitou,WC047 - Bitou,4285,2849,0.66487747957993,4240,2603,0.6139150943396227
Western Cape,Ward 10407006,WC047,WC047 - Bitou,WC047 - Bitou,4302,2694,0.6262203626220363,4603,2760,0.5996089506843363
Western Cape,Ward 10407007,WC047,WC047 - Bitou,WC047 - Bitou,4731,3293,0.6960473472838723,3755,2263,0.6026631158455393
Western Cape,Ward 10408001,WC048,WC048 - Knysna,WC048 - Knysna,3599,2469,0.6860238955265352,4161,2660,0.639269406392694
Western Cape,Ward 10408002,WC048,WC048 - Knysna,WC048 - Knysna,3652,2370,0.6489594742606791,3879,2288,0.5898427429749935
Western Cape,Ward 10408003,WC048,WC048 - Knysna,WC048 - Knysna,3591,2146,0.5976051239209134,3740,1804,0.4823529411764706
Western Cape,Ward 10408004,WC048,WC048 - Knysna,WC048 - Knysna,4170,2627,0.6299760191846523,4575,2400,0.5245901639344263
Western Cape,Ward 10408005,WC048,WC048 - Knysna,WC048 - Knysna,3752,2456,0.6545842217484008,4180,2554,0.6110047846889952
Western Cape,Ward 10408006,WC048,WC048 - Knysna,WC048 - Knysna,4213,2315,0.5494896748160456,3941,1891,0.47982745496066986
Western Cape,Ward 10408007,WC048,WC048 - Knysna,WC048 - Knysna,3235,1985,0.6136012364760433,3599,1664,0.46235065295915534
Western Cape,Ward 10408008,WC048,WC048 - Knysna,WC048 - Knysna,3923,2419,0.6166199337241907,4198,2241,0.5338256312529777
Western Cape,Ward 10408009,WC048,WC048 - Knysna,WC048 - Knysna,3028,2138,0.7060766182298547,3416,2193,0.6419789227166276
Western Cape,Ward 10408010,WC048,WC048 - Knysna,WC048 - Knysna,3892,2638,0.6778006166495375,4098,2446,0.5968765251342119
Western Cape,Ward 10408011,WC048,WC048 - Knysna,WC048 - Knysna,2959,1871,0.6323082122338628,3003,1762,0.5867465867465868
Western Cape,Ward 10501001,WC051,WC051 - Laingsburg,WC051 - Laingsburg,1242,932,0.750402576489533,1158,795,0.6865284974093264
Western Cape,Ward 10501002,WC051,WC051 - Laingsburg,WC051 - Laingsburg,961,682,0.7096774193548387,948,603,0.6360759493670886
Western Cape,Ward 10501003,WC051,WC051 - Laingsburg,WC051 - Laingsburg,730,390,0.5342465753424658,1116,731,0.6550179211469535
Western Cape,Ward 10501004,WC051,WC051 - Laingsburg,WC051 - Laingsburg,1561,1209,0.7745035233824471,1548,1102,0.7118863049095607
Western Cape,Ward 10502001,WC052,WC052 - Prince Albert,WC052 - Prince Albert,1939,1328,0.6848891181021145,2025,1333,0.6582716049382716
Western Cape,Ward 10502002,WC052,WC052 - Prince Albert,WC052 - Prince Albert,1222,1039,0.8502454991816694,1608,1248,0.7761194029850746
Western Cape,Ward 10502003,WC052,WC052 - Prince Albert,WC052 - Prince Albert,1789,1395,0.7797652319731694,1775,1280,0.7211267605633803
Western Cape,Ward 10502004,WC052,WC052 - Prince Albert,WC052 - Prince Albert,2436,1817,0.7458949096880131,2665,1806,0.6776735459662289
Western Cape,Ward 10503001,WC053,WC053 - Beaufort West,WC053 - Beaufort West,3762,2461,0.654173312068049,3745,2129,0.5684913217623498
Western Cape,Ward 10503002,WC053,WC053 - Beaufort West,WC053 - Beaufort West,3467,2257,0.6509950966253245,3595,2016,0.560778859527121
Western Cape,Ward 10503003,WC053,WC053 - Beaufort West,WC053 - Beaufort West,4129,2452,0.5938483894405425,4285,2459,0.5738623103850642
Western Cape,Ward 10503004,WC053,WC053 - Beaufort West,WC053 - Beaufort West,3172,2013,0.6346153846153846,3523,2292,0.6505818904342889
Western Cape,Ward 10503005,WC053,WC053 - Beaufort West,WC053 - Beaufort West,3881,2399,0.6181396547281628,3635,2074,0.5705639614855571
Western Cape,Ward 10503006,WC053,WC053 - Beaufort West,WC053 - Beaufort West,3433,1984,0.5779201864258666,3255,1849,0.5680491551459294
Western Cape,Ward 10503007,WC053,WC053 - Beaufort West,WC053 - Beaufort West,4183,2298,0.5493664833851303,4840,2604,0.5380165289256198
