Province,Ward,MunicipalityCode,RegisteredVoters_2011,VotesCast_2011,Turnout_2011,RegisteredVoters_2016,VotesCast_2016,Turnout_2016,RegisteredVoters_2021,VotesCast_2021,Turnout_2021,TurnoutDelta_2011_2016,RegistrationGrowth_2011_2016
Eastern Cape,Ward 29200001,BUF,6708,3699,0.5514311270125224,8851,5053,0.5708959439611343,9589,3840,0.4004588591093961,0.019464816948611907,0.3194692903995229
Eastern Cape,Ward 29200002,BUF,6873,3591,0.522479266695766,7794,3636,0.4665127020785219,7655,3381,0.4416721097322011,-0.05596656461724414,0.1340026189436927
Eastern Cape,Ward 29200003,BUF,7210,2770,0.3841886269070735,8118,3385,0.4169746242916974,9961,3372,0.3385202288926814,0.0327859973846239,0.1259361997226074
Eastern Cape,Ward 29200004,BUF,7762,5242,0.6753414068539036,9175,6186,0.6742234332425068,9327,4584,0.4914763589578643,-0.001117973611396872,0.18204071115691822
Eastern Cape,Ward 29200005,BUF,8054,4611,0.5725105537621058,9228,5171,0.5603597745990464,8732,3526,0.4038021071919377,-0.0121507791630594,0.14576607896697302
Eastern Cape,Ward 29200006,BUF,6518,3814,0.5851488186560294,8327,4601,0.5525399303470637,8023,3471,0.4326311853421413,-0.03260888830896569,0.2775391224301933
Eastern Cape,Ward 29200007,BUF,7320,3873,0.5290983606557377,7130,3813,0.5347826086956522,7409,3484,0.4702388986367931,0.005684248039914519,-0.025956284153005438
Eastern Cape,Ward 29200008,BUF,6736,3599,0.5342933491686461,9130,5189,0.5683461117196057,9402,4002,0.4256541161455009,0.03405276255095957,0.3554038004750595
Eastern Cape,Ward 29200009,BUF,9063,4665,0.5147302217808672,9063,4448,0.4907867152157122,8816,3395,0.385095281306715,-0.023943506565155037,0.0
Eastern Cape,Ward 29200010,BUF,7955,4441,0.5582652419861722,9262,5464,0.5899373785359534,7641,3147,0.4118570867687475,0.03167213654978118,0.16429918290383405
Eastern Cape,Ward 29200011,BUF,8177,4684,0.5728262198850435,7689,4307,0.5601508648718949,6731,2834,0.4210369930173823,-0.012675355013148537,-0.059679589091353846
Eastern Cape,Ward 29200012,BUF,8400,5030,0.5988095238095238,8256,4427,0.5362160852713178,7749,3138,0.4049554781262098,-0.06259343853820598,-0.017142857142857126
Eastern Cape,Ward 29200013,BUF,8017,4886,0.6094549083198204,8558,5096,0.59546623042767,8850,3769,0.4258757062146893,-0.013988677892150414,0.0674816015966071
Eastern Cape,Ward 29200014,BUF,6374,3526,0.5531848133040477,7616,4046,0.53125,7078,3182,0.4495620231703871,-0.021934813304047673,0.1948540947599624
Eastern Cape,Ward 29200015,BUF,8202,4921,0.599975615703487,8948,5517,0.6165623603039786,9785,4777,0.488196218702095,0.016586744600491587,0.09095342599366019
Eastern Cape,Ward 29200016,BUF,8430,4790,0.5682087781731909,9558,4332,0.45323289391086,7662,3539,0.4618898459932132,-0.11497588426233091,0.1338078291814946
Eastern Cape,Ward 29200017,BUF,7543,4101,0.5436828847938486,7714,4382,0.5680580762250453,7785,3354,0.4308285163776493,0.024375191431196708,0.02267002518891692
Eastern Cape,Ward 29200018,BUF,6928,4332,0.6252886836027713,8595,6154,0.7159976730657359,8159,4863,0.5960289251133717,0.09070898946296457,0.24061778290993074
Eastern Cape,Ward 29200019,BUF,6393,3539,0.5535742218050993,8290,4864,0.5867310012062726,7315,3185,0.4354066985645933,0.03315677940117334,0.2967307993117472
Eastern Cape,Ward 29200020,BUF,6614,3404,0.5146658602963411,9264,5126,0.5533246977547496,8037,3613,0.4495458504417071,0.03865883745840848,0.400665255518597
Eastern Cape,Ward 29200021,BUF,7855,4431,0.5640992998090388,7215,3668,0.5083853083853084,6889,2979,0.4324285092175932,-0.05571399142373046,-0.0814767663908339
Eastern Cape,Ward 29200022,BUF,8363,4844,0.5792179839770417,9420,4944,0.5248407643312102,8320,3717,0.4467548076923077,-0.05437721964583153,0.12639005141695558
Eastern Cape,Ward 29200023,BUF,7723,4241,0.5491389356467694,8316,4663,0.5607263107263107,8386,4069,0.4852134509897448,0.011587375079541329,0.07678363330312066
Eastern Cape,Ward 29200024,BUF,8332,4487,0.5385261641862698,9963,5319,0.5338753387533876,7729,3517,0.4550394617673696,-0.0046508254328822,0.19575132021123376
Eastern Cape,Ward 29200025,BUF,7448,3454,0.4637486573576799,7090,3495,0.4929478138222849,7287,3392,0.465486482777549,0.029199156464605025,-0.04806659505907629
Eastern Cape,Ward 29200026,BUF,8517,5487,0.6442409299048961,8591,5270,0.6134326620882319,8014,3372,0.4207636635887197,-0.030808267816664237,0.008688505342256736
Eastern Cape,Ward 29200027,BUF,8845,5735,0.6483889202939513,8352,5009,0.5997365900383141,8298,3911,0.4713183899734876,-0.0486523302556372,-0.05573770491803276
Eastern Cape,Ward 29200028,BUF,8382,5444,0.6494869959436889,9267,6645,0.7170605373907414,9275,5204,0.561078167115903,0.06757354144705252,0.10558339298496788
Eastern Cape,Ward 29200029,BUF,8597,5657,0.6580202396184716,7152,4944,0.6912751677852349,7343,3945,0.5372463570747651,0.03325492816676334,-0.16808188903105736
Eastern Cape,Ward 29200030,BUF,6633,4110,0.6196291270918136,7169,4010,0.5593527688659506,9161,3743,0.4085798493614234,-0.06027635822586297,0.08080808080808088
Eastern Cape,Ward 29200031,BUF,8626,5447,0.6314630187804312,8541,4932,0.5774499473129611,9070,4643,0.5119073869900772,-0.05401307146747014,-0.009853929979132814
Eastern Cape,Ward 29200032,BUF,8554,5333,0.6234510170680383,8147,4687,0.5753037928071683,7441,3962,0.5324553151458138,-0.048147224260870036,-0.047580079494973115
Eastern Cape,Ward 29200033,BUF,8750,5125,0.5857142857142857,8451,5058,0.5985090521831736,7732,3779,0.4887480600103466,0.012794766468887886,-0.03417142857142852
Eastern Cape,Ward 29200034,BUF,7864,4429,0.5631993896236012,8434,4459,0.5286933839222195,7972,3862,0.4844455594581033,-0.034506005701381626,0.07248219735503558
Eastern Cape,Ward 29200035,BUF,7559,4256,0.5630374388146581,9163,5195,0.5669540543490124,8786,4298,0.4891873435010243,0.003916615534354295,0.21219738060590032
Eastern Cape,Ward 29200036,BUF,8411,4638,0.5514207585304958,7429,4151,0.558756225602369,6940,2541,0.3661383285302593,0.0073354670718732695,-0.11675187254785402
Eastern Cape,Ward 29200037,BUF,6674,3317,0.4970032963739886,9264,4903,0.5292530224525043,8891,3568,0.4013046901360926,0.03224972607851567,0.38807311956847457
Eastern Cape,Ward 29200038,BUF,7840,3994,0.5094387755102041,8058,4321,0.5362372797220154,7659,3198,0.4175479827653741,0.02679850421181129,0.02780612244897962
Eastern Cape,Ward 29200039,BUF,7672,4049,0.5277632950990615,8603,4744,0.5514355457398582,8069,3708,0.4595364977072748,0.0236722506407967,0.12135036496350371
Eastern Cape,Ward 29200040,BUF,6798,3928,0.577817005001471,9093,5025,0.5526228967337512,8360,4406,0.5270334928229665,-0.02519410826771984,0.33759929390997345
Eastern Cape,Ward 29200041,BUF,8093,4120,0.509081922649203,7485,3367,0.4498329993319973,6641,2617,0.3940671585604577,-0.05924892331720577,-0.07512665266279506
Eastern Cape,Ward 29200042,BUF,7833,4073,0.5199795735988766,6990,3799,0.5434907010014306,6860,3018,0.4399416909620991,0.02351112740255401,-0.10762160091918804
Eastern Cape,Ward 29200043,BUF,8733,4389,0.5025764342150464,8796,4364,0.4961346066393815,8395,3748,0.4464562239428231,-0.00644182757566486,0.007214015802129881
Eastern Cape,Ward 29200044,BUF,8501,5020,0.5905187624985296,9362,5141,0.5491348002563555,8763,4784,0.5459317585301837,-0.04138396224217411,0.10128220209387129
Eastern Cape,Ward 29200045,BUF,7152,4105,0.5739653243847874,8770,5152,0.5874572405929305,8829,3976,0.4503341261751047,0.013491916208143051,0.22623042505592839
Eastern Cape,Ward 29200046,BUF,8990,5008,0.5570634037819799,8878,5242,0.5904482991664789,9058,3892,0.4296754250386398,0.03338489538449896,-0.012458286985539524
Eastern Cape,Ward 29200047,BUF,7087,2393,0.3376605051502751,7630,2939,0.3851900393184796,8780,1974,0.2248291571753986,0.04752953416820449,0.07661916184563289
Eastern Cape,Ward 29200048,BUF,6642,3808,0.5733212887684432,7508,4097,0.5456846030900373,6892,2809,0.4075739988392339,-0.027636685678405937,0.13038241493526037
Eastern Cape,Ward 29200049,BUF,6722,3866,0.5751264504611723,7989,4122,0.5159594442358243,7623,3753,0.4923258559622196,-0.059167006225347984,0.18848556977090158
Eastern Cape,Ward 29200050,BUF,6437,3607,0.5603542022681374,7352,4610,0.6270402611534276,7317,4125,0.5637556375563756,0.06668605888529022,0.14214696287090267
Eastern Cape,Ward 21001001,EC101,3799,2334,0.6143722032113714,3327,2032,0.6107604448452059,3417,1937,0.5668715247292947,-0.003611758366165563,-0.12424322190050008
Eastern Cape,Ward 21001002,EC101,3693,2261,0.6122393717844571,3231,2183,0.6756422160321882,3218,1784,0.5543816034804226,0.06340284424773113,-0.1251015434606011
Eastern Cape,Ward 21001003,EC101,3320,1788,0.5385542168674698,1944,1303,0.6702674897119342,4250,1212,0.2851764705882353,0.13171327284446432,-0.41445783132530123
Eastern Cape,Ward 21001004,EC101,4105,2229,0.5429963459196102,3398,2028,0.5968216597998823,3121,1353,0.4335148990708106,0.05382531388027212,-0.17222898903775885
Eastern Cape,Ward 21001005,EC101,2841,1476,0.5195353748680043,3534,2158,0.6106395019807583,3992,1564,0.3917835671342685,0.09110412711275406,0.24392819429778245
Eastern Cape,Ward 21001006,EC101,3194,2089,0.6540388227927364,2620,1674,0.6389312977099236,3294,1451,0.4404978749241044,-0.015107525082812767,-0.1797119599248591
Eastern Cape,Ward 21001007,EC101,2212,1377,0.6225135623869801,2097,1129,0.5383881735813066,3357,1734,0.516532618409294,-0.08412538880567344,-0.051989150090415936
Eastern Cape,Ward 21002001,EC102,1767,1014,0.5738539898132428,3363,1725,0.5129348795718108,2702,1417,0.5244263508512214,-0.06091911024143193,0.903225806451613
Eastern Cape,Ward 21002002,EC102,3347,2111,0.6307140723035555,3654,2407,0.6587301587301587,3717,2119,0.5700834005918751,0.02801608642660325,0.09172393187929484
Eastern Cape,Ward 21002003,EC102,2701,1697,0.628285820066642,3209,1924,0.5995637270177625,3136,1558,0.4968112244897959,-0.028722093048879516,0.18807848944835248
Eastern Cape,Ward 21002004,EC102,2722,1696,0.6230712711241734,2858,1769,0.6189643107067879,2781,1667,0.5994246673858324,-0.004106960417385452,0.04996326230712711
Eastern Cape,Ward 21002005,EC102,3370,1946,0.5774480712166172,3167,2130,0.6725607830754657,3078,1587,0.5155945419103314,0.09511271185884851,-0.06023738872403561
Eastern Cape,Ward 21002006,EC102,3544,1851,0.5222911963882618,2121,1217,0.5737859500235738,2453,1057,0.430900937627395,0.051494753635311974,-0.4015237020316027
Eastern Cape,Ward 21004001,EC104,3239,1983,0.6122259956776783,2129,1312,0.6162517613903241,2278,1074,0.4714661984196663,0.00402576571264579,-0.34269836369249773
Eastern Cape,Ward 21004002,EC104,3385,1933,0.5710487444608567,3042,1489,0.4894806048652202,2640,1268,0.4803030303030303,-0.08156813959563652,-0.1013293943870015
Eastern Cape,Ward 21004003,EC104,3279,1752,0.5343092406221409,3979,1952,0.490575521487811,4045,1593,0.3938195302843016,-0.04373371913432994,0.21347971942665445
Eastern Cape,Ward 21004004,EC104,3679,1964,0.5338407175863006,4900,2920,0.5959183673469388,5274,2383,0.4518392112248767,0.06207764976063823,0.33188366403914116
Eastern Cape,Ward 21004005,EC104,3376,1902,0.5633886255924171,3780,1913,0.5060846560846561,3783,1738,0.4594237377742532,-0.057303969507760955,0.11966824644549767
Eastern Cape,Ward 21004006,EC104,2540,1561,0.6145669291338582,2841,1674,0.5892291446673706,2746,1324,0.4821558630735615,-0.0253377844664876,0.11850393700787398
Eastern Cape,Ward 21004007,EC104,1814,1085,0.5981256890848953,3465,1496,0.4317460317460317,2930,1222,0.4170648464163822,-0.16637965733886356,0.910143329658214
Eastern Cape,Ward 21004008,EC104,3351,1748,0.5216353327364965,2554,1415,0.5540328895849648,3033,1186,0.3910319815364326,0.032397556848468234,-0.2378394509101761
Eastern Cape,Ward 21004009,EC104,3136,1732,0.5522959183673469,2757,1434,0.5201305767138193,2377,1086,0.4568784181741691,-0.03216534165352758,-0.12085459183673475
Eastern Cape,Ward 21004010,EC104,4802,2585,0.5383173677634319,3428,1761,0.5137106184364061,3045,1317,0.432512315270936,-0.02460674932702578,-0.2861307788421491
Eastern Cape,Ward 21004011,EC104,3380,1994,0.5899408284023668,3325,1717,0.5163909774436091,2994,1386,0.4629258517034068,-0.07354985095875777,-0.016272189349112454
Eastern Cape,Ward 21004012,EC104,3205,968,0.3020280811232449,4139,1646,0.3976805991785455,2541,470,0.1849665486029122,0.09565251805530056,0.29141965678627146
Eastern Cape,Ward 21004013,EC104,2820,1799,0.6379432624113475,3079,1062,0.3449171809028905,2913,1357,0.4658427737727428,-0.293026081508457,0.09184397163120561
Eastern Cape,Ward 21004014,EC104,2870,1786,0.6222996515679442,2980,1737,0.5828859060402685,3065,1816,0.5924959216965743,-0.039413745527675736,0.03832752613240409
Eastern Cape,Ward 21005001,EC105,3283,2220,0.6762107828205909,3925,2534,0.6456050955414012,3614,2213,0.6123408965135584,-0.030605687279189664,0.1955528480048736
Eastern Cape,Ward 21005002,EC105,3079,2143,0.6960051964923677,2632,1792,0.6808510638297872,2655,1466,0.552165725047081,-0.015154132662580477,-0.1451770055212731
Eastern Cape,Ward 21005003,EC105,3534,2595,0.734295415959253,3727,2629,0.7053930775422592,3608,2038,0.5648558758314856,-0.028902338416993745,0.05461233729484993
Eastern Cape,Ward 21005004,EC105,3291,2615,0.7945913096323306,3464,2567,0.7410508083140878,3453,2153,0.6235157833767738,-0.05354050131824284,0.05256760862959586
Eastern Cape,Ward 21005005,EC105,3183,2197,0.690229343386742,3546,2322,0.6548223350253807,3308,1812,0.5477629987908101,-0.03540700836136135,0.11404335532516496
Eastern Cape,Ward 21005006,EC105,3160,2053,0.6496835443037975,2715,1769,0.6515653775322283,4012,2061,0.5137088733798604,0.0018818332284308292,-0.14082278481012656
Eastern Cape,Ward 21005007,EC105,2667,1700,0.6374203224596925,3045,1889,0.6203612479474548,2933,1564,0.5332424139106716,-0.01705907451223765,0.1417322834645669
Eastern Cape,Ward 21005008,EC105,3344,1963,0.5870215311004785,2791,1404,0.5030455034037979,2868,1417,0.4940725244072524,-0.08397602769668056,-0.16537081339712922
Eastern Cape,Ward 21005009,EC105,3303,1929,0.584014532243415,4856,3125,0.6435337726523888,2992,1578,0.5274064171122995,0.05951924040897372,0.4701786254919771
Eastern Cape,Ward 21005010,EC105,3688,2477,0.6716377440347071,3754,2477,0.659829515183804,3758,2136,0.5683874401277275,-0.011808228850903157,0.017895878524945674
Eastern Cape,Ward 21006001,EC106,3489,2189,0.6274004012611063,3400,1956,0.5752941176470588,3254,1422,0.43700061462815,-0.052106283614047455,-0.025508741759816544
Eastern Cape,Ward 21006002,EC106,3563,2382,0.6685377490878474,3733,2353,0.6303241360835788,3660,1884,0.5147540983606558,-0.03821361300426851,0.04771260174010661
Eastern Cape,Ward 21006003,EC106,3544,2308,0.6512415349887133,3885,2086,0.5369369369369369,3739,1506,0.4027814923776411,-0.1143045980517764,0.0962189616252822
Eastern Cape,Ward 21006004,EC106,2991,1806,0.6038114343029087,2736,1583,0.5785818713450293,3282,1551,0.4725776965265082,-0.02522956295787948,-0.08525576730190576
Eastern Cape,Ward 21006005,EC106,3398,2362,0.6951147733961154,3442,2087,0.6063335270191749,2026,871,0.4299111549851925,-0.08878124637694051,0.012948793407886905
Eastern Cape,Ward 21006006,EC106,2886,1971,0.682952182952183,2760,1587,0.575,2024,925,0.4570158102766798,-0.107952182952183,-0.043659043659043606
Eastern Cape,Ward 21006007,EC106,2763,1629,0.5895765472312704,2973,1626,0.5469223007063572,2752,1215,0.4414970930232558,-0.04265424652491323,0.07600434310532034
Eastern Cape,Ward 21006008,EC106,2732,1639,0.5999267935578331,2910,1622,0.5573883161512028,4297,2221,0.5168722364440307,-0.042538477406630304,0.06515373352855058
Eastern Cape,Ward 21008001,EC108,1076,737,0.6849442379182156,2838,1947,0.686046511627907,3653,1895,0.5187517109225295,0.0011022737096914037,1.6375464684014869
Eastern Cape,Ward 21008002,EC108,2102,1191,0.5666032350142721,4167,2373,0.5694744420446364,5229,3215,0.6148403136354944,0.0028712070303642534,0.9823977164605138
Eastern Cape,Ward 21008003,EC108,3034,2001,0.6595253790375741,2489,1695,0.680996384089996,3124,2144,0.6862996158770807,0.021471005052421832,-0.17963085036255766
Eastern Cape,Ward 21008004,EC108,6188,4152,0.6709760827407886,3571,2061,0.5771492579109493,3687,1838,0.4985082723081095,-0.09382682482983928,-0.42291531997414356
Eastern Cape,Ward 21008005,EC108,3007,1764,0.5866311938809444,3589,2336,0.6508776818055169,3797,2199,0.5791414274427179,0.06424648792457244,0.19354838709677424
Eastern Cape,Ward 21008006,EC108,3047,2050,0.6727929110600591,3859,2379,0.6164809536149262,5032,2496,0.4960254372019078,-0.056311957445132954,0.2664916311125698
Eastern Cape,Ward 21008007,EC108,3480,2318,0.6660919540229885,4071,2823,0.6934414148857775,4194,2414,0.5755841678588459,0.027349460862789,0.16982758620689653
Eastern Cape,Ward 21008008,EC108,3449,2826,0.8193679327341258,5179,4215,0.8138636802471519,5269,3394,0.6441449990510534,-0.005504252486973837,0.5015946651203247
Eastern Cape,Ward 21008009,EC108,4821,3346,0.6940468782410288,4133,2583,0.6249697556254536,4052,2083,0.5140671273445212,-0.06907712261557519,-0.14270898153909972
Eastern Cape,Ward 21008010,EC108,3812,2386,0.6259181532004198,4026,2326,0.5777446597118728,3875,2031,0.5241290322580645,-0.04817349348854694,0.056138509968520545
Eastern Cape,Ward 21008011,EC108,2813,1556,0.5531461073586917,2721,1842,0.6769570011025359,3015,1890,0.6268656716417911,0.12381089374384413,-0.032705296836118
Eastern Cape,Ward 21008012,EC108,3450,2572,0.7455072463768115,3695,2389,0.6465493910690122,3744,2565,0.6850961538461539,-0.09895785530779933,0.07101449275362315
Eastern Cape,Ward 21008013,EC108,2632,1850,0.702887537993921,4451,3061,0.6877106268254325,4195,2332,0.5558998808104887,-0.015176911168488516,0.6911094224924013
Eastern Cape,Ward 21008014,EC108,4092,2992,0.7311827956989247,5338,3758,0.7040089921318846,4895,2366,0.4833503575076608,-0.027173803567040133,0.30449657869012703
Eastern Cape,Ward 21008015,EC108,4432,3372,0.7608303249097473,4018,2628,0.6540567446490791,2811,1620,0.576307363927428,-0.10677358026066819,-0.09341155234657039
Eastern Cape,Ward 21009001,EC109,3749,2178,0.5809549213123499,4414,2356,0.5337562301767105,3481,1817,0.5219764435507038,-0.04719869113563946,0.17738063483595634
Eastern Cape,Ward 21009002,EC109,2956,2033,0.6877537212449256,3188,2087,0.654642409033877,3412,1574,0.4613130128956623,-0.03311131221104857,0.07848443843031117
Eastern Cape,Ward 21009003,EC109,2633,1537,0.5837447778199772,3056,1775,0.580824607329843,3001,1747,0.5821392869043652,-0.0029201704901342662,0.160653247246487
Eastern Cape,Ward 21009004,EC109,2862,1728,0.6037735849056604,3034,1888,0.6222808174027686,3043,1678,0.5514295103516267,0.018507232497108284,0.060097833682739354
Eastern Cape,Ward 21009005,EC109,3343,2058,0.6156147173197727,3604,2133,0.591842397336293,3608,1687,0.4675720620842572,-0.02377231998347973,0.07807358659886332
Eastern Cape,Ward 21009006,EC109,3036,1937,0.6380105401844532,3117,1866,0.5986525505293552,4100,2088,0.5092682926829268,-0.03935798965509807,0.02667984189723316
Eastern Cape,Ward 21201001,EC121,3493,1541,0.44116805038648726,4359,1593,0.3654507914659325,4530,1407,0.3105960264900662,-0.07571725892055475,0.24792442026910955
Eastern Cape,Ward 21201002,EC121,3484,2034,0.5838117106773824,4206,2386,0.567284831193533,4058,1948,0.4800394282897979,-0.016526879483849344,0.2072330654420207
Eastern Cape,Ward 21201003,EC121,3810,2254,0.5916010498687664,4288,2357,0.5496735074626866,3671,1742,0.4745301007899755,-0.041927542406079765,0.12545931758530182
Eastern Cape,Ward 21201004,EC121,3731,2157,0.5781291878852854,4922,2619,0.5321007720438846,4115,1725,0.4191980558930741,-0.04602841584140083,0.3192173679978558
Eastern Cape,Ward 21201005,EC121,4052,2333,0.5757650542941757,3864,1906,0.4932712215320911,4151,1891,0.4555528788243796,-0.0824938327620846,-0.04639684106614017
Eastern Cape,Ward 21201006,EC121,4191,2386,0.5693151992364591,4244,2251,0.5303958529688972,3988,1877,0.4706619859578736,-0.03891934626756188,0.012646146504414313
Eastern Cape,Ward 21201007,EC121,3238,1987,0.6136504014823966,4400,2281,0.5184090909090909,3601,1660,0.4609830602610386,-0.09524131057330565,0.358863495985176
Eastern Cape,Ward 21201008,EC121,3264,1947,0.5965073529411765,4099,2300,0.5611124664552329,3795,1643,0.4329380764163373,-0.03539488648594358,0.2558210784313726
Eastern Cape,Ward 21201009,EC121,3476,1854,0.5333716915995397,4903,2484,0.5066285947379155,4279,1568,0.3664407571862584,-0.026743096861624127,0.41052934407364794
Eastern Cape,Ward 21201010,EC121,3289,1939,0.58954089388872,3610,1986,0.5501385041551247,3488,1529,0.4383600917431192,-0.03940238973359533,0.09759805411979317
Eastern Cape,Ward 21201011,EC121,3307,1961,0.5929845781675235,4707,2570,0.5459953261100489,3896,1948,0.5,-0.04698925205747462,0.4233444209253099
Eastern Cape,Ward 21201012,EC121,3492,2031,0.5816151202749141,3550,1965,0.5535211267605634,3181,1471,0.4624331971078277,-0.028093993514350712,0.016609392898052633
Eastern Cape,Ward 21201013,EC121,3801,1476,0.388318863456985,4115,1963,0.4770352369380315,3883,1609,0.4143703322173577,0.0887163734810465,0.08260983951591694
Eastern Cape,Ward 21201014,EC121,3690,2326,0.6303523035230353,4176,2485,0.5950670498084292,3476,2038,0.5863060989643268,-0.03528525371460611,0.13170731707317063
Eastern Cape,Ward 21201015,EC121,4222,2628,0.6224538133585978,3699,1966,0.5314949986482833,3498,1657,0.4736992567181246,-0.09095881471031453,-0.12387494078635719
Eastern Cape,Ward 21201016,EC121,3659,2114,0.5777534845586225,3868,2143,0.5540330920372285,3863,1845,0.4776080766243852,-0.023720392521394018,0.05711943153867183
Eastern Cape,Ward 21201017,EC121,3807,2096,0.5505647491463095,4550,2254,0.4953846153846153,3999,1746,0.436609152288072,-0.05518013376169417,0.19516679800367753
Eastern Cape,Ward 21201018,EC121,3792,2324,0.6128691983122363,3661,1901,0.5192570335973777,4187,2009,0.479818485789348,-0.09361216471485856,-0.03454641350210974
Eastern Cape,Ward 21201019,EC121,4537,2469,0.5441921974873264,4168,1952,0.4683301343570057,4425,1838,0.4153672316384181,-0.07586206313032068,-0.08133127617368308
Eastern Cape,Ward 21201020,EC121,3933,2366,0.6015764047800661,3928,2114,0.5381873727087576,4321,2039,0.4718815089099745,-0.06338903207130853,-0.001271294177472626
Eastern Cape,Ward 21201021,EC121,3395,2178,0.6415316642120766,3300,1772,0.536969696969697,3408,1539,0.4515845070422535,-0.10456196724237965,-0.027982326951399128
Eastern Cape,Ward 21201022,EC121,3655,2366,0.6473324213406293,3555,2241,0.6303797468354431,3513,1762,0.5015656134358099,-0.016952674505186227,-0.02735978112175108
Eastern Cape,Ward 21201023,EC121,4259,2699,0.6337168349377789,4316,2556,0.5922150139017609,4072,1997,0.4904223968565815,-0.04150182103601796,0.013383423338811928
Eastern Cape,Ward 21201024,EC121,3907,2501,0.6401330944458664,3464,1903,0.549364896073903,3437,1666,0.4847250509164969,-0.09076819837196337,-0.11338622984386992
Eastern Cape,Ward 21201025,EC121,3770,1950,0.5172413793103449,4742,2366,0.4989455925769717,4021,1594,0.3964188012932106,-0.018295786733373176,0.25782493368700266
Eastern Cape,Ward 21201026,EC121,3721,2149,0.5775329212577264,3479,1784,0.5127910319057201,3345,1874,0.5602391629297458,-0.06474188935200631,-0.06503628056973931
Eastern Cape,Ward 21201027,EC121,3098,1905,0.6149128469980633,3661,2104,0.5747063643813166,3537,1625,0.4594288945433983,-0.04020648261674664,0.18173014848289215
Eastern Cape,Ward 21201028,EC121,3259,1890,0.5799324946302546,4261,2180,0.5116169913165923,3952,1873,0.4739372469635627,-0.06831550331366232,0.3074562749309604
Eastern Cape,Ward 21201029,EC121,3263,2005,0.6144652160588415,3739,2290,0.6124632254613533,3487,2029,0.5818755377114998,-0.002001990597488179,0.1458780263561139
Eastern Cape,Ward 21201030,EC121,3877,2343,0.6043332473562032,3812,2059,0.5401364113326338,3386,1510,0.4459539279385706,-0.0641968360235694,-0.016765540366262544
Eastern Cape,Ward 21201031,EC121,3403,2179,0.640317367029092,3487,1974,0.5661026670490393,3845,1961,0.5100130039011703,-0.0742146999800527,0.02468410226270934
Eastern Cape,Ward 21202001,EC122,4324,1640,0.3792784458834413,4497,1879,0.4178341116299755,4156,1079,0.2596246390760346,0.03855566574653424,0.04000925069380212
Eastern Cape,Ward 21202002,EC122,4298,2016,0.46905537459283386,4146,1956,0.4717800289435601,3964,1349,0.3403128153380423,0.002724654350726219,-0.03536528617961843
Eastern Cape,Ward 21202003,EC122,3793,2022,0.5330872660163459,3782,1726,0.4563722897937599,3758,1261,0.3355508249068653,-0.07671497622258605,-0.0029000790930662212
Eastern Cape,Ward 21202004,EC122,4053,1914,0.4722427831236121,4124,1750,0.4243452958292919,4202,1486,0.3536411232746311,-0.047897487294320196,0.01751788798420928
Eastern Cape,Ward 21202005,EC122,4139,1826,0.4411693645808166,4335,1762,0.4064590542099192,4305,1371,0.3184668989547038,-0.034710310370897446,0.047354433438028476
Eastern Cape,Ward 21202006,EC122,4241,1386,0.32680971468993164,3796,1295,0.3411485774499473,3917,886,0.226193515445494,0.01433886276001567,-0.10492808299929257
Eastern Cape,Ward 21202007,EC122,3861,2075,0.5374255374255374,3965,1781,0.4491803278688525,3860,1315,0.3406735751295336,-0.08824520955668497,0.026936026936027035
Eastern Cape,Ward 21202008,EC122,3359,1728,0.5144388210777017,3766,1940,0.5151354221986192,3831,1757,0.4586269903419472,0.0006966011209175171,0.1211670139922596
Eastern Cape,Ward 21202009,EC122,3720,2111,0.5674731182795699,3700,1860,0.5027027027027027,3582,1387,0.387213847012842,-0.06477041557686725,-0.005376344086021501
Eastern Cape,Ward 21202010,EC122,3500,1968,0.5622857142857143,3635,1906,0.5243466299862448,3309,1668,0.5040797824116047,-0.03793908429946946,0.03857142857142848
Eastern Cape,Ward 21202011,EC122,4176,2300,0.5507662835249042,4385,2417,0.5511972633979475,4128,1893,0.4585755813953488,0.0004309798730433023,0.05004789272030652
Eastern Cape,Ward 21202012,EC122,3731,1999,0.5357812918788528,4068,2180,0.5358898721730581,3974,1916,0.4821338701560141,0.00010858029420524051,0.09032430983650497
Eastern Cape,Ward 21202013,EC122,3415,1934,0.5663250366032211,3738,2046,0.5473515248796148,3565,1619,0.4541374474053296,-0.018973511723606284,0.09458272327964856
Eastern Cape,Ward 21202014,EC122,3593,2141,0.5958808794878931,3984,2123,0.5328815261044176,3736,1805,0.48313704496788,-0.06299935338347551,0.10882271082660733
Eastern Cape,Ward 21202015,EC122,3660,2061,0.5631147540983606,3662,2073,0.5660841070453304,3397,1596,0.4698263173388284,0.002969352946969761,0.0005464480874317612
Eastern Cape,Ward 21202016,EC122,4169,2416,0.5795154713360519,4277,2391,0.5590367079728782,3867,1729,0.4471166278769071,-0.02047876336317367,0.025905492923962603
Eastern Cape,Ward 21202017,EC122,3783,2123,0.5611948189267777,3885,2006,0.5163449163449163,3493,1533,0.438877755511022,-0.04484990258186139,0.026962727993655733
Eastern Cape,Ward 21202018,EC122,3682,2085,0.5662683324280282,3813,2061,0.5405192761605035,3851,1860,0.4829914307971955,-0.02574905626752466,0.03557848995111357
Eastern Cape,Ward 21202019,EC122,3729,2234,0.5990882274068114,3689,1978,0.5361886690159935,3511,1669,0.4753631444033039,-0.06289955839081796,-0.010726736390453184
Eastern Cape,Ward 21202020,EC122,3510,1900,0.5413105413105413,4048,2207,0.545207509881423,3722,1689,0.453788285867813,0.0038969685708816204,0.15327635327635325
Eastern Cape,Ward 21202021,EC122,3720,2001,0.5379032258064517,3786,1991,0.5258848388800845,3999,1497,0.3743435858964741,-0.012018386926367142,0.01774193548387104
Eastern Cape,Ward 21202022,EC122,3880,2392,0.6164948453608248,4027,2202,0.5468090389868389,3780,1722,0.4555555555555555,-0.06968580637398591,0.03788659793814442
Eastern Cape,Ward 21202023,EC122,3885,2100,0.5405405405405406,4017,2217,0.5519044062733384,3663,1587,0.4332514332514332,0.011363865732797795,0.03397683397683404
Eastern Cape,Ward 21202024,EC122,4565,2738,0.5997809419496166,4758,2655,0.5580075662042875,4002,2086,0.5212393803098451,-0.04177337574532913,0.04227820372398683
Eastern Cape,Ward 21202025,EC122,4675,2794,0.5976470588235294,3965,2203,0.5556116015132408,3682,1547,0.4201520912547528,-0.04203545731028857,-0.15187165775401068
Eastern Cape,Ward 21202026,EC122,4366,2646,0.6060467246907925,4334,2103,0.4852330410706045,3565,1544,0.4330995792426367,-0.12081368362018796,-0.007329363261566635
Eastern Cape,Ward 21202027,EC122,4367,2664,0.6100297687199451,4525,2512,0.5551381215469613,4261,2120,0.4975357897207228,-0.05489164717298378,0.036180444240897724
Eastern Cape,Ward 21202028,EC122,4093,2408,0.5883215245541168,4324,2427,0.5612858464384829,3465,1620,0.4675324675324675,-0.0270356781156339,0.05643782066943559
Eastern Cape,Ward 21202029,EC122,4299,2582,0.6006047918120493,4377,2274,0.5195339273474983,3628,1742,0.480154355016538,-0.08107086446455103,0.018143754361479303
Eastern Cape,Ward 21202030,EC122,4179,2462,0.5891361569753529,4330,2200,0.5080831408775982,3562,1473,0.4135317237507018,-0.08105301609775473,0.03613304618329738
Eastern Cape,Ward 21202031,EC122,4375,2544,0.5814857142857143,4457,2358,0.5290554184428988,3492,1438,0.4117983963344788,-0.052430295842815444,0.018742857142857172
Eastern Cape,Ward 21203001,EC123,2956,1738,0.587956698240866,2528,1887,0.7464398734177216,3111,2027,0.6515589842494375,0.1584831751768555,-0.1447902571041949
Eastern Cape,Ward 21203002,EC123,2714,1643,0.605379513633014,2185,1327,0.6073226544622425,2493,939,0.3766546329723225,0.001943140829228529,-0.19491525423728817
Eastern Cape,Ward 21203003,EC123,3148,2012,0.639135959339263,2612,1635,0.6259571209800919,2159,1187,0.5497915701713756,-0.013178838359171108,-0.17026683608640403
Eastern Cape,Ward 21203004,EC123,3397,2140,0.6299676184869002,2677,1518,0.5670526709002615,2234,1179,0.52775290957923,-0.06291494758663874,-0.21195172210774216
Eastern Cape,Ward 21203005,EC123,2631,1496,0.5686050931204865,2283,1538,0.6736749890494963,2469,1590,0.6439854191980559,0.10506989592900984,-0.1322690992018244
Eastern Cape,Ward 21203006,EC123,3573,2487,0.6960537363560033,2692,1467,0.5449479940564635,2644,1465,0.5540847201210287,-0.15110574229953977,-0.2465715085362441
Eastern Cape,Ward 21203007,EC123,2883,1489,0.5164758931668401,2708,1529,0.5646233382570163,2825,1497,0.5299115044247787,0.04814744509017621,-0.060700659035726634
Eastern Cape,Ward 21204001,EC124,3168,1907,0.6019570707070707,3199,1525,0.4767114723351047,3120,1160,0.3717948717948718,-0.12524559837196603,0.009785353535353591
Eastern Cape,Ward 21204002,EC124,3276,1697,0.5180097680097681,3184,1638,0.5144472361809045,2825,1231,0.4357522123893805,-0.003562531828863569,-0.028083028083028094
Eastern Cape,Ward 21204003,EC124,3430,1882,0.5486880466472304,3596,1721,0.478587319243604,3274,1367,0.4175320708613317,-0.07010072740362638,0.04839650145772589
Eastern Cape,Ward 21204004,EC124,3201,1754,0.5479537644486098,3240,1851,0.5712962962962963,2893,1268,0.438299343242309,0.023342531847686532,0.012183692596063667
Eastern Cape,Ward 21204005,EC124,3459,2113,0.6108701936976004,3883,2269,0.5843420036054597,3799,1845,0.4856541195051329,-0.02652819009214069,0.12257877999421796
Eastern Cape,Ward 21204006,EC124,3415,2260,0.6617862371888726,3693,2038,0.5518548605469807,3525,1735,0.4921985815602837,-0.1099313766418919,0.08140556368960472
Eastern Cape,Ward 21204007,EC124,2807,1702,0.6063412896330602,3481,2122,0.6095949439816145,3171,1794,0.565752128666036,0.0032536543485542913,0.24011400071250444
Eastern Cape,Ward 21204008,EC124,3284,1963,0.5977466504263094,3589,1261,0.3513513513513513,3414,1789,0.5240187463386058,-0.24639529907495805,0.09287454323995137
Eastern Cape,Ward 21204009,EC124,2723,1573,0.5776716856408373,3806,2272,0.5969521807672097,3619,1974,0.5454545454545454,0.01928049512637242,0.39772309952258533
Eastern Cape,Ward 21204010,EC124,3086,1601,0.5187945560596241,3140,1605,0.5111464968152867,2857,1313,0.4595729786489324,-0.007648059244337424,0.017498379779649964
Eastern Cape,Ward 21204011,EC124,2944,1794,0.609375,3452,1740,0.5040556199304751,3222,1294,0.4016139044072005,-0.1053193800695249,0.17255434782608692
Eastern Cape,Ward 21204012,EC124,3681,2197,0.5968486824232545,3737,2188,0.5854963874765855,3551,1713,0.4823993241340467,-0.011352294946669006,0.01521325726704692
Eastern Cape,Ward 21204013,EC124,2931,1602,0.5465711361310133,4122,2730,0.6622998544395924,3913,2082,0.5320725785842065,0.11572871830857911,0.40634595701125886
Eastern Cape,Ward 21204014,EC124,3415,2019,0.5912152269399708,3495,1915,0.547925608011445,3277,1362,0.4156240463838877,-0.043289618928525786,0.02342606149341142
Eastern Cape,Ward 21204015,EC124,3417,2001,0.5856014047410009,3328,1907,0.5730168269230769,3050,1469,0.4816393442622951,-0.012584577817923992,-0.026046239391278925
Eastern Cape,Ward 21206001,EC126,3214,1563,0.4863098942128189,3376,1951,0.5779028436018957,3132,1701,0.5431034482758621,0.0915929493890768,0.050404480398257734
Eastern Cape,Ward 21206002,EC126,3492,1447,0.4143757159221077,3457,2028,0.5866358113971651,2720,1465,0.5386029411764706,0.17226009547505744,-0.010022909507445554
Eastern Cape,Ward 21206003,EC126,3532,1875,0.5308607021517554,3369,1959,0.5814781834372217,3005,1479,0.492179700499168,0.05061748128546628,-0.046149490373725954
Eastern Cape,Ward 21206004,EC126,3302,1632,0.4942459115687462,3024,1656,0.5476190476190477,2887,1245,0.431243505368895,0.05337313605030147,-0.08419139915202911
Eastern Cape,Ward 21206005,EC126,3501,1872,0.5347043701799485,3247,1850,0.5697566984909147,3066,1628,0.5309849967384214,0.03505232831096616,-0.07255069980005713
Eastern Cape,Ward 21206006,EC126,3177,1463,0.4604973245199874,3174,1685,0.5308758664146188,2933,1434,0.4889191953631094,0.07037854189463139,-0.0009442870632672129
Eastern Cape,Ward 21206007,EC126,3173,1463,0.46107784431137727,3159,1890,0.5982905982905983,2942,1379,0.4687287559483344,0.137212753979221,-0.004412228175228461
Eastern Cape,Ward 21206008,EC126,3025,1690,0.5586776859504132,3501,1735,0.4955726935161382,3386,1602,0.4731246308328411,-0.06310499243427503,0.1573553719008265
Eastern Cape,Ward 21206009,EC126,2988,1120,0.3748326639892905,3007,1712,0.5693382108413702,3064,1668,0.5443864229765013,0.19450554685207966,0.006358768406961257
Eastern Cape,Ward 21206010,EC126,3261,1099,0.3370131861392211,3356,2043,0.6087604290822408,2748,1440,0.5240174672489083,0.2717472429430197,0.02913216804661145
Eastern Cape,Ward 21206011,EC126,3375,1483,0.4394074074074074,2866,1805,0.6297976273551988,2733,1635,0.5982436882546652,0.19039021994779143,-0.15081481481481485
Eastern Cape,Ward 21206012,EC126,2878,1532,0.532314107018763,3409,2036,0.597242593135817,3230,2147,0.6647058823529411,0.06492848611705393,0.18450312717164707
Eastern Cape,Ward 21301001,EC131,3456,2120,0.6134259259259259,3495,2071,0.5925608011444922,3339,1721,0.515423779574723,-0.020865124781433764,0.011284722222222321
Eastern Cape,Ward 21301002,EC131,3061,1868,0.6102580855929435,2923,1654,0.5658569962367431,2601,1182,0.4544405997693195,-0.04440108935620035,-0.04508330610911471
Eastern Cape,Ward 21301003,EC131,2897,1807,0.6237487055574732,2909,1735,0.5964248882777586,2841,1411,0.4966561070045758,-0.027323817279714557,0.004142216085605721
Eastern Cape,Ward 21301004,EC131,3748,2090,0.5576307363927427,3660,1991,0.5439890710382513,3361,1574,0.4683130020827135,-0.013641665354491406,-0.023479188900747072
Eastern Cape,Ward 21301005,EC131,2929,1683,0.5745988391942642,3173,1994,0.6284273558146865,3221,1850,0.5743557901272897,0.053828516620422207,0.08330488221235921
Eastern Cape,Ward 21301006,EC131,3555,1937,0.5448663853727145,3360,1774,0.5279761904761905,3359,1462,0.4352485858886573,-0.01689019489652399,-0.05485232067510548
Eastern Cape,Ward 21301007,EC131,4482,2497,0.5571173583221776,3295,1670,0.5068285280728376,3000,1399,0.4663333333333333,-0.050288830249339944,-0.26483712628290945
Eastern Cape,Ward 21301008,EC131,3325,2248,0.6760902255639097,4705,2521,0.5358129649309246,4218,2002,0.4746325272641062,-0.14027726063298518,0.4150375939849624
Eastern Cape,Ward 21301009,EC131,2785,1774,0.636983842010772,3387,2155,0.6362562739887806,3751,2021,0.5387896560917089,-0.0007275680219913649,0.21615798922800722
Eastern Cape,Ward 21305001,EC135,3808,2341,0.6147584033613446,4232,2532,0.5982986767485823,4086,2121,0.5190895741556535,-0.016459726612762293,0.1113445378151261
Eastern Cape,Ward 21305002,EC135,3195,1971,0.6169014084507042,3466,2154,0.621465666474322,3245,1572,0.484437596302003,0.004564258023617818,0.08482003129890447
Eastern Cape,Ward 21305003,EC135,3212,1918,0.5971357409713575,4421,2798,0.6328884867676996,3526,1781,0.505104934770278,0.035752745796342134,0.37640099626401
Eastern Cape,Ward 21305004,EC135,3979,2645,0.6647398843930635,4170,2599,0.6232613908872902,3976,2288,0.5754527162977867,-0.04147849350577337,0.048002010555415975
Eastern Cape,Ward 21305005,EC135,3897,2421,0.6212471131639723,3694,2211,0.5985381700054142,3523,1722,0.4887879648027249,-0.022708943158558093,-0.05209135232229922
Eastern Cape,Ward 21305006,EC135,3692,2250,0.6094257854821236,3890,2276,0.5850899742930591,3941,1927,0.4889621923369703,-0.02433581118906447,0.05362946912242683
Eastern Cape,Ward 21305007,EC135,3586,2126,0.5928611266034579,3991,2274,0.5697820095214232,4032,2219,0.5503472222222222,-0.023079117082034695,0.11293920803123259
Eastern Cape,Ward 21305008,EC135,3791,2117,0.5584278554471116,3957,2295,0.5799848369977255,3864,1844,0.4772256728778468,0.02155698155061392,0.04378791875494592
Eastern Cape,Ward 21305009,EC135,3216,1876,0.5833333333333334,3312,1799,0.5431763285024155,3335,1647,0.4938530734632683,-0.040157004830917886,0.029850746268656803
Eastern Cape,Ward 21305010,EC135,3308,2016,0.6094316807738815,3318,1916,0.5774562989752863,3168,1720,0.5429292929292929,-0.03197538179859527,0.0030229746070133956
Eastern Cape,Ward 21305011,EC135,2995,1842,0.6150250417362271,3377,1980,0.5863192182410424,3221,1651,0.5125737348649487,-0.02870582349518469,0.12754590984974956
Eastern Cape,Ward 21305012,EC135,3312,1773,0.5353260869565217,3395,1850,0.5449189985272459,3527,1270,0.360079387581514,0.009592911570724172,0.025060386473430007
Eastern Cape,Ward 21305013,EC135,3610,2104,0.582825484764543,4126,2283,0.5533204071740184,4197,1900,0.4527043126042411,-0.029505077590524564,0.14293628808864267
Eastern Cape,Ward 21305014,EC135,3279,1473,0.4492223238792315,4203,2129,0.5065429455151083,4100,1464,0.3570731707317073,0.057320621635876756,0.281793229643184
Eastern Cape,Ward 21305015,EC135,3707,2262,0.6101969247369841,3213,1814,0.5645813881107998,3176,1595,0.5022040302267002,-0.04561553662618423,-0.1332613973563529
Eastern Cape,Ward 21305016,EC135,3915,2507,0.6403575989782886,3236,1833,0.5664400494437577,3071,1511,0.4920221426245522,-0.07391754953453089,-0.17343550446998723
Eastern Cape,Ward 21305017,EC135,3238,1821,0.5623841877702286,3470,1935,0.5576368876080692,3389,1567,0.4623782826792564,-0.004747300162159407,0.07164916615194561
Eastern Cape,Ward 21305018,EC135,3199,1961,0.6130040637699281,3404,1973,0.5796122209165687,3340,1525,0.4565868263473054,-0.03339184285335939,0.06408252578930917
Eastern Cape,Ward 21305019,EC135,3130,1897,0.6060702875399361,3600,1995,0.5541666666666667,3183,1688,0.5303173107131637,-0.051903620873269385,0.15015974440894575
Eastern Cape,Ward 21305020,EC135,3005,1762,0.5863560732113144,4069,2433,0.5979356107151634,3933,2050,0.5212306127637936,0.011579537503848991,0.3540765391014975
Eastern Cape,Ward 21305021,EC135,3075,1937,0.6299186991869918,3394,2062,0.6075427224513847,3265,1787,0.5473200612557427,-0.022375976735607095,0.103739837398374
Eastern Cape,Ward 21306001,EC136,3640,2292,0.6296703296703297,3713,2877,0.7748451387018583,3537,1943,0.5493355951371218,0.14517480903152868,0.020054945054944984
Eastern Cape,Ward 21306002,EC136,3199,2040,0.6376992810253204,3437,2084,0.6063427407622927,3266,1907,0.5838946723821188,-0.0313565402630277,0.07439824945295404
Eastern Cape,Ward 21306003,EC136,3574,2202,0.6161163961947398,4004,2341,0.5846653346653347,3766,1808,0.4800849707912905,-0.03145106152940513,0.1203133743704532
Eastern Cape,Ward 21306004,EC136,3155,1774,0.5622820919175912,3548,1934,0.5450958286358512,3494,1577,0.4513451631368059,-0.01718626328174,0.12456418383518231
Eastern Cape,Ward 21306005,EC136,3912,2464,0.6298568507157464,4081,2368,0.5802499387405048,3957,2167,0.5476370988122314,-0.049606911975241585,0.043200408997954964
Eastern Cape,Ward 21306006,EC136,3750,2382,0.6352,3754,2337,0.6225359616409164,3738,1996,0.5339753879079722,-0.012664038359083585,0.0010666666666667712
Eastern Cape,Ward 21306007,EC136,3880,2331,0.6007731958762886,3854,2099,0.5446289569278672,3563,1668,0.4681448217793993,-0.056144238948421465,-0.006701030927835028
Eastern Cape,Ward 21306008,EC136,3873,2409,0.6219984508133231,3875,2294,0.592,3674,1880,0.5117038649972782,-0.029998450813323085,0.0005163955589981839
Eastern Cape,Ward 21306009,EC136,3552,2156,0.6069819819819819,3885,2280,0.5868725868725869,3512,1943,0.553246013667426,-0.020109395109395023,0.09375
Eastern Cape,Ward 21306010,EC136,3166,2029,0.6408717624763108,3320,2048,0.6168674698795181,3369,1911,0.5672306322350846,-0.02400429259679271,0.04864181933038525
Eastern Cape,Ward 21306011,EC136,3579,2282,0.6376082704666108,3622,2066,0.5704030922142462,3715,2053,0.5526244952893674,-0.0672051782523646,0.012014529198099977
Eastern Cape,Ward 21306012,EC136,3309,2197,0.6639468117255969,3525,2137,0.6062411347517731,3362,1601,0.4762046400951814,-0.05770567697382378,0.0652765185856754
Eastern Cape,Ward 21306013,EC136,3007,1933,0.642833388759561,3114,1916,0.6152858060372511,3035,1703,0.5611202635914333,-0.027547582722309838,0.035583638177585586
Eastern Cape,Ward 21306014,EC136,3572,2377,0.6654535274356103,3355,2113,0.629806259314456,3395,1998,0.5885125184094256,-0.03564726812115426,-0.06075027995520721
Eastern Cape,Ward 21306015,EC136,2927,1782,0.6088144858216604,3937,2171,0.5514351028702057,3656,1813,0.4958971553610503,-0.05737938295145473,0.3450632046463957
Eastern Cape,Ward 21306016,EC136,2993,1739,0.5810223855663215,3255,1775,0.5453149001536098,3137,1513,0.4823079375199235,-0.035707485412711626,0.08753758770464426
Eastern Cape,Ward 21306017,EC136,3017,1959,0.649320517069937,3192,1835,0.574874686716792,3054,1738,0.5690897184020957,-0.074445830353145,0.058004640371229765
Eastern Cape,Ward 21307001,EC137,3341,1819,0.5444477701287039,3406,1748,0.5132119788608338,3269,1529,0.4677271336800245,-0.031235791267870128,0.01945525291828787
Eastern Cape,Ward 21307002,EC137,3263,1878,0.5755439779344161,3445,1943,0.5640058055152395,3134,1507,0.48085513720485,-0.011538172419176651,0.055776892430278835
Eastern Cape,Ward 21307003,EC137,3100,1669,0.5383870967741935,3238,1739,0.5370599135268684,2977,1490,0.5005038629492778,-0.0013271832473250589,0.04451612903225799
Eastern Cape,Ward 21307004,EC137,3433,1910,0.5563646956015147,3668,2075,0.5657033805888768,3522,1646,0.4673480976717774,0.009338684987362122,0.06845324788814455
Eastern Cape,Ward 21307005,EC137,3065,1805,0.5889070146818923,3231,1721,0.5326524295883628,3038,1631,0.5368663594470046,-0.05625458509352954,0.054159869494290414
Eastern Cape,Ward 21307006,EC137,3238,1883,0.5815318097591106,3459,1687,0.4877132119109569,3460,1953,0.5644508670520231,-0.09381859784815366,0.06825200741198278
Eastern Cape,Ward 21307007,EC137,3556,2178,0.6124859392575928,3955,2169,0.5484197218710493,3564,1527,0.4284511784511784,-0.0640662173865435,0.11220472440944884
Eastern Cape,Ward 21307008,EC137,3627,2094,0.5773366418527709,3416,1931,0.5652810304449649,3199,1597,0.4992185057830572,-0.012055611407805977,-0.058174800110283975
Eastern Cape,Ward 21307009,EC137,3391,1779,0.5246240047183721,4134,2036,0.4925012094823415,3904,1748,0.4477459016393442,-0.03212279523603062,0.21910940725449723
Eastern Cape,Ward 21307010,EC137,3965,1866,0.47061790668348047,4180,1842,0.4406698564593301,4053,1463,0.3609671848013817,-0.02994805022415037,0.05422446406052961
Eastern Cape,Ward 21307011,EC137,3019,1146,0.3795958926796953,3116,1336,0.4287548138639281,3571,1377,0.3856062727527303,0.04915892118423282,0.032129844319310985
Eastern Cape,Ward 21307012,EC137,3512,1888,0.5375854214123007,3499,1873,0.535295798799657,3072,1513,0.4925130208333333,-0.002289622612643649,-0.0037015945330296507
Eastern Cape,Ward 21307013,EC137,3800,2061,0.5423684210526316,3875,2011,0.5189677419354839,3647,1558,0.4272004387167535,-0.023400679117147716,0.019736842105263053
Eastern Cape,Ward 21307014,EC137,3618,2050,0.5666113875069099,3797,2086,0.5493810903344746,3076,1454,0.4726918075422627,-0.017230297172435294,0.04947484798231061
Eastern Cape,Ward 21307015,EC137,3810,2135,0.5603674540682415,4168,2095,0.5026391554702495,3956,1885,0.4764914054600607,-0.057728298597992,0.0939632545931759
Eastern Cape,Ward 21307016,EC137,3421,1953,0.5708857059339374,3775,1735,0.4596026490066225,3542,1654,0.4669678147939017,-0.11128305692731488,0.10347851505407779
Eastern Cape,Ward 21307017,EC137,3421,1841,0.538146740719088,3765,1919,0.5096945551128818,3740,1768,0.4727272727272727,-0.028452185606206215,0.10055539315989481
Eastern Cape,Ward 21307018,EC137,3781,2094,0.5538217402803491,3919,2068,0.5276856340903292,3761,1797,0.4777984578569529,-0.026136106190019937,0.036498280878074496
Eastern Cape,Ward 21307019,EC137,3954,2064,0.5220030349013657,4230,2236,0.5286052009456265,4070,1962,0.482063882063882,0.006602166044260782,0.06980273141122906
Eastern Cape,Ward 21307020,EC137,3170,1791,0.5649842271293375,3218,1791,0.5565568676196395,3814,1824,0.4782380702674357,-0.008427359509697974,0.015141955835962229
Eastern Cape,Ward 21308001,EC138,3675,1867,0.5080272108843538,3860,2050,0.5310880829015544,3682,1747,0.4744703965236285,0.02306087201720064,0.05034013605442178
Eastern Cape,Ward 21308002,EC138,3681,2063,0.5604455311056779,3712,2072,0.5581896551724138,3587,1817,0.5065514357401728,-0.00225587593326404,0.008421624558543783
Eastern Cape,Ward 21308003,EC138,3360,2033,0.6050595238095238,3916,2194,0.5602655771195098,3372,1668,0.494661921708185,-0.04479394669001402,0.16547619047619055
Eastern Cape,Ward 21308004,EC138,2937,1433,0.48791283622744297,2889,1329,0.4600207684319833,3266,1340,0.4102878138395591,-0.027892067795459663,-0.01634320735444328
Eastern Cape,Ward 21308005,EC138,3063,1774,0.5791707476330396,3785,2065,0.5455746367239102,3827,1575,0.4115495165926313,-0.033596110909129395,0.23571661769507024
Eastern Cape,Ward 21308006,EC138,3109,1955,0.6288195561273722,3282,1920,0.5850091407678245,2901,1450,0.4998276456394346,-0.04381041535954766,0.055644901897716315
Eastern Cape,Ward 21308007,EC138,3142,1899,0.6043921069382558,3094,1771,0.5723981900452488,2954,1403,0.474949221394719,-0.03199391689300701,-0.015276893698281335
Eastern Cape,Ward 21308008,EC138,2996,1859,0.6204939919893191,2973,1867,0.6279852001345443,3379,1981,0.5862681266646937,0.007491208145225192,-0.007676902536715602
Eastern Cape,Ward 21308009,EC138,3202,1905,0.5949406620861961,3121,1652,0.5293175264338353,3060,1679,0.5486928104575164,-0.06562313565236078,-0.025296689569019315
Eastern Cape,Ward 21401001,EC141,3513,2106,0.5994876174210076,3766,1789,0.4750398300584174,3575,1768,0.4945454545454545,-0.12444778736259027,0.07201821804725306
Eastern Cape,Ward 21401002,EC141,3205,1879,0.5862714508580343,4023,2257,0.5610241113596818,3689,1561,0.4231499051233396,-0.02524733949835256,0.2552262090483619
Eastern Cape,Ward 21401003,EC141,3707,2226,0.6004855678446183,3897,2152,0.5522196561457532,3663,1690,0.4613704613704614,-0.04826591169886507,0.05125438359859724
Eastern Cape,Ward 21401004,EC141,3183,1662,0.5221489161168709,3934,2104,0.5348246059989832,3757,1594,0.4242746872504658,0.012675689882112318,0.2359409362236884
Eastern Cape,Ward 21401005,EC141,3926,2057,0.5239429444727458,4229,2182,0.5159612201466067,4024,1869,0.4644632206759443,-0.007981724326139084,0.07717778909831896
Eastern Cape,Ward 21401006,EC141,3085,1682,0.5452188006482982,3368,1863,0.5531472684085511,3156,1602,0.5076045627376425,0.00792846776025291,0.09173419773095626
Eastern Cape,Ward 21401007,EC141,3810,2196,0.5763779527559055,3626,2152,0.5934914506343077,3407,1877,0.5509245670678016,0.017113497878402217,-0.04829396325459323
Eastern Cape,Ward 21401008,EC141,3251,1874,0.5764380190710551,3511,1964,0.5593847906579322,3288,1619,0.4923965936739659,-0.017053228413122845,0.07997539218701943
Eastern Cape,Ward 21401009,EC141,3892,1939,0.4982014388489209,3730,1762,0.4723860589812332,3816,1378,0.3611111111111111,-0.02581537986768767,-0.04162384378211714
Eastern Cape,Ward 21401010,EC141,3590,2253,0.6275766016713092,3999,2269,0.5673918479619905,3828,1813,0.4736154649947753,-0.06018475370931875,0.11392757660167141
Eastern Cape,Ward 21401011,EC141,3408,1952,0.5727699530516432,3610,1979,0.5481994459833796,3416,1589,0.4651639344262295,-0.02457050706826369,0.05927230046948351
Eastern Cape,Ward 21401012,EC141,3103,1943,0.6261682242990654,3319,2067,0.622777945164206,3217,1597,0.496425240907678,-0.003390279134859342,0.06961005478569127
Eastern Cape,Ward 21401013,EC141,3532,1800,0.5096262740656852,3712,1931,0.5202047413793104,3504,1583,0.4517694063926941,0.010578467313625217,0.05096262740656843
Eastern Cape,Ward 21401014,EC141,3020,1761,0.583112582781457,4016,2025,0.5042330677290837,3858,1790,0.4639709694142042,-0.07887951505237323,0.32980132450331134
Eastern Cape,Ward 21401015,EC141,3705,2009,0.5422402159244265,3813,2079,0.5452399685287176,3607,1741,0.4826725810923205,0.002999752604291084,0.029149797570850122
Eastern Cape,Ward 21401016,EC141,3256,1848,0.5675675675675675,3694,2094,0.5668651867893882,3641,1883,0.517165613842351,-0.0007023807781793012,0.1345208845208845
Eastern Cape,Ward 21401017,EC141,3215,1791,0.5570762052877138,3646,2080,0.5704882062534284,3668,2336,0.6368593238822247,0.013412000965714599,0.13405909797822702
Eastern Cape,Ward 21402001,EC142,3493,2243,0.64214142570856,3679,2179,0.5922805110084262,3839,1743,0.4540244855431102,-0.049860914700133874,0.05324935585456636
Eastern Cape,Ward 21402002,EC142,4026,2438,0.6055638350720318,4202,2294,0.5459305092812946,3598,1666,0.4630350194552529,-0.05963332579073721,0.04371584699453557
Eastern Cape,Ward 21402003,EC142,3158,1785,0.565231158961368,3804,2121,0.557570977917981,3968,1607,0.4049899193548387,-0.007660181043386949,0.20455984800506655
Eastern Cape,Ward 21402004,EC142,3033,1799,0.5931421035278602,3573,1916,0.5362440526168486,3361,1527,0.4543290687295447,-0.05689805091101163,0.17804154302670616
Eastern Cape,Ward 21402005,EC142,2976,1470,0.4939516129032258,3344,2033,0.6079545454545454,2936,1394,0.4747956403269754,0.1140029325513196,0.12365591397849451
Eastern Cape,Ward 21402006,EC142,3658,2288,0.6254784034991798,3695,2155,0.5832205683355887,3025,1542,0.5097520661157025,-0.04225783516359116,0.010114816839803087
Eastern Cape,Ward 21402007,EC142,3280,1972,0.6012195121951219,4131,2477,0.5996126845800048,3333,1504,0.4512451245124512,-0.0016068276151171013,0.2594512195121952
Eastern Cape,Ward 21402008,EC142,3675,2066,0.5621768707482994,3732,2032,0.5444801714898178,3918,1879,0.4795814190913731,-0.017696699258481607,0.015510204081632617
Eastern Cape,Ward 21402009,EC142,3715,2239,0.6026917900403769,3415,2048,0.5997071742313324,3250,1649,0.5073846153846154,-0.002984615809044522,-0.08075370121130554
Eastern Cape,Ward 21402010,EC142,3303,1714,0.5189221919467151,4348,2674,0.6149954001839927,4144,1711,0.4128861003861004,0.09607320823727761,0.31637904934907657
Eastern Cape,Ward 21402011,EC142,3618,2312,0.6390270867882808,3873,2249,0.5806868060934676,3563,1727,0.4847039012068481,-0.05834028069481323,0.07048092868988398
Eastern Cape,Ward 21402012,EC142,3295,2086,0.6330804248861912,4165,2456,0.5896758703481393,3609,1798,0.4981989470767525,-0.04340455453805192,0.2640364188163884
Eastern Cape,Ward 21402013,EC142,3363,1959,0.5825156110615521,4346,2618,0.6023930050621261,4027,1876,0.4658554755401043,0.019877394000573978,0.2922985429675884
Eastern Cape,Ward 21402014,EC142,3607,2300,0.637649015802606,3792,2194,0.5785864978902954,3590,1797,0.5005571030640669,-0.05906251791231065,0.051289159966731335
Eastern Cape,Ward 21402015,EC142,2847,1718,0.603442219880576,3252,1767,0.5433579335793358,3146,1365,0.4338842975206611,-0.060084286301240186,0.14225500526870394
Eastern Cape,Ward 21402016,EC142,2888,1733,0.6000692520775623,3580,1885,0.526536312849162,3052,1433,0.4695281782437746,-0.07353293922840032,0.239612188365651
Eastern Cape,Ward 21402017,EC142,2914,1726,0.5923129718599863,3744,2401,0.6412927350427351,3828,1684,0.4399164054336468,0.04897976318274877,0.28483184625943725
Eastern Cape,Ward 21503001,EC153,3796,1866,0.4915700737618546,3807,2085,0.5476753349093775,3618,1769,0.4889441680486456,0.0561052611475229,0.002897787144362507
Eastern Cape,Ward 21503002,EC153,4342,2510,0.5780746199907877,4393,2295,0.5224220350557706,4169,1770,0.42456224514272,-0.055652584935017124,0.011745739290649482
Eastern Cape,Ward 21503003,EC153,3730,1977,0.5300268096514745,4651,2539,0.5459041066437326,4777,2359,0.4938245760937827,0.01587729699225804,0.24691689008042905
Eastern Cape,Ward 21503004,EC153,3867,2142,0.5539177657098526,4187,2138,0.5106281347026511,4538,1795,0.3955486998677832,-0.04328963100720151,0.08275148694078105
Eastern Cape,Ward 21503005,EC153,4449,2595,0.5832771409305462,4459,2580,0.5786050684009868,4517,2221,0.4916980296657073,-0.004672072529559368,0.0022476961114856753
Eastern Cape,Ward 21503006,EC153,3743,1596,0.4263959390862944,4973,2362,0.4749648099738588,4947,1919,0.3879118657772387,0.0485688708875644,0.32861341170184355
Eastern Cape,Ward 21503007,EC153,4498,2395,0.5324588706091596,4700,2475,0.526595744680851,4910,2335,0.4755600814663951,-0.005863125928308621,0.044908848377056554
Eastern Cape,Ward 21503008,EC153,3450,1959,0.5678260869565217,4023,2237,0.5560526969922943,4101,2070,0.5047549378200439,-0.011773389964227388,0.1660869565217391
Eastern Cape,Ward 21503009,EC153,3356,1842,0.5488676996424314,4045,2169,0.5362175525339926,4842,2177,0.449607600165221,-0.012650147108438814,0.20530393325387375
Eastern Cape,Ward 21503010,EC153,4015,2019,0.5028642590286426,3940,1358,0.3446700507614213,4129,1943,0.470573988859288,-0.1581942082672213,-0.018679950186799466
Eastern Cape,Ward 21503011,EC153,4112,2065,0.5021887159533074,4550,2245,0.4934065934065934,4618,2017,0.4367691641403204,-0.00878212254671401,0.10651750972762652
Eastern Cape,Ward 21503012,EC153,3525,1905,0.5404255319148936,4812,2494,0.5182876142975894,4390,1620,0.3690205011389522,-0.022137917617304215,0.36510638297872333
Eastern Cape,Ward 21503013,EC153,4013,2290,0.5706454024420633,4381,1760,0.4017347637525679,4561,1892,0.4148213111159833,-0.1689106386894954,0.09170196860204327
Eastern Cape,Ward 21503014,EC153,4240,2114,0.49858490566037733,4499,2172,0.4827739497666148,3788,1524,0.4023231256599788,-0.015810955893762524,0.061084905660377276
Eastern Cape,Ward 21503015,EC153,3990,1658,0.4155388471177945,4933,2397,0.4859112102169065,4763,1630,0.3422212891035062,0.07037236309911199,0.23634085213032585
Eastern Cape,Ward 21503016,EC153,3979,2301,0.5782860015079165,3757,2066,0.54990684056428,3876,1936,0.4994840041279669,-0.028379160943636572,-0.05579291279215881
Eastern Cape,Ward 21503017,EC153,3588,1837,0.511984392419175,4084,2088,0.5112634671890304,4685,1979,0.4224119530416222,-0.0007209252301446645,0.1382385730211817
Eastern Cape,Ward 21503018,EC153,3850,2197,0.5706493506493506,4436,2545,0.5737150586113616,5064,2201,0.4346366508688783,0.0030657079620109995,0.15220779220779224
Eastern Cape,Ward 21503019,EC153,3653,1780,0.48727073638105667,4951,2446,0.4940416077560088,4041,1618,0.4003959415986142,0.0067708713749521365,0.3553243909115795
Eastern Cape,Ward 21503020,EC153,4279,2230,0.5211498013554569,4317,2289,0.5302293259207783,4146,1683,0.4059334298118668,0.009079524565321462,0.008880579574666925
Eastern Cape,Ward 21503021,EC153,4609,2260,0.4903449772184856,4390,1811,0.4125284738041002,4473,1823,0.4075564498099709,-0.0778165034143854,-0.04751573009329568
Eastern Cape,Ward 21503022,EC153,3530,1699,0.4813031161473088,3607,1818,0.5040199611865817,4823,2306,0.4781256479369687,0.022716845039272848,0.02181303116147304
Eastern Cape,Ward 21503023,EC153,3399,1901,0.5592821418064137,3717,2005,0.5394135055152004,3804,1900,0.4994742376445846,-0.01986863629121327,0.09355692850838482
Eastern Cape,Ward 21503024,EC153,3802,2268,0.5965281430825881,3793,2133,0.5623517005009228,4359,2693,0.6178022482220693,-0.0341764425816653,-0.002367175170962632
Eastern Cape,Ward 21503025,EC153,3771,2962,0.7854680456112437,3821,2209,0.5781209107563465,4001,2134,0.5333666583354162,-0.2073471348548972,0.013259082471492878
Eastern Cape,Ward 21503026,EC153,3870,2192,0.5664082687338501,4001,2165,0.5411147213196701,4658,2228,0.4783168741949334,-0.025293547414179995,0.03385012919896635
Eastern Cape,Ward 21503027,EC153,3836,2086,0.5437956204379562,3793,1955,0.5154231479040338,3714,1580,0.4254173397953689,-0.028372472533922388,-0.011209593326381606
Eastern Cape,Ward 21503028,EC153,3905,2085,0.5339308578745199,4659,2451,0.5260785576303928,4065,1808,0.4447724477244772,-0.007852300244127086,0.19308578745198468
Eastern Cape,Ward 21503029,EC153,3592,1944,0.5412026726057907,4533,2259,0.4983454665784249,4750,2164,0.455578947368421,-0.04285720602736581,0.26197104677060135
Eastern Cape,Ward 21503030,EC153,4594,2646,0.5759686547670875,4051,2309,0.5699827203159714,4007,2012,0.5021212877464437,-0.0059859344511160595,-0.11819764910753161
Eastern Cape,Ward 21503031,EC153,4468,2274,0.508952551477171,4084,2221,0.5438295788442703,4103,2026,0.4937850353399951,0.0348770273670993,-0.08594449418084149
Eastern Cape,Ward 21504001,EC154,3908,2408,0.6161719549641761,4225,2344,0.554792899408284,4405,2465,0.5595913734392736,-0.06137905555589207,0.08111566018423755
Eastern Cape,Ward 21504002,EC154,3656,2148,0.587527352297593,4566,2649,0.5801576872536137,3907,2186,0.559508574353724,-0.00736966504397929,0.2489059080962801
Eastern Cape,Ward 21504003,EC154,3626,2173,0.5992829564258135,3887,2081,0.5353743246719835,3903,1860,0.4765564950038432,-0.06390863175382999,0.07198014340871484
Eastern Cape,Ward 21504004,EC154,3628,2015,0.5554024255788313,3318,1841,0.5548523206751055,4137,1892,0.4573362339859801,-0.0005501049037258676,-0.08544652701212785
Eastern Cape,Ward 21504005,EC154,3081,1711,0.5553391755923401,3420,1944,0.5684210526315789,3368,1647,0.4890142517814727,0.013081877039238798,0.11002921129503407
Eastern Cape,Ward 21504006,EC154,3419,1746,0.5106756361509214,4158,1966,0.4728234728234728,4028,1588,0.394240317775571,-0.03785216332744856,0.2161450716583797
Eastern Cape,Ward 21504007,EC154,3494,1858,0.5317687464224384,4307,2369,0.550034827025772,4038,2057,0.5094105993065874,0.018266080603333568,0.2326846021751574
Eastern Cape,Ward 21504008,EC154,3007,1817,0.6042567342866645,3596,2225,0.6187430478309233,4194,2318,0.5526943252265141,0.014486313544258778,0.19587628865979378
Eastern Cape,Ward 21504009,EC154,2923,1694,0.579541566883339,3353,1900,0.5666567253206084,3460,1714,0.4953757225433526,-0.01288484156273062,0.14710913445090656
Eastern Cape,Ward 21504010,EC154,3672,2394,0.6519607843137255,3480,2155,0.6192528735632183,3411,2246,0.6584579302257403,-0.03270791075050716,-0.05228758169934644
Eastern Cape,Ward 21504011,EC154,3602,2070,0.5746807329261522,4051,2315,0.5714638360898544,4008,2438,0.6082834331337326,-0.003216896836297778,0.12465297057190439
Eastern Cape,Ward 21504012,EC154,3867,2271,0.5872769588828549,4166,2322,0.557369179068651,3528,1715,0.4861111111111111,-0.029907779814203894,0.07732092061029228
Eastern Cape,Ward 21504013,EC154,2962,1588,0.5361242403781229,3016,1743,0.5779177718832891,4324,2183,0.5048566142460684,0.04179353150516618,0.01823092505064139
Eastern Cape,Ward 21504014,EC154,3177,1844,0.5804217815549261,3441,1824,0.5300784655623365,4060,1857,0.4573891625615763,-0.050343315992589566,0.08309726156751651
Eastern Cape,Ward 21504015,EC154,3090,1619,0.523948220064725,3593,1935,0.5385471750626217,3259,1387,0.4255906719852715,0.014598954997896763,0.1627831715210355
Eastern Cape,Ward 21504016,EC154,2977,1796,0.6032919046019483,3743,2285,0.6104728827144003,3636,2090,0.5748074807480749,0.007180978112451997,0.25730601276452814
Eastern Cape,Ward 21504017,EC154,3598,2150,0.5975541967759866,3667,2108,0.5748568311971639,3601,1874,0.520410996945293,-0.022697365578822737,0.0191773207337409
Eastern Cape,Ward 21504018,EC154,3383,1792,0.5297073603310671,4029,2230,0.5534872176718789,3588,1708,0.4760312151616499,0.023779857340811783,0.19095477386934667
Eastern Cape,Ward 21504019,EC154,3275,1847,0.563969465648855,3572,1981,0.5545912653975364,4010,2239,0.5583541147132169,-0.009378200251318525,0.09068702290076325
Eastern Cape,Ward 21504020,EC154,3674,1925,0.5239520958083832,4279,2374,0.5548025239541949,3383,1702,0.5031037540644399,0.030850428145811737,0.16467065868263475
Eastern Cape,Ward 21505001,EC155,4263,2523,0.5918367346938775,4710,2519,0.5348195329087049,4612,1973,0.4277970511708586,-0.057017201785172666,0.1048557353976074
Eastern Cape,Ward 21505002,EC155,3342,2115,0.6328545780969479,3716,1917,0.5158772874058127,4589,2269,0.4944432338200044,-0.11697729069113516,0.11190903650508677
Eastern Cape,Ward 21505003,EC155,3542,2036,0.5748164878599661,4237,2399,0.5662025017701203,4239,1834,0.4326492097192734,-0.00861398608984576,0.19621682665160933
Eastern Cape,Ward 21505004,EC155,3751,2077,0.5537190082644629,4146,2261,0.5453449107573565,3773,1614,0.4277763053273257,-0.008374097507106382,0.10530525193281792
Eastern Cape,Ward 21505005,EC155,3828,2356,0.6154649947753396,4279,2377,0.5555036223416686,4729,2210,0.4673292450835272,-0.059961372433670945,0.11781609195402298
Eastern Cape,Ward 21505006,EC155,3902,2161,0.553818554587391,4516,2455,0.5436226749335695,4279,2003,0.4681000233699462,-0.010195879653821516,0.15735520246027668
Eastern Cape,Ward 21505007,EC155,3495,1746,0.4995708154506438,4409,1891,0.4288954411431163,3583,1437,0.4010605637733743,-0.07067537430752752,0.261516452074392
Eastern Cape,Ward 21505008,EC155,3658,1679,0.4589939857845817,4501,2291,0.5089980004443457,3892,1740,0.447070914696814,0.05000401465976401,0.23045379989065062
Eastern Cape,Ward 21505009,EC155,3763,1965,0.5221897422269466,4819,2248,0.4664868229923221,4393,2017,0.4591395401775552,-0.055702919234624504,0.28062715918150416
Eastern Cape,Ward 21505010,EC155,4308,2113,0.4904828226555246,4674,2267,0.4850235344458707,4635,1639,0.35361380798274,-0.005459288209653912,0.08495821727019504
Eastern Cape,Ward 21505011,EC155,3369,1518,0.4505788067675868,4733,2403,0.5077118106908938,4499,1674,0.3720826850411202,0.057133003923306946,0.4048679133273969
Eastern Cape,Ward 21505012,EC155,4047,1741,0.4301952063256733,4743,1781,0.3755007379295804,4446,1477,0.3322087269455691,-0.05469446839609293,0.1719792438843588
Eastern Cape,Ward 21505013,EC155,3872,2070,0.5346074380165289,3542,1797,0.5073404856013551,4483,1741,0.3883560115993754,-0.02726695241517374,-0.08522727272727271
Eastern Cape,Ward 21505014,EC155,3881,1966,0.5065704715279568,3664,1958,0.5343886462882096,4118,1779,0.4320058280718795,0.027818174760252834,-0.055913424375161
Eastern Cape,Ward 21505015,EC155,4299,2231,0.518957897185392,4652,2472,0.531384350816853,4410,1677,0.3802721088435374,0.012426453631460999,0.08211211909746452
Eastern Cape,Ward 21505016,EC155,3561,2017,0.5664139286717215,4056,1917,0.4726331360946745,3977,1802,0.453105355795826,-0.09378079257704697,0.139005897219882
Eastern Cape,Ward 21505017,EC155,4312,2103,0.487708719851577,4794,2486,0.5185648727576136,3629,1507,0.4152659134747864,0.03085615290603666,0.11178107606679033
Eastern Cape,Ward 21505018,EC155,3619,2080,0.5747444045316386,3760,2162,0.575,4009,1855,0.4627089049638314,0.00025559546836140257,0.03896103896103886
Eastern Cape,Ward 21505019,EC155,4190,2485,0.5930787589498807,4043,2364,0.5847143210487262,3973,1913,0.481500125849484,-0.008364437901154487,-0.03508353221957039
Eastern Cape,Ward 21505020,EC155,4088,2221,0.5432974559686888,4684,2364,0.5046968403074296,4130,1848,0.447457627118644,-0.038600615661259274,0.14579256360078285
Eastern Cape,Ward 21505021,EC155,3319,1639,0.4938234407954203,3621,1736,0.4794255730461199,4777,2080,0.4354197194892191,-0.014397867749300408,0.09099126242844235
Eastern Cape,Ward 21505022,EC155,4223,2161,0.5117215249822401,3773,1714,0.4542804134640869,3724,1412,0.3791621911922664,-0.05744111151815323,-0.10655931802036467
Eastern Cape,Ward 21505023,EC155,3938,2152,0.5464702894870492,3529,1789,0.5069424766222727,4180,1639,0.3921052631578947,-0.03952781286477658,-0.10385982732351451
Eastern Cape,Ward 21505024,EC155,3293,1699,0.5159429092013361,3877,1862,0.4802682486458602,3795,1725,0.4545454545454545,-0.03567466055547591,0.17734588521105366
Eastern Cape,Ward 21505025,EC155,3764,2200,0.5844845908607864,4591,2427,0.5286429971683729,4085,1728,0.4230110159118727,-0.05584159369241348,0.21971307120085015
Eastern Cape,Ward 21505026,EC155,4395,2256,0.5133105802047782,4416,2084,0.4719202898550724,4836,2172,0.4491315136476427,-0.04139029034970576,0.004778156996587013
Eastern Cape,Ward 21505027,EC155,2969,1924,0.648029639609296,3728,2120,0.5686695278969958,3606,1746,0.4841930116472546,-0.07936011171230029,0.2556416301785114
Eastern Cape,Ward 21505028,EC155,3317,2071,0.6243593608682545,3690,2118,0.5739837398373984,4788,2086,0.435672514619883,-0.05037562103085613,0.11245100994874879
Eastern Cape,Ward 21505029,EC155,4193,2015,0.4805628428332936,4359,1969,0.4517091075934847,4646,1622,0.3491175204476969,-0.028853735239808886,0.03958979251132844
Eastern Cape,Ward 21505030,EC155,4170,2352,0.5640287769784172,4684,2395,0.5113151152860803,4343,1751,0.403177527055031,-0.05271366169233693,0.12326139088729016
Eastern Cape,Ward 21505031,EC155,3968,2321,0.584929435483871,3737,1955,0.5231469092855231,3679,1521,0.4134275618374558,-0.0617825261983479,-0.058215725806451624
Eastern Cape,Ward 21506001,EC156,3387,2000,0.5904930617065249,3873,2137,0.5517686547895688,3887,1742,0.4481605351170568,-0.03872440691695611,0.14348981399468563
Eastern Cape,Ward 21506002,EC156,3169,1410,0.44493531082360366,3322,1563,0.4704996989765201,3133,1043,0.3329077561442706,0.02556438815291645,0.04828021457873155
Eastern Cape,Ward 21506003,EC156,3590,1879,0.5233983286908078,3470,1731,0.4988472622478386,3384,1387,0.4098699763593381,-0.024551066442969227,-0.03342618384401119
Eastern Cape,Ward 21506004,EC156,3521,1766,0.5015620562340244,3426,1469,0.4287799182720374,3292,1294,0.3930741190765492,-0.07278213796198701,-0.02698097131496735
Eastern Cape,Ward 21506005,EC156,3724,1929,0.5179914070891515,4170,2164,0.5189448441247002,3967,1895,0.4776909503403075,0.000953437035548732,0.11976369495166495
Eastern Cape,Ward 21506006,EC156,3526,1633,0.4631310266591038,4055,1642,0.4049321824907521,4077,1577,0.3868040225656119,-0.05819884416835169,0.15002836074872383
Eastern Cape,Ward 21506007,EC156,3873,2146,0.5540924348050607,4265,2328,0.5458382180539273,3691,1664,0.4508263343267407,-0.008254216751133359,0.10121352956364582
Eastern Cape,Ward 21506008,EC156,3382,1939,0.5733293908929628,3599,1849,0.5137538205056961,3485,1501,0.4307030129124821,-0.059575570387266685,0.06416321703134242
Eastern Cape,Ward 21506009,EC156,2993,1756,0.5867023053792182,3949,2073,0.5249430235502659,3943,2019,0.5120466649759067,-0.061759281828952295,0.31941196124290006
Eastern Cape,Ward 21506010,EC156,3209,1932,0.6020567154876909,4102,2134,0.5202340321794247,3246,1409,0.4340727048675292,-0.08182268330826625,0.2782798379557494
Eastern Cape,Ward 21506011,EC156,3387,2213,0.6533805727782699,3636,2106,0.5792079207920792,3357,1216,0.3622281799225499,-0.07417265198619072,0.07351638618246237
Eastern Cape,Ward 21506012,EC156,3989,2291,0.5743294058661319,3474,1753,0.5046056419113414,4117,2102,0.5105659460772407,-0.06972376395479052,-0.1291050388568563
Eastern Cape,Ward 21506013,EC156,4105,2493,0.6073081607795372,4210,2406,0.5714964370546318,4069,1939,0.4765298599164413,-0.035811723724905375,0.025578562728379994
Eastern Cape,Ward 21506014,EC156,3810,2290,0.6010498687664042,4003,2278,0.5690731951036723,3908,2148,0.5496417604912999,-0.031976673662731936,0.05065616797900252
Eastern Cape,Ward 21506015,EC156,3810,1929,0.5062992125984253,3768,1843,0.4891188959660297,3787,1700,0.4489041457618167,-0.017180316632395554,-0.011023622047244053
Eastern Cape,Ward 21506016,EC156,3497,1945,0.5561910208750357,3336,1833,0.5494604316546763,3972,1826,0.459718026183283,-0.006730589220359406,-0.046039462396339714
Eastern Cape,Ward 21506017,EC156,3693,2037,0.5515840779853778,3831,2098,0.5476376925084834,3637,1701,0.4676931536981028,-0.0039463854768944095,0.037367993501218555
Eastern Cape,Ward 21506018,EC156,3601,2050,0.5692863093585115,3272,1703,0.5204767726161369,3070,1419,0.462214983713355,-0.04880953674237465,-0.09136351013607336
Eastern Cape,Ward 21506019,EC156,3100,1763,0.5687096774193549,3715,2094,0.5636608344549126,3196,1610,0.5037546933667084,-0.005048842964442302,0.19838709677419364
Eastern Cape,Ward 21506020,EC156,3229,1837,0.5689067822855374,3260,1696,0.5202453987730061,3179,1488,0.4680717206668763,-0.04866138351253124,0.00960049550944575
Eastern Cape,Ward 21506021,EC156,3036,1771,0.5833333333333334,3704,2069,0.558585313174946,3539,1525,0.4309126871997739,-0.024748020158387396,0.22002635046113306
Eastern Cape,Ward 21506022,EC156,3106,1885,0.6068898905344494,3388,1971,0.5817591499409681,3260,1721,0.5279141104294478,-0.025130740593481304,0.0907920154539601
Eastern Cape,Ward 21506023,EC156,3137,1935,0.6168313675486133,4133,2288,0.5535930316961045,3842,1896,0.493492972410203,-0.06323833585250882,0.3175007969397514
Eastern Cape,Ward 21506024,EC156,3560,2004,0.5629213483146067,3679,1882,0.5115520521880946,3046,1509,0.4954038082731451,-0.05136929612651209,0.03342696629213493
Eastern Cape,Ward 21506025,EC156,3909,2168,0.5546175492453312,3991,2025,0.5073916311701328,3897,2140,0.5491403643828586,-0.04722591807519849,0.02097723202865187
Eastern Cape,Ward 21506026,EC156,3025,1730,0.571900826446281,3336,1706,0.5113908872901679,3183,1393,0.4376374489475337,-0.060509939156113135,0.10280991735537182
Eastern Cape,Ward 21507001,EC157,5141,2311,0.449523439019646,5412,2371,0.43810051736881,5246,1664,0.3171940526115135,-0.011422921650835971,0.052713479867730006
Eastern Cape,Ward 21507002,EC157,5741,2157,0.3757185159379899,5814,2356,0.4052287581699346,5300,1567,0.2956603773584905,0.029510242231944706,0.012715554781397076
Eastern Cape,Ward 21507003,EC157,5837,2453,0.420250128490663,5941,2321,0.3906749705436795,5668,2043,0.3604446012702893,-0.02957515794698351,0.017817371937639104
Eastern Cape,Ward 21507004,EC157,5391,2709,0.5025041736227045,6586,3018,0.4582447616155481,6600,2915,0.4416666666666666,-0.044259412007156385,0.22166573919495458
Eastern Cape,Ward 21507005,EC157,5999,1517,0.2528754792465411,6936,2055,0.296280276816609,5670,837,0.1476190476190476,0.04340479757006793,0.15619269878313058
Eastern Cape,Ward 21507006,EC157,4912,1863,0.37927524429967424,4842,2211,0.4566294919454771,5004,1625,0.324740207833733,0.07735424764580284,-0.014250814332247508
Eastern Cape,Ward 21507007,EC157,4881,1600,0.32780167998360993,4309,1464,0.3397540032490136,4893,2491,0.5090946249744533,0.011952323265403686,-0.11718910059414056
Eastern Cape,Ward 21507008,EC157,5544,1679,0.30284992784992787,4860,1860,0.382716049382716,5863,1844,0.3145147535391437,0.0798661215327881,-0.12337662337662336
Eastern Cape,Ward 21507009,EC157,4573,2036,0.4452219549529849,6161,2407,0.3906833306281448,4871,1462,0.3001437076575652,-0.05453862432484008,0.34725563087688616
Eastern Cape,Ward 21507010,EC157,5183,2563,0.4945012540999421,6169,2992,0.485005673528935,4898,2049,0.4183340138832176,-0.009495580571007134,0.1902373142967393
Eastern Cape,Ward 21507011,EC157,6268,2378,0.3793873643905552,6782,2850,0.4202300206428782,5175,1670,0.3227053140096618,0.04084265625232297,0.08200382897255909
Eastern Cape,Ward 21507012,EC157,4749,1778,0.3743946093914508,6519,2376,0.364473078693051,5295,1322,0.2496694995278564,-0.009921530698399794,0.37271004421983567
Eastern Cape,Ward 21507013,EC157,4887,2177,0.44546756701452833,5234,2537,0.484715322888804,4761,1913,0.4018063432052089,0.03924775587427565,0.07100470636382239
Eastern Cape,Ward 21507014,EC157,4987,2460,0.4932825345899338,5231,2284,0.4366277958325368,5115,1761,0.3442815249266862,-0.056654738757397016,0.048927210747944594
Eastern Cape,Ward 21507015,EC157,5108,2482,0.48590446358653094,4921,2093,0.4253200568990042,4760,2134,0.4483193277310924,-0.06058440668752674,-0.03660924040720437
Eastern Cape,Ward 21507016,EC157,5403,2839,0.5254488247270035,5698,2650,0.4650754650754651,5693,2380,0.4180572633058141,-0.060373359651538394,0.05459929668702568
Eastern Cape,Ward 21507017,EC157,5567,2968,0.5331417280402371,5146,2415,0.4692965410027205,5196,2313,0.4451501154734411,-0.06384518703751657,-0.07562421411891507
Eastern Cape,Ward 21507018,EC157,5861,3114,0.5313086504009554,6626,3350,0.5055840627829762,6131,2711,0.4421790898711466,-0.025724587617979244,0.1305238013990786
Eastern Cape,Ward 21507019,EC157,5483,2607,0.4754696334123655,6456,2874,0.4451672862453532,6203,2545,0.4102853458004191,-0.0303023471670123,0.1774575962064564
Eastern Cape,Ward 21507020,EC157,6089,3157,0.5184759402200689,6190,3065,0.4951534733441033,5944,2561,0.4308546433378196,-0.02332246687596562,0.016587288553128632
Eastern Cape,Ward 21507021,EC157,6104,3335,0.5463630406290957,6182,2898,0.4687803299902944,6463,2862,0.4428284078601269,-0.07758271063880129,0.012778505897771852
Eastern Cape,Ward 21507022,EC157,6300,3465,0.55,5272,2631,0.4990515933232169,4976,2382,0.4786977491961415,-0.05094840667678313,-0.1631746031746032
Eastern Cape,Ward 21507023,EC157,6336,3424,0.5404040404040404,6506,3334,0.5124500461112819,5986,3178,0.5309054460407617,-0.027953994292758577,0.026830808080808177
Eastern Cape,Ward 21507024,EC157,6861,4051,0.5904387115580819,6824,3478,0.5096717467760844,6249,2862,0.4579932789246279,-0.08076696478199752,-0.005392799883398913
Eastern Cape,Ward 21507025,EC157,6423,3568,0.5555036587264518,5990,2575,0.4298831385642738,6227,2348,0.3770676088003854,-0.125620520162178,-0.06741398100576057
Eastern Cape,Ward 21507026,EC157,4859,2545,0.5237703231117514,5437,2787,0.5125988596652565,5906,2724,0.4612258719945817,-0.01117146344649489,0.11895451739040963
Eastern Cape,Ward 21507027,EC157,6081,3366,0.5535273803650715,5773,2699,0.4675212194699463,5691,2392,0.420312774556317,-0.08600616089512525,-0.05064956421641176
Eastern Cape,Ward 21507028,EC157,6057,3148,0.5197292388971438,6278,2971,0.4732398853137942,5924,2437,0.4113774476704929,-0.04648935358334966,0.036486709592207456
Eastern Cape,Ward 21507029,EC157,6382,3653,0.5723910999686619,6612,3087,0.4668784029038113,6920,3115,0.4501445086705202,-0.10551269706485061,0.036038859291757985
Eastern Cape,Ward 21507030,EC157,5165,2130,0.41239109390125844,6574,2778,0.4225737754791603,5613,1510,0.2690183502583289,0.010182681577901864,0.2727976766698934
Eastern Cape,Ward 21507031,EC157,5132,2578,0.5023382696804365,5585,2826,0.5059982094897045,5014,2267,0.4521340247307538,0.0036599398092680424,0.0882696804364771
Eastern Cape,Ward 21507032,EC157,6315,3134,0.4962787015043547,5819,2750,0.4725897920604915,5475,2342,0.4277625570776255,-0.023688909443863204,-0.07854315122723676
Eastern Cape,Ward 21507033,EC157,4866,2304,0.47348951911220716,5368,2688,0.5007451564828614,5451,2350,0.4311135571454779,0.027255637370654284,0.10316481709823266
Eastern Cape,Ward 21507034,EC157,4873,2337,0.47958136671454954,5978,2818,0.4713951154232185,5835,2470,0.4233076263924593,-0.008186251291331048,0.22675969628565573
Eastern Cape,Ward 21507035,EC157,5282,2714,0.513820522529345,6003,2880,0.47976011994003,6216,2250,0.3619691119691119,-0.034060402589314975,0.13650132525558512
Eastern Cape,Ward 24401001,EC441,3598,1667,0.4633129516397999,4492,2220,0.4942119323241318,3493,1577,0.4514743773260807,0.03089898068433189,0.24847137298499167
Eastern Cape,Ward 24401002,EC441,4049,2319,0.5727340083971351,3734,2100,0.5623995715050883,4560,1848,0.4052631578947368,-0.010334436892046717,-0.0777969869103482
Eastern Cape,Ward 24401003,EC441,3765,2279,0.6053120849933599,3716,2394,0.6442411194833154,4122,2355,0.5713245997088792,0.03892903448995555,-0.013014608233731795
Eastern Cape,Ward 24401004,EC441,3515,2083,0.5926031294452347,3886,2292,0.5898095728255275,3740,1994,0.5331550802139038,-0.0027935566197072603,0.10554765291607393
Eastern Cape,Ward 24401005,EC441,3160,1995,0.6313291139240507,3541,1999,0.5645297938435471,3129,1663,0.5314797059763503,-0.0667993200805036,0.12056962025316453
Eastern Cape,Ward 24401006,EC441,2888,1730,0.5990304709141274,3804,2347,0.6169821240799159,3535,1821,0.5151343705799152,0.017951653165788506,0.31717451523545703
Eastern Cape,Ward 24401007,EC441,3815,2154,0.564613368283093,3711,2147,0.5785502559956885,3174,1698,0.5349716446124764,0.013936887712595492,-0.027260812581913485
Eastern Cape,Ward 24401008,EC441,3486,1934,0.5547905909351692,3905,2285,0.5851472471190781,3784,1906,0.5036997885835095,0.030356656183908814,0.12019506597819851
Eastern Cape,Ward 24401009,EC441,3302,2010,0.6087219866747425,4302,2244,0.5216178521617852,3220,1576,0.4894409937888199,-0.08710413451295729,0.3028467595396729
Eastern Cape,Ward 24401010,EC441,3675,2221,0.6043537414965986,3990,2441,0.6117794486215539,4173,2363,0.5662592858854542,0.007425707124955272,0.08571428571428563
Eastern Cape,Ward 24401011,EC441,3943,2498,0.6335277707329444,4032,2350,0.5828373015873016,4070,2175,0.5343980343980343,-0.05069046914564279,0.022571645954856612
Eastern Cape,Ward 24401012,EC441,3846,2379,0.6185647425897036,3813,2307,0.6050354051927616,4423,2312,0.5227221342979878,-0.013529337396942065,-0.00858034321372858
Eastern Cape,Ward 24401013,EC441,3506,2252,0.6423274386765545,3296,2144,0.6504854368932039,3248,1896,0.583743842364532,0.00815799821664942,-0.05989731888191674
Eastern Cape,Ward 24401014,EC441,3008,1818,0.6043882978723404,3352,2072,0.6181384248210023,3190,1539,0.4824451410658307,0.013750126948661956,0.1143617021276595
Eastern Cape,Ward 24401015,EC441,3107,1907,0.6137753459929192,3663,2195,0.5992355992355992,3624,1760,0.4856512141280353,-0.014539746757319949,0.17895075635661417
Eastern Cape,Ward 24401016,EC441,3071,1778,0.57896450667535,4228,2617,0.618968779564806,3284,1737,0.5289281364190013,0.04000427288945596,0.3767502442201238
Eastern Cape,Ward 24401017,EC441,3681,2318,0.6297201847324096,3971,2513,0.6328380760513724,3922,2099,0.5351861295257522,0.0031178913189627844,0.07878293941863634
Eastern Cape,Ward 24401018,EC441,3352,2062,0.6151551312649165,3374,2026,0.6004742145820984,3229,1618,0.5010839269123568,-0.014680916682818124,0.0065632458233890745
Eastern Cape,Ward 24401019,EC441,3491,1476,0.4228014895445431,3498,1651,0.4719839908519154,3447,1395,0.4046997389033943,0.049182501307372284,0.002005156115726159
Eastern Cape,Ward 24401020,EC441,3744,2141,0.5718482905982906,3818,2194,0.5746464117338921,4336,1885,0.4347324723247232,0.0027981211356015168,0.019764957264957195
Eastern Cape,Ward 24401021,EC441,3213,2095,0.6520385932150639,3457,2212,0.6398611512872433,3640,2226,0.6115384615384616,-0.012177441927820554,0.07594148770619369
Eastern Cape,Ward 24401022,EC441,3224,1901,0.5896401985111662,3317,1851,0.5580343684051854,3271,1826,0.5582390706206053,-0.03160583010598084,0.028846153846153744
Eastern Cape,Ward 24401023,EC441,3581,2224,0.6210555710695337,3250,1999,0.6150769230769231,3377,1836,0.5436778205507847,-0.005978647992610608,-0.09243228148561855
Eastern Cape,Ward 24401024,EC441,3187,1965,0.6165673046752431,3268,2027,0.6202570379436965,3281,1838,0.560195062480951,0.0036897332684533435,0.02541575149042985
Eastern Cape,Ward 24401025,EC441,3406,2080,0.6106870229007634,4240,2598,0.6127358490566037,4228,2358,0.5577105014191107,0.0020488261558403442,0.24486200822078685
Eastern Cape,Ward 24401026,EC441,3243,2156,0.6648165279062597,3877,2600,0.670621614650503,3827,2250,0.5879278808466162,0.005805086744243293,0.19549799568300963
Eastern Cape,Ward 24402001,EC442,3217,2231,0.6935032639104756,3939,2443,0.6202081746636202,3943,2177,0.5521176768957646,-0.07329508924685535,0.22443270127447934
Eastern Cape,Ward 24402002,EC442,2646,1519,0.5740740740740741,3874,2196,0.5668559628291172,3559,1874,0.5265524023602135,-0.00721811124495686,0.46409674981103555
Eastern Cape,Ward 24402003,EC442,3535,2144,0.6065063649222066,3232,1816,0.5618811881188119,4128,1883,0.4561531007751938,-0.04462517680339462,-0.08571428571428574
Eastern Cape,Ward 24402004,EC442,3333,2023,0.606960696069607,4058,2497,0.6153277476589453,3664,1894,0.5169213973799127,0.008367051589338259,0.21752175217521752
Eastern Cape,Ward 24402005,EC442,2942,1795,0.6101291638341264,3704,2219,0.5990820734341252,3880,2280,0.5876288659793815,-0.01104709040000118,0.25900747790618617
Eastern Cape,Ward 24402006,EC442,3047,2013,0.6606498194945848,3155,1955,0.6196513470681458,3273,1760,0.5377329666972197,-0.04099847242643895,0.0354446997046276
Eastern Cape,Ward 24402007,EC442,3358,1750,0.521143537820131,4860,2632,0.5415637860082304,3525,1728,0.4902127659574468,0.0204202481880994,0.4472900536033353
Eastern Cape,Ward 24402008,EC442,3086,1804,0.5845755022683085,3513,2135,0.6077426700825506,3554,1749,0.492121553179516,0.023167167814242107,0.1383668178872326
Eastern Cape,Ward 24402009,EC442,3204,1771,0.5527465667915106,3516,1806,0.5136518771331058,3528,1638,0.4642857142857143,-0.03909468965840479,0.09737827715355807
Eastern Cape,Ward 24402010,EC442,3882,2130,0.5486862442040186,3847,1972,0.5126072264101897,3635,1776,0.4885832187070151,-0.03607901779382883,-0.009015971148892299
Eastern Cape,Ward 24402011,EC442,3877,2407,0.6208408563322156,4092,2271,0.5549853372434017,3620,1970,0.5441988950276243,-0.06585551908881393,0.05545524890379161
Eastern Cape,Ward 24402012,EC442,3808,1891,0.4965861344537815,3427,1819,0.5307849430989203,3211,1579,0.4917471192774836,0.0341988086451388,-0.10005252100840334
Eastern Cape,Ward 24402013,EC442,3264,1627,0.49846813725490197,3577,1880,0.5255800950517193,3678,1789,0.4864056552474171,0.027111957796817354,0.0958946078431373
Eastern Cape,Ward 24402014,EC442,3810,2116,0.5553805774278215,3960,2116,0.5343434343434343,3963,1723,0.4347716376482463,-0.0210371430843872,0.03937007874015741
Eastern Cape,Ward 24402015,EC442,3233,1832,0.5666563563253944,3693,2023,0.5477931221229353,3856,1941,0.5033713692946058,-0.018863234202459056,0.1422827095576864
Eastern Cape,Ward 24402016,EC442,3520,1527,0.43380681818181815,4158,2081,0.5004810004810005,4280,1561,0.3647196261682243,0.06667418229918237,0.1812499999999999
Eastern Cape,Ward 24402017,EC442,2942,1366,0.46430999320190347,3776,1933,0.511917372881356,4159,1690,0.4063476797307045,0.0476073796794525,0.28348062542488095
Eastern Cape,Ward 24402018,EC442,3142,1004,0.31954169318905157,4061,1515,0.3730608224575227,4525,1340,0.2961325966850828,0.05351912926847113,0.2924888605983451
Eastern Cape,Ward 24402019,EC442,3693,1927,0.5217979962090441,3641,1788,0.4910738808019775,3812,1655,0.4341552990556138,-0.0307241154070666,-0.014080693203357697
Eastern Cape,Ward 24402020,EC442,3650,1837,0.5032876712328768,4117,2104,0.5110517367014816,4364,1946,0.4459211732355637,0.007764065468604864,0.1279452054794521
Eastern Cape,Ward 24402021,EC442,3585,1857,0.5179916317991632,4253,2179,0.5123442276040442,4105,1839,0.4479902557856273,-0.005647404195118999,0.18633193863319386
Eastern Cape,Ward 24402022,EC442,3395,1834,0.5402061855670103,3501,1965,0.5612682090831191,3328,1528,0.4591346153846153,0.021062023516108863,0.03122238586156101
Eastern Cape,Ward 24402023,EC442,3864,2190,0.5667701863354038,3970,2233,0.5624685138539043,3789,2129,0.5618896806545263,-0.0043016724814994856,0.027432712215320842
Eastern Cape,Ward 24402024,EC442,3886,2449,0.6302110138960371,4095,2327,0.5682539682539682,3945,1988,0.5039290240811153,-0.06195704564206883,0.05378281008749353
Eastern Cape,Ward 24402025,EC442,3675,2044,0.5561904761904762,4065,1825,0.4489544895448955,4209,1637,0.3889284865763839,-0.10723598664558076,0.10612244897959178
Eastern Cape,Ward 24402026,EC442,3526,2114,0.5995462280204198,4033,2627,0.6513761467889908,3974,2158,0.5430296930045294,0.051829918768571015,0.14378899602949513
Eastern Cape,Ward 24402027,EC442,2919,1556,0.5330592668722165,3322,1655,0.4981938591210114,4042,1866,0.4616526472043543,-0.03486540775120511,0.13806097978759846
Eastern Cape,Ward 24403001,EC443,3719,1734,0.4662543694541543,4726,1846,0.3906051629284807,4705,1537,0.326673751328374,-0.07564920652567364,0.2707717128260285
Eastern Cape,Ward 24403002,EC443,3555,1702,0.47876230661040786,3831,2121,0.5536413469068129,3901,1913,0.490387080235837,0.07487904029640502,0.07763713080168766
Eastern Cape,Ward 24403003,EC443,3349,2005,0.5986861749776052,3700,2094,0.5659459459459459,3662,1796,0.4904423812124522,-0.032740229031659296,0.10480740519558074
Eastern Cape,Ward 24403004,EC443,3197,1755,0.5489521426337192,3751,2251,0.6001066382298054,3915,1978,0.5052362707535122,0.0511544955960862,0.17328745699092907
Eastern Cape,Ward 24403005,EC443,3371,2061,0.6113912785523583,3603,2093,0.5809048015542604,3607,1885,0.5225949542556141,-0.030486476998097922,0.06882230792049837
Eastern Cape,Ward 24403006,EC443,4313,2434,0.564340366334338,4813,2515,0.522543112403906,3689,1790,0.4852263486039577,-0.04179725393043199,0.11592858798979822
Eastern Cape,Ward 24403007,EC443,3299,1854,0.5619884813579873,3776,2111,0.5590572033898306,3555,1557,0.4379746835443038,-0.0029312779681567314,0.14458926947559858
Eastern Cape,Ward 24403008,EC443,4066,2410,0.5927201180521396,4676,2537,0.5425577416595381,4677,2444,0.5225571947829806,-0.05016237639260157,0.15002459419576986
Eastern Cape,Ward 24403009,EC443,4875,2886,0.592,4561,2514,0.5511949133961851,4755,2210,0.4647739221871714,-0.04080508660381488,-0.06441025641025644
Eastern Cape,Ward 24403010,EC443,3862,1784,0.4619368203003625,4412,2280,0.5167724388032638,4521,2033,0.4496792744967927,0.05483561850290136,0.14241325737959598
Eastern Cape,Ward 24403011,EC443,3743,1868,0.49906492118621426,4099,2333,0.5691632105391559,4103,1954,0.4762368998293931,0.0700982893529416,0.09511087363077753
Eastern Cape,Ward 24403012,EC443,3262,2027,0.6213979153893316,4214,2643,0.6271950640721404,4243,1921,0.4527456987980203,0.005797148682808784,0.29184549356223166
Eastern Cape,Ward 24403013,EC443,4061,2227,0.5483870967741935,4787,2666,0.5569250052224776,4066,1724,0.4240039350713231,0.00853790844828406,0.1787737010588526
Eastern Cape,Ward 24403014,EC443,3994,2308,0.5778668002003005,4242,2452,0.5780292314945781,4292,2212,0.5153774464119292,0.0001624312942776207,0.062093139709564316
Eastern Cape,Ward 24403015,EC443,4007,2361,0.5892188669827801,4028,2144,0.5322740814299901,4085,2162,0.5292533659730723,-0.056944785552790034,0.00524082855003738
Eastern Cape,Ward 24403016,EC443,3636,2274,0.6254125412541254,4339,2524,0.581700852731044,4320,1978,0.4578703703703703,-0.04371168852308138,0.19334433443344334
Eastern Cape,Ward 24403017,EC443,4350,2391,0.5496551724137931,4970,2682,0.5396378269617707,3767,1721,0.4568622245818954,-0.010017345452022486,0.14252873563218382
Eastern Cape,Ward 24403018,EC443,4076,2375,0.5826790971540726,4468,2545,0.5696060877350044,4407,2104,0.4774222827320172,-0.013073009419068193,0.09617271835132479
Eastern Cape,Ward 24403019,EC443,4462,3354,0.7516808606006276,4837,2662,0.5503411205292537,4426,2015,0.4552643470402169,-0.2013397400713739,0.08404303003137614
Eastern Cape,Ward 24403020,EC443,4085,2223,0.5441860465116279,4235,2328,0.5497048406139315,4103,1762,0.4294418718011211,0.0055187941023036036,0.0367197062423501
Eastern Cape,Ward 24403021,EC443,3520,2176,0.6181818181818182,3979,2259,0.5677305855742649,3817,1891,0.4954152475766308,-0.05045123260755324,0.13039772727272725
Eastern Cape,Ward 24403022,EC443,3998,2348,0.5872936468234117,4727,2748,0.5813412312248784,3969,1828,0.4605694129503653,-0.005952415598533323,0.18234117058529264
Eastern Cape,Ward 24403023,EC443,3781,2254,0.5961385876752182,4730,2863,0.6052854122621565,4608,2085,0.4524739583333333,0.009146824586938274,0.2509918011108172
Eastern Cape,Ward 24403024,EC443,3146,1782,0.5664335664335665,4468,2835,0.6345120859444942,4853,1958,0.4034617762208943,0.06807851951092769,0.4202161474888748
Eastern Cape,Ward 24403025,EC443,4139,2494,0.6025610050736893,4466,2784,0.6233766233766234,4706,2740,0.5822354441138972,0.020815618302934102,0.07900459048079256
Eastern Cape,Ward 24403026,EC443,3257,1917,0.5885784464230888,3777,2143,0.5673815197246492,3939,2105,0.5343995938055344,-0.021196926698439533,0.15965612526865214
Eastern Cape,Ward 24403027,EC443,3380,1805,0.5340236686390533,3777,2245,0.594387079692878,3953,2069,0.5233999494055148,0.0603634110538247,0.11745562130177523
Eastern Cape,Ward 24403028,EC443,3785,2181,0.576221928665786,3868,1974,0.5103412616339194,4110,1921,0.4673965936739659,-0.06588066703186668,0.021928665785997392
Eastern Cape,Ward 24403029,EC443,3511,2117,0.6029621190544004,3476,1833,0.5273302646720368,4077,1767,0.4334069168506254,-0.07563185438236364,-0.009968669894616866
Eastern Cape,Ward 24403030,EC443,3413,1884,0.5520070319367125,4213,2452,0.582008070258723,4389,1649,0.3757120072909546,0.03000103832201051,0.2343978904189863
Eastern Cape,Ward 24403031,EC443,3505,1960,0.5592011412268189,4286,2313,0.5396640223985067,4289,1967,0.4586150617859641,-0.019537118828312106,0.22282453637660482
Eastern Cape,Ward 24404001,EC444,3014,1737,0.5763105507631056,3361,1963,0.5840523653674502,3351,1868,0.5574455386451805,0.007741814604344643,0.11512939615129403
Eastern Cape,Ward 24404002,EC444,3492,1847,0.5289232531500573,3521,1792,0.5089463220675944,3885,1807,0.4651222651222651,-0.0199769310824629,0.008304696449026316
Eastern Cape,Ward 24404003,EC444,3130,1888,0.6031948881789138,3291,1612,0.4898207231844424,3173,1666,0.5250551528521904,-0.11337416499447134,0.05143769968051126
Eastern Cape,Ward 24404004,EC444,3119,1735,0.5562680346264829,3295,1964,0.5960546282245827,4012,1925,0.4798105682951146,0.03978659359809977,0.056428342417441435
Eastern Cape,Ward 24404005,EC444,3060,1637,0.5349673202614379,4247,2476,0.5829997645396751,3611,1825,0.5054001661589588,0.04803244427823716,0.3879084967320261
Eastern Cape,Ward 24404006,EC444,3489,1798,0.5153339065634852,4099,1938,0.472798243474018,3130,1636,0.5226837060702876,-0.04253566308946721,0.17483519633132705
Eastern Cape,Ward 24404007,EC444,3751,2114,0.5635830445214609,4126,2242,0.5433834222006786,3452,1639,0.4747972190034762,-0.020199622320782318,0.09997334044254869
Eastern Cape,Ward 24404008,EC444,3364,1884,0.5600475624256838,4458,2309,0.5179452669358456,3624,1608,0.4437086092715231,-0.042102295489838126,0.32520808561236625
Eastern Cape,Ward 24404009,EC444,3212,1584,0.4931506849315068,4108,2391,0.582035053554041,2690,966,0.3591078066914498,0.08888436862253413,0.27895392278953923
Eastern Cape,Ward 24404010,EC444,2988,1544,0.5167336010709505,3692,1789,0.4845612134344528,3831,1650,0.4306969459671104,-0.03217238763649766,0.23560910307898264
Eastern Cape,Ward 24404011,EC444,3098,1739,0.5613298902517754,3497,1806,0.5164426651415499,3617,1767,0.4885264030964888,-0.04488722511022547,0.1287927695287283
Eastern Cape,Ward 24404012,EC444,3211,1714,0.533790096543133,3451,1878,0.544190089829035,3624,1788,0.4933774834437086,0.01039999328590202,0.0747430706944876
Eastern Cape,Ward 24404013,EC444,3575,2052,0.573986013986014,4162,2168,0.5209034118212398,3843,1693,0.4405412438199323,-0.05308260216477423,0.16419580419580426
Eastern Cape,Ward 24404014,EC444,3689,2045,0.5543507725670913,3259,1976,0.60632095734888,3505,1759,0.5018544935805992,0.05197018478178872,-0.1165627541339116
Eastern Cape,Ward 24404015,EC444,2954,1687,0.5710900473933649,3923,2187,0.5574815192454754,3522,1756,0.498580352072686,-0.013608528147889487,0.32802979011509814
Eastern Cape,Ward 24404016,EC444,3579,1953,0.5456831517183571,3432,1615,0.4705710955710955,3195,1926,0.6028169014084507,-0.07511205614726163,-0.04107292539815588
Eastern Cape,Ward 24404017,EC444,3497,1701,0.4864169287961109,4215,2386,0.566073546856465,3653,1718,0.4702983848891322,0.07965661806035412,0.20531884472404927
Eastern Cape,Ward 29300001,NMA,10125,6192,0.6115555555555555,13237,8732,0.6596660874820579,12638,5505,0.4355910745371103,0.04811053192650239,0.3073580246913581
Eastern Cape,Ward 29300002,NMA,11155,6371,0.5711340206185567,9828,7240,0.7366707366707367,9982,4871,0.4879783610498898,0.16553671605218,-0.11896010757507847
Eastern Cape,Ward 29300003,NMA,10663,7342,0.6885491887836444,11834,8861,0.7487747169173568,11467,6656,0.58044824278364,0.0602255281337124,0.10981900028134661
Eastern Cape,Ward 29300004,NMA,10605,5041,0.47534181989627533,11538,6044,0.5238342867048015,11127,4170,0.3747640873550822,0.04849246680852615,0.08797736916548793
Eastern Cape,Ward 29300005,NMA,8661,5007,0.5781087634222376,10169,5677,0.5582653161569476,9982,3569,0.3575435784411941,-0.01984344726528997,0.1741138436670131
Eastern Cape,Ward 29300006,NMA,9490,7028,0.7405690200210748,11971,9524,0.7955893409071924,9950,5992,0.6022110552763819,0.055020320886117524,0.26143308746048466
Eastern Cape,Ward 29300007,NMA,8831,6037,0.6836145396897294,12920,9636,0.7458204334365325,11121,6550,0.5889758115277403,0.062205893746803076,0.4630279696523609
Eastern Cape,Ward 29300008,NMA,12081,8697,0.7198907375217284,11498,9051,0.787180379196382,12046,6970,0.5786153079860534,0.06728964167465357,-0.04825759456998591
Eastern Cape,Ward 29300009,NMA,10272,7778,0.7572040498442367,10641,8476,0.796541678413683,10647,6410,0.6020475251244481,0.039337628569446226,0.03592289719626174
Eastern Cape,Ward 29300010,NMA,10246,6709,0.6547921139957057,11533,7932,0.6877655423567155,9995,5494,0.5496748374187094,0.032973428361009804,0.12560999414405627
Eastern Cape,Ward 29300011,NMA,9311,5668,0.6087423477607131,9131,5927,0.64910743620633,10659,4903,0.459986865559621,0.040365088445616926,-0.019331972935237918
Eastern Cape,Ward 29300012,NMA,10818,7473,0.6907931225734887,13186,9476,0.7186409828606097,11221,6029,0.5372961411638891,0.02784786028712105,0.2188944352005917
Eastern Cape,Ward 29300013,NMA,9205,6293,0.6836501901140685,9757,6127,0.6279594137542277,9627,4300,0.4466604341954918,-0.055690776359840766,0.059967409016838724
Eastern Cape,Ward 29300014,NMA,8857,5601,0.6323811674381845,10148,5934,0.5847457627118644,9206,3911,0.4248316315446448,-0.04763540472632011,0.1457604154905725
Eastern Cape,Ward 29300015,NMA,8642,5563,0.6437167322379079,8806,5303,0.6022030433795139,8139,3948,0.4850718761518614,-0.041513688858394016,0.018977088636889627
Eastern Cape,Ward 29300016,NMA,7584,4503,0.59375,8130,4819,0.5927429274292743,7449,3300,0.4430124848973016,-0.0010070725707257422,0.071993670886076
Eastern Cape,Ward 29300017,NMA,8083,5025,0.6216751206235309,7618,4231,0.5553951168285639,8599,4382,0.509594138853355,-0.06628000379496701,-0.05752814549053564
Eastern Cape,Ward 29300018,NMA,8914,5489,0.6157729414404308,8505,4911,0.5774250440917108,7825,3163,0.4042172523961661,-0.03834789734872002,-0.04588288086156611
Eastern Cape,Ward 29300019,NMA,8077,4919,0.609013247492881,9432,5409,0.5734732824427481,8344,3248,0.3892617449664429,-0.035539965050132905,0.1677603070446949
Eastern Cape,Ward 29300020,NMA,7984,4796,0.6007014028056112,9195,5151,0.5601957585644372,8134,3158,0.3882468650110646,-0.04050564424117409,0.15167835671342678
Eastern Cape,Ward 29300021,NMA,8008,5073,0.6334915084915085,7885,4714,0.5978440076093849,8845,3709,0.4193329564725834,-0.03564750088212354,-0.015359640359640325
Eastern Cape,Ward 29300022,NMA,8227,5236,0.6364409869940441,8136,4989,0.6132005899705014,7664,3353,0.4375,-0.023240397023542636,-0.011061140148292181
Eastern Cape,Ward 29300023,NMA,8693,5374,0.6181985505579202,8824,5442,0.6167271078875793,8096,3240,0.400197628458498,-0.0014714426703408279,0.015069596226849225
Eastern Cape,Ward 29300024,NMA,8977,5794,0.6454272028517322,6712,4123,0.6142729439809297,8476,3533,0.4168239735724398,-0.031154258870802476,-0.25231146262671267
Eastern Cape,Ward 29300025,NMA,8627,5268,0.6106410107801089,10390,6340,0.6102021174205967,9624,4047,0.4205112219451372,-0.00043889335951219355,0.20435840964414043
Eastern Cape,Ward 29300026,NMA,7794,5219,0.6696176546061072,9478,5757,0.6074066258704368,8410,3284,0.390487514863258,-0.062211028735670415,0.2160636386964332
Eastern Cape,Ward 29300027,NMA,7513,5067,0.67443098629043,9009,5278,0.5858585858585859,7724,3057,0.3957793889176592,-0.08857240043184411,0.19912152269399708
Eastern Cape,Ward 29300028,NMA,10253,6438,0.627913781332293,8328,5069,0.608669548511047,8686,3713,0.42746949113516,-0.019244232821245988,-0.18774992685067782
Eastern Cape,Ward 29300029,NMA,8867,5849,0.6596368557573024,10106,5763,0.5702552938848209,10876,4022,0.3698050753953659,-0.08938156187248147,0.1397315890380062
Eastern Cape,Ward 29300030,NMA,8972,5256,0.5858225590726706,9474,5900,0.6227570192104708,8830,3612,0.4090600226500566,0.03693446013780022,0.05595185020062421
Eastern Cape,Ward 29300031,NMA,9608,6348,0.660699417152373,8485,5350,0.6305244549204478,10869,5183,0.4768607967614316,-0.030174962231925173,-0.11688176519567028
Eastern Cape,Ward 29300032,NMA,10427,7059,0.6769924235158723,12226,8250,0.6747914281040406,11001,5342,0.4855922188891919,-0.0022009954118317188,0.172532847415364
Eastern Cape,Ward 29300033,NMA,9352,6181,0.6609281437125748,9610,5425,0.5645161290322581,10502,4449,0.4236335936012188,-0.09641201468031668,0.0275876817792986
Eastern Cape,Ward 29300034,NMA,10347,6600,0.6378660481298927,11224,7617,0.6786350677120456,10961,5263,0.4801569199890521,0.040769019582152954,0.08475886730453275
Eastern Cape,Ward 29300035,NMA,9245,5837,0.6313683071930773,11657,7889,0.6767607446169683,10905,5029,0.461164603392939,0.045392437423890986,0.26089778258518126
Eastern Cape,Ward 29300036,NMA,8315,4621,0.5557426337943475,9574,5801,0.6059118445790683,8853,3577,0.4040438269513159,0.05016921078472081,0.1514131088394468
Eastern Cape,Ward 29300037,NMA,8278,5424,0.6552307320608842,10763,7005,0.650840843630958,11157,4828,0.4327328134803263,-0.00438988842992627,0.30019328340178797
Eastern Cape,Ward 29300038,NMA,8029,5128,0.6386847677170258,11124,6031,0.5421610931319669,10456,4158,0.3976664116296863,-0.09652367458505884,0.38547764354215963
Eastern Cape,Ward 29300039,NMA,11493,8147,0.7088662664230401,12550,9324,0.7429482071713147,10960,6301,0.5749087591240876,0.03408194074827464,0.09196902462368395
Eastern Cape,Ward 29300040,NMA,9943,6388,0.6424620335914714,12440,8137,0.6540996784565917,12069,6521,0.5403098848289005,0.011637644865120311,0.25113144926078657
Eastern Cape,Ward 29300041,NMA,14005,9190,0.6561942163513032,13166,7385,0.5609144766823637,10599,4999,0.4716482687045947,-0.09527973966893943,-0.05990717600856832
Eastern Cape,Ward 29300042,NMA,8135,5462,0.671419791026429,8328,5295,0.635806916426513,7552,3128,0.4141949152542373,-0.03561287459991602,0.02372464658881368
Eastern Cape,Ward 29300043,NMA,7964,5351,0.6718985434455048,7693,4310,0.5602495775380216,9076,4077,0.4492066989863376,-0.11164896590748319,-0.034028126569563
Eastern Cape,Ward 29300044,NMA,9129,6180,0.6769635228393033,9137,5175,0.5663784612017073,8285,3541,0.4273989136994569,-0.11058506163759596,0.0008763281849053506
Eastern Cape,Ward 29300045,NMA,9627,6125,0.636231432429625,10098,5967,0.5909090909090909,9586,3887,0.4054871687878155,-0.04532234152053405,0.0489248987223434
Eastern Cape,Ward 29300046,NMA,10784,6556,0.6079376854599406,10285,6000,0.583373845405931,9168,3984,0.4345549738219895,-0.02456384005400969,-0.046272255192878364
Eastern Cape,Ward 29300047,NMA,9243,6370,0.6891701828410689,8912,5401,0.6060368043087971,8332,3581,0.4297887662025924,-0.08313337853227176,-0.035810883912149705
Eastern Cape,Ward 29300048,NMA,7988,4730,0.5921382073109664,10793,6616,0.6129899008616696,7847,2955,0.3765770358098636,0.020851693550703154,0.35115172759138713
Eastern Cape,Ward 29300049,NMA,8935,5486,0.6139899272523783,9756,6263,0.6419639196391964,9112,4001,0.4390913081650571,0.02797399238681808,0.09188584219362061
Eastern Cape,Ward 29300050,NMA,11592,7113,0.6136128364389234,8898,5275,0.5928298494043606,9752,3685,0.3778712059064807,-0.020782987034562828,-0.23240165631469978
Eastern Cape,Ward 29300051,NMA,9685,6819,0.7040784718637068,11834,8820,0.7453101233733311,11358,5794,0.5101250220109174,0.04123165150962438,0.22188951987609706
Eastern Cape,Ward 29300052,NMA,10970,8327,0.7590701914311759,10722,7905,0.7372691662003358,11032,6434,0.5832124728063814,-0.021801025230840154,-0.02260711030082041
Eastern Cape,Ward 29300053,NMA,9504,6324,0.6654040404040404,11515,7721,0.670516717325228,10360,4470,0.4314671814671815,0.005112676921187553,0.21159511784511786
Eastern Cape,Ward 29300054,NMA,11377,7459,0.6556209897160938,11492,6891,0.59963452836756,11917,5285,0.4434840983468994,-0.0559864613485338,0.010108112859277485
Eastern Cape,Ward 29300055,NMA,10538,6408,0.6080850256215601,11480,6562,0.571602787456446,8810,3667,0.4162315550510783,-0.03648223816511409,0.08939077623837544
Eastern Cape,Ward 29300056,NMA,11618,7307,0.6289378550525048,7499,4547,0.6063475130017336,8657,3412,0.3941319163682569,-0.02259034205077115,-0.3545360647271475
Eastern Cape,Ward 29300057,NMA,8286,5153,0.6218923485397055,9200,5402,0.5871739130434782,8590,3580,0.4167636786961583,-0.03471843549622733,0.11030654115375338
Eastern Cape,Ward 29300058,NMA,9729,6373,0.6550519066707781,9805,6112,0.6233554309026007,8964,3702,0.4129852744310575,-0.03169647576817736,0.007811696988385242
Eastern Cape,Ward 29300059,NMA,8836,5483,0.6205296514259846,9027,5345,0.5921125512351834,8587,3451,0.401886572726214,-0.028417100190801237,0.02161611588954271
Eastern Cape,Ward 29300060,NMA,10953,6613,0.603761526522414,12505,7845,0.6273490603758497,12564,5589,0.4448424068767908,0.023587533853435705,0.14169633890258382
Free State,Ward 41601001,FS161,2818,1655,0.5872959545777147,2962,1659,0.5600945307224848,2371,1068,0.4504428511176718,-0.027201423855229834,0.05110007097232083
Free State,Ward 41601002,FS161,3101,2082,0.6713963237665269,3420,2011,0.5880116959064328,3006,1558,0.5182967398536261,-0.08338462786009415,0.10287004192196059
Free State,Ward 41601003,FS161,2949,1650,0.5595116988809766,3663,2216,0.6049686049686049,2843,1464,0.5149489975378122,0.04545690608762831,0.24211597151576814
Free State,Ward 41601004,FS161,3027,2113,0.6980508754542452,3282,1980,0.603290676416819,3244,1590,0.4901356350184956,-0.09476019903742616,0.0842418235877107
Free State,Ward 41601005,FS161,2935,1675,0.5706984667802385,3042,1662,0.5463510848126233,2964,1440,0.48582995951417,-0.02434738196761521,0.03645655877342424
Free State,Ward 41601006,FS161,3213,1964,0.6112667289137877,3089,2009,0.6503722887665911,2398,1215,0.5066722268557131,0.039105559852803395,-0.03859321506380331
Free State,Ward 41602001,FS162,3187,2158,0.6771258236586131,3232,1970,0.6095297029702971,2888,1242,0.4300554016620498,-0.067596120688316,0.01411986193912762
Free State,Ward 41602002,FS162,3347,2121,0.6337018225276367,3652,2246,0.6150054764512596,2899,1447,0.4991376336667816,-0.018696346076377157,0.09112638183447874
Free State,Ward 41602003,FS162,3616,2413,0.6673119469026548,3713,2210,0.5952060328575276,3619,1780,0.4918485769549599,-0.07210591404512723,0.026825221238938157
Free State,Ward 41602004,FS162,3127,2114,0.6760473297089863,3227,2069,0.6411527734738147,2529,1280,0.5061289047054172,-0.03489455623517157,0.03197953309881685
Free State,Ward 41602005,FS162,2712,1798,0.6629793510324484,2758,1757,0.6370558375634517,2395,1240,0.5177453027139874,-0.025923513468996684,0.016961651917404064
Free State,Ward 41602006,FS162,2969,2196,0.7396429774334793,3166,2017,0.6370814908401768,2995,1431,0.47779632721202,-0.10256148659330244,0.06635230717413276
Free State,Ward 41602007,FS162,2967,1836,0.6188068756319515,2885,1750,0.6065857885615251,2379,1163,0.4888608659100462,-0.01222108707042635,-0.027637344118638385
Free State,Ward 41602008,FS162,3232,2080,0.6435643564356436,3275,2096,0.64,3179,1583,0.4979553318653664,-0.0035643564356435675,0.013304455445544594
Free State,Ward 41603001,FS163,3443,1948,0.5657856520476329,3572,1777,0.4974804031354983,3281,1361,0.4148125571472112,-0.06830524891213458,0.03746732500726102
Free State,Ward 41603002,FS163,2989,1865,0.62395449983272,3080,1782,0.5785714285714286,1277,641,0.5019577133907596,-0.045383071261291374,0.030444964871194413
Free State,Ward 41603003,FS163,2692,1579,0.586552748885587,2770,1454,0.5249097472924188,2399,988,0.4118382659441434,-0.061643001593168156,0.028974739970282215
Free State,Ward 41603004,FS163,2411,1198,0.4968892575694733,2489,1391,0.5588589795098433,2968,1911,0.6438679245283019,0.06196972194037004,0.03235172127747821
Free State,Ward 41603005,FS163,2949,1635,0.5544252288911495,3044,1648,0.5413929040735874,2382,1162,0.4878253568429891,-0.013032324817562113,0.032214309935571395
Free State,Ward 41603006,FS163,3289,1941,0.5901489814533293,3528,2203,0.6244331065759637,3758,2134,0.5678552421500799,0.03428412512263446,0.07266646397081189
Free State,Ward 41801001,FS181,3384,2090,0.6176122931442081,3345,2086,0.6236173393124066,2959,1440,0.4866508955728286,0.0060050461681985245,-0.011524822695035408
Free State,Ward 41801002,FS181,3047,1838,0.603216278306531,2435,1556,0.6390143737166324,2418,1080,0.4466501240694789,0.03579809541010137,-0.20085329832622256
Free State,Ward 41801003,FS181,3280,1892,0.5768292682926829,3114,1964,0.6307000642260758,2097,987,0.4706723891273247,0.053870795933392945,-0.05060975609756102
Free State,Ward 41801004,FS181,3373,1826,0.5413578416839608,3252,1894,0.5824108241082411,3217,1723,0.5355921666148585,0.04105298242428024,-0.03587310999110582
Free State,Ward 41801005,FS181,3521,1495,0.42459528543027547,3929,1940,0.4937643166200051,3560,1348,0.3786516853932584,0.06916903118972961,0.11587617154217544
Free State,Ward 41801006,FS181,3347,1517,0.45324170899312816,3194,1596,0.4996869129618034,3824,1440,0.3765690376569037,0.04644520396867524,-0.04571257842844334
Free State,Ward 41801007,FS181,2922,1723,0.5896646132785763,2921,1746,0.5977404998288257,2650,1172,0.4422641509433962,0.008075886550249378,-0.0003422313483915085
Free State,Ward 41801008,FS181,3266,1818,0.5566442131047152,3145,1895,0.6025437201907791,2945,1348,0.4577249575551783,0.04589950708606383,-0.03704837721984078
Free State,Ward 41801009,FS181,3017,1642,0.5442492542260524,3126,1771,0.5665387076135636,3053,1409,0.4615132656403538,0.022289453387511204,0.03612860457408029
Free State,Ward 41801010,FS181,2727,1533,0.5621562156215621,2692,1736,0.6448736998514116,2685,1203,0.4480446927374302,0.08271748422984948,-0.012834616795012854
Free State,Ward 41802001,FS182,3184,1771,0.5562185929648241,3518,2423,0.6887436043206367,2420,1568,0.6479338842975206,0.13252501135581263,0.1048994974874371
Free State,Ward 41802002,FS182,3526,2219,0.6293250141803743,4154,2659,0.6401059220028887,1781,1056,0.5929253228523301,0.010780907822514396,0.17810550198525243
Free State,Ward 41802003,FS182,2982,1664,0.5580147551978538,3337,1952,0.5849565477974228,1586,974,0.6141235813366961,0.02694179259956897,0.11904761904761907
Free State,Ward 41802004,FS182,2713,1422,0.5241430151124217,2752,1592,0.5784883720930233,2033,1057,0.5199212985735366,0.05434535698060161,0.0143752303722815
Free State,Ward 41803001,FS183,3093,1784,0.5767862916262528,2718,1431,0.5264900662251656,3358,1417,0.4219773674806432,-0.05029622540108725,-0.12124151309408338
Free State,Ward 41803002,FS183,3315,1816,0.5478129713423832,4090,2480,0.6063569682151589,3270,1389,0.4247706422018348,0.05854399687277578,0.2337858220211162
Free State,Ward 41803003,FS183,3336,2085,0.625,3407,1946,0.5711769885529792,2591,1085,0.4187572365881898,-0.05382301144702084,0.021282973621103096
Free State,Ward 41803004,FS183,3111,1950,0.626808100289296,3548,2372,0.6685456595264938,3142,1649,0.5248249522597072,0.0417375592371978,0.1404693024750885
Free State,Ward 41803005,FS183,2862,1374,0.480083857442348,2735,1437,0.5254113345521024,2298,1076,0.4682332463011314,0.04532747710975443,-0.044374563242487786
Free State,Ward 41803006,FS183,3326,2008,0.6037282020444978,3474,2094,0.6027633851468048,3354,1598,0.4764460345855694,-0.0009648168976930105,0.044497895369813634
Free State,Ward 41803007,FS183,2492,1655,0.6641252006420546,3109,1952,0.627854615632036,2620,1244,0.4748091603053435,-0.03627058501001856,0.2475922953451044
Free State,Ward 41803008,FS183,2662,1726,0.6483846731780616,3152,2071,0.6570431472081218,3557,1741,0.4894574079280292,0.00865847403006026,0.18407212622088664
Free State,Ward 41804001,FS184,5529,2912,0.5266775185386146,6460,3227,0.4995356037151702,6304,2703,0.4287753807106599,-0.027141914823444357,0.16838487972508598
Free State,Ward 41804002,FS184,6335,3614,0.570481452249408,6631,3951,0.5958377318654803,5845,2522,0.4314798973481608,0.02535627961607223,0.04672454617206001
Free State,Ward 41804003,FS184,6034,3464,0.5740802121312563,6275,3714,0.5918725099601594,6923,4011,0.5793731041456016,0.017792297828903125,0.03994033808418962
Free State,Ward 41804004,FS184,5354,3286,0.613746731415764,5573,3308,0.5935761708236138,5469,2814,0.5145364783324191,-0.020170560592150166,0.040903997011580095
Free State,Ward 41804005,FS184,5466,3247,0.5940358580314673,4273,2234,0.5228176924877136,4120,1832,0.4446601941747573,-0.07121816554375371,-0.21825832418587632
Free State,Ward 41804006,FS184,4777,2934,0.6141930081641197,5785,3189,0.5512532411408816,5355,2375,0.4435107376283846,-0.06293976702323811,0.21101109482939084
Free State,Ward 41804007,FS184,5756,3205,0.5568102849200834,5991,3607,0.6020697713236521,5717,2514,0.4397411229665908,0.045259486403568694,0.04082696316886736
Free State,Ward 41804008,FS184,5016,2667,0.5316985645933014,5018,2694,0.5368672777999203,4833,2211,0.45747982619491,0.005168713206618825,0.0003987240829346206
Free State,Ward 41804009,FS184,5718,3061,0.5353270374256733,6617,3751,0.5668732053800816,6046,2780,0.4598081376116441,0.03154616795440823,0.15722280517663512
Free State,Ward 41804010,FS184,5641,3075,0.5451161141641553,5747,3436,0.5978771532973726,5604,2451,0.4373661670235546,0.05276103913321728,0.018790994504520375
Free State,Ward 41804011,FS184,5598,3287,0.5871739907109682,6290,3420,0.5437201907790143,6582,3240,0.4922515952597994,-0.04345379993195386,0.12361557699178283
Free State,Ward 41804012,FS184,6774,3440,0.5078240330676115,4905,2456,0.5007135575942916,4604,1916,0.4161598609904431,-0.007110475473319888,-0.2759078830823738
Free State,Ward 41804013,FS184,5035,2464,0.4893743793445879,4619,2776,0.6009958865555315,5720,2352,0.4111888111888112,0.1116215072109436,-0.08262164846077458
Free State,Ward 41804014,FS184,6167,3385,0.5488892492297713,6388,3260,0.5103318722604884,5745,2561,0.4457789382071366,-0.038557376969282964,0.035835900762120954
Free State,Ward 41804015,FS184,5917,2705,0.4571573432482677,4956,2449,0.4941485068603712,4521,1689,0.3735899137358991,0.03699116361210353,-0.16241338516139936
Free State,Ward 41804016,FS184,6913,3316,0.4796759728048604,5865,3188,0.5435635123614663,6614,2699,0.4080737828847898,0.06388753955660587,-0.15159843772602344
Free State,Ward 41804017,FS184,5939,3876,0.6526351237582084,7466,4056,0.5432627913206536,5705,3230,0.5661700262927257,-0.10937233243755484,0.2571139922545884
Free State,Ward 41804018,FS184,5317,3003,0.5647921760391198,5042,2778,0.5509718365727886,5628,2347,0.4170220326936745,-0.01382033946633121,-0.05172089524167767
Free State,Ward 41804019,FS184,5926,3632,0.6128923388457644,6438,3715,0.5770425598011805,6056,2447,0.4040620871862616,-0.035849779044583974,0.0863989200134998
Free State,Ward 41804020,FS184,5383,2946,0.5472784692550622,5256,2589,0.4925799086757991,4671,1850,0.3960608006850781,-0.05469856057926309,-0.023592792123351303
Free State,Ward 41804021,FS184,5693,3275,0.5752678728262779,6017,3409,0.5665614093402027,5558,2382,0.4285714285714285,-0.008706463486075178,0.056911997189531105
Free State,Ward 41804022,FS184,5638,3181,0.5642071656615821,6154,3208,0.5212869678258043,5300,1946,0.3671698113207547,-0.04292019783577783,0.09152181624689604
Free State,Ward 41804023,FS184,5105,2513,0.4922624877571009,6441,3321,0.5156031672100605,5969,2450,0.4104540123973865,0.02334067945295959,0.26170421155729673
Free State,Ward 41804024,FS184,4552,1710,0.37565905096660807,5475,2370,0.4328767123287671,4561,1272,0.2788862091646569,0.057217661362159056,0.20276801405975386
Free State,Ward 41804025,FS184,5742,3069,0.5344827586206896,7587,4575,0.6030051403716884,7437,3615,0.4860830980233965,0.06852238175099878,0.32131661442006276
Free State,Ward 41804026,FS184,5477,3130,0.5714807376300894,5192,2856,0.5500770416024653,4573,1875,0.4100153072381369,-0.021403696027624153,-0.052035786014241414
Free State,Ward 41804027,FS184,5179,2800,0.5406449121452018,5402,3093,0.5725657164013328,5731,2881,0.5027045890769499,0.031920804256130975,0.04305850550299284
Free State,Ward 41804028,FS184,4291,2410,0.5616406432067117,4197,2309,0.5501548725279962,3837,1539,0.4010946051602814,-0.011485770678715479,-0.021906315544162225
Free State,Ward 41804029,FS184,5051,2626,0.5198970500890913,5189,2758,0.5315089612642128,4474,1817,0.4061242735806884,0.011611911175121503,0.027321322510393875
Free State,Ward 41804030,FS184,5712,2991,0.5236344537815126,4875,2286,0.4689230769230769,4354,1377,0.3162609095084979,-0.054711376858435745,-0.14653361344537819
Free State,Ward 41804031,FS184,5565,2736,0.49164420485175203,5235,2531,0.483476599808978,4675,1827,0.3908021390374331,-0.008167605042774029,-0.05929919137466311
Free State,Ward 41804032,FS184,7012,3979,0.5674557900741586,6694,3815,0.5699133552435016,6067,2849,0.4695895829899456,0.0024575651693430345,-0.04535082715345118
Free State,Ward 41804033,FS184,5391,2891,0.5362641439436098,6002,3461,0.5766411196267911,5665,2753,0.4859664607237423,0.040376975683181326,0.11333704322018168
Free State,Ward 41804034,FS184,6495,3752,0.5776751347190147,6487,3936,0.6067519654694004,6319,3483,0.5511948093052699,0.029076830750385696,-0.0012317167051577593
Free State,Ward 41804035,FS184,5562,2864,0.5149226896799712,5962,3180,0.5333780610533378,6005,2891,0.4814321398834305,0.018455371373366614,0.07191657677094576
Free State,Ward 41804036,FS184,6534,3739,0.5722375267829813,5471,3111,0.5686346188996527,5266,2478,0.4705658944170148,-0.003602907883328621,-0.16268748086929907
Free State,Ward 41805001,FS185,4072,2094,0.5142436149312377,3543,1738,0.4905447360993508,3133,1255,0.4005745292052346,-0.023698878831886927,-0.12991159135559927
Free State,Ward 41805002,FS185,2971,1925,0.6479299899023898,3363,2058,0.6119536128456735,3433,1977,0.5758811535100495,-0.0359763770567163,0.13194210703466847
Free State,Ward 41805003,FS185,3314,1736,0.523838261919131,3316,1866,0.5627261761158022,3036,1495,0.4924242424242424,0.03888791419667126,0.0006035003017501595
Free State,Ward 41805004,FS185,2435,1273,0.5227926078028747,3128,1642,0.5249360613810742,2941,1172,0.398503910234614,0.00214345357819945,0.28459958932238183
Free State,Ward 41805005,FS185,3241,1886,0.5819191607528541,3375,2099,0.6219259259259259,3060,1543,0.5042483660130719,0.04000676517307178,0.041345263807466726
Free State,Ward 41805006,FS185,3879,1984,0.511472028873421,3410,1893,0.5551319648093842,3015,1499,0.4971807628524046,0.04365993593596318,-0.12090745037380768
Free State,Ward 41805007,FS185,1923,1032,0.5366614664586583,2693,1649,0.6123282584478277,2550,1357,0.532156862745098,0.07566679198916937,0.4004160166406656
Free State,Ward 41805008,FS185,2854,1247,0.4369306236860547,2880,1522,0.5284722222222222,2753,1189,0.4318924809298947,0.09154159853616756,0.009110021023125414
Free State,Ward 41805009,FS185,4003,2071,0.5173619785161129,3733,2067,0.5537101526922047,3729,1609,0.4314829713059802,0.03634817417609182,-0.06744941294029483
Free State,Ward 41805010,FS185,3006,1188,0.39520958083832336,2641,1143,0.4327906096175691,2361,740,0.313426514188903,0.03758102877924574,-0.12142381902860944
Free State,Ward 41805011,FS185,4634,2346,0.5062580923608114,3736,1981,0.5302462526766595,3405,1429,0.419676945668135,0.02398816031584805,-0.19378506689684938
Free State,Ward 41805012,FS185,2891,1904,0.6585956416464891,4619,3058,0.6620480623511582,4547,2487,0.5469540356278865,0.0034524207046691124,0.5977170529228641
Free State,Ward 41901001,FS191,3247,1904,0.5863874345549738,3073,1826,0.5942076147087536,3640,1619,0.4447802197802197,0.007820180153779832,-0.05358792731752382
Free State,Ward 41901002,FS191,4072,2186,0.5368369351669942,3878,2173,0.5603403816400206,2683,1166,0.4345881475959746,0.02350344647302649,-0.047642436149312406
Free State,Ward 41901003,FS191,2767,1258,0.4546440187929165,2916,1517,0.5202331961591221,2778,1215,0.4373650107991361,0.06558917736620562,0.05384893386338985
Free State,Ward 41901004,FS191,3783,1890,0.49960348929421095,3351,2008,0.5992241122053118,3205,1859,0.58003120124805,0.09962062291110085,-0.11419508326724825
Free State,Ward 41901005,FS191,2777,1123,0.40439323010442924,3478,1678,0.4824611845888442,3003,1173,0.3906093906093906,0.07806795448441495,0.2524306805905654
Free State,Ward 41901006,FS191,2878,1748,0.6073662265462126,4208,2521,0.5990969581749049,4511,2385,0.5287076036355576,-0.008269268371307703,0.46212647671994445
Free State,Ward 41901007,FS191,3803,1846,0.48540625821719696,2842,1596,0.5615763546798029,2651,1376,0.5190494153149755,0.07617009646260597,-0.25269524059952664
Free State,Ward 41901008,FS191,3685,2117,0.5744911804613297,3754,2060,0.5487480021310602,3344,1693,0.50627990430622,-0.02574317833026951,0.018724559023066467
Free State,Ward 41901009,FS191,3125,1652,0.52864,2592,1599,0.6168981481481481,3214,1582,0.492221530802738,0.08825814814814814,-0.17056000000000004
Free State,Ward 41901010,FS191,1817,1031,0.5674188222344524,4019,1789,0.4451356058721075,3793,1403,0.3698919061428948,-0.1222832163623449,1.2118877270225648
Free State,Ward 41901011,FS191,3233,1766,0.5462418806062481,3109,1722,0.5538758443229335,2784,1285,0.461566091954023,0.007633963716685344,-0.038354469532941526
Free State,Ward 41901012,FS191,3231,1566,0.48467966573816157,3114,1659,0.5327552986512524,2959,1308,0.4420412301453194,0.048075632913090804,-0.03621169916434541
Free State,Ward 41901013,FS191,2520,1442,0.5722222222222222,4197,2201,0.5244222063378604,3908,1596,0.4083930399181167,-0.04780001588436178,0.6654761904761906
Free State,Ward 41901014,FS191,3252,1472,0.45264452644526443,3356,1661,0.4949344457687723,3132,1203,0.3840996168582375,0.042289919323507896,0.03198031980319804
Free State,Ward 41901015,FS191,3440,1892,0.55,4329,2594,0.5992145992145992,3678,1828,0.4970092441544317,0.04921459921459914,0.25843023255813957
Free State,Ward 41901016,FS191,4479,1662,0.3710649698593436,3774,1657,0.4390567037625861,3549,1304,0.3674274443505212,0.06799173390324248,-0.1574012056262558
Free State,Ward 41901017,FS191,2788,1024,0.3672883787661406,3063,1433,0.4678419849820437,2886,966,0.3347193347193347,0.10055360621590309,0.09863701578192252
Free State,Ward 41902001,FS192,3084,1783,0.5781452658884566,3162,1717,0.543010752688172,2981,1273,0.4270379067427038,-0.0351345132002846,0.02529182879377423
Free State,Ward 41902002,FS192,3028,1650,0.5449141347424042,3099,1654,0.5337205550177476,2932,1197,0.4082537517053206,-0.011193579724656622,0.023447820343460934
Free State,Ward 41902003,FS192,3360,2178,0.6482142857142857,4062,2657,0.6541112752338749,4205,2404,0.5717003567181926,0.005896989519589169,0.20892857142857135
Free State,Ward 41902004,FS192,3249,2079,0.6398891966759003,3692,2217,0.6004875406283857,3511,1497,0.4263742523497579,-0.039401656047514555,0.13634964604493693
Free State,Ward 41902005,FS192,3263,1865,0.5715599141893962,2257,1153,0.5108551174124945,2997,1194,0.3983983983983984,-0.06070479677690177,-0.30830524057615694
Free State,Ward 41902006,FS192,2920,1991,0.6818493150684931,4094,2420,0.5911089399120665,3789,1758,0.4639746634996041,-0.09074037515642663,0.40205479452054793
Free State,Ward 41902007,FS192,3432,2101,0.6121794871794872,3534,2089,0.5911148839841539,3536,1622,0.458710407239819,-0.02106460319533332,0.029720279720279796
Free State,Ward 41902008,FS192,3096,1758,0.5678294573643411,3149,1705,0.54144172753255,3696,1625,0.4396645021645021,-0.02638772983179105,0.01711886304909571
Free State,Ward 41902009,FS192,2774,1581,0.5699351117519827,3999,2345,0.5863965991497875,3012,1523,0.5056440903054449,0.01646148739780473,0.4416005767844269
Free State,Ward 41902010,FS192,3112,2172,0.6979434447300771,3497,2493,0.7128967686588504,3565,2379,0.6673211781206171,0.014953323928773354,0.12371465295629824
Free State,Ward 41902011,FS192,3221,1722,0.5346165787022664,3807,2103,0.5524034672970843,3517,1806,0.5135058288313904,0.017786888594817918,0.18193107730518476
Free State,Ward 41902012,FS192,3472,1968,0.5668202764976958,3849,2263,0.5879449207586386,3717,1723,0.4635458703255313,0.021124644260942738,0.10858294930875578
Free State,Ward 41902013,FS192,2609,1410,0.5404369490226141,2905,1696,0.5838209982788296,2874,1377,0.4791231732776618,0.04338404925621553,0.11345343043311606
Free State,Ward 41902014,FS192,3750,1948,0.5194666666666666,3931,2247,0.5716102772831341,3843,1732,0.4506895654436638,0.05214361061646744,0.04826666666666668
Free State,Ward 41902015,FS192,3638,2196,0.6036283672347443,3854,2436,0.6320705760249092,4104,2444,0.5955165692007798,0.028442208790164902,0.05937328202308967
Free State,Ward 41902016,FS192,2857,1486,0.520126006300315,4351,2341,0.5380372328200413,4100,1854,0.4521951219512195,0.01791122651972632,0.5229261463073154
Free State,Ward 41902017,FS192,3628,2124,0.5854465270121278,3874,2088,0.5389778007227671,3781,2073,0.5482676540597725,-0.04646872628936072,0.06780595369349496
Free State,Ward 41902018,FS192,4715,2713,0.5753976670201485,3708,2337,0.6302588996763754,3688,1895,0.5138286334056399,0.05486123265622689,-0.21357370095440087
Free State,Ward 41902019,FS192,3964,2559,0.6455600403632694,4228,2391,0.565515610217597,4243,2087,0.4918689606410558,-0.08004443014567242,0.06659939455095865
Free State,Ward 41902020,FS192,3566,2293,0.6430173864273696,4162,2834,0.6809226333493513,4207,2404,0.5714285714285714,0.03790524692198172,0.16713404374649476
Free State,Ward 41903001,FS193,3011,1665,0.5529724344071737,3573,2103,0.5885810243492863,3422,1548,0.4523670368205728,0.03560858994211258,0.18664895383593483
Free State,Ward 41903002,FS193,3865,2156,0.5578266494178525,3906,1952,0.4997439836149513,3523,1564,0.4439398240136247,-0.05808266580290122,0.010608020698577025
Free State,Ward 41903003,FS193,3503,1709,0.48786754210676564,3630,2076,0.571900826446281,3246,1665,0.5129390018484289,0.0840332843395154,0.036254638880959256
Free State,Ward 41903004,FS193,3034,1437,0.47363216875411995,3192,1495,0.4683583959899749,3219,1759,0.5464429947188568,-0.005273772764145035,0.052076466710613056
Free State,Ward 41903005,FS193,3122,1655,0.5301089045483665,3093,1766,0.5709666989977368,2853,1352,0.4738871363477042,0.04085779444937032,-0.009288917360666282
Free State,Ward 41903006,FS193,3237,1900,0.5869632375656472,3183,1882,0.5912661011624254,3357,1843,0.5490020851951147,0.004302863596778228,-0.016682113067655213
Free State,Ward 41903007,FS193,2803,1507,0.537638244737781,2794,1487,0.5322118826055834,2532,1049,0.4142969984202211,-0.005426362132197604,-0.003210845522654271
Free State,Ward 41903008,FS193,2743,1543,0.5625227852716005,2778,1460,0.5255579553635709,2538,1030,0.4058313632781717,-0.03696482990802963,0.012759752096245025
Free State,Ward 41903009,FS193,3660,2140,0.5846994535519126,4410,2203,0.499546485260771,4001,1590,0.3974006498375406,-0.08515296829114155,0.20491803278688514
Free State,Ward 41904001,FS194,7251,4313,0.5948145083436768,6123,3566,0.5823942511840601,6227,2881,0.462662598361972,-0.012420257159616699,-0.15556474968969802
Free State,Ward 41904002,FS194,4289,2215,0.5164373979948707,5953,2913,0.4893331093566269,5443,2146,0.3942678669851185,-0.027104288638243768,0.38796922359524366
Free State,Ward 41904003,FS194,4263,2352,0.5517241379310345,5531,3245,0.5866931838727174,5636,2715,0.4817246273953158,0.03496904594168293,0.2974431151771053
Free State,Ward 41904004,FS194,5120,3051,0.5958984375,5607,2882,0.514000356696986,5102,2096,0.4108192865542924,-0.08189808080301408,0.09511718750000009
Free State,Ward 41904005,FS194,5891,3637,0.6173824478017315,5916,3186,0.5385395537525355,5354,2658,0.4964512514008218,-0.07884289404919598,0.00424376167034457
Free State,Ward 41904006,FS194,1866,1038,0.5562700964630225,7459,4233,0.5675023461590025,5420,2586,0.4771217712177121,0.011232249695980023,2.997320471596999
Free State,Ward 41904007,FS194,4456,2283,0.5123429084380611,4921,2660,0.5405405405405406,4431,2243,0.5062062739787858,0.028197632102479497,0.10435368043087978
Free State,Ward 41904008,FS194,4265,2138,0.5012895662368112,4294,2074,0.4829995342338146,3947,1848,0.4682036990119078,-0.018290032002996615,0.006799531066822961
Free State,Ward 41904009,FS194,4908,2527,0.5148736756316219,4668,2309,0.4946443873179091,4293,2063,0.4805497321220591,-0.02022928831371279,-0.0488997555012225
Free State,Ward 41904010,FS194,5041,2800,0.5554453481452093,5179,2624,0.5066615176675033,4754,2352,0.494741270509045,-0.04878383047770596,0.027375520730013925
Free State,Ward 41904011,FS194,4915,2455,0.49949135300101727,4952,2315,0.4674878836833602,4572,2034,0.4448818897637795,-0.032003469317657074,0.007527975584944002
Free State,Ward 41904012,FS194,5774,3031,0.5249393834430205,5526,2919,0.5282301845819761,5112,2483,0.4857198748043818,0.0032908011389556346,-0.04295116037409075
Free State,Ward 41904013,FS194,4249,2050,0.4824664626971052,4703,2439,0.5186051456517117,4401,1985,0.4510338559418314,0.03613868295460648,0.10684867027535883
Free State,Ward 41904014,FS194,4058,2135,0.5261212419911286,4737,2553,0.538948701709943,4411,1893,0.4291543867603718,0.012827459718814382,0.16732380482996545
Free State,Ward 41904015,FS194,4898,2395,0.4889750918742344,4780,2371,0.4960251046025105,4408,1936,0.4392014519056261,0.0070500127282761005,-0.02409146590445077
Free State,Ward 41904016,FS194,5275,2615,0.4957345971563981,5341,2736,0.5122636210447482,4961,2222,0.4478935698447893,0.01652902388835009,0.012511848341232312
Free State,Ward 41904017,FS194,5484,2790,0.5087527352297593,5704,2947,0.5166549789621319,5312,2195,0.4132153614457831,0.007902243732372582,0.0401167031363967
Free State,Ward 41904018,FS194,5244,3107,0.5924866514111365,5660,3212,0.5674911660777385,5475,3012,0.5501369863013699,-0.024995485333398015,0.0793287566742944
Free State,Ward 41904019,FS194,4889,2843,0.581509511147474,5156,3077,0.5967804499612103,4901,2678,0.5464190981432361,0.015270938813736312,0.054612395172837
Free State,Ward 41904020,FS194,4401,2469,0.5610088616223585,4624,2365,0.511461937716263,4200,1886,0.449047619047619,-0.0495469239060955,0.05067030220404445
Free State,Ward 41904021,FS194,5143,2575,0.5006805366517597,4766,2405,0.5046160302140159,4290,2933,0.6836829836829836,0.003935493562256198,-0.07330351934668478
Free State,Ward 41904022,FS194,7930,4632,0.5841109709962169,3758,2210,0.5880787653006918,5357,2534,0.4730259473585962,0.003967794304474914,-0.5261034047919294
Free State,Ward 41904023,FS194,4315,2293,0.5314020857473928,5335,3031,0.5681349578256795,4953,2377,0.479911164950535,0.03673287207828668,0.23638470451911942
Free State,Ward 41904024,FS194,6371,3473,0.5451263537906137,5481,2907,0.5303776683087028,5617,2441,0.4345736158091507,-0.014748685481910884,-0.13969549521268243
Free State,Ward 41904025,FS194,4567,2111,0.46222903437705276,4318,2328,0.539138490041686,4761,2113,0.4438143247216971,0.07690945566463325,-0.054521567768776036
Free State,Ward 41904026,FS194,4554,2414,0.5300834431269213,5000,2541,0.5082,4702,2202,0.4683113568694173,-0.021883443126921365,0.09793588054457625
Free State,Ward 41904027,FS194,4382,2302,0.525330899132816,5572,2756,0.4946159368269921,5186,2298,0.4431160817585808,-0.030714962305823934,0.2715654952076678
Free State,Ward 41904028,FS194,5512,2878,0.522133526850508,6017,3337,0.5545953132790428,5552,2356,0.4243515850144092,0.03246178642853481,0.09161828737300426
Free State,Ward 41904029,FS194,6095,2953,0.4844954881050041,5177,2463,0.4757581610971605,5013,1929,0.3847995212447636,-0.008737327007843576,-0.15061525840853163
Free State,Ward 41904030,FS194,4478,2053,0.4584635998213488,4693,2330,0.4964841252929896,5821,2714,0.4662429135887304,0.038020525471640754,0.04801250558284953
Free State,Ward 41904031,FS194,4787,2576,0.5381240860664299,5808,3137,0.5401170798898072,5414,2776,0.5127447358699667,0.0019929938233772537,0.21328598287027356
Free State,Ward 41904032,FS194,5027,2733,0.5436642132484584,6516,3536,0.5426642111724984,5269,2401,0.4556841905484912,-0.0010000020759599604,0.29620051720708185
Free State,Ward 41904033,FS194,5665,2857,0.5043248014121801,5155,2615,0.507274490785645,4613,1839,0.3986559722523303,0.0029496893734649587,-0.09002647837599298
Free State,Ward 41904034,FS194,5989,2245,0.3748538988144932,5770,2750,0.4766031195840554,6082,2443,0.401677079907925,0.10174922076956217,-0.0365670395725497
Free State,Ward 41904035,FS194,5227,2395,0.45819781901664436,5643,2689,0.4765195817827397,4993,2176,0.435810134187863,0.018321762766095318,0.07958676104840245
Free State,Ward 41905001,FS195,1304,942,0.7223926380368099,3051,1972,0.6463454605047525,2845,1551,0.5451669595782074,-0.07604717753205736,1.3397239263803682
Free State,Ward 41905002,FS195,3253,1967,0.6046726098985552,3681,2164,0.5878837272480304,3406,1494,0.4386376981796829,-0.016788882650524806,0.1315708576698431
Free State,Ward 41905003,FS195,3445,1917,0.5564586357039187,3795,2150,0.5665349143610013,2461,1120,0.4550995530272247,0.010076278657082605,0.10159651669085634
Free State,Ward 41905004,FS195,3215,1809,0.5626749611197511,3290,1816,0.5519756838905775,4071,1676,0.4116924588553181,-0.010699277229173632,0.023328149300155587
Free State,Ward 41905005,FS195,2621,1442,0.5501716901945822,3092,1813,0.5863518758085382,2666,1174,0.4403600900225056,0.03618018561395597,0.17970240366272416
Free State,Ward 41905006,FS195,2806,1598,0.5694939415538133,3014,1657,0.5497677504976775,2820,1213,0.4301418439716312,-0.019726191056135822,0.07412687099073412
Free State,Ward 41905007,FS195,3310,1966,0.5939577039274925,3521,2031,0.5768247656915649,3194,1387,0.4342517219787101,-0.01713293823592754,0.06374622356495463
Free State,Ward 41905008,FS195,4625,2915,0.6302702702702703,2388,1647,0.6896984924623115,2587,1409,0.544646308465404,0.05942822219204125,-0.4836756756756757
Free State,Ward 41906001,FS196,2816,1574,0.5589488636363636,3785,2175,0.5746367239101717,3614,1683,0.4656889872717211,0.015687860273808085,0.34410511363636354
Free State,Ward 41906002,FS196,2648,1887,0.7126132930513596,2907,1741,0.5988992088063295,3199,1686,0.5270396999062207,-0.11371408424503004,0.0978096676737159
Free State,Ward 41906003,FS196,3198,1476,0.46153846153846156,2762,1209,0.4377262853005069,2521,924,0.3665212217374058,-0.023812176237954674,-0.13633520950594125
Free State,Ward 41906004,FS196,3176,1909,0.6010705289672544,3491,1916,0.5488398739616156,3420,1488,0.4350877192982456,-0.05223065500563884,0.09918136020151125
Free State,Ward 41906005,FS196,2532,1327,0.5240916271721959,2611,1319,0.5051704327843738,2530,1021,0.4035573122529644,-0.018921194387822138,0.03120063191153233
Free State,Ward 41906006,FS196,3150,1481,0.47015873015873016,3236,1378,0.4258343634116193,2998,1145,0.3819212808539026,-0.04432436674711088,0.027301587301587382
Free State,Ward 41906007,FS196,3826,1784,0.46628332462101413,4183,2302,0.5503227348792733,3937,1849,0.4696469392938786,0.08403941025825917,0.09330893883951918
Free State,Ward 41906008,FS196,3193,1735,0.54337613529596,2728,1729,0.6337976539589443,2745,1479,0.5387978142076503,0.09042151866298431,-0.1456310679611651
Free State,Ward 41906009,FS196,2618,1417,0.5412528647822765,2673,1551,0.5802469135802469,2648,1266,0.4780966767371601,0.038994048797970415,0.021008403361344463
Free State,Ward 42001001,FS201,3887,2018,0.5191664522768201,4029,2117,0.5254405559692231,3088,1364,0.4417098445595855,0.006274103692402999,0.03653202984306669
Free State,Ward 42001002,FS201,3094,1525,0.4928894634776988,2929,1377,0.4701263229771253,3485,1659,0.4760401721664275,-0.022763140500573487,-0.053329023917259244
Free State,Ward 42001003,FS201,3552,2205,0.620777027027027,3710,2221,0.5986522911051213,3632,1829,0.503579295154185,-0.02212473592190567,0.044481981981981944
Free State,Ward 42001004,FS201,3253,1878,0.5773132493083307,3356,1778,0.5297973778307509,3222,1334,0.4140285536933581,-0.04751587147757985,0.0316630802336304
Free State,Ward 42001005,FS201,3583,1780,0.49679039910689365,3824,2005,0.5243200836820083,3663,1681,0.4589134589134589,0.027529684575114677,0.06726207089031533
Free State,Ward 42001006,FS201,2843,1176,0.41364755539922615,4123,1999,0.484841135095804,3759,1453,0.3865389731311519,0.07119357969657786,0.45022863172704897
Free State,Ward 42001007,FS201,2933,1484,0.5059665871121718,3622,1813,0.5005521811154059,4006,1549,0.3866699950074888,-0.005414405996765903,0.23491305830207976
Free State,Ward 42001008,FS201,3688,1814,0.49186550976138826,2890,1472,0.5093425605536333,2810,1225,0.4359430604982206,0.017477050792244986,-0.21637744034707163
Free State,Ward 42001009,FS201,3507,1898,0.5412033076703735,3006,1497,0.498003992015968,2934,1274,0.4342194955691888,-0.04319931565440549,-0.1428571428571429
Free State,Ward 42001010,FS201,2986,1759,0.5890823844608172,4095,2448,0.5978021978021978,3854,1224,0.3175921120913337,0.008719813341380611,0.3713998660415272
Free State,Ward 42001011,FS201,2657,1380,0.5193827625141136,4183,1986,0.4747788668419794,3049,1042,0.3417513938996392,-0.04460389567213424,0.5743319533308242
Free State,Ward 42001012,FS201,3194,1759,0.5507201001878522,3024,1616,0.5343915343915344,3098,1350,0.4357650096836669,-0.016328565796317807,-0.05322479649342515
Free State,Ward 42001013,FS201,3905,2369,0.6066581306017925,3103,1826,0.588462777956816,3471,1709,0.4923653125900317,-0.018195352644976515,-0.20537772087067863
Free State,Ward 42001014,FS201,2857,1434,0.5019250962548127,2901,1575,0.5429162357807652,2697,1137,0.421579532814238,0.04099113952595246,0.015400770038501932
Free State,Ward 42001015,FS201,3014,1608,0.5335102853351028,2971,1529,0.5146415348367553,2908,1154,0.3968363136176066,-0.018868750498347464,-0.014266755142667509
Free State,Ward 42001016,FS201,3267,1961,0.6002448729721457,3016,1360,0.4509283819628647,3032,1422,0.4689973614775725,-0.14931649100928096,-0.07682889501071322
Free State,Ward 42001017,FS201,4296,2877,0.6696927374301676,4085,2708,0.6629130966952265,3905,2344,0.6002560819462228,-0.006779640734941084,-0.04911545623836122
Free State,Ward 42001018,FS201,2190,1386,0.6328767123287671,3821,2013,0.5268254383669196,4248,1802,0.4241996233521657,-0.10605127396184744,0.7447488584474886
Free State,Ward 42001019,FS201,3460,2016,0.5826589595375723,3862,1963,0.5082858622475401,3549,1344,0.378698224852071,-0.07437309729003216,0.11618497109826587
Free State,Ward 42001020,FS201,3742,2053,0.548637092463923,2675,1321,0.4938317757009345,4063,1475,0.3630322421855771,-0.0548053167629885,-0.28514163548904325
Free State,Ward 42001021,FS201,3377,1920,0.568551969203435,3843,1881,0.4894613583138173,4016,1513,0.3767430278884462,-0.07909061088961766,0.13799230085875047
Free State,Ward 42001022,FS201,3227,1679,0.5202974899287264,3486,1495,0.4288582903040734,3889,1220,0.3137053227050655,-0.09143919962465297,0.08026030368763548
Free State,Ward 42003001,FS203,2840,1433,0.5045774647887324,3415,2051,0.6005856515373352,3325,1441,0.4333834586466165,0.09600818674860279,0.20246478873239426
Free State,Ward 42003002,FS203,2975,1862,0.6258823529411764,3467,2226,0.6420536486876262,3183,1781,0.5595350298460572,0.01617129574644971,0.16537815126050415
Free State,Ward 42003003,FS203,3314,1977,0.5965600482800242,2611,1282,0.4909996170049789,2252,858,0.3809946714031971,-0.10556043127504527,-0.21213035606517805
Free State,Ward 42003004,FS203,3041,1456,0.4787898717527129,3022,1617,0.5350761085373924,2811,1338,0.4759871931696905,0.05628623678467948,-0.006247944755014778
Free State,Ward 42003005,FS203,2892,1384,0.4785615491009682,4204,2322,0.5523311132254995,4017,1463,0.36420214090117,0.07376956412453134,0.45366528354080216
Free State,Ward 42003006,FS203,2084,1126,0.5403071017274472,4023,2182,0.5423813074819787,3566,1343,0.3766124509254066,0.002074205754531433,0.9304222648752398
Free State,Ward 42003007,FS203,3514,1890,0.5378486055776892,4728,2692,0.5693739424703892,3888,1651,0.4246399176954732,0.031525336892699984,0.34547524188958456
Free State,Ward 42003008,FS203,3778,2236,0.5918475383800953,2654,1483,0.5587792012057272,2650,1413,0.5332075471698113,-0.03306833717436808,-0.29751191106405506
Free State,Ward 42003009,FS203,3235,1870,0.5780525502318392,3561,2110,0.5925301881493963,3600,1635,0.4541666666666666,0.014477637917557074,0.10077279752704782
Free State,Ward 42003010,FS203,3429,2165,0.6313794109069699,4102,2498,0.6089712335446124,4221,2125,0.5034352049277422,-0.022408177362357562,0.19626713327500722
Free State,Ward 42003011,FS203,2889,1803,0.6240913811007269,3308,1888,0.5707376058041113,3105,1477,0.4756843800322061,-0.05335377529661567,0.14503288335064046
Free State,Ward 42003012,FS203,3361,2121,0.631062183873847,4670,3206,0.686509635974304,3674,2149,0.5849210669569951,0.055447452100456984,0.3894674204105921
Free State,Ward 42003013,FS203,3803,2504,0.6584275571916908,3106,1886,0.6072118480360592,2814,1225,0.4353233830845771,-0.05121570915563156,-0.18327636076781484
Free State,Ward 42003014,FS203,3015,1997,0.6623548922056385,3491,2114,0.6055571469492982,3468,1741,0.5020184544405998,-0.05679774525634029,0.15787728026533987
Free State,Ward 42003015,FS203,3373,1686,0.4998517640083012,5905,3613,0.6118543607112616,3314,1277,0.3853349426674713,0.11200259670296042,0.7506670619626445
Free State,Ward 42003016,FS203,2874,1582,0.5504523312456506,3615,2014,0.5571230982019364,3305,1496,0.4526475037821482,0.0066707669562857674,0.25782881002087676
Free State,Ward 42003017,FS203,3605,2196,0.6091539528432732,4382,2691,0.6141031492469192,3881,1964,0.5060551404277248,0.0049491964036459946,0.21553398058252426
Free State,Ward 42003018,FS203,4022,2595,0.6452013923421184,3613,1969,0.5449764738444506,3590,1310,0.3649025069637883,-0.10022491849766779,-0.1016907011437096
Free State,Ward 42004001,FS204,4043,2141,0.5295572594607965,4553,2562,0.5627059081924006,3982,1697,0.4261677548970367,0.03314864873160417,0.12614395251051191
Free State,Ward 42004002,FS204,3023,1533,0.5071121402580219,4196,2264,0.5395614871306006,3786,1534,0.4051769677760169,0.03244934687257872,0.3880251405888191
Free State,Ward 42004003,FS204,3640,2119,0.5821428571428572,3634,2181,0.6001651073197578,3479,1614,0.4639264156366772,0.018022250176900623,-0.0016483516483516425
Free State,Ward 42004004,FS204,3099,1832,0.5911584382058729,3177,1740,0.5476864966949953,3620,1842,0.5088397790055249,-0.04347194151087763,0.02516940948693125
Free State,Ward 42004005,FS204,3085,1959,0.6350081037277148,3393,2266,0.6678455643972885,3358,1771,0.5273972602739726,0.032837460669573715,0.09983792544570513
Free State,Ward 42004006,FS204,3098,1445,0.46642995480955457,3323,1666,0.501354198013843,3161,1365,0.4318253717178108,0.034924243204288385,0.07262750161394438
Free State,Ward 42004007,FS204,2714,1466,0.5401621223286662,3260,1948,0.5975460122699386,3572,1387,0.3882978723404255,0.057383889941272415,0.2011790714812085
Free State,Ward 42004008,FS204,3667,1769,0.4824106899372784,3809,2071,0.5437122604358099,3860,1643,0.4256476683937824,0.061301570498531466,0.03872375238614678
Free State,Ward 42004009,FS204,2762,1206,0.4366401158580739,3057,1616,0.5286228328426562,3885,1564,0.4025740025740025,0.09198271698458232,0.10680666183924692
Free State,Ward 42004010,FS204,3000,1565,0.5216666666666666,3369,2049,0.6081923419412288,3634,1629,0.4482663731425426,0.08652567527456223,0.123
Free State,Ward 42004011,FS204,3504,1915,0.5465182648401826,3370,1924,0.570919881305638,3072,1371,0.4462890625,0.024401616465455356,-0.03824200913242004
Free State,Ward 42004012,FS204,3043,1472,0.48373315806769634,3023,1521,0.5031425736023818,3024,1208,0.3994708994708995,0.019409415534685448,-0.006572461386789352
Free State,Ward 42004013,FS204,4092,1950,0.47653958944281527,4773,2059,0.4313848732453383,4087,1480,0.3621238071935405,-0.04515471619747696,0.1664222873900294
Free State,Ward 42004014,FS204,4789,3311,0.6913760701607852,3856,2945,0.7637448132780082,3236,1994,0.6161928306551298,0.07236874311722308,-0.19482146585926086
Free State,Ward 42004015,FS204,4043,2334,0.5772940885481078,4071,2402,0.5900270203881111,3928,1837,0.4676680244399185,0.012732931840003237,0.006925550333910513
Free State,Ward 42004016,FS204,3730,2561,0.6865951742627345,4182,3067,0.7333811573409852,3564,2133,0.5984848484848485,0.04678598307825066,0.1211796246648793
Free State,Ward 42004017,FS204,4020,2213,0.550497512437811,4477,2481,0.5541657359839178,3687,1132,0.3070246813127203,0.0036682235461068524,0.1136815920398011
Free State,Ward 42004018,FS204,1892,1165,0.6157505285412262,3982,2591,0.6506780512305375,2932,1269,0.4328103683492497,0.03492752268931121,1.1046511627906979
Free State,Ward 42004019,FS204,4889,2400,0.4908979341378605,4391,1880,0.4281484855386017,2764,1265,0.45767004341534,-0.0627494485992588,-0.10186132133360604
Free State,Ward 42004020,FS204,3013,1626,0.5396614669764355,4918,2960,0.601870679137861,4080,2162,0.5299019607843137,0.0622092121614255,0.6322602057749751
Free State,Ward 42004021,FS204,2922,1419,0.4856262833675565,2861,1520,0.5312827682628452,2718,1203,0.4426048565121412,0.045656484895288674,-0.02087611225188224
Free State,Ward 42005001,FS205,2755,1773,0.643557168784029,3005,1875,0.6239600665557404,2821,1283,0.4548032612548741,-0.019597102228288588,0.09074410163339386
Free State,Ward 42005002,FS205,3654,2155,0.5897646414887794,3846,2108,0.5481019240769631,2795,1132,0.4050089445438282,-0.041662717411816264,0.05254515599343179
Free State,Ward 42005003,FS205,2804,1630,0.5813124108416547,3073,1866,0.6072242108688578,2930,1414,0.4825938566552901,0.025911800027203058,0.09593437945791727
Free State,Ward 42005004,FS205,2750,1744,0.6341818181818182,3231,1785,0.552460538532962,3376,1681,0.4979265402843602,-0.08172127964885623,0.1749090909090909
Free State,Ward 42005005,FS205,3899,2346,0.6016927417286484,3710,2178,0.5870619946091644,3467,1938,0.5589847130083646,-0.014630747119483978,-0.04847396768402157
Free State,Ward 42005006,FS205,3109,1663,0.5348986812479897,3060,1680,0.5490196078431373,3718,1521,0.4090909090909091,0.014120926595147631,-0.01576069475715669
Free State,Ward 42005007,FS205,3322,1865,0.561408789885611,4218,1214,0.2878141299193931,4016,1511,0.3762450199203187,-0.27359465996621796,0.2697170379289584
Free State,Ward 42005008,FS205,3454,2142,0.6201505500868558,3685,2047,0.5554952510176391,3525,1540,0.4368794326241135,-0.06465529906921674,0.06687898089171984
Free State,Ward 42005009,FS205,3051,1736,0.5689937725335955,3054,1625,0.5320890635232483,2862,1328,0.4640111809923131,-0.03690470901034726,0.000983284169124854
Free State,Ward 49400001,MAN,6566,3454,0.5260432531221444,7009,4098,0.5846768440576402,6950,3145,0.4525179856115108,0.058633590935495805,0.0674687785561987
Free State,Ward 49400002,MAN,7496,3850,0.513607257203842,8504,4863,0.5718485418626529,7707,2549,0.3307382898663553,0.058241284658810843,0.13447171824973325
Free State,Ward 49400003,MAN,6931,3687,0.5319578704371664,7091,4054,0.571710619094627,8158,3494,0.4282912478548664,0.03975274865746059,0.0230846919636416
Free State,Ward 49400004,MAN,6594,3510,0.532302092811647,6960,3867,0.555603448275862,8949,3441,0.3845122360040228,0.02330135546421508,0.05550500454959062
Free State,Ward 49400005,MAN,7072,4137,0.5849830316742082,7540,4482,0.5944297082228117,7618,3229,0.4238645313730638,0.009446676548603539,0.06617647058823528
Free State,Ward 49400006,MAN,6665,3737,0.5606901725431358,8201,4650,0.5670040238995244,7672,4031,0.5254171011470281,0.006313851356388622,0.2304576144036008
Free State,Ward 49400007,MAN,7984,4316,0.5405811623246493,7117,3612,0.507517212308557,7110,2689,0.3781997187060478,-0.0330639500160923,-0.10859218436873752
Free State,Ward 49400008,MAN,8098,3744,0.46233637935292665,9313,4708,0.5055299044346613,7029,2189,0.3114241001564945,0.04319352508173463,0.15003704618424307
Free State,Ward 49400009,MAN,8331,4009,0.48121474012723564,7968,4287,0.5380271084337349,7536,2899,0.3846868365180467,0.05681236830649927,-0.04357220021606045
Free State,Ward 49400010,MAN,7924,4393,0.5543917213528521,11688,7116,0.608829568788501,7911,3045,0.384907091391733,0.054437847435648945,0.47501261988894505
Free State,Ward 49400011,MAN,7109,4215,0.5929103952735969,9668,4747,0.4910012412081092,9171,3699,0.4033366045142296,-0.10190915406548773,0.3599662399774932
Free State,Ward 49400012,MAN,7807,3754,0.48085051876521073,8635,4936,0.571627099015634,8979,3342,0.3722018042098229,0.09077658025042329,0.10605866530037145
Free State,Ward 49400013,MAN,6266,3659,0.583945100542611,7220,4245,0.5879501385041551,6548,2625,0.4008857666463042,0.004005037961544167,0.15225023938716875
Free State,Ward 49400014,MAN,8285,4758,0.5742908871454435,9548,5477,0.5736279849183075,6972,2865,0.4109294320137693,-0.000662902227136053,0.15244417622208806
Free State,Ward 49400015,MAN,7337,3777,0.514788060515197,7725,4242,0.549126213592233,7234,2722,0.3762786839922588,0.03433815307703603,0.05288264958429867
Free State,Ward 49400016,MAN,7464,4465,0.5982047159699893,8108,4908,0.6053280710409472,9132,5036,0.5514673674989049,0.00712335507095796,0.0862808145766345
Free State,Ward 49400017,MAN,7705,3626,0.47060350421804026,8657,4515,0.5215432597897655,8619,3319,0.3850794755772131,0.0509397555717252,0.12355613238157037
Free State,Ward 49400018,MAN,10139,5853,0.5772758654699675,9027,5283,0.5852442671984048,9632,4790,0.4973006644518272,0.00796840172843738,-0.10967551040536538
Free State,Ward 49400019,MAN,7985,3125,0.3913587977457733,9832,4491,0.456773799837266,9535,2948,0.3091767173571054,0.0654150020914927,0.23130870381966195
Free State,Ward 49400020,MAN,9278,5324,0.5738305669325285,10212,6077,0.5950842146494321,9338,5360,0.5739987149282502,0.021253647716903523,0.10066824746712655
Free State,Ward 49400021,MAN,6125,3871,0.632,9238,5076,0.5494695821606408,8976,4014,0.4471925133689839,-0.08253041783935922,0.5082448979591836
Free State,Ward 49400022,MAN,8774,5373,0.6123774789149761,9396,6779,0.7214772243507875,8802,5276,0.5994092251760963,0.10909974543581147,0.07089126966036008
Free State,Ward 49400023,MAN,7892,4471,0.5665230613279271,9248,4748,0.5134083044982699,8846,3047,0.3444494686864119,-0.05311475682965716,0.17181956411556
Free State,Ward 49400024,MAN,7531,5289,0.7022971716903466,9199,6448,0.7009457549733666,9079,5523,0.6083269082498073,-0.001351416716979914,0.22148453060682516
Free State,Ward 49400025,MAN,8492,5999,0.7064295807819124,9350,6818,0.7291978609625669,9365,6173,0.6591564335290977,0.022768280180654465,0.10103626943005173
Free State,Ward 49400026,MAN,7910,4860,0.6144121365360303,8723,5836,0.6690358821506363,8148,4769,0.5852970054000982,0.05462374561460592,0.10278128950695331
Free State,Ward 49400027,MAN,7174,3887,0.5418176749372735,8250,4670,0.566060606060606,8305,3153,0.3796508127633955,0.024242931123332534,0.14998606077502097
Free State,Ward 49400028,MAN,8421,4771,0.5665597909986937,8038,4567,0.5681761632246828,7997,3480,0.4351631861948231,0.0016163722259890934,-0.04548153425958912
Free State,Ward 49400029,MAN,7313,3721,0.5088199097497607,8681,4900,0.5644511001036747,8206,3208,0.3909334633195223,0.05563119035391406,0.1870641323670177
Free State,Ward 49400030,MAN,7108,3760,0.5289814293753518,7649,4207,0.5500065368021964,7378,2840,0.3849281648143128,0.021025107426844603,0.0761114237478897
Free State,Ward 49400031,MAN,6995,3685,0.5268048606147248,6885,3886,0.5644153957879449,6858,2609,0.3804316127150773,0.037610535173220105,-0.01572551822730517
Free State,Ward 49400032,MAN,6889,3756,0.5452170126288286,6887,3957,0.5745607666618266,6507,2911,0.4473643768249577,0.02934375403299805,-0.00029031789809841335
Free State,Ward 49400033,MAN,7148,3714,0.5195858981533296,7084,3637,0.5134105025409373,6942,2682,0.3863439930855661,-0.0061753956123922205,-0.008953553441522155
Free State,Ward 49400034,MAN,8372,4661,0.5567367415193503,7069,4289,0.6067336256896307,7791,3348,0.4297266076241817,0.049996884170280476,-0.15563784042044915
Free State,Ward 49400035,MAN,8649,4538,0.5246849346745288,7716,4476,0.5800933125972006,6635,2931,0.441748304446119,0.055408377922671836,-0.10787374262920568
Free State,Ward 49400036,MAN,7095,3991,0.5625088090204369,7502,4401,0.5866435617168755,7036,2877,0.4088971006253553,0.02413475269643861,0.05736434108527133
Free State,Ward 49400037,MAN,7161,3920,0.5474095796676441,7734,4494,0.5810705973622964,7982,3267,0.4092959158105738,0.03366101769465224,0.08001675743611236
Free State,Ward 49400038,MAN,6288,3544,0.5636132315521628,7535,4371,0.580092899800929,6874,2755,0.4007855688100087,0.016479668248766233,0.19831424936386766
Free State,Ward 49400039,MAN,6514,3391,0.5205710776788456,10216,5485,0.5369028974158183,9087,3429,0.3773522614724331,0.01633181973697273,0.5683143997543751
Free State,Ward 49400040,MAN,6724,3298,0.4904818560380726,8702,4464,0.5129855205699839,8281,3159,0.3814756671899529,0.022503664531911327,0.2941701368233194
Free State,Ward 49400041,MAN,7253,3639,0.5017234247897422,8418,4589,0.5451413637443573,7883,2960,0.375491564125333,0.0434179389546151,0.16062319040397077
Free State,Ward 49400042,MAN,6468,3502,0.54143475572047,6400,3605,0.56328125,7251,2666,0.3676734243552613,0.021846494279530004,-0.010513296227581903
Free State,Ward 49400043,MAN,7821,4324,0.5528704769211098,6854,3799,0.5542748759848264,8425,3793,0.4502077151335311,0.0014043990637165882,-0.12364147807185777
Free State,Ward 49400044,MAN,8975,5738,0.6393314763231198,10441,6759,0.6473517862273729,9398,5217,0.5551181102362205,0.008020309904253065,0.16334261838440112
Free State,Ward 49400045,MAN,10378,4527,0.4362112160339179,8013,4369,0.5452389866466991,7726,2823,0.3653895935801191,0.10902777061278124,-0.22788591250722678
Free State,Ward 49400046,MAN,6963,2816,0.40442338072669826,10531,6020,0.5716456177001235,8471,3262,0.3850785031283201,0.1672222369734252,0.5124228062616689
Free State,Ward 49400047,MAN,7389,3949,0.5344430910813371,10498,6126,0.5835397218517813,8611,4202,0.4879804900708396,0.04909663077044413,0.4207605900663147
Free State,Ward 49400048,MAN,9195,5970,0.6492659053833605,10067,6703,0.665838879507301,8898,4954,0.5567543268150146,0.016572974123940543,0.09483414899401854
Free State,Ward 49400049,MAN,6639,3336,0.5024853140533213,10014,5435,0.542740163770721,7862,2955,0.3758585601628084,0.04025484971739968,0.508359692724808
Gauteng,Ward 79700001,EKU,15549,9233,0.5938002443887067,16935,12072,0.7128432240921169,13516,9141,0.6763095590411364,0.11904297970341016,0.08913756511672766
Gauteng,Ward 79700002,EKU,14277,6188,0.4334243888772151,14109,6485,0.4596356935289531,12616,4120,0.3265694356372859,0.026211304651737988,-0.011767177978566967
Gauteng,Ward 79700003,EKU,13170,5350,0.4062262718299165,14856,5955,0.4008481421647819,16364,4888,0.2987044732339281,-0.005378129665134623,0.12801822323462408
Gauteng,Ward 79700004,EKU,13298,4531,0.3407279290118815,11875,6056,0.5099789473684211,14647,5319,0.3631460367310712,0.1692510183565396,-0.10700857271770192
Gauteng,Ward 79700005,EKU,12211,6186,0.5065924166734911,12413,6003,0.4836058970434222,15419,5443,0.3530060315195538,-0.02298651963006887,0.0165424617148473
Gauteng,Ward 79700006,EKU,13816,6799,0.49211059640995947,11995,5890,0.4910379324718633,12520,4395,0.351038338658147,-0.0010726639380961855,-0.13180370584829182
Gauteng,Ward 79700007,EKU,12742,5789,0.4543242819023701,12336,6345,0.5143482490272373,13731,4903,0.3570752312286068,0.060023967124867184,-0.03186312980693773
Gauteng,Ward 79700008,EKU,14401,7731,0.5368377196028054,15122,7635,0.5048935326015077,14999,5349,0.3566237749183278,-0.03194418700129764,0.05006596764113613
Gauteng,Ward 79700009,EKU,12555,5723,0.4558343289526085,11767,5194,0.4414039262343843,12748,4310,0.3380922497646689,-0.014430402718224211,-0.06276383910792516
Gauteng,Ward 79700010,EKU,11824,5621,0.4753890392422192,12049,6104,0.5065980579301187,11577,4352,0.3759177679882525,0.031209018687899492,0.01902909336941816
Gauteng,Ward 79700011,EKU,14711,6950,0.47243559241384,14807,7334,0.4953062740595664,13856,4774,0.3445438799076212,0.02287068164572642,0.006525729046291895
Gauteng,Ward 79700012,EKU,13797,6457,0.4680002899180981,15485,7088,0.457733290280917,14479,4914,0.3393880792872435,-0.010266999637181085,0.12234543741393056
Gauteng,Ward 79700013,EKU,12552,7014,0.5587954110898662,13594,7261,0.5341327056054141,13864,5333,0.384665320253895,-0.02466270548445204,0.08301465901848304
Gauteng,Ward 79700014,EKU,14009,7239,0.5167392390606039,14728,7748,0.5260727865290603,13430,4753,0.3539091586001489,0.009333547468456382,0.05132414876151037
Gauteng,Ward 79700015,EKU,15882,10613,0.668240775720942,16287,11111,0.682200528028489,15778,7901,0.5007605526682722,0.01395975230754698,0.025500566679259595
Gauteng,Ward 79700016,EKU,15651,9711,0.6204715353651524,14302,9151,0.63984058173682,16144,7415,0.4593037661050545,0.019369046371667586,-0.08619257555427773
Gauteng,Ward 79700017,EKU,13390,7240,0.5407020164301718,15327,9966,0.6502250929731845,15730,7050,0.4481881754609027,0.10952307654301274,0.14466019417475717
Gauteng,Ward 79700018,EKU,14514,9361,0.6449634835331404,15948,10901,0.6835339854527214,15750,8534,0.5418412698412698,0.038570501919581,0.09880115750310048
Gauteng,Ward 79700019,EKU,15389,10129,0.658197413737085,14075,9782,0.6949911190053286,13988,7938,0.5674864169287961,0.03679370526824366,-0.08538566508545065
Gauteng,Ward 79700020,EKU,15190,9751,0.6419354838709678,15884,11071,0.6969906824477462,15609,9002,0.5767185598052406,0.05505519857677843,0.04568795260039504
Gauteng,Ward 79700021,EKU,15660,8561,0.5466794380587484,14205,5613,0.3951425554382259,13730,3541,0.2579024034959942,-0.1515368826205225,-0.09291187739463602
Gauteng,Ward 79700022,EKU,13110,8342,0.6363081617086194,15172,10506,0.692459794358028,15189,7873,0.5183356376324972,0.05615163264940859,0.15728451563691848
Gauteng,Ward 79700023,EKU,14905,9819,0.6587722240858772,14105,10121,0.7175469691598724,15182,7946,0.5233829534975629,0.05877474507399516,-0.053673264005367316
Gauteng,Ward 79700024,EKU,16262,9957,0.6122863116467839,14815,9831,0.663584205197435,16323,8351,0.5116093855296208,0.051297893550651064,-0.08898044520969128
Gauteng,Ward 79700025,EKU,12709,6295,0.49531827838539616,14998,9846,0.6564875316708895,15640,8083,0.5168158567774936,0.1611692532854933,0.18010858446769995
Gauteng,Ward 79700026,EKU,14747,7253,0.49182884654506004,15223,7677,0.5043026998620509,14696,4949,0.3367583015786609,0.012473853316990857,0.03227775140706579
Gauteng,Ward 79700027,EKU,14114,9358,0.6630296159841292,16207,11734,0.7240081446288641,15888,9182,0.577920443101712,0.06097852864473485,0.1482924755561854
Gauteng,Ward 79700028,EKU,13475,8585,0.6371057513914656,12531,8727,0.6964328465405794,12235,6878,0.5621577441765427,0.05932709514911372,-0.07005565862708718
Gauteng,Ward 79700029,EKU,11555,5966,0.5163132842925141,12822,6539,0.5099828419903292,12562,4779,0.3804330520617736,-0.006330442302184935,0.10964950237992221
Gauteng,Ward 79700030,EKU,13006,6149,0.4727817930186068,12307,6665,0.5415617128463476,14247,5568,0.3908191198146978,0.06877991982774079,-0.05374442564970017
Gauteng,Ward 79700031,EKU,15658,9653,0.6164899731766509,16096,10302,0.6400347912524851,13431,6797,0.5060680515225969,0.023544818075834195,0.02797292119044581
Gauteng,Ward 79700032,EKU,12093,7704,0.6370627635822377,13829,9356,0.6765492804975053,13993,7645,0.5463446008718645,0.03948651691526761,0.14355412221946584
Gauteng,Ward 79700033,EKU,16365,8228,0.5027803238619004,14598,8694,0.5955610357583231,14282,6706,0.4695420809410446,0.09278071189642267,-0.10797433547204405
Gauteng,Ward 79700034,EKU,14458,7818,0.5407386913819339,12172,7807,0.641390075583306,11606,6304,0.5431673272445287,0.1006513842013721,-0.15811315534652093
Gauteng,Ward 79700035,EKU,12581,6414,0.509816389794134,15030,6505,0.4328010645375915,15223,4637,0.3046048742035078,-0.07701532525654253,0.1946586121929894
Gauteng,Ward 79700036,EKU,11918,6546,0.5492532304077865,15484,10180,0.6574528545595454,13410,6833,0.5095451155853841,0.10819962415175888,0.29921127705990935
Gauteng,Ward 79700037,EKU,15672,10150,0.6476518631955079,15972,11169,0.6992862509391435,15706,8978,0.5716286769387495,0.0516343877436356,0.019142419601837712
Gauteng,Ward 79700038,EKU,16223,11446,0.7055415151328361,15886,11876,0.7475764824373662,16065,9765,0.6078431372549019,0.042034967304530046,-0.0207729766381064
Gauteng,Ward 79700039,EKU,14899,9154,0.6144036512517619,15490,10332,0.6670109748224661,17073,8677,0.5082293680079658,0.05260732357070419,0.03966709175112415
Gauteng,Ward 79700040,EKU,15760,8327,0.5283629441624366,12698,6833,0.5381162387777603,12230,4698,0.3841373671300082,0.009753294615323704,-0.19428934010152288
Gauteng,Ward 79700041,EKU,14420,7971,0.5527739251040222,15635,7780,0.4976015350175887,15439,5435,0.3520305719282336,-0.05517239008643354,0.08425797503467414
Gauteng,Ward 79700042,EKU,14652,8285,0.5654518154518154,16437,9676,0.5886718987649815,16992,7118,0.4189030131826742,0.02322008331316605,0.1218263718263719
Gauteng,Ward 79700043,EKU,12309,7317,0.5944430904216427,16852,11867,0.7041894137194399,17082,8974,0.5253483198688678,0.10974632329779721,0.36907953529937454
Gauteng,Ward 79700044,EKU,13560,7498,0.5529498525073746,15671,8931,0.5699061961585093,14775,5814,0.393502538071066,0.016956343651134742,0.1556784660766961
Gauteng,Ward 79700045,EKU,14951,7215,0.4825764162932245,14801,8149,0.5505709073711236,14704,5535,0.3764281828073993,0.06799449107789907,-0.01003277372750988
Gauteng,Ward 79700046,EKU,14976,8487,0.5667067307692307,13618,7504,0.5510353943310324,12859,4763,0.3704020530367836,-0.01567133643819829,-0.09067841880341876
Gauteng,Ward 79700047,EKU,15062,8220,0.5457442570707741,14476,8316,0.574468085106383,14000,5457,0.3897857142857143,0.02872382803560891,-0.038905855796043
Gauteng,Ward 79700048,EKU,12565,7180,0.5714285714285714,12020,6951,0.5782861896838603,11151,5004,0.4487489911218725,0.006857618255288855,-0.043374452845204914
Gauteng,Ward 79700049,EKU,13545,7619,0.5624953857511997,14695,8526,0.5801973460360667,13589,5972,0.4394731032452719,0.017701960284866924,0.08490217792543375
Gauteng,Ward 79700050,EKU,14514,8090,0.5573928620642139,13086,7248,0.5538743695552499,12461,5163,0.4143327180804109,-0.0035184925089639663,-0.0983877635386523
Gauteng,Ward 79700051,EKU,12942,6644,0.5133673311698347,13728,6979,0.5083770396270396,13739,5191,0.3778295363563578,-0.004990291542795067,0.06073249884098275
Gauteng,Ward 79700052,EKU,15495,7752,0.5002904162633107,14662,6991,0.4768108034374573,13781,4242,0.3078151077570568,-0.023479612825853424,-0.053759277186189114
Gauteng,Ward 79700053,EKU,13884,8195,0.5902477672140594,14801,8587,0.5801635024660496,17677,8341,0.4718560841771794,-0.01008426474800972,0.06604724863151823
Gauteng,Ward 79700054,EKU,14840,8280,0.5579514824797843,14224,7886,0.5544150731158605,13139,5476,0.4167744881650049,-0.0035364093639238536,-0.04150943396226414
Gauteng,Ward 79700055,EKU,14891,8207,0.5511382714391243,13594,7793,0.5732676180667942,12689,5755,0.4535424383324139,0.022129346627669855,-0.0870995903565912
Gauteng,Ward 79700056,EKU,14167,8000,0.5646925954683419,13605,7802,0.5734656376332231,12802,5514,0.4307139509451648,0.008773042164881173,-0.03966965483165097
Gauteng,Ward 79700057,EKU,15471,8474,0.5477344709456402,14047,8327,0.5927956147220047,13576,6671,0.4913818503241013,0.0450611437763645,-0.09204317755801172
Gauteng,Ward 79700058,EKU,14964,7795,0.5209168671478215,12909,7357,0.5699124641722829,13049,5040,0.3862364932178711,0.048995597024461435,-0.13732959101844422
Gauteng,Ward 79700059,EKU,16252,9066,0.5578390351956682,12227,6430,0.5258853357323955,12240,4441,0.3628267973856209,-0.031953699463272756,-0.2476618262367709
Gauteng,Ward 79700060,EKU,13419,8156,0.6077949176540726,12664,7694,0.6075489576753,11848,4422,0.3732275489534098,-0.0002459599787725253,-0.0562635069677323
Gauteng,Ward 79700061,EKU,13497,7612,0.5639771801140995,15452,9025,0.5840667874708776,16709,6765,0.4048716260697828,0.020089607356778116,0.14484700303771203
Gauteng,Ward 79700062,EKU,10618,6651,0.6263891504991523,12299,7261,0.590373201073258,11825,5301,0.4482875264270613,-0.03601594942589437,0.1583160670559427
Gauteng,Ward 79700063,EKU,12802,7917,0.6184189970317138,12325,6657,0.5401217038539554,14647,5694,0.3887485491909606,-0.07829729317775835,-0.03725980315575694
Gauteng,Ward 79700064,EKU,14325,8760,0.6115183246073298,15444,8575,0.5552318052318053,14794,6050,0.4089495741516831,-0.056286519375524535,0.07811518324607336
Gauteng,Ward 79700065,EKU,16223,10350,0.6379831103988165,13894,7862,0.5658557650784511,13134,4827,0.3675194152581087,-0.07212734532036535,-0.14356161005979162
Gauteng,Ward 79700066,EKU,16114,9835,0.610338835794961,12130,7242,0.5970321516900248,11595,4619,0.3983613626563174,-0.013306684104936184,-0.24723842621323078
Gauteng,Ward 79700067,EKU,14953,9070,0.606567244031298,14260,8207,0.5755259467040673,13501,5201,0.3852307236500999,-0.03104129732723071,-0.046345215007022045
Gauteng,Ward 79700068,EKU,14011,8269,0.5901791449575333,13542,7171,0.5295377344557672,14072,5558,0.394968732234224,-0.06064141050176608,-0.03347369923631427
Gauteng,Ward 79700069,EKU,12655,6633,0.5241406558672461,15244,8229,0.539818945158751,13081,5154,0.3940065744209158,0.015678289291504832,0.20458316870802062
Gauteng,Ward 79700070,EKU,14314,7646,0.5341623585301104,13629,7595,0.5572675911658963,14690,5866,0.3993192648059904,0.0231052326357859,-0.04785524661170881
Gauteng,Ward 79700071,EKU,15615,9403,0.6021773935318604,13931,7190,0.5161151388988586,13855,6279,0.4531937928545651,-0.08606225463300177,-0.10784502081332048
Gauteng,Ward 79700072,EKU,13844,7367,0.5321438890494077,13677,7831,0.5725670834247276,13453,6388,0.4748383260239351,0.04042319437531994,-0.012062987575845119
Gauteng,Ward 79700073,EKU,12496,6599,0.5280889884763125,16439,9997,0.6081270150252448,16237,7066,0.4351789123606577,0.08003802654893233,0.3155409731113956
Gauteng,Ward 79700074,EKU,13857,8635,0.6231507541314859,15327,8482,0.55340249233379,12216,5294,0.433366077275704,-0.06974826179769589,0.1060835678718337
Gauteng,Ward 79700075,EKU,14544,8411,0.5783140814081408,15834,9856,0.6224580017683466,15882,7966,0.5015741090542752,0.04414392036020587,0.08869636963696359
Gauteng,Ward 79700076,EKU,13317,8331,0.6255913494030187,14394,9581,0.6656245657913019,16581,8637,0.5208974127012846,0.040033216388283166,0.08087407073665243
Gauteng,Ward 79700077,EKU,14970,8524,0.5694054776219105,12263,7265,0.5924325205903939,12117,5501,0.4539902616159115,0.023027042968483347,-0.18082832331329324
Gauteng,Ward 79700078,EKU,13234,7006,0.529393985189663,12235,6607,0.540008173273396,11053,4632,0.41907174522754,0.010614188083733045,-0.07548738098836327
Gauteng,Ward 79700079,EKU,15578,8447,0.5422390550776737,13425,6542,0.4872998137802607,12816,5015,0.3913077403245942,-0.054939241297412955,-0.13820772884837595
Gauteng,Ward 79700080,EKU,14008,7696,0.5494003426613364,11586,6157,0.5314172276885897,10875,4509,0.4146206896551724,-0.01798311497274674,-0.1729011993146773
Gauteng,Ward 79700081,EKU,14810,7927,0.5352464550979068,15293,7779,0.5086640946838423,15190,6055,0.3986175115207373,-0.026582360414064476,0.03261309925725864
Gauteng,Ward 79700082,EKU,12806,7257,0.5666874902389505,13122,8081,0.6158360006096631,16312,7047,0.4320132417851888,0.04914851037071266,0.024675933156332874
Gauteng,Ward 79700083,EKU,13320,7807,0.5861111111111111,15171,8532,0.562388768044295,14410,6222,0.4317834836918806,-0.023722343066816087,0.13896396396396393
Gauteng,Ward 79700084,EKU,16147,9659,0.5981916145414009,13284,6984,0.5257452574525745,13053,4312,0.3303455144411246,-0.07244635708882641,-0.17730847835511243
Gauteng,Ward 79700085,EKU,14280,8158,0.5712885154061624,11813,6654,0.5632777448573605,13950,5299,0.3798566308243727,-0.008010770548801949,-0.17275910364145664
Gauteng,Ward 79700086,EKU,15698,8548,0.544527965345904,12892,7808,0.6056469128141483,12463,5114,0.4103345903875471,0.06111894746824431,-0.17874888520830678
Gauteng,Ward 79700087,EKU,12528,6571,0.5245051085568327,13018,7840,0.6022430480872638,10230,3901,0.3813294232649071,0.07773793953043107,0.03911238825031926
Gauteng,Ward 79700088,EKU,14817,8962,0.6048457852466761,16063,10214,0.6358712569258544,14241,7696,0.5404114879573063,0.03102547167917835,0.08409259634203958
Gauteng,Ward 79700089,EKU,13619,6141,0.4509141640355386,13099,6650,0.5076723414001069,14473,5372,0.3711739100393836,0.056758177364568285,-0.03818195168514571
Gauteng,Ward 79700090,EKU,12087,5197,0.4299660792587077,14284,6324,0.442733127975357,14141,4256,0.3009688140866982,0.012767048716649299,0.18176553321750633
Gauteng,Ward 79700091,EKU,13213,7918,0.5992583062135776,13452,9094,0.676033303597978,13474,7109,0.5276087279204393,0.07677499738440041,0.01808824642397644
Gauteng,Ward 79700092,EKU,14230,8830,0.6205200281096276,15440,10336,0.6694300518134715,15317,8298,0.5417509956257753,0.0489100237038439,0.0850316233309909
Gauteng,Ward 79700093,EKU,12768,4932,0.38627819548872183,14427,5992,0.4153323629306162,14190,4087,0.2880197322057787,0.029054167441894374,0.1299342105263157
Gauteng,Ward 79700094,EKU,12477,8147,0.652961449066282,13839,9985,0.7215116699183467,14442,7604,0.5265198725938236,0.06855022085206475,0.10916085597499392
Gauteng,Ward 79700095,EKU,15827,8691,0.549124913123144,16046,8814,0.5492957746478874,14434,5213,0.3611611472911182,0.0001708615247433265,0.013837113792885658
Gauteng,Ward 79700096,EKU,13575,7934,0.5844567219152854,13749,7378,0.5366208451523747,16270,6044,0.3714812538414259,-0.04783587676291068,0.012817679558011053
Gauteng,Ward 79700097,EKU,15983,8931,0.5587812050303448,15035,9318,0.6197539075490522,15400,8018,0.5206493506493507,0.060972702518707456,-0.059313020083839096
Gauteng,Ward 79700098,EKU,12663,7170,0.5662165363657901,12069,6969,0.5774297787720607,13549,5586,0.412281349177061,0.01121324240627064,-0.046908315565031944
Gauteng,Ward 79700099,EKU,13067,7346,0.5621795362363206,15675,8597,0.5484529505582137,16266,5847,0.3594614533382516,-0.013726585678106806,0.19958674523609088
Gauteng,Ward 79700100,EKU,14358,7908,0.5507730881738404,14328,5763,0.4022194304857621,13245,3326,0.2511136277840695,-0.14855365768807832,-0.0020894274968658033
Gauteng,Ward 79700101,EKU,14167,7983,0.5634926237029717,13146,7339,0.5582686748820934,6655,3033,0.455747558226897,-0.005223948820878288,-0.07206889249664716
Gauteng,Ward 74201001,GT421,7935,7306,0.9207309388783869,8568,6196,0.723155929038282,8370,5136,0.6136200716845878,-0.1975750098401049,0.07977315689981102
Gauteng,Ward 74201002,GT421,8173,4397,0.5379909457971369,8679,4908,0.5655029381265123,8250,3678,0.4458181818181818,0.0275119923293754,0.06191117092866749
Gauteng,Ward 74201003,GT421,8121,4598,0.566186430242581,8562,4563,0.5329362298528382,8244,3807,0.4617903930131004,-0.0332502003897428,0.05430365718507568
Gauteng,Ward 74201004,GT421,7395,3855,0.5212981744421906,9397,4980,0.5299563690539534,9899,4251,0.429437316900697,0.00865819461176276,0.2707234617985126
Gauteng,Ward 74201005,GT421,10548,6999,0.6635381114903299,8468,6243,0.7372461029759093,8394,5696,0.6785799380509888,0.07370799148557938,-0.19719378081152827
Gauteng,Ward 74201006,GT421,7468,3441,0.460765934654526,8829,4230,0.4791029561671763,9075,3794,0.4180716253443526,0.01833702151265032,0.1822442420996251
Gauteng,Ward 74201007,GT421,8491,4549,0.5357437286538688,9012,4876,0.5410563692853972,8798,3888,0.4419186178676972,0.005312640631528476,0.06135908609115526
Gauteng,Ward 74201008,GT421,7301,3869,0.5299274072044925,7544,3924,0.5201484623541888,7735,3265,0.4221073044602456,-0.009778944850303728,0.03328311190247901
Gauteng,Ward 74201009,GT421,8796,4912,0.5584356525693497,8762,5491,0.6266834056151563,8525,4486,0.526217008797654,0.06824775304580666,-0.0038653933606184188
Gauteng,Ward 74201010,GT421,7069,3974,0.5621728674494271,9006,4774,0.5300910504108373,9669,4201,0.4344813320922536,-0.03208181703858981,0.2740132974961098
Gauteng,Ward 74201011,GT421,7431,4240,0.5705826941192302,8624,4568,0.5296846011131725,8596,3558,0.4139134481154025,-0.040898093006057734,0.1605436684160948
Gauteng,Ward 74201012,GT421,7300,3832,0.5249315068493151,6904,3481,0.5042004634994206,6476,2578,0.3980852378011118,-0.020731043349894507,-0.0542465753424658
Gauteng,Ward 74201013,GT421,7471,4117,0.551064114576362,7162,3826,0.5342083216978497,6613,2778,0.4200816573415998,-0.016855792878512244,-0.0413599250435015
Gauteng,Ward 74201014,GT421,7233,3927,0.5429282455412692,6936,3651,0.5263840830449827,6317,2547,0.4031977204369162,-0.01654416249628643,-0.041061800082953126
Gauteng,Ward 74201015,GT421,7928,3561,0.449167507568113,9054,4263,0.4708416169648774,8478,2992,0.3529134229771172,0.021674109396764396,0.14202825428859733
Gauteng,Ward 74201016,GT421,7503,4638,0.6181527389044382,8120,5149,0.6341133004926108,9415,5033,0.5345724907063197,0.015960561588172606,0.08223377315740366
Gauteng,Ward 74201017,GT421,6828,3404,0.4985354422964265,7881,4383,0.5561476969927674,8454,3719,0.4399101017269931,0.05761225469634096,0.1542179261862917
Gauteng,Ward 74201018,GT421,7567,3655,0.4830183692348355,7698,3924,0.509742790335152,7233,2683,0.3709387529379234,0.02672442110031653,0.017312012686665712
Gauteng,Ward 74201019,GT421,7256,3598,0.4958654906284454,7468,3634,0.4866095340117836,7154,2826,0.3950237629298295,-0.009255956616661842,0.029217199558985607
Gauteng,Ward 74201020,GT421,8714,5195,0.59616708744549,7176,3939,0.5489130434782609,6773,2692,0.3974605049461095,-0.0472540439672291,-0.17649759008492083
Gauteng,Ward 74201021,GT421,7632,4289,0.561975890985325,9664,5368,0.5554635761589404,10328,4096,0.3965917893106119,-0.006512314826384591,0.2662473794549267
Gauteng,Ward 74201022,GT421,8253,4430,0.5367745062401551,8499,4458,0.5245322979174021,7870,3153,0.4006353240152477,-0.012242208322753023,0.02980734278444208
Gauteng,Ward 74201023,GT421,6305,3451,0.5473433782712134,9214,5389,0.584870848708487,8826,4210,0.4769997733967822,0.03752747043727367,0.46137985725614583
Gauteng,Ward 74201024,GT421,6915,3609,0.5219088937093276,6827,3336,0.4886480152336311,6826,2675,0.3918839730442426,-0.033260878475696476,-0.012725958062183684
Gauteng,Ward 74201025,GT421,8922,4883,0.5472988119255773,9572,5471,0.5715628917676556,8690,4279,0.4924050632911392,0.024264079842078345,0.0728536202645147
Gauteng,Ward 74201026,GT421,8748,4868,0.5564700502972107,8566,4667,0.5448283913144992,8237,4195,0.5092873619036057,-0.011641658982711522,-0.02080475537265658
Gauteng,Ward 74201027,GT421,7345,3575,0.48672566371681414,8964,4568,0.5095939312806783,8753,3148,0.3596481206443505,0.022868267563864175,0.22042205582028584
Gauteng,Ward 74201028,GT421,8679,4906,0.5652724968314322,7271,4293,0.5904277265850639,8016,3308,0.4126746506986028,0.025155229753631714,-0.16223067173637518
Gauteng,Ward 74201029,GT421,7246,3685,0.5085564449351366,7149,3710,0.5189536998181564,6561,2513,0.3830208809632678,0.01039725488301979,-0.013386696108197649
Gauteng,Ward 74201030,GT421,5989,3538,0.590749707797629,8364,4803,0.5742467718794835,7862,3370,0.4286441109132536,-0.016502935918145556,0.39656036066121225
Gauteng,Ward 74201031,GT421,8235,4077,0.49508196721311476,8022,4264,0.5315382697581651,7475,3340,0.4468227424749164,0.036456302545050334,-0.025865209471766848
Gauteng,Ward 74201032,GT421,7964,4241,0.5325213460572576,8263,4359,0.5275323732300617,7613,3297,0.4330750032838565,-0.004988972827195903,0.03754394776494219
Gauteng,Ward 74201033,GT421,8013,4326,0.5398727068513666,7851,4038,0.5143293847917463,7458,3172,0.4253150978814695,-0.025543322059620288,-0.020217147135904168
Gauteng,Ward 74201034,GT421,7299,3971,0.5440471297438005,7049,3702,0.5251808767201022,6428,2739,0.4261045426260112,-0.018866253023698376,-0.03425126729688999
Gauteng,Ward 74201035,GT421,6783,3852,0.567890314020345,6790,3799,0.559499263622975,6266,2683,0.428183849345675,-0.008391050397369981,0.0010319917440659854
Gauteng,Ward 74201036,GT421,7632,5330,0.6983752620545073,8413,4400,0.5230001188636634,8192,3238,0.395263671875,-0.1753751431908439,0.1023322851153039
Gauteng,Ward 74201037,GT421,7996,4255,0.5321410705352676,7486,3648,0.4873096446700508,6561,2666,0.4063404968754763,-0.04483142586521682,-0.06378189094547271
Gauteng,Ward 74201038,GT421,7193,4707,0.6543862088141248,7396,3856,0.5213628988642509,6963,2674,0.3840298721815309,-0.13302330994987388,0.02822188238565282
Gauteng,Ward 74201039,GT421,6851,4006,0.5847321558896511,6987,3678,0.5264061829111206,6355,2245,0.3532651455546813,-0.05832597297853048,0.01985111662531014
Gauteng,Ward 74201040,GT421,7585,4197,0.5533289386947924,7375,3710,0.5030508474576271,6595,2819,0.4274450341167551,-0.05027809123716531,-0.02768622280817401
Gauteng,Ward 74201041,GT421,6989,4035,0.5773358134210903,7427,3977,0.5354786589470849,7115,3087,0.4338721011946592,-0.0418571544740054,0.06266990985834875
Gauteng,Ward 74201042,GT421,6493,2887,0.44463268134914524,7763,3716,0.4786809223238438,6819,2453,0.3597301657134477,0.03404824097469855,0.19559525643000164
Gauteng,Ward 74201043,GT421,6637,3385,0.5100195871628748,7410,3984,0.5376518218623482,6915,2718,0.393058568329718,0.0276322346994734,0.11646828386319119
Gauteng,Ward 74201044,GT421,7287,3690,0.5063812268423219,7534,3565,0.4731882134324396,7118,2623,0.3685023883113234,-0.03319301340988229,0.033895979140935895
Gauteng,Ward 74201045,GT421,7196,4629,0.6432740411339634,8928,6063,0.6790994623655914,9234,5175,0.5604288499025342,0.03582542123162802,0.24068927181767652
Gauteng,Ward 74202001,GT422,3750,2488,0.6634666666666666,3763,2456,0.6526707414297104,3570,2013,0.5638655462184874,-0.010795925236956272,0.003466666666666729
Gauteng,Ward 74202002,GT422,2922,2218,0.759069130732375,3175,2442,0.7691338582677165,3288,2308,0.7019464720194647,0.010064727535341489,0.08658453114305265
Gauteng,Ward 74202003,GT422,2812,2153,0.765647226173542,3464,2595,0.749133949191686,3785,2497,0.6597093791281374,-0.016513276981856007,0.2318634423897581
Gauteng,Ward 74202004,GT422,3307,2461,0.744179014212277,3881,2607,0.6717340891522804,4009,2230,0.5562484410077326,-0.07244492505999656,0.17357121257937713
Gauteng,Ward 74202005,GT422,4471,3272,0.7318273316931335,3203,2036,0.6356540743053387,4309,2168,0.5031329774889766,-0.09617325738779481,-0.2836054573920823
Gauteng,Ward 74202006,GT422,3409,2331,0.6837782340862423,4396,2826,0.6428571428571429,4481,1898,0.423566168266012,-0.04092109122909937,0.28952772073921973
Gauteng,Ward 74202007,GT422,3895,2402,0.6166880616174583,3922,2390,0.609382967873534,4232,2332,0.5510396975425331,-0.007305093743924296,0.0069319640564826646
Gauteng,Ward 74202008,GT422,4019,2556,0.6359790992784274,4237,2372,0.5598300684446542,3945,1883,0.4773130544993663,-0.07614903083377322,0.054242348842995725
Gauteng,Ward 74202009,GT422,2774,1582,0.5702956020187455,3003,1720,0.5727605727605728,2976,1472,0.4946236559139785,0.002464970741827277,0.08255227108868057
Gauteng,Ward 74202010,GT422,3562,2396,0.6726558113419427,3945,2300,0.5830164765525983,3929,1808,0.4601679816747264,-0.0896393347893445,0.10752386299831551
Gauteng,Ward 74202011,GT422,2978,1701,0.5711887172599059,3713,2282,0.6145973606248317,4760,2214,0.4651260504201681,0.04340864336492578,0.24680993955674957
Gauteng,Ward 74202012,GT422,3238,1848,0.5707226683137739,3599,2178,0.6051681022506252,3386,1569,0.4633786178381571,0.03444543393685129,0.11148857319332928
Gauteng,Ward 74202013,GT422,3705,2610,0.7044534412955465,3351,2382,0.7108325872873769,3782,2229,0.5893707033315706,0.006379145991830315,-0.09554655870445339
Gauteng,Ward 74202014,GT422,3119,2655,0.8512343699903815,3756,3025,0.8053780617678381,3951,2834,0.7172867628448494,-0.045856308222543385,0.20423212568130822
Gauteng,Ward 74203001,GT423,3222,1779,0.5521415270018621,3944,2515,0.6376774847870182,4908,2396,0.4881825590872045,0.0855359577851561,0.2240844196151459
Gauteng,Ward 74203002,GT423,3253,2145,0.659391331079004,3391,2158,0.6363904452963728,3122,1509,0.4833440102498398,-0.023000885782631264,0.042422379342145655
Gauteng,Ward 74203003,GT423,3914,2350,0.600408788962698,3956,2489,0.6291708796764408,3941,1977,0.501649327581832,0.028762090713742805,0.01073071027082273
Gauteng,Ward 74203004,GT423,3401,2122,0.623934137018524,3474,2258,0.6499712147380541,3288,1497,0.4552919708029197,0.02603707771953012,0.021464275213172623
Gauteng,Ward 74203005,GT423,2744,1761,0.6417638483965015,3201,2120,0.662293033427054,3536,1665,0.4708710407239819,0.020529185030552566,0.16654518950437325
Gauteng,Ward 74203006,GT423,3017,1757,0.5823665893271461,2930,1749,0.5969283276450512,2042,1036,0.5073457394711067,0.014561738317905082,-0.028836592641697023
Gauteng,Ward 74203007,GT423,3562,2210,0.6204379562043796,3891,2366,0.6080699049087638,3662,1626,0.4440196613872201,-0.0123680512956158,0.09236384053902302
Gauteng,Ward 74203008,GT423,4630,2748,0.5935205183585314,4674,2828,0.6050492083868207,4667,2449,0.5247482322691236,0.011528690028289379,0.00950323974082079
Gauteng,Ward 74203009,GT423,4092,2556,0.624633431085044,4274,2738,0.6406176883481516,3985,2366,0.5937264742785445,0.015984257263107593,0.04447702834799605
Gauteng,Ward 74203010,GT423,3160,2013,0.6370253164556962,3830,2572,0.6715404699738904,4160,2382,0.5725961538461538,0.03451515351819423,0.21202531645569622
Gauteng,Ward 74203011,GT423,2383,1504,0.6311372219890894,2808,1802,0.6417378917378918,2487,1217,0.4893445918777643,0.01060066974880236,0.17834662190516148
Gauteng,Ward 74203012,GT423,3064,2023,0.6602480417754569,3351,2190,0.6535362578334826,3793,2082,0.5489058792512523,-0.006711783941974359,0.09366840731070503
Gauteng,Ward 74203013,GT423,4041,2631,0.6510764662212324,4612,2980,0.6461405030355594,4262,2231,0.52346316283435,-0.00493596318567302,0.14130165800544425
Gauteng,Ward 74801001,GT481,5380,3299,0.6131970260223049,3834,2389,0.6231090245174752,3758,1601,0.4260244811069718,0.009911998495170327,-0.287360594795539
Gauteng,Ward 74801002,GT481,6355,3998,0.6291109362706531,4695,2693,0.5735889243876464,4455,1784,0.4004489337822671,-0.05552201188300665,-0.2612116443745083
Gauteng,Ward 74801003,GT481,5974,3198,0.535319718781386,5254,2753,0.5239817282070803,5800,2289,0.3946551724137931,-0.011337990574305623,-0.12052226314027448
Gauteng,Ward 74801004,GT481,6091,3653,0.5997373173534724,4618,2841,0.6152013858813339,4370,1900,0.4347826086956521,0.01546406852786153,-0.2418322114595305
Gauteng,Ward 74801005,GT481,4661,2588,0.555245655438747,4779,2726,0.5704122201297342,5086,2186,0.4298073141958317,0.015166564690987205,0.025316455696202445
Gauteng,Ward 74801006,GT481,4270,2682,0.6281030444964871,4325,2696,0.6233526011560694,4313,1954,0.4530489218641317,-0.004750443340417743,0.012880562060889833
Gauteng,Ward 74801007,GT481,5396,2814,0.5214974054855448,5557,3135,0.5641533201367644,5220,2251,0.4312260536398467,0.04265591465121965,0.029836916234247557
Gauteng,Ward 74801008,GT481,6236,3489,0.559493264913406,4389,2544,0.579630895420369,4261,1997,0.4686693264491903,0.020137630506963045,-0.29618345093008336
Gauteng,Ward 74801009,GT481,4279,2815,0.6578639869128301,6471,4182,0.6462679647658786,6000,2911,0.4851666666666667,-0.011596022146951546,0.5122692217807898
Gauteng,Ward 74801010,GT481,5018,2890,0.5759266640095656,4854,2957,0.6091882983106716,4575,2138,0.4673224043715847,0.03326163430110596,-0.03268234356317257
Gauteng,Ward 74801011,GT481,4930,3045,0.6176470588235294,5264,3393,0.6445668693009119,5762,2704,0.4692814994793474,0.026919810477382455,0.06774847870182565
Gauteng,Ward 74801012,GT481,4622,1870,0.40458675897879703,4332,2461,0.5680978762696214,3871,1217,0.3143890467579436,0.16351111729082435,-0.06274340112505405
Gauteng,Ward 74801013,GT481,5386,2901,0.538618640920906,5812,3230,0.5557467309015829,5647,2285,0.4046396316628298,0.01712808998067683,0.07909394727070174
Gauteng,Ward 74801014,GT481,6104,3896,0.6382699868938401,4664,2768,0.5934819897084048,4770,2253,0.4723270440251572,-0.04478799718543525,-0.23591087811271294
Gauteng,Ward 74801015,GT481,4414,2505,0.567512460353421,4630,2647,0.5717062634989201,4379,2034,0.4644896094998858,0.004193803145499109,0.04893520616221125
Gauteng,Ward 74801016,GT481,4897,2839,0.5797426996120073,5454,3049,0.5590392372570591,5146,2088,0.4057520404197435,-0.020703462354948243,0.11374310802532173
Gauteng,Ward 74801017,GT481,4504,3015,0.669404973357016,4988,3554,0.7125100240577386,4727,2757,0.5832451872223398,0.04310505070072257,0.10746003552397876
Gauteng,Ward 74801018,GT481,5394,3908,0.7245087133852428,6027,4622,0.766882362701178,5860,3761,0.6418088737201365,0.042373649315935236,0.11735261401557295
Gauteng,Ward 74801019,GT481,4735,2466,0.5208025343189018,4225,2460,0.5822485207100592,3787,1680,0.4436229205175601,0.06144598639115739,-0.10770855332629359
Gauteng,Ward 74801020,GT481,5967,3384,0.5671191553544495,4623,2775,0.600259571706684,4533,2103,0.4639311714096625,0.033140416352234525,-0.22523881347410757
Gauteng,Ward 74801021,GT481,5159,3810,0.7385152161271564,5710,4424,0.7747810858143608,5310,3445,0.6487758945386064,0.036265869687204355,0.10680364411707699
Gauteng,Ward 74801022,GT481,5079,3457,0.6806457964166175,5362,3937,0.7342409548675867,5429,3446,0.6347393626818936,0.05359515845096918,0.05571962984839529
Gauteng,Ward 74801023,GT481,5332,3016,0.5656414103525882,5248,3103,0.5912728658536586,5891,2664,0.4522152435919199,0.025631455501070377,-0.015753938484621144
Gauteng,Ward 74801024,GT481,5682,3451,0.6073565645899331,5469,2969,0.5428780398610349,5138,2302,0.4480342545737641,-0.06447852472889826,-0.0374868004223865
Gauteng,Ward 74801025,GT481,4647,2877,0.6191091026468689,4969,2806,0.564701147112095,4647,1968,0.4234990316333118,-0.054407955534773955,0.06929201635463733
Gauteng,Ward 74801026,GT481,5742,3153,0.5491118077324973,4759,2699,0.567135952931288,4474,2005,0.4481448368350469,0.018024145198790698,-0.1711947056774643
Gauteng,Ward 74801027,GT481,4305,2701,0.6274099883855981,4632,2826,0.6101036269430051,4507,2042,0.4530729975593521,-0.01730636144259301,0.07595818815331001
Gauteng,Ward 74801028,GT481,4727,3224,0.6820393484239475,4822,3579,0.7422231439236832,5042,2930,0.5811186037286791,0.060183795499735626,0.020097313306536968
Gauteng,Ward 74801029,GT481,5652,3723,0.6587048832271762,3929,2974,0.7569356070246882,4102,2735,0.666747927840078,0.09823072379751197,-0.30484784147204524
Gauteng,Ward 74801030,GT481,5786,3426,0.5921189077082614,5492,3195,0.581755280407866,5785,2744,0.4743301642178046,-0.010363627300395417,-0.050812305565157256
Gauteng,Ward 74801031,GT481,5246,3312,0.6313381624094548,5669,3628,0.6399717763273945,5405,2654,0.4910268270120259,0.008633613917939709,0.08063286313381623
Gauteng,Ward 74801032,GT481,4933,2805,0.5686195013176566,4322,2708,0.6265617769551134,3743,1889,0.5046753940689287,0.0579422756374568,-0.12385972025136838
Gauteng,Ward 74801033,GT481,4271,2131,0.49894638258019197,4610,2593,0.562472885032538,4460,2105,0.4719730941704035,0.06352650245234603,0.07937251229220332
Gauteng,Ward 74801034,GT481,4625,3020,0.652972972972973,5444,3223,0.5920279206465834,5272,2164,0.4104704097116843,-0.06094505232638958,0.177081081081081
Gauteng,Ward 74804001,GT484,3017,1977,0.6552867086509778,4870,2902,0.5958932238193019,4534,2005,0.4422143802382002,-0.05939348483167595,0.6141862777593636
Gauteng,Ward 74804002,GT484,3978,2542,0.6390145801910507,4780,2707,0.5663179916317992,4584,2168,0.4729493891797556,-0.07269658855925154,0.20160884866767215
Gauteng,Ward 74804003,GT484,3203,1748,0.5457383702778645,2745,1353,0.492896174863388,2693,1193,0.4430003713330858,-0.052842195414476545,-0.1429909459881361
Gauteng,Ward 74804004,GT484,3978,2386,0.599798893916541,3555,1681,0.4728551336146273,3075,1350,0.4390243902439024,-0.12694376030191368,-0.10633484162895923
Gauteng,Ward 74804005,GT484,2071,814,0.39304683727667794,2595,818,0.3152215799614644,2953,769,0.2604131391804944,-0.07782525731521356,0.2530178657653308
Gauteng,Ward 74804006,GT484,3364,1912,0.5683709869203329,3270,1793,0.5483180428134556,2958,1342,0.45368492224476,-0.020052944106877302,-0.027942925089179504
Gauteng,Ward 74804007,GT484,3913,2330,0.5954510605673397,3640,2055,0.5645604395604396,2188,1127,0.5150822669104205,-0.0308906210069001,-0.06976744186046513
Gauteng,Ward 74804008,GT484,3573,2110,0.5905401623285754,3081,1712,0.5556637455371632,2721,1185,0.4355016538037486,-0.03487641679141218,-0.13769941225860627
Gauteng,Ward 74804009,GT484,2982,1701,0.5704225352112676,2544,1327,0.5216194968553459,2881,1388,0.4817771607080874,-0.0488030383559217,-0.1468812877263581
Gauteng,Ward 74804010,GT484,3428,2068,0.603267211201867,3311,1931,0.5832074901842343,3531,1359,0.3848768054375531,-0.020059721017632648,-0.03413068844807465
Gauteng,Ward 74804011,GT484,3108,1557,0.500965250965251,3046,1340,0.4399212081418253,2697,888,0.3292547274749722,-0.06104404282342574,-0.019948519948519983
Gauteng,Ward 74804012,GT484,3002,1580,0.5263157894736842,4012,2436,0.6071784646061814,4325,2289,0.5292485549132948,0.08086267513249723,0.3364423717521652
Gauteng,Ward 74804013,GT484,3736,1773,0.4745717344753747,3531,1800,0.5097706032285472,2923,1317,0.4505644885391721,0.03519886875317246,-0.054871520342612445
Gauteng,Ward 74804014,GT484,3391,1356,0.3998820406959599,4300,2582,0.6004651162790697,3841,1721,0.4480604009372559,0.20058307558310984,0.26806251843114115
Gauteng,Ward 74804015,GT484,2144,797,0.37173507462686567,3451,1511,0.4378441031585048,3386,1256,0.370939161252215,0.06610902853163914,0.6096082089552239
Gauteng,Ward 74804016,GT484,2846,1557,0.5470836261419536,3549,1936,0.5455057762750071,3587,1522,0.424310008363535,-0.0015778498669465346,0.24701335207308506
Gauteng,Ward 74804017,GT484,4002,2234,0.5582208895552224,3483,1888,0.5420614412862474,3270,1385,0.4235474006116208,-0.016159448268974974,-0.1296851574212894
Gauteng,Ward 74804018,GT484,4115,1959,0.47606318347509113,3766,1768,0.4694636218799787,3488,1229,0.3523509174311927,-0.006599561595112435,-0.08481166464155532
Gauteng,Ward 74804019,GT484,3134,1155,0.36853860880663686,2286,926,0.4050743657042869,3131,952,0.3040562120728202,0.03653575689765004,-0.27058072750478623
Gauteng,Ward 74804020,GT484,3442,2054,0.5967460778617083,4233,2348,0.5546893456177652,3912,1307,0.3341002044989775,-0.04205673224394313,0.22980825101685065
Gauteng,Ward 74804021,GT484,4268,2702,0.6330834114339269,4349,2903,0.6675097723614624,4683,2676,0.5714285714285714,0.03442636092753548,0.01897844423617623
Gauteng,Ward 74804022,GT484,3252,2019,0.6208487084870848,3829,2267,0.5920605902324366,4145,1827,0.4407720144752714,-0.02878811825464822,0.17742927429274302
Gauteng,Ward 74804023,GT484,3889,1981,0.5093854461301106,3912,1913,0.4890081799591002,3504,1302,0.3715753424657534,-0.020377266171010433,0.005914116739521802
Gauteng,Ward 74804024,GT484,4239,2682,0.6326963906581741,3098,1839,0.5936087798579729,2849,1405,0.4931554931554932,-0.03908761080020118,-0.2691672564284029
Gauteng,Ward 74804025,GT484,2884,1807,0.6265603328710125,3114,1829,0.5873474630700064,2897,1042,0.3596824301001035,-0.039212869801006134,0.07975034674063797
Gauteng,Ward 74804026,GT484,4674,2963,0.6339323919554986,3870,2220,0.5736434108527132,3561,1507,0.4231957315360853,-0.060288981102785355,-0.17201540436456997
Gauteng,Ward 74804027,GT484,2329,985,0.42292829540575355,3650,1364,0.3736986301369863,2617,451,0.1723347344287352,-0.049229665268767264,0.5671962215543151
Gauteng,Ward 74804028,GT484,2584,1509,0.5839783281733746,4094,2480,0.6057645334636053,3877,1893,0.4882641217436162,0.021786205290230676,0.5843653250773995
Gauteng,Ward 79800001,JHB,16295,9318,0.5718318502608162,14454,7540,0.521654905216549,14294,5632,0.3940114733454596,-0.050176945044267174,-0.11297944154648665
Gauteng,Ward 79800002,JHB,17114,9683,0.565794086712633,14970,8244,0.5507014028056112,14308,5418,0.3786692759295499,-0.015092683907021787,-0.12527755054341472
Gauteng,Ward 79800003,JHB,14433,8140,0.5639853114390633,13968,7154,0.5121706758304696,13533,5350,0.3953299342348333,-0.05181463560859367,-0.03221783413011847
Gauteng,Ward 79800004,JHB,16163,9452,0.5847924271484254,18289,9921,0.5424572147192301,17574,7045,0.4008762945260043,-0.042335212429195246,0.1315349873167111
Gauteng,Ward 79800005,JHB,16263,9280,0.5706204267355347,15969,10721,0.6713632663285115,16037,5746,0.3582964394836939,0.10074283959297681,-0.018077845415974902
Gauteng,Ward 79800006,JHB,14608,8293,0.5677026286966046,16319,7863,0.4818309945462344,18848,8764,0.4649830220713073,-0.08587163415037019,0.1171276013143483
Gauteng,Ward 79800007,JHB,15883,9491,0.5975571365611031,19415,11990,0.6175637393767706,19786,9638,0.4871120994642676,0.020006602815667462,0.2223761254171126
Gauteng,Ward 79800008,JHB,14135,7155,0.506190307746728,17313,9553,0.5517818979957257,18048,6509,0.3606493794326241,0.045591590248997726,0.22483197736116023
Gauteng,Ward 79800009,JHB,16122,8683,0.5385808212380598,16825,10060,0.5979197622585438,18174,8513,0.4684164190601959,0.05933894102048398,0.043605011785138315
Gauteng,Ward 79800010,JHB,13688,7161,0.5231589713617767,13739,7922,0.5766067399374045,14394,6159,0.4278866194247603,0.05344776857562783,0.003725891291642247
Gauteng,Ward 79800011,JHB,16558,8886,0.5366590167894674,17511,9692,0.5534806692935869,15888,6789,0.4273036253776435,0.01682165250411949,0.05755526029713742
Gauteng,Ward 79800012,JHB,16906,8289,0.4902993020229504,16599,8147,0.4908126995602144,15492,6090,0.3931061192873741,0.0005133975372639821,-0.018159233408257425
Gauteng,Ward 79800013,JHB,17306,8385,0.48451404137293425,15352,8323,0.5421443460135488,15430,6235,0.4040829552819183,0.05763030464061453,-0.11290881775106898
Gauteng,Ward 79800014,JHB,14230,7811,0.5489107519325369,14753,8145,0.5520911001152308,14188,6251,0.440583591767691,0.0031803481826938595,0.03675333801827119
Gauteng,Ward 79800015,JHB,15436,9248,0.5991189427312775,15796,8304,0.5257027095467207,14312,5110,0.3570430408049189,-0.07341623318455681,0.02332210417206526
Gauteng,Ward 79800016,JHB,14324,8339,0.5821697849762636,14696,9487,0.6455498094719652,14048,5914,0.4209851936218678,0.06338002449570157,0.025970399329796168
Gauteng,Ward 79800017,JHB,16604,9586,0.5773307636714045,18613,11447,0.6150002686294526,18261,9468,0.5184820108427797,0.037669504958048106,0.1209949409780775
Gauteng,Ward 79800018,JHB,16738,10504,0.62755406858645,18582,12214,0.6573027661177484,18900,10292,0.5445502645502646,0.029748697531298385,0.11016847891026416
Gauteng,Ward 79800019,JHB,15709,7794,0.4961487045642625,14841,8152,0.5492891314601442,13334,5103,0.3827058647067646,0.05314042689588172,-0.05525494939206821
Gauteng,Ward 79800020,JHB,16487,9445,0.5728755989567538,15040,8663,0.575997340425532,13868,5187,0.3740265359100087,0.003121741468778194,-0.08776611876023532
Gauteng,Ward 79800021,JHB,15910,9851,0.6191703331238215,15995,8110,0.5070334479524852,15015,7605,0.5064935064935064,-0.11213688517133635,0.005342551854179867
Gauteng,Ward 79800022,JHB,17084,9818,0.5746897682041676,18276,10577,0.5787371416064785,18658,8152,0.436917140100761,0.004047373402310872,0.06977288691173023
Gauteng,Ward 79800023,JHB,15248,10361,0.6794989506820567,18388,13294,0.722971503154231,17898,9900,0.5531344284277573,0.0434725524721743,0.2059286463798531
Gauteng,Ward 79800024,JHB,14420,7079,0.4909153952843273,18484,9283,0.5022181346028998,16251,5688,0.3500092302012184,0.011302739318572452,0.28183079056865457
Gauteng,Ward 79800025,JHB,16917,9252,0.5469054796949814,17988,9948,0.553035356904603,16917,6829,0.403676774841875,0.006129877209621659,0.06330909735768753
Gauteng,Ward 79800026,JHB,14906,8159,0.5473634777941768,15134,8475,0.559997356944628,16075,6015,0.3741835147744946,0.012633879150451222,0.015295854018515964
Gauteng,Ward 79800027,JHB,13127,7596,0.5786546811914375,18016,10582,0.5873667850799289,16988,7231,0.4256534024016953,0.008712103888491418,0.3724384855641045
Gauteng,Ward 79800028,JHB,14590,7810,0.5352981494174092,14480,8089,0.5586325966850829,13314,5642,0.4237644584647739,0.023334447267673752,-0.007539410555174819
Gauteng,Ward 79800029,JHB,16203,9154,0.5649571067086342,16766,9605,0.5728856018131934,15751,7021,0.4457494762237318,0.007928495104559175,0.03474665185459491
Gauteng,Ward 79800030,JHB,16923,8846,0.5227205578207174,17420,8788,0.5044776119402985,15999,6403,0.4002125132820801,-0.01824294588041886,0.029368315310524196
Gauteng,Ward 79800031,JHB,14349,7292,0.5081887239528887,14044,6953,0.4950868698376531,12745,4953,0.3886229894076108,-0.013101854115235623,-0.02125583664366859
Gauteng,Ward 79800032,JHB,14391,8570,0.5955110833159614,19191,12967,0.6756813089469021,19336,8521,0.4406805957798924,0.08017022563094078,0.33354179695643116
Gauteng,Ward 79800033,JHB,14038,8677,0.6181079925915373,14084,8705,0.6180772507810282,13706,6398,0.466802860061287,-3.074181050910507e-05,0.0032768200598376485
Gauteng,Ward 79800034,JHB,16687,8739,0.5237010846766944,14287,7760,0.5431511163995241,14050,5982,0.4257651245551601,0.019450031722829664,-0.14382453406843654
Gauteng,Ward 79800035,JHB,14614,8378,0.5732858902422334,13498,7705,0.570825307452956,15000,6570,0.438,-0.00246058278927741,-0.07636512932804163
Gauteng,Ward 79800036,JHB,13547,7878,0.5815309662655939,14299,8254,0.5772431638576124,12967,5651,0.4357985655895735,-0.004287802407981434,0.055510445117000096
Gauteng,Ward 79800037,JHB,15151,7791,0.5142234835984424,15946,8651,0.5425184999372884,12953,5048,0.3897166679533699,0.028295016338846013,0.05247178404065744
Gauteng,Ward 79800038,JHB,13851,7540,0.544365027795827,14276,7709,0.5399971980947044,13671,5879,0.4300343793431351,-0.004367829701122594,0.030683705147642737
Gauteng,Ward 79800039,JHB,16344,9272,0.5673029858051885,14411,8203,0.5692179585039207,13389,5792,0.4325939203824034,0.001914972698732198,-0.11826970141948112
Gauteng,Ward 79800040,JHB,14935,8288,0.5549380649481085,15951,8523,0.5343238668422042,14623,6432,0.4398550229091157,-0.020614198105904258,0.0680281218613994
Gauteng,Ward 79800041,JHB,16755,9987,0.5960608773500448,18271,10719,0.5866673964205572,16876,6561,0.3887769613652524,-0.009393480929487552,0.09048045359594159
Gauteng,Ward 79800042,JHB,14244,8007,0.5621314237573716,14036,7963,0.567326873753206,13986,5835,0.4172029172029172,0.0051954499958344336,-0.014602639707947174
Gauteng,Ward 79800043,JHB,15703,9165,0.583646436986563,15559,8973,0.5767080146538981,14257,6406,0.4493231395104159,-0.006938422332664951,-0.009170222250525328
Gauteng,Ward 79800044,JHB,17110,9163,0.5355347749853887,19111,9881,0.5170320757678823,17094,6931,0.4054639054639055,-0.018502699217506358,0.11694915254237293
Gauteng,Ward 79800045,JHB,15105,8373,0.5543197616683218,17065,9306,0.5453266920597715,15560,6681,0.4293701799485861,-0.008993069608550286,0.12975835815954984
Gauteng,Ward 79800046,JHB,14263,8189,0.5741428871906331,17207,9348,0.5432672749462428,16015,6726,0.4199812675616609,-0.030875612244390283,0.2064081890205427
Gauteng,Ward 79800047,JHB,17087,9189,0.5377772575642301,16447,8666,0.5269046026630997,16924,6340,0.3746159300401796,-0.01087265490113043,-0.0374553754316147
Gauteng,Ward 79800048,JHB,16029,8824,0.5505022147357914,16107,8913,0.5533618923449432,17479,7575,0.4333771954917329,0.002859677609151734,0.0048661800486617945
Gauteng,Ward 79800049,JHB,14537,8280,0.5695810689963541,19173,10399,0.542377301413446,19977,7123,0.3565600440506583,-0.0272037675829081,0.3189103666506157
Gauteng,Ward 79800050,JHB,13365,7763,0.5808454919566031,14304,7932,0.5545302013422819,13563,5170,0.381184103811841,-0.02631529061432114,0.07025813692480365
Gauteng,Ward 79800051,JHB,15882,8843,0.5567938546782522,15746,8470,0.5379143909564333,14386,5625,0.3910051438898929,-0.018879463721818812,-0.008563153255257472
Gauteng,Ward 79800052,JHB,14042,7763,0.5528414755732801,13970,7309,0.5231925554760201,12978,5461,0.4207890275851441,-0.029648920097260056,-0.005127474718701008
Gauteng,Ward 79800053,JHB,19320,11244,0.5819875776397515,15727,9266,0.5891778470146881,19531,7192,0.3682351134094516,0.007190269374936609,-0.1859730848861284
Gauteng,Ward 79800054,JHB,17260,10755,0.623117033603708,19300,12587,0.6521761658031088,19395,9259,0.4773910801753029,0.029059132199400817,0.1181923522595596
Gauteng,Ward 79800055,JHB,14114,7457,0.5283406546691228,14853,8602,0.5791422608227295,14435,6112,0.4234153100103914,0.05080160615360663,0.052359359501204406
Gauteng,Ward 79800056,JHB,15280,8157,0.5338350785340314,15883,9057,0.5702323238682868,15367,6400,0.4164768660115832,0.03639724533425537,0.039463350785340356
Gauteng,Ward 79800057,JHB,16370,9230,0.5638362858888211,18404,11080,0.6020430341230167,18371,8046,0.4379728920581351,0.038206748234195675,0.12425167990226016
Gauteng,Ward 79800058,JHB,13729,6704,0.48830941802024913,18241,9957,0.5458582314566087,16994,5881,0.3460633164646345,0.05754881343635959,0.3286473887391652
Gauteng,Ward 79800059,JHB,14857,3838,0.25832940701352897,13573,3871,0.2851985559566787,11049,2413,0.2183908045977011,0.026869148943149734,-0.08642390792219157
Gauteng,Ward 79800060,JHB,12651,3961,0.3130977788317129,15313,5624,0.3672696401750147,16499,3860,0.2339535729438147,0.054171861343301764,0.21041814876294374
Gauteng,Ward 79800061,JHB,15977,5834,0.36514990298554173,16023,7606,0.4746926293453161,15844,4918,0.3104014137843979,0.10954272635977436,0.0028791387619704345
Gauteng,Ward 79800062,JHB,13830,4222,0.3052783803326103,13442,4764,0.3544115459009076,11274,2695,0.2390455916267518,0.04913316556829733,-0.028054953000723026
Gauteng,Ward 79800063,JHB,14163,3894,0.27494174962931583,13436,4316,0.3212265555224769,13750,3150,0.2290909090909091,0.046284805893161085,-0.05133093271199607
Gauteng,Ward 79800064,JHB,16613,5269,0.31716125925480043,16322,5820,0.3565739492709227,13875,3220,0.232072072072072,0.03941269001612224,-0.01751640281707101
Gauteng,Ward 79800065,JHB,14741,5911,0.40099043484159824,17319,7463,0.4309140250591836,17870,5590,0.3128147733631785,0.02992359021758534,0.17488637134522755
Gauteng,Ward 79800066,JHB,14319,7175,0.5010824778266638,15048,8192,0.5443912812333865,14365,5437,0.3784893839192482,0.04330880340672272,0.050911376492771776
Gauteng,Ward 79800067,JHB,14048,4776,0.33997722095671984,13747,4999,0.3636429766494508,13029,3506,0.2690920254816179,0.02366575569273094,-0.021426537585421457
Gauteng,Ward 79800068,JHB,17106,9530,0.5571144627616041,16041,9591,0.597905367495792,16952,7975,0.4704459650778669,0.040790904734187894,-0.06225885654156438
Gauteng,Ward 79800069,JHB,15669,7763,0.49543684983087627,16276,8912,0.5475546817399852,15713,6060,0.3856679182842232,0.05211783190910896,0.038738911225987716
Gauteng,Ward 79800070,JHB,15468,9580,0.6193431600724075,20048,13064,0.6516360734237829,20771,10368,0.4991574791776997,0.03229291335137541,0.29609516420998183
Gauteng,Ward 79800071,JHB,15320,9690,0.6325065274151436,17035,11087,0.6508365130613443,16924,7719,0.456097849208225,0.018329985646200697,0.11194516971279378
Gauteng,Ward 79800072,JHB,15555,9322,0.5992928318868531,16122,10452,0.6483066617045031,13942,7677,0.550638358915507,0.04901382981765001,0.03645130183220835
Gauteng,Ward 79800073,JHB,13686,7737,0.5653222270933801,15167,9402,0.619898463770027,15457,6945,0.4493109917836579,0.054576236676646905,0.10821277217594627
Gauteng,Ward 79800074,JHB,13226,8066,0.609859367911689,15439,10217,0.6617656583975646,16153,8262,0.5114839348727791,0.051906290485875584,0.1673219416301226
Gauteng,Ward 79800075,JHB,15711,6867,0.43708229902616,16286,7370,0.4525359204224487,15737,5238,0.3328461587341933,0.015453621396288697,0.03659856151740826
Gauteng,Ward 79800076,JHB,14596,6668,0.45683748972321186,15030,7211,0.4797737857618097,13812,5165,0.3739501882421083,0.022936296038597814,0.029734173746231773
Gauteng,Ward 79800077,JHB,17051,8360,0.49029382440912556,16107,7795,0.4839510771714161,15778,5128,0.3250095069083534,-0.006342747237709445,-0.05536332179930792
Gauteng,Ward 79800078,JHB,17258,9408,0.545138486499015,15620,8030,0.5140845070422535,16008,5212,0.3255872063968016,-0.03105397945676147,-0.09491250434581067
Gauteng,Ward 79800079,JHB,17098,7879,0.46081413030763835,17197,8046,0.4678723033087166,15829,5162,0.3261103038726388,0.0070581730010782495,0.005790150894841473
Gauteng,Ward 79800080,JHB,11030,4769,0.4323662737987307,13481,6421,0.476299977746458,13594,5716,0.4204796233632485,0.043933703947727276,0.2222121486854034
Gauteng,Ward 79800081,JHB,16325,8936,0.5473813169984686,17588,9765,0.5552080964293836,17769,7238,0.4073386234453261,0.007826779430915032,0.07736600306278718
Gauteng,Ward 79800082,JHB,15479,9006,0.581820531042057,17908,11192,0.6249720795175341,17675,8784,0.496973125884017,0.043151548475477086,0.15692228180114998
Gauteng,Ward 79800083,JHB,14707,10457,0.7110219623308629,16272,12246,0.7525811209439528,15797,9409,0.5956194214091283,0.0415591586130899,0.10641191269463524
Gauteng,Ward 79800084,JHB,17111,10222,0.5973934895681141,18755,11876,0.6332178085843775,18072,8752,0.4842850818946436,0.03582431901626337,0.0960785459645841
Gauteng,Ward 79800085,JHB,15821,10381,0.6561532140825486,17792,12167,0.6838466726618705,17196,8420,0.4896487555245405,0.027693458579321928,0.12458125276531185
Gauteng,Ward 79800086,JHB,16731,10487,0.6268005498774729,19302,13262,0.6870790591648533,18928,10073,0.5321745562130178,0.06027850928738043,0.15366684597453828
Gauteng,Ward 79800087,JHB,12962,7751,0.597978706989662,16256,10028,0.6168799212598425,16269,7917,0.4866310160427807,0.018901214270180433,0.25412744946767485
Gauteng,Ward 79800088,JHB,15166,9706,0.6399841751285771,16381,11280,0.6886026494109029,15625,8673,0.555072,0.048618474282325796,0.08011341157853091
Gauteng,Ward 79800089,JHB,13353,8603,0.6442746948251329,18288,12903,0.7055446194225722,17975,9715,0.5404728789986092,0.061269924597439296,0.3695798696922039
Gauteng,Ward 79800090,JHB,15554,9329,0.5997814067120998,16176,11765,0.7273120672601385,15805,8372,0.5297057893071813,0.12753066054803874,0.03998971325703993
Gauteng,Ward 79800091,JHB,15395,8119,0.5273790191620656,15777,8857,0.5613868289281866,15745,6750,0.4287075261987932,0.034007809766120944,0.024813251055537444
Gauteng,Ward 79800092,JHB,17470,8915,0.5103033772180882,14712,7477,0.5082245785753127,17488,6375,0.364535681610247,-0.0020787986427754923,-0.1578706353749284
Gauteng,Ward 79800093,JHB,13395,7893,0.5892497200447928,18132,12662,0.6983234061328039,19644,10240,0.5212787619629403,0.10907368608801105,0.3536394176931692
Gauteng,Ward 79800094,JHB,13926,8596,0.617262674134712,17562,11259,0.6411001024940212,17305,8128,0.4696908407974574,0.023837428359309132,0.26109435588108565
Gauteng,Ward 79800095,JHB,17000,6695,0.3938235294117647,18372,8155,0.4438819943392118,17995,5361,0.2979160878021673,0.050058464927447144,0.08070588235294118
Gauteng,Ward 79800096,JHB,18076,10158,0.5619606107545917,19919,12046,0.6047492343993173,21882,10359,0.4734027968193035,0.042788623644725576,0.10195839787563621
Gauteng,Ward 79800097,JHB,16566,11076,0.6685983339369793,19577,14824,0.7572150993512795,22293,11698,0.5247387072175123,0.08861676541430019,0.1817578172159846
Gauteng,Ward 79800098,JHB,16786,10184,0.6066960562373407,17625,11328,0.6427234042553192,17173,8444,0.4917020904908868,0.03602734801797847,0.04998212796377932
Gauteng,Ward 79800099,JHB,13849,8863,0.6399740053433461,15294,10709,0.7002092323787106,14914,8477,0.5683921147914711,0.060235227035364436,0.10433966351361113
Gauteng,Ward 79800100,JHB,14470,7738,0.5347615756738079,20129,10809,0.5369864374782652,19490,7861,0.4033350436121087,0.0022248618044573565,0.39108500345542496
Gauteng,Ward 79800101,JHB,17210,11389,0.6617664148750726,20382,13694,0.6718673339220881,21370,10893,0.5097332709405709,0.010100919047015489,0.18431144683323653
Gauteng,Ward 79800102,JHB,15644,9977,0.6377524929685502,17803,12104,0.6798854125709151,18726,9865,0.5268076471216491,0.04213291960236487,0.13800818205062648
Gauteng,Ward 79800103,JHB,16440,10337,0.6287712895377129,19037,12925,0.6789410096128592,19553,9949,0.5088221756252238,0.05016972007514631,0.15796836982968365
Gauteng,Ward 79800104,JHB,15483,9483,0.6124782018988568,17297,11500,0.6648551771983581,17499,8975,0.5128864506543231,0.05237697529950125,0.11716075695924566
Gauteng,Ward 79800105,JHB,15562,8736,0.561367433491839,18269,9211,0.5041874213147955,19144,7429,0.3880589218554116,-0.05718001217704349,0.17394936383498272
Gauteng,Ward 79800106,JHB,14364,9352,0.6510721247563352,19116,13039,0.6820987654320988,20114,10548,0.52441085810878,0.03102664067576355,0.3308270676691729
Gauteng,Ward 79800107,JHB,13428,8385,0.6244414655942806,16421,9576,0.5831557152426771,15589,5917,0.3795625120277118,-0.041285750351603534,0.22289246350908543
Gauteng,Ward 79800108,JHB,12880,6565,0.5097049689440993,14158,6985,0.4933606441587795,14113,5037,0.3569049812229859,-0.01634432478531983,0.09922360248447215
Gauteng,Ward 79800109,JHB,16982,8987,0.5292073960664233,18333,9876,0.5387007036491572,20924,8526,0.4074746702351366,0.009493307582733923,0.07955482275350367
Gauteng,Ward 79800110,JHB,18760,8805,0.4693496801705757,15672,7573,0.4832184788157223,15691,4009,0.2554967815945446,0.013868798645146563,-0.16460554371002134
Gauteng,Ward 79800111,JHB,16380,8209,0.5011599511599512,15419,7281,0.4722096115182567,16300,5015,0.3076687116564417,-0.028950339641694467,-0.05866910866910868
Gauteng,Ward 79800112,JHB,15661,9432,0.6022603920567013,16498,11114,0.67365741301976,19568,8771,0.4482318070318888,0.07139702096305867,0.05344486303556595
Gauteng,Ward 79800113,JHB,17859,7865,0.4403941990033037,19356,8276,0.427567679272577,18165,4870,0.2680979906413432,-0.012826519730726682,0.08382328237863268
Gauteng,Ward 79800114,JHB,20554,10893,0.5299698355551231,14406,7549,0.5240177703734555,16275,6178,0.3796006144393241,-0.005952065181667576,-0.2991145275858713
Gauteng,Ward 79800115,JHB,16884,11493,0.6807036247334755,20234,13476,0.6660077097953939,21648,9836,0.454360679970436,-0.014695914938081533,0.19841269841269837
Gauteng,Ward 79800116,JHB,15004,7340,0.48920287923220473,14385,6654,0.4625651720542231,13565,4946,0.3646148175451529,-0.02663770717798164,-0.041255665155958465
Gauteng,Ward 79800117,JHB,12697,8504,0.6697645113018823,14320,9999,0.6982541899441341,14228,7531,0.5293084059600787,0.028489678642251826,0.12782547058360239
Gauteng,Ward 79800118,JHB,15878,8105,0.5104547172187933,18986,10111,0.5325503002212156,17383,5551,0.3193349824541218,0.022095583002422314,0.19574253684343113
Gauteng,Ward 79800119,JHB,14484,7856,0.5423916045291356,19222,10849,0.5644053688481948,18420,7443,0.404071661237785,0.022013764319059215,0.3271195802264568
Gauteng,Ward 79800120,JHB,13922,7915,0.5685246372647608,18613,10860,0.5834631709020577,21344,8729,0.4089673913043478,0.014938533637296914,0.3369487142651917
Gauteng,Ward 79800121,JHB,16785,9569,0.5700923443550789,18994,10985,0.5783405285879751,19635,9190,0.4680417621594092,0.008248184232896194,0.13160560023830792
Gauteng,Ward 79800122,JHB,15243,8917,0.5849898313980187,18847,10970,0.5820554995489998,18908,7779,0.4114131584514491,-0.002934331849018923,0.23643639703470454
Gauteng,Ward 79800123,JHB,15188,4158,0.2737687648143271,16068,5501,0.3423574807069953,14090,2977,0.2112845990063875,0.06858871589266818,0.05794047932578361
Gauteng,Ward 79800124,JHB,14338,6080,0.4240479843771795,16036,7501,0.467760039910202,17415,5537,0.3179443008900373,0.04371205553302249,0.11842655879481101
Gauteng,Ward 79800125,JHB,19949,11592,0.5810817584841346,15314,9966,0.6507770667363197,17920,8571,0.4782924107142857,0.06969530825218517,-0.2323424733069327
Gauteng,Ward 79800126,JHB,16245,10681,0.6574946137273007,18963,13409,0.7071138532932553,18639,9891,0.5306615161757605,0.0496192395659546,0.16731301939058163
Gauteng,Ward 79800127,JHB,13521,6842,0.5060276606759855,16222,8026,0.4947602021945506,13592,5249,0.386183048852266,-0.0112674584814349,0.19976333111456257
Gauteng,Ward 79800128,JHB,16693,8479,0.5079374588150722,17720,9027,0.5094243792325056,17690,6302,0.3562464669304692,0.0014869204174333683,0.06152279398550298
Gauteng,Ward 79800129,JHB,14287,8663,0.606355428011479,15447,8585,0.555771347187156,14995,6019,0.4014004668222741,-0.050584080824322974,0.08119269265766071
Gauteng,Ward 79800130,JHB,13249,7836,0.5914408634613934,13483,7598,0.5635244381814136,13131,5757,0.4384281471327393,-0.02791642527997973,0.01766171031775987
Gauteng,Ward 79900001,TSH,13942,9231,0.6621001291062976,14831,9486,0.6396062301935136,16561,8151,0.4921804238874464,-0.02249389891278397,0.06376416582986666
Gauteng,Ward 79900002,TSH,11607,7849,0.6762298612906005,14620,9760,0.667578659370725,15964,7960,0.4986218992733651,-0.00865120191987545,0.2595847333505643
Gauteng,Ward 79900003,TSH,13607,6576,0.48328066436393036,15734,8638,0.5490021609253846,16187,5206,0.3216161116945697,0.0657214965614542,0.15631660174909978
Gauteng,Ward 79900004,TSH,14364,7140,0.49707602339181284,16012,9593,0.5991131651261554,17491,7505,0.4290778114458864,0.10203714173434258,0.11473127262600946
Gauteng,Ward 79900005,TSH,13155,9409,0.7152413530976814,16747,12165,0.726398757986505,15496,9148,0.5903458957150233,0.011157404888823552,0.2730520714557203
Gauteng,Ward 79900006,TSH,10289,5426,0.5273593157741278,12527,6859,0.5475373193901173,14080,5751,0.4084517045454545,0.020178003615989537,0.21751384974244337
Gauteng,Ward 79900007,TSH,12149,6438,0.5299201580376985,13382,6000,0.4483634733223733,15779,7068,0.4479371316306483,-0.08155668471532523,0.10148983455428429
Gauteng,Ward 79900008,TSH,12169,6490,0.5333223765305284,13022,6979,0.5359391798494855,12938,5105,0.3945741227392178,0.002616803318957084,0.07009614594461344
Gauteng,Ward 79900009,TSH,14518,9098,0.6266703402672544,12880,7469,0.5798913043478261,12245,4736,0.3867701102490812,-0.046779035919428336,-0.11282545805207334
Gauteng,Ward 79900010,TSH,11652,5369,0.46077926536216957,16238,7697,0.4740115777805148,13002,4290,0.3299492385786802,0.013232312418345216,0.39358050120151056
Gauteng,Ward 79900011,TSH,10874,6257,0.5754092330329226,13903,7802,0.561173847371071,12533,5080,0.405329928987473,-0.014235385661851563,0.2785543498252714
Gauteng,Ward 79900012,TSH,13046,6032,0.4623639429710256,11957,5928,0.4957765325750606,12175,4374,0.3592607802874743,0.03341258960403498,-0.08347386172006743
Gauteng,Ward 79900013,TSH,10603,6062,0.5717249834952371,12984,7417,0.571241528034504,13557,5783,0.4265692999926237,-0.00048345546073313983,0.22455908705083472
Gauteng,Ward 79900014,TSH,11123,6604,0.5937247145554257,13399,7510,0.5604895887752818,12653,5072,0.4008535525171896,-0.03323512578014398,0.20462105547064646
Gauteng,Ward 79900015,TSH,12332,6707,0.5438696075251378,17138,9742,0.568444392577897,14077,6272,0.4455494778717056,0.02457478505275923,0.3897178073305223
Gauteng,Ward 79900016,TSH,12652,6398,0.5056907998735378,13757,7691,0.5590608417532892,14696,6274,0.4269188894937398,0.05337004187975136,0.08733797028137835
Gauteng,Ward 79900017,TSH,14505,7466,0.5147190623922785,13589,6615,0.4867907866656855,14907,5640,0.3783457436103843,-0.02792827572659301,-0.06315063771113405
Gauteng,Ward 79900018,TSH,12497,6673,0.5339681523565656,13171,7475,0.567534735403538,14945,6394,0.4278353964536634,0.033566583046972465,0.05393294390653747
Gauteng,Ward 79900019,TSH,13290,8169,0.6146726862302483,14162,8435,0.5956079649766982,12834,5475,0.4266012155212716,-0.019064721253550077,0.0656132430398797
Gauteng,Ward 79900020,TSH,14221,7124,0.5009493003304971,14890,8045,0.5402955003357959,13802,5436,0.393855962903927,0.03934620000529876,0.04704310526685895
Gauteng,Ward 79900021,TSH,14011,6830,0.48747412747127256,14376,7668,0.5333889816360601,13534,5384,0.3978129156199202,0.04591485416478752,0.026050959960031372
Gauteng,Ward 79900022,TSH,11692,5786,0.4948682860075265,12533,6289,0.5017952605122477,13266,5380,0.405548017488316,0.006926974504721128,0.07192952446116996
Gauteng,Ward 79900023,TSH,11110,5565,0.5009000900090009,11672,6056,0.518848526387937,12666,5040,0.3979156797726196,0.01794843637893606,0.05058505850585049
Gauteng,Ward 79900024,TSH,13771,7747,0.5625590007987801,14516,7878,0.5427114907688069,14807,5327,0.3597622745998514,-0.019847510029973203,0.05409919395831819
Gauteng,Ward 79900025,TSH,14119,8161,0.578015440186982,12062,6542,0.5423644503399104,12789,4617,0.3610133708655876,-0.0356509898470716,-0.1456902046887173
Gauteng,Ward 79900026,TSH,11378,6699,0.588767797503955,12538,6882,0.5488913702344872,12022,4836,0.4022625187156879,-0.03987642726946783,0.10195113376691856
Gauteng,Ward 79900027,TSH,11092,6240,0.562567616300036,11888,5958,0.5011776581426649,12056,4951,0.4106668878566689,-0.06138995815737114,0.0717634331049406
Gauteng,Ward 79900028,TSH,12241,6376,0.5208724777387468,11679,6562,0.5618631732168851,12168,4809,0.3952169625246548,0.04099069547813827,-0.04591128175802628
Gauteng,Ward 79900029,TSH,10460,5969,0.5706500956022944,13935,7955,0.57086472909939,13035,5602,0.4297660145761411,0.00021463349709560653,0.3322179732313575
Gauteng,Ward 79900030,TSH,13359,7374,0.5519874242083989,15308,8597,0.5616017768487066,15853,6440,0.4062322588784457,0.009614352640307744,0.14589415375402348
Gauteng,Ward 79900031,TSH,13967,7271,0.5205842342664853,13793,7314,0.5302689770173277,13885,5460,0.3932301044292401,0.009684742750842412,-0.012457936564759797
Gauteng,Ward 79900032,TSH,12888,6327,0.4909217877094972,14861,7907,0.5320637911311487,16183,6195,0.3828091206821973,0.041142003421651474,0.15308814400993165
Gauteng,Ward 79900033,TSH,11120,6162,0.554136690647482,13364,7528,0.5633043998802754,14557,5815,0.399464175310847,0.009167709232793309,0.20179856115107908
Gauteng,Ward 79900034,TSH,13065,6543,0.5008036739380023,13435,6806,0.506587272050614,13429,4895,0.3645096433092561,0.005783598112611754,0.028319938767700004
Gauteng,Ward 79900035,TSH,11104,5005,0.4507384726224784,12385,6049,0.4884134033104562,14466,5144,0.3555924236139914,0.03767493068797778,0.11536383285302598
Gauteng,Ward 79900036,TSH,13144,6404,0.4872185027388923,14082,6739,0.4785541826445107,13909,5034,0.3619239341433604,-0.008664320094381561,0.07136335970785157
Gauteng,Ward 79900037,TSH,12883,7276,0.5647752852596445,16347,8521,0.5212577231296263,13714,5286,0.3854455301152107,-0.04351756213001823,0.2688814717069006
Gauteng,Ward 79900038,TSH,12191,4470,0.3666639324091543,12942,5842,0.4513985473651676,11473,2950,0.2571254249106598,0.08473461495601331,0.06160282175375276
Gauteng,Ward 79900039,TSH,11500,6313,0.5489565217391305,13497,7218,0.5347855078906424,12941,4696,0.3628776756046673,-0.014171013848488068,0.17365217391304344
Gauteng,Ward 79900040,TSH,13764,7038,0.511333914559721,15593,7132,0.4573847239145771,14813,4720,0.318639033281577,-0.05394919064514392,0.13288288288288297
Gauteng,Ward 79900041,TSH,12641,7822,0.6187801597974844,14531,10211,0.7027045626591425,16210,8966,0.5531153608883406,0.08392440286165814,0.14951348785697327
Gauteng,Ward 79900042,TSH,12043,7992,0.6636220210910903,13769,9958,0.7232188248965067,14721,8748,0.5942531078051763,0.05959680380541643,0.14331977082122394
Gauteng,Ward 79900043,TSH,11843,6276,0.5299332939289032,15313,9275,0.6056945079344348,14533,6364,0.4378999518337576,0.0757612140055316,0.2930000844380647
Gauteng,Ward 79900044,TSH,13587,9064,0.6671082652535512,13880,10752,0.7746397694524496,14391,8981,0.6240705996803558,0.10753150419889845,0.021564730992860826
Gauteng,Ward 79900045,TSH,10041,6888,0.6859874514490588,14730,11052,0.7503054989816701,14598,9219,0.6315248664200576,0.06431804753261128,0.466985360023902
Gauteng,Ward 79900046,TSH,11861,7788,0.6566056824888289,12670,9194,0.7256511444356748,14960,8858,0.5921122994652407,0.06904546194684591,0.06820672793187765
Gauteng,Ward 79900047,TSH,11858,7739,0.6526395682239838,15394,11269,0.7320384565415097,15116,9454,0.6254300079386081,0.07939888831752584,0.2981953111823241
Gauteng,Ward 79900048,TSH,13625,6374,0.4678165137614679,17620,11762,0.6675368898978433,17159,8932,0.5205431551955242,0.19972037613637544,0.29321100917431187
Gauteng,Ward 79900049,TSH,13320,6742,0.5061561561561562,14888,8077,0.5425174637291779,14533,5690,0.3915227413472786,0.036361307573021695,0.11771771771771777
Gauteng,Ward 79900050,TSH,15597,10410,0.6674360453933449,14818,11080,0.7477392360642462,14391,9447,0.6564519491348759,0.0803031906709013,-0.04994550234019368
Gauteng,Ward 79900051,TSH,14222,6933,0.48748417944030376,11955,6944,0.580844834797156,11862,4545,0.3831562974203338,0.09336065535685223,-0.15940092813950213
Gauteng,Ward 79900052,TSH,13517,9891,0.7317452097358882,13963,10644,0.7623003652510205,16421,9844,0.5994762803726935,0.030555155515132326,0.032995487164311665
Gauteng,Ward 79900053,TSH,12525,8170,0.6522954091816368,14462,10298,0.7120730189462039,13282,6930,0.5217587712693872,0.05977760976456714,0.15465069860279446
Gauteng,Ward 79900054,TSH,14033,9897,0.7052661583410532,15529,11111,0.7155000321978234,14986,8960,0.597891365274256,0.010233873856770215,0.10660585762132113
Gauteng,Ward 79900055,TSH,11737,7434,0.6333816137002641,18203,11980,0.6581332747349338,16633,8257,0.496422774003487,0.024751661034669636,0.5509073868961405
Gauteng,Ward 79900056,TSH,12390,6146,0.496045197740113,11580,6753,0.5831606217616581,11662,4584,0.3930715143200137,0.08711542402154504,-0.06537530266343827
Gauteng,Ward 79900057,TSH,14532,8943,0.6154004954582989,13261,9211,0.6945931679360531,13148,6622,0.5036507453605111,0.07919267247775419,-0.08746215249105427
Gauteng,Ward 79900058,TSH,14400,5655,0.3927083333333333,13404,5524,0.412115786332438,13616,3466,0.2545534665099882,0.01940745299910468,-0.06916666666666671
Gauteng,Ward 79900059,TSH,10482,4589,0.4377981301278382,14344,6166,0.4298661461238148,13015,3820,0.2935074913561275,-0.007931984004023396,0.36844113718755955
Gauteng,Ward 79900060,TSH,11957,5233,0.4376515848456971,12123,5157,0.4253897550111358,12476,5641,0.4521481243988458,-0.01226182983456131,0.013883081040394707
Gauteng,Ward 79900061,TSH,14430,7294,0.5054747054747055,16072,9666,0.6014186162269786,16861,7934,0.4705533479627543,0.09594391075227304,0.1137907137907137
Gauteng,Ward 79900062,TSH,13611,7124,0.5234001910219676,12650,7203,0.5694071146245059,11697,5313,0.4542190305206463,0.04600692360253833,-0.07060465799720816
Gauteng,Ward 79900063,TSH,11844,5237,0.4421648091860858,11872,5812,0.48955525606469,13473,5130,0.3807615230460922,0.04739044687860422,0.0023640661938533203
Gauteng,Ward 79900064,TSH,15020,10278,0.6842876165113182,15043,10507,0.698464402047464,12398,7235,0.583561864816906,0.014176785536145764,0.0015312916111851482
Gauteng,Ward 79900065,TSH,10207,6855,0.6715979229940237,17271,12973,0.7511435354061722,17238,9483,0.55012182387748,0.07954561241214853,0.6920740668168903
Gauteng,Ward 79900066,TSH,13850,7181,0.5184837545126354,13774,9246,0.6712647016117322,16113,8891,0.5517904797368585,0.15278094709909684,-0.005487364620938573
Gauteng,Ward 79900067,TSH,10905,5223,0.4789546079779917,11076,5446,0.4916937522571325,11633,4777,0.4106421387432304,0.012739144279140802,0.015680880330123825
Gauteng,Ward 79900068,TSH,13881,7234,0.521144009797565,14730,8212,0.5575016972165648,12009,5101,0.4247647597635107,0.03635768741899981,0.061162740436568
Gauteng,Ward 79900069,TSH,15076,9930,0.6586627752719554,14344,10315,0.7191160066926938,16486,10309,0.6253184520198957,0.06045323142073844,-0.04855399310161845
Gauteng,Ward 79900070,TSH,14436,9496,0.657799944582987,15240,11743,0.7705380577427822,16659,9255,0.5555555555555556,0.1127381131597952,0.0556940980881131
Gauteng,Ward 79900071,TSH,14482,6262,0.4323988399392349,12354,5423,0.4389671361502347,14194,4396,0.309708327462308,0.006568296210999802,-0.14694103024444138
Gauteng,Ward 79900072,TSH,11006,4830,0.4388515355260767,11666,5792,0.4964855134579118,12951,5189,0.4006640413867655,0.05763397793183511,0.059967290568780696
Gauteng,Ward 79900073,TSH,14364,7379,0.5137148426622111,16043,8740,0.5447858879261983,15491,6207,0.4006842682848105,0.031071045263987185,0.11688944583681415
Gauteng,Ward 79900074,TSH,12342,6101,0.49432830983633125,12619,6798,0.5387114668357239,12010,5052,0.4206494587843464,0.04438315699939266,0.022443688219089264
Gauteng,Ward 79900075,TSH,13350,6208,0.4650187265917603,13970,7384,0.5285612025769506,13823,5576,0.4033856615785285,0.0635424759851903,0.046441947565543096
Gauteng,Ward 79900076,TSH,11606,6417,0.5529036705152507,12482,6991,0.5600865245954174,12091,4935,0.4081548259035646,0.007182854080166723,0.07547820093055324
Gauteng,Ward 79900077,TSH,17238,8430,0.48903585102680125,14235,9239,0.6490340709518791,22916,8791,0.3836184325362192,0.1599982199250779,-0.17420814479638014
Gauteng,Ward 79900078,TSH,11454,7957,0.6946918107211455,12371,8502,0.6872524452348234,13012,7211,0.554180756225023,-0.007439365486322069,0.08005936790640833
Gauteng,Ward 79900079,TSH,14559,9733,0.6685211896421458,15953,11912,0.7466934118974488,15643,9585,0.6127341302819153,0.07817222225530296,0.09574833436362384
Gauteng,Ward 79900080,TSH,12497,3313,0.2651036248699688,12099,4184,0.3458137036118687,14754,3415,0.2314626541954724,0.0807100787418999,-0.031847643434424255
Gauteng,Ward 79900081,TSH,11172,2713,0.2428392409595417,12518,4234,0.3382329445598338,12319,2607,0.2116243201558568,0.09539370360029212,0.1204797708557106
Gauteng,Ward 79900082,TSH,12429,8425,0.67785018907394,12840,9303,0.7245327102803738,13481,7981,0.592018396261405,0.04668252120643379,0.03306782524740526
Gauteng,Ward 79900083,TSH,11285,7256,0.6429774036331414,12005,8324,0.6933777592669721,15007,8975,0.5980542413540347,0.05040035563383072,0.06380150642445725
Gauteng,Ward 79900084,TSH,11963,7866,0.657527376076235,15917,11670,0.7331783627568009,16300,9854,0.6045398773006135,0.07565098668056591,0.3305191005600603
Gauteng,Ward 79900085,TSH,14601,10402,0.7124169577426204,17150,12687,0.7397667638483965,15294,9511,0.6218778605989277,0.027349806105776087,0.17457708376138625
Gauteng,Ward 79900086,TSH,13450,6703,0.498364312267658,16221,8733,0.5383761790271869,12300,4523,0.3677235772357723,0.04001186675952895,0.20602230483271367
Gauteng,Ward 79900087,TSH,12102,7120,0.5883325070236325,15571,10124,0.6501830325605292,14644,7623,0.5205544933078394,0.06185052553689674,0.2866468352338456
Gauteng,Ward 79900088,TSH,13503,7151,0.5295860179219433,12247,6682,0.5456030048175063,14097,5604,0.3975313896573739,0.01601698689556308,-0.09301636673331848
Gauteng,Ward 79900089,TSH,12807,6368,0.49722807839462796,12677,6723,0.5303305198390786,14712,4971,0.3378874388254486,0.03310244144445068,-0.010150698836573713
Gauteng,Ward 79900090,TSH,11573,5673,0.490192689881621,17543,9565,0.5452317163541014,16139,5847,0.3622901047152859,0.05503902647248038,0.5158558714248682
Gauteng,Ward 79900091,TSH,13773,9634,0.6994844986567923,19534,15403,0.7885225760212962,15610,9464,0.6062780269058295,0.08903807736450386,0.4182821462281274
Gauteng,Ward 79900092,TSH,11466,4511,0.3934240362811791,13512,6235,0.4614416814683244,13153,4169,0.3169619098304569,0.06801764518714531,0.17844060701203568
Gauteng,Ward 79900093,TSH,12062,6304,0.5226330625103631,11964,5923,0.4950685389501839,13861,5049,0.3642594329413462,-0.027564523560179244,-0.008124689106284166
Gauteng,Ward 79900094,TSH,10613,6138,0.5783473099029492,12529,7088,0.5657275121717615,11869,5478,0.4615384615384615,-0.01261979773118771,0.18053330820691604
Gauteng,Ward 79900095,TSH,10715,6464,0.6032664489034064,12953,7474,0.5770091870609125,12283,5401,0.4397134250590246,-0.026257261842493884,0.2088660755949603
Gauteng,Ward 79900096,TSH,11491,7107,0.6184840309807675,15745,9855,0.6259129882502382,15210,7492,0.4925706771860618,0.007428957269470682,0.3702027673831694
Gauteng,Ward 79900097,TSH,12435,5730,0.46079613992762364,13094,6051,0.4621200549870169,14969,5380,0.3594094461887901,0.001323915059393277,0.05299557700040203
Gauteng,Ward 79900098,TSH,12353,8275,0.6698777624868453,16432,11649,0.7089216163583252,15510,7916,0.5103803997421019,0.039043853871479905,0.3302031895086215
Gauteng,Ward 79900099,TSH,11358,5649,0.49735868991019544,17359,10349,0.5961748948672159,13176,5559,0.421903460837887,0.09881620495702043,0.5283500616305687
Gauteng,Ward 79900100,TSH,12763,6894,0.5401551359398261,14948,9212,0.6162697350816163,14250,6525,0.4578947368421052,0.0761145991417902,0.1711979942019901
Gauteng,Ward 79900101,TSH,12163,7834,0.6440845186220505,17376,12548,0.7221454880294659,20202,11597,0.574052074052074,0.07806096940741536,0.42859491901669
Gauteng,Ward 79900102,TSH,12732,7272,0.5711592836946278,14634,8979,0.6135711357113571,14630,6715,0.4589883800410116,0.04241185201672937,0.14938737040527794
Gauteng,Ward 79900103,TSH,10971,6305,0.5746969282654271,12429,7467,0.6007723871590634,13194,5451,0.4131423374261028,0.026075458893636383,0.13289581624282198
Gauteng,Ward 79900104,TSH,11145,6527,0.5856437864513234,12336,6996,0.5671206225680934,15210,5990,0.3938198553583169,-0.018523163883230054,0.10686406460296105
Gauteng,Ward 79900105,TSH,11679,6700,0.5736792533607329,13125,8034,0.6121142857142857,14585,6947,0.4763112787110045,0.038435032353552834,0.12381197020292833
KwaZulu-Natal,Ward 59500001,ETH,15364,8819,0.5740041655818797,17187,13008,0.7568511083958807,18289,10539,0.5762480179342775,0.18284694281400093,0.11865399635511586
KwaZulu-Natal,Ward 59500002,ETH,14295,9838,0.6882126617698496,15903,10302,0.6478023014525561,18664,9133,0.4893377625375054,-0.0404103603172935,0.11248688352570824
KwaZulu-Natal,Ward 59500003,ETH,18225,12532,0.6876268861454047,15544,9856,0.6340710241893979,15086,6677,0.4425957841707543,-0.05355586195600681,-0.14710562414266115
KwaZulu-Natal,Ward 59500004,ETH,16370,11132,0.680024434941967,19368,12988,0.6705906650144569,19776,8779,0.443921925566343,-0.009433769927510105,0.1831398900427612
KwaZulu-Natal,Ward 59500005,ETH,14650,10289,0.702320819112628,15202,10150,0.6676753058808051,14605,6550,0.4484765491270113,-0.034645513231822855,0.03767918088737199
KwaZulu-Natal,Ward 59500006,ETH,15237,9863,0.6473059001115705,18013,10782,0.5985677011047577,18104,8051,0.4447083517454706,-0.048738199006812866,0.18218809476931153
KwaZulu-Natal,Ward 59500007,ETH,13437,8601,0.6400982362134405,16130,10767,0.6675139491630502,16364,8103,0.4951723295037888,0.02741571294960965,0.2004167596933839
KwaZulu-Natal,Ward 59500008,ETH,16611,10923,0.6575763048582265,21114,13382,0.6337974803447949,19179,9819,0.5119662130455185,-0.023778824513431607,0.2710854253205708
KwaZulu-Natal,Ward 59500009,ETH,16231,10740,0.6616967531267328,20532,14137,0.688534969803234,18734,10154,0.54200918116793,0.026838216676501214,0.26498675374283787
KwaZulu-Natal,Ward 59500010,ETH,16734,10858,0.6488586112107088,16102,11396,0.7077381691715315,19912,11446,0.5748292486942547,0.05887955796082278,-0.03776741962471619
KwaZulu-Natal,Ward 59500011,ETH,17941,10127,0.5644612897831782,18258,10022,0.5489100668200241,19677,7605,0.386491843268791,-0.015551222963154143,0.017669026252717268
KwaZulu-Natal,Ward 59500012,ETH,13790,8478,0.6147933284989122,17139,10597,0.6182974502596418,16467,6039,0.3667334669338677,0.0035041217607295616,0.24285714285714288
KwaZulu-Natal,Ward 59500013,ETH,18222,11223,0.6159038524860059,15923,9424,0.5918482697984048,15059,6169,0.4096553556013015,-0.024055582687601107,-0.1261661727582044
KwaZulu-Natal,Ward 59500014,ETH,14589,9291,0.6368496812667078,19425,12069,0.6213127413127413,18563,7006,0.3774174433011905,-0.015536939953966544,0.3314826238947153
KwaZulu-Natal,Ward 59500015,ETH,17653,10844,0.6142865235370758,19497,11163,0.572549623018926,19106,7349,0.3846435674657176,-0.04173690051814982,0.10445816575086386
KwaZulu-Natal,Ward 59500016,ETH,18252,11333,0.6209182555336401,19469,12315,0.6325440443782423,19531,8178,0.4187189596026829,0.011625788844602192,0.06667762436993208
KwaZulu-Natal,Ward 59500017,ETH,15496,9383,0.6055110996386164,17171,10323,0.6011880496185429,18977,8295,0.4371080781999262,-0.004323050020073493,0.10809241094475985
KwaZulu-Natal,Ward 59500018,ETH,18774,11571,0.616331096196868,19286,12297,0.6376127761070206,19154,9113,0.4757752949775504,0.021281679910152618,0.027271758815383018
KwaZulu-Natal,Ward 59500019,ETH,18747,12369,0.6597855656905105,19490,12461,0.6393535146228835,18843,8021,0.425675317093881,-0.02043205106762702,0.03963300794793834
KwaZulu-Natal,Ward 59500020,ETH,16631,10583,0.6363417713907763,16636,10761,0.6468502043760519,15835,6729,0.4249447426586675,0.010508432985275595,0.00030064337682644826
KwaZulu-Natal,Ward 59500021,ETH,16615,10610,0.6385795967499248,18020,10899,0.6048279689234184,17447,7110,0.4075199174643205,-0.033751627826506425,0.08456214264219075
KwaZulu-Natal,Ward 59500022,ETH,16885,10918,0.6466094166419899,17889,10682,0.5971267259209571,17191,6513,0.378861031935315,-0.04948269072103284,0.05946106011252583
KwaZulu-Natal,Ward 59500023,ETH,18624,9840,0.5283505154639175,20789,11965,0.5755447592476791,19508,7908,0.4053721550133278,0.04719424378376158,0.11624785223367695
KwaZulu-Natal,Ward 59500024,ETH,18068,10747,0.5948085012176223,19462,11886,0.6107285993217552,19057,8420,0.4418323975442095,0.015920098104132863,0.0771529776400266
KwaZulu-Natal,Ward 59500025,ETH,15039,8109,0.5391980849790544,20155,11131,0.5522699082113619,16073,6292,0.3914639457475269,0.013071823232307489,0.3401821929649578
KwaZulu-Natal,Ward 59500026,ETH,13734,4882,0.35546818115625456,15224,6193,0.4067919075144509,14552,3853,0.2647746014293567,0.05132372635819632,0.10848987913208097
KwaZulu-Natal,Ward 59500027,ETH,14487,8048,0.5555325464209291,14908,8607,0.5773410249530453,18725,7971,0.4256875834445928,0.021808478532116204,0.029060537033202216
KwaZulu-Natal,Ward 59500028,ETH,13858,5326,0.38432674267571076,16419,6442,0.3923503258420123,16768,3498,0.208611641221374,0.008023583166301529,0.1848030018761726
KwaZulu-Natal,Ward 59500029,ETH,14573,8814,0.6048171275646744,18318,10317,0.5632165083524402,22962,7187,0.31299538367738,-0.041600619212234236,0.2569820901667468
KwaZulu-Natal,Ward 59500030,ETH,16042,8640,0.5385862111956116,19880,11417,0.5742957746478873,15378,6930,0.4506437768240343,0.03570956345227572,0.23924697668619865
KwaZulu-Natal,Ward 59500031,ETH,17667,9189,0.5201222618441161,19297,11280,0.5845468207493393,19694,8259,0.4193663044582106,0.06442455890522314,0.0922624101432048
KwaZulu-Natal,Ward 59500032,ETH,13917,5530,0.3973557519580369,17859,7348,0.4114452096981913,17479,2996,0.171405686824189,0.01408945774015441,0.28325070058202195
KwaZulu-Natal,Ward 59500033,ETH,17680,9820,0.5554298642533937,18530,10263,0.5538586076632488,17205,6246,0.3630340017436791,-0.0015712565901448983,0.04807692307692313
KwaZulu-Natal,Ward 59500034,ETH,17221,9420,0.5470065617559956,18106,11048,0.6101844692367171,16737,7001,0.4182947959610444,0.0631779074807215,0.05139074385924158
KwaZulu-Natal,Ward 59500035,ETH,17063,10627,0.6228095879974214,18100,12525,0.6919889502762431,17729,9746,0.5497207964352191,0.06917936227882171,0.060774775830744865
KwaZulu-Natal,Ward 59500036,ETH,18193,11088,0.6094651789149673,17928,11705,0.6528893351182508,18040,9400,0.5210643015521065,0.04342415620328344,-0.014566041884241154
KwaZulu-Natal,Ward 59500037,ETH,16945,9297,0.5486574210681617,19423,11124,0.5727230602893477,19327,7318,0.3786412790396854,0.024065639221185986,0.14623782826792575
KwaZulu-Natal,Ward 59500038,ETH,15566,9824,0.6311191057432867,17082,9919,0.5806697108066972,16391,6169,0.3763650783966811,-0.05044939493658951,0.09739175125273025
KwaZulu-Natal,Ward 59500039,ETH,16151,8002,0.4954491981920624,19298,9149,0.4740905793346461,16983,4596,0.2706235647412118,-0.0213586188574163,0.19484861618475646
KwaZulu-Natal,Ward 59500040,ETH,15818,9472,0.598811480591731,18336,11207,0.6112020069808028,17792,6741,0.3788781474820143,0.012390526389071899,0.15918573776710088
KwaZulu-Natal,Ward 59500041,ETH,17077,10127,0.5930198512619312,14943,8455,0.5658167703941644,14599,5216,0.3572847455305158,-0.027203080867766793,-0.12496340106576098
KwaZulu-Natal,Ward 59500042,ETH,16846,11221,0.6660928410305117,14542,9129,0.627767844863155,14208,5065,0.3564893018018018,-0.03832499616735674,-0.13676837231390238
KwaZulu-Natal,Ward 59500043,ETH,17398,11171,0.6420852971605931,14992,9433,0.6292022411953042,14556,5456,0.3748282495190986,-0.012883055965288936,-0.13829175767329582
KwaZulu-Natal,Ward 59500044,ETH,17626,11615,0.6589697038465903,15361,9544,0.6213137165549117,15610,5921,0.379308135810378,-0.03765598729167852,-0.1285033473278112
KwaZulu-Natal,Ward 59500045,ETH,16970,11673,0.6878609310548026,15032,9309,0.6192788717402874,18280,7060,0.3862144420131291,-0.06858205931451522,-0.11420153211549788
KwaZulu-Natal,Ward 59500046,ETH,15968,9411,0.5893662324649298,13089,6179,0.4720757888303155,12636,3914,0.309749920861032,-0.11729044363461433,-0.1802980961923848
KwaZulu-Natal,Ward 59500047,ETH,14121,9057,0.6413851710218823,14466,8713,0.6023088621595465,18087,6257,0.3459390722618455,-0.03907630886233582,0.024431697471850367
KwaZulu-Natal,Ward 59500048,ETH,15077,8623,0.5719307554553293,18482,10674,0.5775348988204739,16271,7606,0.4674574396164956,0.005604143365144587,0.22584068448630368
KwaZulu-Natal,Ward 59500049,ETH,15079,8608,0.5708601366138338,19696,11441,0.5808793663688059,19376,9398,0.4850330305532617,0.010019229754972048,0.306187412958419
KwaZulu-Natal,Ward 59500050,ETH,14287,7919,0.5542801147896689,17590,10699,0.6082433200682206,18502,9498,0.5133499081180413,0.053963205278551696,0.2311891929726324
KwaZulu-Natal,Ward 59500051,ETH,18770,10975,0.5847096430474161,20096,12348,0.6144506369426752,17143,8070,0.470746077116024,0.029740993895259082,0.0706446457112413
KwaZulu-Natal,Ward 59500052,ETH,18073,10072,0.5572954130470869,18508,10842,0.5858007348173763,16063,7589,0.472452219386167,0.028505321770289416,0.024069053283904074
KwaZulu-Natal,Ward 59500053,ETH,16309,9389,0.5756944018640014,17483,9872,0.5646628153062976,18634,5961,0.3198991091553075,-0.011031586557703865,0.07198479367220556
KwaZulu-Natal,Ward 59500054,ETH,15757,9280,0.5889445960525481,14610,8671,0.5934976043805612,16614,5645,0.3397736848441073,0.004553008328013086,-0.07279304436123624
KwaZulu-Natal,Ward 59500055,ETH,17996,11276,0.6265836852633918,16910,10483,0.6199290360733294,16766,6412,0.3824406537039246,-0.006654649190062423,-0.06034674372082682
KwaZulu-Natal,Ward 59500056,ETH,17471,10957,0.6271535687711064,15036,9741,0.6478451715881883,19783,7361,0.3720871455289895,0.020691602817081933,-0.13937381947226835
KwaZulu-Natal,Ward 59500057,ETH,18208,11740,0.6447715289982425,18526,11425,0.6167008528554464,15986,7056,0.4413862129363193,-0.028070676142796125,0.01746485061511427
KwaZulu-Natal,Ward 59500058,ETH,17521,10022,0.5719993151075852,17968,11434,0.636353517364203,17162,7746,0.4513459969700501,0.06435420225661781,0.025512242451914746
KwaZulu-Natal,Ward 59500059,ETH,16933,10296,0.6080434654225477,16602,10617,0.6395012649078424,19645,8531,0.4342580809366251,0.0314577994852947,-0.019547628890332458
KwaZulu-Natal,Ward 59500060,ETH,18021,9608,0.5331557627212696,16989,10137,0.5966802048384249,19601,7938,0.4049793377888883,0.06352444211715524,-0.057266522390544417
KwaZulu-Natal,Ward 59500061,ETH,19300,9627,0.4988082901554404,17208,9499,0.5520106927010693,14990,7161,0.4777184789859907,0.05320240254562886,-0.10839378238341968
KwaZulu-Natal,Ward 59500062,ETH,15371,8596,0.5592349229067725,16722,9502,0.5682334648965435,18511,7726,0.4173734536221706,0.008998541989771014,0.08789278511482657
KwaZulu-Natal,Ward 59500063,ETH,16462,9920,0.6025999271048476,18437,11794,0.6396919238487824,19013,9254,0.4867196128964393,0.03709199674393482,0.1199732717774269
KwaZulu-Natal,Ward 59500064,ETH,17062,9335,0.5471222599929668,19037,10950,0.5751956715869097,18756,7621,0.4063233098741736,0.028073411593942832,0.11575430781854412
KwaZulu-Natal,Ward 59500065,ETH,17623,10249,0.5815695398059354,19821,12373,0.6242369204379193,20450,9419,0.4605867970660147,0.04266738063198394,0.1247233728650059
KwaZulu-Natal,Ward 59500066,ETH,15887,8963,0.5641719644992761,17986,11124,0.6184810408095185,17931,8241,0.4595951146059896,0.0543090763102424,0.1321206017498584
KwaZulu-Natal,Ward 59500067,ETH,17326,11304,0.6524298741775366,15894,9621,0.6053227633069083,16092,6702,0.4164802386278896,-0.047107110870628355,-0.08265035207203042
KwaZulu-Natal,Ward 59500068,ETH,18211,10593,0.5816814013508319,19449,11633,0.5981284384801275,18449,8705,0.4718412922109599,0.016447037129295627,0.06798089067047397
KwaZulu-Natal,Ward 59500069,ETH,17952,10438,0.5814393939393939,17647,12182,0.690315634385448,16608,7739,0.4659802504816955,0.10887624044605404,-0.01698975044563278
KwaZulu-Natal,Ward 59500070,ETH,18444,10160,0.5508566471481241,19408,11599,0.5976401483924155,17235,8416,0.4883086742094575,0.046783501244291426,0.052266319670353445
KwaZulu-Natal,Ward 59500071,ETH,17941,10337,0.5761663229474389,21006,11489,0.5469389698181472,18914,7766,0.4105953262133869,-0.0292273531292917,0.17083774594504209
KwaZulu-Natal,Ward 59500072,ETH,16940,9034,0.5332939787485242,17092,9882,0.5781652234963726,18662,7453,0.399367699067624,0.044871244747848316,0.008972845336481683
KwaZulu-Natal,Ward 59500073,ETH,18307,9965,0.5443273064947834,19111,10929,0.5718696038930459,16717,8126,0.4860920021534964,0.027542297398262416,0.04391762713716063
KwaZulu-Natal,Ward 59500074,ETH,14035,8136,0.5796936230851443,15050,8559,0.5687043189368771,16849,6322,0.3752151462994836,-0.010989304148267154,0.07231920199501252
KwaZulu-Natal,Ward 59500075,ETH,15565,8327,0.5349823321554771,15966,8814,0.5520481022172116,15275,6151,0.402684124386252,0.017065770061734487,0.02576292964985538
KwaZulu-Natal,Ward 59500076,ETH,13205,6268,0.47466868610374857,14187,6433,0.4534432931557059,13534,3817,0.2820304418501552,-0.021225392948042654,0.07436577054146154
KwaZulu-Natal,Ward 59500077,ETH,17281,9380,0.5427926624616631,16178,9625,0.5949437507726543,18331,8305,0.4530576618842398,0.052151088310991134,-0.06382732480759212
KwaZulu-Natal,Ward 59500078,ETH,14210,7939,0.5586910626319493,18497,9880,0.5341406714602368,16856,6013,0.3567275747508305,-0.024550391171712538,0.30168895144264596
KwaZulu-Natal,Ward 59500079,ETH,15027,8513,0.566513608837426,20213,11099,0.5491020630287439,16593,5189,0.3127222322666184,-0.017411545808682094,0.34511213149663944
KwaZulu-Natal,Ward 59500080,ETH,14229,8199,0.5762175838077166,15546,9039,0.5814357390968738,14872,5515,0.3708310919849381,0.005218155289157256,0.09255745308876229
KwaZulu-Natal,Ward 59500081,ETH,13261,7552,0.5694894804313401,15236,8158,0.5354423733263324,14519,4650,0.3202699910462153,-0.03404710710500769,0.14893296131513467
KwaZulu-Natal,Ward 59500082,ETH,14096,7761,0.5505817253121453,18738,9966,0.531860390650016,15512,5095,0.3284553893759669,-0.01872133466212933,0.3293132803632237
KwaZulu-Natal,Ward 59500083,ETH,16833,9758,0.5796946474187608,17479,9780,0.5595285771497225,13906,5095,0.3663886092334244,-0.020166070269038272,0.038376997564308235
KwaZulu-Natal,Ward 59500084,ETH,16939,9724,0.5740598618572524,18198,9576,0.5262116716122651,15589,5837,0.3744306883058567,-0.04784819024498732,0.07432552098707124
KwaZulu-Natal,Ward 59500085,ETH,15461,8842,0.5718905633529526,16401,8994,0.5483811962685202,14086,4726,0.3355104358937952,-0.02350936708443241,0.06079813724856087
KwaZulu-Natal,Ward 59500086,ETH,14932,8573,0.574136083578891,16158,9092,0.5626934026488427,15418,5447,0.3532883642495784,-0.011442680930048299,0.08210554513795865
KwaZulu-Natal,Ward 59500087,ETH,13218,7452,0.5637766681797549,14705,7447,0.506426385583135,14462,4830,0.3339787028073572,-0.057350282596619895,0.11249810863973364
KwaZulu-Natal,Ward 59500088,ETH,14774,7736,0.5236225802084743,17203,8390,0.4877056327384758,16706,4980,0.2980964922782234,-0.03591694746999852,0.16441045079193173
KwaZulu-Natal,Ward 59500089,ETH,16477,8963,0.5439703829580628,15634,8515,0.5446462837405655,16438,6649,0.4044895972746076,0.0006759007825026808,-0.05116222613339805
KwaZulu-Natal,Ward 59500090,ETH,14678,8004,0.5453058999863741,18855,10684,0.5666401485017237,18496,8398,0.4540441176470588,0.021334248515349596,0.2845755552527591
KwaZulu-Natal,Ward 59500091,ETH,14635,8893,0.6076528869149299,15369,9742,0.6338733814822044,14578,6091,0.4178213746741666,0.026220494567274488,0.05015374103177317
KwaZulu-Natal,Ward 59500092,ETH,17011,11051,0.649638469225795,18887,11532,0.6105787049293164,18318,7519,0.4104705753903264,-0.039059764296478616,0.11028158250543774
KwaZulu-Natal,Ward 59500093,ETH,13831,8439,0.6101511098257537,16813,9996,0.5945399393326593,16703,7062,0.4227982997066395,-0.015611170493094462,0.21560263176921413
KwaZulu-Natal,Ward 59500094,ETH,13650,8276,0.6063003663003663,17729,10876,0.6134581758700435,17391,6018,0.3460410557184751,0.007157809569677154,0.2988278388278389
KwaZulu-Natal,Ward 59500095,ETH,14291,9473,0.6628647400461829,19359,12103,0.625187251407614,19498,8694,0.4458918863473177,-0.0376774886385689,0.3546287873486811
KwaZulu-Natal,Ward 59500096,ETH,14414,9839,0.6826002497571805,17883,11471,0.6414471844768774,18738,8387,0.4475931262674778,-0.04115306528030305,0.24066879422783405
KwaZulu-Natal,Ward 59500097,ETH,13847,8370,0.6044630605907417,15646,10084,0.6445097788572159,15464,7398,0.4784014485256078,0.04004671826647421,0.12991983823210806
KwaZulu-Natal,Ward 59500098,ETH,17637,10865,0.6160344729829336,17135,10832,0.632156405018967,17670,7176,0.4061120543293718,0.016121932036033404,-0.028462890514259764
KwaZulu-Natal,Ward 59500099,ETH,18368,11325,0.6165614111498258,15493,8348,0.5388239850254953,15935,7923,0.4972074050831503,-0.07773742612433043,-0.15652221254355403
KwaZulu-Natal,Ward 59500100,ETH,15548,11121,0.7152688448675071,19518,13801,0.7070908904600881,17627,9212,0.5226073637034095,-0.008177954407418975,0.25533830717777195
KwaZulu-Natal,Ward 59500101,ETH,15996,8727,0.5455738934733684,16754,8668,0.517368986510684,16200,5240,0.3234567901234568,-0.028204906962684406,0.04738684671167781
KwaZulu-Natal,Ward 59500102,ETH,15098,8979,0.5947145317260565,17345,11303,0.6516575381954454,15895,7729,0.4862535388486945,0.05694300646938888,0.14882765929262165
KwaZulu-Natal,Ward 59500103,ETH,14273,9262,0.6489175366075808,16915,11426,0.6754951226721845,17742,9362,0.5276744448202006,0.026577586064603698,0.1851047432214672
KwaZulu-Natal,Ward 52102001,KZN212,3449,2390,0.6929544795592926,4244,2716,0.6399622997172478,3606,1735,0.4811425402107598,-0.05299217984204474,0.23050159466512032
KwaZulu-Natal,Ward 52102002,KZN212,4281,3031,0.7080121466946975,3178,1846,0.5808684707363121,3933,1942,0.4937706585303839,-0.12714367595838538,-0.257650081756599
KwaZulu-Natal,Ward 52102003,KZN212,3726,2036,0.546430488459474,4064,2555,0.6286909448818898,4140,2342,0.5657004830917874,0.08226045642241586,0.09071390230810517
KwaZulu-Natal,Ward 52102004,KZN212,2784,1914,0.6875,3642,2245,0.6164195496979682,3482,1904,0.546812176909822,-0.0710804503020318,0.3081896551724137
KwaZulu-Natal,Ward 52102005,KZN212,4175,2604,0.6237125748502994,4010,2583,0.644139650872818,3892,2199,0.5650051387461459,0.020427076022518587,-0.03952095808383238
KwaZulu-Natal,Ward 52102006,KZN212,4053,2052,0.5062916358253146,4286,2465,0.5751283247783481,3973,941,0.2368487289202114,0.06883668895303352,0.05748828028620778
KwaZulu-Natal,Ward 52102007,KZN212,3465,2134,0.6158730158730159,4153,2590,0.623645557428365,4475,2550,0.5698324022346368,0.007772541555349122,0.1985569985569986
KwaZulu-Natal,Ward 52102008,KZN212,4223,2701,0.6395927066066777,5818,3264,0.5610175317978687,3824,1758,0.4597280334728033,-0.07857517480880893,0.37769358276107035
KwaZulu-Natal,Ward 52102009,KZN212,3756,2529,0.6733226837060703,2187,1271,0.5811614083219021,3804,1599,0.4203470031545741,-0.09216127538416818,-0.41773162939297126
KwaZulu-Natal,Ward 52102010,KZN212,4499,2720,0.6045787952878418,2665,1819,0.6825515947467167,5029,2487,0.4945317160469278,0.07797279945887492,-0.40764614358746387
KwaZulu-Natal,Ward 52103001,KZN213,3372,2115,0.6272241992882562,3565,2083,0.5842917251051893,3694,2021,0.547103410936654,-0.04293247418306689,0.05723606168446027
KwaZulu-Natal,Ward 52103002,KZN213,3746,2374,0.6337426588360918,3847,1893,0.4920717442162724,4213,1884,0.4471872774744837,-0.1416709146198194,0.02696209289909235
KwaZulu-Natal,Ward 52103003,KZN213,3491,2016,0.5774849613291321,4389,2619,0.596719070403281,4009,1853,0.4622100274382639,0.01923410907414891,0.2572328845602978
KwaZulu-Natal,Ward 52103004,KZN213,3999,2465,0.6164041010252563,3977,2370,0.5959265778224793,3962,1833,0.4626451287228672,-0.02047752320277707,-0.00550137534383599
KwaZulu-Natal,Ward 52103005,KZN213,4053,2664,0.6572908956328646,4380,2236,0.5105022831050229,3627,1734,0.47808105872622,-0.1467886125278417,0.08068097705403399
KwaZulu-Natal,Ward 52103006,KZN213,3516,2240,0.6370875995449374,3380,1986,0.5875739644970415,3840,2026,0.5276041666666667,-0.049513635047895965,-0.03868031854379972
KwaZulu-Natal,Ward 52103007,KZN213,3274,1877,0.5733048259010385,4297,2555,0.5946008843379101,3301,1718,0.520448348985156,0.021296058436871657,0.3124618204031766
KwaZulu-Natal,Ward 52103008,KZN213,3621,2120,0.5854736260701464,4087,2463,0.6026425250795204,4341,2330,0.5367426860170468,0.017168899009374017,0.1286937310135321
KwaZulu-Natal,Ward 52103009,KZN213,3164,2013,0.6362199747155499,4072,2080,0.5108055009823183,4220,1638,0.3881516587677725,-0.12541447373323167,0.2869785082174463
KwaZulu-Natal,Ward 52103010,KZN213,4540,2436,0.5365638766519824,3911,2113,0.5402710304270008,3906,1688,0.4321556579621096,0.0037071537750184014,-0.13854625550660793
KwaZulu-Natal,Ward 52103011,KZN213,3753,2071,0.5518252065014655,3617,2350,0.6497097041747304,3602,1880,0.5219322598556357,0.0978844976732649,-0.036237676525446294
KwaZulu-Natal,Ward 52103012,KZN213,4425,2656,0.600225988700565,3806,2201,0.5782974251182343,3224,1896,0.5880893300248139,-0.02192856358233064,-0.13988700564971757
KwaZulu-Natal,Ward 52103013,KZN213,3616,2236,0.6183628318584071,3761,2097,0.5575644775325711,3478,1757,0.5051753881541116,-0.060798354325836024,0.04009955752212391
KwaZulu-Natal,Ward 52103014,KZN213,3458,2158,0.6240601503759399,3726,2188,0.5872249060654858,3722,2185,0.5870499731327243,-0.03683524431045404,0.07750144592249852
KwaZulu-Natal,Ward 52103015,KZN213,4399,2657,0.6040009092975677,4565,2561,0.5610076670317634,4509,2097,0.4650698602794411,-0.042993242265804255,0.037735849056603765
KwaZulu-Natal,Ward 52103016,KZN213,3870,2235,0.5775193798449613,4108,2514,0.6119766309639727,3938,2057,0.5223463687150838,0.034457251119011434,0.06149870801033597
KwaZulu-Natal,Ward 52103017,KZN213,3924,2457,0.6261467889908257,3486,1966,0.5639701663798049,3539,2092,0.5911274371291325,-0.06217662261102075,-0.1116207951070336
KwaZulu-Natal,Ward 52103018,KZN213,4757,3058,0.6428421273912129,3784,2349,0.6207716701902748,3849,2287,0.5941803065731359,-0.022070457200938143,-0.20454067689720412
KwaZulu-Natal,Ward 52103019,KZN213,4043,2638,0.6524857778877071,3834,2253,0.5876369327073553,3759,1940,0.5160947060388401,-0.06484884518035183,-0.05169428642097451
KwaZulu-Natal,Ward 52104001,KZN214,4138,2949,0.7126631222812954,4198,2159,0.514292520247737,4742,2717,0.5729649936735555,-0.19837060203355839,0.014499758337360946
KwaZulu-Natal,Ward 52104002,KZN214,4041,2604,0.6443949517446177,5708,3757,0.6581990189208129,3883,2121,0.546227143960855,0.0138040671761952,0.41252165305617416
KwaZulu-Natal,Ward 52104003,KZN214,4395,2187,0.4976109215017065,5484,2836,0.5171407731582787,4151,1614,0.3888219706094917,0.019529851656572172,0.2477815699658703
KwaZulu-Natal,Ward 52104004,KZN214,3237,2190,0.6765523632993512,3911,2571,0.6573766300178983,3743,2103,0.561848784397542,-0.019175733281452945,0.2082174853259191
KwaZulu-Natal,Ward 52104005,KZN214,4031,2592,0.6430166211858099,4801,2846,0.5927931680899813,4613,2332,0.5055278560589638,-0.05022345309582865,0.19101959811461167
KwaZulu-Natal,Ward 52104006,KZN214,3271,2238,0.6841944359523081,4086,2710,0.6632403328438571,3958,2389,0.6035876705406771,-0.020954103108451028,0.2491592785081016
KwaZulu-Natal,Ward 52104007,KZN214,3660,2421,0.6614754098360656,4501,2883,0.6405243279271273,4013,2306,0.5746324445551956,-0.02095108190893824,0.22978142076502728
KwaZulu-Natal,Ward 52104008,KZN214,4010,2784,0.6942643391521197,4273,2735,0.6400655277322724,3730,2000,0.5361930294906166,-0.05419881141984728,0.0655860349127182
KwaZulu-Natal,Ward 52104009,KZN214,3836,2563,0.6681438998957248,5361,3633,0.6776720761052043,5082,2976,0.5855962219598583,0.009528176209479544,0.3975495307612096
KwaZulu-Natal,Ward 52104010,KZN214,3200,2122,0.663125,3696,2433,0.6582792207792207,3674,2160,0.587915078933043,-0.004845779220779223,0.15500000000000003
KwaZulu-Natal,Ward 52106001,KZN216,4325,2664,0.6159537572254336,5626,3383,0.601315321720583,5843,2705,0.4629471162074277,-0.014638435504850555,0.3008092485549132
KwaZulu-Natal,Ward 52106002,KZN216,4538,2451,0.5401057734684883,3620,2129,0.588121546961326,4616,2447,0.5301126516464472,0.0480157734928377,-0.20229175848391356
KwaZulu-Natal,Ward 52106003,KZN216,4373,2379,0.5440201234850217,4710,2805,0.5955414012738853,4903,2318,0.4727717723842545,0.05152127778886362,0.07706380059455742
KwaZulu-Natal,Ward 52106004,KZN216,4787,3100,0.6475872153749739,5287,3155,0.5967467372801211,4985,2200,0.4413239719157472,-0.050840478094852815,0.1044495508669312
KwaZulu-Natal,Ward 52106005,KZN216,4298,2711,0.6307584923220102,5159,2949,0.571622407443303,4937,2151,0.4356896900951995,-0.05913608487870725,0.2003257328990229
KwaZulu-Natal,Ward 52106006,KZN216,4725,2463,0.5212698412698412,5219,2860,0.547997700708948,4911,2128,0.4333129708816942,0.026727859439106827,0.1045502645502645
KwaZulu-Natal,Ward 52106007,KZN216,4566,3533,0.7737625930792816,5800,4098,0.706551724137931,5058,2840,0.5614867536575722,-0.06721086894135064,0.2702584318878669
KwaZulu-Natal,Ward 52106008,KZN216,3793,2733,0.7205378328499868,4091,2717,0.6641407968711807,5497,2637,0.4797162088411861,-0.05639703597880619,0.07856577906670181
KwaZulu-Natal,Ward 52106009,KZN216,4552,3317,0.7286906854130053,6094,4098,0.6724647193961273,4514,2424,0.5369960124058485,-0.056225966016878015,0.33875219683655544
KwaZulu-Natal,Ward 52106010,KZN216,4623,3146,0.6805104910231451,5737,3352,0.5842774969496253,4772,2275,0.4767393126571668,-0.09623299407351982,0.2409690677049534
KwaZulu-Natal,Ward 52106011,KZN216,3897,2538,0.651270207852194,3772,2332,0.6182396606574762,4902,2334,0.4761321909424724,-0.033030547194717874,-0.03207595586348477
KwaZulu-Natal,Ward 52106012,KZN216,4906,3030,0.6176110884631064,4672,2806,0.6005993150684932,4231,2037,0.4814464665563696,-0.01701177339461324,-0.047696697920913134
KwaZulu-Natal,Ward 52106013,KZN216,3726,2245,0.6025228126677402,3991,2431,0.6091205211726385,4162,2076,0.4987986544930322,0.00659770850489827,0.07112184648416542
KwaZulu-Natal,Ward 52106014,KZN216,3984,2972,0.7459839357429718,5459,3565,0.6530500091591867,4885,2368,0.4847492323439099,-0.09293392658378519,0.37023092369477917
KwaZulu-Natal,Ward 52106015,KZN216,4058,2653,0.6537703302119271,4459,2680,0.6010316214397847,4655,2944,0.6324382384532761,-0.05273870877214237,0.09881715130606206
KwaZulu-Natal,Ward 52106016,KZN216,4062,2447,0.602412604628262,4649,2921,0.6283071628307163,5137,2750,0.5353319057815846,0.025894558202454343,0.14451009354997546
KwaZulu-Natal,Ward 52106017,KZN216,3760,2059,0.5476063829787234,4622,2841,0.6146689744699264,5193,2397,0.4615829000577701,0.06706259149120297,0.22925531914893615
KwaZulu-Natal,Ward 52106018,KZN216,4029,2093,0.5194837428642343,4364,2318,0.5311640696608616,4150,1712,0.4125301204819277,0.011680326796627338,0.08314718292380241
KwaZulu-Natal,Ward 52106019,KZN216,3535,2071,0.5858557284299859,4326,2798,0.646786870087841,4646,2470,0.5316401205337925,0.06093114165785507,0.22376237623762374
KwaZulu-Natal,Ward 52106020,KZN216,4992,3394,0.6798878205128205,6597,3580,0.5426709110201606,5642,2656,0.4707550514002127,-0.13721690949265986,0.32151442307692313
KwaZulu-Natal,Ward 52106021,KZN216,3953,2615,0.6615228940045536,4606,2800,0.60790273556231,4632,1978,0.4270293609671848,-0.05362015844224355,0.1651909941816343
KwaZulu-Natal,Ward 52106022,KZN216,4155,2765,0.6654632972322503,4509,2729,0.6052339764914615,4873,2190,0.4494151446747383,-0.060229320740788794,0.0851985559566788
KwaZulu-Natal,Ward 52106023,KZN216,3870,1911,0.4937984496124031,4327,2384,0.55095909406055,5306,2037,0.3839050131926121,0.05716064444814689,0.1180878552971576
KwaZulu-Natal,Ward 52106024,KZN216,4291,2985,0.695642041482172,5417,3322,0.6132545689496031,5282,2208,0.4180234759560772,-0.08238747253256895,0.26240969470985775
KwaZulu-Natal,Ward 52106025,KZN216,4226,2973,0.70350212967345,4855,3205,0.6601441812564367,4924,2427,0.4928919577579204,-0.04335794841701335,0.148840511121628
KwaZulu-Natal,Ward 52106026,KZN216,4933,3180,0.6446381512264342,3373,2338,0.6931514971835162,3465,1655,0.4776334776334776,0.04851334595708201,-0.3162375836205149
KwaZulu-Natal,Ward 52106027,KZN216,4477,2932,0.6549028367210186,4905,2618,0.5337410805300714,5103,1812,0.3550852439741329,-0.12116175619094716,0.09559973196336835
KwaZulu-Natal,Ward 52106028,KZN216,4684,2966,0.6332194705380018,3911,2555,0.6532856047046791,4277,1976,0.4620060790273556,0.020066134166677352,-0.16502988898377458
KwaZulu-Natal,Ward 52106029,KZN216,4511,3101,0.6874307248947018,5133,2996,0.5836742645626339,4934,2572,0.5212809079854074,-0.10375646033206787,0.1378851695854577
KwaZulu-Natal,Ward 52201001,KZN221,3702,2544,0.6871961102106969,4463,3276,0.7340354021958324,4729,2764,0.5844787481497146,0.04683929198513548,0.2055645596974609
KwaZulu-Natal,Ward 52201002,KZN221,3852,2292,0.5950155763239875,3901,2378,0.6095872853114586,3956,2044,0.5166835187057633,0.014571708987471066,0.01272066458982346
KwaZulu-Natal,Ward 52201003,KZN221,4296,2863,0.6664338919925512,4848,3277,0.6759488448844885,5085,2860,0.5624385447394297,0.009514952891937267,0.12849162011173187
KwaZulu-Natal,Ward 52201004,KZN221,3944,2551,0.6468052738336714,3796,2515,0.6625395152792413,4138,1974,0.4770420492991784,0.015734241445569896,-0.03752535496957399
KwaZulu-Natal,Ward 52201005,KZN221,4296,2755,0.6412942271880819,3615,2267,0.6271092669432918,3657,1884,0.5151763740771124,-0.014184960244790101,-0.15851955307262566
KwaZulu-Natal,Ward 52201006,KZN221,3560,2610,0.7331460674157303,4154,2847,0.6853635050553684,4157,2288,0.5503969208563868,-0.047782562360361935,0.16685393258426973
KwaZulu-Natal,Ward 52201007,KZN221,3516,2271,0.6459044368600683,3962,2825,0.7130237253912166,3514,1912,0.5441092771770063,0.06711928853114835,0.12684869169510815
KwaZulu-Natal,Ward 52201008,KZN221,3777,2694,0.7132644956314536,4041,2698,0.6676565206632021,3770,2033,0.5392572944297083,-0.04560797496825142,0.06989674344718022
KwaZulu-Natal,Ward 52201009,KZN221,3721,2419,0.6500940607363612,4094,2841,0.6939423546653639,4405,1847,0.4192962542565266,0.04384829392900269,0.10024187046492883
KwaZulu-Natal,Ward 52201010,KZN221,3852,2638,0.6848390446521287,4439,2899,0.6530750168956972,5203,3021,0.5806265615990774,-0.0317640277564315,0.15238836967808922
KwaZulu-Natal,Ward 52201011,KZN221,3687,2640,0.7160292921074044,4173,2994,0.7174694464414091,4176,2420,0.5795019157088123,0.001440154334004684,0.13181448331977208
KwaZulu-Natal,Ward 52201012,KZN221,3582,2523,0.7043551088777219,3877,2707,0.6982202734072737,3795,2111,0.5562582345191041,-0.006134835470448241,0.08235622557230604
KwaZulu-Natal,Ward 52201013,KZN221,3755,2348,0.6252996005326231,3649,2443,0.6694984927377363,3501,1640,0.4684375892602114,0.044198892205113194,-0.028229027962716424
KwaZulu-Natal,Ward 52202001,KZN222,3317,2006,0.6047633403678022,3864,2334,0.6040372670807453,3635,1900,0.5226960110041265,-0.000726073287056872,0.164908049442267
KwaZulu-Natal,Ward 52202002,KZN222,2849,1566,0.5496665496665497,3717,2430,0.6537530266343826,5066,3030,0.5981050138176076,0.10408647696783291,0.30466830466830475
KwaZulu-Natal,Ward 52202003,KZN222,3319,2087,0.6288038565833082,3572,2237,0.6262597984322509,3951,1903,0.4816502151354087,-0.0025440581510572935,0.07622777945164216
KwaZulu-Natal,Ward 52202004,KZN222,3784,2466,0.6516913319238901,3689,2271,0.6156139875304961,3606,2003,0.5554631170271769,-0.03607734439339394,-0.025105708245243163
KwaZulu-Natal,Ward 52202005,KZN222,4088,3191,0.7805772994129159,3327,2632,0.7911030958821761,4689,3482,0.7425890381744509,0.010525796469260218,-0.18615459882583174
KwaZulu-Natal,Ward 52202006,KZN222,4167,2916,0.6997840172786177,5000,3824,0.7648,4631,2890,0.6240552796372274,0.06501598272138231,0.19990400767938565
KwaZulu-Natal,Ward 52202007,KZN222,3798,2655,0.6990521327014217,4292,3167,0.7378844361602982,4796,2995,0.6244787322768974,0.03883230345887645,0.13006845708267512
KwaZulu-Natal,Ward 52202008,KZN222,3968,2516,0.6340725806451613,5690,3742,0.6576449912126537,3910,2250,0.5754475703324808,0.023572410567492486,0.4339717741935485
KwaZulu-Natal,Ward 52202009,KZN222,4036,2732,0.6769078295341923,5221,3461,0.66289982761923,3568,1876,0.5257847533632287,-0.01400800191496221,0.29360753221010905
KwaZulu-Natal,Ward 52202010,KZN222,3158,2249,0.7121595946801773,3699,2551,0.6896458502297919,3601,1796,0.4987503471257984,-0.022513744450385453,0.17131095630145654
KwaZulu-Natal,Ward 52202011,KZN222,4075,2786,0.683680981595092,4275,2900,0.6783625730994152,4152,2268,0.546242774566474,-0.005318408495676885,0.04907975460122693
KwaZulu-Natal,Ward 52202012,KZN222,4273,3017,0.7060613152351978,5218,3498,0.6703717899578383,4400,2656,0.6036363636363636,-0.03568952527735947,0.2211560964193775
KwaZulu-Natal,Ward 52203001,KZN223,4465,2739,0.613437849944009,2846,1822,0.640196767392832,2833,1277,0.4507589128132721,0.026758917448823083,-0.36259798432250845
KwaZulu-Natal,Ward 52203002,KZN223,3182,1676,0.5267127592708988,2662,1584,0.5950413223140496,3183,1545,0.4853911404335532,0.06832856304315083,-0.16341923318667506
KwaZulu-Natal,Ward 52203003,KZN223,3892,2582,0.6634121274409044,3351,2203,0.6574156968069234,3374,1829,0.5420865441612329,-0.005996430633981031,-0.1390030832476875
KwaZulu-Natal,Ward 52203004,KZN223,4331,2628,0.60678827060725,3320,2208,0.6650602409638554,3796,1933,0.5092202318229716,0.05827197035660536,-0.23343338720849693
KwaZulu-Natal,Ward 52204001,KZN224,3939,2293,0.5821274435135821,3895,2802,0.7193838254172016,4055,2307,0.5689272503082614,0.13725638190361944,-0.01117034780401116
KwaZulu-Natal,Ward 52204002,KZN224,4121,2605,0.632128124241689,4401,2951,0.6705294251306522,3441,1983,0.5762859633827376,0.03840130088896321,0.06794467362290701
KwaZulu-Natal,Ward 52204003,KZN224,4216,2629,0.6235768500948766,4059,2699,0.6649421039664942,2929,1574,0.5373847729600546,0.0413652538716176,-0.037239089184060714
KwaZulu-Natal,Ward 52204004,KZN224,3442,2151,0.6249273678094132,4660,3227,0.6924892703862661,3425,1882,0.5494890510948905,0.0675619025768529,0.3538640325392213
KwaZulu-Natal,Ward 52205001,KZN225,7994,5530,0.691768826619965,10643,7485,0.703279150615428,8400,4775,0.5684523809523809,0.011510323995463034,0.3313735301476106
KwaZulu-Natal,Ward 52205002,KZN225,7451,5310,0.7126560193262649,9897,7081,0.7154693341416591,7243,4048,0.5588844401491095,0.0028133148153942633,0.3282780834787278
KwaZulu-Natal,Ward 52205003,KZN225,7961,5765,0.7241552568772768,9795,7528,0.7685553854007147,7551,4464,0.5911799761620977,0.04440012852343789,0.230373068709961
KwaZulu-Natal,Ward 52205004,KZN225,7870,5742,0.7296060991105464,9666,7003,0.7244982412580178,7315,3944,0.5391660970608338,-0.005107857852528652,0.22820838627700124
KwaZulu-Natal,Ward 52205005,KZN225,7153,4924,0.6883824968544666,9297,7101,0.7637947725072604,9356,5124,0.5476699444206926,0.07541227565279374,0.2997343771843981
KwaZulu-Natal,Ward 52205006,KZN225,7558,4989,0.6600952632971686,8121,5944,0.7319295653244674,8171,4330,0.5299228980540938,0.07183430202729879,0.07449060598041801
KwaZulu-Natal,Ward 52205007,KZN225,8631,5946,0.6889120611748349,7778,5685,0.7309076883517613,7688,4698,0.6110822060353798,0.0419956271769264,-0.0988297995597266
KwaZulu-Natal,Ward 52205008,KZN225,6852,4744,0.6923525977816696,7710,5521,0.716083009079118,7447,4101,0.5506915536457634,0.02373041129744846,0.12521891418563924
KwaZulu-Natal,Ward 52205009,KZN225,7708,4978,0.6458225220550078,8373,6002,0.7168278991998089,8463,4482,0.5295994328252392,0.07100537714480115,0.08627400103788263
KwaZulu-Natal,Ward 52205010,KZN225,7116,5082,0.7141652613827993,7639,5523,0.7230003927215604,7391,3535,0.4782843999458801,0.008835131338761015,0.0734963462619449
KwaZulu-Natal,Ward 52205011,KZN225,7532,5045,0.6698088157195964,9330,6582,0.7054662379421222,9387,4765,0.5076169170128901,0.03565742222252577,0.23871481678173123
KwaZulu-Natal,Ward 52205012,KZN225,6684,4124,0.6169958108916817,7239,4817,0.6654234010222406,7481,3568,0.4769415853495522,0.04842759013055897,0.08303411131059235
KwaZulu-Natal,Ward 52205013,KZN225,7994,5043,0.6308481361020766,12067,7840,0.6497058092317892,9086,3943,0.4339643407440017,0.01885767312971265,0.5095071303477607
KwaZulu-Natal,Ward 52205014,KZN225,7142,4586,0.6421170540464856,8071,5866,0.7267996530789246,7882,3724,0.4724689165186501,0.08468259903243902,0.1300756090730888
KwaZulu-Natal,Ward 52205015,KZN225,7767,5017,0.6459379425775718,10693,7253,0.6782942111661835,8133,3458,0.4251813598917988,0.032356268588611736,0.37672202909746355
KwaZulu-Natal,Ward 52205016,KZN225,7716,5038,0.652928978745464,8098,5448,0.6727587058532971,7891,3284,0.416170320618426,0.01982972710783315,0.049507516848107835
KwaZulu-Natal,Ward 52205017,KZN225,8152,5160,0.6329735034347399,9877,6752,0.683608383112281,8223,3338,0.4059345737565365,0.0506348796775411,0.211604514229637
KwaZulu-Natal,Ward 52205018,KZN225,7620,4516,0.5926509186351706,8943,6158,0.6885832494688583,8192,3871,0.4725341796875,0.09593233083368768,0.17362204724409458
KwaZulu-Natal,Ward 52205019,KZN225,8450,4994,0.5910059171597634,9257,6035,0.6519390731338447,8792,3689,0.4195859872611465,0.06093315597408133,0.09550295857988167
KwaZulu-Natal,Ward 52205020,KZN225,6600,4538,0.6875757575757576,7675,5276,0.6874267100977198,7471,3510,0.4698166242805515,-0.00014904747803778928,0.16287878787878785
KwaZulu-Natal,Ward 52205021,KZN225,6518,4723,0.7246087756980669,7931,5229,0.6593115622241836,7767,3970,0.5111368610789236,-0.06529721347388329,0.21678428965940477
KwaZulu-Natal,Ward 52205022,KZN225,7096,4264,0.6009019165727171,8610,5929,0.6886178861788618,8496,3696,0.4350282485875706,0.0877159696061447,0.21335963923337098
KwaZulu-Natal,Ward 52205023,KZN225,7359,4649,0.6317434434026362,8189,4585,0.5598974233728172,8213,3606,0.4390600267868014,-0.07184602002981899,0.11278706345970924
KwaZulu-Natal,Ward 52205024,KZN225,8045,4258,0.5292728402734618,9408,5425,0.5766369047619048,8905,3264,0.366535654126895,0.04736406448844299,0.1694220012430081
KwaZulu-Natal,Ward 52205025,KZN225,7106,4397,0.6187728679988742,8037,5524,0.6873211397287545,7674,4288,0.5587698722960647,0.06854827172988032,0.13101604278074874
KwaZulu-Natal,Ward 52205026,KZN225,8011,4870,0.6079141180876295,8936,5903,0.6605863921217547,9108,4731,0.519433465085639,0.05267227403412522,0.11546623392834854
KwaZulu-Natal,Ward 52205027,KZN225,6940,2995,0.4315561959654179,7300,3625,0.4965753424657534,6988,2228,0.3188322839152833,0.06501914650033552,0.05187319884726227
KwaZulu-Natal,Ward 52205028,KZN225,7953,4411,0.5546334716459198,9157,5463,0.596592770558043,8971,4027,0.4488908705829896,0.041959298912123244,0.15138941280020113
KwaZulu-Natal,Ward 52205029,KZN225,8018,3756,0.46844599650785734,9721,6120,0.6295648595823475,8566,4109,0.4796871351856175,0.1611188630744902,0.21239710651035182
KwaZulu-Natal,Ward 52205030,KZN225,8481,4928,0.5810635538261998,10402,6768,0.6506441069025187,9605,4868,0.5068193649141073,0.06958055307631894,0.22650630821837048
KwaZulu-Natal,Ward 52205031,KZN225,7803,3899,0.499679610406254,9128,5271,0.5774539877300614,9393,3985,0.4242521026296178,0.07777437732380738,0.1698064846853775
KwaZulu-Natal,Ward 52205032,KZN225,7017,4012,0.5717543109590993,9097,5788,0.6362537100142904,8811,3753,0.4259448416751787,0.06449939905519109,0.2964229727803904
KwaZulu-Natal,Ward 52205033,KZN225,7590,3726,0.4909090909090909,9125,4828,0.529095890410959,9207,3488,0.3788421852937982,0.03818679950186804,0.20223978919631103
KwaZulu-Natal,Ward 52205034,KZN225,8260,4770,0.5774818401937046,6671,4276,0.6409833608154699,9356,3688,0.3941855493800769,0.06350152062176528,-0.19237288135593222
KwaZulu-Natal,Ward 52205035,KZN225,8487,5094,0.6002120890774125,9479,6399,0.6750712100432535,9249,4788,0.5176775867661368,0.07485912096584102,0.11688464710734059
KwaZulu-Natal,Ward 52205036,KZN225,7750,4592,0.592516129032258,7348,4601,0.6261567773543821,7807,2936,0.3760727552196746,0.0336406483221241,-0.05187096774193545
KwaZulu-Natal,Ward 52205037,KZN225,8323,5211,0.6260963594857624,7801,5021,0.6436354313549545,7803,3920,0.5023708829937203,0.017539071869192124,-0.06271777003484325
KwaZulu-Natal,Ward 52206001,KZN226,4882,3690,0.7558377714051618,5786,3929,0.6790528862772208,4943,2517,0.5092049362735181,-0.07678488512794102,0.18517001229004504
KwaZulu-Natal,Ward 52206002,KZN226,4845,3643,0.7519091847265222,3762,2742,0.7288676236044657,5060,863,0.1705533596837944,-0.023041561122056575,-0.22352941176470587
KwaZulu-Natal,Ward 52206003,KZN226,3229,1954,0.6051409104986064,4527,2863,0.6324276562845151,4866,2215,0.4551993423756679,0.027286745785908728,0.40198203778259534
KwaZulu-Natal,Ward 52206004,KZN226,4632,2833,0.6116148531951641,3550,2117,0.596338028169014,3963,1938,0.4890234670704012,-0.01527682502615002,-0.2335924006908463
KwaZulu-Natal,Ward 52206005,KZN226,3450,2254,0.6533333333333333,4003,2655,0.6632525605795653,4179,801,0.1916726489590811,0.009919227246231954,0.16028985507246385
KwaZulu-Natal,Ward 52206006,KZN226,3810,2285,0.5997375328083989,4659,2816,0.6044215496887744,4433,2348,0.5296638845025942,0.004684016880375452,0.22283464566929134
KwaZulu-Natal,Ward 52206007,KZN226,4034,2466,0.6113039167079821,3602,1944,0.5397001665741255,3789,1870,0.4935339139614674,-0.07160375013385667,-0.10708973723351511
KwaZulu-Natal,Ward 52207001,KZN227,3642,2044,0.5612300933552993,4153,2452,0.5904165663375873,4919,2253,0.4580199227485261,0.029186472982288048,0.1403075233388249
KwaZulu-Natal,Ward 52207002,KZN227,3929,2499,0.6360397047594808,4884,2763,0.5657248157248157,5171,2164,0.4184877199767937,-0.0703148890346651,0.2430643929753118
KwaZulu-Natal,Ward 52207003,KZN227,3574,2422,0.6776720761052043,3972,2661,0.6699395770392749,4547,2393,0.5262810644380911,-0.007732499065929432,0.11135982092893126
KwaZulu-Natal,Ward 52207004,KZN227,3531,2224,0.6298499008779382,4423,2778,0.6280804883563192,4528,2384,0.5265017667844523,-0.001769412521618996,0.2526196544888133
KwaZulu-Natal,Ward 52207005,KZN227,4806,2856,0.5942571785268415,4930,2857,0.5795131845841786,4892,2619,0.5353638593622241,-0.014743993942662903,0.025801081980857177
KwaZulu-Natal,Ward 52207006,KZN227,3841,2253,0.5865659984379068,4235,2489,0.5877213695395513,4238,2537,0.5986314299197735,0.0011553711016445423,0.10257745378807592
KwaZulu-Natal,Ward 52207007,KZN227,5406,3344,0.6185719570847207,5568,3254,0.5844109195402298,4267,2023,0.4741035856573705,-0.034161037544490847,0.029966703662597016
KwaZulu-Natal,Ward 52305001,KZN235,3590,2214,0.6167130919220055,3922,2317,0.5907700152983172,3953,2199,0.5562863647862383,-0.025943076623688333,0.09247910863509756
KwaZulu-Natal,Ward 52305002,KZN235,4295,2806,0.6533178114086147,4533,2622,0.5784248841826605,4499,2708,0.601911535896866,-0.0748929272259542,0.055413271245634554
KwaZulu-Natal,Ward 52305003,KZN235,3467,2339,0.6746466685895587,3986,2424,0.6081284495735073,4027,2412,0.598957039980134,-0.06651821901605137,0.1496971445053361
KwaZulu-Natal,Ward 52305004,KZN235,3520,2253,0.6400568181818181,3874,2326,0.6004130098089829,4333,2559,0.5905838910685437,-0.03964380837283521,0.10056818181818183
KwaZulu-Natal,Ward 52305005,KZN235,3832,2249,0.5868997912317327,4302,2392,0.5560204556020456,4447,2391,0.5376658421407691,-0.030879335629687144,0.12265135699373686
KwaZulu-Natal,Ward 52305006,KZN235,3882,2460,0.633693972179289,4271,2570,0.6017326153125732,4159,2145,0.5157489781197403,-0.03196135686671586,0.10020607934054615
KwaZulu-Natal,Ward 52305007,KZN235,3547,2103,0.5928954045672399,4078,2382,0.5841098577734184,3946,1814,0.459706031424227,-0.008785546793821486,0.14970397519030176
KwaZulu-Natal,Ward 52305008,KZN235,3654,2166,0.5927750410509032,4195,2452,0.5845053635280095,4211,2268,0.5385894086915222,-0.008269677522893648,0.14805692391899283
KwaZulu-Natal,Ward 52305009,KZN235,3765,2211,0.5872509960159362,4194,2432,0.5798760133524082,4220,2282,0.5407582938388625,-0.007374982663527985,0.1139442231075698
KwaZulu-Natal,Ward 52305010,KZN235,3837,2473,0.6445139431847797,3963,2302,0.5808730759525612,4078,2212,0.5424227562530652,-0.06364086723221851,0.03283815480844399
KwaZulu-Natal,Ward 52305011,KZN235,4264,2775,0.650797373358349,3652,2244,0.6144578313253012,3709,1981,0.5341062280938258,-0.03633954203304779,-0.1435272045028143
KwaZulu-Natal,Ward 52305012,KZN235,3708,2417,0.6518338727076591,4056,2628,0.6479289940828402,4257,2435,0.5719990603711534,-0.0039048786248189193,0.09385113268608425
KwaZulu-Natal,Ward 52305013,KZN235,4213,2567,0.6093045335865179,3636,2226,0.6122112211221122,3474,1932,0.5561312607944733,0.00290668753559431,-0.13695703774032753
KwaZulu-Natal,Ward 52305014,KZN235,3726,2536,0.6806226516371444,4085,2603,0.6372093023255814,4265,2623,0.6150058616647128,-0.04341334931156304,0.09634997316156735
KwaZulu-Natal,Ward 52401001,KZN241,2550,1720,0.6745098039215687,4232,2587,0.6112948960302458,4221,2481,0.587775408670931,-0.06321490789132289,0.659607843137255
KwaZulu-Natal,Ward 52401002,KZN241,5150,2721,0.5283495145631067,4083,2474,0.6059270144501592,4042,1849,0.4574468085106383,0.07757749988705243,-0.20718446601941742
KwaZulu-Natal,Ward 52401003,KZN241,4861,2919,0.6004937255708702,4259,2645,0.6210378023010096,4618,2682,0.5807708964919879,0.02054407673013936,-0.12384283069327295
KwaZulu-Natal,Ward 52401004,KZN241,3968,2170,0.546875,4099,2211,0.5393998536228348,3981,1859,0.4669680984677217,-0.007475146377165176,0.033014112903225756
KwaZulu-Natal,Ward 52401005,KZN241,3903,2272,0.5821163207788881,4466,2637,0.590461262875056,4785,2189,0.4574712643678161,0.008344942096167873,0.14424801434793744
KwaZulu-Natal,Ward 52401006,KZN241,4068,2113,0.5194198623402163,4388,2432,0.5542388331814039,4284,1955,0.4563492063492063,0.03481897084118757,0.07866273352999009
KwaZulu-Natal,Ward 52402001,KZN242,4551,2848,0.6257965282355527,4803,2870,0.5975432021653133,4145,2504,0.6041013268998794,-0.028253326070239337,0.05537244561634802
KwaZulu-Natal,Ward 52402002,KZN242,3667,2323,0.6334878647395691,4988,3101,0.621692060946271,3711,2168,0.5842091080571274,-0.011795803793298032,0.3602399781838015
KwaZulu-Natal,Ward 52402003,KZN242,3928,2443,0.6219450101832994,4204,2354,0.5599429115128449,4781,2636,0.5513490901485045,-0.062002098670454475,0.070264765784114
KwaZulu-Natal,Ward 52402004,KZN242,3748,2168,0.5784418356456777,4249,2255,0.5307131089668157,4104,2032,0.4951267056530214,-0.04772872667886208,0.13367129135538947
KwaZulu-Natal,Ward 52402005,KZN242,3793,2325,0.6129712628526233,3948,2296,0.5815602836879432,4205,1932,0.4594530321046373,-0.03141097916468005,0.0408647508568416
KwaZulu-Natal,Ward 52402006,KZN242,3032,1782,0.587730870712401,4430,2639,0.5957110609480812,4622,2359,0.5103851146689745,0.007980190235680196,0.46108179419525075
KwaZulu-Natal,Ward 52402007,KZN242,3955,2532,0.6402022756005057,3900,2147,0.5505128205128205,3983,2094,0.5257343710770775,-0.08968945508768522,-0.013906447534766109
KwaZulu-Natal,Ward 52402008,KZN242,3451,2161,0.6261953057084902,4269,2539,0.5947528695244788,4148,2151,0.5185631629701061,-0.031442436184011435,0.2370327441321356
KwaZulu-Natal,Ward 52402009,KZN242,4291,2320,0.5406665113027266,4581,2475,0.5402750491159135,3711,1701,0.4583670169765562,-0.0003914621868130741,0.06758331391284078
KwaZulu-Natal,Ward 52402010,KZN242,4387,2679,0.6106678823797583,5048,3157,0.6253961965134707,4199,2288,0.544891640866873,0.014728314133712339,0.15067244130385227
KwaZulu-Natal,Ward 52402011,KZN242,3873,2553,0.6591789310611929,5081,3159,0.6217280062979729,3953,2182,0.5519858335441437,-0.037450924763219984,0.3119029176349084
KwaZulu-Natal,Ward 52402012,KZN242,3634,2256,0.6208035222894882,4822,2746,0.5694732476150974,4411,2421,0.5488551348900476,-0.051330274674390775,0.3269124931205283
KwaZulu-Natal,Ward 52402013,KZN242,4058,2535,0.6246919664859537,4789,2773,0.5790352892044268,4787,2738,0.5719657405473156,-0.04565667728152689,0.18013799901429284
KwaZulu-Natal,Ward 52402014,KZN242,4189,2216,0.5290045356887085,4849,2508,0.5172200453701794,4193,2215,0.5282613880276652,-0.011784490318529128,0.15755550250656492
KwaZulu-Natal,Ward 52402015,KZN242,4202,2769,0.6589719181342218,4980,2847,0.5716867469879519,4123,2212,0.5365025466893039,-0.08728517114626999,0.1851499286054259
KwaZulu-Natal,Ward 52402016,KZN242,3400,2082,0.6123529411764705,4032,2376,0.5892857142857143,4651,2509,0.539453880885831,-0.023067226890756243,0.1858823529411764
KwaZulu-Natal,Ward 52402017,KZN242,3617,2284,0.6314625380149295,4124,2443,0.5923860329776915,4060,2119,0.5219211822660098,-0.03907650503723792,0.14017141277301626
KwaZulu-Natal,Ward 52404001,KZN244,4411,2842,0.6442983450464748,5206,3151,0.6052631578947368,4089,2174,0.5316703350452433,-0.03903518715173793,0.18023124008161417
KwaZulu-Natal,Ward 52404002,KZN244,4131,2574,0.6230936819172114,5090,3246,0.637721021611002,4399,2325,0.5285292111843601,0.014627339693790598,0.2321471798595982
KwaZulu-Natal,Ward 52404003,KZN244,4028,2797,0.6943892750744787,4873,3384,0.6944387441001436,5023,3069,0.610989448536731,4.9469025664938826e-05,0.20978152929493543
KwaZulu-Natal,Ward 52404004,KZN244,4399,2887,0.6562855194362355,5438,3757,0.6908789996322178,4546,2509,0.5519137703475583,0.034593480195982296,0.2361900431916344
KwaZulu-Natal,Ward 52404005,KZN244,4372,2871,0.6566788655077768,5154,3557,0.6901435778036477,3785,2254,0.5955085865257596,0.03346471229587089,0.17886550777676113
KwaZulu-Natal,Ward 52404006,KZN244,4050,2729,0.6738271604938272,4893,3454,0.7059063968935213,4034,2201,0.545612295488349,0.03207923639969412,0.2081481481481482
KwaZulu-Natal,Ward 52404007,KZN244,4489,3168,0.7057251058142125,4994,3399,0.6806167400881057,4523,2486,0.5496351978775149,-0.025108365726106863,0.11249721541545998
KwaZulu-Natal,Ward 52404008,KZN244,4018,2919,0.7264808362369338,4643,3363,0.7243161748869266,4394,2605,0.5928538916704598,-0.0021646613500072576,0.15555002488800396
KwaZulu-Natal,Ward 52404009,KZN244,3385,2168,0.6404726735598227,4004,2663,0.6650849150849151,3948,2156,0.5460992907801419,0.024612241525092338,0.18286558345642545
KwaZulu-Natal,Ward 52404010,KZN244,3928,2696,0.6863543788187373,5235,3719,0.7104106972301815,4075,3004,0.7371779141104294,0.024056318411444177,0.3327393075356415
KwaZulu-Natal,Ward 52404011,KZN244,3955,3598,0.9097345132743363,4651,3140,0.6751236293270264,4287,2719,0.6342430604152087,-0.2346108839473099,0.17597977243994944
KwaZulu-Natal,Ward 52404012,KZN244,3754,2436,0.648907831646244,4466,2709,0.6065830721003135,4230,2596,0.6137115839243499,-0.04232475954593051,0.1896643580181141
KwaZulu-Natal,Ward 52404013,KZN244,3503,2447,0.6985441050528118,4079,2950,0.7232164746261338,4183,2422,0.579010279703562,0.024672369573321973,0.16443048815301164
KwaZulu-Natal,Ward 52404014,KZN244,3573,2417,0.6764623565631123,4966,3447,0.6941200161095449,3687,2185,0.5926227285055601,0.017657659546432614,0.3898684578785334
KwaZulu-Natal,Ward 52404015,KZN244,3570,2412,0.6756302521008404,4103,2752,0.6707287350718986,4067,2601,0.6395377428079666,-0.004901517028941815,0.1492997198879551
KwaZulu-Natal,Ward 52404016,KZN244,3769,2578,0.6840010612894667,4119,2695,0.6542850206360767,3790,2029,0.5353562005277045,-0.029716040653389952,0.09286282833642878
KwaZulu-Natal,Ward 52404017,KZN244,4258,2844,0.6679192108971348,5173,3344,0.646433404214189,3513,1920,0.5465414175918019,-0.02148580668294575,0.2148896195396901
KwaZulu-Natal,Ward 52404018,KZN244,3681,2367,0.6430317848410758,4281,2752,0.642840457836954,4173,2161,0.5178528636472561,-0.0001913270041218329,0.16299918500407506
KwaZulu-Natal,Ward 52405001,KZN245,4045,2594,0.6412855377008653,4624,2994,0.6474913494809689,4782,2739,0.5727728983688833,0.006205811780103598,0.14313967861557475
KwaZulu-Natal,Ward 52405002,KZN245,4369,2829,0.6475165941863127,3815,2480,0.6500655307994757,3758,1951,0.5191591271953166,0.002548936613163022,-0.12680247196154726
KwaZulu-Natal,Ward 52405003,KZN245,4815,3307,0.6868120456905503,3674,2472,0.6728361458900382,3635,2269,0.6242090784044017,-0.01397589980051217,-0.2369678089304258
KwaZulu-Natal,Ward 52405004,KZN245,3786,2424,0.6402535657686212,3920,2480,0.6326530612244898,4537,2451,0.5402248181617809,-0.0076005045441314145,0.03539355520338083
KwaZulu-Natal,Ward 52405005,KZN245,3998,2405,0.6015507753876939,4733,2899,0.6125079230931756,4449,2429,0.5459653854798832,0.010957147705481729,0.18384192096048024
KwaZulu-Natal,Ward 52405006,KZN245,3918,2300,0.587034201123022,4458,2725,0.6112606550022431,4399,2464,0.5601273016594681,0.024226453879221177,0.13782542113323126
KwaZulu-Natal,Ward 52405007,KZN245,4561,3314,0.7265950449462837,5185,3535,0.6817743490838959,5885,3340,0.5675446049277825,-0.044820695862387794,0.13681210260907695
KwaZulu-Natal,Ward 52405008,KZN245,4240,2811,0.6629716981132076,3520,2588,0.7352272727272727,3510,2382,0.6786324786324787,0.07225557461406518,-0.16981132075471694
KwaZulu-Natal,Ward 52405009,KZN245,3397,1836,0.5404768913747424,3742,2096,0.5601282736504543,4202,2261,0.5380771061399333,0.019651382275711837,0.10156020017662648
KwaZulu-Natal,Ward 52405010,KZN245,3976,2157,0.5425050301810865,3853,2119,0.549961069296652,3317,1318,0.3973470003014772,0.0074560391155654715,-0.030935613682092522
KwaZulu-Natal,Ward 52405011,KZN245,3359,2265,0.6743078297112236,4698,3278,0.6977437207322265,4548,2627,0.5776165347405453,0.023435891021002853,0.3986305448050016
KwaZulu-Natal,Ward 52502001,KZN252,4959,3163,0.637830207703166,4733,2909,0.6146207479399958,4913,2158,0.4392428251577447,-0.023209459763170237,-0.04557370437588226
KwaZulu-Natal,Ward 52502002,KZN252,5436,3129,0.57560706401766,4827,3314,0.686554795939507,5015,2776,0.5535393818544367,0.11094773192184693,-0.11203090507726265
KwaZulu-Natal,Ward 52502003,KZN252,4250,2087,0.49105882352941177,4721,2038,0.4316882016521923,4485,2090,0.4659977703455964,-0.059370621877219476,0.11082352941176477
KwaZulu-Natal,Ward 52502004,KZN252,4337,2367,0.5457689647221582,4671,2783,0.5958038963819311,4547,2297,0.5051682427974489,0.05003493165977291,0.07701175928060877
KwaZulu-Natal,Ward 52502005,KZN252,4465,2153,0.4821948488241881,6313,2962,0.4691905591636306,5874,1796,0.3057541709227102,-0.0130042896605575,0.4138857782754759
KwaZulu-Natal,Ward 52502006,KZN252,6242,4188,0.6709388016661326,4984,3059,0.6137640449438202,5617,2896,0.5155777105216308,-0.057174756722312425,-0.20153796859980777
KwaZulu-Natal,Ward 52502007,KZN252,6441,4089,0.6348393106660456,5834,3517,0.6028453890983888,6261,2540,0.4056859926529308,-0.03199392156765679,-0.09424002484086325
KwaZulu-Natal,Ward 52502008,KZN252,4149,2638,0.6358158592431912,4586,2932,0.639337112952464,4431,2173,0.4904084856691492,0.003521253709272809,0.10532658471920953
KwaZulu-Natal,Ward 52502009,KZN252,4912,2988,0.6083061889250815,5489,3508,0.6390963745673165,5519,2577,0.4669324152926254,0.030790185642235013,0.11746742671009769
KwaZulu-Natal,Ward 52502010,KZN252,4856,2996,0.6169686985172982,4161,2499,0.6005767844268205,4224,1923,0.4552556818181818,-0.01639191409047769,-0.1431219110378913
KwaZulu-Natal,Ward 52502011,KZN252,4235,2564,0.60543093270366,4708,3055,0.6488954970263382,4633,2202,0.4752859917979711,0.0434645643226782,0.11168831168831161
KwaZulu-Natal,Ward 52502012,KZN252,4401,2792,0.6344012724380823,5656,3464,0.6124469589816125,5738,2877,0.5013942140118508,-0.02195431345646981,0.28516246307657345
KwaZulu-Natal,Ward 52502013,KZN252,4072,2627,0.6451375245579568,4618,2922,0.6327414465136423,4308,1900,0.4410399257195914,-0.012396078044314529,0.13408644400785863
KwaZulu-Natal,Ward 52502014,KZN252,4917,2602,0.5291844620703681,6758,3527,0.5218999704054454,6010,2930,0.4875207986688852,-0.007284491664922621,0.37441529387838113
KwaZulu-Natal,Ward 52502015,KZN252,4178,2487,0.5952608903781714,5719,3503,0.6125196712712012,5739,2889,0.5033978044955567,0.01725878089302979,0.3688367640019148
KwaZulu-Natal,Ward 52502016,KZN252,5563,3478,0.6252022290131224,6342,3980,0.6275622831914223,5487,2744,0.5000911244760342,0.002360054178299875,0.14003235664209956
KwaZulu-Natal,Ward 52502017,KZN252,4017,2620,0.6522280308688075,5311,3456,0.6507249105629825,5838,2891,0.4952038369304556,-0.0015031203058250009,0.3221309434901667
KwaZulu-Natal,Ward 52502018,KZN252,5341,3368,0.6305935218123947,5381,3270,0.6076937372235643,6025,3271,0.5429045643153527,-0.022899784588830352,0.00748923422580039
KwaZulu-Natal,Ward 52502019,KZN252,5001,3004,0.6006798640271945,5948,3607,0.6064223268325487,5866,2700,0.4602795772246846,0.005742462805354176,0.189362127574485
KwaZulu-Natal,Ward 52502020,KZN252,5955,3965,0.6658270361041142,4565,2733,0.5986856516976999,4488,2051,0.4569964349376114,-0.06714138440641426,-0.23341729638958864
KwaZulu-Natal,Ward 52502021,KZN252,5191,3096,0.596416875361202,4750,2887,0.6077894736842105,5054,2481,0.4908982983775227,0.01137259832300852,-0.08495472933924098
KwaZulu-Natal,Ward 52502022,KZN252,4495,2608,0.5802002224694105,5605,2450,0.4371097234611953,5201,1955,0.3758892520669102,-0.1430904990082152,0.2469410456062291
KwaZulu-Natal,Ward 52502023,KZN252,4466,2781,0.622704881325571,5548,3300,0.5948089401586157,4929,2125,0.4311219314262527,-0.027895941166955263,0.24227496641289736
KwaZulu-Natal,Ward 52502024,KZN252,4405,2573,0.5841089670828604,5572,3208,0.5757358219669777,5885,2278,0.3870858113848768,-0.008373145115882719,0.2649262202043132
KwaZulu-Natal,Ward 52502025,KZN252,4600,2746,0.5969565217391304,4850,2690,0.554639175257732,4366,1980,0.4535043518094365,-0.0423173464813984,0.05434782608695654
KwaZulu-Natal,Ward 52502026,KZN252,3721,2014,0.541252351518409,6001,3297,0.549408431928012,5957,2250,0.3777068994460298,0.008156080409603028,0.6127385111529158
KwaZulu-Natal,Ward 52502027,KZN252,5411,3318,0.6131953428201811,6130,3591,0.5858075040783034,5919,2522,0.4260854874134144,-0.027387838741877668,0.13287747181666965
KwaZulu-Natal,Ward 52502028,KZN252,4251,2312,0.5438720301105622,5793,3009,0.5194199896426722,5368,2110,0.393070044709389,-0.024452040467889957,0.36273817925194063
KwaZulu-Natal,Ward 52502029,KZN252,4675,2680,0.5732620320855615,5602,3399,0.6067475901463762,5380,2462,0.4576208178438661,0.03348555806081477,0.1982887700534759
KwaZulu-Natal,Ward 52502030,KZN252,5410,3444,0.6365988909426987,4843,3008,0.6211026223415238,5069,2369,0.4673505622410732,-0.015496268601174923,-0.10480591497227354
KwaZulu-Natal,Ward 52502031,KZN252,4784,2494,0.5213210702341137,5245,3028,0.5773117254528122,5189,2262,0.4359221429947967,0.055990655218698504,0.09636287625418061
KwaZulu-Natal,Ward 52503001,KZN253,3289,2019,0.6138643964730921,2381,1479,0.621167576648467,2484,1226,0.4935587761674718,0.0073031801753749015,-0.2760717543326239
KwaZulu-Natal,Ward 52503002,KZN253,2781,1557,0.5598705501618123,3004,1722,0.5732356857523302,2676,1353,0.5056053811659192,0.013365135590517885,0.08018698309960448
KwaZulu-Natal,Ward 52503003,KZN253,2860,1701,0.5947552447552448,2117,1351,0.6381672177609825,2732,1486,0.5439238653001464,0.043411973005737736,-0.25979020979020984
KwaZulu-Natal,Ward 52503004,KZN253,2657,1840,0.6925103500188182,2303,1639,0.7116804168475901,2543,1399,0.5501376327172631,0.01917006682877187,-0.13323296951449004
KwaZulu-Natal,Ward 52504001,KZN254,3945,2288,0.5799746514575412,3889,2381,0.6122396502957058,4016,1652,0.4113545816733068,0.03226499883816458,-0.014195183776932851
KwaZulu-Natal,Ward 52504002,KZN254,3552,2060,0.579954954954955,4569,2766,0.6053841103086014,4502,2189,0.486228342958685,0.025429155353646427,0.28631756756756754
KwaZulu-Natal,Ward 52504003,KZN254,3476,2032,0.5845799769850403,3648,2197,0.6022478070175439,3696,2019,0.5462662337662337,0.017667830032503606,0.04948216340621414
KwaZulu-Natal,Ward 52504004,KZN254,3964,2430,0.6130171543895055,3758,2063,0.548962213943587,3478,1372,0.3944795859689476,-0.06405494044591853,-0.05196770938446016
KwaZulu-Natal,Ward 52504005,KZN254,3517,2167,0.6161501279499574,3470,2083,0.6002881844380403,3360,1787,0.5318452380952381,-0.015861943511917054,-0.013363662212112604
KwaZulu-Natal,Ward 52504006,KZN254,3570,2170,0.6078431372549019,3617,2074,0.5734033729610174,3709,1748,0.471286060932866,-0.03443976429388451,0.01316526610644253
KwaZulu-Natal,Ward 52504007,KZN254,3336,2021,0.6058153477218226,3943,2185,0.5541465888917069,3880,1894,0.4881443298969072,-0.05166875883011568,0.18195443645083942
KwaZulu-Natal,Ward 52504008,KZN254,3998,2414,0.6038019009504753,4037,2434,0.6029229625959871,3958,1934,0.4886306215260232,-0.0008789383544881568,0.009754877438719278
KwaZulu-Natal,Ward 52504009,KZN254,3322,2313,0.6962673088500904,4225,2578,0.6101775147928994,4422,2202,0.4979647218453188,-0.08608979405719097,0.27182420228777837
KwaZulu-Natal,Ward 52504010,KZN254,3729,2440,0.6543309198176455,4137,2551,0.6166304085085811,4161,1779,0.4275414563806777,-0.03770051130906438,0.10941271118262264
KwaZulu-Natal,Ward 52504011,KZN254,4136,2507,0.6061411992263056,4077,2356,0.5778758891341673,3986,2029,0.5090316106372303,-0.028265310092138285,-0.014264990328820115
KwaZulu-Natal,Ward 52601001,KZN261,4493,2889,0.6430002225684398,5005,3183,0.635964035964036,3424,2227,0.6504088785046729,-0.00703618660440386,0.11395504117516131
KwaZulu-Natal,Ward 52601002,KZN261,3987,2291,0.5746175068974166,5000,2855,0.571,4367,2449,0.5607968857339134,-0.003617506897416689,0.2540757461750689
KwaZulu-Natal,Ward 52601003,KZN261,4685,2868,0.6121664887940235,5292,3259,0.6158352229780801,4216,2270,0.5384250474383302,0.0036687341840566656,0.12956243329775874
KwaZulu-Natal,Ward 52601004,KZN261,4611,2882,0.6250271090869659,5451,3435,0.6301596037424326,4239,2244,0.5293701344656758,0.005132494655466724,0.18217306441119052
KwaZulu-Natal,Ward 52601005,KZN261,3898,2485,0.6375064135454079,4160,2449,0.588701923076923,4715,2778,0.5891834570519618,-0.048804490468484896,0.0672139558748075
KwaZulu-Natal,Ward 52601006,KZN261,3496,2131,0.6095537757437071,4211,2442,0.5799097601519829,4269,2462,0.5767158585148747,-0.029644015591724138,0.20451945080091538
KwaZulu-Natal,Ward 52601007,KZN261,3178,1985,0.6246066708621775,3840,2259,0.58828125,4100,2159,0.5265853658536586,-0.03632542086217749,0.20830711139081193
KwaZulu-Natal,Ward 52601008,KZN261,3926,2548,0.6490066225165563,4821,2995,0.6212404065546567,3586,2185,0.6093139988845511,-0.027766215961899543,0.22796739684156897
KwaZulu-Natal,Ward 52602001,KZN262,3680,2367,0.6432065217391304,3632,2338,0.6437224669603524,3939,2199,0.5582635186595583,0.0005159452212220028,-0.013043478260869601
KwaZulu-Natal,Ward 52602002,KZN262,3795,2331,0.6142292490118577,4112,2340,0.5690661478599222,4335,2266,0.522722029988466,-0.04516310115193556,0.08353096179183139
KwaZulu-Natal,Ward 52602003,KZN262,3442,2268,0.6589192330040674,4035,2336,0.5789343246592317,4044,2298,0.5682492581602374,-0.07998490834483574,0.17228355607205104
KwaZulu-Natal,Ward 52602004,KZN262,3750,2460,0.656,4429,2802,0.6326484533754798,5038,2687,0.5333465660976578,-0.023351546624520214,0.1810666666666667
KwaZulu-Natal,Ward 52602005,KZN262,3751,2330,0.621167688616369,3339,1884,0.564240790655885,3710,2004,0.5401617250673855,-0.056926897960484,-0.10983737669954674
KwaZulu-Natal,Ward 52602006,KZN262,3433,2234,0.6507427905621905,4389,2873,0.6545910230120756,4585,2914,0.6355507088331516,0.0038482324498850806,0.27847363821730275
KwaZulu-Natal,Ward 52602007,KZN262,4248,2420,0.5696798493408662,3890,1821,0.4681233933161953,4449,2224,0.4998876151944257,-0.10155645602467095,-0.08427495291902076
KwaZulu-Natal,Ward 52602008,KZN262,3291,1995,0.6061987237921604,3706,2338,0.6308688613059903,4001,2154,0.538365408647838,0.02467013751382985,0.12610148890914608
KwaZulu-Natal,Ward 52602009,KZN262,3935,2427,0.6167725540025413,4758,2626,0.5519125683060109,5096,2587,0.5076530612244898,-0.0648599856965304,0.20914866581956804
KwaZulu-Natal,Ward 52602010,KZN262,3589,2354,0.6558930064084704,4704,2733,0.5809948979591837,4700,2628,0.5591489361702128,-0.07489810844928668,0.31067149623850665
KwaZulu-Natal,Ward 52602011,KZN262,3737,2131,0.5702435108375702,4028,2409,0.5980635551142006,4917,2902,0.5901972747610331,0.02782004427663043,0.07786994915707779
KwaZulu-Natal,Ward 52602012,KZN262,3797,2225,0.5859889386357651,3814,2087,0.5471945464079706,3920,2024,0.5163265306122449,-0.03879439222779446,0.004477218856992371
KwaZulu-Natal,Ward 52602013,KZN262,3374,2198,0.6514522821576764,3948,2503,0.6339918946301925,3809,1883,0.4943554738776581,-0.01746038752748391,0.1701244813278009
KwaZulu-Natal,Ward 52602014,KZN262,3986,2165,0.5431510286001003,3909,2244,0.5740598618572524,4214,2138,0.5073564309444708,0.030908833257152102,-0.019317611640742638
KwaZulu-Natal,Ward 52603001,KZN263,3788,2499,0.659714889123548,4816,2603,0.5404900332225914,4723,2219,0.4698284988354859,-0.11922485590095666,0.2713833157338965
KwaZulu-Natal,Ward 52603002,KZN263,4182,2430,0.5810616929698709,4650,2671,0.5744086021505377,4302,2018,0.4690841469084147,-0.006653090819333185,0.11190817790530838
KwaZulu-Natal,Ward 52603003,KZN263,4066,2530,0.6222331529758977,4590,2629,0.5727668845315904,4081,1950,0.4778240627297231,-0.04946626844430724,0.1288735858337433
KwaZulu-Natal,Ward 52603004,KZN263,3727,2286,0.6133619533136571,4499,2906,0.6459213158479662,4264,2257,0.5293151969981238,0.03255936253430913,0.20713710759323845
KwaZulu-Natal,Ward 52603005,KZN263,4008,2421,0.6040419161676647,5213,3204,0.6146173028966047,4572,2008,0.4391951006124234,0.010575386728939984,0.30064870259481036
KwaZulu-Natal,Ward 52603006,KZN263,4038,2525,0.6253095591877167,5151,2915,0.5659095321296835,3743,2022,0.5402083889927866,-0.059400027058033156,0.27563150074294196
KwaZulu-Natal,Ward 52603007,KZN263,4608,2852,0.6189236111111112,4766,2773,0.5818296265211917,4340,1970,0.4539170506912442,-0.037093984589919415,0.03428819444444442
KwaZulu-Natal,Ward 52603008,KZN263,3082,1594,0.5171966255678131,5082,2761,0.5432900432900433,4368,1940,0.4441391941391941,0.026093417722230172,0.6489292667099287
KwaZulu-Natal,Ward 52603009,KZN263,3593,2052,0.5711104926245477,4367,2426,0.5555301122051752,4209,1999,0.4749346638156331,-0.015580380419372486,0.21541887002504878
KwaZulu-Natal,Ward 52603010,KZN263,2924,1568,0.5362517099863201,4084,2109,0.5164054848188051,3601,1461,0.4057206331574562,-0.019846225167514997,0.39671682626538995
KwaZulu-Natal,Ward 52603011,KZN263,4280,2309,0.5394859813084112,3176,1504,0.473551637279597,4521,1918,0.4242424242424242,-0.0659343440288142,-0.25794392523364484
KwaZulu-Natal,Ward 52603012,KZN263,3521,2044,0.5805168986083499,4077,2350,0.5764042187883247,4142,2253,0.5439401255432158,-0.004112679820025167,0.15790968474865097
KwaZulu-Natal,Ward 52603013,KZN263,4145,2574,0.6209891435464415,4552,2488,0.546572934973638,3661,1568,0.4282982791586998,-0.07441620857280351,0.09819059107358252
KwaZulu-Natal,Ward 52603014,KZN263,3376,2218,0.6569905213270142,4510,2615,0.5798226164079823,4379,2263,0.5167846540306006,-0.07716790491903192,0.3359004739336493
KwaZulu-Natal,Ward 52603015,KZN263,3389,2157,0.6364709353791679,4400,2424,0.5509090909090909,4169,2099,0.5034780522907172,-0.08556184447007698,0.29831808793154324
KwaZulu-Natal,Ward 52603016,KZN263,3542,1996,0.5635234330886505,3941,2168,0.5501141842172037,3815,1684,0.4414154652686762,-0.013409248871446788,0.11264822134387353
KwaZulu-Natal,Ward 52603017,KZN263,4215,2751,0.6526690391459075,4847,2892,0.5966577264287188,4920,2571,0.5225609756097561,-0.05601131271718862,0.14994068801897975
KwaZulu-Natal,Ward 52603018,KZN263,3073,1931,0.628376179629027,3952,2245,0.5680668016194332,4056,1901,0.4686883629191321,-0.060309378009593795,0.28603970061828843
KwaZulu-Natal,Ward 52603019,KZN263,3753,2300,0.6128430588862244,4087,2332,0.57058967457793,3896,1924,0.4938398357289528,-0.042253384308294395,0.08899547029043431
KwaZulu-Natal,Ward 52603020,KZN263,4770,2697,0.5654088050314465,4772,2399,0.5027242246437552,4500,1648,0.3662222222222222,-0.06268458038769131,0.00041928721174011585
KwaZulu-Natal,Ward 52603021,KZN263,4331,2811,0.6490417917340107,3982,2226,0.5590155700652938,3999,2094,0.5236309077269318,-0.09002622166871688,-0.0805818517663357
KwaZulu-Natal,Ward 52603022,KZN263,3720,2367,0.6362903225806451,4367,2306,0.5280512937943669,4205,1871,0.4449464922711058,-0.10823902878627822,0.1739247311827956
KwaZulu-Natal,Ward 52605001,KZN265,4179,2639,0.6314907872696818,4779,2660,0.5566017995396526,4391,2399,0.5463447961739922,-0.07488898773002917,0.14357501794687733
KwaZulu-Natal,Ward 52605002,KZN265,4020,2622,0.6522388059701493,4593,2848,0.6200740256912693,4567,2505,0.5485001094810598,-0.03216478027887992,0.14253731343283582
KwaZulu-Natal,Ward 52605003,KZN265,4396,2842,0.6464968152866242,5015,3036,0.6053838484546361,4302,2507,0.5827522082752208,-0.04111296683198806,0.14080982711555956
KwaZulu-Natal,Ward 52605004,KZN265,4741,3108,0.6555578991773887,5538,3186,0.5752979414951246,3813,1980,0.5192761605035405,-0.08025995768226413,0.16810799409407307
KwaZulu-Natal,Ward 52605005,KZN265,3880,2431,0.6265463917525773,4719,2645,0.5605001059546514,4186,2340,0.5590062111801242,-0.06604628579792593,0.21623711340206175
KwaZulu-Natal,Ward 52605006,KZN265,3318,1956,0.5895117540687161,4492,2539,0.565227070347284,4629,2166,0.4679196370706416,-0.02428468372143211,0.353827606992164
KwaZulu-Natal,Ward 52605007,KZN265,3741,2387,0.6380646885859396,4130,2497,0.6046004842615013,4297,2310,0.5375843611822202,-0.03346420432443831,0.10398289227479274
KwaZulu-Natal,Ward 52605008,KZN265,3891,2557,0.6571575430480596,4487,2613,0.5823490082460441,4399,2195,0.4989770402364173,-0.07480853480201555,0.15317399126188636
KwaZulu-Natal,Ward 52605009,KZN265,4225,2706,0.6404733727810651,5211,2673,0.5129533678756477,3750,1505,0.4013333333333333,-0.12752000490541737,0.23337278106508874
KwaZulu-Natal,Ward 52605010,KZN265,3906,2725,0.6976446492575524,4003,2500,0.6245316012990257,4363,2476,0.5674994269997709,-0.07311304795852669,0.024833589349718466
KwaZulu-Natal,Ward 52605011,KZN265,4028,2776,0.689175769612711,4835,2923,0.6045501551189245,4529,2398,0.5294767056745419,-0.08462561449378647,0.2003475670307846
KwaZulu-Natal,Ward 52605012,KZN265,3884,2617,0.6737899073120495,4574,2759,0.6031919545255794,4486,2461,0.5485956308515382,-0.07059795278647008,0.1776519052523171
KwaZulu-Natal,Ward 52605013,KZN265,3546,2404,0.6779469825155104,4196,2451,0.5841277407054337,4209,2119,0.5034449988120694,-0.09381924181007673,0.18330513254371117
KwaZulu-Natal,Ward 52605014,KZN265,4040,2691,0.6660891089108911,4892,2990,0.6112019623875715,5040,2871,0.5696428571428571,-0.05488714652331961,0.21089108910891086
KwaZulu-Natal,Ward 52605015,KZN265,3687,2482,0.6731760238676431,4397,2734,0.6217875824425745,4359,2222,0.5097499426473961,-0.0513884414250686,0.1925684838622186
KwaZulu-Natal,Ward 52605016,KZN265,4012,2574,0.6415752741774676,4686,2488,0.5309432351685873,3074,1614,0.5250487963565387,-0.1106320390088803,0.16799601196410774
KwaZulu-Natal,Ward 52605017,KZN265,3782,2521,0.6665785298783712,4403,2633,0.598001362707245,4274,2238,0.5236312587739822,-0.06857716717112616,0.1641988365943945
KwaZulu-Natal,Ward 52605018,KZN265,4379,2909,0.6643069193879881,5301,3221,0.6076212035465006,3760,2027,0.5390957446808511,-0.056685715841487516,0.21055035396209187
KwaZulu-Natal,Ward 52605019,KZN265,3054,1374,0.449901768172888,3115,1147,0.3682182985553772,4587,1236,0.2694571615434925,-0.08168346961751083,0.01997380484610356
KwaZulu-Natal,Ward 52605020,KZN265,3496,2172,0.6212814645308925,4347,2415,0.5555555555555556,3847,1911,0.4967507148427346,-0.06572590897533692,0.24342105263157898
KwaZulu-Natal,Ward 52605021,KZN265,3347,2158,0.6447564983567374,4494,2710,0.6030262572318648,4571,2354,0.5149857799168672,-0.04173024112487267,0.3426949507021213
KwaZulu-Natal,Ward 52606001,KZN266,3488,2134,0.6118119266055045,3910,2311,0.5910485933503836,3774,1811,0.4798622151563328,-0.02076333325512092,0.1209862385321101
KwaZulu-Natal,Ward 52606002,KZN266,3550,2427,0.6836619718309859,4217,2618,0.6208204884989329,4236,2389,0.5639754485363551,-0.06284148333205297,0.18788732394366203
KwaZulu-Natal,Ward 52606003,KZN266,3097,2026,0.6541814659347756,3498,2000,0.5717552887364208,3449,1866,0.5410263844592635,-0.08242617719835477,0.12948014207297387
KwaZulu-Natal,Ward 52606004,KZN266,3942,2567,0.6511922881785895,4303,2622,0.6093423193121078,4142,2077,0.5014485755673588,-0.041849968866481735,0.0915778792491122
KwaZulu-Natal,Ward 52606005,KZN266,3304,2279,0.6897699757869249,3977,2543,0.639426703545386,3898,2247,0.5764494612621858,-0.050343272241538894,0.20369249394673128
KwaZulu-Natal,Ward 52606006,KZN266,3773,2408,0.6382189239332097,4088,2406,0.5885518590998043,3840,1650,0.4296875,-0.04966706483340533,0.08348794063079779
KwaZulu-Natal,Ward 52606007,KZN266,3557,2354,0.661793646331178,3723,2274,0.6107977437550363,3850,1898,0.492987012987013,-0.05099590257614173,0.04666854090525718
KwaZulu-Natal,Ward 52606008,KZN266,3891,2536,0.6517604728861475,3909,2256,0.5771297006907138,4233,2305,0.5445310654382235,-0.07463077219543368,0.004626060138781751
KwaZulu-Natal,Ward 52606009,KZN266,3577,2294,0.6413195415152362,4417,2763,0.6255376952682816,4297,2237,0.5205957644868513,-0.015781846246954556,0.23483365949119372
KwaZulu-Natal,Ward 52606010,KZN266,3575,2363,0.660979020979021,4095,2345,0.5726495726495726,3455,1790,0.5180897250361794,-0.08832944832944833,0.1454545454545455
KwaZulu-Natal,Ward 52606011,KZN266,3783,2509,0.6632302405498282,3900,2188,0.561025641025641,3658,1621,0.44313832695462,-0.10220459952418715,0.030927835051546282
KwaZulu-Natal,Ward 52606012,KZN266,2792,1522,0.5451289398280802,3783,2091,0.5527359238699445,4197,1952,0.4650941148439361,0.007606984041864329,0.35494269340974216
KwaZulu-Natal,Ward 52606013,KZN266,3435,2245,0.653566229985444,4332,2546,0.5877192982456141,4003,1931,0.4823882088433674,-0.06584693173982992,0.2611353711790394
KwaZulu-Natal,Ward 52606014,KZN266,3664,2611,0.7126091703056768,4317,2656,0.6152420662497105,4357,2543,0.5836584806059215,-0.09736710405596638,0.17822052401746724
KwaZulu-Natal,Ward 52606015,KZN266,3904,2785,0.7133709016393442,4643,3065,0.6601335343527891,4530,2511,0.5543046357615894,-0.05323736728655515,0.18929303278688514
KwaZulu-Natal,Ward 52606016,KZN266,3334,2104,0.6310737852429514,3699,2187,0.5912408759124088,3605,1829,0.5073509015256588,-0.03983290933054262,0.1094781043791242
KwaZulu-Natal,Ward 52606017,KZN266,3859,2508,0.6499093029282198,4297,2593,0.603444263439609,4187,2186,0.5220921901122522,-0.046465039488610804,0.1135009069707178
KwaZulu-Natal,Ward 52606018,KZN266,3310,1950,0.5891238670694864,3756,2146,0.5713525026624068,3827,1726,0.4510060099294486,-0.017771364407079604,0.1347432024169184
KwaZulu-Natal,Ward 52606019,KZN266,3068,1905,0.6209256844850065,3488,1846,0.529243119266055,3397,1420,0.4180158963791581,-0.09168256521895146,0.1368970013037809
KwaZulu-Natal,Ward 52606020,KZN266,3706,2520,0.6799784133837021,3929,2223,0.5657928226011708,3877,1911,0.4929068867681196,-0.11418559078253132,0.06017269293038319
KwaZulu-Natal,Ward 52606021,KZN266,3312,2088,0.6304347826086957,4311,2609,0.6051960102064486,4384,2323,0.5298813868613139,-0.025238772402247034,0.30163043478260865
KwaZulu-Natal,Ward 52606022,KZN266,3588,2121,0.5911371237458194,3747,2095,0.559113957832933,3799,1681,0.44248486443801,-0.03202316591288634,0.044314381270903036
KwaZulu-Natal,Ward 52606023,KZN266,3265,2106,0.6450229709035222,3724,2064,0.5542427497314716,3642,1713,0.4703459637561779,-0.09078022117205065,0.14058192955589588
KwaZulu-Natal,Ward 52606024,KZN266,3100,2187,0.7054838709677419,3485,2100,0.6025824964131994,3382,1861,0.5502661147250147,-0.10290137455454251,0.12419354838709684
KwaZulu-Natal,Ward 52701001,KZN271,2976,1472,0.4946236559139785,4045,2199,0.5436341161928306,4169,2145,0.5145118733509235,0.04901046027885214,0.35920698924731176
KwaZulu-Natal,Ward 52701002,KZN271,4178,2802,0.6706558161799904,4510,3239,0.7181818181818181,4986,3264,0.6546329723225031,0.04752600200182777,0.07946385830540925
KwaZulu-Natal,Ward 52701003,KZN271,4549,3424,0.75269289953836,5234,3375,0.6448223156285824,5130,2829,0.5514619883040935,-0.10787058390977766,0.15058254561442075
KwaZulu-Natal,Ward 52701004,KZN271,4169,2404,0.5766370832333892,4365,2713,0.6215349369988545,6053,3320,0.548488352882868,0.04489785376546529,0.047013672343487745
KwaZulu-Natal,Ward 52701005,KZN271,4021,2452,0.6097985575727431,4814,2919,0.6063564603240549,3990,1902,0.4766917293233083,-0.0034420972486882695,0.19721462322805272
KwaZulu-Natal,Ward 52701006,KZN271,4282,2841,0.6634750116767866,4408,2970,0.6737749546279492,3791,2322,0.6125032972830388,0.010299942951162655,0.029425502101821488
KwaZulu-Natal,Ward 52701007,KZN271,3476,2222,0.6392405063291139,4086,2853,0.698237885462555,4068,2447,0.6015240904621436,0.05899737913344116,0.1754890678941312
KwaZulu-Natal,Ward 52701008,KZN271,4069,2583,0.634799705087245,4257,2785,0.6542165844491425,3865,2417,0.6253557567917206,0.01941687936189751,0.04620299827967567
KwaZulu-Natal,Ward 52701009,KZN271,4260,2601,0.6105633802816901,3670,2493,0.679291553133515,3933,2569,0.6531909483854564,0.06872817285182486,-0.13849765258215962
KwaZulu-Natal,Ward 52701010,KZN271,3277,1861,0.5678974671956057,3879,2346,0.6047950502706884,3998,2325,0.5815407703851926,0.03689758307508262,0.18370460787305465
KwaZulu-Natal,Ward 52701011,KZN271,3586,1965,0.5479643056330172,4444,2585,0.5816831683168316,3790,1910,0.503957783641161,0.03371886268381441,0.23926380368098155
KwaZulu-Natal,Ward 52701012,KZN271,3485,2009,0.5764705882352941,4324,2726,0.6304347826086957,3846,2216,0.5761830473218928,0.05396419437340161,0.2407460545193687
KwaZulu-Natal,Ward 52701013,KZN271,3478,2318,0.6664749856239218,3922,2569,0.6550229474757777,4651,2743,0.5897656417974629,-0.011452038148144106,0.12765957446808507
KwaZulu-Natal,Ward 52701014,KZN271,3758,2430,0.6466205428419372,5537,3660,0.6610077659382337,4555,2808,0.6164654226125137,0.014387223096296586,0.4733901011176158
KwaZulu-Natal,Ward 52701015,KZN271,4178,2713,0.6493537577788415,4342,2694,0.6204514048825426,3982,2170,0.544952285283777,-0.028902352896298944,0.0392532312111058
KwaZulu-Natal,Ward 52701016,KZN271,3872,2581,0.6665805785123967,4772,3052,0.6395641240569991,3783,2342,0.6190853819719799,-0.027016454455397576,0.2324380165289257
KwaZulu-Natal,Ward 52701017,KZN271,3792,2402,0.6334388185654009,4601,2946,0.6402955879156705,4293,2325,0.5415793151642209,0.006856769350269687,0.21334388185654007
KwaZulu-Natal,Ward 52702001,KZN272,3405,2007,0.5894273127753304,3915,2481,0.6337164750957854,4074,2415,0.5927835051546392,0.04428916232045499,0.14977973568281944
KwaZulu-Natal,Ward 52702002,KZN272,3277,1946,0.5938358254501068,3882,2370,0.6105100463678517,3716,2199,0.5917653390742734,0.016674220917744842,0.18462007934086055
KwaZulu-Natal,Ward 52702003,KZN272,3709,2485,0.66999191156646,4971,3517,0.7075035204184269,6088,4051,0.665407358738502,0.037511608851966916,0.3402534375842545
KwaZulu-Natal,Ward 52702004,KZN272,3264,2045,0.6265318627450981,4356,3132,0.71900826446281,4257,2789,0.6551562132957481,0.09247640171771188,0.3345588235294117
KwaZulu-Natal,Ward 52702005,KZN272,3989,2627,0.6585610428678866,5395,3433,0.6363299351251158,5139,2898,0.563922942206655,-0.022231107742770817,0.3524692905490099
KwaZulu-Natal,Ward 52702006,KZN272,3640,2351,0.6458791208791209,4512,2892,0.6409574468085106,4908,3091,0.6297881010594947,-0.004921674070610282,0.2395604395604396
KwaZulu-Natal,Ward 52702007,KZN272,4184,2592,0.6195028680688337,5481,3261,0.5949644225506294,3611,2058,0.5699252284685683,-0.024538445518204277,0.3099904397705544
KwaZulu-Natal,Ward 52702008,KZN272,3896,2567,0.6588809034907598,5506,3808,0.691609153650563,4954,2992,0.6039563988696003,0.032728250159803185,0.41324435318275143
KwaZulu-Natal,Ward 52702009,KZN272,4205,2575,0.6123662306777645,4798,2982,0.6215089620675281,4098,2390,0.5832113225963885,0.009142731389763625,0.1410225921521997
KwaZulu-Natal,Ward 52702010,KZN272,4621,3138,0.6790737935511794,5271,3408,0.6465566306203756,4670,2821,0.60406852248394,-0.032517162930803756,0.14066219433023153
KwaZulu-Natal,Ward 52702011,KZN272,3618,2158,0.5964621337755666,4126,2527,0.612457586039748,4190,2395,0.5715990453460621,0.01599545226418142,0.14040906578220014
KwaZulu-Natal,Ward 52702012,KZN272,4245,2904,0.6840989399293286,5586,3935,0.7044396706050842,5485,3455,0.6298997265268915,0.02034073067575559,0.3159010600706713
KwaZulu-Natal,Ward 52702013,KZN272,4046,2561,0.6329708353929807,5238,3408,0.6506300114547537,4879,2986,0.6120106579217053,0.01765917606177303,0.2946119624320316
KwaZulu-Natal,Ward 52702014,KZN272,4280,2698,0.6303738317757009,4722,2933,0.621135112240576,4128,2178,0.5276162790697675,-0.009238719535124895,0.1032710280373832
KwaZulu-Natal,Ward 52702015,KZN272,4160,2771,0.6661057692307693,4490,2801,0.6238307349665925,4582,2656,0.5796595373199476,-0.04227503426417678,0.07932692307692313
KwaZulu-Natal,Ward 52702016,KZN272,4479,2896,0.6465728957356552,5213,3380,0.6483790523690773,4144,2972,0.7171814671814671,0.0018061566334220958,0.16387586514847063
KwaZulu-Natal,Ward 52702017,KZN272,4360,2833,0.6497706422018349,4728,2922,0.618020304568528,4568,2736,0.5989492119089317,-0.031750337633306924,0.08440366972477054
KwaZulu-Natal,Ward 52702018,KZN272,3916,2485,0.6345760980592441,4213,2650,0.6290054592926656,4407,2604,0.5908781484002723,-0.005570638766578484,0.07584269662921339
KwaZulu-Natal,Ward 52702019,KZN272,3844,1824,0.4745057232049948,4677,3157,0.6750053453068207,4837,2768,0.5722555302873682,0.20049962210182587,0.21670135275754432
KwaZulu-Natal,Ward 52702020,KZN272,4005,2425,0.6054931335830213,4365,2556,0.5855670103092784,4073,2174,0.5337589000736558,-0.01992612327374288,0.0898876404494382
KwaZulu-Natal,Ward 52705001,KZN275,3943,2040,0.5173725589652549,3725,1871,0.5022818791946309,2755,1650,0.5989110707803993,-0.01509067977062406,-0.05528785188942431
KwaZulu-Natal,Ward 52705002,KZN275,3913,2259,0.5773064145157168,3799,2086,0.5490918662806001,5338,3430,0.6425627575871112,-0.02821454823511671,-0.029133657040633754
KwaZulu-Natal,Ward 52705003,KZN275,3854,2279,0.5913336792942397,4832,2706,0.5600165562913907,4914,2693,0.548026048026048,-0.03131712300284906,0.2537623248572911
KwaZulu-Natal,Ward 52705004,KZN275,4880,2710,0.555327868852459,3897,2557,0.6561457531434437,4260,1716,0.4028169014084507,0.1008178842909847,-0.20143442622950825
KwaZulu-Natal,Ward 52705005,KZN275,3436,1484,0.4318975552968568,5699,2954,0.5183365502719776,5099,2659,0.5214747989801922,0.08643899497512075,0.6586146682188592
KwaZulu-Natal,Ward 52705006,KZN275,4981,3017,0.6057016663320618,4790,2908,0.607098121085595,3858,1688,0.4375324002073613,0.0013964547535332272,-0.038345713712106044
KwaZulu-Natal,Ward 52705007,KZN275,3313,2117,0.6389978871113794,4173,2792,0.6690630242032111,4287,1954,0.4557965943550268,0.030065137091831673,0.25958345910051306
KwaZulu-Natal,Ward 52705008,KZN275,4004,2637,0.6585914085914086,5179,3368,0.6503185943232285,3517,2116,0.6016491327836224,-0.008272814268180162,0.2934565434565435
KwaZulu-Natal,Ward 52705009,KZN275,3437,2210,0.6430026185627,3359,2270,0.6757963679666568,4407,2525,0.572952121624688,0.03279374940395674,-0.022694210066918852
KwaZulu-Natal,Ward 52705010,KZN275,4033,2407,0.5968261839821473,4586,2831,0.6173135630178805,4847,3013,0.6216216216216216,0.020487379035733277,0.13711877014629303
KwaZulu-Natal,Ward 52705011,KZN275,3980,2453,0.6163316582914573,5226,3611,0.6909682357443552,3832,2131,0.5561064718162839,0.07463657745289787,0.3130653266331658
KwaZulu-Natal,Ward 52705012,KZN275,4282,2729,0.6373190098085006,5080,3362,0.6618110236220472,4129,2450,0.5933640106563333,0.024492013813546598,0.1863615133115366
KwaZulu-Natal,Ward 52705013,KZN275,1929,1188,0.6158631415241057,4681,2971,0.6346934415723136,4811,2814,0.5849095822074413,0.01883030004820785,1.4266459305339554
KwaZulu-Natal,Ward 52705014,KZN275,3716,2201,0.5923035522066739,4103,2559,0.6236899829393127,4603,2662,0.5783184879426461,0.031386430732638804,0.10414424111948328
KwaZulu-Natal,Ward 52705015,KZN275,3723,2109,0.5664786462530218,4573,3002,0.6564618412420731,4644,2831,0.609603789836348,0.08998319498905127,0.22831050228310512
KwaZulu-Natal,Ward 52705016,KZN275,3952,2577,0.6520748987854251,4370,2858,0.6540045766590389,4665,2727,0.5845659163987138,0.0019296778736137554,0.10576923076923084
KwaZulu-Natal,Ward 52705017,KZN275,3469,2100,0.6053617757278754,3949,2420,0.6128133704735376,4097,2688,0.6560898218208445,0.007451594745662149,0.13836840588065735
KwaZulu-Natal,Ward 52705018,KZN275,4119,2456,0.5962612284535082,4898,3170,0.6472029399755002,4253,2696,0.6339054784857747,0.050941711521992006,0.18912357368293264
KwaZulu-Natal,Ward 52705019,KZN275,4403,2816,0.6395639336815807,5171,3387,0.6549990330690388,4322,2629,0.6082832022211939,0.015435099387458129,0.17442652736770392
KwaZulu-Natal,Ward 52801001,KZN281,3385,2428,0.7172821270310192,3567,2351,0.6590972806279787,3648,2215,0.6071820175438597,-0.05818484640304056,0.05376661742983746
KwaZulu-Natal,Ward 52801002,KZN281,3344,1900,0.5681818181818182,4600,2649,0.5758695652173913,3493,1663,0.4760950472373318,0.007687747035573067,0.37559808612440193
KwaZulu-Natal,Ward 52801003,KZN281,3211,2418,0.7530364372469636,3720,2508,0.6741935483870968,4667,2745,0.5881722734090422,-0.07884288885986679,0.15851759576455926
KwaZulu-Natal,Ward 52801004,KZN281,3436,2425,0.7057625145518044,4652,3232,0.6947549441100602,3858,2384,0.6179367547952307,-0.011007570441744163,0.3538998835855647
KwaZulu-Natal,Ward 52801005,KZN281,3510,2836,0.807977207977208,5077,3492,0.6878077604884775,4281,2393,0.5589815463676711,-0.12016944748873049,0.4464387464387465
KwaZulu-Natal,Ward 52801006,KZN281,5283,3385,0.6407344311943971,4448,2721,0.6117356115107914,4516,2128,0.4712134632418069,-0.028998819683605737,-0.1580541359076283
KwaZulu-Natal,Ward 52801007,KZN281,3714,2615,0.7040926225094238,4362,2969,0.6806510774873911,4413,2341,0.5304781327894856,-0.023441545022032773,0.17447495961227788
KwaZulu-Natal,Ward 52801008,KZN281,4546,3212,0.7065552133743951,4776,3367,0.7049832495812395,3453,1943,0.562699102229945,-0.0015719637931556063,0.05059392872855262
KwaZulu-Natal,Ward 52801009,KZN281,4282,3126,0.7300326950023354,4822,3174,0.6582330982994608,4294,2514,0.5854680950163018,-0.07179959670287461,0.12610929472209254
KwaZulu-Natal,Ward 52801010,KZN281,3384,2075,0.6131796690307328,4069,2545,0.625460801179651,4490,2307,0.5138084632516704,0.012281132148918128,0.20242316784869985
KwaZulu-Natal,Ward 52801011,KZN281,4039,2695,0.6672443674176777,4532,2923,0.6449691085613416,4689,2696,0.5749626786095117,-0.022275258856336078,0.1220599158207476
KwaZulu-Natal,Ward 52801012,KZN281,4207,2980,0.708343237461374,4654,3287,0.7062741727546197,4497,2423,0.5388036468756949,-0.0020690647067542756,0.10625148561920605
KwaZulu-Natal,Ward 52801013,KZN281,3258,2127,0.6528545119705341,4026,2632,0.6537506209637357,3896,1951,0.5007700205338809,0.0008961089932015831,0.23572744014732971
KwaZulu-Natal,Ward 52801014,KZN281,5010,3190,0.6367265469061876,4273,2797,0.6545752398783057,4208,1983,0.4712452471482889,0.017848692972118108,-0.1471057884231537
KwaZulu-Natal,Ward 52801015,KZN281,4532,3025,0.6674757281553398,4489,2658,0.5921140565827578,3773,1955,0.5181553140736814,-0.075361671572582,-0.009488084730803203
KwaZulu-Natal,Ward 52802001,KZN282,7034,4012,0.5703724765425078,5369,3418,0.6366176196684671,5656,2777,0.490983026874116,0.0662451431259593,-0.2367074210975263
KwaZulu-Natal,Ward 52802002,KZN282,4306,2246,0.5215977705527172,5970,3531,0.5914572864321608,6544,3275,0.500458435207824,0.06985951587944361,0.38643752902926143
KwaZulu-Natal,Ward 52802003,KZN282,4365,2321,0.531729667812142,6606,3944,0.5970330003027551,6302,3115,0.4942875277689622,0.06530333249061304,0.51340206185567
KwaZulu-Natal,Ward 52802004,KZN282,5266,3114,0.5913406760349411,6731,4273,0.6348239488931808,7006,3169,0.4523265772195261,0.04348327285823972,0.2781997721230536
KwaZulu-Natal,Ward 52802005,KZN282,5074,3085,0.6080015766653528,5756,3814,0.6626129256428075,5251,2573,0.4900019043991621,0.05461134897745468,0.1344107213243988
KwaZulu-Natal,Ward 52802006,KZN282,4961,3036,0.6119733924611973,5529,3360,0.6077048290830168,4764,2463,0.5170025188916877,-0.00426856337818049,0.11449304575690378
KwaZulu-Natal,Ward 52802007,KZN282,4684,2311,0.49338172502134925,4498,2431,0.5404624277456648,4932,2164,0.4387672343876723,0.047080702724315526,-0.039709649871904396
KwaZulu-Natal,Ward 52802008,KZN282,4547,2603,0.5724653617769958,4274,2381,0.5570893776321947,4792,1939,0.4046327212020033,-0.015375984144801125,-0.06003958654057617
KwaZulu-Natal,Ward 52802009,KZN282,5277,3049,0.5777904112184954,6175,3728,0.6037246963562753,7538,3133,0.4156274873971876,0.025934285137779955,0.170172446465795
KwaZulu-Natal,Ward 52802010,KZN282,4911,2873,0.5850132355935654,5657,3537,0.6252430616934771,5373,2472,0.4600781686208822,0.04022982609991166,0.15190388922826314
KwaZulu-Natal,Ward 52802011,KZN282,4569,2998,0.6561610855767126,4955,3205,0.6468213925327951,4973,2611,0.5250351900261412,-0.009339693043917463,0.08448238126504704
KwaZulu-Natal,Ward 52802012,KZN282,5727,3452,0.6027588615330889,6584,3950,0.5999392466585662,6236,2640,0.423348300192431,-0.002819614874522647,0.14964204644665613
KwaZulu-Natal,Ward 52802013,KZN282,4918,3671,0.7464416429442863,6588,4522,0.6863995142683668,6697,3433,0.5126175899656563,-0.060042128675919515,0.3395689304595364
KwaZulu-Natal,Ward 52802014,KZN282,5464,3382,0.6189604685212299,6334,3834,0.6053047047679192,6262,2673,0.4268604279782817,-0.013655763753310679,0.1592240117130308
KwaZulu-Natal,Ward 52802015,KZN282,5457,3375,0.6184716877405168,6376,4005,0.6281367628607277,6545,2923,0.4466004583651642,0.009665075120210975,0.16840754993586216
KwaZulu-Natal,Ward 52802016,KZN282,5368,3028,0.5640834575260805,5474,3052,0.5575447570332481,5052,1879,0.371931908155186,-0.006538700492832339,0.01974664679582716
KwaZulu-Natal,Ward 52802017,KZN282,4475,2480,0.5541899441340782,5021,2904,0.578370842461661,4771,1720,0.3605114231817229,0.024180898327582856,0.12201117318435761
KwaZulu-Natal,Ward 52802018,KZN282,5911,4305,0.7283031635933006,5148,3624,0.703962703962704,5384,2853,0.5299034175334324,-0.02434045963059661,-0.12908137371003214
KwaZulu-Natal,Ward 52802019,KZN282,5728,3457,0.6035265363128491,6111,3623,0.5928653248240877,5771,2170,0.3760180211401837,-0.010661211488761424,0.0668645251396649
KwaZulu-Natal,Ward 52802020,KZN282,5433,3303,0.6079514080618443,5771,3362,0.582568012476174,5343,2031,0.3801235261089276,-0.025383395585670376,0.06221240566905939
KwaZulu-Natal,Ward 52802021,KZN282,4093,2256,0.5511849499144882,6110,3477,0.5690671031096562,5735,2038,0.3553618134263295,0.01788215319516806,0.49279257268507215
KwaZulu-Natal,Ward 52802022,KZN282,4956,2666,0.5379338175948345,6121,3769,0.6157490606110113,6818,3242,0.4755060134936931,0.07781524301617682,0.23506860371267146
KwaZulu-Natal,Ward 52802023,KZN282,5276,2680,0.5079605761940864,5290,3130,0.5916824196597353,5128,2216,0.4321372854914196,0.08372184346564893,0.0026535253980288775
KwaZulu-Natal,Ward 52802024,KZN282,6985,3729,0.5338582677165354,6069,3462,0.5704399406821552,4844,1989,0.4106110652353427,0.03658167296561976,-0.13113815318539723
KwaZulu-Natal,Ward 52802025,KZN282,4224,2756,0.6524621212121212,5160,2965,0.5746124031007752,6291,2571,0.4086790653314258,-0.077849718111346,0.22159090909090917
KwaZulu-Natal,Ward 52802026,KZN282,5234,2875,0.5492930836836072,6067,3530,0.5818361628481952,5950,2704,0.454453781512605,0.032543079164587985,0.15915170042032867
KwaZulu-Natal,Ward 52802027,KZN282,5130,2724,0.5309941520467836,6072,3465,0.5706521739130435,5850,2320,0.3965811965811965,0.039658021866259885,0.18362573099415203
KwaZulu-Natal,Ward 52802028,KZN282,4245,2271,0.5349823321554771,6091,3102,0.5092759809555081,5881,2016,0.3427988437340588,-0.025706351199969002,0.4348645465253238
KwaZulu-Natal,Ward 52802029,KZN282,5241,3783,0.7218088151116199,6824,4412,0.6465416178194607,5620,2711,0.4823843416370106,-0.07526719729215914,0.30204159511543605
KwaZulu-Natal,Ward 52802030,KZN282,5685,2306,0.4056288478452067,3578,1424,0.397987702627166,4910,1697,0.3456211812627291,-0.0076411452180407125,-0.37062445030782765
KwaZulu-Natal,Ward 52804001,KZN284,3184,1977,0.6209170854271356,3272,2019,0.6170537897310513,3357,1772,0.5278522490318737,-0.0038632956960843456,0.027638190954773822
KwaZulu-Natal,Ward 52804002,KZN284,3843,2358,0.6135831381733021,4349,2765,0.635778339848241,4177,2138,0.5118506104859948,0.022195201674938825,0.1316679677335415
KwaZulu-Natal,Ward 52804003,KZN284,3291,1995,0.6061987237921604,3744,2405,0.6423611111111112,3569,1965,0.5505743905855982,0.03616238731895072,0.13764813126709208
KwaZulu-Natal,Ward 52804004,KZN284,3681,2259,0.6136919315403423,4292,2744,0.6393289841565704,4145,2150,0.5186972255729795,0.025637052616228062,0.16598750339581625
KwaZulu-Natal,Ward 52804005,KZN284,3807,2259,0.5933806146572104,3981,2479,0.6227078623461442,3916,2022,0.5163432073544433,0.0293272476889338,0.045705279747833005
KwaZulu-Natal,Ward 52804006,KZN284,3576,2238,0.6258389261744967,3837,2413,0.6288767266093302,3770,1921,0.5095490716180371,0.003037800434833593,0.07298657718120816
KwaZulu-Natal,Ward 52804007,KZN284,3381,2022,0.5980479148181012,3692,2326,0.6300108342361863,3668,1944,0.529989094874591,0.031962919418085156,0.09198461993493057
KwaZulu-Natal,Ward 52804008,KZN284,3813,2440,0.6399160765801206,4785,3030,0.6332288401253918,4426,2109,0.4765024853140533,-0.0066872364547287955,0.2549173878835562
KwaZulu-Natal,Ward 52804009,KZN284,3506,2207,0.6294922989161438,3663,2332,0.6366366366366366,4129,1879,0.4550738677645919,0.007144337720492833,0.04478037649743305
KwaZulu-Natal,Ward 52804010,KZN284,4222,2659,0.6297963050686878,4561,2727,0.5978951984213988,3634,1722,0.4738580077050082,-0.03190110664728896,0.0802936996684036
KwaZulu-Natal,Ward 52804011,KZN284,4213,2213,0.5252788986470449,4612,2632,0.5706851691240243,3775,1901,0.5035761589403973,0.04540627047697943,0.09470685971991455
KwaZulu-Natal,Ward 52804012,KZN284,3784,2137,0.5647463002114165,3592,1956,0.544543429844098,3316,1448,0.436670687575392,-0.020202870367318493,-0.05073995771670192
KwaZulu-Natal,Ward 52804013,KZN284,4172,2587,0.6200862895493768,4863,2857,0.5874974295702241,3534,1553,0.4394453876627051,-0.03258885997915273,0.16562799616490897
KwaZulu-Natal,Ward 52804014,KZN284,3987,2589,0.6493604213694507,4525,2918,0.6448618784530387,4331,2219,0.5123528053567306,-0.004498542916412052,0.1349385502884375
KwaZulu-Natal,Ward 52804015,KZN284,3861,2438,0.6314426314426315,4573,2988,0.6534003936146949,3672,2042,0.5561002178649237,0.021957762172063466,0.1844081844081844
KwaZulu-Natal,Ward 52804016,KZN284,4292,2703,0.6297763280521901,4575,2981,0.6515846994535519,4022,1992,0.4952759820984584,0.021808371401361826,0.0659366262814538
KwaZulu-Natal,Ward 52804017,KZN284,3557,2209,0.6210289569862244,4205,2610,0.6206896551724138,4007,2008,0.5011230346892938,-0.00033930181381058855,0.18217599100365467
KwaZulu-Natal,Ward 52804018,KZN284,3130,1667,0.5325878594249202,3477,1929,0.5547886108714409,3424,1534,0.4480140186915888,0.022200751446520783,0.1108626198083067
KwaZulu-Natal,Ward 52804019,KZN284,3161,1697,0.53685542549826,3736,2407,0.6442719486081371,4160,2318,0.5572115384615385,0.10741652310987704,0.1819044606137299
KwaZulu-Natal,Ward 52804020,KZN284,4004,2706,0.6758241758241759,4692,3112,0.6632566069906224,4234,2070,0.4888993859234766,-0.012567568833553477,0.17182817182817178
KwaZulu-Natal,Ward 52804021,KZN284,3964,2668,0.6730575176589304,3493,2258,0.6464357286000573,3718,1694,0.4556213017751479,-0.026621789058873135,-0.11881937436932388
KwaZulu-Natal,Ward 52804022,KZN284,3582,2243,0.6261864879955332,3526,2274,0.6449234259784459,3256,1814,0.5571253071253072,0.01873693798291265,-0.015633724176437713
KwaZulu-Natal,Ward 52804023,KZN284,3825,2482,0.6488888888888888,3583,2318,0.6469439017583031,3290,1846,0.5610942249240122,-0.0019449871305857735,-0.06326797385620919
KwaZulu-Natal,Ward 52804024,KZN284,3838,2754,0.7175612298071913,3714,2368,0.6375875067312871,3862,2206,0.571206628689798,-0.07997372307590422,-0.03230849400729552
KwaZulu-Natal,Ward 52804025,KZN284,3727,2557,0.6860745908237188,3575,2442,0.683076923076923,3687,2146,0.5820450230539734,-0.0029976677467957735,-0.040783471961363005
KwaZulu-Natal,Ward 52804026,KZN284,3326,2168,0.6518340348767288,4480,2897,0.6466517857142857,4200,1972,0.4695238095238095,-0.005182249162443031,0.3469633193024655
KwaZulu-Natal,Ward 52805001,KZN285,4165,2220,0.5330132052821128,3934,2613,0.6642094560244026,3521,1843,0.5234308435103664,0.1311962507422898,-0.055462184873949605
KwaZulu-Natal,Ward 52805002,KZN285,3151,1812,0.5750555379244684,3288,2066,0.628345498783455,3586,1612,0.4495259341885109,0.05328996085898663,0.04347826086956519
KwaZulu-Natal,Ward 52805003,KZN285,4059,2491,0.6136979551613698,3680,2121,0.5763586956521739,3545,1646,0.4643159379407616,-0.03733925950919592,-0.09337275190933725
KwaZulu-Natal,Ward 52805004,KZN285,3361,2180,0.6486164831895269,2955,1758,0.5949238578680203,2975,1505,0.5058823529411764,-0.05369262532150665,-0.12079738173162746
KwaZulu-Natal,Ward 52805005,KZN285,4162,2657,0.638395002402691,3321,2136,0.6431797651309846,3368,1825,0.5418646080760094,0.004784762728293646,-0.20206631427198463
KwaZulu-Natal,Ward 52805006,KZN285,3833,2447,0.6384033394208192,3068,2020,0.6584093872229465,3604,1965,0.545227524972253,0.020006047802127336,-0.1995825723975998
KwaZulu-Natal,Ward 52806001,KZN286,4008,2451,0.6115269461077845,4713,3042,0.645448758752387,4772,2800,0.586756077116513,0.03392181264460259,0.17589820359281427
KwaZulu-Natal,Ward 52806002,KZN286,3084,1903,0.6170557717250325,3519,2216,0.6297243535095197,3641,1866,0.5124965668772316,0.012668581784487265,0.1410505836575875
KwaZulu-Natal,Ward 52806003,KZN286,3235,1991,0.6154559505409583,3746,2408,0.6428190069407368,3628,1857,0.5118522601984564,0.02736305639977854,0.15795981452859342
KwaZulu-Natal,Ward 52806004,KZN286,3366,2062,0.6125965537730244,3887,2440,0.6277334705428351,3786,1964,0.5187533016376122,0.015136916769810771,0.15478312537136074
KwaZulu-Natal,Ward 52806005,KZN286,3773,2370,0.6281473628412404,4628,2987,0.6454191875540191,4917,2589,0.5265405735204393,0.01727182471277866,0.22661012456930818
KwaZulu-Natal,Ward 52806006,KZN286,3664,2380,0.6495633187772926,4439,3081,0.6940752421716603,4624,2800,0.6055363321799307,0.044511923394367714,0.2115174672489082
KwaZulu-Natal,Ward 52806007,KZN286,3317,2093,0.6309918601145613,3788,2649,0.6993136219640972,3845,2537,0.659817945383615,0.06832176184953587,0.14199577931866147
KwaZulu-Natal,Ward 52806008,KZN286,3381,1874,0.55427388346643,3613,2240,0.6199833933019652,3967,1970,0.4965969246281825,0.06570950983553514,0.06861875184856547
KwaZulu-Natal,Ward 52806009,KZN286,3232,1926,0.5959158415841584,4281,2919,0.6818500350385424,4609,2588,0.5615100889563897,0.08593419345438391,0.32456683168316824
KwaZulu-Natal,Ward 52806010,KZN286,3610,2156,0.5972299168975069,4090,2726,0.6665036674816626,3566,2038,0.5715086932136848,0.06927375058415564,0.13296398891966765
KwaZulu-Natal,Ward 52806011,KZN286,3101,1989,0.6414059980651403,3716,2651,0.7134015069967707,4569,2649,0.5797767564018385,0.07199550893163043,0.1983231215736858
KwaZulu-Natal,Ward 52806012,KZN286,3671,2275,0.6197221465540724,4259,2937,0.6895984972998357,4205,2340,0.5564803804994055,0.06987635074576326,0.1601743394170525
KwaZulu-Natal,Ward 52806013,KZN286,3892,2368,0.6084275436793423,4586,2953,0.6439162668992586,5007,2930,0.585180746954264,0.03548872321991636,0.17831449126413146
KwaZulu-Natal,Ward 52806014,KZN286,3908,2306,0.59007164790174,4441,2762,0.6219319972979058,4701,2498,0.5313763029142735,0.03186034939616578,0.13638689866939613
KwaZulu-Natal,Ward 52901001,KZN291,3789,2629,0.693850620216416,4403,2875,0.6529638882580059,4634,2720,0.586965904186448,-0.04088673195841008,0.1620480337820005
KwaZulu-Natal,Ward 52901002,KZN291,3658,2299,0.6284855112083105,4291,2876,0.6702400372873456,4714,2458,0.5214255409418753,0.04175452607903507,0.173045379989065
KwaZulu-Natal,Ward 52901003,KZN291,4254,2470,0.5806299952985425,4532,2578,0.5688437775816416,4465,1835,0.4109742441209406,-0.011786217716900915,0.06535025858015975
KwaZulu-Natal,Ward 52901004,KZN291,3769,2313,0.6136906341204563,4267,2883,0.6756503398172018,4574,2251,0.4921294271972016,0.06195970569674547,0.13213053860440427
KwaZulu-Natal,Ward 52901005,KZN291,3606,2203,0.6109262340543539,4309,2734,0.6344859596194012,4486,2467,0.5499331252786447,0.023559725565047374,0.19495285635052695
KwaZulu-Natal,Ward 52901006,KZN291,3388,2198,0.6487603305785123,3835,2368,0.6174706649282921,3761,1991,0.5293804839138527,-0.03128966565022029,0.1319362455726092
KwaZulu-Natal,Ward 52901007,KZN291,3731,2088,0.5596354864647548,4618,2677,0.57968817669987,4556,1909,0.4190079016681299,0.020052690235115245,0.23773787188421336
KwaZulu-Natal,Ward 52901008,KZN291,4021,2479,0.6165133051479731,4489,2769,0.6168411672978391,4470,2349,0.525503355704698,0.0003278621498660206,0.11638895797065407
KwaZulu-Natal,Ward 52901009,KZN291,3826,2401,0.6275483533716676,4748,3157,0.6649115417017691,4596,1965,0.4275456919060052,0.03736318833010155,0.24098274960794575
KwaZulu-Natal,Ward 52901010,KZN291,3495,1993,0.5702432045779685,4131,2631,0.6368917937545389,5008,2423,0.4838258785942492,0.06664858917657035,0.18197424892703862
KwaZulu-Natal,Ward 52901011,KZN291,4401,3067,0.6968870711202,2349,1588,0.6760323541932738,4174,2060,0.4935313847628174,-0.020854716926926198,-0.4662576687116564
KwaZulu-Natal,Ward 52901012,KZN291,3701,2286,0.6176708997568224,5455,3555,0.6516956920256646,4027,1839,0.4566674944127142,0.03402479226884214,0.47392596595514735
KwaZulu-Natal,Ward 52901013,KZN291,2864,1409,0.49196927374301674,3126,1864,0.5962891874600128,3205,1349,0.4209048361934477,0.10431991371699606,0.09148044692737423
KwaZulu-Natal,Ward 52901014,KZN291,3479,1881,0.5406726070709974,3875,2320,0.5987096774193549,3744,1582,0.422542735042735,0.05803707034835748,0.1138258120149469
KwaZulu-Natal,Ward 52901015,KZN291,3324,1738,0.5228640192539109,3146,1754,0.5575333757151939,3311,1335,0.4032014497130776,0.034669356461282996,-0.053549939831528226
KwaZulu-Natal,Ward 52901016,KZN291,3884,2367,0.6094232749742533,3639,2132,0.5858752404506733,3440,1363,0.3962209302325581,-0.023548034523580008,-0.0630792996910402
KwaZulu-Natal,Ward 52901017,KZN291,3207,1168,0.3642033052697225,3520,1942,0.5517045454545455,3691,1385,0.375237063126524,0.187501240184823,0.09759900218272533
KwaZulu-Natal,Ward 52902001,KZN292,3198,2104,0.6579111944965603,3831,2573,0.671626207256591,4425,2567,0.5801129943502825,0.01371501276003062,0.197936210131332
KwaZulu-Natal,Ward 52902002,KZN292,4468,3010,0.6736794986571173,4405,3068,0.6964812712826334,4416,2774,0.6281702898550725,0.02280177262551608,-0.01410026857654434
KwaZulu-Natal,Ward 52902003,KZN292,3806,2199,0.5777719390436153,4847,3079,0.6352382917268413,4672,2476,0.5299657534246576,0.057466352683225974,0.27351550183920126
KwaZulu-Natal,Ward 52902004,KZN292,4084,2377,0.5820274240940254,5778,3759,0.6505711318795431,5931,2240,0.3776766143989209,0.06854370778551766,0.41478942213516157
KwaZulu-Natal,Ward 52902005,KZN292,3163,2455,0.7761618716408473,4276,3057,0.7149204864359214,4776,2857,0.5981993299832495,-0.061241385204925836,0.35188112551375283
KwaZulu-Natal,Ward 52902006,KZN292,4232,2586,0.6110586011342155,4055,2743,0.6764488286066584,4370,2128,0.4869565217391304,0.06539022747244294,-0.04182419659735348
KwaZulu-Natal,Ward 52902007,KZN292,3728,2562,0.6872317596566524,4010,2777,0.6925187032418952,3750,2289,0.6104,0.005286943585242843,0.07564377682403434
KwaZulu-Natal,Ward 52902008,KZN292,3797,2163,0.5696602580984989,4147,2252,0.5430431637328189,4193,2094,0.4994037681850704,-0.02661709436567994,0.09217803529101931
KwaZulu-Natal,Ward 52902009,KZN292,3534,2091,0.5916808149405772,4101,2963,0.7225067056815411,4385,2408,0.5491448118586089,0.13082589074096385,0.1604414261460101
KwaZulu-Natal,Ward 52902010,KZN292,4759,3188,0.66988863206556,3395,2080,0.6126656848306333,4801,2554,0.5319725057279734,-0.05722294723492671,-0.2866148350493801
KwaZulu-Natal,Ward 52902011,KZN292,3489,2412,0.6913155631986242,4633,3380,0.729548888409238,5021,2956,0.5887273451503684,0.038233325210613844,0.32788764689022654
KwaZulu-Natal,Ward 52902012,KZN292,4299,2748,0.639218422889044,4083,2670,0.6539309331373989,4227,1933,0.4572983203217411,0.01471251024835496,-0.05024424284717377
KwaZulu-Natal,Ward 52902013,KZN292,4923,2747,0.5579930936420882,5269,3030,0.5750616815334978,5343,2722,0.50945161894067,0.017068587891409637,0.0702823481616901
KwaZulu-Natal,Ward 52902014,KZN292,3875,2514,0.6487741935483871,4244,2776,0.6540999057492931,4348,2123,0.4882704691812327,0.005325712200906052,0.09522580645161294
KwaZulu-Natal,Ward 52902015,KZN292,4222,2678,0.6342965419232591,5547,3550,0.6399855777897963,5691,2766,0.4860305745914602,0.005689035866537129,0.3138323069635245
KwaZulu-Natal,Ward 52902016,KZN292,4066,2150,0.528775209050664,5688,3366,0.5917721518987342,6026,3171,0.5262197145701958,0.06299694284807023,0.3989178553861288
KwaZulu-Natal,Ward 52902017,KZN292,3844,2035,0.5293964620187305,4415,2641,0.5981879954699887,4192,2140,0.5104961832061069,0.06879153345125821,0.1485431841831426
KwaZulu-Natal,Ward 52902018,KZN292,3893,2566,0.6591317749807346,3982,2758,0.6926167754897037,4231,2308,0.5454975183171827,0.033485000508969076,0.022861546365271046
KwaZulu-Natal,Ward 52902019,KZN292,4373,2348,0.5369311685341871,5000,2814,0.5628,5159,2314,0.4485365380887769,0.02586883146581287,0.1433798307797851
KwaZulu-Natal,Ward 52902020,KZN292,2684,1598,0.5953800298062594,3892,2476,0.6361767728674204,4456,2614,0.5866247755834829,0.04079674306116099,0.45007451564828616
KwaZulu-Natal,Ward 52902021,KZN292,3261,1950,0.5979760809567617,5086,3720,0.7314195831694849,4031,2113,0.5241875465145125,0.13344350221272316,0.559644280895431
KwaZulu-Natal,Ward 52902022,KZN292,4412,3197,0.7246146872166818,4679,3642,0.7783714468903612,6010,4009,0.6670549084858569,0.05375675967367943,0.06051677243880316
KwaZulu-Natal,Ward 52902023,KZN292,4071,2725,0.6693687054777696,5424,3745,0.6904498525073747,4604,2616,0.5682015638575152,0.021081147029605063,0.33235077376565947
KwaZulu-Natal,Ward 52902024,KZN292,3683,2516,0.683138745587836,4643,3243,0.6984708162825759,4525,2251,0.4974585635359116,0.015332070694739852,0.260657073038284
KwaZulu-Natal,Ward 52902025,KZN292,3319,2184,0.6580295269659536,3939,2639,0.66996699669967,4186,2239,0.534878165312948,0.011937469733716344,0.18680325399216624
KwaZulu-Natal,Ward 52902026,KZN292,2687,1868,0.6951991068105694,3245,2095,0.6456086286594761,3474,1768,0.5089234312032239,-0.0495904781510933,0.207666542612579
KwaZulu-Natal,Ward 52902027,KZN292,3370,2179,0.6465875370919881,3690,2516,0.6818428184281843,4134,2600,0.6289308176100629,0.035255281336196154,0.09495548961424327
KwaZulu-Natal,Ward 52903001,KZN293,3118,1819,0.5833867864015394,3415,2089,0.6117130307467057,3369,1727,0.5126150192935589,0.028326244345166285,0.09525336754329694
KwaZulu-Natal,Ward 52903002,KZN293,3340,2128,0.637125748502994,3329,2101,0.6311204565935716,3486,1742,0.4997131382673551,-0.006005291909422339,-0.003293413173652726
KwaZulu-Natal,Ward 52903003,KZN293,3134,1799,0.5740268028079132,3532,2191,0.6203284258210645,4185,2371,0.5665471923536439,0.04630162301315133,0.12699425654116148
KwaZulu-Natal,Ward 52903004,KZN293,2973,1830,0.615539858728557,3292,2037,0.6187727825030377,3231,1685,0.5215103683070257,0.0032329237744807005,0.10729902455432216
KwaZulu-Natal,Ward 52903005,KZN293,2882,1671,0.5798056904927134,3900,2258,0.578974358974359,3888,2214,0.5694444444444444,-0.0008313315183543502,0.35322692574600967
KwaZulu-Natal,Ward 52903006,KZN293,3609,2266,0.627874757550568,3494,2218,0.6348025186033199,3220,1477,0.458695652173913,0.006927761052751946,-0.031864782488223886
KwaZulu-Natal,Ward 52903007,KZN293,2953,1917,0.6491703352522858,3033,1915,0.631388064622486,3079,1839,0.5972718415069828,-0.017782270629799868,0.027091093802912303
KwaZulu-Natal,Ward 52903008,KZN293,2944,1882,0.639266304347826,3772,2542,0.6739130434782609,3849,2203,0.5723564562223954,0.03464673913043481,0.28125
KwaZulu-Natal,Ward 52903009,KZN293,3539,2176,0.6148629556371856,3977,2537,0.6379180286648227,3985,2029,0.5091593475533249,0.023055073027637096,0.12376377507770564
KwaZulu-Natal,Ward 52903010,KZN293,3309,2323,0.7020247809005742,3441,2267,0.6588201104330137,3478,2134,0.6135710178263369,-0.04320467046756049,0.03989120580235728
KwaZulu-Natal,Ward 52903011,KZN293,3983,2896,0.7270901330655285,4234,3075,0.7262635805384978,3428,2344,0.6837806301050176,-0.0008265525270306773,0.06301782575947779
KwaZulu-Natal,Ward 52903012,KZN293,3941,2934,0.7444810961684851,4568,3352,0.7338003502626971,4980,2937,0.5897590361445784,-0.010680745905788047,0.15909667597056587
KwaZulu-Natal,Ward 52903013,KZN293,3394,2161,0.6367118444313494,4478,2871,0.6411344350156319,3841,2014,0.5243426191096069,0.004422590584282515,0.31938715380082505
KwaZulu-Natal,Ward 52903014,KZN293,3428,2234,0.6516919486581096,4392,2860,0.651183970856102,4288,2069,0.482509328358209,-0.0005079778020076198,0.2812135355892649
KwaZulu-Natal,Ward 52903015,KZN293,3443,2008,0.5832123148417078,4251,2666,0.6271465537520583,4376,2122,0.4849177330895795,0.04393423891035053,0.23467905896020902
KwaZulu-Natal,Ward 52903016,KZN293,2844,2442,0.8586497890295358,3604,2333,0.6473362930077692,3750,2475,0.66,-0.21131349602176663,0.26722925457102664
KwaZulu-Natal,Ward 52903017,KZN293,3668,2259,0.6158669574700109,4002,2385,0.595952023988006,4082,2051,0.5024497795198433,-0.019914933482004904,0.09105779716466733
KwaZulu-Natal,Ward 52903018,KZN293,3424,1967,0.5744742990654206,3811,2352,0.6171608501705589,4578,2056,0.4491044124071647,0.042686551105138304,0.11302570093457942
KwaZulu-Natal,Ward 52903019,KZN293,3963,2563,0.646732273530154,4326,2814,0.6504854368932039,4275,2483,0.5808187134502923,0.0037531633630499828,0.09159727479182433
KwaZulu-Natal,Ward 52904001,KZN294,4161,2493,0.5991348233597693,4137,2469,0.59680928208847,4133,2152,0.5206871521896927,-0.0023255412712993584,-0.005767844268204758
KwaZulu-Natal,Ward 52904002,KZN294,3751,2440,0.6504932018128499,4633,2924,0.6311245413339089,4706,2658,0.5648108797280068,-0.019368660478940924,0.23513729672087447
KwaZulu-Natal,Ward 52904003,KZN294,3473,2189,0.630290814857472,3569,2197,0.6155785934435416,3607,1994,0.5528139728306072,-0.01471222141393036,0.027641808234955434
KwaZulu-Natal,Ward 52904004,KZN294,4523,3122,0.6902498341808534,5168,3458,0.6691176470588235,3863,2248,0.5819311415997929,-0.02113218712202991,0.142604466062348
KwaZulu-Natal,Ward 52904005,KZN294,3739,2442,0.6531158063653383,5019,3377,0.6728431958557481,4480,2369,0.5287946428571428,0.019727389490409863,0.3423375234019792
KwaZulu-Natal,Ward 52904006,KZN294,3579,2152,0.601285275216541,4723,2950,0.6246030065636248,3696,2082,0.5633116883116883,0.023317731347083814,0.3196423582006147
KwaZulu-Natal,Ward 52904007,KZN294,3403,2117,0.6220981486923303,3918,2337,0.5964777947932619,4126,2157,0.5227823557925352,-0.02562035389906836,0.15133705553923016
KwaZulu-Natal,Ward 52904008,KZN294,4618,2963,0.6416197488090082,4656,2753,0.5912800687285223,4581,2658,0.5802226588081205,-0.05033968008048584,0.008228670420095341
KwaZulu-Natal,Ward 52904009,KZN294,4320,2843,0.6581018518518519,4647,2897,0.623412954594362,4674,2656,0.5682498930252461,-0.034688897257489915,0.07569444444444451
KwaZulu-Natal,Ward 52904010,KZN294,3746,2380,0.6353443673251469,4811,2904,0.6036167117023488,4282,2155,0.5032695002335358,-0.03172765562279811,0.284303256807261
KwaZulu-Natal,Ward 52904011,KZN294,3710,2268,0.6113207547169811,4175,2607,0.6244311377245509,3670,1956,0.5329700272479564,0.013110383007569837,0.1253369272237197
KwaZulu-Natal,Ward 54303001,KZN433,5900,3194,0.5413559322033898,4229,2179,0.5152518325845353,4078,1894,0.4644433545855811,-0.026104099618854515,-0.2832203389830509
KwaZulu-Natal,Ward 54303002,KZN433,3904,2337,0.5986168032786885,3984,2415,0.6061746987951807,4306,2404,0.5582907570831398,0.007557895516492219,0.020491803278688492
KwaZulu-Natal,Ward 54303003,KZN433,4418,2042,0.4622000905387053,4639,2114,0.4557016598404829,4628,1841,0.3977960242005185,-0.006498430698222424,0.050022634676324174
KwaZulu-Natal,Ward 54303004,KZN433,5899,2956,0.5011018816748601,3916,2054,0.524514811031665,4061,2026,0.4988918985471559,0.023412929356804835,-0.3361586709611799
KwaZulu-Natal,Ward 54303005,KZN433,3323,1752,0.5272344267228408,3441,1717,0.4989828538215635,3526,1645,0.4665343165059558,-0.028251572901277333,0.03551008125188093
KwaZulu-Natal,Ward 54303006,KZN433,4406,2771,0.6289151157512483,3577,2264,0.6329326251048365,3782,2021,0.5343733474352195,0.0040175093535882445,-0.1881525192918747
KwaZulu-Natal,Ward 54303007,KZN433,4687,2583,0.5510987838702796,4516,2248,0.4977856510186005,6816,2516,0.369131455399061,-0.053313132851679046,-0.03648389161510557
KwaZulu-Natal,Ward 54303008,KZN433,4312,2738,0.6349721706864564,3787,1989,0.5252178505413256,3756,1570,0.4179978700745474,-0.10975432014513076,-0.12175324675324672
KwaZulu-Natal,Ward 54304001,KZN434,3160,2133,0.675,3528,2332,0.6609977324263039,3689,2160,0.5855245323936026,-0.014002267573696159,0.1164556962025316
KwaZulu-Natal,Ward 54304002,KZN434,3203,1641,0.5123321885732126,4208,2410,0.5727186311787072,4152,1933,0.4655587668593449,0.06038644260549464,0.313768342179207
KwaZulu-Natal,Ward 54304003,KZN434,4348,2767,0.6363845446182153,4937,3473,0.7034636418877861,4824,2671,0.5536898839137645,0.06707909726957084,0.13546458141674322
KwaZulu-Natal,Ward 54304004,KZN434,3758,2168,0.5769026077700905,4812,2986,0.6205320033250208,4725,2287,0.484021164021164,0.043629395554930284,0.28046833422033
KwaZulu-Natal,Ward 54304005,KZN434,3474,2198,0.6327000575705239,3683,2394,0.6500135758892207,3874,2208,0.5699535363964894,0.017313518318696763,0.060161197466896965
KwaZulu-Natal,Ward 54304006,KZN434,3714,2365,0.6367797522886376,4175,2609,0.6249101796407186,4065,2076,0.5107011070110701,-0.011869572647918991,0.12412493268712987
KwaZulu-Natal,Ward 54304007,KZN434,3639,1988,0.546303929651003,4335,2608,0.6016147635524798,4288,1862,0.4342350746268656,0.05531083390147673,0.1912613355317394
KwaZulu-Natal,Ward 54304008,KZN434,4154,2461,0.5924410207029369,4910,3119,0.6352342158859471,4449,2046,0.4598786244099798,0.04279319518301017,0.1819932595089071
KwaZulu-Natal,Ward 54304009,KZN434,3825,2302,0.6018300653594771,3453,2385,0.6907037358818419,3731,2458,0.6588046100241223,0.08887367052236472,-0.09725490196078435
KwaZulu-Natal,Ward 54304010,KZN434,3657,2126,0.5813508340169538,3701,2289,0.6184814914887868,4247,2479,0.5837061455144809,0.037130657471833084,0.01203171998906205
KwaZulu-Natal,Ward 54304011,KZN434,3639,2376,0.6529266281945589,4282,2955,0.6900980850070061,4289,2445,0.5700629517370016,0.03717145681244716,0.17669689475130523
KwaZulu-Natal,Ward 54304012,KZN434,4645,2749,0.5918191603875135,4278,2858,0.6680691912108462,4568,2367,0.5181698774080561,0.0762500308233327,-0.07900968783638318
KwaZulu-Natal,Ward 54305001,KZN435,3987,2592,0.6501128668171557,4733,2361,0.4988379463342489,4318,2548,0.5900880037054191,-0.15127492048290686,0.18710810132932032
KwaZulu-Natal,Ward 54305002,KZN435,4104,2549,0.6211013645224172,4607,2097,0.4551769047102236,4474,2001,0.4472507822977201,-0.16592445981219356,0.12256335282651065
KwaZulu-Natal,Ward 54305003,KZN435,3492,2045,0.5856242840778924,3885,2269,0.584041184041184,4366,2195,0.5027485112230875,-0.0015831000367083625,0.11254295532646053
KwaZulu-Natal,Ward 54305004,KZN435,3874,2364,0.6102219927723284,4349,2379,0.547022303977926,4308,2438,0.5659238625812442,-0.06319968879440241,0.12261228704181715
KwaZulu-Natal,Ward 54305005,KZN435,4032,2745,0.6808035714285714,3686,2361,0.6405317417254477,3551,1942,0.5468882005068995,-0.04027182970312371,-0.08581349206349209
KwaZulu-Natal,Ward 54305006,KZN435,3825,2515,0.657516339869281,3779,2195,0.5808414924583223,4035,2112,0.5234200743494424,-0.07667484741095876,-0.012026143790849653
KwaZulu-Natal,Ward 54305007,KZN435,3927,2390,0.6086070791953145,3857,2401,0.6225045372050817,3857,2156,0.558983666061706,0.01389745800976716,-0.017825311942959
KwaZulu-Natal,Ward 54305008,KZN435,3521,2253,0.639875035501278,4173,2585,0.6194584231967409,4144,1971,0.4756274131274131,-0.020416612304537063,0.1851746662879863
KwaZulu-Natal,Ward 54305009,KZN435,3353,2100,0.6263048016701461,3646,2188,0.6001097092704334,3483,1678,0.481768590295722,-0.02619509239971274,0.08738443185207267
KwaZulu-Natal,Ward 54305010,KZN435,4269,2717,0.636448817053174,4568,2749,0.6017950963222417,4382,2387,0.5447284345047924,-0.034653720730932314,0.0700398219723588
KwaZulu-Natal,Ward 54305011,KZN435,3407,1996,0.5858526562958615,4093,2301,0.5621793305643782,3903,1703,0.4363310274148091,-0.023673325731483286,0.2013501614323452
KwaZulu-Natal,Ward 54305012,KZN435,3535,2149,0.6079207920792079,3884,2265,0.5831616889804325,3747,1879,0.5014678409394182,-0.02475910309877538,0.09872701555869878
KwaZulu-Natal,Ward 54305013,KZN435,4361,2740,0.6282962623251548,4315,2592,0.6006952491309386,4409,2096,0.475391245180313,-0.02760101319421615,-0.010548039440495316
KwaZulu-Natal,Ward 54305014,KZN435,4437,2839,0.6398467432950191,4465,2738,0.6132138857782755,4191,2073,0.4946313528990694,-0.026632857516743602,0.006310570205093624
KwaZulu-Natal,Ward 54305015,KZN435,3886,2500,0.6433350488934637,4357,2728,0.6261188891439063,4739,2539,0.5357670394598016,-0.01721615974955737,0.12120432321152852
KwaZulu-Natal,Ward 54305016,KZN435,3848,1887,0.49038461538461536,5351,2756,0.5150439170248552,4932,1671,0.3388077858880778,0.024659301640239828,0.3905925155925156
KwaZulu-Natal,Ward 54305017,KZN435,3622,2267,0.6258972943125345,4882,2987,0.6118394100778369,4610,2011,0.4362255965292841,-0.01405788423469756,0.3478741027056875
KwaZulu-Natal,Ward 54305018,KZN435,4178,2661,0.6369076112972715,3737,2287,0.611988225849612,3655,1952,0.53406292749658,-0.02491938544765948,-0.1055528961225467
KwaZulu-Natal,Ward 54305019,KZN435,3745,2305,0.6154873164218959,3748,2247,0.5995197438633938,2641,1402,0.5308595229079894,-0.01596757255850212,0.0008010680907877266
KwaZulu-Natal,Ward 54305020,KZN435,3889,2432,0.6253535613268192,4886,3012,0.6164551780597626,4583,2251,0.491162993672267,-0.008898383267056609,0.2563641038827462
Limpopo,Ward 93301001,LIM331,4160,2107,0.5064903846153846,4241,2102,0.4956378212685687,4274,2266,0.5301824988301357,-0.010852563346815947,0.019471153846153832
Limpopo,Ward 93301002,LIM331,3535,1810,0.512022630834512,3673,1897,0.5164715491423905,3615,1845,0.5103734439834025,0.004448918307878413,0.03903818953323901
Limpopo,Ward 93301003,LIM331,3870,1926,0.49767441860465117,4004,1985,0.4957542457542457,3763,1501,0.3988838692532553,-0.001920172850405466,0.03462532299741605
Limpopo,Ward 93301004,LIM331,4081,2283,0.5594217103651066,3792,1874,0.4941983122362869,3755,1822,0.485219707057257,-0.06522339812881967,-0.07081597647635385
Limpopo,Ward 93301005,LIM331,4320,2361,0.5465277777777777,3899,2197,0.5634778148243139,4105,2077,0.5059683313032887,0.016950037046536193,-0.09745370370370365
Limpopo,Ward 93301006,LIM331,3866,2319,0.599844800827729,4296,2495,0.5807728119180633,4178,2377,0.5689325035902346,-0.01907198890966566,0.1112260734609416
Limpopo,Ward 93301007,LIM331,5080,2607,0.5131889763779528,4495,2563,0.5701890989988877,4553,2299,0.5049417966176147,0.0570001226209349,-0.11515748031496065
Limpopo,Ward 93301008,LIM331,4039,2434,0.6026244119831642,4154,2308,0.5556090515166104,4054,2172,0.5357671435619141,-0.047015360466553746,0.02847239415696956
Limpopo,Ward 93301009,LIM331,3289,1508,0.45849802371541504,3954,2103,0.5318664643399089,3781,1558,0.4120603015075377,0.07336844062449388,0.20218911523259342
Limpopo,Ward 93301010,LIM331,3625,1924,0.5307586206896552,4013,2362,0.5885870919511588,4125,2170,0.526060606060606,0.05782847126150359,0.10703448275862071
Limpopo,Ward 93301011,LIM331,3621,1701,0.46975973487986744,3979,2161,0.5431012817290777,3946,1760,0.4460212873796249,0.07334154684921024,0.0988677161005247
Limpopo,Ward 93301012,LIM331,4133,1903,0.4604403580933946,4083,2124,0.5202057310800882,4343,2033,0.4681096016578402,0.059765372986693543,-0.012097749818533732
Limpopo,Ward 93301013,LIM331,3762,1722,0.45773524720893144,4909,2776,0.5654919535546955,5048,2048,0.4057052297939778,0.10775670634576406,0.3048910154173312
Limpopo,Ward 93301014,LIM331,3911,1967,0.5029404244438762,4784,2533,0.5294732441471572,4650,2055,0.4419354838709677,0.02653281970328103,0.2232165686525185
Limpopo,Ward 93301015,LIM331,3390,1779,0.5247787610619469,3809,2092,0.549225518508795,3825,1882,0.4920261437908497,0.0244467574468481,0.12359882005899703
Limpopo,Ward 93301016,LIM331,3178,1897,0.5969162995594713,4179,2463,0.589375448671931,3617,1860,0.5142383190489356,-0.007540850887540307,0.31497797356828183
Limpopo,Ward 93301017,LIM331,3766,2238,0.5942644715878916,3501,1946,0.5558411882319337,4149,2301,0.5545914678235719,-0.038423283355957905,-0.07036643653744024
Limpopo,Ward 93301018,LIM331,4409,2635,0.597641188478113,5129,2990,0.5829596412556054,5115,2608,0.5098729227761486,-0.014681547222507585,0.16330233613064182
Limpopo,Ward 93301019,LIM331,4554,2475,0.5434782608695652,3248,1717,0.5286330049261084,4128,1757,0.4256298449612403,-0.014845255943456759,-0.2867808519982433
Limpopo,Ward 93301020,LIM331,3662,1863,0.5087383943200436,4022,2119,0.5268523122824466,3880,1731,0.4461340206185567,0.018113917962402915,0.09830693610049157
Limpopo,Ward 93301021,LIM331,3703,2062,0.5568458007021334,4256,2527,0.59375,4296,2218,0.5162942271880819,0.03690419929786659,0.1493383742911154
Limpopo,Ward 93301022,LIM331,3477,1781,0.5122231809030774,3907,2081,0.53263373432301,3885,1710,0.4401544401544401,0.020410553419932587,0.12366983031348866
Limpopo,Ward 93301023,LIM331,3779,2034,0.5382376290023816,4388,2688,0.6125797629899726,3939,1918,0.4869256156384869,0.07434213398759104,0.16115374437681917
Limpopo,Ward 93301024,LIM331,4188,2217,0.5293696275071633,3819,2103,0.5506677140612726,4275,2100,0.4912280701754385,0.021298086554109252,-0.08810888252148996
Limpopo,Ward 93301025,LIM331,3761,1909,0.5075777718691837,4429,2340,0.5283359674870174,4399,2431,0.5526255967265288,0.020758195617833652,0.17761233714437652
Limpopo,Ward 93301026,LIM331,3625,2094,0.577655172413793,4773,2844,0.5958516656191075,4088,2144,0.5244618395303327,0.018196493205314468,0.3166896551724139
Limpopo,Ward 93301027,LIM331,3761,1996,0.530709917575113,4035,2232,0.5531598513011152,4085,2100,0.5140758873929009,0.022449933726002236,0.07285296463706459
Limpopo,Ward 93301028,LIM331,3803,2164,0.5690244543781225,3973,2119,0.5333501132645356,3975,1675,0.4213836477987421,-0.035674341113586916,0.04470155140678411
Limpopo,Ward 93301029,LIM331,3718,2225,0.5984400215169446,4241,2220,0.523461447771752,4830,2433,0.5037267080745341,-0.07497857374519268,0.14066702528240982
Limpopo,Ward 93301030,LIM331,2638,1580,0.5989385898407885,3669,2074,0.565276642136822,3967,1805,0.4550037811948575,-0.033661947703966466,0.3908263836239576
Limpopo,Ward 93302001,LIM332,3498,1851,0.5291595197255574,3951,2133,0.5398633257403189,3824,1945,0.5086297071129707,0.010703806014761508,0.1295025728987993
Limpopo,Ward 93302002,LIM332,3115,1819,0.5839486356340289,3343,1793,0.5363446006580915,3104,1527,0.4919458762886597,-0.04760403497593735,0.07319422150882815
Limpopo,Ward 93302003,LIM332,2984,1559,0.5224530831099196,3137,1643,0.523748804590373,3460,1756,0.507514450867052,0.0012957214804534267,0.051273458445040276
Limpopo,Ward 93302004,LIM332,3170,1693,0.5340694006309148,3564,1909,0.5356341189674523,3599,1851,0.5143095304251181,0.001564718336537485,0.12429022082018926
Limpopo,Ward 93302005,LIM332,3342,1589,0.47546379413524836,3253,1521,0.4675683984014755,3606,1747,0.4844703272323905,-0.007895395733772848,-0.026630760023937716
Limpopo,Ward 93302006,LIM332,3399,1772,0.521329802883201,3844,1921,0.4997398543184183,3768,1825,0.4843418259023354,-0.02158994856478269,0.130920859076199
Limpopo,Ward 93302007,LIM332,3419,1922,0.5621526762211173,3740,2012,0.5379679144385027,3699,1821,0.4922952149229521,-0.02418476178261464,0.09388710149166424
Limpopo,Ward 93302008,LIM332,3222,1756,0.5450031036623215,3829,2056,0.5369548184904674,3162,1574,0.497786211258697,-0.008048285171854075,0.18839230291744258
Limpopo,Ward 93302009,LIM332,3300,1800,0.5454545454545454,3725,1867,0.5012080536912752,3813,1922,0.5040650406504065,-0.044246491763270224,0.1287878787878789
Limpopo,Ward 93302010,LIM332,4762,2493,0.5235195296094078,3918,1980,0.5053598774885145,3720,1634,0.439247311827957,-0.01815965212089332,-0.1772364552708946
Limpopo,Ward 93302011,LIM332,3585,1752,0.4887029288702929,3422,1783,0.5210403272939801,3507,1735,0.4947248360422013,0.032337398423687214,-0.04546722454672247
Limpopo,Ward 93302012,LIM332,3596,2024,0.5628476084538376,4065,1971,0.484870848708487,3726,1742,0.4675254965110038,-0.07797675974535062,0.13042269187986655
Limpopo,Ward 93302013,LIM332,3361,1684,0.5010413567390658,4279,2289,0.5349380696424398,3805,2083,0.5474375821287779,0.03389671290337404,0.2731329961321036
Limpopo,Ward 93302014,LIM332,2858,1476,0.516445066480056,3190,1561,0.4893416927899686,4006,1905,0.4755366949575637,-0.027103373690087362,0.11616515045486353
Limpopo,Ward 93302015,LIM332,3604,1992,0.5527192008879024,3994,2110,0.528292438657987,4204,2278,0.5418648905803997,-0.024426762229915355,0.10821309655937839
Limpopo,Ward 93302016,LIM332,3868,2209,0.5710961737331954,3762,1951,0.5186071238702817,3335,1880,0.5637181409295352,-0.052489049862913695,-0.027404343329886283
Limpopo,Ward 93302017,LIM332,3847,2113,0.5492591629841435,3926,1916,0.4880285277636271,3907,1842,0.4714614793959559,-0.06123063522051636,0.02053548219391743
Limpopo,Ward 93302018,LIM332,3182,1775,0.5578252671275927,3422,1798,0.5254237288135594,3462,2007,0.5797227036395147,-0.03240153831403336,0.07542426147077319
Limpopo,Ward 93302019,LIM332,3973,2384,0.6000503397936069,3519,1791,0.5089514066496164,4198,2105,0.5014292520247737,-0.09109893314399053,-0.11427133148754087
Limpopo,Ward 93302020,LIM332,3994,2337,0.5851276915373059,3916,1828,0.466802860061287,3943,2033,0.5155972609688054,-0.11832483147601891,-0.019529293940911407
Limpopo,Ward 93302021,LIM332,3767,2059,0.546588797451553,3280,1671,0.5094512195121951,3599,1871,0.5198666296193387,-0.0371375779393579,-0.12928059463764263
Limpopo,Ward 93302022,LIM332,3906,2176,0.5570916538658475,4408,2534,0.5748638838475499,3784,2136,0.5644820295983086,0.01777222998170247,0.12852022529441887
Limpopo,Ward 93302023,LIM332,3475,1899,0.5464748201438849,4236,2245,0.5299811142587346,4147,1951,0.4704605739088497,-0.01649370588515031,0.2189928057553956
Limpopo,Ward 93302024,LIM332,2505,1297,0.5177644710578843,3265,1188,0.3638591117917304,4056,2160,0.5325443786982249,-0.15390535926615384,0.3033932135728543
Limpopo,Ward 93302025,LIM332,3892,2138,0.5493319630010277,4035,2119,0.5251548946716234,3856,1830,0.4745850622406639,-0.02417706832940436,0.03674203494347372
Limpopo,Ward 93302026,LIM332,3748,2120,0.5656350053361793,4003,2177,0.5438421184111916,3367,1580,0.4692604692604692,-0.02179288692498771,0.0680362860192103
Limpopo,Ward 93302027,LIM332,3063,1737,0.5670910871694417,3861,2208,0.5718725718725719,3717,2225,0.5986010223298359,0.004781484703130223,0.26052889324191963
Limpopo,Ward 93302028,LIM332,2634,1277,0.4848139711465452,3326,1718,0.5165363800360794,3264,1689,0.5174632352941176,0.031722408889534204,0.2627182991647685
Limpopo,Ward 93302029,LIM332,3470,1666,0.4801152737752161,3517,1743,0.4955928348023884,3377,1608,0.4761622742078768,0.015477561027172293,0.013544668587896158
Limpopo,Ward 93303001,LIM333,5705,2859,0.5011393514460999,5715,2778,0.4860892388451444,5818,2445,0.4202475077346167,-0.015050112600955512,0.0017528483786153348
Limpopo,Ward 93303002,LIM333,4774,2310,0.4838709677419355,5137,2710,0.527545259879307,5724,2715,0.4743186582809224,0.043674292137371507,0.07603686635944706
Limpopo,Ward 93303003,LIM333,5905,3198,0.5415749364944962,6259,3691,0.589710816424349,5093,2513,0.4934223443942666,0.0481358799298528,0.059949195596951776
Limpopo,Ward 93303004,LIM333,5134,2380,0.46357615894039733,5452,2664,0.4886280264123258,5341,2557,0.4787492978842913,0.025051867471928446,0.06194000779119602
Limpopo,Ward 93303005,LIM333,5364,2365,0.44090231170768085,5745,2982,0.5190600522193212,5679,2302,0.4053530551153372,0.07815774051164032,0.07102908277404918
Limpopo,Ward 93303006,LIM333,4886,2803,0.573679901760131,5196,2798,0.5384911470361817,5194,2255,0.4341547939930689,-0.03518875472394922,0.063446582071224
Limpopo,Ward 93303007,LIM333,5513,2552,0.46290585887901325,5389,2648,0.4913713119317127,5316,2227,0.4189240030097818,0.02846545305269943,-0.022492290948666782
Limpopo,Ward 93303008,LIM333,4691,2323,0.4952035813259433,5172,2460,0.4756380510440835,5047,2036,0.4034079651277987,-0.019565530281859755,0.10253677254316784
Limpopo,Ward 93303009,LIM333,5376,2972,0.5528273809523809,5460,2729,0.4998168498168498,5771,2526,0.4377057702304626,-0.053010531135531114,0.015625
Limpopo,Ward 93303010,LIM333,5023,2726,0.5427035636074059,5172,2751,0.5319025522041764,4999,2246,0.4492898579715943,-0.010801011403229532,0.029663547680669033
Limpopo,Ward 93303011,LIM333,4871,2863,0.5877643194415931,5220,2894,0.5544061302681992,5209,2474,0.474947206757535,-0.03335818917339395,0.07164853212892619
Limpopo,Ward 93303012,LIM333,4818,2257,0.4684516396845164,5101,2517,0.4934326602626936,5198,2258,0.434397845325125,0.024981020578177193,0.058738065587380595
Limpopo,Ward 93303013,LIM333,5014,1966,0.3921021140805744,5075,2434,0.4796059113300492,5153,1907,0.3700756840675335,0.08750379724947482,0.012165935380933357
Limpopo,Ward 93303014,LIM333,5658,2910,0.5143160127253447,6365,3858,0.606127258444619,5914,2816,0.4761582685153872,0.09181124571927435,0.12495581477553896
Limpopo,Ward 93303015,LIM333,4754,2407,0.506310475389146,5833,3248,0.5568318189610835,5471,2579,0.4713946262109303,0.050521343571937494,0.2269667648296172
Limpopo,Ward 93303016,LIM333,5801,2821,0.48629546629891396,5548,2882,0.5194664744051911,5724,2316,0.4046121593291404,0.033171008106277156,-0.04361317014307875
Limpopo,Ward 93303017,LIM333,4319,2180,0.5047464690900672,5366,2219,0.4135296310100633,5104,2087,0.4088949843260188,-0.09121683808000386,0.2424172262097708
Limpopo,Ward 93303018,LIM333,4807,2290,0.476388599958394,5268,2862,0.5432801822323462,5347,2019,0.3775949130353469,0.0668915822739522,0.09590180986061991
Limpopo,Ward 93303019,LIM333,4870,2367,0.48603696098562627,5090,2611,0.5129666011787819,4773,1960,0.4106432013408758,0.026929640193155635,0.045174537987679564
Limpopo,Ward 93303020,LIM333,4811,2102,0.4369154022032841,4749,2234,0.4704148241735102,4767,1615,0.3387874973778057,0.033499421970226095,-0.012887133652047411
Limpopo,Ward 93303021,LIM333,4622,2105,0.4554305495456512,4497,2235,0.4969979986657772,4556,1792,0.3933274802458297,0.041567449120126,-0.027044569450454303
Limpopo,Ward 93303022,LIM333,4799,2366,0.4930193790372994,4982,2406,0.4829385788839823,5674,2552,0.4497708847373987,-0.010080800153317138,0.03813294436340908
Limpopo,Ward 93303023,LIM333,4587,2487,0.5421844342707652,4633,2338,0.5046406216274553,4567,1911,0.4184366104663893,-0.03754381264330997,0.010028340963592841
Limpopo,Ward 93303024,LIM333,5308,2729,0.5141296156744537,5656,2984,0.5275813295615276,5452,2212,0.4057226705796038,0.01345171388707389,0.06556141672946492
Limpopo,Ward 93303025,LIM333,5127,2898,0.5652428320655354,5585,2750,0.4923903312444047,4734,1841,0.3888888888888889,-0.0728525008211307,0.08933099278330414
Limpopo,Ward 93303026,LIM333,4443,2328,0.5239702903443619,4660,2546,0.5463519313304721,4515,2163,0.4790697674418605,0.022381640986110174,0.048840873283817254
Limpopo,Ward 93303027,LIM333,5871,2628,0.44762391415431785,5518,2894,0.5244653860094237,5232,2052,0.3922018348623853,0.07684147185510587,-0.060126043263498574
Limpopo,Ward 93303028,LIM333,5048,2313,0.45820126782884313,5785,2639,0.4561797752808988,5634,2310,0.410010649627263,-0.0020214925479443147,0.1459984152139462
Limpopo,Ward 93303029,LIM333,5986,2787,0.46558636819244903,4786,2441,0.5100292519849561,4783,1860,0.3888772736776082,0.04444288379250705,-0.2004677581022386
Limpopo,Ward 93303030,LIM333,4966,2453,0.49395892066049135,4431,2255,0.5089144662604378,4585,2061,0.4495092693565976,0.01495554559994644,-0.1077325815545711
Limpopo,Ward 93303031,LIM333,5703,2905,0.5093810275293705,5860,3104,0.5296928327645051,5655,2754,0.4870026525198939,0.02031180523513454,0.02752937050675075
Limpopo,Ward 93303032,LIM333,5424,3003,0.5536504424778761,4397,2071,0.4710029565612917,4761,2429,0.5101869355177484,-0.08264748591658438,-0.18934365781710916
Limpopo,Ward 93303033,LIM333,5176,2297,0.4437789799072643,4972,2642,0.5313757039420757,4817,2381,0.4942910525223168,0.08759672403481139,-0.03941267387944358
Limpopo,Ward 93303034,LIM333,5592,2754,0.4924892703862661,5318,3069,0.5770966528770214,5307,3152,0.5939325419257584,0.08460738249075528,-0.04899856938483549
Limpopo,Ward 93304001,LIM334,4348,2698,0.6205151793928243,3732,1848,0.495176848874598,4288,1632,0.3805970149253731,-0.1253383305182263,-0.14167433302667898
Limpopo,Ward 93304002,LIM334,2657,1346,0.506586375611592,4522,2601,0.575187969924812,4001,1707,0.4266433391652087,0.06860159431322,0.7019194580353783
Limpopo,Ward 93304003,LIM334,1494,808,0.5408299866131191,3917,1840,0.4697472555527189,3973,1482,0.3730178706267304,-0.0710827310604002,1.6218206157965196
Limpopo,Ward 93304004,LIM334,4870,2216,0.4550308008213552,2998,1252,0.4176117411607739,3285,1177,0.3582952815829528,-0.037419059660581344,-0.38439425051334697
Limpopo,Ward 93304005,LIM334,2726,1508,0.5531914893617021,3435,1433,0.4171761280931587,3444,1121,0.3254936120789779,-0.13601536126854347,0.26008804108584016
Limpopo,Ward 93304006,LIM334,5137,2503,0.48724936733502044,3405,1691,0.4966226138032305,3844,1647,0.4284599375650364,0.009373246468210028,-0.3371617675686198
Limpopo,Ward 93304007,LIM334,2589,1253,0.4839706450366937,3729,1948,0.5223920622150711,3855,1554,0.4031128404669261,0.03842141717837738,0.44032444959443806
Limpopo,Ward 93304008,LIM334,3318,1778,0.5358649789029536,3970,2028,0.510831234256927,4572,1909,0.4175415573053368,-0.02503374464602659,0.19650391802290534
Limpopo,Ward 93304009,LIM334,3700,2225,0.6013513513513513,4003,2320,0.5795653260054959,4043,1964,0.4857778877071481,-0.021786025345855387,0.08189189189189183
Limpopo,Ward 93304010,LIM334,3380,1816,0.5372781065088758,3193,1830,0.5731287190729721,3724,2321,0.6232545649838883,0.035850612564096385,-0.05532544378698223
Limpopo,Ward 93304011,LIM334,3109,1553,0.49951752975233193,4165,1983,0.476110444177671,4084,1512,0.3702252693437806,-0.023407085574660924,0.33965905435831467
Limpopo,Ward 93304012,LIM334,3439,2049,0.5958127362605409,3553,2193,0.6172248803827751,3542,1752,0.4946357989836251,0.021412144122234245,0.03314917127071815
Limpopo,Ward 93304013,LIM334,2976,1715,0.5762768817204301,3337,1638,0.4908600539406653,3894,1723,0.4424756034925526,-0.08541682777976484,0.12130376344086025
Limpopo,Ward 93304014,LIM334,3490,1631,0.4673352435530086,3421,1520,0.4443145279158141,4370,1747,0.3997711670480549,-0.02302071563719449,-0.01977077363896851
Limpopo,Ward 93304015,LIM334,3001,1642,0.5471509496834388,3604,1842,0.5110987791342952,4447,1927,0.4333258376433551,-0.03605217054914356,0.20093302232589139
Limpopo,Ward 93304016,LIM334,3489,1790,0.5130409859558612,4241,2107,0.4968167884932798,4203,1495,0.3556983107304306,-0.016224197462581413,0.21553453711665238
Limpopo,Ward 93304017,LIM334,3222,1616,0.5015518311607697,3703,2179,0.5884418039427491,4148,2347,0.5658148505303761,0.08688997278197941,0.14928615766604603
Limpopo,Ward 93304018,LIM334,4532,2497,0.5509708737864077,3746,1977,0.5277629471436198,3939,1906,0.4838791571464839,-0.023207926642787924,-0.1734333627537511
Limpopo,Ward 93305001,LIM335,3999,1840,0.4601150287571893,4004,1991,0.4972527472527472,4091,1843,0.4505010999755561,0.037137718495557914,0.0012503125781444524
Limpopo,Ward 93305002,LIM335,3435,1861,0.5417758369723435,3610,1977,0.5476454293628809,4125,2127,0.5156363636363637,0.005869592390537304,0.0509461426491995
Limpopo,Ward 93305003,LIM335,3621,2223,0.6139188069594035,4085,2575,0.6303549571603427,4243,2618,0.6170162620787178,0.016436150200939248,0.12814139740403196
Limpopo,Ward 93305004,LIM335,3369,2240,0.6648857227663996,3577,2250,0.6290187307799833,3647,2247,0.6161228406909789,-0.0358669919864163,0.06173938854259431
Limpopo,Ward 93305005,LIM335,3099,1893,0.6108422071636012,3430,2083,0.6072886297376093,3657,2253,0.616078753076292,-0.0035535774259918274,0.10680864795095202
Limpopo,Ward 93305006,LIM335,3532,2108,0.5968289920724802,3827,2061,0.5385419388555004,4156,2626,0.6318575553416746,-0.0582870532169798,0.08352208380520953
Limpopo,Ward 93305007,LIM335,3070,1749,0.5697068403908795,3519,2033,0.5777209434498437,3657,2173,0.5942028985507246,0.008014103058964217,0.14625407166123772
Limpopo,Ward 93305008,LIM335,3469,2101,0.6056500432401268,4251,2641,0.6212655845683369,4587,3084,0.6723348593852191,0.01561554132821008,0.22542519458057075
Limpopo,Ward 93305009,LIM335,3446,2051,0.5951828206616366,3623,1894,0.5227711841015733,3621,1949,0.5382491024578846,-0.07241163656006333,0.05136390017411485
Limpopo,Ward 93305010,LIM335,3227,1903,0.5897118066315463,3549,1777,0.5007044237813468,3776,2303,0.6099046610169492,-0.08900738285019949,0.09978308026030369
Limpopo,Ward 93305011,LIM335,3974,2396,0.602918973326623,4579,2411,0.5265341777680717,3452,1851,0.5362108922363847,-0.07638479555855138,0.15223955712128845
Limpopo,Ward 93305012,LIM335,3357,2118,0.6309204647006256,3899,2171,0.5568094383175173,3892,2142,0.5503597122302158,-0.07411102638310829,0.16145367887995232
Limpopo,Ward 93305013,LIM335,3182,1809,0.5685103708359522,3532,2027,0.5738958097395244,3867,2543,0.6576157227825188,0.005385438903572126,0.1099937146448775
Limpopo,Ward 93305014,LIM335,2937,1640,0.5583929179434798,3050,1652,0.5416393442622951,4115,2290,0.5565006075334143,-0.016753573681184686,0.03847463398025197
Limpopo,Ward 93401001,LIM341,3728,2125,0.5700107296137339,3175,1665,0.5244094488188976,3187,1349,0.4232820834640728,-0.045601280794836274,-0.1483369098712446
Limpopo,Ward 93401002,LIM341,4280,1925,0.4497663551401869,3530,1553,0.4399433427762039,3233,1044,0.3229198886483143,-0.00982301236398303,-0.17523364485981308
Limpopo,Ward 93401003,LIM341,2776,1464,0.5273775216138329,3524,2021,0.5734960272417707,4120,1846,0.4480582524271844,0.046118505627937845,0.2694524495677233
Limpopo,Ward 93401004,LIM341,3580,1726,0.482122905027933,3365,1797,0.5340267459138187,2755,1204,0.4370235934664246,0.05190384088588573,-0.06005586592178769
Limpopo,Ward 93401005,LIM341,2117,1234,0.5829003306565895,3314,1937,0.5844900422450211,3349,1429,0.4266945356822932,0.001589711588431575,0.5654227680680208
Limpopo,Ward 93401006,LIM341,3847,1883,0.4894723160904601,3566,2010,0.5636567582725743,4636,2233,0.4816652286453839,0.07418444218211423,-0.07304393033532619
Limpopo,Ward 93403001,LIM343,6536,3098,0.47399020807833536,4559,1971,0.4323316516779996,4945,2020,0.4084934277047523,-0.04165855640033578,-0.30247858017135865
Limpopo,Ward 93403002,LIM343,6111,3279,0.5365733922434953,4755,2223,0.4675078864353312,4854,2297,0.4732179645653069,-0.06906550580816412,-0.22189494354442807
Limpopo,Ward 93403003,LIM343,7046,3324,0.4717570252625603,4892,2362,0.4828291087489779,4972,2179,0.4382542236524537,0.011072083486417583,-0.3057053647459551
Limpopo,Ward 93403004,LIM343,7162,3459,0.4829656520524993,4894,2235,0.456681651001226,6139,2744,0.4469783352337514,-0.02628400105127332,-0.316671320860095
Limpopo,Ward 93403005,LIM343,7249,3246,0.44778590150365566,5671,2855,0.5034385469934756,5044,2417,0.4791831879460745,0.05565264548981991,-0.21768519795833907
Limpopo,Ward 93403006,LIM343,7788,3962,0.5087313816127376,5793,2762,0.4767823234938719,5854,2945,0.5030748206354629,-0.03194905811886567,-0.25616332819722654
Limpopo,Ward 93403007,LIM343,7298,3171,0.43450260345300085,5122,2019,0.3941819601718079,5547,2109,0.3802055164954029,-0.04032064328119295,-0.2981638805152097
Limpopo,Ward 93403008,LIM343,6288,3150,0.5009541984732825,6009,2888,0.4806124147112664,5802,2378,0.4098586694243364,-0.020341783762016064,-0.044370229007633544
Limpopo,Ward 93403009,LIM343,7355,3166,0.43045547246770904,4862,2366,0.4866310160427807,5064,2250,0.4443127962085308,0.05617554357507165,-0.3389530931339225
Limpopo,Ward 93403010,LIM343,6715,3317,0.4939687267311988,6013,2854,0.4746382837186096,4849,2384,0.4916477624252423,-0.019330443012589182,-0.104542069992554
Limpopo,Ward 93403011,LIM343,6533,3039,0.46517679473442525,6344,2940,0.4634300126103405,5968,2422,0.4058310991957105,-0.0017467821240847448,-0.028930047451400598
Limpopo,Ward 93403012,LIM343,6513,3262,0.5008444649163212,5807,2933,0.5050800757706216,4937,2000,0.4051043143609479,0.0042356108543004645,-0.10839858744050357
Limpopo,Ward 93403013,LIM343,7182,3311,0.46101364522417154,5754,2526,0.4389989572471324,5943,2984,0.5021033148241629,-0.02201468797703915,-0.19883040935672514
Limpopo,Ward 93403014,LIM343,6829,3115,0.45614291990042466,5981,2779,0.4646380203979268,5776,2564,0.4439058171745152,0.008495100497502128,-0.12417630692634352
Limpopo,Ward 93403015,LIM343,7018,3092,0.4405813622114563,5704,2595,0.4549438990182328,5215,2066,0.3961649089165868,0.014362536806776516,-0.18723282986605871
Limpopo,Ward 93403016,LIM343,6415,3090,0.48168355416991426,6298,3004,0.4769768180374722,5717,2471,0.4322196956445688,-0.0047067361324420465,-0.018238503507404524
Limpopo,Ward 93403017,LIM343,6459,3203,0.4958971977086236,5437,2503,0.4603641714180614,5711,2405,0.4211171423568552,-0.03553302629056221,-0.15822882799194926
Limpopo,Ward 93403018,LIM343,7660,3810,0.49738903394255873,5060,2227,0.4401185770750988,6289,2255,0.3585625695659087,-0.05727045686745991,-0.33942558746736295
Limpopo,Ward 93403019,LIM343,6695,3308,0.494100074682599,6044,3197,0.5289543348775645,5332,2519,0.4724306076519129,0.034854260194965514,-0.09723674383868564
Limpopo,Ward 93403020,LIM343,6167,2937,0.4762445273228474,6244,3212,0.5144138372837924,5277,2052,0.3888573052870949,0.03816930996094503,0.012485811577752637
Limpopo,Ward 93403021,LIM343,7177,3185,0.44377873763410897,5288,2260,0.4273827534039334,6056,2310,0.3814398943196829,-0.016395984230175575,-0.2632018949421764
Limpopo,Ward 93403022,LIM343,7289,3216,0.44121278639045136,6861,3004,0.4378370499927124,6203,964,0.1554086732226342,-0.003375736397738971,-0.058718617094251635
Limpopo,Ward 93403023,LIM343,7073,3242,0.4583627880672982,4534,1855,0.4091310101455668,6148,2132,0.346779440468445,-0.04923177792173139,-0.3589707337763325
Limpopo,Ward 93403024,LIM343,7115,3355,0.4715390021082221,5696,2410,0.4231039325842696,6483,2463,0.3799167052290606,-0.04843506952395249,-0.19943780744905126
Limpopo,Ward 93403025,LIM343,7076,2983,0.42156585641605426,5488,2278,0.4150874635568513,4946,1821,0.3681763040841084,-0.006478392859202986,-0.22442057659694747
Limpopo,Ward 93403026,LIM343,7500,3823,0.5097333333333334,5767,2501,0.4336743540835789,5884,2367,0.4022773623385452,-0.07605897924975447,-0.23106666666666664
Limpopo,Ward 93403027,LIM343,7269,3110,0.4278442701884716,6313,2879,0.4560430856961824,5570,2364,0.4244165170556553,0.028198815507710806,-0.1315174026688678
Limpopo,Ward 93403028,LIM343,7493,3485,0.465100760709996,4951,1915,0.3867905473641688,4781,1941,0.4059820121313532,-0.07831021334582722,-0.33924996663552653
Limpopo,Ward 93403029,LIM343,7582,3710,0.4893168029543656,5102,2404,0.471187769502156,5303,1955,0.3686592494814256,-0.018129033452209564,-0.32709047744658404
Limpopo,Ward 93403030,LIM343,6244,2601,0.41655989750160155,5689,2474,0.4348743188609597,5494,2137,0.3889697852202403,0.018314421359358124,-0.08888532991672005
Limpopo,Ward 93403031,LIM343,7197,3004,0.417396137279422,5523,2537,0.4593518015571247,6061,2561,0.422537535060221,0.0419556642777027,-0.23259691538140892
Limpopo,Ward 93403032,LIM343,7484,3404,0.4548369855692143,5588,2439,0.4364710093056549,4952,2052,0.4143780290791599,-0.018365976263559403,-0.2533404596472475
Limpopo,Ward 93403033,LIM343,7390,4044,0.5472259810554804,6071,2637,0.4343600724757042,5887,2343,0.3979955834890437,-0.11286590857977619,-0.17848443843031125
Limpopo,Ward 93403034,LIM343,7980,4171,0.5226817042606516,4843,2396,0.4947346685938468,5275,2567,0.4866350710900474,-0.027947035666804843,-0.39310776942355885
Limpopo,Ward 93403035,LIM343,6937,3428,0.4941617413867666,6016,2713,0.4509640957446808,6158,2557,0.4152322182526794,-0.04319764564208578,-0.13276632550093703
Limpopo,Ward 93403036,LIM343,6825,2728,0.3997069597069597,5611,2912,0.51898057387275,5688,2363,0.415436005625879,0.1192736141657903,-0.1778754578754579
Limpopo,Ward 93403037,LIM343,6734,3224,0.47876447876447875,6192,2702,0.4363695090439276,6260,2285,0.3650159744408945,-0.04239496972055118,-0.08048708048708053
Limpopo,Ward 93403038,LIM343,6219,3031,0.48737739186364365,5135,2557,0.4979552093476144,5492,2111,0.3843772760378732,0.010577817483970742,-0.17430455057083127
Limpopo,Ward 93403039,LIM343,7045,3613,0.5128459900638751,5111,2462,0.4817061240461749,5035,2143,0.4256206554121152,-0.03113986601770019,-0.2745209368346345
Limpopo,Ward 93403040,LIM343,6728,3500,0.5202140309155767,5003,2078,0.4153507895262842,6069,2133,0.3514582303509639,-0.10486324138929254,-0.25639120095124857
Limpopo,Ward 93404001,LIM344,6536,3261,0.49892900856793143,4506,2293,0.5088770528184643,4522,2022,0.4471472799646174,0.009948044250532861,-0.3105875152998776
Limpopo,Ward 93404002,LIM344,6470,2998,0.4633693972179289,5386,2514,0.4667656888228741,5226,2114,0.4045158821278224,0.0033962916049452008,-0.1675425038639876
Limpopo,Ward 93404003,LIM344,6972,3697,0.5302639127940333,4857,1887,0.3885114268066708,4569,2109,0.4615889691398555,-0.1417524859873625,-0.3033562822719449
Limpopo,Ward 93404004,LIM344,7061,3502,0.4959637445121088,4439,698,0.1572426222122099,4726,2470,0.5226407109606432,-0.3387211222998989,-0.37133550488599354
Limpopo,Ward 93404005,LIM344,6862,3491,0.5087438064704168,4766,1548,0.3248006714225765,4433,1772,0.3997293029551094,-0.18394313504784032,-0.3054503060332264
Limpopo,Ward 93404006,LIM344,5980,2622,0.43846153846153846,4453,2121,0.4763081068942286,4199,1800,0.4286734936889735,0.03784656843269013,-0.2553511705685618
Limpopo,Ward 93404007,LIM344,5476,2372,0.4331628926223521,5132,3228,0.6289945440374123,4948,2707,0.5470897332255457,0.1958316514150602,-0.06281957633308988
Limpopo,Ward 93404008,LIM344,5350,2376,0.4441121495327103,4102,2207,0.538030229156509,4487,2158,0.4809449520837976,0.09391807962379872,-0.2332710280373832
Limpopo,Ward 93404009,LIM344,6057,3142,0.5187386494964504,3633,1994,0.5488576933663639,4433,1987,0.448229190164674,0.030119043869913487,-0.4001981178801387
Limpopo,Ward 93404010,LIM344,5256,2314,0.4402587519025875,4405,1921,0.4360953461975028,4358,1677,0.3848095456631482,-0.004163405705084722,-0.161910197869102
Limpopo,Ward 93404011,LIM344,5571,2828,0.5076287919583558,4986,2323,0.4659045326915363,4742,2088,0.4403205398566006,-0.04172425926681944,-0.10500807754442654
Limpopo,Ward 93404012,LIM344,6194,3393,0.547788182111721,5203,2874,0.552373630597732,5090,2457,0.4827111984282907,0.004585448486011057,-0.15999354213755246
Limpopo,Ward 93404013,LIM344,5845,2605,0.44568006843455943,4331,1952,0.4507042253521127,4061,1581,0.3893129770992366,0.0050241569175532574,-0.25902480752780155
Limpopo,Ward 93404014,LIM344,5926,2971,0.501349983125211,5170,2000,0.3868471953578336,5236,2263,0.4322001527883881,-0.11450278776737738,-0.12757340533243333
Limpopo,Ward 93404015,LIM344,6361,3061,0.4812136456531992,5293,2514,0.4749669374645758,5471,2276,0.4160116980442332,-0.006246708188623384,-0.1678981292249646
Limpopo,Ward 93404016,LIM344,6188,2832,0.45765998707175176,4428,2004,0.4525745257452574,4790,2073,0.4327766179540709,-0.005085461326494345,-0.2844214608920491
Limpopo,Ward 93404017,LIM344,5317,2364,0.44461162309573066,4372,1935,0.4425892040256176,4947,2011,0.4065089953507176,-0.0020224190701130795,-0.17773180364867402
Limpopo,Ward 93404018,LIM344,6090,3079,0.5055829228243022,4017,1739,0.4329101319392581,4608,1819,0.3947482638888889,-0.07267279088504408,-0.3403940886699507
Limpopo,Ward 93404019,LIM344,5456,2656,0.4868035190615836,5069,2326,0.4588676267508384,4427,2081,0.4700700248475265,-0.02793589231074517,-0.07093108504398826
Limpopo,Ward 93404020,LIM344,6569,3598,0.5477241589282996,4374,2174,0.4970278920896205,4506,2039,0.4525077674212162,-0.050696266838679116,-0.33414522758410714
Limpopo,Ward 93404021,LIM344,6796,3517,0.5175103001765744,4725,2064,0.4368253968253968,4095,1604,0.3916971916971917,-0.08068490335117762,-0.3047380812242496
Limpopo,Ward 93404022,LIM344,6117,3149,0.5147948340689881,5255,2476,0.4711703139866793,5152,2247,0.4361413043478261,-0.04362452008230877,-0.14091875102174267
Limpopo,Ward 93404023,LIM344,5354,2701,0.5044826298094882,4882,2529,0.5180253994264645,4393,2048,0.4661962212610972,0.013542769616976313,-0.08815838625326855
Limpopo,Ward 93404024,LIM344,6370,3484,0.5469387755102041,4884,2348,0.4807534807534807,4883,2144,0.4390743395453614,-0.06618529475672341,-0.23328100470957613
Limpopo,Ward 93404025,LIM344,6579,3566,0.5420276637786897,4939,2519,0.5100222717149221,4938,2025,0.4100850546780072,-0.032005392063767624,-0.24927800577595383
Limpopo,Ward 93404026,LIM344,5981,3306,0.5527503761912723,4904,2684,0.5473083197389886,4782,2073,0.4335006273525721,-0.005442056452283683,-0.18007022237084103
Limpopo,Ward 93404027,LIM344,6270,2801,0.4467304625199362,5266,2247,0.4266995822255982,4817,1775,0.3684866099231887,-0.020030880294338027,-0.16012759170653912
Limpopo,Ward 93404028,LIM344,6721,3375,0.5021574170510341,5639,3051,0.5410533782585565,4620,2197,0.4755411255411255,0.03889596120752237,-0.1609879482219908
Limpopo,Ward 93404029,LIM344,6427,3748,0.5831647736113272,4395,2108,0.4796359499431172,4985,1955,0.3921765295887663,-0.10352882366821003,-0.3161661739536331
Limpopo,Ward 93404030,LIM344,5710,2933,0.5136602451838879,5268,2373,0.4504555808656036,5033,1996,0.3965825551361017,-0.06320466431828425,-0.07740805604203149
Limpopo,Ward 93404031,LIM344,5795,3125,0.5392579810181191,4831,2451,0.5073483750776236,4632,2465,0.532167530224525,-0.03190960594049541,-0.16635030198446932
Limpopo,Ward 93404032,LIM344,6358,2882,0.4532871972318339,5227,2095,0.4008035201836618,4692,1544,0.3290707587382779,-0.05248367704817214,-0.1778861277131173
Limpopo,Ward 93404033,LIM344,6111,2476,0.40517100310914744,4508,1887,0.4185891748003549,5537,2259,0.4079826620913852,0.013418171691207459,-0.26231386025200454
Limpopo,Ward 93404034,LIM344,5073,1898,0.3741375911689336,5283,2134,0.4039371569184176,5354,1968,0.3675756443780351,0.029799565749484003,0.04139562389118856
Limpopo,Ward 93404035,LIM344,6245,2403,0.3847878302642114,4251,1865,0.4387203011056222,4279,1639,0.3830334190231362,0.05393247084141084,-0.3192954363490793
Limpopo,Ward 93404036,LIM344,6630,2979,0.4493212669683258,5227,1896,0.3627319686244499,5082,1903,0.3744588744588744,-0.08658929834387591,-0.2116138763197587
Limpopo,Ward 93404037,LIM344,5230,2404,0.4596558317399618,4463,1991,0.4461124803943536,4004,1809,0.4517982017982018,-0.01354335134560819,-0.1466539196940727
Limpopo,Ward 93404038,LIM344,5832,2655,0.45524691358024694,5492,2598,0.4730517115804807,5231,2019,0.385968266105907,0.017804798000233768,-0.05829903978052131
Limpopo,Ward 93501001,LIM351,3078,1571,0.5103963612735543,3582,1817,0.5072585147962032,3454,1564,0.4528083381586566,-0.0031378464773510473,0.16374269005847952
Limpopo,Ward 93501002,LIM351,3843,1996,0.5193858964350767,3551,1741,0.4902844269219938,3386,1449,0.4279385705847607,-0.0291014695130829,-0.07598230549050222
Limpopo,Ward 93501003,LIM351,3289,1577,0.47947704469443597,3760,1695,0.4507978723404255,3650,1480,0.4054794520547945,-0.028679172354010463,0.14320462146549096
Limpopo,Ward 93501004,LIM351,3182,1444,0.4538026398491515,3385,1621,0.478877400295421,3339,1542,0.4618149146451033,0.025074760446269495,0.06379635449402898
Limpopo,Ward 93501005,LIM351,2982,1598,0.5358819584171697,4404,2536,0.5758401453224341,4174,1887,0.4520843315764254,0.039958186905264426,0.476861167002012
Limpopo,Ward 93501006,LIM351,3188,1559,0.48902132998745296,3467,1862,0.5370637438707817,3358,1389,0.4136390708755211,0.04804241388332875,0.08751568381430364
Limpopo,Ward 93501007,LIM351,3806,1821,0.47845507094062006,3922,1915,0.4882712901580826,3837,1779,0.4636434714620797,0.009816219217462563,0.030478192327903386
Limpopo,Ward 93501008,LIM351,2843,1245,0.4379176925782624,3802,1729,0.4547606522882693,4304,1625,0.3775557620817844,0.016842959710006877,0.33731973267674986
Limpopo,Ward 93501009,LIM351,4172,2152,0.5158197507190796,4294,1986,0.4625058220773171,4070,1754,0.4309582309582309,-0.05331392864176249,0.029242569511025884
Limpopo,Ward 93501010,LIM351,3724,1920,0.5155746509129968,3841,1912,0.4977870346263994,3880,1734,0.4469072164948454,-0.01778761628659742,0.03141783029001077
Limpopo,Ward 93501011,LIM351,3492,1725,0.49398625429553267,3749,1778,0.4742598026140304,4021,2058,0.5118129818453121,-0.019726451681502277,0.07359679266895758
Limpopo,Ward 93501012,LIM351,3216,1760,0.5472636815920398,3939,2036,0.5168824574765168,3843,1793,0.4665625813166796,-0.03038122411552291,0.2248134328358209
Limpopo,Ward 93501013,LIM351,3185,1517,0.47629513343799057,3374,1913,0.5669828097213989,3212,1586,0.4937733499377335,0.09068767628340835,0.05934065934065935
Limpopo,Ward 93501014,LIM351,3106,1522,0.4900193174500966,4148,2064,0.4975891996142719,3840,1649,0.4294270833333333,0.007569882164175312,0.3354797166773986
Limpopo,Ward 93501015,LIM351,3162,1786,0.5648323845667299,3621,1874,0.5175365921016294,3527,1825,0.517436915225404,-0.04729579246510052,0.14516129032258074
Limpopo,Ward 93501016,LIM351,3262,1735,0.5318822808093194,4415,2494,0.5648924122310306,4470,2371,0.5304250559284116,0.033010131421711164,0.3534641324340895
Limpopo,Ward 93501017,LIM351,3605,1963,0.5445214979195562,3724,2042,0.5483351235230934,3584,1790,0.4994419642857143,0.003813625603537263,0.03300970873786402
Limpopo,Ward 93501018,LIM351,3895,2374,0.6094993581514763,4367,2170,0.496908632928784,4347,1808,0.4159190246146768,-0.11259072522269226,0.12118100128369713
Limpopo,Ward 93501019,LIM351,4130,1824,0.44164648910411625,4452,2176,0.4887690925426775,4449,1614,0.3627781523937963,0.04712260343856123,0.07796610169491536
Limpopo,Ward 93501020,LIM351,3475,1991,0.5729496402877697,3675,1976,0.5376870748299319,3850,1869,0.4854545454545454,-0.03526256545783779,0.05755395683453246
Limpopo,Ward 93501021,LIM351,3516,1897,0.5395335608646189,3377,1774,0.5253183298785905,3123,1350,0.4322766570605187,-0.014215230986028393,-0.0395335608646189
Limpopo,Ward 93503001,LIM353,2917,1485,0.5090846760370243,3199,1706,0.533291653641763,4348,1979,0.4551517939282428,0.024206977604738666,0.09667466575248551
Limpopo,Ward 93503002,LIM353,3917,2135,0.5450599948940515,4321,2473,0.5723212219393659,3700,1934,0.5227027027027027,0.027261227045314307,0.10314015828440137
Limpopo,Ward 93503003,LIM353,2776,1351,0.486671469740634,3261,1631,0.5001533272002453,3744,1785,0.4767628205128205,0.01348185745961128,0.17471181556195958
Limpopo,Ward 93503004,LIM353,3193,1553,0.4863764484810523,3371,1740,0.5161673094037378,3299,1417,0.4295240982115793,0.029790860922685458,0.05574694644534928
Limpopo,Ward 93503005,LIM353,2927,1588,0.5425350187905705,3547,1893,0.5336904426275726,3587,1737,0.484248675773627,-0.008844576162997941,0.21182097710966863
Limpopo,Ward 93503006,LIM353,3674,1669,0.4542732716385411,3739,1922,0.5140411874832843,3563,1427,0.4005051922537188,0.059767915844743225,0.017691888949374013
Limpopo,Ward 93503007,LIM353,3622,1844,0.5091109884041966,4186,2391,0.5711896798853321,4459,2282,0.5117739403453689,0.06207869148113554,0.15571507454445066
Limpopo,Ward 93503008,LIM353,3831,1911,0.4988253719655442,3776,1949,0.5161546610169492,3729,1827,0.4899436846339501,0.01732928905140496,-0.014356564865570354
Limpopo,Ward 93503009,LIM353,3656,1920,0.5251641137855579,3746,2131,0.5688734650293646,4033,2004,0.4969005702950657,0.043709351243806704,0.024617067833698103
Limpopo,Ward 93503010,LIM353,3329,1861,0.5590267347551817,3836,1915,0.4992179353493222,3673,1580,0.430166076776477,-0.059808799405859536,0.1522979873835988
Limpopo,Ward 93503011,LIM353,2921,1406,0.4813420061622732,3597,1765,0.4906866833472338,3161,1328,0.4201202151217969,0.009344677184960626,0.2314275932899692
Limpopo,Ward 93503012,LIM353,2581,1213,0.46997287872917476,3553,1803,0.5074584857866592,3668,1948,0.5310796074154853,0.03748560705748444,0.37659821774505997
Limpopo,Ward 93503013,LIM353,3029,1709,0.5642126114229119,3335,1642,0.4923538230884557,3456,1547,0.4476273148148148,-0.07185878833445619,0.10102344007923403
Limpopo,Ward 93503014,LIM353,3422,1790,0.5230859146697837,3752,1765,0.4704157782515991,3588,1501,0.4183389074693422,-0.05267013641818463,0.09643483343074233
Limpopo,Ward 93504001,LIM354,6685,3456,0.5169783096484667,7463,3649,0.4889454642904998,6724,3186,0.4738251041046996,-0.028032845357966907,0.1163799551234106
Limpopo,Ward 93504002,LIM354,7142,3507,0.4910389246709605,6315,3105,0.4916864608076009,7433,3392,0.4563433337817839,0.0006475361366404253,-0.11579389526743211
Limpopo,Ward 93504003,LIM354,6040,2940,0.4867549668874172,6448,3214,0.4984491315136476,6421,2674,0.4164460364429216,0.011694164626230408,0.06754966887417213
Limpopo,Ward 93504004,LIM354,6083,2827,0.46473779385171793,6564,3323,0.5062461913467398,6388,3049,0.4773011897307451,0.04150839749502183,0.07907282590826892
Limpopo,Ward 93504005,LIM354,7024,3229,0.4597095671981777,7645,3639,0.4759973839110529,7022,2879,0.4099971518086015,0.016287816712875214,0.08841116173120733
Limpopo,Ward 93504006,LIM354,6142,2802,0.45620319114295016,6337,3088,0.4872968281521224,6626,2993,0.451705402958044,0.031093637009172226,0.031748616085965464
Limpopo,Ward 93504007,LIM354,6154,3036,0.49333766655833605,6270,3019,0.4814992025518341,6159,2756,0.4474752394869297,-0.011838464006501959,0.01884952876178092
Limpopo,Ward 93504008,LIM354,6049,3311,0.5473632005290131,8399,4644,0.5529229670198833,8961,3414,0.3809842651489789,0.005559766490870199,0.38849396594478436
Limpopo,Ward 93504009,LIM354,5467,2820,0.5158222059630511,7379,3926,0.5320504133351402,8302,3814,0.4594073717176584,0.016228207372089187,0.3497347722699835
Limpopo,Ward 93504010,LIM354,6367,2973,0.4669389037223182,7893,4386,0.5556822500950209,6666,3014,0.4521452145214521,0.0887433463727027,0.23967331553321825
Limpopo,Ward 93504011,LIM354,6321,3090,0.48884670147128617,7005,3753,0.5357601713062099,7117,3207,0.4506112125895742,0.04691346983492373,0.10821072615092553
Limpopo,Ward 93504012,LIM354,5990,1893,0.31602671118530884,5659,2776,0.4905460328679978,6002,2371,0.3950349883372209,0.17451932168268897,-0.05525876460767942
Limpopo,Ward 93504013,LIM354,6810,3140,0.461086637298091,6933,4002,0.5772392903504976,8525,4211,0.4939589442815249,0.11615265305240657,0.018061674008810646
Limpopo,Ward 93504014,LIM354,5761,2792,0.48463808366603023,7761,4430,0.5708027316067517,8523,4015,0.4710782588290508,0.08616464794072143,0.3471619510501649
Limpopo,Ward 93504015,LIM354,6181,3591,0.580973952434881,7365,4114,0.5585879158180583,7021,2950,0.4201680672268907,-0.022386036616822702,0.19155476460119725
Limpopo,Ward 93504016,LIM354,7340,4019,0.5475476839237057,7848,4565,0.5816768603465852,8242,3884,0.4712448434845911,0.03412917642287949,0.0692098092643052
Limpopo,Ward 93504017,LIM354,4984,2201,0.4416131621187801,6339,3272,0.5161697428616501,7472,3497,0.4680139186295503,0.07455658074286997,0.2718699839486356
Limpopo,Ward 93504018,LIM354,6907,3054,0.4421601274069784,7628,3850,0.504719454640797,7698,3494,0.4538841257469472,0.06255932723381863,0.10438685391631686
Limpopo,Ward 93504019,LIM354,6329,2778,0.43893190077421396,6684,3425,0.5124177139437462,6640,2680,0.4036144578313253,0.07348581316953229,0.056091009638173484
Limpopo,Ward 93504020,LIM354,7150,3732,0.521958041958042,6373,3743,0.5873215126314137,6705,2885,0.43027591349739,0.06536347067337178,-0.10867132867132867
Limpopo,Ward 93504021,LIM354,6868,3862,0.5623179965055329,6372,3954,0.620527306967985,7306,3922,0.5368190528332877,0.058209310462452035,-0.07221898660454285
Limpopo,Ward 93504022,LIM354,6213,3217,0.5177852889103493,7112,4134,0.5812710911136107,7488,3530,0.4714209401709401,0.0634858022032615,0.14469660389505878
Limpopo,Ward 93504023,LIM354,8399,3530,0.42028812953923084,7710,4831,0.6265888456549935,8254,3617,0.4382117761085534,0.20630071611576267,-0.08203357542564593
Limpopo,Ward 93504024,LIM354,5777,3269,0.5658646356240263,7012,4142,0.5907016543069025,6634,2981,0.4493518239372927,0.024837018682876133,0.21377877791241118
Limpopo,Ward 93504025,LIM354,7002,2804,0.4004570122822051,7825,3883,0.4962300319488817,8229,3323,0.4038157734840199,0.09577301966667662,0.11753784632962017
Limpopo,Ward 93504026,LIM354,6358,1070,0.16829191569676,7723,2295,0.2971643143856014,7603,1280,0.1683545968696567,0.12887239868884143,0.21469015413652093
Limpopo,Ward 93504027,LIM354,6323,2741,0.4334967578681006,7282,3569,0.4901126064268058,8418,3566,0.423616060822048,0.05661584855870522,0.15166851178238172
Limpopo,Ward 93504028,LIM354,5989,2990,0.49924862247453666,6600,3384,0.5127272727272727,6683,2858,0.4276522519826425,0.013478650252736035,0.10202037067957925
Limpopo,Ward 93504029,LIM354,5181,2358,0.45512449334105387,5933,2840,0.4786785774481712,6432,2950,0.4586442786069651,0.023554084107117346,0.14514572476355925
Limpopo,Ward 93504030,LIM354,5520,2915,0.5280797101449275,7036,3365,0.4782546901648664,6766,3091,0.4568430387230269,-0.049825019980061114,0.2746376811594202
Limpopo,Ward 93504031,LIM354,6312,3240,0.5133079847908745,6610,3375,0.510590015128593,6656,2858,0.4293870192307692,-0.0027179696622814387,0.04721166032953095
Limpopo,Ward 93504032,LIM354,6171,3326,0.538972613838924,6950,3907,0.562158273381295,7010,3358,0.4790299572039942,0.02318565954237095,0.1262356182142279
Limpopo,Ward 93504033,LIM354,6924,3542,0.5115540150202196,6075,3119,0.5134156378600823,6443,2781,0.4316312276889648,0.0018616228398626866,-0.12261698440207969
Limpopo,Ward 93504034,LIM354,6688,3176,0.4748803827751196,7069,3351,0.4740415900410242,6983,3046,0.4362022053558642,-0.0008387927340954282,0.05696770334928236
Limpopo,Ward 93504035,LIM354,5544,2979,0.5373376623376623,7577,3698,0.488055958822753,7444,3393,0.4558033315421816,-0.04928170351490935,0.36670274170274175
Limpopo,Ward 93504036,LIM354,6150,3350,0.5447154471544715,6388,3485,0.545554164057608,8110,3767,0.4644882860665845,0.0008387169031365271,0.03869918699187003
Limpopo,Ward 93504037,LIM354,5925,2644,0.44624472573839663,6463,3411,0.5277734798081386,6873,3134,0.45598719627528,0.08152875406974197,0.090801687763713
Limpopo,Ward 93504038,LIM354,5683,3091,0.5439028682034137,6210,3525,0.5676328502415459,6262,2914,0.4653465346534653,0.023729982038132147,0.09273271159598795
Limpopo,Ward 93505001,LIM355,3531,1490,0.421976777116964,3967,1796,0.4527350642803125,4119,1722,0.4180626365622724,0.030758287163348497,0.1234777683375814
Limpopo,Ward 93505002,LIM355,3746,1596,0.42605445808862785,3974,1931,0.4859084046300956,3854,1467,0.3806434872859366,0.05985394654146775,0.0608649225840896
Limpopo,Ward 93505003,LIM355,3104,1312,0.422680412371134,2995,1426,0.476126878130217,2999,1330,0.4434811603867956,0.05344646575908296,-0.035115979381443285
Limpopo,Ward 93505004,LIM355,2761,1404,0.5085114089098153,3169,1612,0.5086778163458504,3207,1317,0.4106641721234799,0.00016640743603513197,0.14777254617892077
Limpopo,Ward 93505005,LIM355,3248,1699,0.5230911330049262,3365,1584,0.4707280832095096,3189,1378,0.4321103794292882,-0.05236304979541656,0.03602216748768483
Limpopo,Ward 93505006,LIM355,3450,1528,0.4428985507246377,3453,1718,0.4975383724297712,3419,1438,0.4205908160280784,0.05463982170513354,0.0008695652173913437
Limpopo,Ward 93505007,LIM355,3724,1914,0.5139634801288937,3627,2015,0.5555555555555556,3826,1555,0.4064296915838996,0.04159207542666188,-0.026047261009667033
Limpopo,Ward 93505008,LIM355,3196,1379,0.43147684605757197,3599,1683,0.4676298971936649,3860,1595,0.4132124352331606,0.036153051136092906,0.12609511889862324
Limpopo,Ward 93505009,LIM355,2830,1222,0.4318021201413428,3005,1318,0.4386023294509151,3111,1191,0.3828351012536162,0.006800209309572314,0.06183745583038869
Limpopo,Ward 93505010,LIM355,2986,1339,0.44842598794373745,3065,1413,0.4610114192495921,3824,1426,0.372907949790795,0.012585431305854655,0.02645679839249837
Limpopo,Ward 93505011,LIM355,3287,1726,0.5250988743535139,3403,1598,0.4695856597120188,3030,1188,0.3920792079207921,-0.05551321464149506,0.03529053848494068
Limpopo,Ward 93505012,LIM355,2950,1402,0.4752542372881356,3082,1498,0.4860480207657365,3453,1487,0.4306400231682595,0.010793783477600905,0.04474576271186437
Limpopo,Ward 93505013,LIM355,3272,1749,0.5345354523227384,3610,2158,0.5977839335180055,4561,2095,0.4593290944968208,0.06324848119526716,0.10330073349633251
Limpopo,Ward 93505014,LIM355,3648,1798,0.4928728070175439,4322,1945,0.450023137436372,3360,1453,0.4324404761904762,-0.04284966958117187,0.18475877192982448
Limpopo,Ward 93505015,LIM355,3417,1531,0.44805384840503365,4049,2221,0.5485305013583601,4416,1841,0.416893115942029,0.10047665295332647,0.18495756511559858
Limpopo,Ward 93505016,LIM355,2839,1209,0.4258541740049313,3026,1506,0.4976867151354924,3006,1193,0.3968729208250166,0.07183254113056109,0.06586826347305386
Limpopo,Ward 93505017,LIM355,3313,1551,0.4681557500754603,4016,2100,0.5229083665338645,3200,1393,0.4353125,0.054752616458404235,0.2121943857530939
Limpopo,Ward 93505018,LIM355,2985,1271,0.42579564489112226,2922,1390,0.4757015742642026,4046,1784,0.4409293129016312,0.04990592937308036,-0.021105527638190957
Limpopo,Ward 93505019,LIM355,4294,2169,0.5051234280391244,3701,1842,0.4977033234261011,3936,1797,0.4565548780487805,-0.007420104613023282,-0.1380996739636703
Limpopo,Ward 93505020,LIM355,3486,1677,0.4810671256454389,3717,1745,0.4694646220069949,3810,1489,0.3908136482939632,-0.011602503638444006,0.06626506024096379
Limpopo,Ward 93505021,LIM355,3711,1370,0.3691727297224468,3559,1300,0.3652711435796572,3429,1312,0.3826188393117527,-0.003901586142789626,-0.040959310158986795
Limpopo,Ward 93505022,LIM355,3887,1501,0.3861589915101621,4036,1796,0.4449950445986125,3423,1291,0.3771545427987146,0.05883605308845041,0.038332904553640246
Limpopo,Ward 93505023,LIM355,4425,1789,0.40429378531073445,2994,1284,0.4288577154308617,3622,1324,0.3655438983986747,0.024563930120127253,-0.3233898305084746
Limpopo,Ward 93505024,LIM355,3071,1357,0.44187561055030933,3120,1569,0.5028846153846154,3278,1322,0.4032946918852959,0.061009004834306046,0.015955714750895522
Limpopo,Ward 93505025,LIM355,3292,1557,0.4729647630619684,3569,1814,0.508265620622023,3677,1745,0.4745716616807179,0.03530085756005458,0.08414337788578363
Limpopo,Ward 93505026,LIM355,3505,1678,0.4787446504992867,4018,2065,0.5139372822299652,4092,1797,0.439149560117302,0.035192631730678436,0.14636233951497868
Limpopo,Ward 93505027,LIM355,3946,2007,0.5086163203243791,3905,1949,0.4991037131882202,4111,1988,0.483580637314522,-0.009512607136158868,-0.0103902686264572
Limpopo,Ward 93505028,LIM355,2956,1622,0.5487144790257105,3403,1887,0.5545107258301498,3703,2103,0.5679179044018363,0.005796246804439353,0.1512178619756428
Limpopo,Ward 93505029,LIM355,3531,2430,0.6881903143585386,3704,2314,0.6247300215982722,3814,2384,0.6250655479811221,-0.06346029276026643,0.04899461908807701
Limpopo,Ward 93601001,LIM361,2929,1355,0.4626152270399454,2999,1586,0.5288429476492164,3370,1588,0.4712166172106825,0.06622772060927096,0.02389894161829975
Limpopo,Ward 93601002,LIM361,5471,3056,0.5585816121367209,4190,2925,0.698090692124105,3426,1918,0.5598365440747227,0.13950907998738415,-0.23414366660573938
Limpopo,Ward 93601003,LIM361,4345,2045,0.4706559263521289,6413,2989,0.4660845158272259,3608,1065,0.2951773835920177,-0.004571410524903008,0.4759493670886077
Limpopo,Ward 93601004,LIM361,2442,1088,0.44553644553644556,3370,1739,0.5160237388724036,4066,2188,0.5381210034431874,0.07048729333595805,0.38001638001638005
Limpopo,Ward 93601005,LIM361,2478,889,0.3587570621468927,2845,1172,0.4119507908611599,5049,2061,0.4081996434937611,0.0531937287142672,0.14810330912025838
Limpopo,Ward 93601006,LIM361,3104,904,0.2912371134020619,2741,1152,0.4202845676760306,2748,998,0.3631732168850072,0.12904745427396874,-0.11694587628865982
Limpopo,Ward 93601007,LIM361,3558,1904,0.5351320966835301,4124,1855,0.4498060135790495,3547,1125,0.3171694389625035,-0.08532608310448064,0.15907813378302427
Limpopo,Ward 93601008,LIM361,2967,1180,0.3977081226828446,3441,1740,0.5056669572798606,5384,1905,0.3538261515601783,0.10795883459701594,0.15975733063700703
Limpopo,Ward 93601009,LIM361,3994,2503,0.6266900350525789,3957,2230,0.5635582512004044,4261,1928,0.4524759446139404,-0.06313178385217455,-0.009263895843765635
Limpopo,Ward 93601010,LIM361,3441,1672,0.48590526009880847,4126,2069,0.5014541929229278,3365,1330,0.3952451708766716,0.015548932824119344,0.19907003777971521
Limpopo,Ward 93601011,LIM361,3082,1327,0.4305645684620376,2667,1127,0.4225721784776903,2485,759,0.3054325955734406,-0.007992389984347315,-0.13465282284231017
Limpopo,Ward 93601012,LIM361,1106,911,0.8236889692585895,4336,2336,0.5387453874538746,4379,2082,0.4754510162137474,-0.2849435818047149,2.9204339963833634
Limpopo,Ward 93602001,LIM362,2871,1711,0.5959595959595959,6487,2717,0.4188376753507014,4170,1265,0.303357314148681,-0.17712192060889453,1.2594914663880181
Limpopo,Ward 93602002,LIM362,3052,1187,0.3889252948885976,6592,2117,0.3211468446601941,4637,1251,0.2697864998921717,-0.06777845022840351,1.1598951507208386
Limpopo,Ward 93602003,LIM362,2962,1505,0.5081026333558406,4072,2338,0.5741650294695482,5110,1805,0.3532289628180039,0.06606239611370757,0.37474679270763
Limpopo,Ward 93602004,LIM362,4039,1956,0.48427828670462986,3803,1737,0.4567446752563765,5406,2020,0.3736588975212727,-0.027533611448253337,-0.05843030453082443
Limpopo,Ward 93602005,LIM362,4096,2034,0.49658203125,4916,2577,0.524206672091131,4099,2391,0.5833130031715053,0.027624640841131032,0.2001953125
Limpopo,Ward 93602006,LIM362,2973,1684,0.5664312142616885,3751,1900,0.5065315915755798,4429,2317,0.5231429216527432,-0.05989962268610871,0.26168853010427173
Limpopo,Ward 93602007,LIM362,3746,2126,0.5675387079551522,4079,2261,0.554302525128708,4530,2509,0.5538631346578367,-0.01323618282644412,0.08889482114255198
Limpopo,Ward 93602008,LIM362,4132,2232,0.5401742497579864,4859,2761,0.5682239143856761,3749,2357,0.628700986929848,0.028049664627689652,0.17594385285575997
Limpopo,Ward 93602009,LIM362,3950,2120,0.5367088607594936,4033,2139,0.530374411108356,4192,2481,0.5918416030534351,-0.006334449651137608,0.021012658227848036
Limpopo,Ward 93602010,LIM362,3952,2157,0.5457995951417004,3676,2237,0.6085418933623504,3889,2350,0.6042684494728722,0.06274229822065003,-0.06983805668016196
Limpopo,Ward 93602011,LIM362,3451,1820,0.5273833671399595,3908,2306,0.59007164790174,4285,2444,0.5703617269544924,0.06268828076178057,0.13242538394668202
Limpopo,Ward 93602012,LIM362,3799,1974,0.5196104237957357,4138,2261,0.5463992266795553,4243,2367,0.557860004713646,0.026788802883819574,0.08923400894972366
Limpopo,Ward 93606001,LIM366,6311,3555,0.5633021708128664,3398,2110,0.6209535020600353,3580,2005,0.5600558659217877,0.057651331247168924,-0.46157502772936143
Limpopo,Ward 93606002,LIM366,3459,2081,0.6016189650187915,3201,1726,0.5392064979693846,3253,1492,0.4586535505687058,-0.06241246704940695,-0.07458803122289681
Limpopo,Ward 93606003,LIM366,2222,1207,0.5432043204320433,3196,1646,0.5150187734668336,2970,1369,0.4609427609427609,-0.028185546965209696,0.43834383438343827
Limpopo,Ward 93606004,LIM366,4128,2627,0.6363856589147286,3725,1967,0.5280536912751678,3203,1589,0.4960974086793631,-0.10833196763956088,-0.09762596899224807
Limpopo,Ward 93606005,LIM366,2493,1489,0.5972723626153229,2944,1760,0.5978260869565217,2936,1606,0.5470027247956403,0.0005537243411988246,0.18090653830726033
Limpopo,Ward 93606006,LIM366,2739,1606,0.5863453815261044,2942,1570,0.5336505778382054,3802,1964,0.5165702261967385,-0.05269480368789903,0.07411464037970061
Limpopo,Ward 93606007,LIM366,3156,2092,0.6628643852978454,3702,2139,0.5777957860615883,3482,1885,0.5413555427914991,-0.08506859923625709,0.1730038022813689
Limpopo,Ward 93606008,LIM366,2777,1561,0.5621173928700036,3018,1573,0.5212060967528165,4061,1971,0.4853484363457276,-0.040911296117187135,0.086784299603889
Limpopo,Ward 93606009,LIM366,1044,649,0.6216475095785441,4086,2223,0.5440528634361234,3980,1772,0.4452261306532663,-0.07759464614242073,2.913793103448276
Limpopo,Ward 93607001,LIM367,4555,2301,0.505159165751921,4696,2466,0.5251277683134583,4209,1995,0.4739843193157519,0.01996860256153732,0.030954994511525724
Limpopo,Ward 93607002,LIM367,4046,1886,0.4661393969352447,3770,1784,0.473209549071618,4438,1906,0.4294727354664263,0.007070152136373298,-0.0682155215027187
Limpopo,Ward 93607003,LIM367,3864,2227,0.5763457556935818,4264,2409,0.5649624765478424,4371,2309,0.5282544040265386,-0.011383279145739444,0.10351966873706009
Limpopo,Ward 93607004,LIM367,3689,1912,0.5182976416373001,4309,2343,0.5437456486423764,3852,1614,0.4190031152647975,0.025448007005076323,0.16806722689075637
Limpopo,Ward 93607005,LIM367,3839,1883,0.4904923157072154,4135,1971,0.4766626360338573,3716,1701,0.4577502691065662,-0.01382967967335813,0.07710341234696538
Limpopo,Ward 93607006,LIM367,4507,2223,0.4932327490570224,4116,2125,0.5162779397473275,3842,1739,0.452628839146278,0.023045190690305084,-0.08675393831817169
Limpopo,Ward 93607007,LIM367,3712,1997,0.5379849137931034,4062,1771,0.4359921221073363,3870,1874,0.4842377260981912,-0.10199279168576714,0.09428879310344818
Limpopo,Ward 93607008,LIM367,4230,2148,0.5078014184397163,3771,1752,0.4645982498011137,4024,1680,0.4174950298210735,-0.043203168638602574,-0.10851063829787233
Limpopo,Ward 93607009,LIM367,4172,2163,0.5184563758389261,4344,2037,0.4689226519337016,4623,1765,0.381786718581008,-0.049533723905224536,0.04122722914669219
Limpopo,Ward 93607010,LIM367,3894,1907,0.48972778633795583,4642,2209,0.475872468763464,3904,1714,0.4390368852459016,-0.013855317574491821,0.192090395480226
Limpopo,Ward 93607011,LIM367,4714,2504,0.5311837081035214,4047,1997,0.493451939708426,3962,1667,0.4207470974255426,-0.037731768395095455,-0.14149342384386931
Limpopo,Ward 93607012,LIM367,4315,2045,0.473928157589803,4672,2129,0.4556934931506849,4515,1692,0.374750830564784,-0.018234664439118087,0.08273464658169183
Limpopo,Ward 93607013,LIM367,4496,2283,0.5077846975088968,4938,2565,0.5194410692588093,4192,1619,0.3862118320610687,0.01165637174991252,0.09830960854092519
Limpopo,Ward 93607014,LIM367,3837,1907,0.49700286682303885,4981,2510,0.5039148765308171,4451,1775,0.3987867894855089,0.006912009707778277,0.29814959603857183
Limpopo,Ward 93607015,LIM367,3857,1901,0.49287010630023337,3951,1810,0.4581118704125538,4567,1721,0.376833807751259,-0.03475823588767957,0.02437127301011155
Limpopo,Ward 93607016,LIM367,4397,2098,0.47714350693654767,3856,1528,0.3962655601659751,3921,1502,0.3830655445039531,-0.08087794677057258,-0.12303843529679326
Limpopo,Ward 93607017,LIM367,4589,2490,0.5426018740466333,4849,2349,0.4844297793359455,4564,1582,0.3466257668711656,-0.058172094710687794,0.056657223796033884
Limpopo,Ward 93607018,LIM367,4602,2365,0.5139069969578444,4917,2421,0.4923733984136669,4891,1467,0.2999386628501329,-0.021533598544177468,0.06844850065189045
Limpopo,Ward 93607019,LIM367,4249,2146,0.5050600141209697,4820,2224,0.4614107883817427,4558,1470,0.3225098727512067,-0.04364922573922697,0.13438456107319374
Limpopo,Ward 93607020,LIM367,4726,2685,0.5681337283114685,4425,2174,0.4912994350282486,5290,2287,0.4323251417769376,-0.07683429328321989,-0.06369022429115534
Limpopo,Ward 93607021,LIM367,3501,1736,0.4958583261925164,4674,1901,0.4067180145485665,4881,1964,0.4023765621798811,-0.08914031164394992,0.3350471293916024
Limpopo,Ward 93607022,LIM367,4281,2051,0.47909366970334033,3785,1893,0.5001321003963012,4193,1723,0.4109229668495111,0.021038430692960852,-0.115860780191544
Limpopo,Ward 93607023,LIM367,3943,1936,0.4909967030180066,5375,2505,0.466046511627907,5210,2239,0.4297504798464491,-0.024950191390099574,0.3631752472736496
Limpopo,Ward 93607024,LIM367,4340,2253,0.5191244239631336,4029,2101,0.5214693472325639,3815,1597,0.418610747051114,0.0023449232694302546,-0.07165898617511524
Limpopo,Ward 93607025,LIM367,4648,2654,0.5709982788296041,4886,2364,0.4838313548915268,4303,1748,0.4062282128747385,-0.08716692393807729,0.051204819277108404
Limpopo,Ward 93607026,LIM367,3866,1861,0.4813760993274703,5125,2292,0.4472195121951219,4995,1809,0.3621621621621622,-0.03415658713234837,0.32565959648215204
Limpopo,Ward 93607027,LIM367,4351,2056,0.4725350494139278,4342,2012,0.4633809304467987,4030,1356,0.3364764267990074,-0.009154118967129143,-0.002068490002298362
Limpopo,Ward 93607028,LIM367,4148,2170,0.5231436837029894,4757,2351,0.4942190456169855,4876,1542,0.3162428219852338,-0.028924638086003873,0.14681774349083887
Limpopo,Ward 93607029,LIM367,4656,2302,0.4944158075601375,5228,2567,0.4910099464422341,5691,2060,0.3619750483219118,-0.0034058611179033638,0.12285223367697595
Limpopo,Ward 93607030,LIM367,4395,2215,0.5039817974971559,5325,2595,0.4873239436619718,4784,1803,0.37688127090301,-0.01665785383518409,0.21160409556313997
Limpopo,Ward 93607031,LIM367,5890,3607,0.6123938879456706,4508,2814,0.6242236024844721,5220,2944,0.563984674329502,0.011829714538801439,-0.234634974533107
Limpopo,Ward 93607032,LIM367,4278,2127,0.49719495091164095,4432,2385,0.5381317689530686,4174,1917,0.4592716818399616,0.040936818041427625,0.03599812996727447
Limpopo,Ward 94701001,LIM471,2979,1388,0.46592816381336016,3031,1565,0.5163312438139228,3230,1397,0.4325077399380805,0.05040308000056265,0.017455521987244094
Limpopo,Ward 94701002,LIM471,1987,919,0.46250629089079015,3808,1849,0.4855567226890756,3397,1562,0.4598174860170739,0.023050431798285476,0.9164569703069956
Limpopo,Ward 94701003,LIM471,4764,2424,0.5088161209068011,3390,1744,0.5144542772861357,3290,1470,0.4468085106382978,0.0056381563793346245,-0.28841309823677586
Limpopo,Ward 94701004,LIM471,2749,1162,0.42269916333212076,3321,1483,0.4465522433002107,3260,1745,0.5352760736196319,0.02385307996808994,0.20807566387777365
Limpopo,Ward 94701005,LIM471,2150,969,0.45069767441860464,3512,1836,0.5227790432801822,4151,1925,0.463743676222597,0.07208136886157757,0.6334883720930233
Limpopo,Ward 94701006,LIM471,3661,1741,0.4755531275607757,2982,1447,0.4852448021462106,3185,1498,0.4703296703296703,0.00969167458543485,-0.18546845124282985
Limpopo,Ward 94701007,LIM471,3657,1596,0.4364232977850697,3137,1678,0.5349059611093402,3473,1450,0.417506478548805,0.09848266332427047,-0.14219305441618812
Limpopo,Ward 94701008,LIM471,3566,2001,0.5611329220415031,3993,2048,0.5128975707488104,4172,1700,0.4074784276126558,-0.04823535129269274,0.1197420078519349
Limpopo,Ward 94701009,LIM471,3825,1964,0.5134640522875817,3915,2008,0.5128991060025543,3919,1561,0.3983158969124776,-0.0005649462850274567,0.0235294117647058
Limpopo,Ward 94701010,LIM471,3497,2169,0.6202459250786388,3796,2123,0.55927291886196,3875,1749,0.4513548387096774,-0.06097300621667889,0.08550185873605942
Limpopo,Ward 94701011,LIM471,3411,1600,0.4690706537672237,3339,1546,0.4630128781072177,3324,1370,0.4121540312876053,-0.006057775660005982,-0.02110817941952503
Limpopo,Ward 94701012,LIM471,4020,2021,0.5027363184079602,4088,1983,0.485078277886497,4100,1645,0.401219512195122,-0.017658040521463192,0.01691542288557213
Limpopo,Ward 94701013,LIM471,3478,1729,0.4971247843588269,3506,1767,0.5039931545921278,4302,2146,0.498837749883775,0.006868370233300891,0.00805060379528455
Limpopo,Ward 94701014,LIM471,2964,1614,0.5445344129554656,3095,1572,0.5079159935379645,3610,1585,0.4390581717451524,-0.0366184194175011,0.04419703103913619
Limpopo,Ward 94701015,LIM471,3936,2226,0.5655487804878049,4163,2055,0.493634398270478,3611,1600,0.4430905566325118,-0.07191438221732688,0.057672764227642226
Limpopo,Ward 94701016,LIM471,3926,1710,0.43555781966377993,3858,1827,0.4735614307931571,3533,1448,0.4098499858477215,0.03800361112937717,-0.017320427916454384
Limpopo,Ward 94702001,LIM472,3695,2103,0.5691474966170501,3915,2098,0.5358876117496807,4424,1801,0.4070976491862568,-0.033259884867369416,0.05953991880920162
Limpopo,Ward 94702002,LIM472,3691,1884,0.510430777567055,4911,2483,0.5055996742007738,4345,1580,0.3636363636363636,-0.004831103366281231,0.33053373069628833
Limpopo,Ward 94702003,LIM472,3121,1703,0.5456584428067927,3727,1835,0.4923530990072444,3630,1271,0.3501377410468319,-0.053305343799548266,0.194168535725729
Limpopo,Ward 94702004,LIM472,2998,1433,0.47798532354903267,4290,2127,0.4958041958041958,4372,1760,0.4025617566331198,0.017818872255163154,0.4309539693128752
Limpopo,Ward 94702005,LIM472,3437,1875,0.5455338958393948,3755,1992,0.5304926764314247,3791,1564,0.4125560538116592,-0.015041219407970097,0.09252254873436128
Limpopo,Ward 94702006,LIM472,3466,1779,0.513271783035199,3499,1936,0.5533009431266076,3409,1535,0.4502786740979759,0.040029160091408555,0.009521061742642889
Limpopo,Ward 94702007,LIM472,3948,2099,0.5316616008105369,3973,1977,0.4976088598036748,4471,1659,0.371057928874972,-0.03405274100686212,0.0063323201621074965
Limpopo,Ward 94702008,LIM472,3517,1760,0.5004264998578334,3481,1865,0.5357655846021259,3520,1670,0.4744318181818182,0.03533908474429248,-0.010235996588001117
Limpopo,Ward 94702009,LIM472,3390,2091,0.6168141592920354,4268,2512,0.5885660731021556,4567,2081,0.4556601707904532,-0.02824808618987984,0.2589970501474925
Limpopo,Ward 94702010,LIM472,3743,2022,0.5402083889927866,4244,2163,0.5096606974552309,4016,1486,0.3700199203187251,-0.030547691537555655,0.1338498530590435
Limpopo,Ward 94702011,LIM472,3290,1834,0.5574468085106383,3703,1770,0.4779908182554685,3383,1301,0.3845699083653562,-0.0794559902551698,0.12553191489361692
Limpopo,Ward 94702012,LIM472,3805,1970,0.5177398160315374,4222,2372,0.561819043107532,4117,1603,0.3893611853291231,0.04407922707599454,0.10959264126149804
Limpopo,Ward 94702013,LIM472,3913,1826,0.4666496294403271,3863,2116,0.5477608076624385,3816,1883,0.4934486373165618,0.08111117822211139,-0.012777919754663913
Limpopo,Ward 94702014,LIM472,3986,1894,0.47516307074761666,4168,2170,0.5206333973128598,4114,1635,0.3974234321827904,0.04547032656524319,0.045659809332664336
Limpopo,Ward 94702015,LIM472,3586,1531,0.42693809258226434,3821,1571,0.4111489138968856,3701,1331,0.3596325317481761,-0.015789178685378713,0.0655326268823202
Limpopo,Ward 94702016,LIM472,3852,1848,0.4797507788161994,4541,2263,0.4983483814137855,4305,1638,0.3804878048780488,0.018597602597586138,0.1788681204569056
Limpopo,Ward 94702017,LIM472,3231,1689,0.5227483751160631,3421,1666,0.4869921075708857,3251,1185,0.3645032297754537,-0.03575626754517741,0.05880532342927891
Limpopo,Ward 94702018,LIM472,3408,1959,0.5748239436619719,3581,2095,0.5850321139346552,3523,1652,0.4689185353391995,0.010208170272683281,0.05076291079812201
Limpopo,Ward 94702019,LIM472,3926,2242,0.5710646968925115,3404,1837,0.5396592244418331,3425,1435,0.418978102189781,-0.03140547245067837,-0.13295975547631178
Limpopo,Ward 94702020,LIM472,4335,2305,0.5317185697808535,3863,2138,0.5534558633186643,3942,1706,0.432775240994419,0.02173729353781073,-0.10888119953863895
Limpopo,Ward 94702021,LIM472,3923,2030,0.5174611266887587,3730,2046,0.5485254691689008,3883,1891,0.4869945918104558,0.031064342480142115,-0.04919704307927608
Limpopo,Ward 94702022,LIM472,3246,1443,0.444547134935305,4243,1964,0.462880037709168,4134,1560,0.3773584905660377,0.018332902773863013,0.3071472581638941
Limpopo,Ward 94702023,LIM472,3976,2053,0.5163480885311871,3919,1936,0.4940035723398826,3595,1470,0.4089012517385257,-0.022344516191304453,-0.01433601609657953
Limpopo,Ward 94702024,LIM472,4091,2053,0.501833292593498,3253,1369,0.4208422994159237,3307,1354,0.4094345328091926,-0.08099099317757424,-0.20483989244683454
Limpopo,Ward 94702025,LIM472,3890,1942,0.49922879177377893,3658,2046,0.559322033898305,3732,1408,0.3772775991425509,0.0600932421245261,-0.05964010282776344
Limpopo,Ward 94702026,LIM472,3869,2046,0.5288188162315844,3422,1758,0.5137346580946814,3317,1467,0.4422671088332831,-0.015084158136903003,-0.11553372964590336
Limpopo,Ward 94702027,LIM472,3898,2020,0.5182144689584403,4006,1866,0.4658012980529206,3915,1394,0.356066411238825,-0.05241317090551967,0.027706516162134376
Limpopo,Ward 94702028,LIM472,3988,2175,0.5453861584754263,4184,2170,0.518642447418738,4210,1564,0.3714964370546318,-0.02674371105668827,0.04914744232698087
Limpopo,Ward 94702029,LIM472,4228,1867,0.44157994323557237,3622,2054,0.5670900055218111,3528,1640,0.4648526077097505,0.12551006228623873,-0.14333017975402085
Limpopo,Ward 94702030,LIM472,3238,1605,0.49567634342186534,3970,2159,0.5438287153652392,3939,1840,0.4671236354404671,0.048152371943373906,0.22606547251389753
Limpopo,Ward 94703001,LIM473,3650,1820,0.4986301369863014,4023,1970,0.4896843151876709,4033,1531,0.3796181502603521,-0.00894582179863046,0.10219178082191771
Limpopo,Ward 94703002,LIM473,4198,2166,0.5159599809433063,4357,2330,0.5347716318567822,4233,2247,0.5308291991495393,0.01881165091347592,0.03787517865650303
Limpopo,Ward 94703003,LIM473,4140,1930,0.46618357487922707,4392,2143,0.4879326047358834,4285,1805,0.4212368728121353,0.021749029856656332,0.0608695652173914
Limpopo,Ward 94703004,LIM473,3802,1996,0.524986849026828,4214,2066,0.4902705268153773,4620,2081,0.4504329004329004,-0.03471632221145071,0.10836401893740133
Limpopo,Ward 94703005,LIM473,3672,1835,0.4997276688453159,4130,2196,0.5317191283292978,4173,1742,0.4174454828660436,0.03199145948398191,0.12472766884531583
Limpopo,Ward 94703006,LIM473,3548,2051,0.5780721533258174,3861,2300,0.5957005957005957,3987,2455,0.6157511913719589,0.01762844237477834,0.08821871476888399
Limpopo,Ward 94703007,LIM473,3400,1904,0.56,3687,2134,0.5787903444534852,3489,1662,0.4763542562338779,0.018790344453485153,0.08441176470588241
Limpopo,Ward 94703008,LIM473,4054,2031,0.5009866798223976,4655,2289,0.4917293233082707,4791,1849,0.3859319557503652,-0.009257356514126958,0.14824864331524412
Limpopo,Ward 94703009,LIM473,4256,1829,0.42974624060150374,4834,2277,0.471038477451386,5055,2014,0.3984174085064292,0.04129223684988226,0.13580827067669166
Limpopo,Ward 94703010,LIM473,3572,1814,0.5078387458006719,4567,2064,0.4519378147580468,3771,1448,0.3839830283744365,-0.05590093104262511,0.278555431131019
Limpopo,Ward 94703011,LIM473,3269,1437,0.4395839706332212,3547,1582,0.4460107132788272,4519,1954,0.4323965479088293,0.006426742645605998,0.08504129703273167
Limpopo,Ward 94703012,LIM473,3861,2299,0.5954415954415955,4414,2569,0.5820117806977798,4586,2727,0.5946358482337549,-0.01342981474381566,0.14322714322714325
Limpopo,Ward 94703013,LIM473,4149,1911,0.46059291395516994,4426,2242,0.5065521915951198,4410,1892,0.4290249433106576,0.045959277639949836,0.06676307543986493
Limpopo,Ward 94703014,LIM473,3750,1744,0.4650666666666667,4381,2346,0.5354941794110933,4216,1819,0.4314516129032258,0.07042751274442666,0.16826666666666656
Limpopo,Ward 94703015,LIM473,3214,1295,0.4029247044181705,3757,2082,0.5541655576257652,3589,1286,0.3583170799665645,0.15124085320759473,0.1689483509645302
Limpopo,Ward 94703016,LIM473,3850,1537,0.3992207792207792,4277,2099,0.4907645545943418,4562,1680,0.3682595352915388,0.09154377537356262,0.11090909090909085
Limpopo,Ward 94703017,LIM473,4183,1948,0.46569447764762134,3975,1763,0.4435220125786163,3820,1445,0.3782722513089005,-0.022172465069005054,-0.049725077695433884
Limpopo,Ward 94703018,LIM473,3923,1483,0.37802702013764977,4263,1903,0.4463992493549144,4107,1591,0.3873873873873873,0.0683722292172646,0.08666836604639316
Limpopo,Ward 94703019,LIM473,4300,2050,0.47674418604651164,4662,2206,0.4731874731874732,4943,2208,0.4466922921302853,-0.003556712859038469,0.08418604651162798
Limpopo,Ward 94703020,LIM473,3941,2075,0.526516112661761,3555,1975,0.5555555555555556,3483,1604,0.4605225380419179,0.029039442893794565,-0.09794468409033241
Limpopo,Ward 94703021,LIM473,3477,1711,0.4920908829450676,3680,2204,0.5989130434782609,3794,1946,0.5129151291512916,0.10682216053319332,0.05838366407822826
Limpopo,Ward 94703022,LIM473,4347,2203,0.506786289394985,4541,2104,0.4633340673860383,4372,1628,0.3723696248856358,-0.04345222200894677,0.04462847941108805
Limpopo,Ward 94703023,LIM473,3284,1604,0.4884287454323995,3739,1834,0.4905054827493982,3864,1836,0.4751552795031056,0.0020767373169987002,0.13855054811205836
Limpopo,Ward 94703024,LIM473,3579,1720,0.48058116792400113,4168,2002,0.4803262955854127,4100,2088,0.5092682926829268,-0.00025487233858845215,0.16457110924839347
Limpopo,Ward 94703025,LIM473,4276,2445,0.5717960710944808,4524,2390,0.5282935455349248,4160,1976,0.475,-0.04350252555955603,0.05799812909260993
Limpopo,Ward 94703026,LIM473,3821,1786,0.467416906568961,3879,1885,0.4859499871100799,3904,1662,0.4257172131147541,0.018533080541118907,0.015179272441769198
Limpopo,Ward 94703027,LIM473,3564,1222,0.34287317620650953,3606,1490,0.4132002218524681,3667,1216,0.3316062176165803,0.07032704564595854,0.011784511784511675
Limpopo,Ward 94703028,LIM473,4376,1843,0.4211608775137112,4161,2083,0.5006008171112714,4090,1975,0.4828850855745721,0.07943993959756018,-0.04913162705667273
Limpopo,Ward 94703029,LIM473,3208,1288,0.4014962593516209,3895,1802,0.4626444159178434,3724,1357,0.3643931256713211,0.06114815656622247,0.2141521197007481
Limpopo,Ward 94703030,LIM473,3643,1872,0.5138622014822948,3842,1886,0.4908901613742842,3617,1287,0.3558197401161183,-0.022972040108010572,0.05462530881141925
Limpopo,Ward 94703031,LIM473,3563,1776,0.49845635700252594,3675,1833,0.4987755102040816,3674,1612,0.4387588459444747,0.0003191532015556775,0.03143418467583503
Mpumalanga,Ward 83001001,MP301,3695,2354,0.6370771312584573,3982,2404,0.6037167252636866,4084,1716,0.4201762977473066,-0.03336040599477075,0.07767253044654931
Mpumalanga,Ward 83001002,MP301,3787,2277,0.6012674940586216,4301,2470,0.5742850499883748,4211,1721,0.4086915222037521,-0.026982444070246747,0.13572748877739627
Mpumalanga,Ward 83001003,MP301,3785,2267,0.5989431968295905,3753,2081,0.5544897415401012,3665,1714,0.4676671214188267,-0.044453455289489296,-0.008454425363276119
Mpumalanga,Ward 83001004,MP301,3546,1910,0.5386350817822899,3619,1945,0.5374412821221332,3573,1515,0.4240134340890008,-0.001193799660156758,0.02058657642413997
Mpumalanga,Ward 83001005,MP301,3300,1713,0.519090909090909,3429,1847,0.5386410032079323,3277,1151,0.351235886481538,0.019550094117023242,0.039090909090909065
Mpumalanga,Ward 83001006,MP301,2853,1486,0.5208552400981423,3693,2100,0.5686433793663688,3385,1254,0.3704579025110783,0.04778813926822645,0.2944269190325972
Mpumalanga,Ward 83001007,MP301,1234,786,0.6369529983792545,3766,2113,0.5610727562400425,4479,2046,0.4567983924983255,-0.07588024213921196,2.0518638573743924
Mpumalanga,Ward 83001008,MP301,3267,1843,0.564126109580655,3087,1673,0.5419501133786848,3433,1357,0.3952810952519662,-0.022175996201970194,-0.05509641873278237
Mpumalanga,Ward 83001009,MP301,5685,3413,0.6003518029903254,4006,2366,0.5906140788816775,3265,1575,0.4823889739663093,-0.009737724108647927,-0.2953386103781882
Mpumalanga,Ward 83001010,MP301,2596,1510,0.5816640986132512,4019,2601,0.6471759144065689,4367,1795,0.411037325395008,0.06551181579331766,0.548151001540832
Mpumalanga,Ward 83001011,MP301,2854,1614,0.5655220742817099,3648,1955,0.5359100877192983,3812,1468,0.385099685204617,-0.029611986562411596,0.2782060266292923
Mpumalanga,Ward 83001012,MP301,3416,1966,0.5755269320843092,3585,2174,0.6064156206415621,3541,1863,0.5261225642473878,0.030888688557252908,0.04947306791569095
Mpumalanga,Ward 83001013,MP301,2689,1604,0.5965042766827817,3115,1840,0.5906902086677368,3760,1863,0.4954787234042553,-0.005814068015044915,0.15842320565265888
Mpumalanga,Ward 83001014,MP301,3272,1837,0.5614303178484108,3905,2423,0.6204865556978233,3542,1537,0.4339356295878035,0.059056237849412496,0.19345965770171158
Mpumalanga,Ward 83001015,MP301,2035,1410,0.6928746928746928,4783,2907,0.6077775454735521,3895,1735,0.4454428754813864,-0.08509714740114072,1.3503685503685503
Mpumalanga,Ward 83001016,MP301,4018,2382,0.5928322548531608,4187,2497,0.5963697157869596,4710,1921,0.4078556263269639,0.0035374609337988083,0.04206072672971617
Mpumalanga,Ward 83001017,MP301,2918,1841,0.6309115832762165,3191,1937,0.6070197430272641,3147,1324,0.4207181442643787,-0.023891840248952412,0.09355723098012336
Mpumalanga,Ward 83001018,MP301,3550,2214,0.6236619718309859,4260,2806,0.6586854460093897,3663,1990,0.5432705432705432,0.03502347417840379,0.19999999999999996
Mpumalanga,Ward 83001019,MP301,3295,1974,0.5990895295902883,3613,2524,0.6985884306670357,3640,1667,0.4579670329670329,0.09949890107674741,0.09650986342943857
Mpumalanga,Ward 83001020,MP301,2972,1574,0.5296096904441454,3148,1784,0.5667090216010165,2964,1173,0.395748987854251,0.03709933115687114,0.05921938088829082
Mpumalanga,Ward 83001021,MP301,4183,2244,0.5364570882142004,3958,2267,0.5727640222334512,3787,1661,0.4386057565355162,0.03630693401925089,-0.053789146545541455
Mpumalanga,Ward 83001022,MP301,3547,2113,0.5957146884691289,2459,1380,0.5612037413582758,3603,1533,0.4254787676935886,-0.03451094711085312,-0.30673808852551454
Mpumalanga,Ward 83001023,MP301,2975,1691,0.5684033613445378,3075,1953,0.6351219512195122,3056,1514,0.4954188481675393,0.06671858987497437,0.03361344537815136
Mpumalanga,Ward 83001024,MP301,4195,2483,0.5918951132300357,4379,2636,0.6019639187029002,4383,1928,0.4398813597992242,0.010068805472864484,0.04386174016686528
Mpumalanga,Ward 83001025,MP301,3486,1963,0.5631095811818704,3631,2184,0.6014871936105756,3561,1515,0.4254422914911541,0.03837761242870519,0.04159495123350543
Mpumalanga,Ward 83002001,MP302,3047,1600,0.5251066622907778,3148,1700,0.5400254129606099,3096,1194,0.3856589147286822,0.01491875066983206,0.033147358057105336
Mpumalanga,Ward 83002002,MP302,3621,2176,0.6009389671361502,4346,2530,0.5821445006902899,4284,1644,0.3837535014005602,-0.01879446644586036,0.2002209334438001
Mpumalanga,Ward 83002003,MP302,3463,1921,0.5547213398787179,4547,2820,0.6201891356938641,4714,2232,0.4734832414085702,0.06546779581514628,0.3130233901241697
Mpumalanga,Ward 83002004,MP302,3154,1605,0.5088776157260622,2883,1446,0.5015608740894901,2833,1015,0.3582774444052241,-0.007316741636572033,-0.08592263792010146
Mpumalanga,Ward 83002005,MP302,2782,1277,0.4590222861250899,2991,1602,0.5356068204613842,3511,1479,0.4212475078325263,0.07658453433629431,0.07512580877066855
Mpumalanga,Ward 83002006,MP302,2528,1170,0.46281645569620256,3522,1606,0.4559909142532652,3148,1017,0.3230622617534943,-0.006825541442937344,0.39319620253164556
Mpumalanga,Ward 83002007,MP302,4815,2402,0.4988577362409138,4289,2133,0.4973187223128934,3912,1682,0.4299591002044989,-0.0015390139280203607,-0.10924195223260647
Mpumalanga,Ward 83002008,MP302,4080,2440,0.5980392156862745,4208,2626,0.6240494296577946,4537,1966,0.4333259863345823,0.026010213971520146,0.031372549019607954
Mpumalanga,Ward 83002009,MP302,3792,2380,0.6276371308016878,5167,2969,0.574608089800658,4459,1688,0.3785602152949092,-0.053029041001029786,0.3626054852320675
Mpumalanga,Ward 83002010,MP302,3299,2020,0.6123067596241285,3457,2175,0.6291582296789123,3377,1754,0.5193959135327213,0.016851470054783824,0.04789330100030309
Mpumalanga,Ward 83002011,MP302,3452,1883,0.5454808806488992,3579,2033,0.5680357641799385,1364,582,0.4266862170087976,0.022554883531039294,0.03679026651216688
Mpumalanga,Ward 83002012,MP302,1930,1111,0.5756476683937823,3633,2226,0.6127167630057804,3491,1556,0.4457175594385563,0.03706909461199803,0.8823834196891192
Mpumalanga,Ward 83002013,MP302,3903,2104,0.539072508326928,4199,2204,0.5248868778280543,3922,1042,0.2656807751147373,-0.01418563049887367,0.07583909812964396
Mpumalanga,Ward 83002014,MP302,2443,1464,0.5992632009823987,2936,1711,0.5827656675749319,3007,1135,0.3774526105753242,-0.016497533407466847,0.2018010642652477
Mpumalanga,Ward 83002015,MP302,3484,2342,0.6722158438576349,4247,2855,0.6722392276901342,4221,1907,0.4517886756692726,2.3383832499335178e-05,0.21900114810562576
Mpumalanga,Ward 83002016,MP302,3882,2154,0.5548686244204019,5476,3036,0.5544192841490139,3834,1235,0.3221178925404278,-0.00044934027138798793,0.41061308603812474
Mpumalanga,Ward 83002017,MP302,3075,1652,0.5372357723577236,3465,1822,0.5258297258297259,3168,1262,0.3983585858585858,-0.011406046527997704,0.12682926829268282
Mpumalanga,Ward 83002018,MP302,1527,1020,0.6679764243614931,2609,1527,0.5852817171330011,6176,2292,0.3711139896373057,-0.08269470722849193,0.7085789129011133
Mpumalanga,Ward 83002019,MP302,4107,2703,0.6581446311176041,2635,1792,0.6800759013282732,2608,1378,0.5283742331288344,0.021931270210669096,-0.3584124665205747
Mpumalanga,Ward 83003001,MP303,3722,1952,0.5244492208490059,3938,1916,0.4865413915693245,3625,1480,0.4082758620689655,-0.03790782927968139,0.05803331542181622
Mpumalanga,Ward 83003002,MP303,4688,2727,0.58169795221843,3632,2077,0.5718612334801763,3234,1489,0.4604205318491032,-0.009836718738253758,-0.22525597269624575
Mpumalanga,Ward 83003003,MP303,3851,2162,0.5614126200986757,4630,2518,0.5438444924406047,4201,1546,0.3680076172339919,-0.01756812765807092,0.20228512074785776
Mpumalanga,Ward 83003004,MP303,3121,2005,0.6424223005446972,3489,2164,0.6202350243622815,3496,1619,0.4631006864988558,-0.02218727618241567,0.1179109259852611
Mpumalanga,Ward 83003005,MP303,3772,2320,0.6150583244962884,4083,2402,0.5882929218711731,3929,1593,0.4054466785441588,-0.026765402625115287,0.08244962884411455
Mpumalanga,Ward 83003006,MP303,3126,1955,0.6253998720409469,3743,2289,0.6115415442158696,3404,1654,0.4858989424206815,-0.013858327825077343,0.1973768394113884
Mpumalanga,Ward 83003007,MP303,3540,2113,0.5968926553672317,3859,2351,0.6092251878725058,3759,2065,0.5493482309124768,0.012332532505274107,0.09011299435028253
Mpumalanga,Ward 83003008,MP303,3044,1782,0.5854139290407359,3940,2325,0.5901015228426396,4184,1784,0.4263862332695984,0.0046875938019037555,0.2943495400788436
Mpumalanga,Ward 83003009,MP303,3551,2255,0.6350323852435934,4149,2392,0.576524463726199,4810,2154,0.4478170478170478,-0.05850792151739437,0.1684032666854407
Mpumalanga,Ward 83003010,MP303,2995,1590,0.5308848080133556,3202,1834,0.5727670206121174,3750,1644,0.4384,0.04188221259876179,0.0691151919866444
Mpumalanga,Ward 83003011,MP303,3179,1775,0.5583516829191569,4385,2482,0.5660205245153934,3749,1486,0.3963723659642571,0.007668841596236486,0.37936458005662166
Mpumalanga,Ward 83003012,MP303,3273,1731,0.5288725939505041,3290,1820,0.5531914893617021,3111,1402,0.4506589521054323,0.024318895411198027,0.005194011610143656
Mpumalanga,Ward 83003013,MP303,3160,1899,0.6009493670886076,3653,2013,0.5510539282781276,5581,1503,0.2693065758824583,-0.049895438810479975,0.15601265822784804
Mpumalanga,Ward 83003014,MP303,3442,2231,0.6481696687972109,3946,2374,0.6016218955904714,2355,1081,0.4590233545647558,-0.04654777320673953,0.1464264962231261
Mpumalanga,Ward 83003015,MP303,3559,2421,0.6802472604664231,4035,2572,0.6374225526641883,2942,1468,0.4989802855200544,-0.042824707802234796,0.13374543411070516
Mpumalanga,Ward 83003016,MP303,4813,2433,0.5055059214627051,4058,1842,0.4539181862986693,3876,1330,0.3431372549019608,-0.05158773516403581,-0.1568668190317889
Mpumalanga,Ward 83003017,MP303,2535,1826,0.7203155818540434,3887,2424,0.6236171854900951,4052,1921,0.4740868706811451,-0.09669839636394828,0.5333333333333334
Mpumalanga,Ward 83003018,MP303,961,592,0.6160249739854319,2718,1306,0.4805003679175864,2999,1432,0.4774924974991664,-0.1355246060678455,1.8283038501560873
Mpumalanga,Ward 83003019,MP303,3527,2160,0.6124184859654097,3353,2067,0.6164628690724724,3465,1743,0.503030303030303,0.004044383107062677,-0.04933371136943576
Mpumalanga,Ward 83004001,MP304,2610,1655,0.6340996168582376,4161,2798,0.6724345109348714,4137,1807,0.4367899444041576,0.03833489407663382,0.5942528735632184
Mpumalanga,Ward 83004002,MP304,2865,1756,0.612914485165794,2464,1474,0.5982142857142857,2500,1177,0.4708,-0.014700199451508356,-0.13996509598603835
Mpumalanga,Ward 83004003,MP304,4458,2372,0.5320771646478242,2966,1881,0.6341874578556979,3205,1608,0.5017160686427458,0.10211029320787368,-0.3346792283535217
Mpumalanga,Ward 83004004,MP304,2319,1738,0.7494609745579991,4835,2568,0.5311271975180972,4153,1861,0.4481098001444739,-0.21833377703990187,1.0849504096593359
Mpumalanga,Ward 83004005,MP304,3268,2042,0.6248470012239902,3559,2130,0.5984827198651307,4019,1852,0.4608111470515053,-0.026364281358859487,0.08904528763769881
Mpumalanga,Ward 83004006,MP304,3378,2070,0.6127886323268206,3317,2030,0.6119987940910461,3529,1476,0.4182487956928308,-0.0007898382357744982,-0.018058022498519843
Mpumalanga,Ward 83004007,MP304,3326,1965,0.5907997594708359,3826,2298,0.6006272869837951,4025,1946,0.4834782608695652,0.009827527512959233,0.15033072760072153
Mpumalanga,Ward 83004008,MP304,2687,1767,0.6576107182731671,3010,1874,0.6225913621262459,2782,1163,0.4180445722501797,-0.0350193561469212,0.12020841086713818
Mpumalanga,Ward 83004009,MP304,3113,1890,0.6071313845165436,3117,1767,0.5668912415784408,2991,1259,0.4209294550317619,-0.04024014293810274,0.0012849341471250497
Mpumalanga,Ward 83004010,MP304,3498,2011,0.5748999428244711,3959,2191,0.5534225814599646,3267,1494,0.4573002754820937,-0.02147736136450651,0.13178959405374502
Mpumalanga,Ward 83004011,MP304,3056,1774,0.5804973821989529,3287,1815,0.5521752357773045,3159,1177,0.3725862614751503,-0.02832214642164832,0.07558900523560208
Mpumalanga,Ward 83005001,MP305,3211,2000,0.6228589224540642,3146,1896,0.6026700572155118,3140,1404,0.4471337579617834,-0.020188865238552345,-0.020242914979757054
Mpumalanga,Ward 83005002,MP305,3345,1872,0.5596412556053811,3141,1609,0.5122572429162687,2996,1313,0.4382510013351134,-0.04738401268911241,-0.06098654708520179
Mpumalanga,Ward 83005003,MP305,1857,1274,0.686052773290253,3904,2237,0.5730020491803278,3576,1650,0.4614093959731543,-0.11305072410992523,1.102315562735595
Mpumalanga,Ward 83005004,MP305,3343,2014,0.6024528866287765,2719,1871,0.6881206325855094,2783,1623,0.5831836148041681,0.08566774595673288,-0.18665868979958122
Mpumalanga,Ward 83005005,MP305,4253,2247,0.528332941453092,4159,2209,0.5311372926184179,3797,1713,0.4511456412957598,0.002804351165325958,-0.022102045614860066
Mpumalanga,Ward 83005006,MP305,4101,2184,0.5325530358449159,3567,1784,0.5001401738155312,3097,1361,0.4394575395544075,-0.03241286202938465,-0.13021214337966347
Mpumalanga,Ward 83005007,MP305,3528,2125,0.6023242630385488,4519,2539,0.5618499668068156,4391,2060,0.4691414256433614,-0.04047429623173315,0.2808956916099774
Mpumalanga,Ward 83005008,MP305,3049,1556,0.5103312561495572,3871,2053,0.5303539137173857,3191,1520,0.4763397054214979,0.020022657567828506,0.2695965890455887
Mpumalanga,Ward 83005009,MP305,2727,1687,0.6186285295196187,2542,1530,0.6018882769472856,3095,1479,0.4778675282714055,-0.016740252572333025,-0.06784011734506779
Mpumalanga,Ward 83005010,MP305,2790,1650,0.5913978494623656,2901,1731,0.5966907962771458,4512,2167,0.4802748226950354,0.005292946814780208,0.03978494623655915
Mpumalanga,Ward 83005011,MP305,3987,2774,0.6957612239779283,4963,2794,0.5629659480153133,4490,1782,0.3968819599109131,-0.13279527596261498,0.24479558565337345
Mpumalanga,Ward 83005012,MP305,3182,1745,0.5483972344437461,3045,1624,0.5333333333333333,3204,1334,0.416354556803995,-0.01506390111041278,-0.04305468258956635
Mpumalanga,Ward 83005013,MP305,2795,1826,0.6533094812164579,2707,1753,0.6475803472478758,2446,987,0.4035159443990188,-0.005729133968582101,-0.031484794275492
Mpumalanga,Ward 83005014,MP305,3440,2062,0.5994186046511628,3943,2503,0.6347958407304083,3658,1866,0.5101148168398032,0.03537723607924548,0.1462209302325581
Mpumalanga,Ward 83005015,MP305,3596,2424,0.6740823136818688,4122,2432,0.5900048520135857,2740,1128,0.4116788321167883,-0.08407746166828312,0.146273637374861
Mpumalanga,Ward 83006001,MP306,3676,2190,0.5957562568008705,3971,2318,0.583732057416268,3819,1791,0.4689709347996857,-0.01202419938460253,0.08025027203482038
Mpumalanga,Ward 83006002,MP306,3133,1816,0.5796361315033515,3350,1833,0.5471641791044776,3839,1739,0.4529825475384215,-0.032471952398873904,0.0692626875199489
Mpumalanga,Ward 83006003,MP306,2721,1627,0.5979419331128262,2822,1768,0.6265060240963856,2714,1374,0.5062638172439204,0.028564090983559387,0.037118706357956555
Mpumalanga,Ward 83006004,MP306,3546,2331,0.6573604060913706,4275,2715,0.6350877192982456,3901,1701,0.4360420405024353,-0.022272686793124996,0.20558375634517767
Mpumalanga,Ward 83006005,MP306,2967,1860,0.6268958543983822,3396,1990,0.5859835100117785,3175,1331,0.4192125984251968,-0.04091234438660374,0.1445904954499495
Mpumalanga,Ward 83006006,MP306,3504,2230,0.6364155251141552,3599,2225,0.6182272853570436,3500,1691,0.4831428571428571,-0.01818823975711159,0.027111872146118765
Mpumalanga,Ward 83007001,MP307,4045,2515,0.6217552533992583,3937,2164,0.5496570993141986,3709,1634,0.4405500134807226,-0.0720981540850597,-0.026699629171817008
Mpumalanga,Ward 83007002,MP307,2971,1879,0.6324469875462807,4657,2579,0.5537899935580846,3712,1393,0.3752693965517241,-0.07865699398819614,0.567485695052171
Mpumalanga,Ward 83007003,MP307,4295,2667,0.620954598370198,4572,2378,0.5201224846894138,3642,1483,0.4071938495332235,-0.10083211368078415,0.06449359720605363
Mpumalanga,Ward 83007004,MP307,4490,2440,0.5434298440979956,4330,1987,0.458891454965358,3869,1719,0.4443008529335746,-0.08453838913263756,-0.03563474387527843
Mpumalanga,Ward 83007005,MP307,3675,2057,0.5597278911564626,3455,2166,0.6269175108538351,3693,2157,0.5840779853777417,0.06718961969737247,-0.05986394557823127
Mpumalanga,Ward 83007006,MP307,3424,1908,0.5572429906542056,3023,2049,0.6778035064505458,4133,1741,0.4212436486813453,0.1205605157963402,-0.11711448598130836
Mpumalanga,Ward 83007007,MP307,2648,1335,0.504154078549849,3339,1773,0.5309973045822103,3364,1363,0.4051724137931034,0.026843226032361334,0.26095166163142003
Mpumalanga,Ward 83007008,MP307,3312,1815,0.5480072463768116,5407,2333,0.431477714074348,4643,1380,0.2972216239500323,-0.11652953230246366,0.632548309178744
Mpumalanga,Ward 83007009,MP307,4088,1984,0.48532289628180036,4016,1846,0.4596613545816733,4964,1648,0.3319903303787268,-0.025661541700127077,-0.017612524461839585
Mpumalanga,Ward 83007010,MP307,5879,2850,0.4847763225038272,5844,2674,0.4575633127994524,5416,1889,0.348781388478582,-0.02721300970437479,-0.005953393434257492
Mpumalanga,Ward 83007011,MP307,2626,1231,0.46877380045696876,5966,2596,0.4351324170298357,5532,1613,0.2915762834417932,-0.033641383427133076,1.271896420411272
Mpumalanga,Ward 83007012,MP307,3253,1624,0.49923147863510603,3900,1790,0.4589743589743589,3655,1233,0.3373461012311901,-0.04025711966074713,0.19889332923455272
Mpumalanga,Ward 83007013,MP307,3743,1824,0.4873096446700508,4158,2052,0.4935064935064935,3882,1333,0.3433797011849562,0.0061968488364427254,0.11087363077745116
Mpumalanga,Ward 83007014,MP307,2786,1246,0.4472361809045226,4581,2135,0.466055446409081,4410,1555,0.3526077097505669,0.01881926550455837,0.6442928930366116
Mpumalanga,Ward 83007015,MP307,4444,2522,0.5675067506750675,4715,2807,0.5953340402969247,3244,1270,0.3914919852034525,0.02782728962185721,0.060981098109810894
Mpumalanga,Ward 83007016,MP307,4722,2513,0.5321897501058873,6041,4073,0.6742261215030624,6112,2275,0.3722185863874345,0.14203637139717507,0.2793307920372723
Mpumalanga,Ward 83007017,MP307,4898,2113,0.4314005716619028,4838,2305,0.4764365440264572,4361,1435,0.3290529695024077,0.045035972364554366,-0.012249897917517405
Mpumalanga,Ward 83007018,MP307,4863,2428,0.4992802796627596,5309,2829,0.5328687135053682,4930,2165,0.4391480730223123,0.03358843384260862,0.09171293440263217
Mpumalanga,Ward 83007019,MP307,5269,3310,0.6282026950085405,3774,1864,0.4939056703762586,3445,1221,0.3544267053701015,-0.13429702463228194,-0.28373505408996014
Mpumalanga,Ward 83007020,MP307,4559,2122,0.465452950208379,3855,2151,0.5579766536964981,3830,1482,0.3869451697127937,0.09252370348811906,-0.15441982890984862
Mpumalanga,Ward 83007021,MP307,4932,2958,0.5997566909975669,4582,2585,0.5641641204714098,4724,2421,0.5124894157493649,-0.03559257052615705,-0.0709651257096513
Mpumalanga,Ward 83007022,MP307,4286,2530,0.5902939804013065,4865,2869,0.5897225077081192,2635,1315,0.4990512333965844,-0.0005714726931873582,0.1350909939337377
Mpumalanga,Ward 83007023,MP307,3802,2242,0.5896896370331405,3720,2133,0.5733870967741935,7092,2574,0.3629441624365482,-0.01630254025894695,-0.021567596002104117
Mpumalanga,Ward 83007024,MP307,1825,1079,0.5912328767123287,4381,2455,0.560374343757133,6081,2295,0.3774050320670942,-0.030858532955195694,1.4005479452054796
Mpumalanga,Ward 83007025,MP307,4280,2341,0.5469626168224299,5856,3680,0.6284153005464481,6640,3144,0.4734939759036145,0.08145268372401826,0.36822429906542054
Mpumalanga,Ward 83007026,MP307,4877,3074,0.6303055156858725,5075,2804,0.5525123152709359,2893,1180,0.4078810922917387,-0.07779320041493654,0.04059872872667625
Mpumalanga,Ward 83007027,MP307,5064,2925,0.57760663507109,3060,1585,0.5179738562091504,2877,1241,0.4313521028849496,-0.05963277886193963,-0.39573459715639814
Mpumalanga,Ward 83007028,MP307,4314,2804,0.6499768196569309,5573,3391,0.608469406064956,5636,2781,0.4934350603264726,-0.04150741359197485,0.2918405192396847
Mpumalanga,Ward 83007029,MP307,3880,1784,0.45979381443298967,4926,2253,0.4573690621193666,4770,1577,0.330607966457023,-0.0024247523136230464,0.2695876288659793
Mpumalanga,Ward 83007030,MP307,4569,2807,0.6143576274896039,4963,3272,0.6592786620995366,4376,2742,0.626599634369287,0.044921034609932686,0.08623331144670598
Mpumalanga,Ward 83007031,MP307,5652,2720,0.48124557678697805,3455,1466,0.4243125904486252,3708,1205,0.3249730312837109,-0.056932986338352864,-0.38871196036801137
Mpumalanga,Ward 83007032,MP307,4105,2256,0.5495736906211937,5122,2526,0.4931667317454119,5080,1834,0.3610236220472441,-0.05640695887578173,0.24774665042630928
Mpumalanga,Ward 83101001,MP311,3354,1885,0.562015503875969,3462,1769,0.5109763142692085,3398,1725,0.5076515597410242,-0.05103918960676046,0.03220035778175312
Mpumalanga,Ward 83101002,MP311,2899,1594,0.5498447740600207,3233,1508,0.4664398391586761,3112,1583,0.5086760925449871,-0.08340493490134465,0.1152121421179717
Mpumalanga,Ward 83101003,MP311,3025,1729,0.5715702479338843,4896,2648,0.5408496732026143,4987,2274,0.4559855624624022,-0.03072057473126999,0.618512396694215
Mpumalanga,Ward 83101004,MP311,3556,1904,0.5354330708661418,3530,1947,0.5515580736543909,3507,1775,0.5061305959509552,0.016125002788249132,-0.007311586051743535
Mpumalanga,Ward 83101005,MP311,2984,1768,0.5924932975871313,3596,1958,0.5444938820912124,4151,2299,0.5538424476029873,-0.04799941549591891,0.20509383378016088
Mpumalanga,Ward 83101006,MP311,3620,2151,0.5941988950276244,3656,2140,0.5853391684901532,3505,1890,0.5392296718972895,-0.008859726537471135,0.009944751381215422
Mpumalanga,Ward 83101007,MP311,3491,1933,0.5537095388140933,3865,2062,0.5335058214747737,3983,1982,0.497614863168466,-0.020203717339319693,0.10713262675451163
Mpumalanga,Ward 83101008,MP311,3177,1672,0.5262826565942713,3538,2055,0.5808366308648955,3879,2121,0.5467904098994586,0.05455397427062414,0.1136292099464904
Mpumalanga,Ward 83101009,MP311,2558,1619,0.6329163408913213,3675,2436,0.6628571428571428,4026,2214,0.5499254843517138,0.029940801965821495,0.43666927286942925
Mpumalanga,Ward 83102001,MP312,5426,3020,0.5565794323626981,6098,3087,0.5062315513283043,4330,1495,0.3452655889145496,-0.050347881034393804,0.12384813859196453
Mpumalanga,Ward 83102002,MP312,4566,2518,0.5514673674989049,4742,2174,0.4584563475326866,5913,2228,0.3767968882124133,-0.0930110199662183,0.03854577310556295
Mpumalanga,Ward 83102003,MP312,4673,2062,0.441258292317569,6128,2844,0.4640992167101828,5750,1886,0.328,0.02284092439261376,0.3113631500106997
Mpumalanga,Ward 83102004,MP312,4952,2726,0.5504846526655897,4967,2508,0.5049325548620898,4745,1767,0.3723919915700737,-0.04555209780349989,0.003029079159935444
Mpumalanga,Ward 83102005,MP312,4775,2689,0.5631413612565445,5047,2605,0.5161482068555577,4686,1925,0.4107981220657277,-0.046993154400986725,0.056963350785340205
Mpumalanga,Ward 83102006,MP312,5466,3113,0.5695206732528357,6232,2790,0.4476893453145057,3963,1521,0.3838001514004542,-0.12183132793833001,0.14013904134650557
Mpumalanga,Ward 83102007,MP312,5047,2758,0.5464632454923717,4280,2369,0.5535046728971963,6115,2291,0.3746524938675388,0.007041427404824607,-0.15197146819893004
Mpumalanga,Ward 83102008,MP312,4618,2715,0.5879168471199654,5421,2583,0.4764803541781959,4962,1660,0.3345425231761386,-0.1114364929417695,0.17388479861411876
Mpumalanga,Ward 83102009,MP312,5125,2821,0.550439024390244,5409,2531,0.467923830652616,5154,2029,0.3936748156771439,-0.08251519373762795,0.05541463414634151
Mpumalanga,Ward 83102010,MP312,4567,2232,0.48872345084300417,7195,3132,0.4353022932592078,4477,1376,0.3073486709850346,-0.0534211575837964,0.5754324501861179
Mpumalanga,Ward 83102011,MP312,4384,2207,0.5034215328467153,4643,2070,0.4458324359250484,5441,1976,0.363168535195736,-0.057589096921666916,0.059078467153284686
Mpumalanga,Ward 83102012,MP312,4804,2280,0.4746044962531224,5250,2997,0.5708571428571428,7355,3190,0.433718558803535,0.09625264660402044,0.09283930058284762
Mpumalanga,Ward 83102013,MP312,4066,2108,0.5184456468273487,4434,2324,0.5241317095173658,5119,2168,0.4235202187927329,0.005686062690017035,0.09050664043285783
Mpumalanga,Ward 83102014,MP312,4105,1702,0.4146163215590743,5186,2241,0.4321249517932896,7792,2302,0.2954312114989733,0.017508630234215283,0.2633373934226553
Mpumalanga,Ward 83102015,MP312,5863,3114,0.5311274091761896,7506,3474,0.4628297362110312,5137,2119,0.4124975666731555,-0.06829767296515843,0.2802319631587924
Mpumalanga,Ward 83102016,MP312,5891,2989,0.5073841453063996,4742,2400,0.5061155630535639,4097,1485,0.3624603368318281,-0.0012685822528357704,-0.19504328636903756
Mpumalanga,Ward 83102017,MP312,4464,2299,0.5150089605734767,5541,2819,0.5087529326836311,4501,2031,0.451233059320151,-0.0062560278898455834,0.241263440860215
Mpumalanga,Ward 83102018,MP312,5137,3337,0.6496009343975083,7118,4324,0.6074740095532453,6812,3025,0.4440692894891368,-0.04212692484426306,0.38563363831029784
Mpumalanga,Ward 83102019,MP312,7121,2983,0.4189018396292655,5703,2879,0.5048220234964054,5450,1932,0.3544954128440367,0.08592018386713984,-0.1991293357674484
Mpumalanga,Ward 83102020,MP312,4477,2986,0.6669644851463034,6176,3979,0.6442681347150259,6335,3045,0.4806629834254143,-0.02269635043127749,0.3794951976770158
Mpumalanga,Ward 83102021,MP312,4102,2239,0.5458313018039981,6830,3462,0.5068814055636897,6801,2558,0.3761211586531392,-0.038949896240308424,0.6650414431984397
Mpumalanga,Ward 83102022,MP312,4420,1437,0.3251131221719457,4495,1594,0.3546162402669633,4690,1077,0.229637526652452,0.0295031180950176,0.016968325791855143
Mpumalanga,Ward 83102023,MP312,4397,2518,0.5726631794405276,5761,3071,0.5330671758375282,6223,2694,0.4329101719427928,-0.03959600360299942,0.31021150784625884
Mpumalanga,Ward 83102024,MP312,3757,2693,0.7167953154112323,5412,3636,0.6718403547671841,5643,3026,0.5362395888711678,-0.04495496064404825,0.44051104604737823
Mpumalanga,Ward 83102025,MP312,5025,2963,0.5896517412935324,6291,3466,0.5509457955809887,6334,2954,0.4663719608462267,-0.03870594571254371,0.2519402985074626
Mpumalanga,Ward 83102026,MP312,4830,2520,0.5217391304347826,5369,2741,0.5105233749301545,5451,2400,0.4402861860209136,-0.011215755504628055,0.11159420289855082
Mpumalanga,Ward 83102027,MP312,4501,2179,0.48411464119084646,4090,1819,0.4447432762836186,3873,1467,0.3787761425251743,-0.03937136490722787,-0.09131304154632303
Mpumalanga,Ward 83102028,MP312,5124,3000,0.585480093676815,5465,2765,0.505946935041171,4981,2012,0.4039349528207187,-0.07953315863564392,0.06654957064793132
Mpumalanga,Ward 83102029,MP312,4996,2726,0.5456365092073658,6822,3528,0.5171503957783641,7487,2748,0.3670361960731935,-0.028486113429001758,0.365492393915132
Mpumalanga,Ward 83102030,MP312,5063,2453,0.48449535848311276,5417,3705,0.6839579102824441,5643,1726,0.3058656742867269,0.19946255179933137,0.0699190203436697
Mpumalanga,Ward 83102031,MP312,5685,2937,0.516622691292876,6049,2763,0.4567697140023144,5628,1726,0.3066808813077469,-0.05985297729056155,0.06402814423922609
Mpumalanga,Ward 83102032,MP312,5166,1867,0.3614014711575687,4757,1765,0.3710321631280218,4374,1482,0.3388203017832647,0.009630691970453076,-0.07917150600077427
Mpumalanga,Ward 83102033,MP312,4609,2989,0.6485137773920591,4843,3029,0.6254387776171795,5423,2688,0.4956666052000738,-0.02307499977487959,0.05077023215448029
Mpumalanga,Ward 83102034,MP312,6487,4405,0.6790504085093263,6105,4120,0.6748566748566749,6078,3430,0.5643303718328397,-0.00419373365265141,-0.05888700477878839
Mpumalanga,Ward 83103001,MP313,2216,1125,0.5076714801444043,2446,1162,0.4750613246116107,3761,1357,0.3608082956660463,-0.03261015553279362,0.10379061371841147
Mpumalanga,Ward 83103002,MP313,4461,2472,0.5541358439811701,4637,2100,0.4528790166055639,3162,1582,0.5003162555344719,-0.1012568273756062,0.03945303743555262
Mpumalanga,Ward 83103003,MP313,3730,2009,0.5386058981233244,3735,1788,0.478714859437751,3587,1615,0.4502369668246445,-0.05989103868557338,0.0013404825737264314
Mpumalanga,Ward 83103004,MP313,2735,1095,0.40036563071297987,3936,1652,0.4197154471544715,3516,1198,0.3407281001137656,0.01934981644149164,0.4391224862888483
Mpumalanga,Ward 83103005,MP313,2933,1243,0.4237981588816911,3495,1353,0.3871244635193133,3204,927,0.2893258426966292,-0.0366736953623778,0.19161268325946135
Mpumalanga,Ward 83103006,MP313,3860,1353,0.3505181347150259,3996,2295,0.5743243243243243,3276,1419,0.4331501831501831,0.22380618960929843,0.03523316062176174
Mpumalanga,Ward 83103007,MP313,2838,1382,0.4869626497533474,3036,1539,0.5069169960474308,3266,1287,0.3940600122473974,0.01995434629408338,0.06976744186046502
Mpumalanga,Ward 83103008,MP313,2929,1857,0.6340047797883237,4975,2027,0.4074371859296482,4451,1500,0.3370029206919793,-0.22656759385867548,0.6985319221577331
Mpumalanga,Ward 83103009,MP313,2394,1471,0.614452798663325,2822,1857,0.6580439404677534,2264,1134,0.5008833922261484,0.04359114180442836,0.17878028404344204
Mpumalanga,Ward 83103010,MP313,7135,3994,0.5597757533286615,4239,1905,0.4493984430290162,4317,1591,0.3685429696548529,-0.11037731029964526,-0.40588647512263487
Mpumalanga,Ward 83103011,MP313,5055,2530,0.5004945598417408,2992,1534,0.5127005347593583,4487,1464,0.3262759081791843,0.012205974917617435,-0.4081107814045499
Mpumalanga,Ward 83103012,MP313,4435,2667,0.6013528748590755,4577,3209,0.7011142669871094,4990,2992,0.5995991983967935,0.09976139212803392,0.032018038331454335
Mpumalanga,Ward 83103013,MP313,1211,829,0.6845582163501238,4527,2700,0.5964214711729622,4541,2396,0.5276370843426558,-0.08813674517716164,2.7382328654004953
Mpumalanga,Ward 83103014,MP313,3278,2127,0.6488712629652227,3604,2392,0.6637069922308546,3520,2098,0.5960227272727273,0.014835729265631925,0.099450884685784
Mpumalanga,Ward 83103015,MP313,4379,2919,0.6665905457867093,4288,2765,0.6448227611940298,2452,1430,0.5831973898858075,-0.021767784592679473,-0.0207810002283626
Mpumalanga,Ward 83103016,MP313,3037,1910,0.6289101086598617,3469,2438,0.7027961948688383,4978,3014,0.6054640417838489,0.07388608620897652,0.1422456371419163
Mpumalanga,Ward 83103017,MP313,2381,1449,0.6085678286434272,2552,1161,0.4549373040752351,5608,2161,0.3853423680456491,-0.1536305245681921,0.0718185636287274
Mpumalanga,Ward 83103018,MP313,2948,1557,0.5281546811397557,2980,1498,0.5026845637583892,3634,1655,0.4554210236653825,-0.02547011738136651,0.01085481682496603
Mpumalanga,Ward 83103019,MP313,3056,1681,0.550065445026178,3103,1574,0.5072510473735095,2907,1323,0.4551083591331269,-0.04281439765266859,0.015379581151832467
Mpumalanga,Ward 83103020,MP313,3092,1693,0.547542043984476,3852,2138,0.555036344755971,3726,1667,0.4473966720343532,0.007494300771494933,0.24579560155239322
Mpumalanga,Ward 83103021,MP313,3037,1414,0.465591043793217,3268,1640,0.5018359853121175,3081,1354,0.4394677052904901,0.03624494151890051,0.07606190319394135
Mpumalanga,Ward 83103022,MP313,3719,1872,0.5033611185802636,3927,2064,0.5255920550038197,2772,1373,0.4953102453102453,0.022230936423556114,0.05592901317558474
Mpumalanga,Ward 83103023,MP313,3519,2192,0.6229042341574311,4456,2566,0.5758527827648114,4486,1992,0.4440481497993758,-0.04705145139261968,0.26626882637112814
Mpumalanga,Ward 83103024,MP313,3178,1732,0.5449968533668974,4304,2320,0.5390334572490706,4072,1641,0.4029960707269155,-0.0059633961178268136,0.35431088735053495
Mpumalanga,Ward 83103025,MP313,4054,2659,0.6558954119388258,3842,2190,0.5700156168662155,3009,1177,0.3911598537720173,-0.08587979507261034,-0.05229403058707449
Mpumalanga,Ward 83103026,MP313,3303,1610,0.4874356645473812,4539,2307,0.5082617316589557,6543,2352,0.3594681338835396,0.02082606711157453,0.37420526793823794
Mpumalanga,Ward 83103027,MP313,2712,1284,0.47345132743362833,3430,1580,0.4606413994169096,3475,1424,0.4097841726618705,-0.012809928016718708,0.26474926253687325
Mpumalanga,Ward 83103028,MP313,4690,2661,0.5673773987206823,5386,2495,0.4632380245079837,882,472,0.5351473922902494,-0.10413937421269859,0.14840085287846483
Mpumalanga,Ward 83103029,MP313,1745,1192,0.6830945558739255,4290,2326,0.5421911421911422,4532,2160,0.4766107678729038,-0.14090341368278336,1.4584527220630372
Mpumalanga,Ward 83104001,MP314,2949,1993,0.6758223126483554,3785,2383,0.6295904887714663,3997,1980,0.4953715286464848,-0.04623182387688907,0.28348592743302814
Mpumalanga,Ward 83104002,MP314,3365,1705,0.5066864784546805,3046,1587,0.5210111621799081,2757,1205,0.437069278200943,0.01432468372522755,-0.09479940564635958
Mpumalanga,Ward 83104003,MP314,3026,1863,0.61566424322538,3265,1826,0.5592649310872895,3125,1410,0.4512,-0.056399312138090574,0.07898215465961655
Mpumalanga,Ward 83104004,MP314,3118,2028,0.6504169339320077,3603,2158,0.5989453233416597,3533,1846,0.5225021228417775,-0.051471610590347994,0.15554842847979478
Mpumalanga,Ward 83104005,MP314,2523,1330,0.527150217994451,2340,1023,0.4371794871794872,3251,1254,0.3857274684712396,-0.08997073081496387,-0.07253269916765759
Mpumalanga,Ward 83104006,MP314,3400,1971,0.5797058823529412,3900,2200,0.5641025641025641,2892,1273,0.4401798063623789,-0.015603318250377085,0.1470588235294117
Mpumalanga,Ward 83104007,MP314,3185,1952,0.61287284144427,3549,2033,0.5728374189912652,3773,1951,0.517095149748211,-0.04003542245300484,0.11428571428571432
Mpumalanga,Ward 83104008,MP314,2934,1840,0.6271301976823449,3163,1893,0.5984824533670566,3158,1628,0.5155161494616846,-0.02864774431528827,0.07805044308111797
Mpumalanga,Ward 83105001,MP315,4456,2293,0.5145870736086176,3486,2046,0.5869191049913941,4207,1768,0.420251961017352,0.07233203138277655,-0.21768402154398558
Mpumalanga,Ward 83105002,MP315,3823,2322,0.6073764059639027,5027,2801,0.55719116769445,5510,2407,0.4368421052631579,-0.05018523826945276,0.3149359142035051
Mpumalanga,Ward 83105003,MP315,2973,1635,0.549949545913219,5552,2837,0.5109870317002881,5018,1920,0.3826225587883619,-0.03896251421293084,0.8674739320551632
Mpumalanga,Ward 83105004,MP315,4550,2468,0.5424175824175824,5241,2904,0.5540927303949628,4507,1625,0.3605502551586421,0.01167514797738034,0.15186813186813186
Mpumalanga,Ward 83105005,MP315,3645,2006,0.5503429355281207,4266,2457,0.5759493670886076,4179,1670,0.399617133285475,0.02560643156048681,0.17037037037037028
Mpumalanga,Ward 83105006,MP315,4348,2548,0.5860165593376265,5407,3119,0.5768448307749214,5266,2162,0.4105582985187998,-0.009171728562705095,0.24356025758969646
Mpumalanga,Ward 83105007,MP315,6691,3579,0.5348976236735914,3371,1850,0.5487985760901809,3328,1430,0.4296875,0.013900952416589507,-0.49618891047675984
Mpumalanga,Ward 83105008,MP315,4802,2602,0.5418575593502707,5391,2870,0.532368762752736,5477,2302,0.4203030856308198,-0.009488796597534654,0.12265722615576835
Mpumalanga,Ward 83105009,MP315,4751,2636,0.5548305619869501,4843,2702,0.5579186454676853,5282,1997,0.3780764861794775,0.003088083480735193,0.01936434434855827
Mpumalanga,Ward 83105010,MP315,4065,2200,0.5412054120541205,5209,2857,0.5484737953541947,4820,1842,0.3821576763485477,0.007268383300074177,0.28142681426814264
Mpumalanga,Ward 83105011,MP315,5253,2777,0.5286502950694841,5780,3095,0.5354671280276817,5597,2301,0.4111130963015901,0.006816832958197572,0.10032362459546929
Mpumalanga,Ward 83105012,MP315,3603,2128,0.5906189286705523,3817,2248,0.5889441970133613,4567,2164,0.4738340267133786,-0.0016747316571910087,0.059394948653899604
Mpumalanga,Ward 83105013,MP315,4531,2694,0.5945707349371,4869,2701,0.5547340316286712,4700,1922,0.4089361702127659,-0.03983670330842881,0.07459721915691908
Mpumalanga,Ward 83105014,MP315,4414,2388,0.5410058903488899,6052,3430,0.5667547918043622,6062,2222,0.3665456944902672,0.02574890145547226,0.37109198006343447
Mpumalanga,Ward 83105015,MP315,4457,2427,0.5445366838680727,4557,2561,0.5619925389510643,4344,1724,0.3968692449355432,0.017455855082991523,0.022436616558223044
Mpumalanga,Ward 83105016,MP315,5041,2531,0.5020829200555446,5235,2771,0.5293218720152818,4941,2169,0.4389799635701275,0.027238951959737245,0.038484427692918155
Mpumalanga,Ward 83105017,MP315,4158,2433,0.5851370851370852,4526,2437,0.53844454264251,3764,1545,0.4104675876726886,-0.04669254249457522,0.08850408850408842
Mpumalanga,Ward 83105018,MP315,4472,2630,0.5881037567084079,5564,2989,0.5372034507548527,5355,1991,0.3718020541549953,-0.050900305953555214,0.2441860465116279
Mpumalanga,Ward 83105019,MP315,4723,2541,0.538005504975651,5838,3096,0.5303186022610483,5546,2256,0.4067796610169492,-0.007686902714602706,0.2360787634977768
Mpumalanga,Ward 83105020,MP315,5801,3239,0.5583520082744354,5563,2959,0.5319072442926479,5429,2020,0.3720758887456253,-0.026444763981787522,-0.04102740906740221
Mpumalanga,Ward 83105021,MP315,3776,2205,0.5839512711864406,4171,2454,0.5883481179573243,4350,1847,0.4245977011494253,0.0043968467708837,0.10460805084745761
Mpumalanga,Ward 83105022,MP315,4470,2369,0.5299776286353468,5460,2969,0.5437728937728937,5829,2356,0.4041859667181334,0.01379526513754692,0.2214765100671141
Mpumalanga,Ward 83105023,MP315,4924,2699,0.5481316003249391,4847,2667,0.5502372601609243,4308,1702,0.3950789229340761,0.0021056598359852075,-0.01563769293257511
Mpumalanga,Ward 83105024,MP315,3391,2074,0.6116189914479505,6676,3738,0.5599161174355902,4238,2065,0.4872581406323737,-0.05170287401236029,0.9687407844293718
Mpumalanga,Ward 83105025,MP315,3491,1839,0.5267831566886279,4251,2441,0.5742178310985651,3844,2012,0.5234131113423517,0.047434674409937205,0.2177026639931252
Mpumalanga,Ward 83105026,MP315,4284,2205,0.5147058823529411,4149,2216,0.5341046035189202,4118,1641,0.3984944147644487,0.01939872116597907,-0.031512605042016806
Mpumalanga,Ward 83105027,MP315,5628,3112,0.5529495380241649,4630,2303,0.4974082073434125,4410,1629,0.3693877551020408,-0.0555413306807524,-0.17732764747690122
Mpumalanga,Ward 83105028,MP315,2743,1781,0.6492890995260664,3463,2096,0.6052555587640774,4637,1777,0.3832219107181367,-0.044033540761988954,0.2624863288370398
Mpumalanga,Ward 83105029,MP315,3018,1828,0.6056991385023194,4015,2388,0.5947696139476961,3819,1454,0.3807279392511128,-0.01092952455462326,0.3303512259774686
Mpumalanga,Ward 83105030,MP315,4136,2472,0.597678916827853,4551,2569,0.5644913205888815,4353,1716,0.39421088904204,-0.033187596238971495,0.10033849129593819
Mpumalanga,Ward 83105031,MP315,4806,2821,0.5869746150645027,4767,2601,0.5456261799874135,4457,2198,0.4931568319497419,-0.041348435077089185,-0.00811485642946319
Mpumalanga,Ward 83105032,MP315,2784,1275,0.4579741379310345,4148,2127,0.5127772420443587,5217,1861,0.3567184205482078,0.05480310411332423,0.48994252873563227
Mpumalanga,Ward 83106001,MP316,3991,2187,0.5479829616637434,4617,2697,0.5841455490578298,3635,1521,0.4184319119669876,0.0361625873940864,0.15685291906790289
Mpumalanga,Ward 83106002,MP316,2939,1268,0.43143926505614155,4354,2392,0.5493798805695912,4343,1540,0.3545935988947732,0.11794061551344964,0.4814562776454576
Mpumalanga,Ward 83106003,MP316,4338,2177,0.5018441678192715,4524,2440,0.5393457117595049,4180,1634,0.3909090909090909,0.037501543940233306,0.042876901798063694
Mpumalanga,Ward 83106004,MP316,3264,1863,0.5707720588235294,3497,1995,0.57048899056334,3304,1625,0.4918280871670702,-0.000283068260189423,0.07138480392156854
Mpumalanga,Ward 83106005,MP316,3529,1896,0.5372626806460754,3976,2068,0.5201207243460765,3711,1603,0.431959040689841,-0.01714195629999893,0.1266647775573817
Mpumalanga,Ward 83106006,MP316,4496,2642,0.5876334519572953,4996,2746,0.5496397117694155,4828,2078,0.4304059652029826,-0.03799374018787982,0.11120996441281128
Mpumalanga,Ward 83106007,MP316,3450,1914,0.5547826086956522,3865,2164,0.5598965071151358,3976,1782,0.4481891348088531,0.00511389841948362,0.12028985507246381
Mpumalanga,Ward 83106008,MP316,3978,2333,0.5864756158873806,4101,2200,0.5364545232870032,3762,2007,0.5334928229665071,-0.05002109260037746,0.030920060331824928
Mpumalanga,Ward 83106009,MP316,3454,1906,0.5518239722061378,3672,2268,0.6176470588235294,4157,1831,0.4404618715419774,0.06582308661739167,0.06311522872032427
Mpumalanga,Ward 83106010,MP316,4485,2713,0.6049052396878484,4622,2766,0.5984422327996538,4144,1765,0.4259169884169884,-0.006463006888194567,0.030546265328873945
Mpumalanga,Ward 83106011,MP316,3742,2130,0.5692143238909674,4124,2727,0.661251212415131,4016,2105,0.5241533864541833,0.09203688852416358,0.10208444681988249
Mpumalanga,Ward 83106012,MP316,4203,2500,0.5948132286462051,4636,2696,0.5815358067299397,4280,2060,0.4813084112149532,-0.013277421916265464,0.10302165120152273
Mpumalanga,Ward 83106013,MP316,3883,2464,0.6345609065155807,4117,2511,0.6099101287345154,3907,2076,0.5313539800358331,-0.02465077778106528,0.06026268349214514
Mpumalanga,Ward 83106014,MP316,3856,2315,0.6003630705394191,4063,3117,0.7671671178931824,3817,1698,0.4448519779931884,0.1668040473537633,0.053682572614107915
Mpumalanga,Ward 83106015,MP316,4435,2447,0.5517474633596392,5083,2903,0.5711194176667322,4935,2309,0.4678824721377912,0.019371954307093042,0.14611048478015776
Mpumalanga,Ward 83106016,MP316,3428,1612,0.47024504084014,3457,1623,0.469482210008678,3322,1217,0.3663455749548465,-0.0007628308314620025,0.008459743290548438
Mpumalanga,Ward 83106017,MP316,4016,2232,0.5557768924302788,4668,2541,0.544344473007712,4466,1763,0.3947604120017913,-0.011432419422566786,0.16235059760956183
Mpumalanga,Ward 83106018,MP316,3814,2070,0.5427372836916623,4332,2700,0.6232686980609419,4068,1702,0.4183874139626352,0.08053141436927957,0.13581541688515997
Mpumalanga,Ward 83106019,MP316,4231,2372,0.5606239659654928,4916,2821,0.573840520748576,4747,1892,0.3985675163261007,0.013216554783083256,0.16190025998581903
Mpumalanga,Ward 83106020,MP316,3354,1628,0.4853905784138342,3751,2132,0.5683817648627033,3460,1450,0.4190751445086705,0.0829911864488691,0.11836612999403706
Mpumalanga,Ward 83106021,MP316,4039,1928,0.47734587769249814,4709,2323,0.4933106816733913,3663,1538,0.4198744198744198,0.015964803980893172,0.16588264421886612
Mpumalanga,Ward 83106022,MP316,3774,1888,0.5002649708532061,4288,2080,0.4850746268656716,4697,1716,0.3653395784543325,-0.015190343987534494,0.13619501854795968
Mpumalanga,Ward 83106023,MP316,3241,1491,0.46004319654427644,3684,1815,0.4926710097719869,3487,1298,0.3722397476340694,0.03262781322771047,0.136686207960506
Mpumalanga,Ward 83106024,MP316,4079,1694,0.4152978671242952,4259,2039,0.4787508804883775,2271,913,0.4020255394099515,0.06345301336408232,0.04412846285854366
Mpumalanga,Ward 83106025,MP316,4147,2002,0.4827586206896552,4082,1950,0.4777070063694267,2935,1284,0.4374787052810903,-0.0050516143202284924,-0.01567398119122254
Mpumalanga,Ward 83106026,MP316,3582,1809,0.5050251256281407,3934,1953,0.49644128113879,2834,1269,0.4477769936485533,-0.008583844489350734,0.09826912339475147
Mpumalanga,Ward 83106027,MP316,3434,1674,0.48747815958066393,3775,1734,0.4593377483443708,5358,2425,0.4525942515864128,-0.028140411236293128,0.09930110658124636
Mpumalanga,Ward 83106028,MP316,3474,1584,0.45595854922279794,3375,1570,0.4651851851851852,3857,1574,0.4080891884884625,0.009226635962387264,-0.02849740932642486
Mpumalanga,Ward 83106029,MP316,3642,1622,0.4453596924766612,4251,2060,0.4845918607386497,3570,1465,0.4103641456582633,0.0392321682619885,0.16721581548599662
Mpumalanga,Ward 83106030,MP316,3473,1750,0.5038871292830406,3802,1712,0.4502893214097843,4918,1781,0.3621390809272062,-0.0535978078732563,0.09473078030521154
Mpumalanga,Ward 83106031,MP316,4343,2252,0.5185355744876813,4615,2477,0.5367280606717226,4725,1975,0.4179894179894179,0.018192486184041345,0.06262951876583012
Mpumalanga,Ward 83201001,MP321,4103,1878,0.45771386790153545,3640,1743,0.4788461538461538,2997,987,0.3293293293293293,0.021132285944618356,-0.1128442602973434
Mpumalanga,Ward 83201002,MP321,1757,1162,0.6613545816733067,2819,1678,0.5952465413267116,3333,1402,0.4206420642064206,-0.06610804034659512,0.6044393853158794
Mpumalanga,Ward 83201003,MP321,3326,1915,0.5757666867107637,4101,2281,0.5562058034625701,4075,1442,0.3538650306748466,-0.019560883248193606,0.23301262778111842
Mpumalanga,Ward 83201004,MP321,3203,1667,0.5204495785201374,3346,1810,0.5409444112372983,2441,1348,0.5522326915198689,0.020494832717160905,0.044645644708086074
Mpumalanga,Ward 83201005,MP321,2883,1629,0.5650364203954215,5241,2840,0.5418813203587102,4010,1671,0.4167082294264339,-0.023155100036711285,0.8178980228928199
Mpumalanga,Ward 83201006,MP321,3159,1520,0.4811649256093701,3534,1783,0.5045274476513866,3731,1544,0.4138300723666577,0.023362522042016498,0.11870845204178537
Mpumalanga,Ward 83201007,MP321,3820,2263,0.5924083769633508,3744,2053,0.5483440170940171,4419,1959,0.4433129667345553,-0.04406435986933366,-0.019895287958115238
Mpumalanga,Ward 83201008,MP321,3526,1937,0.5493477027793534,3767,2035,0.5402176798513406,3798,2072,0.545550289626119,-0.009130022928012793,0.06834940442427673
Mpumalanga,Ward 83201009,MP321,4483,2632,0.587106848092795,4604,2609,0.5666811468288445,4379,2198,0.501941082438913,-0.02042570126395049,0.02699085433861259
Mpumalanga,Ward 83201010,MP321,2697,1340,0.4968483500185391,3720,2029,0.5454301075268817,3473,1385,0.3987906708897207,0.04858175750834259,0.3793103448275863
Mpumalanga,Ward 83201011,MP321,2960,1138,0.3844594594594595,2862,1098,0.3836477987421384,2769,692,0.249909714698447,-0.0008116607173210832,-0.03310810810810816
Mpumalanga,Ward 83201012,MP321,778,679,0.8727506426735219,3645,2482,0.6809327846364883,3952,2072,0.5242914979757085,-0.19181785803703355,3.685089974293059
Mpumalanga,Ward 83201013,MP321,2757,1356,0.49183895538628947,3022,1576,0.5215089344804765,4408,1879,0.4262704174228675,0.02966997909418706,0.09611896989481328
Mpumalanga,Ward 83201014,MP321,6172,3266,0.5291639662994168,3504,1690,0.4823059360730594,3174,1309,0.4124133585381222,-0.04685803022635737,-0.43227478937135455
Mpumalanga,Ward 83204001,MP324,4846,2809,0.579653322327693,5808,3607,0.6210399449035813,5931,2599,0.4382060360816051,0.04138662257588832,0.19851423854725536
Mpumalanga,Ward 83204002,MP324,4816,2849,0.5915697674418605,5732,3600,0.6280530355896721,4651,1916,0.4119544184046441,0.036483268147811554,0.1901993355481728
Mpumalanga,Ward 83204003,MP324,4331,2498,0.5767721080581851,5729,3439,0.6002792808518066,5256,1912,0.3637747336377473,0.023507172793621467,0.32278919418148244
Mpumalanga,Ward 83204004,MP324,4411,2406,0.5454545454545454,5237,3044,0.5812488065686462,6940,3036,0.4374639769452449,0.03579426111410078,0.1872591249149853
Mpumalanga,Ward 83204005,MP324,4285,2420,0.5647607934655776,5362,3207,0.5980977247295786,6215,2282,0.3671761866452132,0.033336931264000946,0.2513418903150526
Mpumalanga,Ward 83204006,MP324,4995,3034,0.6074074074074074,5556,3319,0.5973722102231821,5522,2842,0.514668598333937,-0.010035197184225297,0.1123123123123122
Mpumalanga,Ward 83204007,MP324,4370,2330,0.5331807780320366,4877,2896,0.5938076686487594,5718,2777,0.4856593214410633,0.060626890616722884,0.11601830663615553
Mpumalanga,Ward 83204008,MP324,4712,2732,0.5797962648556876,5427,3290,0.6062281186659296,4839,2198,0.4542260797685472,0.026431853810242045,0.15174023769100176
Mpumalanga,Ward 83204009,MP324,5009,2916,0.5821521261728888,5924,3835,0.6473666441593517,7044,3259,0.4626632595116411,0.06521451798646294,0.18267119185466152
Mpumalanga,Ward 83204010,MP324,4596,2885,0.6277197563098347,5342,3239,0.6063272182703108,5938,2498,0.4206803637588414,-0.0213925380395239,0.16231505657093126
Mpumalanga,Ward 83204011,MP324,4796,2565,0.5348206839032527,4716,2846,0.6034775233248516,4839,2590,0.535234552593511,0.06865683942159895,-0.016680567139282787
Mpumalanga,Ward 83204012,MP324,4659,2912,0.6250268297918008,5365,3555,0.6626281453867661,5596,2976,0.5318084345961401,0.03760131559496527,0.1515346640910067
Mpumalanga,Ward 83204013,MP324,4413,2510,0.5687740765918876,5084,3144,0.6184107002360346,5090,2513,0.493713163064833,0.049636623644147004,0.1520507591207796
Mpumalanga,Ward 83204014,MP324,4575,2619,0.5724590163934427,5193,3126,0.6019641825534373,5320,2603,0.4892857142857142,0.029505166159994656,0.13508196721311472
Mpumalanga,Ward 83204015,MP324,4911,2752,0.5603746691101609,5299,2898,0.5468956406869221,6584,2762,0.419501822600243,-0.013479028423238781,0.07900631236000821
Mpumalanga,Ward 83204016,MP324,4441,2604,0.5863544246791264,5314,3527,0.6637184794881446,4354,2328,0.534680753330271,0.0773640548090182,0.19657734744426936
Mpumalanga,Ward 83204017,MP324,4889,2876,0.5882593577418695,5625,3615,0.6426666666666667,6105,2846,0.4661752661752661,0.05440730892479717,0.15054203313561065
Mpumalanga,Ward 83204018,MP324,4674,3061,0.6548994437312794,4938,3138,0.6354799513973268,3984,2155,0.5409136546184738,-0.01941949233395257,0.056482670089858855
Mpumalanga,Ward 83204019,MP324,4736,2909,0.614231418918919,5019,3164,0.6304044630404463,5007,2404,0.4801278210505292,0.016173044121527314,0.059755067567567544
Mpumalanga,Ward 83204020,MP324,4489,2570,0.572510581421252,4468,2662,0.5957923008057296,4262,2004,0.4702017832003754,0.02328171938447765,-0.004678102027177555
Mpumalanga,Ward 83204021,MP324,4786,2865,0.5986209778520686,5568,3351,0.6018318965517241,5804,2378,0.4097174362508615,0.0032109186996555072,0.16339323025491015
Mpumalanga,Ward 83204022,MP324,4783,2495,0.5216391386159315,4627,2450,0.529500756429652,4512,1618,0.3585992907801418,0.007861617813720523,-0.0326155132761865
Mpumalanga,Ward 83204023,MP324,3593,1954,0.5438352351795157,3981,2381,0.5980909319266516,6387,2943,0.4607797087834664,0.05425569674713593,0.10798775396604499
Mpumalanga,Ward 83204024,MP324,4095,2463,0.6014652014652014,5020,3220,0.6414342629482072,3704,1572,0.4244060475161987,0.03996906148300572,0.22588522588522597
Mpumalanga,Ward 83204025,MP324,3431,1997,0.5820460507140776,5351,3255,0.6082975144832742,5369,2721,0.5067982864593034,0.026251463769196626,0.5596036141066745
Mpumalanga,Ward 83204026,MP324,3306,1770,0.5353901996370236,4150,2443,0.5886746987951808,4461,1811,0.4059627886124187,0.05328449915815714,0.2552934059286147
Mpumalanga,Ward 83204027,MP324,4199,2452,0.5839485591807573,4422,2578,0.5829941203075532,4935,2018,0.4089159067882472,-0.000954438873204122,0.05310788282924506
Mpumalanga,Ward 83204028,MP324,3880,2137,0.5507731958762887,4235,2449,0.5782762691853601,4344,1830,0.4212707182320442,0.027503073309071424,0.09149484536082464
Mpumalanga,Ward 83204029,MP324,4948,2914,0.5889248181083266,5484,3572,0.6513493800145879,5911,2746,0.4645576044662494,0.06242456190626122,0.10832659660468869
Mpumalanga,Ward 83204030,MP324,4965,2840,0.5720040281973817,4943,2949,0.5966012542990087,4951,2486,0.5021207836800646,0.024597226101626957,-0.004431017119838843
Mpumalanga,Ward 83204031,MP324,3688,2093,0.5675162689804772,4111,2706,0.6582340063244952,4107,1960,0.4772339907475043,0.090717737344018,0.11469631236442512
Mpumalanga,Ward 83204032,MP324,4019,2159,0.5371983080368251,4536,2660,0.5864197530864198,4313,1641,0.380477625782518,0.04922144504959469,0.12863896491664595
Mpumalanga,Ward 83204033,MP324,4311,2481,0.5755045233124565,4566,2612,0.5720543144984669,4790,2020,0.4217118997912317,-0.003450208813989608,0.05915100904662496
Mpumalanga,Ward 83205001,MP325,6826,3476,0.5092294169352476,6558,3653,0.557029582189692,8471,3412,0.4027859756817377,0.047800165254444416,-0.03926164664518017
Mpumalanga,Ward 83205002,MP325,5264,2650,0.503419452887538,5939,3031,0.5103552786664421,5151,1943,0.3772083090662007,0.00693582577890417,0.1282294832826747
Mpumalanga,Ward 83205003,MP325,6691,3060,0.4573307427888208,7475,3893,0.5208026755852843,6768,2867,0.4236111111111111,0.06347193279646346,0.11717232102824693
Mpumalanga,Ward 83205004,MP325,6588,3296,0.5003035822707954,6347,3175,0.5002363321254136,6214,2167,0.34872867718056,-6.725014538178087e-05,-0.03658166363084392
Mpumalanga,Ward 83205005,MP325,5543,2083,0.37578928378134585,5717,2909,0.5088333041805142,5922,1919,0.3240459304289091,0.13304402039916835,0.03139094353238314
Mpumalanga,Ward 83205006,MP325,6289,3296,0.5240896803943393,6953,3794,0.545663742269524,6841,2536,0.3707060371290747,0.021574061875184625,0.10558117347750029
Mpumalanga,Ward 83205007,MP325,5450,2475,0.4541284403669725,5581,2671,0.4785880666547213,5506,2435,0.4422448238285507,0.024459626287748837,0.024036697247706407
Mpumalanga,Ward 83205008,MP325,5197,2386,0.45911102559168754,5594,2902,0.5187701108330354,5826,2251,0.3863714383796773,0.05965908524134783,0.0763902251298827
Mpumalanga,Ward 83205009,MP325,5958,2832,0.47532729103726085,7194,3626,0.50403113705866,6968,2527,0.3626578645235361,0.028703846021399138,0.20745216515609255
Mpumalanga,Ward 83205010,MP325,5779,3099,0.5362519467035819,6331,3309,0.5226662454588532,4776,1971,0.4126884422110553,-0.013585701244728687,0.09551825575359052
Mpumalanga,Ward 83205011,MP325,6180,2707,0.4380258899676375,6645,3210,0.4830699774266365,6457,2154,0.3335914511382995,0.04504408745899896,0.07524271844660202
Mpumalanga,Ward 83205012,MP325,5531,2885,0.5216054962936177,5923,3058,0.5162924193820699,5707,2371,0.4154547047485544,-0.005313076911547809,0.07087325980835302
Mpumalanga,Ward 83205013,MP325,6084,2995,0.4922748191978961,7103,3434,0.4834576939321413,6784,3067,0.4520931603773584,-0.008817125265754844,0.16748849441157132
Mpumalanga,Ward 83205014,MP325,6418,3109,0.48441882206294795,6785,3383,0.4985998526160649,6288,2322,0.3692748091603053,0.014181030553116925,0.05718292302898109
Mpumalanga,Ward 83205015,MP325,7058,4678,0.6627939926324737,7033,4543,0.6459547845869472,7421,4191,0.5647486861608948,-0.01683920804552652,-0.0035420799093227595
Mpumalanga,Ward 83205016,MP325,5315,3072,0.5779868297271872,7492,4721,0.6301388147357181,5115,2427,0.4744868035190616,0.05215198500853091,0.40959548447789285
Mpumalanga,Ward 83205017,MP325,6355,3499,0.5505900865460267,7117,4142,0.5819867921877195,8017,3259,0.4065111637769739,0.031396705641692835,0.11990558615263569
Mpumalanga,Ward 83205018,MP325,6821,3426,0.5022723940771148,7577,4497,0.5935066649069553,6192,2233,0.3606266149870801,0.09123427082984048,0.11083418853540539
Mpumalanga,Ward 83205019,MP325,6114,3094,0.5060516846581616,6734,3653,0.5424710424710425,6895,2676,0.3881073241479333,0.03641935781288086,0.10140660778541055
Mpumalanga,Ward 83205020,MP325,5707,3427,0.6004906255475732,5812,3401,0.5851686166551961,6577,2808,0.4269423749429831,-0.015322008892377004,0.018398458033993315
Mpumalanga,Ward 83205021,MP325,6049,3150,0.520747230947264,6666,3757,0.5636063606360636,6636,3154,0.4752863170584689,0.04285912968879957,0.1020003306331625
Mpumalanga,Ward 83205022,MP325,6578,3632,0.5521435086652478,6340,3527,0.5563091482649842,6299,2613,0.4148277504365772,0.0041656395997364815,-0.03618121009425357
Mpumalanga,Ward 83205023,MP325,6124,3092,0.5048987589810582,7151,3805,0.5320934135086002,5846,2661,0.4551830311323982,0.027194654527541995,0.16770084911822347
Mpumalanga,Ward 83205024,MP325,6173,3168,0.513202656730925,6899,3333,0.4831134947093781,6959,2774,0.3986204914499209,-0.030089162021546934,0.11760894216750373
Mpumalanga,Ward 83205025,MP325,5768,3110,0.5391816920943134,5940,2936,0.4942760942760942,6709,2995,0.4464152630794455,-0.044905597818219234,0.029819694868238544
Mpumalanga,Ward 83205026,MP325,5215,2523,0.4837967401725791,5826,3128,0.5369035358736698,6965,2889,0.4147882268485283,0.05310679570109067,0.11716203259827429
Mpumalanga,Ward 83205027,MP325,5662,2965,0.5236665489226422,6740,3454,0.5124629080118694,7196,3517,0.4887437465258477,-0.01120364091077275,0.19039208760155413
Mpumalanga,Ward 83205028,MP325,5303,2844,0.5363002074297567,5780,3016,0.5217993079584775,5617,2650,0.4717820900836745,-0.014500899471279194,0.08994908542334534
Mpumalanga,Ward 83205029,MP325,5112,2714,0.5309076682316118,5927,3346,0.5645351779989877,5396,2858,0.5296515937731653,0.03362750976737583,0.15942879499217533
Mpumalanga,Ward 83205030,MP325,6569,3448,0.5248896331252855,6016,2880,0.4787234042553192,6234,2661,0.4268527430221366,-0.0461662288699663,-0.08418328512711215
Mpumalanga,Ward 83205031,MP325,6515,3257,0.4999232540291635,6109,3413,0.5586839089867409,8538,3967,0.4646287186694776,0.05876065495757743,-0.06231772831926319
Mpumalanga,Ward 83205032,MP325,6399,3578,0.5591498671667448,6035,3476,0.575973487986744,6065,2810,0.4633140972794723,0.01682362081999922,-0.05688388810751677
Mpumalanga,Ward 83205033,MP325,6554,3456,0.5273115654562099,6927,3733,0.5389057311967663,7042,3508,0.4981539335416075,0.011594165740556384,0.05691180958193476
Mpumalanga,Ward 83205034,MP325,6592,3634,0.5512742718446602,5666,3011,0.5314154606424285,5655,2641,0.4670203359858532,-0.019858811202231652,-0.14047330097087374
Mpumalanga,Ward 83205035,MP325,5819,3006,0.5165836054304863,6050,3288,0.5434710743801653,6883,3556,0.5166351881447043,0.026887468949678972,0.03969754253308122
Mpumalanga,Ward 83205036,MP325,5528,3092,0.5593342981186686,6201,3547,0.5720045154007418,7353,3360,0.4569563443492452,0.012670217282073182,0.12174384949348771
Mpumalanga,Ward 83205037,MP325,6062,2931,0.48350379412735073,6266,3062,0.4886690073412065,6070,2388,0.3934102141680395,0.005165213213855768,0.03365225998020449
North West,Ward 63701001,NW371,3438,1985,0.5773705642815591,3368,1840,0.5463182897862233,3156,1407,0.4458174904942966,-0.031052274495335763,-0.02036067481093662
North West,Ward 63701002,NW371,3756,1936,0.5154419595314164,3334,1740,0.5218956208758249,3388,1603,0.4731404958677686,0.006453661344408501,-0.11235356762513315
North West,Ward 63701003,NW371,3560,1817,0.5103932584269663,3763,1897,0.5041190539463194,3571,1340,0.3752450294035284,-0.006274204480646861,0.05702247191011245
North West,Ward 63701004,NW371,2898,1396,0.48171152518978605,3518,1886,0.5361000568504832,3455,1639,0.4743849493487699,0.05438853166069718,0.21394064872325735
North West,Ward 63701005,NW371,3699,1855,0.5014868883482022,3205,1667,0.5201248049921997,3174,1510,0.4757403906742281,0.0186379166439975,-0.13354960800216276
North West,Ward 63701006,NW371,2771,1477,0.5330205701912667,3350,1720,0.5134328358208955,3264,1650,0.5055147058823529,-0.0195877343703712,0.20894983760375307
North West,Ward 63701007,NW371,2963,1788,0.6034424569692879,3800,2150,0.5657894736842105,3628,1577,0.4346747519294377,-0.03765298328507738,0.2824839689503882
North West,Ward 63701008,NW371,3384,2128,0.6288416075650118,3324,1435,0.4317087845968712,4843,2172,0.4484823456535205,-0.19713282296814066,-0.01773049645390068
North West,Ward 63701009,NW371,3054,1892,0.6195153896529142,3923,2310,0.5888350751975528,4757,1861,0.391212949337818,-0.030680314455361346,0.2845448592010478
North West,Ward 63701010,NW371,3425,1812,0.5290510948905109,4150,2226,0.5363855421686747,3789,1789,0.4721562417524412,0.0073344472781637915,0.2116788321167884
North West,Ward 63701011,NW371,3403,2173,0.6385542168674698,4435,2387,0.5382187147688838,3413,1420,0.4160562554937005,-0.100335502098586,0.3032618277990009
North West,Ward 63701012,NW371,3304,1706,0.5163438256658596,3477,1650,0.4745470232959448,2754,948,0.3442265795206972,-0.04179680236991479,0.052360774818401845
North West,Ward 63701013,NW371,3186,1754,0.5505335844318895,4178,2130,0.5098133078027764,3298,1472,0.446331109763493,-0.04072027662911304,0.31136220966729433
North West,Ward 63701014,NW371,3853,2639,0.6849208409031923,3837,1830,0.4769351055512119,3394,1428,0.4207424867413082,-0.2079857353519804,-0.004152608357124277
North West,Ward 63701015,NW371,3062,1590,0.519268451992162,3547,1902,0.5362277981392726,3451,1732,0.5018835120254999,0.016959346147110588,0.1583932070542129
North West,Ward 63701016,NW371,2983,1228,0.4116661079450218,4236,2339,0.5521718602455147,4014,1378,0.3432984554060787,0.1405057523004929,0.4200469326181697
North West,Ward 63701017,NW371,2443,1356,0.5550552599263201,4131,2176,0.5267489711934157,3847,1654,0.4299454120093579,-0.028306288732904417,0.6909537453950061
North West,Ward 63701018,NW371,3583,1839,0.5132570471671783,3444,1793,0.5206155632984901,3902,1441,0.3692977960020502,0.007358516131311776,-0.03879430644711135
North West,Ward 63701019,NW371,2411,1366,0.5665698880132725,3633,2064,0.5681255161023947,3697,1610,0.4354882337030024,0.0015556280891222407,0.5068436333471589
North West,Ward 63701020,NW371,3738,1845,0.49357945425361155,4461,2407,0.5395651199282672,3216,1251,0.3889925373134328,0.04598566567465562,0.1934189406099518
North West,Ward 63701021,NW371,3577,1903,0.5320100642996924,4030,2072,0.5141439205955335,3759,1462,0.3889332269220537,-0.017866143704158954,0.12664243779703654
North West,Ward 63701022,NW371,4169,2030,0.4869273207004078,3236,1555,0.4805315203955501,3877,1610,0.4152695383028114,-0.006395800304857702,-0.2237946749820101
North West,Ward 63701023,NW371,2975,1815,0.6100840336134454,4119,2189,0.5314396698227725,2992,1700,0.5681818181818182,-0.07864436379067297,0.38453781512605034
North West,Ward 63701024,NW371,3908,1992,0.5097236438075742,3027,1496,0.4942186983812355,3704,1301,0.3512419006479482,-0.015504945426338679,-0.2254350051177073
North West,Ward 63701025,NW371,3199,1647,0.5148483901219131,4787,2902,0.6062251932316691,4039,2121,0.5251299826689775,0.09137680310975604,0.49640512660206304
North West,Ward 63701026,NW371,3304,1856,0.5617433414043583,3510,1760,0.5014245014245015,4331,2010,0.464096051720157,-0.060318839979856875,0.0623486682808716
North West,Ward 63702001,NW372,5087,2779,0.5462944761155888,4637,2491,0.5372007763640285,4535,2121,0.4676957001102536,-0.009093699751560269,-0.08846078238647537
North West,Ward 63702002,NW372,4920,2654,0.5394308943089431,5432,2728,0.5022091310751104,4537,1645,0.362574388362354,-0.03722176323383264,0.10406504065040645
North West,Ward 63702003,NW372,4828,2645,0.5478458989229494,4569,2461,0.5386298971328518,4312,2226,0.5162337662337663,-0.009216001790097628,-0.053645401822700944
North West,Ward 63702004,NW372,4850,2743,0.5655670103092784,4726,2486,0.5260262378332629,4391,1817,0.4138009565019357,-0.03954077247601551,-0.025567010309278326
North West,Ward 63702005,NW372,5364,2889,0.5385906040268457,5468,3165,0.5788222384784198,5324,1998,0.375281743050338,0.04023163445157418,0.01938851603281133
North West,Ward 63702006,NW372,5134,2877,0.5603817686014804,5126,2750,0.5364806866952789,4802,1879,0.3912952936276551,-0.023901081906201438,-0.001558239189715649
North West,Ward 63702007,NW372,6007,3448,0.5739970034959214,6085,3245,0.533278553820871,5978,2197,0.367514218802275,-0.04071844967505045,0.012984851007158404
North West,Ward 63702008,NW372,5105,2986,0.5849167482859942,6215,3243,0.5218020917135962,5966,1998,0.3348977539389876,-0.06311465657239801,0.21743388834475996
North West,Ward 63702009,NW372,6406,3419,0.5337183890103029,5254,2544,0.4842025123715264,4935,1548,0.3136778115501519,-0.04951587663877649,-0.17983140805494846
North West,Ward 63702010,NW372,6230,3213,0.5157303370786517,6664,3287,0.4932472989195678,7350,2514,0.3420408163265306,-0.022483038159083868,0.06966292134831464
North West,Ward 63702011,NW372,5751,2849,0.4953921057207442,5319,2913,0.5476593344613649,5611,2143,0.381928355016931,0.05226722874062073,-0.07511737089201875
North West,Ward 63702012,NW372,5249,2593,0.49399885692512857,5851,3158,0.5397367971286959,4536,1784,0.3932980599647266,0.04573794020356736,0.1146885120975425
North West,Ward 63702013,NW372,5910,3222,0.5451776649746193,5971,2581,0.4322559035337464,5531,2000,0.3615982643283312,-0.1129217614408729,0.010321489001692052
North West,Ward 63702014,NW372,4785,2231,0.46624869383490075,5230,2741,0.5240917782026768,4112,1980,0.4815175097276264,0.057843084367776076,0.09299895506792066
North West,Ward 63702015,NW372,6846,3269,0.4775051124744376,5523,2726,0.4935723338765164,5912,2203,0.3726319350473613,0.01606722140207878,-0.19325153374233128
North West,Ward 63702016,NW372,5972,3133,0.524614869390489,4928,2753,0.5586444805194806,4759,1872,0.3933599495692372,0.03402961112899161,-0.17481580709979905
North West,Ward 63702017,NW372,5760,2980,0.5173611111111112,5804,2839,0.4891454169538249,5196,2035,0.3916474210931486,-0.028215694157286253,0.007638888888888973
North West,Ward 63702018,NW372,5423,2862,0.5277521666974,4610,2493,0.5407809110629067,5849,2153,0.3680971106171995,0.013028744365506717,-0.14991702009957586
North West,Ward 63702019,NW372,5706,3146,0.5513494567122328,5742,2961,0.5156739811912225,6123,2685,0.4385105340519353,-0.03567547552101025,0.006309148264984188
North West,Ward 63702020,NW372,6383,3521,0.551621494595018,4883,2751,0.5633831660864222,4610,1920,0.4164859002169197,0.01176167149140428,-0.2349992166692778
North West,Ward 63702021,NW372,6428,3638,0.5659614187927816,5975,2974,0.4977405857740585,5476,2388,0.4360847333820307,-0.06822083301872311,-0.07047293092719353
North West,Ward 63702022,NW372,6178,3693,0.5977662674004532,4966,3259,0.6562625855819573,4563,2268,0.4970414201183432,0.058496318181504026,-0.1961799935254127
North West,Ward 63702023,NW372,5315,2586,0.4865475070555033,4980,2844,0.5710843373493976,6516,3240,0.4972375690607735,0.08453683029389425,-0.06302916274694259
North West,Ward 63702024,NW372,5782,3231,0.5588031822898651,4867,2606,0.5354427778919252,4654,2207,0.4742157284056725,-0.02336040439793996,-0.15824974057419583
North West,Ward 63702025,NW372,5294,2363,0.44635436343029844,5563,2522,0.4533525076397627,6866,2701,0.3933877075444217,0.006998144209464263,0.05081224027200615
North West,Ward 63702026,NW372,4840,2381,0.4919421487603306,6316,2841,0.4498100063331222,6019,1598,0.2654926067453065,-0.04213214242720842,0.3049586776859503
North West,Ward 63702027,NW372,6120,2676,0.4372549019607843,6051,3275,0.5412328540737068,6471,3071,0.4745788904342451,0.10397795211292249,-0.011274509803921529
North West,Ward 63702028,NW372,5693,2895,0.5085192341471984,4745,2435,0.5131717597471022,4899,1559,0.3182282098387426,0.004652525599903812,-0.16652028807307218
North West,Ward 63702029,NW372,5747,3034,0.527927614407517,6720,4160,0.6190476190476191,6054,3098,0.5117277832837793,0.09112000464010206,0.16930572472594396
North West,Ward 63702030,NW372,5884,3341,0.5678110129163834,6669,4488,0.6729644624381467,7175,3365,0.4689895470383275,0.10515344952176331,0.13341264445955137
North West,Ward 63702031,NW372,6172,3458,0.5602721970187946,5930,2982,0.502866779089376,6399,2302,0.3597437099546804,-0.057405417929418556,-0.03920933246921576
North West,Ward 63702032,NW372,5707,2677,0.4690730681619064,5333,2333,0.437464841552597,5717,1818,0.3179989504985132,-0.0316082266093094,-0.06553355528298577
North West,Ward 63702033,NW372,6236,3278,0.5256574727389353,5382,3339,0.6204013377926422,6328,3170,0.5009481668773704,0.09474386505370691,-0.13694676074406675
North West,Ward 63702034,NW372,5623,2950,0.5246309799039659,5338,2833,0.5307231172723866,5350,2781,0.5198130841121495,0.006092137368420736,-0.05068468788902725
North West,Ward 63702035,NW372,5730,3124,0.5452006980802793,5961,3263,0.5473913772856903,3297,1429,0.4334243251440703,0.00219067920541105,0.04031413612565449
North West,Ward 63702036,NW372,5045,2710,0.5371655104063429,4440,2180,0.4909909909909909,4389,1615,0.3679653679653679,-0.046174519415351944,-0.11992071357779976
North West,Ward 63703001,NW373,6009,3169,0.527375603261774,6964,3682,0.5287191269385411,7054,3123,0.4427275304791607,0.0013435236767670444,0.15892827425528377
North West,Ward 63703002,NW373,5983,2736,0.4572956710680261,7033,3244,0.4612540878714631,7630,2783,0.3647444298820446,0.003958416803437004,0.17549724218619422
North West,Ward 63703003,NW373,5436,2055,0.3780353200883002,5418,2443,0.4509043927648579,4860,1235,0.2541152263374485,0.07286907267655768,-0.0033112582781457123
North West,Ward 63703004,NW373,5654,2290,0.4050229925716307,7343,3406,0.4638431158926869,6579,1719,0.2612859097127223,0.058820123321056184,0.29872656526353025
North West,Ward 63703005,NW373,5392,2343,0.4345326409495549,6433,2952,0.458883879993782,6029,2307,0.3826505224747056,0.02435123904422709,0.19306379821958464
North West,Ward 63703006,NW373,5738,2635,0.4592192401533635,6317,2899,0.4589203735950609,5860,2061,0.3517064846416382,-0.0002988665583026351,0.10090623910770313
North West,Ward 63703007,NW373,5606,2825,0.5039243667499108,6877,3510,0.5103969754253308,5409,2038,0.3767794416712886,0.0064726086754199885,0.22672136996075642
North West,Ward 63703008,NW373,7463,3078,0.41243467774353476,5858,3130,0.5343120518948447,5572,1845,0.3311198851399856,0.12187737415130989,-0.21506096743936753
North West,Ward 63703009,NW373,5578,2347,0.4207601290785228,5939,2904,0.4889712072739518,8410,2667,0.3171224732461355,0.06821107819542904,0.06471853711007536
North West,Ward 63703010,NW373,5876,2571,0.4375425459496256,6972,3024,0.4337349397590361,6200,1540,0.2483870967741935,-0.0038076061905895076,0.1865214431586113
North West,Ward 63703011,NW373,6283,2368,0.37689002069075284,5852,2669,0.4560833902939166,6098,1748,0.2866513611020007,0.07919336960316375,-0.06859780359700784
North West,Ward 63703012,NW373,5219,2069,0.39643609886951525,7554,3466,0.4588297590680434,7326,2343,0.3198198198198198,0.062393660198528156,0.4474037171872005
North West,Ward 63703013,NW373,6750,2430,0.36,7939,3258,0.4103791409497417,7100,1892,0.2664788732394366,0.05037914094974172,0.17614814814814816
North West,Ward 63703014,NW373,6979,3501,0.5016478005444907,6622,4040,0.6100875868317729,7335,3663,0.4993865030674846,0.10843978628728224,-0.051153460381143434
North West,Ward 63703015,NW373,6803,3992,0.5867999412024107,6431,3878,0.6030166381589177,5706,2828,0.4956186470382054,0.01621669695650696,-0.05468175804792008
North West,Ward 63703016,NW373,5629,2773,0.4926274649138391,9310,5538,0.59484425349087,5763,2810,0.4875932673954538,0.10221678857703093,0.6539349795700835
North West,Ward 63703017,NW373,7346,3826,0.5208276613122788,6481,3758,0.5798487887671656,5893,2842,0.482267096555235,0.05902112745488686,-0.11775115709229511
North West,Ward 63703018,NW373,11004,5268,0.4787350054525627,4632,1908,0.4119170984455959,6358,2214,0.3482227115445108,-0.06681790700696683,-0.579062159214831
North West,Ward 63703019,NW373,6215,2358,0.37940466613032986,7652,3182,0.4158389963408259,5514,1541,0.2794704388828437,0.036434330210496024,0.23121480289621887
North West,Ward 63703020,NW373,6737,3159,0.4689030725842363,6780,3310,0.4882005899705015,5922,1865,0.3149273893954745,0.019297517386265173,0.006382662906338155
North West,Ward 63703021,NW373,7338,3712,0.505859907331698,6655,3356,0.504282494365139,7647,2912,0.3808029292533019,-0.0015774129665591108,-0.09307713273371487
North West,Ward 63703022,NW373,6512,2548,0.39127764127764125,8392,3915,0.4665157292659675,7159,2044,0.2855147366950691,0.07523808798832626,0.2886977886977886
North West,Ward 63703023,NW373,6119,2696,0.44059486844255596,5876,3308,0.5629680054458815,6578,2659,0.4042262085740347,0.12237313700332558,-0.03971237130250038
North West,Ward 63703024,NW373,6182,2286,0.36978324166936266,6614,2919,0.4413365588146356,9810,2775,0.282874617737003,0.07155331714527297,0.06988029763830483
North West,Ward 63703025,NW373,5270,3065,0.5815939278937381,6226,3648,0.5859299710889817,6146,3267,0.5315652456882525,0.004336043195243611,0.18140417457305502
North West,Ward 63703026,NW373,6668,3795,0.5691361727654469,5913,3345,0.5657026889903602,5777,2739,0.4741215163579713,-0.0034334837750866765,-0.11322735452909416
North West,Ward 63703027,NW373,6177,2954,0.47822567589444714,7286,4190,0.5750754872357947,7054,2989,0.4237312163311596,0.09684981134134757,0.17953699206734663
North West,Ward 63703028,NW373,5409,3014,0.5572194490663709,6558,3802,0.5797499237572431,6340,2673,0.421608832807571,0.022530474690872215,0.21242373821408767
North West,Ward 63703029,NW373,7696,4002,0.520010395010395,5098,2862,0.5613966261278933,6197,3454,0.557366467645635,0.041386231117498284,-0.3375779625779626
North West,Ward 63703030,NW373,6369,3177,0.49882242110221386,5905,3163,0.5356477561388654,5697,2167,0.3803756362998069,0.03682533503665153,-0.07285288114303656
North West,Ward 63703031,NW373,5366,1684,0.31382780469623556,6289,3168,0.5037366830974718,4967,1330,0.2677672639420173,0.18990887840123621,0.17200894521058507
North West,Ward 63703032,NW373,5842,2166,0.37076343717904825,6954,3273,0.4706643658326143,6840,2260,0.3304093567251462,0.09990092865356603,0.19034577199589187
North West,Ward 63703033,NW373,7419,3094,0.41703733656827063,4844,1806,0.3728323699421965,5341,1304,0.2441490357610934,-0.04420496662607415,-0.3470818169564631
North West,Ward 63703034,NW373,6108,2378,0.3893254747871644,6388,2767,0.4331559173450219,5730,1970,0.343804537521815,0.04383044255785751,0.045841519318926105
North West,Ward 63703035,NW373,5794,2394,0.41318605453917845,7710,3930,0.5097276264591439,6733,2612,0.3879399970295559,0.09654157191996549,0.3306869175008629
North West,Ward 63703036,NW373,5942,3152,0.5304611242006059,6909,3825,0.5536257056013895,6491,2798,0.4310583885379757,0.02316458140078359,0.16273981824301575
North West,Ward 63703037,NW373,7787,3036,0.38988057018107103,5878,2630,0.4474310990132698,5853,1530,0.2614044079958995,0.057550528832198744,-0.2451521767047643
North West,Ward 63703038,NW373,6737,2179,0.32343773192815795,6837,3010,0.440251572327044,4623,1219,0.263681592039801,0.11681384039888604,0.014843402107763026
North West,Ward 63704001,NW374,3436,2099,0.6108847497089639,2704,1591,0.588387573964497,2691,1289,0.4790040876997399,-0.022497175744466857,-0.21303841676367874
North West,Ward 63704002,NW374,2920,1415,0.4845890410958904,2983,1602,0.5370432450553134,3204,1675,0.5227840199750312,0.05245420395942302,0.021575342465753433
North West,Ward 63704003,NW374,3071,1677,0.5460761966786063,2405,1378,0.572972972972973,2773,1385,0.4994590695997115,0.02689677629436671,-0.2168674698795181
North West,Ward 63704004,NW374,3534,1929,0.5458404074702886,3060,1715,0.5604575163398693,2791,1281,0.4589752776782515,0.014617108869580675,-0.13412563667232602
North West,Ward 63704005,NW374,3650,2469,0.6764383561643835,2925,2049,0.7005128205128205,2928,1349,0.460724043715847,0.024074464348436964,-0.1986301369863014
North West,Ward 63704006,NW374,3071,1808,0.5887333116248779,2921,1649,0.5645326942827799,3222,1566,0.4860335195530726,-0.024200617342097996,-0.04884402474763916
North West,Ward 63705001,NW375,3984,2259,0.5670180722891566,4087,2149,0.525813555174945,3961,1802,0.4549356223175965,-0.04120451711421158,0.025853413654618462
North West,Ward 63705002,NW375,4127,2255,0.5464017446086746,4006,2194,0.5476784822765851,3793,1809,0.4769311890324281,0.001276737667910477,-0.029319118003392264
North West,Ward 63705003,NW375,3486,1828,0.5243832472748136,3532,2129,0.6027746319365799,3071,1299,0.4229892543145555,0.07839138466176632,0.013195639701663708
North West,Ward 63705004,NW375,4269,2164,0.5069102834387444,4305,2143,0.4977932636469221,3951,1585,0.4011642622120982,-0.009117019791822334,0.008432888264230609
North West,Ward 63705005,NW375,4663,2349,0.5037529487454429,3423,1912,0.5585743499853929,3500,1528,0.4365714285714285,0.05482140123995005,-0.2659232253913789
North West,Ward 63705006,NW375,4098,2025,0.49414348462664714,3935,2207,0.560864040660737,3730,1720,0.4611260053619302,0.06672055603408988,-0.03977550024402143
North West,Ward 63705007,NW375,3928,1659,0.4223523421588595,3541,1441,0.4069471900593053,3184,1106,0.3473618090452261,-0.015405152099554176,-0.09852342158859473
North West,Ward 63705008,NW375,4856,2538,0.5226523887973641,3735,1965,0.5261044176706827,3533,1682,0.4760826493065384,0.0034520288733186355,-0.23084843492586493
North West,Ward 63705009,NW375,4618,2078,0.44997834560415767,3579,1749,0.4886839899413244,4048,1408,0.3478260869565217,0.03870564433716672,-0.22498917280207886
North West,Ward 63705010,NW375,4171,1949,0.46727403500359627,3446,1677,0.4866511897852583,3455,2346,0.6790159189580318,0.01937715478166202,-0.17381922800287697
North West,Ward 63705011,NW375,3247,2042,0.6288882044964582,3514,2169,0.6172453044963006,3396,1518,0.4469964664310954,-0.011642900000157663,0.08222975053895909
North West,Ward 63705012,NW375,3114,1674,0.5375722543352601,3315,1744,0.5260935143288085,3146,1634,0.5193897012078831,-0.01147874000645166,0.06454720616570331
North West,Ward 63705013,NW375,3092,1392,0.4501940491591203,3073,1291,0.4201106410673609,3038,854,0.2811059907834101,-0.03008340809175941,-0.006144890038809803
North West,Ward 63705014,NW375,4090,1579,0.3860635696821516,3028,1449,0.4785336856010568,3133,755,0.2409830833067347,0.0924701159189052,-0.2596577017114915
North West,Ward 63705015,NW375,4313,3397,0.7876188268026896,3861,2107,0.5457135457135457,2726,1144,0.4196625091709464,-0.2419052810891439,-0.1047994435427777
North West,Ward 63705016,NW375,3993,1438,0.36013022789882293,4186,2164,0.5169612995699953,4427,1523,0.3440252992997515,0.15683107167117233,0.04833458552466818
North West,Ward 63705017,NW375,4047,1891,0.46725969854212995,3415,1851,0.5420204978038068,3195,1240,0.3881064162754303,0.07476079926167684,-0.15616506053867063
North West,Ward 63705018,NW375,3283,1636,0.49832470301553455,3419,1773,0.5185726820707809,4354,1789,0.4108865411116215,0.020247979055246335,0.04142552543405431
North West,Ward 63705019,NW375,4021,2183,0.5428997761750808,3736,2108,0.5642398286937902,2476,1147,0.4632471728594507,0.021340052518709407,-0.0708778910718727
North West,Ward 63705020,NW375,3547,1818,0.5125458133634057,3479,1959,0.5630928427709112,3271,1294,0.3955976765515133,0.05054702940750555,-0.019171130532844693
North West,Ward 63705021,NW375,4340,2320,0.5345622119815668,4314,2382,0.5521557719054242,4416,1761,0.3987771739130434,0.01759355992385736,-0.005990783410138256
North West,Ward 63705022,NW375,3982,2017,0.50652938221999,3539,1759,0.4970330601864933,3488,1206,0.3457568807339449,-0.009496322033496707,-0.11125062782521344
North West,Ward 63705023,NW375,3703,1804,0.4871725627869295,3390,1671,0.4929203539823009,3146,1248,0.396694214876033,0.005747791195371388,-0.08452605995139073
North West,Ward 63705024,NW375,2922,1462,0.5003422313483915,3742,1891,0.505344735435596,3599,1314,0.3651014170602945,0.005002504087204485,0.2806297056810403
North West,Ward 63705025,NW375,4008,1880,0.469061876247505,4016,1827,0.4549302788844621,3797,1476,0.3887279431129839,-0.014131597363042925,0.001996007984031989
North West,Ward 63705026,NW375,3807,1991,0.5229839768846861,4266,1903,0.4460853258321612,3275,1580,0.482442748091603,-0.07689865105252491,0.12056737588652489
North West,Ward 63705027,NW375,4558,2300,0.5046072838964458,3742,1975,0.5277926242650989,4253,1659,0.3900775922877968,0.02318534036865305,-0.1790258885476086
North West,Ward 63705028,NW375,3637,1707,0.46934286499862526,4266,2313,0.5421940928270043,4205,1516,0.3605231866825208,0.072851227828379,0.17294473467143257
North West,Ward 63705029,NW375,4219,2403,0.5695662479260488,3653,2002,0.5480427046263345,3399,1592,0.4683730508973227,-0.021523543299714287,-0.13415501303626454
North West,Ward 63705030,NW375,3389,1721,0.5078194157568604,3731,2121,0.5684803001876173,4168,1573,0.3773992322456814,0.0606608844307569,0.1009147241074062
North West,Ward 63705031,NW375,3177,1520,0.47843877872206486,3726,1859,0.4989264626945786,3124,1283,0.4106914212548015,0.020487683972513715,0.17280453257790374
North West,Ward 63801001,NW381,3502,2188,0.624785836664763,4036,2273,0.563181367690783,3878,1921,0.4953584321815368,-0.061604468973979976,0.15248429468874924
North West,Ward 63801002,NW381,3791,2078,0.5481403323661304,3897,2122,0.5445214267385168,3754,1683,0.44832179009057,-0.003618905627613578,0.02796096016882088
North West,Ward 63801003,NW381,3446,1876,0.5443993035403366,3574,1775,0.4966424174594292,3311,1285,0.388100271821202,-0.04775688608090739,0.037144515380150844
North West,Ward 63801004,NW381,3635,2023,0.5565337001375515,4109,2500,0.6084205402774397,4102,2209,0.538517796196977,0.0518868401398882,0.1303988995873453
North West,Ward 63801005,NW381,2672,1440,0.5389221556886228,3274,1463,0.4468540012217471,3122,1274,0.4080717488789238,-0.09206815446687566,0.22529940119760483
North West,Ward 63801006,NW381,3279,1803,0.5498627630375115,3111,1673,0.537769206043073,3387,1465,0.4325361677000295,-0.012093556994438481,-0.0512351326623971
North West,Ward 63801007,NW381,3404,1797,0.5279083431257344,3392,1701,0.5014740566037735,3130,1392,0.4447284345047923,-0.026434286521960892,-0.003525264394829586
North West,Ward 63801008,NW381,3407,2227,0.6536542412679777,3963,1909,0.4817057784506687,2834,1349,0.4760056457304163,-0.17194846281730897,0.16319342530085112
North West,Ward 63801009,NW381,3167,1679,0.530154720555731,3492,1811,0.5186139747995419,3602,1357,0.3767351471404775,-0.01154074575618913,0.10262077676034109
North West,Ward 63801010,NW381,3151,1485,0.4712789590606157,2852,1685,0.5908134642356241,4218,1473,0.3492176386913229,0.11953450517500841,-0.0948905109489051
North West,Ward 63801011,NW381,2959,1650,0.5576208178438662,3152,1734,0.5501269035532995,2202,1026,0.4659400544959128,-0.007493914290566672,0.06522473808719154
North West,Ward 63801012,NW381,3451,1869,0.5415821501014199,3700,2039,0.5510810810810811,2966,1295,0.4366149696561024,0.009498930979661258,0.07215299913068685
North West,Ward 63801013,NW381,3526,2014,0.5711854792966534,3469,1870,0.5390602479100606,2929,1259,0.4298395356777057,-0.032125231386592845,-0.01616562677254685
North West,Ward 63801014,NW381,3332,1828,0.5486194477791116,3937,2037,0.5173990347980696,3752,1302,0.3470149253731343,-0.031220412981042056,0.18157262905162064
North West,Ward 63802001,NW382,3313,1849,0.5581044370661032,3552,1269,0.3572635135135135,3329,1250,0.3754881345749474,-0.20084092355258976,0.07214005433142168
North West,Ward 63802002,NW382,3450,1596,0.46260869565217394,3363,1699,0.5052036871840618,3191,1183,0.3707301786273895,0.042594991531887894,-0.025217391304347858
North West,Ward 63802003,NW382,3321,1879,0.5657934357121349,3268,1644,0.5030599755201959,2991,1415,0.4730859244399866,-0.06273346019193904,-0.015959048479373683
North West,Ward 63802004,NW382,3962,2225,0.5615850580514892,3855,2015,0.522697795071336,3606,1496,0.4148641153632834,-0.038887262980153214,-0.027006562342251406
North West,Ward 63802005,NW382,3497,1861,0.5321704317986846,3553,1624,0.4570785251899803,3189,1301,0.4079648792724992,-0.0750919066087043,0.01601372605090079
North West,Ward 63802006,NW382,3507,2093,0.5968063872255489,3683,2017,0.5476513711648113,3415,1525,0.4465592972181552,-0.04915501606073758,0.05018534359851734
North West,Ward 63802007,NW382,3764,2134,0.5669500531349628,3885,2299,0.5917631917631918,3770,1825,0.4840848806366047,0.02481313862822898,0.032146652497343275
North West,Ward 63802008,NW382,3667,2138,0.5830379056449414,3654,2140,0.5856595511767926,3594,2008,0.558708959376739,0.00262164553185118,-0.0035451322607035207
North West,Ward 63802009,NW382,4142,2411,0.5820859488169966,3633,1801,0.4957335535370217,3734,1565,0.419121585431173,-0.0863523952799749,-0.12288749396426846
North West,Ward 63802010,NW382,3234,1896,0.5862708719851577,3040,1504,0.4947368421052631,2977,1252,0.420557608330534,-0.09153402987989462,-0.05998763141620289
North West,Ward 63802011,NW382,1774,1091,0.6149943630214205,3643,1783,0.4894317869887455,4554,1697,0.3726394378568292,-0.125562576032675,1.053551296505073
North West,Ward 63802012,NW382,5214,2807,0.5383582662063675,2918,1275,0.4369431117203564,3441,1301,0.3780877651845394,-0.10141515448601113,-0.44035289604909855
North West,Ward 63802013,NW382,2189,1173,0.5358611238008223,3157,1611,0.5102945834653152,3090,1403,0.4540453074433657,-0.025566540335507093,0.4422110552763818
North West,Ward 63802014,NW382,2872,1417,0.4933844011142061,3623,2060,0.5685895666574662,4019,1753,0.4361781537695944,0.07520516554326007,0.26149025069637877
North West,Ward 63803001,NW383,4029,2148,0.5331347728965004,3780,1946,0.5148148148148148,3702,1242,0.3354943273905997,-0.018319958081685517,-0.06180193596425909
North West,Ward 63803002,NW383,3567,1911,0.535744322960471,3950,1971,0.4989873417721518,3905,1622,0.4153649167733674,-0.036756981188319215,0.1073731426969442
North West,Ward 63803003,NW383,4306,2481,0.5761727821644217,4462,2457,0.550649932765576,4418,2219,0.5022634676324128,-0.02552284939884575,0.03622851834649321
North West,Ward 63803004,NW383,3606,1945,0.5393788130892956,3687,2020,0.5478708977488473,3533,1606,0.4545711859609397,0.008492084659551757,0.022462562396006636
North West,Ward 63803005,NW383,4091,1941,0.47445612319726227,3775,1697,0.4495364238410596,3280,1002,0.3054878048780488,-0.024919699356202696,-0.07724272793937914
North West,Ward 63803006,NW383,4343,2243,0.5164632742344002,3740,2028,0.5422459893048128,2923,1117,0.3821416353061923,0.025782715070412632,-0.13884411696983656
North West,Ward 63803007,NW383,4428,2200,0.4968383017163505,3891,1903,0.489077358005654,3910,1373,0.3511508951406649,-0.007760943710696522,-0.12127371273712739
North West,Ward 63803008,NW383,3326,1270,0.38184004810583283,3594,1351,0.3759042849193099,5375,1484,0.276093023255814,-0.0059357631865229465,0.08057726999398684
North West,Ward 63803009,NW383,4342,2545,0.5861354214647628,3625,2004,0.5528275862068965,4175,1933,0.4629940119760479,-0.03330783525786629,-0.165131275909719
North West,Ward 63803010,NW383,3689,1658,0.44944429384657086,4290,1677,0.3909090909090909,2849,899,0.3155493155493155,-0.05853520293747999,0.1629167796150719
North West,Ward 63803011,NW383,3460,1628,0.4705202312138728,3587,1676,0.4672428212991357,3360,1105,0.3288690476190476,-0.0032774099147371283,0.03670520231213881
North West,Ward 63803012,NW383,4557,2017,0.4426157559798113,4338,1831,0.4220839096357768,4219,1106,0.2621474283005451,-0.020531846344034488,-0.04805793285055959
North West,Ward 63803013,NW383,4506,2108,0.467820683533067,2944,1429,0.4853940217391304,4098,1498,0.365544167886774,0.017573338206063382,-0.3466489125610297
North West,Ward 63803014,NW383,4410,2209,0.500907029478458,4363,1850,0.4240201696080678,4095,1284,0.3135531135531135,-0.07688685987039018,-0.010657596371882128
North West,Ward 63803015,NW383,3698,1975,0.5340724716062737,3737,1960,0.5244848809205245,3474,1328,0.3822682786413356,-0.009587590685749214,0.010546241211465635
North West,Ward 63803016,NW383,4358,2018,0.46305644791188616,3275,1722,0.5258015267175572,3369,1062,0.315227070347284,0.06274507880567104,-0.24850849013308862
North West,Ward 63803017,NW383,4456,2280,0.5116696588868941,3299,1895,0.5744164898454077,3492,1728,0.4948453608247423,0.06274683095851363,-0.25964991023339323
North West,Ward 63803018,NW383,3473,1801,0.5185718399078606,4141,2038,0.4921516541898092,3896,1435,0.3683264887063655,-0.02642018571805138,0.19234091563489786
North West,Ward 63803019,NW383,3526,2000,0.5672149744753261,3837,1929,0.5027365129007036,3464,1296,0.3741339491916859,-0.06447846157462245,0.08820192853091324
North West,Ward 63803020,NW383,4284,2181,0.5091036414565826,4204,2149,0.5111798287345385,4952,1671,0.3374394184168013,0.0020761872779558876,-0.01867413632119519
North West,Ward 63803021,NW383,3935,2132,0.5418043202033037,3690,1855,0.502710027100271,3467,1142,0.3293914046726276,-0.039094293103032696,-0.06226175349428209
North West,Ward 63803022,NW383,4413,2734,0.6195331973714027,3989,1991,0.499122587114565,4465,1819,0.4073908174692049,-0.12041061025683769,-0.09607976433265353
North West,Ward 63803023,NW383,4470,2819,0.6306487695749441,4125,2334,0.5658181818181818,3968,1789,0.4508568548387097,-0.06483058775676231,-0.07718120805369133
North West,Ward 63803024,NW383,4336,2364,0.5452029520295203,3986,2138,0.5363773206221776,3810,1705,0.44750656167979,-0.008825631407342716,-0.080719557195572
North West,Ward 63803025,NW383,3806,2107,0.5535995796111403,3940,2071,0.5256345177664975,3807,1712,0.4496979248752298,-0.027965061844642758,0.03520756699947447
North West,Ward 63803026,NW383,4088,2305,0.5638454011741683,4138,2197,0.5309328177863702,4008,1687,0.4209081836327345,-0.03291258338779801,0.012230919765166437
North West,Ward 63803027,NW383,3521,1988,0.5646123260437376,3531,2063,0.5842537524780516,3516,1589,0.45193401592719,0.01964142643431399,0.0028401022436808088
North West,Ward 63803028,NW383,3701,1551,0.41907592542556066,3771,1757,0.465924158048263,4291,1328,0.3094849685388021,0.046848232622702324,0.0189138070791679
North West,Ward 63803029,NW383,3716,1990,0.5355220667384284,3530,1923,0.5447592067988668,3529,1456,0.4125814678379144,0.009237140060438409,-0.05005382131323999
North West,Ward 63803030,NW383,3617,1774,0.49046170859828586,4238,1866,0.4403020292590844,2856,1106,0.3872549019607843,-0.05015967933920146,0.17168924523085427
North West,Ward 63803031,NW383,4034,2192,0.5433812592959841,3526,1842,0.5224049914917753,3324,1067,0.3209987966305656,-0.020976267804208804,-0.1259295984134854
North West,Ward 63804001,NW384,2910,1590,0.5463917525773195,3034,1352,0.4456163480553724,2801,1087,0.3880756872545519,-0.10077540452194711,0.04261168384879732
North West,Ward 63804002,NW384,3114,1728,0.5549132947976878,3212,1580,0.4919053549190536,2707,1191,0.439970446989287,-0.06300793987863423,0.031470777135516936
North West,Ward 63804003,NW384,3004,1735,0.5775632490013316,3760,2107,0.560372340425532,3951,1967,0.4978486459124272,-0.017190908575799635,0.25166444740346194
North West,Ward 63804004,NW384,4025,2369,0.5885714285714285,3708,1899,0.5121359223300971,5680,2454,0.4320422535211267,-0.07643550624133144,-0.07875776397515533
North West,Ward 63804005,NW384,4361,2700,0.6191240541160284,3971,2008,0.5056660790732813,1713,796,0.4646818447168709,-0.11345797504274713,-0.08942903003898184
North West,Ward 63804006,NW384,3651,2063,0.5650506710490276,4030,2564,0.6362282878411911,3887,2240,0.5762799073835864,0.0711776167921635,0.10380717611613255
North West,Ward 63804007,NW384,2718,1572,0.5783664459161147,3999,2160,0.5401350337584396,3223,1612,0.5001551349674217,-0.038231412157675115,0.4713024282560707
North West,Ward 63804008,NW384,3523,2046,0.580755038319614,3619,2018,0.5576126001657916,3512,1548,0.4407744874715262,-0.02314243815382233,0.027249503264263453
North West,Ward 63804009,NW384,3327,1775,0.5335136759843703,4080,2206,0.5406862745098039,3921,1619,0.4129048712063249,0.0071725985254336155,0.2263300270513977
North West,Ward 63804010,NW384,3649,2217,0.6075637160865991,3667,1745,0.4758658303790564,3453,1435,0.4155806545033304,-0.1316978857075427,0.004932858317347133
North West,Ward 63804011,NW384,3119,1810,0.5803142032702789,4048,1963,0.4849308300395257,3632,1504,0.4140969162995594,-0.09538337323075324,0.2978518756011541
North West,Ward 63804012,NW384,3154,1549,0.49112238427393784,3089,1369,0.443185496924571,3280,1238,0.3774390243902439,-0.04793688734936685,-0.020608750792644237
North West,Ward 63804013,NW384,3113,1389,0.4461933825891423,3352,1684,0.5023866348448688,3345,1108,0.3312406576980568,0.05619325225572647,0.07677481529071639
North West,Ward 63804014,NW384,3312,1942,0.586352657004831,3274,1520,0.4642638973732437,3551,928,0.2613348352576738,-0.12208875963158727,-0.011473429951690872
North West,Ward 63804015,NW384,3114,1905,0.6117533718689788,4088,2068,0.5058708414872799,3813,1826,0.4788880146865985,-0.10588253038169892,0.31278098908156715
North West,Ward 63804016,NW384,3597,1998,0.5554628857381151,3541,1805,0.5097430104490257,3021,1567,0.5187024164184045,-0.045719875289089384,-0.015568529329997194
North West,Ward 63804017,NW384,3697,2058,0.5566675682986205,3179,1347,0.423718150361749,3457,1385,0.4006363899334683,-0.13294941793687154,-0.14011360562618336
North West,Ward 63804018,NW384,3284,1635,0.49786845310596833,3613,1786,0.4943260448380847,3958,1793,0.4530065689742294,-0.0035424082678836566,0.10018270401948848
North West,Ward 63804019,NW384,2937,1653,0.5628192032686414,3370,1582,0.4694362017804154,2743,1317,0.4801312431644185,-0.09338300148822604,0.14742934967654064
North West,Ward 63804020,NW384,3279,2054,0.6264104910033547,3682,2179,0.5917979359043998,3773,2310,0.6122448979591837,-0.03461255509895489,0.12290332418420258
North West,Ward 63805001,NW385,2811,1465,0.5211668445393098,3516,1937,0.550910125142207,3017,1292,0.428239973483593,0.029743280602897215,0.25080042689434356
North West,Ward 63805002,NW385,3358,1838,0.5473496128648004,3457,1846,0.5339890078102401,4031,1635,0.4056065492433639,-0.013360605054560382,0.029481834425253206
North West,Ward 63805003,NW385,2722,1456,0.5349008082292432,4122,2436,0.5909752547307132,3182,1531,0.4811439346323067,0.05607444650146998,0.5143277002204261
North West,Ward 63805004,NW385,2896,1492,0.5151933701657458,3928,1889,0.4809063136456212,3396,1547,0.4555359246171967,-0.03428705652012465,0.3563535911602209
North West,Ward 63805005,NW385,2962,1586,0.5354490209318028,4089,2202,0.5385179750550256,3880,2222,0.572680412371134,0.0030689541232228335,0.38048615800135055
North West,Ward 63805006,NW385,2842,1448,0.5095003518648838,3398,1677,0.4935256032960565,3879,1611,0.4153132250580046,-0.015974748568827357,0.19563687543983121
North West,Ward 63805007,NW385,3731,2164,0.5800053604931654,3818,1958,0.5128339444735464,3720,2194,0.5897849462365592,-0.06717141601961907,0.02331814526936471
North West,Ward 63805008,NW385,3089,1922,0.6222078342505665,3181,1772,0.557057529078906,4305,2482,0.5765389082462253,-0.06515030517166043,0.02978310132729045
North West,Ward 63805009,NW385,3435,1750,0.5094614264919942,3207,1661,0.5179295291549735,3271,1377,0.4209721797615408,0.00846810266297926,-0.06637554585152838
North West,Ward 63805010,NW385,3289,1355,0.41197932502280327,3130,1504,0.4805111821086262,3179,1164,0.3661528782636049,0.06853185708582293,-0.048342961386439676
North West,Ward 63805011,NW385,3587,1826,0.5090604962364093,3211,1584,0.4933042665836188,3609,1449,0.4014962593516209,-0.015756229652790443,-0.10482297184276557
North West,Ward 63805012,NW385,3202,1718,0.5365396627108058,4070,2001,0.4916461916461916,3296,1473,0.4469053398058252,-0.044893471064614165,0.27108057464084956
North West,Ward 63805013,NW385,3554,1743,0.4904333145751266,3357,1653,0.4924039320822163,3989,2036,0.5104036099273,0.001970617507089656,-0.05543050084411927
North West,Ward 63805014,NW385,3278,1974,0.602196461256864,3886,1866,0.4801852804940813,3341,1582,0.4735109248727925,-0.12201118076278267,0.18547895057962172
North West,Ward 63805015,NW385,3885,1906,0.4906048906048906,3548,2151,0.6062570462232244,3973,2062,0.5190032720865845,0.11565215561833381,-0.08674388674388678
North West,Ward 63805016,NW385,3539,2150,0.6075162475275502,3931,1997,0.5080132281862122,4282,2060,0.4810836057916861,-0.09950301934133798,0.11076575303758118
North West,Ward 63805017,NW385,3379,2016,0.5966262207753773,3192,1631,0.5109649122807017,3274,1475,0.450519242516799,-0.08566130849467557,-0.05534181710565256
North West,Ward 63805018,NW385,3222,1700,0.5276225946617008,3507,1898,0.5412033076703735,3758,1602,0.4262905800957956,0.013580713008672696,0.08845437616387342
North West,Ward 63805019,NW385,3110,1513,0.4864951768488746,4195,2720,0.6483909415971395,3039,2000,0.6581112207963146,0.1618957647482649,0.3488745980707395
North West,Ward 63902001,NW392,3592,2076,0.5779510022271714,3759,2152,0.5724926842245278,3908,1974,0.5051177072671443,-0.005458318002643625,0.046492204899777345
North West,Ward 63902002,NW392,3134,1592,0.5079770261646458,3633,1980,0.5450041288191577,3580,1603,0.4477653631284916,0.03702710265451192,0.1592214422463305
North West,Ward 63902003,NW392,2476,1677,0.6773021001615509,3217,1757,0.5461610195834629,3711,1729,0.4659121530584748,-0.13114108057808804,0.29927302100161546
North West,Ward 63902004,NW392,3772,2285,0.605779427359491,2734,1598,0.584491587417703,3700,1767,0.4775675675675676,-0.021287839941787956,-0.2751855779427359
North West,Ward 63902005,NW392,2576,1284,0.4984472049689441,2990,1358,0.4541806020066889,4620,1635,0.3538961038961039,-0.04426660296225521,0.1607142857142858
North West,Ward 63902006,NW392,3491,1938,0.5551417931824693,3041,1636,0.5379809273265374,2647,1044,0.3944087646392142,-0.017160865855931906,-0.12890289315382408
North West,Ward 63902007,NW392,3263,2007,0.6150781489426908,4591,3080,0.6708778043999128,3396,1346,0.3963486454652532,0.0557996554572221,0.40698743487588107
North West,Ward 63902008,NW392,3191,1867,0.5850830460670636,2507,1324,0.5281212604706821,2945,1243,0.4220713073005093,-0.05696178559638154,-0.21435286743967408
North West,Ward 63902009,NW392,4272,2230,0.522003745318352,1982,1188,0.5993945509586277,3338,1435,0.4298981426003595,0.07739080564027567,-0.5360486891385767
North West,Ward 63903001,NW393,3008,1916,0.636968085106383,3409,2346,0.6881783514227046,3846,2287,0.5946437857514301,0.05121026631632153,0.13331117021276606
North West,Ward 63903002,NW393,2782,1484,0.5334291876347951,2969,1727,0.5816773324351634,3037,1511,0.4975304576885084,0.04824814480036832,0.067217828900072
North West,Ward 63903003,NW393,3177,1974,0.6213408876298395,3170,1953,0.6160883280757098,3459,2057,0.5946805435096849,-0.005252559554129732,-0.00220333648095683
North West,Ward 63903004,NW393,3379,1944,0.575318141461971,2893,1612,0.5572070515036295,3285,1597,0.4861491628614916,-0.018111089958341542,-0.1438295353654927
North West,Ward 63903005,NW393,2921,1793,0.6138308798356727,2965,1745,0.5885328836424958,3519,1778,0.5052571753339017,-0.025297996193176964,0.015063334474495038
North West,Ward 63903006,NW393,3458,1875,0.5422209369577791,3330,1866,0.5603603603603604,3049,1406,0.4611347982945228,0.018139423402581345,-0.037015615962984416
North West,Ward 63903007,NW393,3054,1916,0.627373935821873,3911,2219,0.5673740731270774,4171,1930,0.4627187724766243,-0.059999862694795514,0.28061558611656845
North West,Ward 63903008,NW393,3355,1754,0.5228017883755589,2994,1694,0.5657982631930528,3741,2026,0.541566426089281,0.04299647481749391,-0.10760059612518624
North West,Ward 63904001,NW394,2965,1640,0.5531197301854974,3813,2340,0.6136900078678206,3789,2240,0.5911850092372658,0.06057027768232315,0.2860033726812816
North West,Ward 63904002,NW394,3727,2119,0.5685537966192649,3567,2170,0.6083543594056631,3301,1784,0.5404422902150864,0.03980056278639821,-0.042929970485645286
North West,Ward 63904003,NW394,3222,1497,0.46461824953445063,4213,2541,0.6031331592689295,3957,1627,0.4111700783421784,0.13851490973447889,0.30757293606455627
North West,Ward 63904004,NW394,3020,1829,0.6056291390728477,3548,2023,0.5701803833145435,3376,1867,0.553021327014218,-0.035448755758304196,0.1748344370860928
North West,Ward 63904005,NW394,3340,1744,0.5221556886227545,4263,2448,0.5742434904996482,4144,1750,0.4222972972972973,0.05208780187689366,0.2763473053892216
North West,Ward 63904006,NW394,3678,2086,0.5671560630777597,3594,2007,0.5584307178631052,3525,1969,0.558581560283688,-0.008725345214654512,-0.022838499184339334
North West,Ward 63904007,NW394,2630,1371,0.5212927756653992,3873,2308,0.5959204750839143,4189,1965,0.4690857006445452,0.0746276994185151,0.47262357414448664
North West,Ward 63904008,NW394,3235,1762,0.5446676970633694,4199,2447,0.5827577994760658,4167,1960,0.4703623710103192,0.03809010241269639,0.2979907264296755
North West,Ward 63904009,NW394,3621,1796,0.495995581331124,4223,2283,0.5406109400899834,3930,1908,0.4854961832061069,0.04461535875885947,0.16625241645954159
North West,Ward 63904010,NW394,3545,1600,0.4513399153737659,3493,1693,0.4846836530203263,4194,1725,0.4113018597997139,0.0333437376465604,-0.01466854724964739
North West,Ward 63904011,NW394,1944,1090,0.5606995884773662,3195,1427,0.4466353677621283,3361,1386,0.4123772686700386,-0.11406422071523792,0.6435185185185186
North West,Ward 63904012,NW394,3342,1372,0.41053261520047873,3780,2200,0.582010582010582,3830,1581,0.4127937336814621,0.17147796681010324,0.13105924596050267
North West,Ward 63904013,NW394,3127,1680,0.5372561560601216,4181,2366,0.5658933269552738,3674,1516,0.4126292868807839,0.028637170895152275,0.33706427886152857
North West,Ward 63904014,NW394,3270,1894,0.5792048929663609,3454,1939,0.5613781123335263,3075,1426,0.463739837398374,-0.017826780632834605,0.05626911314984717
North West,Ward 63904015,NW394,3594,1870,0.5203116304952699,3236,1752,0.5414091470951793,3015,1459,0.4839137645107794,0.02109751659990944,-0.0996104618809126
North West,Ward 63904016,NW394,3568,2040,0.5717488789237668,4189,2377,0.5674385294819766,3086,1624,0.5262475696694751,-0.004310349441790207,0.17404708520179368
North West,Ward 63904017,NW394,3208,1886,0.5879052369077307,4125,2293,0.5558787878787879,4377,2266,0.5177061914553347,-0.032026449028942805,0.2858478802992519
North West,Ward 63904018,NW394,3696,2182,0.5903679653679653,3917,2272,0.5800357416390094,3763,1913,0.5083709806005846,-0.010332223728955925,0.059794372294372344
North West,Ward 63904019,NW394,3389,1695,0.5001475361463559,3477,1845,0.5306298533218292,3643,1578,0.4331594839418062,0.03048231717547334,0.025966361758630763
North West,Ward 63904020,NW394,3502,2011,0.5742432895488292,3489,1908,0.5468615649183147,3276,1589,0.485042735042735,-0.02738172463051447,-0.003712164477441493
North West,Ward 63904021,NW394,3924,2026,0.5163098878695209,3152,1866,0.5920050761421319,3154,1858,0.5890932149651237,0.07569518827261101,-0.19673802242609584
North West,Ward 63904022,NW394,3216,1830,0.5690298507462687,3556,1889,0.531214848143982,3423,1712,0.5001460706982179,-0.03781500260228665,0.10572139303482597
North West,Ward 63904023,NW394,2694,1255,0.4658500371195249,3245,2014,0.6206471494607088,3098,1709,0.5516462233699161,0.15479711234118387,0.20452858203415003
North West,Ward 63904024,NW394,3724,2026,0.5440386680988185,3764,2224,0.5908607863974495,3851,2051,0.5325889379381978,0.04682211829863103,0.01074113856068748
North West,Ward 63906001,NW396,3056,1994,0.6524869109947644,3271,1953,0.5970651177010089,3350,1689,0.5041791044776119,-0.05542179329375552,0.07035340314136129
North West,Ward 63906002,NW396,2529,1526,0.6034005535784895,2804,1509,0.5381597717546363,2697,1311,0.4860956618464961,-0.06524078182385329,0.10873863187030453
North West,Ward 63906003,NW396,3199,1791,0.5598624570178181,3034,1596,0.5260382333553065,2955,1592,0.5387478849407783,-0.03382422366251159,-0.05157861831822441
North West,Ward 63906004,NW396,2541,1665,0.6552538370720189,3107,1953,0.628580624396524,3631,2095,0.5769760396584963,-0.02667321267549494,0.22274695001967726
North West,Ward 63906005,NW396,3729,2137,0.5730758916599624,2736,1529,0.5588450292397661,3573,1510,0.42261404981808,-0.014230862420196333,-0.2662912308930008
North West,Ward 63906006,NW396,2778,1387,0.49928005759539235,2817,1506,0.5346112886048988,3583,1540,0.4298074239464136,0.03533123100950647,0.014038876889848728
North West,Ward 63906007,NW396,4293,2517,0.5863032844164919,3104,1970,0.6346649484536082,3876,1659,0.4280185758513932,0.04836166403711628,-0.27696249708828324
North West,Ward 63907001,NW397,3340,1997,0.5979041916167664,3970,2319,0.5841309823677582,3556,1807,0.5081552305961755,-0.013773209249008267,0.18862275449101795
North West,Ward 63907002,NW397,2897,1447,0.4994822229892993,2821,1157,0.4101382488479262,3235,1364,0.4216383307573416,-0.08934397414137307,-0.026234035208836715
North West,Ward 63907003,NW397,3442,1703,0.4947704822777455,3961,1815,0.4582176218126735,2994,1118,0.3734134936539746,-0.036552860465072,0.1507844276583381
North West,Ward 63907004,NW397,3243,1786,0.5507246376811594,3659,1885,0.51516807871003,3607,1155,0.3202107014139174,-0.035556558971129415,0.12827628738822083
North West,Ward 63907005,NW397,2865,1444,0.5040139616055846,3297,1592,0.4828632089778586,3196,1305,0.4083229036295369,-0.021150752627726033,0.15078534031413615
North West,Ward 63907006,NW397,3424,2043,0.5966705607476636,3577,1984,0.5546547386077719,3411,1739,0.5098211668132513,-0.042015822139891634,0.0446845794392523
North West,Ward 63907007,NW397,3701,2054,0.5549851391515807,3979,2041,0.5129429504900729,4015,1629,0.4057285180572851,-0.04204218866150777,0.07511483382869488
North West,Ward 63907008,NW397,3407,1762,0.5171705312591723,3264,1575,0.4825367647058823,3257,1639,0.5032238256063862,-0.034633766553290035,-0.041972409744643335
North West,Ward 63907009,NW397,3385,1625,0.48005908419497784,3320,1657,0.4990963855421687,3075,1237,0.4022764227642276,0.019037301347190838,-0.019202363367799125
North West,Ward 63907010,NW397,3537,1623,0.458863443596268,4289,2260,0.5269293541618093,4269,1957,0.458421175919419,0.06806591056554129,0.2126095561210064
North West,Ward 63907011,NW397,3440,1582,0.45988372093023255,3494,1697,0.4856897538637664,3513,1519,0.4323939652718474,0.02580603293353384,0.01569767441860459
North West,Ward 63907012,NW397,3411,1502,0.44034007622398125,3319,1542,0.4645977704127749,3169,864,0.2726412117387188,0.024257694188793644,-0.026971562591615372
North West,Ward 63907013,NW397,2808,1695,0.6036324786324786,3235,1823,0.5635239567233384,4539,2323,0.5117867371667768,-0.04010852190914016,0.15206552706552712
North West,Ward 63907014,NW397,3474,2079,0.5984455958549223,3802,2062,0.5423461336138874,3748,1603,0.4276947705442903,-0.0560994622410349,0.0944156591824985
North West,Ward 63907015,NW397,2890,1665,0.5761245674740484,3301,2039,0.6176916086034535,3227,1348,0.4177254415866129,0.041567041129405125,0.1422145328719724
North West,Ward 64003001,NW403,5121,2847,0.5559461042765085,5504,3030,0.5505087209302325,5389,2020,0.3748376322137688,-0.00543738334627597,0.07479008006248788
North West,Ward 64003002,NW403,6905,4691,0.6793627805937726,5039,3079,0.6110339353046239,4671,1839,0.3937058445728966,-0.06832884528914873,-0.27023895727733527
North West,Ward 64003003,NW403,5038,2822,0.5601429138547043,5339,3084,0.5776362614721858,5393,2658,0.4928611162618209,0.01749334761748156,0.05974593092497016
North West,Ward 64003004,NW403,5956,3755,0.630456682337139,5750,3333,0.5796521739130435,6368,2780,0.4365577889447236,-0.05080450842409556,-0.03458697112155806
North West,Ward 64003005,NW403,6182,3881,0.6277903591070851,4313,2557,0.5928587989798284,4487,2047,0.4562068197013594,-0.03493156012725673,-0.30232934325461014
North West,Ward 64003006,NW403,5873,3417,0.5818150859867189,4338,2479,0.5714615029967727,4234,1906,0.4501653282947567,-0.010353582989946264,-0.26136557125830073
North West,Ward 64003007,NW403,5950,3528,0.5929411764705882,4262,2692,0.6316283435007038,4239,1796,0.4236848313281434,0.038687167030115654,-0.2836974789915966
North West,Ward 64003008,NW403,4773,2953,0.6186884558977582,6159,3305,0.5366130865400227,5613,2301,0.4099412079102084,-0.08207536935773552,0.2903834066624764
North West,Ward 64003009,NW403,5501,3377,0.6138883839301945,5195,2902,0.558614051973051,4332,1756,0.4053554939981533,-0.055274331957143485,-0.05562624977276853
North West,Ward 64003010,NW403,4755,2898,0.6094637223974764,4616,2752,0.5961871750433275,4093,1608,0.3928658685560713,-0.013276547354148849,-0.029232386961093537
North West,Ward 64003011,NW403,5096,2960,0.5808477237048666,4855,2565,0.5283213182286303,4510,1720,0.3813747228381374,-0.052526405476236326,-0.04729199372056514
North West,Ward 64003012,NW403,5696,3684,0.6467696629213483,4475,2742,0.6127374301675977,4594,2025,0.4407923378319547,-0.03403223275375056,-0.2143609550561798
North West,Ward 64003013,NW403,4652,2527,0.5432072226999141,4756,2241,0.4711942809083263,4463,1792,0.4015236388079767,-0.07201294179158774,0.022355975924333693
North West,Ward 64003014,NW403,4665,2731,0.5854233654876742,4922,2735,0.5556684274685088,4675,1967,0.4207486631016043,-0.0297549380191654,0.05509110396570205
North West,Ward 64003015,NW403,5961,3508,0.5884918637812447,5555,3409,0.6136813681368137,6086,3107,0.510515938218863,0.025189504355568992,-0.0681093776212045
North West,Ward 64003016,NW403,4213,2551,0.6055067647756943,4589,3271,0.7127914578339507,4801,2920,0.6082066236200792,0.10728469305825639,0.08924756705435555
North West,Ward 64003017,NW403,5977,3957,0.6620378116111761,6490,4613,0.7107858243451464,6182,3794,0.6137172436104821,0.048748012733970225,0.08582901120963693
North West,Ward 64003018,NW403,5635,3285,0.582963620230701,4396,2485,0.5652866242038217,4158,1899,0.4567099567099567,-0.017676996026879332,-0.21987577639751554
North West,Ward 64003019,NW403,5206,2779,0.5338071456012293,5477,3016,0.550666423224393,5337,2559,0.4794828555368184,0.016859277623163638,0.05205532078371111
North West,Ward 64003020,NW403,4315,2312,0.5358053302433372,3933,2032,0.516653953724892,3608,1393,0.3860864745011086,-0.01915137651844523,-0.08852838933951335
North West,Ward 64003021,NW403,4338,1595,0.36768095896726605,4030,1403,0.3481389578163771,3549,918,0.2586644125105664,-0.019542001150888944,-0.07100046104195479
North West,Ward 64003022,NW403,6175,3013,0.4879352226720648,4870,2228,0.4574948665297741,4903,1846,0.3765041811136039,-0.03044035614229068,-0.21133603238866394
North West,Ward 64003023,NW403,5025,2650,0.527363184079602,5400,2883,0.5338888888888889,5408,1836,0.3394970414201183,0.006525704809286825,0.07462686567164178
North West,Ward 64003024,NW403,4980,2915,0.5853413654618473,4916,2623,0.5335638730675346,4464,1625,0.3640232974910394,-0.05177749239431273,-0.012851405622489986
North West,Ward 64003025,NW403,4677,2506,0.5358135556980971,4971,2486,0.5001005833836251,4621,1751,0.3789223111880545,-0.035712972314472013,0.0628608082103912
North West,Ward 64003026,NW403,5017,2676,0.5333864859477776,4890,2535,0.5184049079754601,4348,1696,0.390064397424103,-0.014981577972317472,-0.02531393262906123
North West,Ward 64003027,NW403,5098,3002,0.5888583758336603,5099,2746,0.5385369680329476,4686,1667,0.3557405036278275,-0.0503214078007127,0.0001961553550411388
North West,Ward 64003028,NW403,4504,2344,0.5204262877442274,4945,2656,0.537108190091001,4658,1974,0.4237870330613997,0.01668190234677358,0.09791296625222023
North West,Ward 64003029,NW403,5243,2547,0.48579057791340835,4456,2373,0.53254039497307,4002,1686,0.4212893553223388,0.04674981705966169,-0.15010490177379365
North West,Ward 64003030,NW403,5867,3163,0.5391170956195671,5249,2795,0.5324823775957325,4770,2379,0.4987421383647799,-0.00663471802383464,-0.10533492415203682
North West,Ward 64003031,NW403,5399,3078,0.5701055751065012,5449,2842,0.521563589649477,5372,2169,0.4037602382725242,-0.04854198545702415,0.009260974254491572
North West,Ward 64003032,NW403,5397,2688,0.4980544747081712,4159,2178,0.5236835777831209,3748,1413,0.3770010672358591,0.0256291030749497,-0.22938669631276631
North West,Ward 64003033,NW403,5794,2859,0.4934414911977908,4065,1732,0.4260762607626076,3613,1072,0.2967063382230833,-0.06736523043518322,-0.2984121505005177
North West,Ward 64003034,NW403,4898,2552,0.5210289914250714,4263,2082,0.4883884588318086,3874,1508,0.3892617449664429,-0.03264053259326283,-0.12964475296039202
North West,Ward 64003035,NW403,5089,2639,0.5185694635488308,3996,3428,0.8578578578578578,3932,1644,0.4181078331637843,0.339288394309027,-0.21477696993515427
North West,Ward 64004001,NW404,3032,1528,0.503957783641161,3097,1789,0.5776557959315467,3001,1447,0.4821726091302899,0.07369801229038575,0.021437994722955045
North West,Ward 64004002,NW404,3235,2053,0.6346213292117465,3139,1947,0.6202612296909844,2884,1181,0.409500693481276,-0.014360099520762115,-0.029675425038639847
North West,Ward 64004003,NW404,3403,1926,0.5659712018806935,3043,1719,0.5649030561945448,2932,1415,0.4826057298772169,-0.0010681456861486582,-0.10578900969732585
North West,Ward 64004004,NW404,3109,1814,0.5834673528465745,3331,1837,0.5514860402281597,2998,1412,0.4709806537691794,-0.03198131261841475,0.071405596654873
North West,Ward 64004005,NW404,2846,1448,0.5087842586085735,3713,1943,0.5232965257204417,4036,1983,0.4913280475718533,0.01451226711186826,0.3046380885453268
North West,Ward 64004006,NW404,3203,1736,0.541991882610053,3390,2006,0.591740412979351,3350,1623,0.4844776119402985,0.04974853036929794,0.058382766156727994
North West,Ward 64004007,NW404,2580,1333,0.5166666666666667,2683,1530,0.5702571748043235,2495,1149,0.4605210420841683,0.053590508137656756,0.03992248062015502
North West,Ward 64004008,NW404,3611,2265,0.6272500692328995,3996,2335,0.5843343343343343,3932,1885,0.4793997965412004,-0.04291573489856515,0.10661866518969809
North West,Ward 64004009,NW404,3207,1748,0.5450576863111942,3140,1841,0.5863057324840765,3172,1663,0.5242749054224464,0.04124804617288225,-0.02089179918927342
North West,Ward 64004010,NW404,3157,1838,0.5821982895153627,3914,2192,0.5600408788962699,4017,1762,0.4386357978590988,-0.02215741061909282,0.2397846056382642
North West,Ward 64004011,NW404,3743,2341,0.625434143734972,4029,2255,0.5596922313229089,3785,1854,0.4898282694848084,-0.06574191241206306,0.07640929735506274
Northern Cape,Ward 30601001,NC061,1548,1045,0.6750645994832042,1553,897,0.5775917578879588,1250,825,0.66,-0.09747284159524539,0.00322997416020665
Northern Cape,Ward 30601002,NC061,1933,1051,0.5437144335230212,1829,910,0.4975396391470749,1054,576,0.5464895635673624,-0.04617479437594629,-0.0538023797206415
Northern Cape,Ward 30601003,NC061,1653,978,0.5916515426497277,1783,1094,0.6135726303982053,1559,880,0.5644644002565747,0.021921087748477563,0.07864488808227454
Northern Cape,Ward 30601004,NC061,1962,1403,0.7150866462793068,2209,1524,0.6899049343594387,658,551,0.837386018237082,-0.025181711919868177,0.12589194699286432
Northern Cape,Ward 30602001,NC062,3005,1852,0.6163061564059901,3524,2017,0.572360953461975,3458,1851,0.5352805089647195,-0.04394520294401505,0.1727121464226289
Northern Cape,Ward 30602002,NC062,3312,2231,0.6736111111111112,3128,1792,0.5728900255754475,3372,1889,0.5602016607354685,-0.10072108553566361,-0.05555555555555558
Northern Cape,Ward 30602003,NC062,2878,1993,0.6924947880472551,3263,1944,0.5957707631014404,3363,1746,0.5191793041926851,-0.09672402494581467,0.13377345378735228
Northern Cape,Ward 30602004,NC062,2494,1683,0.6748195669607057,2902,1818,0.6264645072363887,2790,1657,0.5939068100358423,-0.04835505972431697,0.16359262229350446
Northern Cape,Ward 30602005,NC062,2763,1953,0.7068403908794788,2880,1645,0.5711805555555556,2824,1466,0.5191218130311614,-0.13565983532392323,0.04234527687296419
Northern Cape,Ward 30602006,NC062,3430,2361,0.6883381924198251,3659,2096,0.5728341076796939,3557,1820,0.5116671352263144,-0.11550408474013119,0.0667638483965014
Northern Cape,Ward 30602007,NC062,2702,2174,0.8045891931902295,2907,1861,0.6401788785689715,2994,1830,0.6112224448897795,-0.164410314621258,0.0758697261287935
Northern Cape,Ward 30602008,NC062,3301,1993,0.6037564374431991,3264,1680,0.5147058823529411,3213,1598,0.4973544973544973,-0.08905055509025794,-0.011208724628900324
Northern Cape,Ward 30602009,NC062,3380,2058,0.6088757396449704,3444,1950,0.5662020905923345,3501,1957,0.5589831476720937,-0.04267364905263593,0.018934911242603603
Northern Cape,Ward 30604001,NC064,1529,1079,0.7056899934597777,1896,1259,0.6640295358649789,1193,830,0.6957250628667225,-0.04166045759479875,0.24002616088947026
Northern Cape,Ward 30604002,NC064,1934,1439,0.7440537745604964,2069,1416,0.6843885935234413,1421,1026,0.7220267417311752,-0.05966518103705509,0.06980351602895563
Northern Cape,Ward 30604003,NC064,1816,1295,0.7131057268722467,1642,1028,0.6260657734470159,1092,776,0.7106227106227107,-0.08703995342523085,-0.0958149779735683
Northern Cape,Ward 30604004,NC064,1659,1237,0.7456298975286317,1728,1265,0.7320601851851852,1305,961,0.7363984674329502,-0.013569712343446505,0.041591320072332794
Northern Cape,Ward 30605001,NC065,2678,1897,0.7083644510828977,3044,1972,0.6478318002628121,2425,1266,0.5220618556701031,-0.06053265082008563,0.13666915608663177
Northern Cape,Ward 30605002,NC065,2802,1880,0.6709493219129193,3029,1877,0.6196764608781776,2836,1525,0.5377291960507757,-0.05127286103474171,0.08101356174161323
Northern Cape,Ward 30605003,NC065,2294,1569,0.6839581517000872,2435,1681,0.6903490759753593,2354,1513,0.6427357689039932,0.006390924275272103,0.06146469049694847
Northern Cape,Ward 30605004,NC065,2346,1601,0.6824381926683717,2483,1696,0.6830447039871124,1651,1239,0.7504542701393095,0.0006065113187406768,0.05839727195225919
Northern Cape,Ward 30605005,NC065,2210,1583,0.716289592760181,2348,1588,0.676320272572402,2222,1460,0.6570657065706571,-0.03996932018777899,0.06244343891402715
Northern Cape,Ward 30606001,NC066,1943,1413,0.7272259392691713,2059,1294,0.6284604176784847,1779,1048,0.5890949971894323,-0.09876552159068663,0.05970149253731338
Northern Cape,Ward 30606002,NC066,1787,1442,0.8069390039171797,2009,1339,0.6665007466401195,1925,1195,0.6207792207792208,-0.14043825727706016,0.12423055400111926
Northern Cape,Ward 30606003,NC066,1341,823,0.6137211036539896,1222,654,0.5351882160392799,729,387,0.5308641975308642,-0.07853288761470967,-0.08873974645786731
Northern Cape,Ward 30606004,NC066,1728,1233,0.7135416666666666,1945,1221,0.6277634961439589,1520,920,0.6052631578947368,-0.08577817052270775,0.12557870370370372
Northern Cape,Ward 30607001,NC067,1754,1295,0.7383124287343216,1621,1002,0.6181369524984578,1231,863,0.7010560519902518,-0.12017547623586378,-0.0758266818700114
Northern Cape,Ward 30607002,NC067,1676,1279,0.763126491646778,1621,917,0.5657001850709439,1526,924,0.6055045871559633,-0.19742630657583415,-0.03281622911694515
Northern Cape,Ward 30607003,NC067,1777,1250,0.7034327518289252,1919,1211,0.6310578426263679,1461,844,0.5776865160848734,-0.07237490920255729,0.079909960607766
Northern Cape,Ward 30607004,NC067,1666,886,0.531812725090036,1968,983,0.4994918699186992,1235,488,0.3951417004048583,-0.03232085517133676,0.18127250900360137
Northern Cape,Ward 30701001,NC071,2686,1870,0.6962025316455697,2780,1918,0.6899280575539568,1240,775,0.625,-0.006274474091612858,0.034996276991809294
Northern Cape,Ward 30701002,NC071,2351,1717,0.7303275202041685,2424,1712,0.7062706270627063,1898,1101,0.5800842992623815,-0.0240568931414622,0.031050616758826033
Northern Cape,Ward 30701003,NC071,2126,1351,0.6354656632173095,2174,1333,0.6131554737810487,1209,943,0.7799834574028123,-0.02231018943626073,0.022577610536218318
Northern Cape,Ward 30701004,NC071,2006,1454,0.7248255234297108,2329,1545,0.6633748389866896,2411,1304,0.5408544172542513,-0.061450684443021264,0.1610169491525424
Northern Cape,Ward 30702001,NC072,3076,2211,0.7187906371911573,2860,1895,0.6625874125874126,1717,1164,0.6779266161910309,-0.05620322460374472,-0.070221066319896
Northern Cape,Ward 30702002,NC072,2754,1750,0.635439360929557,1801,1204,0.668517490283176,2629,1482,0.5637124381894256,0.03307812935361898,-0.3460421205519245
Northern Cape,Ward 30702003,NC072,2339,1795,0.7674219752030782,1971,1245,0.6316590563165906,1942,1287,0.6627188465499485,-0.13576291888648762,-0.1573321932449765
Northern Cape,Ward 30702004,NC072,3378,2332,0.6903493191237419,3148,2272,0.7217280813214739,1649,1150,0.6973923590054578,0.03137876219773206,-0.06808762581409122
Northern Cape,Ward 30702005,NC072,2407,1673,0.695056086414624,2271,1540,0.6781153676794364,2106,1374,0.6524216524216524,-0.016940718735187654,-0.05650186954715408
Northern Cape,Ward 30703001,NC073,3714,2061,0.5549273021001615,2667,1779,0.6670416197975253,2699,1317,0.4879585031493145,0.1121143176973638,-0.2819063004846527
Northern Cape,Ward 30703002,NC073,3785,2327,0.6147952443857332,3864,2302,0.5957556935817805,3206,1484,0.462882096069869,-0.0190395508039527,0.020871862615587933
Northern Cape,Ward 30703003,NC073,2576,1821,0.7069099378881988,3075,1843,0.599349593495935,2824,1486,0.5262039660056658,-0.10756034439226381,0.1937111801242235
Northern Cape,Ward 30703004,NC073,2648,1912,0.7220543806646526,1899,1331,0.7008952080042128,2495,1308,0.524248496993988,-0.021159172660439762,-0.28285498489425986
Northern Cape,Ward 30703005,NC073,3449,2109,0.6114815888663381,3512,1862,0.5301822323462415,3159,1425,0.4510921177587844,-0.08129935652009657,0.01826616410553794
Northern Cape,Ward 30703006,NC073,2746,1585,0.5772032046613256,2790,1847,0.6620071684587814,2804,1562,0.5570613409415122,0.0848039637974558,0.016023306627822365
Northern Cape,Ward 30703007,NC073,3321,2057,0.6193917494730503,3273,2139,0.6535288725939505,3206,1539,0.4800374298190892,0.034137123120900226,-0.014453477868112019
Northern Cape,Ward 30704001,NC074,1795,1261,0.7025069637883008,2419,1602,0.6622571310458867,1620,985,0.6080246913580247,-0.040249832742414116,0.3476323119777158
Northern Cape,Ward 30704002,NC074,2149,1456,0.6775244299674267,1993,1259,0.6317109884596086,635,411,0.647244094488189,-0.045813441507818076,-0.07259190321079567
Northern Cape,Ward 30704003,NC074,1295,928,0.7166023166023165,1277,911,0.7133907595927956,1402,1140,0.8131241084165478,-0.0032115570095209156,-0.013899613899613916
Northern Cape,Ward 30704004,NC074,1816,1224,0.6740088105726872,1743,1135,0.6511761331038439,1398,708,0.5064377682403434,-0.02283267746884332,-0.04019823788546251
Northern Cape,Ward 30705001,NC075,1412,1007,0.7131728045325779,1520,1094,0.7197368421052631,1627,1179,0.7246465888137676,0.0065640375726852,0.0764872521246458
Northern Cape,Ward 30705002,NC075,2328,1694,0.7276632302405498,2079,1430,0.6878306878306878,743,617,0.8304172274562585,-0.039832542409862004,-0.10695876288659789
Northern Cape,Ward 30705003,NC075,990,810,0.8181818181818182,1362,1104,0.8105726872246696,1215,874,0.7193415637860082,-0.007609130957148658,0.37575757575757573
Northern Cape,Ward 30705004,NC075,1376,823,0.5981104651162791,1430,867,0.6062937062937063,1436,945,0.6580779944289693,0.008183241177427192,0.03924418604651159
Northern Cape,Ward 30706001,NC076,2131,1571,0.7372125762552793,2123,1372,0.6462552991050401,1800,1209,0.6716666666666666,-0.09095727715023916,-0.0037541060534960202
Northern Cape,Ward 30706002,NC076,2118,1258,0.5939565627950897,2516,1606,0.6383147853736089,1841,1170,0.6355241716458446,0.04435822257851918,0.18791312559017936
Northern Cape,Ward 30706003,NC076,1883,1336,0.709506107275624,2036,1322,0.6493123772102161,1678,1008,0.600715137067938,-0.06019373006540796,0.08125331917153478
Northern Cape,Ward 30706004,NC076,2322,1763,0.7592592592592593,2199,1472,0.6693951796271033,1872,1072,0.5726495726495726,-0.08986407963215604,-0.05297157622739013
Northern Cape,Ward 30707001,NC077,2449,1790,0.7309105757452021,2774,1867,0.6730353280461427,3346,1819,0.5436341900777047,-0.057875247699059384,0.13270722743977137
Northern Cape,Ward 30707002,NC077,3521,2641,0.750071002556092,2793,1597,0.5717866093805943,1885,1229,0.6519893899204244,-0.1782843931754977,-0.2067594433399602
Northern Cape,Ward 30707003,NC077,2629,1793,0.6820083682008368,1650,1229,0.7448484848484849,1805,1150,0.6371191135734072,0.0628401166476481,-0.37238493723849375
Northern Cape,Ward 30707004,NC077,2707,1811,0.6690062800147765,2167,1363,0.6289801568989386,1798,1090,0.6062291434927698,-0.040026123115837864,-0.19948282231252312
Northern Cape,Ward 30708001,NC078,3155,1992,0.631378763866878,2597,1589,0.6118598382749326,2507,1284,0.5121659353809334,-0.019518925591945346,-0.17686212361331222
Northern Cape,Ward 30708002,NC078,2837,1442,0.5082833979555869,3265,1989,0.6091883614088821,2827,1283,0.4538379908029713,0.10090496345329525,0.15086358829749735
Northern Cape,Ward 30708003,NC078,3339,2002,0.59958071278826,3267,2202,0.6740128558310376,2968,1712,0.5768194070080862,0.07443214304277768,-0.021563342318059342
Northern Cape,Ward 30708004,NC078,3505,1816,0.5181169757489301,2358,1722,0.7302798982188295,3046,1915,0.628693368351937,0.21216292246989943,-0.32724679029957204
Northern Cape,Ward 30708005,NC078,2924,1720,0.5882352941176471,2783,1686,0.6058210564139418,3032,1453,0.479221635883905,0.017585762296294716,-0.04822161422708615
Northern Cape,Ward 30708006,NC078,2685,1906,0.7098696461824954,2773,1523,0.5492246664262531,2396,1132,0.4724540901502504,-0.16064497975624226,0.032774674115456204
Northern Cape,Ward 30802001,NC082,3170,1739,0.5485804416403786,2966,1668,0.5623735670937289,2905,1790,0.6161790017211703,0.013793125453350319,-0.06435331230283914
Northern Cape,Ward 30802002,NC082,3229,1785,0.5528027253019511,2670,1915,0.7172284644194756,2625,1852,0.7055238095238096,0.16442573911752456,-0.1731186125735522
Northern Cape,Ward 30802003,NC082,2881,1906,0.6615758417216244,2409,1971,0.8181818181818182,3649,2174,0.5957796656618252,0.1566059764601938,-0.16383200277681365
Northern Cape,Ward 30802004,NC082,2864,1880,0.6564245810055865,2589,1439,0.555813055233681,2319,1265,0.5454937473048728,-0.10061152577190557,-0.09601955307262566
Northern Cape,Ward 30802005,NC082,3030,1935,0.6386138613861386,2773,1915,0.6905878110349801,3320,2205,0.6641566265060241,0.0519739496488415,-0.08481848184818486
Northern Cape,Ward 30802006,NC082,3281,2291,0.6982627247790307,3703,2571,0.6943019173642992,3567,2167,0.6075133165124754,-0.003960807414731482,0.1286193233770192
Northern Cape,Ward 30802007,NC082,2742,1885,0.687454412837345,4399,2582,0.5869515799045237,3111,2083,0.6695596271295403,-0.10050283293282125,0.6043034281546316
Northern Cape,Ward 30802008,NC082,3156,1772,0.5614702154626109,3434,1981,0.5768782760629004,3628,2152,0.5931642778390298,0.015408060600289541,0.08808618504435994
Northern Cape,Ward 30802009,NC082,3296,2233,0.6774878640776699,3424,2273,0.6638434579439252,3128,2096,0.670076726342711,-0.013644406133744735,0.03883495145631066
Northern Cape,Ward 30804001,NC084,2272,1724,0.7588028169014085,2431,1819,0.7482517482517482,1398,928,0.6638054363376252,-0.010551068649660267,0.06998239436619724
Northern Cape,Ward 30804002,NC084,2239,1544,0.6895935685573917,2408,1833,0.7612126245847176,1958,1449,0.7400408580183861,0.07161905602732588,0.07548012505582857
Northern Cape,Ward 30804003,NC084,2420,1636,0.6760330578512397,2639,1924,0.729064039408867,1927,1318,0.6839647119875454,0.05303098155762731,0.09049586776859497
Northern Cape,Ward 30804004,NC084,1741,1282,0.7363584147041929,2253,1802,0.7998224589436307,1992,1350,0.677710843373494,0.06346404423943774,0.29408385985066055
Northern Cape,Ward 30805001,NC085,1975,1193,0.6040506329113924,2044,1348,0.6594911937377691,2788,1385,0.4967718794835007,0.05544056082637672,0.0349367088607595
Northern Cape,Ward 30805002,NC085,2964,1802,0.6079622132253711,2361,1362,0.576874205844981,2022,850,0.420375865479723,-0.031088007380390192,-0.20344129554655865
Northern Cape,Ward 30805003,NC085,2749,2035,0.7402691887959257,3631,2568,0.7072431836959515,2782,1332,0.4787922358015816,-0.03302600509997422,0.32084394325209176
Northern Cape,Ward 30805004,NC085,2606,1719,0.6596316193399846,2683,1763,0.6571002609019754,2580,1431,0.5546511627906977,-0.0025313584380092236,0.029547198772064576
Northern Cape,Ward 30805005,NC085,3371,2063,0.6119845743102936,2743,1598,0.5825738242799854,2628,1227,0.4668949771689498,-0.02941075003030824,-0.1862948679916938
Northern Cape,Ward 30805006,NC085,2746,1562,0.5688273852876912,2640,1454,0.5507575757575758,2547,1131,0.4440518256772673,-0.018069809530115388,-0.03860160233066279
Northern Cape,Ward 30806001,NC086,2035,1457,0.715970515970516,2189,1284,0.5865692096847875,1906,978,0.5131164742917104,-0.12940130628572843,0.07567567567567557
Northern Cape,Ward 30806002,NC086,1719,1079,0.6276905177428738,1882,1219,0.6477151965993624,1505,754,0.5009966777408638,0.02002467885648862,0.09482257126236182
Northern Cape,Ward 30806003,NC086,2769,1881,0.6793066088840737,3224,2059,0.6386476426799007,1419,586,0.4129668780831571,-0.040658966204172975,0.164319248826291
Northern Cape,Ward 30806004,NC086,2408,953,0.3957641196013289,2472,1186,0.4797734627831715,2100,1200,0.5714285714285714,0.08400934318184261,0.02657807308970095
Northern Cape,Ward 30901001,NC091,4285,2554,0.5960326721120187,4104,2385,0.581140350877193,4205,2317,0.5510107015457788,-0.014892321234825756,-0.04224037339556597
Northern Cape,Ward 30901002,NC091,4362,2498,0.572673085740486,4843,2707,0.5589510633904604,4878,2179,0.4466994669946699,-0.01372202235002562,0.11027051811095823
Northern Cape,Ward 30901003,NC091,3732,2330,0.6243301178992497,3904,2472,0.6331967213114754,4003,2330,0.582063452410692,0.008866603412225671,0.04608788853161849
Northern Cape,Ward 30901004,NC091,3709,2503,0.6748449716904826,3923,2401,0.612031608462911,3727,1697,0.4553259994633754,-0.06281336322757158,0.05769749258560264
Northern Cape,Ward 30901005,NC091,3988,2499,0.626629889669007,4067,2576,0.6333907056798623,3932,1978,0.5030518819938963,0.0067608160108553195,0.019809428284854658
Northern Cape,Ward 30901006,NC091,3292,2138,0.649453219927096,3450,2134,0.6185507246376811,3180,1577,0.4959119496855346,-0.03090249528941491,0.04799513973268521
Northern Cape,Ward 30901007,NC091,4093,2656,0.6489127779135109,3970,2210,0.5566750629722922,3441,1656,0.4812554489973845,-0.09223771494121868,-0.0300513071096995
Northern Cape,Ward 30901008,NC091,4629,2967,0.6409591704471809,5206,3222,0.6189012677679601,3242,1590,0.4904380012338063,-0.02205790267922081,0.12464895225750694
Northern Cape,Ward 30901009,NC091,3985,2449,0.6145545796737767,4159,2494,0.5996633806203414,4071,1812,0.4450994841562269,-0.014891199053435278,0.04366373902132992
Northern Cape,Ward 30901010,NC091,3577,2446,0.6838132513279285,3447,2266,0.6573832317957644,3290,1707,0.5188449848024316,-0.026430019532164062,-0.03634330444506573
Northern Cape,Ward 30901011,NC091,3542,2339,0.6603613777526821,3354,1970,0.5873583780560525,3061,1426,0.4658608297941849,-0.0730029996966296,-0.05307735742518349
Northern Cape,Ward 30901012,NC091,3265,2015,0.6171516079632465,3372,2043,0.6058718861209964,3266,1501,0.4595835884874464,-0.011279721842250123,0.03277182235834619
Northern Cape,Ward 30901013,NC091,4236,2678,0.6322001888574127,3790,2212,0.5836411609498681,3422,1538,0.4494447691408533,-0.04855902790754463,-0.10528800755429646
Northern Cape,Ward 30901014,NC091,3494,2046,0.5855752718946766,3604,2213,0.6140399556048834,3422,1711,0.5,0.02846468371020683,0.031482541499713745
Northern Cape,Ward 30901015,NC091,3394,2184,0.6434885091337654,3304,1994,0.6035108958837773,3265,1546,0.4735068912710566,-0.039977613249988164,-0.026517383618149704
Northern Cape,Ward 30901016,NC091,4422,3085,0.6976481230212573,3691,2371,0.6423733405581143,4347,2053,0.4722797331492984,-0.05527478246314299,-0.16530981456354588
Northern Cape,Ward 30901017,NC091,3991,2569,0.6436983212227512,4085,2521,0.6171358629130967,3886,1802,0.4637159032424086,-0.026562458309654424,0.023552994237033387
Northern Cape,Ward 30901018,NC091,2749,1631,0.5933066569661695,2853,1707,0.5983175604626709,3279,1531,0.4669106434888685,0.005010903496501462,0.03783193888686798
Northern Cape,Ward 30901019,NC091,3637,2173,0.5974704426725324,3476,2128,0.6121979286536249,3361,1674,0.4980660517703064,0.014727485981092525,-0.04426725323068459
Northern Cape,Ward 30901020,NC091,3824,2289,0.5985878661087866,3588,2357,0.6569119286510591,4147,1999,0.4820352061731372,0.058324062542272515,-0.061715481171548126
Northern Cape,Ward 30901021,NC091,4352,2660,0.6112132352941176,4809,2928,0.6088583905177791,4397,2159,0.4910166022287923,-0.002354844776338516,0.10500919117647056
Northern Cape,Ward 30901022,NC091,4182,2528,0.6044954567192731,4641,2398,0.5166989872872226,4531,2392,0.5279187817258884,-0.08779646943205044,0.10975609756097571
Northern Cape,Ward 30901023,NC091,4463,2903,0.6504593322876988,4580,2943,0.6425764192139738,4254,2334,0.5486600846262342,-0.007882913073725017,0.02621555007842269
Northern Cape,Ward 30901024,NC091,4407,2827,0.641479464488314,4430,3119,0.7040632054176073,4247,2630,0.6192606545797034,0.0625837409292932,0.005218969820739661
Northern Cape,Ward 30901025,NC091,4686,2549,0.5439607341015792,5110,2584,0.5056751467710372,3194,1410,0.4414527238572323,-0.03828558733054199,0.09048228766538635
Northern Cape,Ward 30901026,NC091,3832,2422,0.6320459290187892,4146,2708,0.653159671972986,6052,3213,0.5308988764044944,0.021113742954196768,0.08194154488517746
Northern Cape,Ward 30901027,NC091,3458,2035,0.5884904569115096,3887,2118,0.5448932338564446,3735,1886,0.5049531459170014,-0.04359722305506497,0.12406015037593976
Northern Cape,Ward 30901028,NC091,3944,2548,0.6460446247464503,4221,2689,0.6370528310826818,4520,2612,0.5778761061946903,-0.008991793663768455,0.07023326572008104
Northern Cape,Ward 30901029,NC091,2511,982,0.39107925129430504,3230,1517,0.4696594427244582,3810,1130,0.2965879265091863,0.07858019143015316,0.28634010354440464
Northern Cape,Ward 30901030,NC091,4872,2706,0.5554187192118226,3561,2291,0.6433586071328279,4092,1841,0.449902248289345,0.08793988792100527,-0.2690886699507389
Northern Cape,Ward 30901031,NC091,4454,2718,0.610237988325101,4563,2674,0.5860179706333553,4037,1788,0.4429031459004211,-0.024220017691745754,0.02447238437359678
Northern Cape,Ward 30902001,NC092,2617,1766,0.6748184944593045,2723,1419,0.5211164157179581,2652,1468,0.5535444947209653,-0.15370207874134645,0.04050439434466946
Northern Cape,Ward 30902002,NC092,2995,1847,0.6166944908180301,4123,2529,0.6133883094833859,3242,1894,0.5842072794571253,-0.0033061813346442204,0.37662771285475793
Northern Cape,Ward 30902003,NC092,3456,2442,0.7065972222222222,3238,2234,0.6899320568252008,2807,1774,0.6319914499465622,-0.016665165397021453,-0.06307870370370372
Northern Cape,Ward 30902004,NC092,3218,1939,0.6025481665630826,3366,2210,0.6565656565656566,2863,1532,0.5351030387705205,0.05401749000257394,0.045991298943443226
Northern Cape,Ward 30902005,NC092,3444,2062,0.5987224157955865,3444,2026,0.5882694541231127,2636,1436,0.5447647951441578,-0.010452961672473782,0.0
Northern Cape,Ward 30902006,NC092,2977,1654,0.5555928787369835,2872,1723,0.5999303621169917,2971,1627,0.5476270615954224,0.0443374833800082,-0.03527040644944579
Northern Cape,Ward 30902007,NC092,2810,1729,0.6153024911032029,2873,1783,0.6206056387051863,2587,1474,0.5697719366061075,0.00530314760198336,0.022419928825622826
Northern Cape,Ward 30903001,NC093,2607,1680,0.6444188722669736,2934,1733,0.5906612133605998,2040,1101,0.5397058823529411,-0.05375765890637374,0.1254315304948217
Northern Cape,Ward 30903002,NC093,1976,1379,0.6978744939271255,2085,1310,0.6282973621103117,2037,1175,0.5768286696121747,-0.0695771318168138,0.055161943319838036
Northern Cape,Ward 30903003,NC093,2049,1343,0.6554416788677404,1929,1134,0.5878693623639192,1562,698,0.4468629961587708,-0.06757231650382123,-0.05856515373352855
Northern Cape,Ward 30903004,NC093,3086,1980,0.6416072585871678,3078,1737,0.564327485380117,2149,1144,0.5323406235458352,-0.07727977320705082,-0.0025923525599481634
Northern Cape,Ward 30903005,NC093,2047,1149,0.5613092330239374,2014,1226,0.608738828202582,1838,950,0.5168661588683352,0.047429595178644535,-0.016121152906692693
Northern Cape,Ward 30904001,NC094,3326,2064,0.6205652435357787,3792,2155,0.568301687763713,3602,1785,0.4955580233203775,-0.05226355577206565,0.14010823812387252
Northern Cape,Ward 30904002,NC094,3300,1957,0.593030303030303,3348,1865,0.5570489844683393,3305,1502,0.4544629349470499,-0.03598131856196374,0.014545454545454639
Northern Cape,Ward 30904003,NC094,2952,1692,0.573170731707317,2764,1590,0.5752532561505065,2728,1177,0.4314516129032258,0.0020825244431894596,-0.06368563685636852
Northern Cape,Ward 30904004,NC094,3104,1626,0.523840206185567,3059,1654,0.5406995750245178,2825,1382,0.4892035398230088,0.016859368838950783,-0.01449742268041232
Northern Cape,Ward 30904005,NC094,3325,2340,0.7037593984962406,3750,2398,0.6394666666666666,4122,2021,0.4902959728287239,-0.06429273182957396,0.1278195488721805
Northern Cape,Ward 30904006,NC094,3697,2125,0.574790370570733,2688,1520,0.5654761904761905,2813,1558,0.5538570920725204,-0.009314180094542546,-0.2729239924262916
Northern Cape,Ward 30904007,NC094,3787,2301,0.6076049643517296,1781,1035,0.5811341942728804,3075,1585,0.5154471544715448,-0.026470770078849237,-0.5297068919989438
Northern Cape,Ward 30904008,NC094,3365,2042,0.6068350668647845,5073,2981,0.5876207372363493,2919,1430,0.4898937992463172,-0.019214329628435167,0.5075780089153046
Northern Cape,Ward 30904009,NC094,3166,1698,0.5363234365129501,2955,1669,0.5648054145516075,3312,1750,0.5283816425120773,0.028481978038657374,-0.06664560960202148
Northern Cape,Ward 34501001,NC451,3044,1975,0.6488173455978975,3276,1877,0.5729548229548229,3209,2746,0.8557182923028981,-0.07586252264307458,0.07621550591327209
Northern Cape,Ward 34501002,NC451,3517,1813,0.5154961615012795,3431,2013,0.5867094141649665,3268,1718,0.5257037943696451,0.07121325266368694,-0.02445265851578049
Northern Cape,Ward 34501003,NC451,3403,2163,0.6356156332647663,3495,1815,0.51931330472103,3379,1593,0.4714412548091151,-0.11630232854373634,0.027034969144872134
Northern Cape,Ward 34501004,NC451,3288,1624,0.49391727493917276,3787,2090,0.5518880380248218,3698,1721,0.4653866955110871,0.057970763085649024,0.15176399026763998
Northern Cape,Ward 34501005,NC451,3675,2340,0.636734693877551,3559,2132,0.5990446754706378,3423,1662,0.4855390008764242,-0.03769001840691322,-0.031564625850340144
Northern Cape,Ward 34501006,NC451,3774,1985,0.5259671436142025,3251,2154,0.6625653645032298,3162,2038,0.6445287792536369,0.1365982208890273,-0.13857975622681507
Northern Cape,Ward 34501007,NC451,3057,1690,0.5528295714753025,3734,2093,0.5605249062667381,3618,1882,0.5201768933112216,0.007695334791435582,0.2214589466797514
Northern Cape,Ward 34501008,NC451,3012,1665,0.5527888446215139,3065,1665,0.5432300163132137,2909,1642,0.5644551392231008,-0.009558828308300238,0.017596281540504632
Northern Cape,Ward 34501009,NC451,3635,2081,0.5724896836313618,3725,1998,0.5363758389261745,3630,1569,0.4322314049586777,-0.036113844705187303,0.024759284731774356
Northern Cape,Ward 34501010,NC451,2992,1712,0.5721925133689839,3245,1712,0.5275808936825886,3109,1293,0.4158893534898681,-0.044611619686395265,0.08455882352941169
Northern Cape,Ward 34501011,NC451,2898,1670,0.5762594893029676,3004,1402,0.466711051930759,3002,1487,0.4953364423717522,-0.10954843737220854,0.03657694962042779
Northern Cape,Ward 34501012,NC451,3519,2168,0.6160841148053424,3458,1607,0.4647194910352805,3318,1324,0.3990355635925256,-0.15136462377006193,-0.017334470019891968
Northern Cape,Ward 34501013,NC451,3311,1766,0.533373603141045,3725,1884,0.5057718120805369,3559,1506,0.4231525709468952,-0.027601791060508085,0.12503775294472974
Northern Cape,Ward 34501014,NC451,3076,1726,0.5611183355006502,3660,1963,0.5363387978142077,3413,1443,0.4227951948432464,-0.024779537686442477,0.18985695708712624
Northern Cape,Ward 34501015,NC451,3316,2024,0.6103739445114595,3496,1974,0.5646453089244852,3282,1762,0.5368677635588056,-0.045728635586974375,0.05428226779252121
Northern Cape,Ward 34502001,NC452,3354,2059,0.6138938580799046,3524,2115,0.6001702610669694,3463,1823,0.5264221773029165,-0.01372359701293524,0.05068574836016704
Northern Cape,Ward 34502002,NC452,3920,2382,0.6076530612244898,3914,2436,0.6223811957077159,4147,1740,0.4195804195804196,0.014728134483226074,-0.001530612244897922
Northern Cape,Ward 34502003,NC452,3784,2096,0.5539112050739958,4126,2628,0.6369365002423655,3379,1351,0.3998224326723882,0.08302529516836965,0.09038054968287534
Northern Cape,Ward 34502004,NC452,2321,1538,0.6626454114605773,3750,1972,0.5258666666666667,3056,1362,0.4456806282722513,-0.1367787447939106,0.6156828953037483
Northern Cape,Ward 34502005,NC452,2910,1433,0.49243986254295535,3190,1586,0.4971786833855799,3268,1199,0.366891064871481,0.004738820842624558,0.09621993127147777
Northern Cape,Ward 34502006,NC452,3151,1937,0.6147254839733418,3348,1831,0.5468936678614098,3304,1640,0.4963680387409201,-0.06783181611193201,0.06251983497302449
Northern Cape,Ward 34502007,NC452,3070,1957,0.6374592833876221,3451,2205,0.6389452332657201,3276,1257,0.3836996336996337,0.0014859498780979141,0.12410423452768726
Northern Cape,Ward 34502008,NC452,3538,1881,0.5316563029960429,3708,2005,0.540722761596548,3536,1410,0.3987556561085973,0.009066458600505034,0.04804974561899389
Northern Cape,Ward 34502009,NC452,3543,1684,0.47530341518487157,2826,1424,0.5038924274593064,2626,986,0.3754760091393754,0.028589012274434833,-0.20237087214225236
Northern Cape,Ward 34502010,NC452,3686,2308,0.6261530113944656,3634,2092,0.5756741882223445,3509,1472,0.4194927329723568,-0.050478823172121046,-0.014107433532284275
Northern Cape,Ward 34502011,NC452,2987,1800,0.6026113157013726,3609,1899,0.5261845386533666,3563,1399,0.39264664608476,-0.07642677704800604,0.20823568798125214
Northern Cape,Ward 34502012,NC452,4069,2653,0.6520029491275497,3332,1914,0.5744297719087635,3900,1628,0.4174358974358974,-0.0775731772187862,-0.18112558368149423
Northern Cape,Ward 34502013,NC452,3043,1999,0.6569175156095958,3726,2256,0.605475040257649,3568,1624,0.4551569506726457,-0.05144247535194679,0.22444955635885644
Northern Cape,Ward 34503001,NC453,4386,2529,0.5766073871409029,3303,2011,0.6088404480775053,3191,1765,0.5531181447821999,0.03223306093660239,-0.24692202462380297
Northern Cape,Ward 34503002,NC453,3000,1821,0.607,3418,2125,0.6217086015213575,1946,1173,0.6027749229188079,0.014708601521357556,0.1393333333333333
Northern Cape,Ward 34503003,NC453,3016,1676,0.5557029177718833,1925,1131,0.5875324675324676,2034,1164,0.5722713864306784,0.031829549760584275,-0.36173740053050396
Northern Cape,Ward 34503004,NC453,3454,1862,0.5390851187029531,3535,2168,0.6132956152758133,3465,2277,0.6571428571428571,0.07421049657286027,0.023451071221771924
Northern Cape,Ward 34503005,NC453,3077,1360,0.4419889502762431,4608,2255,0.4893663194444444,4524,1564,0.3457117595048629,0.047377369168201344,0.4975625609359766
Western Cape,Ward 19100001,CPT,16938,13055,0.770752154917936,19398,15431,0.7954943808640066,15635,10125,0.6475855452510393,0.024742225946070562,0.14523556500177115
Western Cape,Ward 19100002,CPT,14268,10485,0.7348612279226241,18644,14108,0.7567045698347994,20838,12264,0.5885401670025914,0.021843341912175296,0.30670030838239426
Western Cape,Ward 19100003,CPT,17928,13238,0.7383980365908077,15858,12376,0.7804262832639677,15898,9961,0.6265567995974336,0.042028246673159964,-0.11546184738955823
Western Cape,Ward 19100004,CPT,17676,11236,0.6356641774157049,15425,9191,0.5958508914100487,15091,6684,0.4429129945000331,-0.039813286005656257,-0.12734781624801994
Western Cape,Ward 19100005,CPT,15601,11806,0.7567463624126659,18014,14093,0.782335960919285,23528,14577,0.6195596735804149,0.025589598506619127,0.1546695724633036
Western Cape,Ward 19100006,CPT,13634,7824,0.5738594689746223,19407,10715,0.5521203689390426,18129,6048,0.3336091345358266,-0.02173910003557966,0.42342672729939856
Western Cape,Ward 19100007,CPT,13927,8907,0.6395490773318016,16060,10861,0.6762764632627646,16835,8119,0.4822690822690822,0.03672738593096303,0.1531557406476629
Western Cape,Ward 19100008,CPT,17777,13451,0.7566518535185914,20577,16103,0.7825727754288769,20877,12438,0.595775255065383,0.0259209219102855,0.15750689092647807
Western Cape,Ward 19100009,CPT,14880,7727,0.5192876344086022,17132,9263,0.5406840999299556,17153,6983,0.407100798694106,0.021396465521353436,0.1513440860215054
Western Cape,Ward 19100010,CPT,14217,8643,0.6079341633255961,15127,9599,0.6345607192437364,16882,7934,0.4699680132685701,0.026626555918140227,0.06400787789266382
Western Cape,Ward 19100011,CPT,17890,11558,0.6460592509782002,18189,13589,0.7470998955412612,19752,10766,0.5450587282300526,0.10104064456306106,0.016713247624371208
Western Cape,Ward 19100012,CPT,14898,8852,0.5941737145925627,16416,10383,0.6324926900584795,15763,7211,0.4574636807714267,0.03831897546591678,0.10189287152637938
Western Cape,Ward 19100013,CPT,16420,9808,0.5973203410475031,19472,11853,0.6087202136400987,16230,6097,0.3756623536660505,0.011399872592595561,0.18587088915956151
Western Cape,Ward 19100014,CPT,16697,10894,0.6524525363837815,17378,11580,0.6663597652203936,18845,8304,0.4406473865746882,0.013907228836612107,0.04078576989878413
Western Cape,Ward 19100015,CPT,15321,11115,0.7254748384570198,19268,14698,0.7628191820635251,19473,13315,0.6837672674985877,0.03734434360650529,0.25762025977416614
Western Cape,Ward 19100016,CPT,17364,9856,0.5676111495047225,19224,11633,0.6051290054099043,15930,6427,0.4034526051475204,0.03751785590518186,0.10711817553559078
Western Cape,Ward 19100017,CPT,17016,10228,0.6010813352139163,19813,12885,0.650330591026094,17753,8535,0.4807638145665521,0.04924925581217776,0.16437470615890937
Western Cape,Ward 19100018,CPT,12879,7956,0.6177498252969951,15595,8661,0.5553703109971144,16275,5756,0.3536712749615975,-0.062379514299880645,0.21088593834925073
Western Cape,Ward 19100019,CPT,17574,10513,0.5982132696028224,18952,11814,0.6233642887294217,19314,7703,0.3988298643471057,0.02515101912659934,0.07841128940480258
Western Cape,Ward 19100020,CPT,16160,9428,0.5834158415841584,18134,10766,0.5936914084041028,15090,5355,0.3548707753479125,0.01027556681994446,0.1221534653465346
Western Cape,Ward 19100021,CPT,16923,12791,0.7558352537966082,16577,13355,0.8056343126017976,16798,11197,0.6665674485057745,0.04979905880518942,-0.02044554747976124
Western Cape,Ward 19100022,CPT,14470,9168,0.6335867311679336,15799,10217,0.6466864991455156,16360,7965,0.4868581907090464,0.013099767977581944,0.091845196959226
Western Cape,Ward 19100023,CPT,16217,11663,0.7191835727939816,17821,13221,0.741877560181808,19228,11850,0.6162887455793634,0.022693987387826353,0.09890855275328359
Western Cape,Ward 19100024,CPT,13974,9021,0.6455560326320309,16008,9589,0.5990129935032483,13868,4410,0.3179982693971733,-0.04654303912878255,0.14555603263203087
Western Cape,Ward 19100025,CPT,16133,9792,0.60695468914647,17680,10930,0.6182126696832579,18791,8682,0.4620296950667873,0.011257980536787948,0.09589041095890405
Western Cape,Ward 19100026,CPT,14369,9121,0.6347692950100912,18971,13065,0.6886827262664066,13366,6328,0.4734400718240311,0.053913431256315425,0.3202728095204954
Western Cape,Ward 19100027,CPT,14978,10620,0.7090399252236613,13567,9876,0.7279428023881477,15273,8524,0.5581090813854515,0.018902877164486354,-0.09420483375617572
Western Cape,Ward 19100028,CPT,14812,9292,0.6273291925465838,17640,11158,0.6325396825396825,18524,9276,0.5007557762902181,0.005210489993098699,0.1909262759924386
Western Cape,Ward 19100029,CPT,16140,9578,0.5934324659231722,16954,10173,0.6000353898784947,16378,7811,0.4769202588838686,0.0066029239553224706,0.05043370508054523
Western Cape,Ward 19100030,CPT,16050,10975,0.6838006230529595,17410,11289,0.6484204480183803,16481,7204,0.4371093987015351,-0.03538017503457924,0.08473520249221189
Western Cape,Ward 19100031,CPT,14661,9252,0.6310620012277471,15129,9240,0.610747570890343,18704,8478,0.4532720273738237,-0.0203144303374041,0.031921424186617475
Western Cape,Ward 19100032,CPT,15104,8695,0.5756753177966102,18949,10921,0.5763364821362605,19232,7585,0.3943947587354409,0.0006611643396503553,0.2545683262711864
Western Cape,Ward 19100033,CPT,17170,9490,0.5527082119976704,17606,8831,0.5015903669203681,16925,5114,0.3021565731166913,-0.051117845077302326,0.02539312754804901
Western Cape,Ward 19100034,CPT,15149,8946,0.5905340286487557,17524,8699,0.4964049303811915,17103,5745,0.3359059814067707,-0.09412909826756422,0.1567760248201202
Western Cape,Ward 19100035,CPT,15725,9271,0.589570747217806,19746,11206,0.5675073432593943,18288,5040,0.2755905511811024,-0.022063403958411665,0.25570747217806034
Western Cape,Ward 19100036,CPT,16681,9680,0.5803009411905761,14781,8658,0.5857519788918206,15449,5713,0.369797397889831,0.005451037701244554,-0.11390204424195194
Western Cape,Ward 19100037,CPT,12893,8349,0.6475606918482898,13922,8211,0.5897859502944979,17540,6020,0.3432155074116305,-0.05777474155379192,0.07981075001939031
Western Cape,Ward 19100038,CPT,13508,8842,0.6545750666271839,13421,7294,0.543476641084867,16415,6317,0.3848309473042948,-0.11109842554231686,-0.006440627776132635
Western Cape,Ward 19100039,CPT,12372,7737,0.6253637245392822,15598,8949,0.5737274009488396,15804,5618,0.3554796254112883,-0.05163632359044268,0.2607500808276755
Western Cape,Ward 19100040,CPT,13643,9062,0.6642234112731804,18259,9754,0.5342023111890026,18049,5849,0.324062274918278,-0.13002110008417778,0.3383420068899803
Western Cape,Ward 19100041,CPT,12981,7560,0.5823896464062861,15129,8669,0.5730054861524225,15020,5423,0.361051930758988,-0.009384160253863572,0.16547261382019873
Western Cape,Ward 19100042,CPT,13968,8156,0.5839060710194731,14461,8538,0.5904156005808727,16385,7840,0.4784864205065608,0.006509529561399607,0.03529495990836207
Western Cape,Ward 19100043,CPT,17936,11677,0.6510370205173952,18424,12459,0.676237516283109,18496,9250,0.5001081314878892,0.025200495765713815,0.02720785013380911
Western Cape,Ward 19100044,CPT,16641,9560,0.5744847064479298,18588,12574,0.6764579298472132,14889,7049,0.4734367653972731,0.10197322339928339,0.11700018027762749
Western Cape,Ward 19100045,CPT,16043,9954,0.6204575204138877,15079,8412,0.5578619271835003,11673,4863,0.4166024158314058,-0.06259559323038744,-0.060088512123667615
Western Cape,Ward 19100046,CPT,15889,10115,0.6366039398325886,15218,9730,0.6393744250229991,18177,8748,0.4812675358970127,0.0027704851904105654,-0.042230473912769795
Western Cape,Ward 19100047,CPT,13763,8681,0.6307491099324275,15185,9254,0.609417188014488,16018,7583,0.4734049194656012,-0.021331921917939534,0.10332049698466905
Western Cape,Ward 19100048,CPT,15796,10213,0.646556090149405,13551,7973,0.5883698620028042,13409,7094,0.52904765456037,-0.058186228146600794,-0.14212458850341858
Western Cape,Ward 19100049,CPT,17329,11570,0.6676669167291823,18012,11951,0.6635021097046413,15600,8086,0.5183333333333333,-0.0041648070245410285,0.03941369957874086
Western Cape,Ward 19100050,CPT,15352,9987,0.6505341323606045,15752,10132,0.6432199085830371,14671,7398,0.5042601049689864,-0.007314223777567408,0.02605523710265767
Western Cape,Ward 19100051,CPT,13477,7858,0.5830674482451584,14306,8008,0.5597651335104152,14840,5868,0.3954177897574124,-0.0233023147347432,0.06151220598055951
Western Cape,Ward 19100052,CPT,13882,7488,0.5394035441579024,14405,7352,0.5103783408538702,15265,4667,0.3057320668195218,-0.029025203304032132,0.03767468664457563
Western Cape,Ward 19100053,CPT,15807,11035,0.6981084329727336,14682,10953,0.7460155292194524,14676,9024,0.6148814390842191,0.04790709624671874,-0.07117100018978928
Western Cape,Ward 19100054,CPT,16921,10941,0.6465929909579812,16798,10478,0.6237647338968925,19515,9963,0.5105303612605688,-0.022828257061088708,-0.0072690739318007624
Western Cape,Ward 19100055,CPT,15537,10276,0.6613889425242968,15577,10631,0.6824805803428131,15798,8585,0.5434232181288771,0.021091637818516307,0.0025744995816439076
Western Cape,Ward 19100056,CPT,15745,10542,0.6695458875833598,16972,11461,0.6752887108178176,16033,7525,0.4693444770161541,0.00574282323445785,0.0779295014290251
Western Cape,Ward 19100057,CPT,17778,9733,0.5474744065699179,19385,10653,0.5495486200670622,19135,7249,0.3788345962895218,0.002074213497144317,0.09039262009224891
Western Cape,Ward 19100058,CPT,17731,12205,0.6883424510743895,18218,12857,0.7057305961137337,19814,11470,0.57888361764409,0.01738814503934416,0.02746601996503295
Western Cape,Ward 19100059,CPT,17428,11079,0.6357011705301813,18157,11947,0.6579831469956491,19637,9660,0.4919285023170545,0.022281976465467812,0.04182924030296076
Western Cape,Ward 19100060,CPT,15891,10506,0.661128940909949,17828,12793,0.7175790890733678,14717,8294,0.5635659441462254,0.056450148163418756,0.12189289534956904
Western Cape,Ward 19100061,CPT,14787,9790,0.6620680327314533,16373,11039,0.6742197520307824,16543,8319,0.5028713050837212,0.012151719299329122,0.10725637384188813
Western Cape,Ward 19100062,CPT,16615,11690,0.7035811014143846,16773,11830,0.705300184820843,15822,9178,0.5800783718872456,0.0017190834064584326,0.009509479386096809
Western Cape,Ward 19100063,CPT,15091,10759,0.7129414883042873,18898,13836,0.7321409672981268,16381,9055,0.5527745558879189,0.019199478993839558,0.2522695646411768
Western Cape,Ward 19100064,CPT,14396,9999,0.6945679355376494,19443,13770,0.7082240395000772,19786,11469,0.5796522793894673,0.013656103962427779,0.35058349541539324
Western Cape,Ward 19100065,CPT,13786,9106,0.6605251704627884,17564,12405,0.7062741972215896,18608,9103,0.4891981943250215,0.045749026758801214,0.27404613375888576
Western Cape,Ward 19100066,CPT,14625,10092,0.6900512820512821,17283,11599,0.6711219117051438,16526,10323,0.6246520634152245,-0.018929370346138286,0.18174358974358973
Western Cape,Ward 19100067,CPT,16169,9321,0.576473498670295,21210,13241,0.6242809995285242,15626,7542,0.4826571099449635,0.04780750085822927,0.3117694353392293
Western Cape,Ward 19100068,CPT,16972,11332,0.6676879566344568,14888,10056,0.6754433100483611,14852,7716,0.5195259897656881,0.00775535341390432,-0.12279047843506952
Western Cape,Ward 19100069,CPT,17406,11577,0.6651154774215787,18103,11357,0.6273545821134618,18763,9594,0.5113254809998401,-0.03776089530811688,0.04004366310467655
Western Cape,Ward 19100070,CPT,15502,11997,0.7739001419171719,17814,14207,0.7975188054339284,18215,11986,0.6580290968981608,0.023618663516756455,0.14914204618758875
Western Cape,Ward 19100071,CPT,16584,11665,0.703388808490111,15678,11077,0.7065314453374155,15518,8569,0.5521974481247583,0.0031426368473045363,-0.05463096960926195
Western Cape,Ward 19100072,CPT,14583,10345,0.709387643146129,17361,12865,0.7410287425839526,13722,8345,0.6081475003643784,0.03164109943782356,0.19049578276074874
Western Cape,Ward 19100073,CPT,14746,10731,0.7277227722772277,19018,14506,0.7627510779261752,14561,8860,0.6084746926722066,0.035028305648947544,0.2897056828970568
Western Cape,Ward 19100074,CPT,18119,11796,0.6510293062531045,17550,11453,0.6525925925925926,17235,7675,0.4453147664635915,0.0015632863394881014,-0.03140349908935369
Western Cape,Ward 19100075,CPT,15886,9781,0.6156993579252171,16645,11185,0.671973565635326,16438,8527,0.5187370726365738,0.056274207710108826,0.04777791766335149
Western Cape,Ward 19100076,CPT,17773,10834,0.6095763236369774,16098,10554,0.6556093924711144,15782,7307,0.4629958180205297,0.046033068834136937,-0.09424407809598834
Western Cape,Ward 19100077,CPT,17022,10536,0.6189636940430032,17887,11735,0.6560630625594007,18766,9924,0.5288287328146648,0.0370993685163975,0.05081659029491248
Western Cape,Ward 19100078,CPT,18131,11897,0.6561689923335723,17138,11878,0.6930797059166763,15053,7908,0.5253437852919683,0.03691071358310405,-0.05476807677458495
Western Cape,Ward 19100079,CPT,14876,9455,0.6355875235278301,18939,11659,0.6156080046464967,14406,7259,0.5038872691933917,-0.019979518881333425,0.273124495832213
Western Cape,Ward 19100080,CPT,17172,9599,0.5589913813184253,18090,10498,0.5803206191265893,17997,5900,0.3278324165138634,0.02132923780816398,0.053459119496855445
Western Cape,Ward 19100081,CPT,15048,10028,0.6664008506113769,20125,13844,0.6879006211180124,14132,7673,0.5429521652986131,0.02149977050663554,0.3373870281765019
Western Cape,Ward 19100082,CPT,15466,9265,0.5990559937928359,16555,9927,0.599637571730595,13173,5954,0.451985121080999,0.0005815779377590369,0.07041251778093893
Western Cape,Ward 19100083,CPT,15168,10652,0.7022679324894515,17111,12197,0.7128163169890713,18398,11866,0.6449614088487879,0.010548384499619812,0.12809862869198319
Western Cape,Ward 19100084,CPT,13386,9673,0.7226206484386672,20938,13664,0.6525933709045754,19475,10918,0.5606161745827984,-0.07002727753409188,0.5641715224861796
Western Cape,Ward 19100085,CPT,15100,9275,0.6142384105960265,17261,10918,0.6325241874746539,19347,8108,0.4190830619734326,0.018285776878627424,0.143112582781457
Western Cape,Ward 19100086,CPT,16609,10151,0.6111746643386116,18404,11219,0.6095957400565094,16916,5773,0.3412745329865216,-0.0015789242821021565,0.10807393581793012
Western Cape,Ward 19100087,CPT,16441,10190,0.6197919834559942,14328,8182,0.5710496929089894,14708,5640,0.3834647810715257,-0.04874229054700474,-0.12852016300711633
Western Cape,Ward 19100088,CPT,16827,9300,0.5526831877339989,18804,9782,0.5202084662837694,18040,6035,0.3345343680709534,-0.03247472145022956,0.11748974861829198
Western Cape,Ward 19100089,CPT,13148,8278,0.6296014602981442,15198,7931,0.5218449796025793,15495,5116,0.3301710229106163,-0.10775648069556498,0.15591724977182841
Western Cape,Ward 19100090,CPT,16579,10814,0.6522709451716027,13988,7599,0.5432513583071203,13066,4526,0.346395224246135,-0.10901958686448232,-0.15628204354906805
Western Cape,Ward 19100091,CPT,13842,8333,0.6020083802918653,15793,8821,0.5585385930475527,14668,5314,0.3622852467957458,-0.04346978724431261,0.1409478399075279
Western Cape,Ward 19100092,CPT,15964,10044,0.6291656226509647,15827,8972,0.5668793833322803,17604,7346,0.4172915246534878,-0.06228623931868438,-0.008581809070408397
Western Cape,Ward 19100093,CPT,15408,9920,0.6438213914849429,16560,9464,0.5714975845410628,15134,5277,0.348685079952425,-0.07232380694388008,0.07476635514018692
Western Cape,Ward 19100094,CPT,13143,8522,0.6484059955870045,17509,9776,0.5583414244103033,15202,5382,0.3540323641626102,-0.09006457117670119,0.33219204139085434
Western Cape,Ward 19100095,CPT,17184,11087,0.6451932029795159,16884,9490,0.5620705993840323,22171,7987,0.3602453655676333,-0.08312260359548362,-0.017458100558659262
Western Cape,Ward 19100096,CPT,13811,9140,0.6617913257548331,18308,10546,0.5760323355909984,18907,6082,0.3216798011318559,-0.0857589901638347,0.3256100209977555
Western Cape,Ward 19100097,CPT,14955,9570,0.6399197592778335,14751,8180,0.5545386753440444,16735,6002,0.3586495368987152,-0.08538108393378907,-0.013640922768304864
Western Cape,Ward 19100098,CPT,16222,9981,0.6152755517198866,16827,8903,0.5290901527307303,18648,6160,0.3303303303303303,-0.08618539898915623,0.03729503143878676
Western Cape,Ward 19100099,CPT,17613,10086,0.572645205246125,16403,9385,0.5721514357129793,18644,6070,0.3255739111778588,-0.000493769533145727,-0.06869925623119288
Western Cape,Ward 19100100,CPT,17042,10636,0.6241051519774674,16930,11184,0.6606024808033077,19837,8498,0.4283913898270908,0.036497328825840336,-0.006571998591714534
Western Cape,Ward 19100101,CPT,15256,9519,0.6239512323020451,17664,10012,0.566802536231884,19581,6562,0.3351207803482968,-0.05714869607016104,0.1578395385422129
Western Cape,Ward 19100102,CPT,15829,12032,0.7601238233621833,18771,14543,0.7747589366576102,16404,9910,0.6041209461107047,0.014635113295426883,0.18586139364457632
Western Cape,Ward 19100103,CPT,18672,14258,0.7636032562125107,16719,13668,0.817513009151265,18890,12825,0.6789306511381683,0.05390975293875433,-0.10459511568123392
Western Cape,Ward 19100104,CPT,14296,7485,0.5235730274202575,16530,8426,0.5097398669086509,15809,4941,0.3125434878866468,-0.013833160511606546,0.1562674874090655
Western Cape,Ward 19100105,CPT,18183,12526,0.6888852224605401,16894,11543,0.6832603291109269,16886,8430,0.4992301314698567,-0.005624893349613136,-0.07089039212451187
Western Cape,Ward 19100106,CPT,16923,10285,0.6077527625125568,19837,10785,0.5436810001512326,16776,5410,0.322484501669051,-0.06407176236132428,0.17219169178041716
Western Cape,Ward 19100107,CPT,18560,13259,0.714385775862069,16711,11964,0.7159356112740112,20779,11409,0.5490639588045623,0.001549835411942202,-0.09962284482758621
Western Cape,Ward 19100108,CPT,16907,10402,0.615248122079612,18457,10261,0.5559408354553828,17472,6303,0.3607486263736263,-0.05930728662422924,0.09167800319394326
Western Cape,Ward 19100109,CPT,17188,10542,0.6133348848033512,17794,11102,0.6239181746656176,19197,8427,0.4389748398187216,0.01058328986226642,0.035257156155457325
Western Cape,Ward 19100110,CPT,14371,9840,0.6847122677614641,14584,9843,0.674917718047175,16796,8047,0.4791021671826625,-0.009794549714289058,0.014821515552153608
Western Cape,Ward 19100111,CPT,14539,9359,0.6437168993740973,16151,10727,0.6641694012754629,19806,9633,0.4863677673432293,0.020452501901365605,0.11087420042643914
Western Cape,Ward 10101001,WC011,3197,1903,0.5952455426962777,3764,2302,0.6115834218916046,3856,2069,0.5365663900414938,0.01633787919532692,0.17735376915858625
Western Cape,Ward 10101002,WC011,3256,2085,0.6403562653562653,3307,2028,0.6132446325975204,3884,2361,0.6078784757981462,-0.027111632758744952,0.01566339066339073
Western Cape,Ward 10101003,WC011,3268,1904,0.5826193390452876,3667,1863,0.5080447232069811,4096,1820,0.4443359375,-0.07457461583830649,0.12209302325581395
Western Cape,Ward 10101004,WC011,3110,1780,0.572347266881029,4021,2231,0.554837105197712,4560,2182,0.4785087719298245,-0.017510161683316983,0.2929260450160771
Western Cape,Ward 10101005,WC011,3122,1991,0.6377322229340167,3763,2551,0.67791655593941,3421,1770,0.5173925752703887,0.04018433300539337,0.20531710442024353
Western Cape,Ward 10101006,WC011,3660,2373,0.648360655737705,4204,2597,0.6177450047573739,4225,2416,0.5718343195266272,-0.030615650980331033,0.14863387978142084
Western Cape,Ward 10101007,WC011,3663,2388,0.6519246519246519,4056,2670,0.658284023668639,4062,2392,0.5888724766125062,0.006359371743987152,0.10728910728910734
Western Cape,Ward 10101008,WC011,3354,1970,0.5873583780560525,3411,1854,0.5435356200527705,3661,2091,0.5711554220158427,-0.04382275800328206,0.016994633273702986
Western Cape,Ward 10102001,WC012,3677,2155,0.5860756051128637,4013,2433,0.6062795913281834,4545,2181,0.4798679867986798,0.020203986215319714,0.09137884144683173
Western Cape,Ward 10102002,WC012,3321,2293,0.690454682324601,4517,2986,0.6610582244852778,5015,2768,0.5519441674975075,-0.02939645783932321,0.360132490213791
Western Cape,Ward 10102003,WC012,4178,2485,0.5947821924365725,5038,3063,0.6079793568876538,5385,3013,0.5595171773444754,0.013197164451081322,0.20584011488750598
Western Cape,Ward 10102004,WC012,3700,2261,0.6110810810810811,3237,2035,0.6286685202347853,4410,2687,0.609297052154195,0.0175874391537042,-0.1251351351351352
Western Cape,Ward 10102005,WC012,3588,2571,0.7165551839464883,5259,3525,0.6702795208214489,4056,2481,0.6116863905325444,-0.04627566312503939,0.46571906354515047
Western Cape,Ward 10102006,WC012,2594,1285,0.4953739398612182,2867,1444,0.5036623648412976,3736,1771,0.4740364025695932,0.008288424980079367,0.10524286815728612
Western Cape,Ward 10103001,WC013,3225,2132,0.6610852713178295,3548,2184,0.6155580608793687,3546,1864,0.5256627185561196,-0.04552721043846075,0.1001550387596899
Western Cape,Ward 10103002,WC013,3162,2253,0.7125237191650854,3637,2391,0.6574099532581799,3759,2018,0.5368449055599893,-0.05511376590690553,0.15022137887413023
Western Cape,Ward 10103003,WC013,3204,2151,0.6713483146067416,3841,2372,0.6175475136683155,3701,1910,0.5160767360172926,-0.0538008009384261,0.1988139825218478
Western Cape,Ward 10103004,WC013,3634,2257,0.6210787011557513,4113,2407,0.5852176027230732,4370,2138,0.4892448512585812,-0.03586109843267804,0.13181067694001092
Western Cape,Ward 10103005,WC013,3347,1827,0.5458619659396474,3833,2321,0.6055309157318027,3880,2064,0.5319587628865979,0.05966894979215531,0.14520466089034967
Western Cape,Ward 10103006,WC013,1552,1126,0.7255154639175257,3989,2366,0.5931311105540236,4479,2549,0.5691002455905336,-0.13238435336350218,1.5702319587628866
Western Cape,Ward 10103007,WC013,5089,3364,0.6610336018864217,3349,2391,0.7139444610331442,3806,2488,0.6537046768260641,0.052910859146722555,-0.34191393201021814
Western Cape,Ward 10104001,WC014,4132,2533,0.6130203291384317,4799,3393,0.7070222963117316,5098,2451,0.4807767752059631,0.0940019671732999,0.16142303969022276
Western Cape,Ward 10104002,WC014,3424,1943,0.5674649532710281,4558,2711,0.5947784115840281,4999,2048,0.4096819363872774,0.027313458313000027,0.33119158878504673
Western Cape,Ward 10104003,WC014,3226,1651,0.5117792932424055,3309,1717,0.518887881535207,3406,1530,0.4492072812683499,0.0071085882928015875,0.025728456292622548
Western Cape,Ward 10104004,WC014,3709,2361,0.6365597196009706,3938,2380,0.6043676993397664,4225,2217,0.5247337278106509,-0.03219202026120416,0.0617417093556214
Western Cape,Ward 10104005,WC014,2797,2001,0.7154093671791205,3469,2490,0.7177861055059095,3535,1959,0.5541725601131542,0.002376738326788974,0.240257418662853
Western Cape,Ward 10104006,WC014,4983,3573,0.7170379289584587,4182,2994,0.7159253945480631,4791,2813,0.5871425589647256,-0.0011125344103956047,-0.16074653822998197
Western Cape,Ward 10104007,WC014,3639,2686,0.7381148667216268,4280,2858,0.6677570093457944,4293,2441,0.568600046587468,-0.07035785737583244,0.17614729321242106
Western Cape,Ward 10104008,WC014,3400,2057,0.605,4000,2652,0.663,3956,2123,0.5366531850353893,0.05800000000000005,0.17647058823529416
Western Cape,Ward 10104009,WC014,3608,2117,0.5867516629711752,4901,2532,0.5166292593348296,4263,1872,0.4391273750879662,-0.07012240363634559,0.35837028824833705
Western Cape,Ward 10104010,WC014,4155,2789,0.6712394705174488,4580,2974,0.6493449781659388,4699,2380,0.5064907427112152,-0.021894492351509975,0.10228640192539107
Western Cape,Ward 10104011,WC014,2889,2124,0.735202492211838,3418,2412,0.7056758338209479,4223,2407,0.5699739521667061,-0.02952665839089008,0.18310834198684667
Western Cape,Ward 10104012,WC014,3472,2185,0.6293202764976958,4589,2905,0.6330355197210721,4792,2408,0.5025041736227045,0.003715243223376241,0.3217165898617511
Western Cape,Ward 10104013,WC014,3739,1861,0.49772666488365874,3884,2019,0.5198249227600412,5323,2387,0.4484313357129438,0.022098257876382477,0.0387804225728805
Western Cape,Ward 10105001,WC015,3206,1937,0.6041796631316282,3815,2316,0.6070773263433814,3853,1884,0.4889696340513885,0.002897663211753221,0.1899563318777293
Western Cape,Ward 10105002,WC015,3626,2165,0.5970766685052399,4453,2444,0.5488434763081069,4331,1843,0.4255368275225121,-0.04823319219713296,0.2280750137892995
Western Cape,Ward 10105003,WC015,3061,1709,0.5583142763802679,3671,2160,0.588395532552438,3541,1696,0.4789607455521039,0.030081256172170168,0.19928128062724593
Western Cape,Ward 10105004,WC015,2937,1675,0.5703098399727613,3540,1921,0.5426553672316384,3927,1754,0.4466513878278584,-0.02765447274112287,0.2053115423901941
Western Cape,Ward 10105005,WC015,3393,2293,0.6758031240789861,3837,2540,0.6619755016940317,4348,2638,0.6067157313707452,-0.013827622384954386,0.13085764809902733
Western Cape,Ward 10105006,WC015,3468,2102,0.6061130334486736,4033,2177,0.5397966774113563,3915,1757,0.448786717752235,-0.06631635603731734,0.16291810841983856
Western Cape,Ward 10105007,WC015,3706,2247,0.6063140852671344,4365,2496,0.5718213058419244,4451,2193,0.4926982700516737,-0.03449277942521001,0.17781975175391262
Western Cape,Ward 10105008,WC015,3691,2322,0.6290978054727716,3818,2480,0.6495547407019382,3747,2075,0.5537763544168668,0.020456935229166584,0.03440801950690875
Western Cape,Ward 10105009,WC015,3723,2175,0.5842062852538276,4706,2675,0.5684232894177645,4800,1679,0.3497916666666666,-0.01578299583606302,0.264034380875638
Western Cape,Ward 10105010,WC015,3906,2588,0.6625704045058883,4445,3143,0.7070866141732284,4541,2726,0.6003083021360933,0.044516209667340045,0.13799283154121866
Western Cape,Ward 10105011,WC015,4011,2248,0.5604587384692097,4478,2410,0.5381866904868244,4289,1713,0.3993937980881324,-0.022272047982385246,0.11642981800049856
Western Cape,Ward 10105012,WC015,3521,1973,0.5603521726782165,4024,2277,0.5658548707753479,4028,1729,0.4292452830188679,0.005502698097131442,0.1428571428571428
Western Cape,Ward 10202001,WC022,3122,1845,0.5909673286354901,3655,2024,0.5537619699042408,3614,1491,0.4125622578859989,-0.037205358731249305,0.17072389493914164
Western Cape,Ward 10202002,WC022,3095,1534,0.49563812600969304,3810,2001,0.5251968503937008,4381,2138,0.4880164346039717,0.02955872438400775,0.23101777059773831
Western Cape,Ward 10202003,WC022,3716,1981,0.5331001076426265,3791,1974,0.5207069374835136,3679,1775,0.4824680619733623,-0.012393170159112898,0.020182992465016092
Western Cape,Ward 10202004,WC022,3947,2008,0.5087408158094755,4013,1943,0.4841764266135061,3882,1709,0.440236991241628,-0.024564389195969427,0.016721560678996772
Western Cape,Ward 10202005,WC022,4040,2310,0.5717821782178217,3361,2070,0.6158881285331747,3981,1919,0.4820396885204722,0.044105950315352915,-0.1680693069306931
Western Cape,Ward 10202006,WC022,3855,2152,0.5582360570687419,4157,2027,0.4876112581188357,4225,1737,0.4111242603550296,-0.0706247989499062,0.07833981841763937
Western Cape,Ward 10202007,WC022,4025,2194,0.5450931677018633,5540,3298,0.5953068592057762,4133,2115,0.5117348173239777,0.05021369150391286,0.3763975155279504
Western Cape,Ward 10202008,WC022,3163,1142,0.3610496364211192,3946,1754,0.444500760263558,3939,1355,0.343995938055344,0.0834511238424388,0.24754979449889336
Western Cape,Ward 10202009,WC022,3079,1270,0.4124715816823644,3272,1247,0.3811124694376528,3692,1155,0.3128385698808234,-0.03135911224471161,0.06268268918480024
Western Cape,Ward 10202010,WC022,3248,1479,0.45535714285714285,3959,1985,0.5013892397069967,4000,1415,0.35375,0.04603209684985382,0.2189039408866995
Western Cape,Ward 10202011,WC022,3860,2150,0.5569948186528497,4388,2378,0.5419325432999088,4371,2253,0.515442690459849,-0.015062275352940913,0.1367875647668393
Western Cape,Ward 10202012,WC022,3058,1536,0.5022890778286462,3088,1547,0.5009715025906736,3201,1248,0.3898781630740394,-0.0013175752379726013,0.009810333551340644
Western Cape,Ward 10203001,WC023,3517,1932,0.5493318168893944,3842,2252,0.586153045288912,4451,2053,0.4612446641204223,0.036821228399517625,0.09240830253056576
Western Cape,Ward 10203002,WC023,3433,2584,0.752694436353044,3868,2969,0.7675801447776629,4120,2945,0.7148058252427184,0.014885708424618893,0.12671133119720368
Western Cape,Ward 10203003,WC023,3057,1750,0.572456656853124,4494,2920,0.6497552291944815,4557,2303,0.5053763440860215,0.07729857234135751,0.4700686947988224
Western Cape,Ward 10203004,WC023,4244,3120,0.7351555136663525,4572,3488,0.7629046369203849,4539,3066,0.6754791804362195,0.02774912325403245,0.07728557964184724
Western Cape,Ward 10203005,WC023,2622,1836,0.700228832951945,3689,2291,0.621035510978585,3967,1639,0.413158558104361,-0.07919332197336004,0.40694126620900084
Western Cape,Ward 10203006,WC023,3434,2248,0.6546301688992429,3651,2195,0.6012051492741715,3575,1511,0.4226573426573426,-0.0534250196250714,0.06319161327897493
Western Cape,Ward 10203007,WC023,3325,2171,0.6529323308270677,3717,2260,0.6080172181867097,3635,1684,0.4632737276478679,-0.04491511264035797,0.11789473684210527
Western Cape,Ward 10203008,WC023,4258,2350,0.5519023015500235,3774,1984,0.5257021727609963,3764,1550,0.4117959617428268,-0.02620012878902722,-0.11366838891498354
Western Cape,Ward 10203009,WC023,3344,2317,0.6928827751196173,4190,2724,0.6501193317422435,4034,1805,0.4474467030242935,-0.04276344337737381,0.25299043062200965
Western Cape,Ward 10203010,WC023,3241,1998,0.6164763961740204,3355,2093,0.6238450074515648,3283,1675,0.5102040816326531,0.007368611277544401,0.035174328910829944
Western Cape,Ward 10203011,WC023,4249,2884,0.6787479406919276,3783,2481,0.6558287073750991,3945,2096,0.5313054499366286,-0.022919233316828436,-0.10967286420334199
Western Cape,Ward 10203012,WC023,3443,2391,0.6944525123438862,3639,2363,0.6493542181918109,3641,1684,0.4625102993683054,-0.045098294152075225,0.0569270984606447
Western Cape,Ward 10203013,WC023,4179,2573,0.6156975352955253,3175,1886,0.594015748031496,3126,1465,0.4686500319897633,-0.02168178726402925,-0.2402488633644413
Western Cape,Ward 10203014,WC023,3721,2419,0.6500940607363612,4832,2999,0.6206539735099338,4934,2012,0.4077827320632347,-0.029440087226427436,0.29857565170653055
Western Cape,Ward 10203015,WC023,4317,3147,0.7289784572619875,4003,3042,0.7599300524606545,4198,2754,0.6560266793711291,0.03095159519866697,-0.07273569608524433
Western Cape,Ward 10203016,WC023,3231,1967,0.6087898483441659,4786,2842,0.5938152946092771,4748,1654,0.3483572030328559,-0.014974553734888874,0.48127514701330854
Western Cape,Ward 10203017,WC023,5273,3427,0.6499146595865731,3930,2914,0.7414758269720102,4299,2838,0.6601535240753663,0.09156116738543707,-0.254693722738479
Western Cape,Ward 10203018,WC023,3376,2054,0.6084123222748815,3960,2538,0.6409090909090909,5434,2595,0.4775487670224512,0.03249676863420936,0.1729857819905214
Western Cape,Ward 10203019,WC023,3879,2847,0.7339520494972931,4032,2956,0.7331349206349206,4100,2657,0.6480487804878049,-0.000817128862372507,0.03944315545243615
Western Cape,Ward 10203020,WC023,3301,2107,0.6382914268403515,3985,2453,0.6155583437892095,3752,1866,0.4973347547974414,-0.022733083051141967,0.2072099363829143
Western Cape,Ward 10203021,WC023,4453,2854,0.640916236245228,4079,2283,0.55969600392253,3771,1777,0.4712277910368602,-0.08122023232269793,-0.0839883224792275
Western Cape,Ward 10203022,WC023,4027,2674,0.6640178793146263,4363,2954,0.6770570708228283,4043,2025,0.5008656937917388,0.013039191508201986,0.08343680158927236
Western Cape,Ward 10203023,WC023,3810,2751,0.7220472440944882,2476,1765,0.712843295638126,2744,1697,0.6184402332361516,-0.009203948456362188,-0.35013123359580056
Western Cape,Ward 10203024,WC023,3308,1962,0.5931076178960096,3319,2009,0.6053028020488099,3296,1381,0.4189927184466019,0.012195184152800298,0.003325272067714602
Western Cape,Ward 10203025,WC023,3405,2158,0.6337738619676946,3477,2116,0.6085706068449813,3636,1878,0.5165016501650165,-0.025203255122713264,0.021145374449339283
Western Cape,Ward 10203026,WC023,4325,2843,0.6573410404624277,4700,2948,0.6272340425531915,4466,2083,0.4664128974473802,-0.03010699790923621,0.08670520231213863
Western Cape,Ward 10203027,WC023,3808,2551,0.6699054621848739,4032,2533,0.6282242063492064,3972,1923,0.4841389728096676,-0.04168125583566751,0.05882352941176472
Western Cape,Ward 10203028,WC023,3293,2043,0.6204069237777103,4105,2744,0.6684531059683313,4699,2455,0.5224515854437114,0.048046182190620956,0.24658366231399942
Western Cape,Ward 10203029,WC023,3386,2234,0.6597755463673951,4030,2844,0.7057071960297767,4208,2437,0.5791349809885932,0.04593164966238161,0.1901949202598936
Western Cape,Ward 10203030,WC023,3488,2224,0.6376146788990825,4093,2525,0.6169069142438309,3851,1984,0.5151908595170086,-0.020707764655251593,0.17345183486238525
Western Cape,Ward 10203031,WC023,4342,2721,0.6266697374481806,4679,2837,0.6063261380636888,3492,1883,0.5392325315005727,-0.020343599384491706,0.07761400276370334
Western Cape,Ward 10204001,WC024,4344,2735,0.6296040515653776,4361,2556,0.5861041045631736,4227,1863,0.4407381121362668,-0.04349994700220394,0.003913443830570795
Western Cape,Ward 10204002,WC024,3583,2161,0.6031258721741557,4670,2684,0.5747323340471092,4859,2181,0.4488577896686561,-0.02839353812704648,0.3033770583310076
Western Cape,Ward 10204003,WC024,3298,1949,0.5909642207398423,3547,2062,0.5813363405694953,3460,1400,0.4046242774566474,-0.009627880170346992,0.07550030321406909
Western Cape,Ward 10204004,WC024,3918,2819,0.7194997447677386,4481,3024,0.6748493639812542,4472,2467,0.5516547406082289,-0.04465038078648442,0.14369576314446153
Western Cape,Ward 10204005,WC024,3151,2048,0.6499523960647413,3509,2329,0.6637218580792249,3349,1654,0.4938787697820245,0.013769462014483591,0.11361472548397344
Western Cape,Ward 10204006,WC024,3169,1888,0.5957715367623856,3208,1867,0.5819825436408977,3133,1412,0.4506862432173635,-0.013788993121487847,0.012306721363205986
Western Cape,Ward 10204007,WC024,2832,1947,0.6875,3680,2606,0.7081521739130435,4265,2268,0.5317702227432591,0.020652173913043526,0.2994350282485876
Western Cape,Ward 10204008,WC024,3423,1847,0.5395851592170611,4997,3025,0.6053632179307584,5559,1849,0.3326137794567368,0.06577805871369735,0.4598305579900672
Western Cape,Ward 10204009,WC024,3792,1789,0.4717827004219409,3311,1870,0.5647840531561462,2521,1018,0.4038080126933756,0.09300135273420529,-0.12684599156118148
Western Cape,Ward 10204010,WC024,3846,2004,0.5210608424336973,4700,2693,0.5729787234042554,4422,1570,0.3550429669832655,0.05191788097055805,0.22204888195527817
Western Cape,Ward 10204011,WC024,2630,1718,0.6532319391634981,3944,2620,0.6643002028397565,4014,2049,0.5104633781763827,0.01106826367625846,0.4996197718631179
Western Cape,Ward 10204012,WC024,3175,2027,0.6384251968503937,4776,2983,0.6245812395309883,5826,2056,0.3529007895640233,-0.013843957319405353,0.504251968503937
Western Cape,Ward 10204013,WC024,4413,2352,0.5329707681849082,2900,1654,0.5703448275862069,3096,1180,0.3811369509043927,0.037374059401298676,-0.3428506684794924
Western Cape,Ward 10204014,WC024,4047,2630,0.649864096861873,4023,1139,0.2831220482227193,4094,1528,0.373229115779189,-0.36674204863915366,-0.005930318754633013
Western Cape,Ward 10204015,WC024,4241,2566,0.6050459797217638,4621,2482,0.5371131789655919,5029,1741,0.3461920859017697,-0.06793280075617192,0.08960150907804754
Western Cape,Ward 10204016,WC024,3303,2071,0.6270057523463518,4876,2717,0.5572190319934373,4584,1966,0.4288830715532286,-0.06978672035291456,0.4762337269149257
Western Cape,Ward 10204017,WC024,3882,2797,0.720504894384338,4910,3402,0.6928716904276986,5014,2798,0.5580374950139609,-0.027633203956639374,0.2648119526017516
Western Cape,Ward 10204018,WC024,3498,2390,0.6832475700400229,4940,3209,0.6495951417004049,5179,2109,0.4072214713265109,-0.03365242833961801,0.4122355631789594
Western Cape,Ward 10204019,WC024,3483,1938,0.5564168819982773,3498,2149,0.6143510577472842,3785,1823,0.4816380449141347,0.05793417574900683,0.004306632213608941
Western Cape,Ward 10204020,WC024,3865,2392,0.6188874514877102,4024,2324,0.5775347912524851,4042,2066,0.5111331024245424,-0.0413526602352251,0.04113842173350579
Western Cape,Ward 10204021,WC024,3747,2797,0.7464638377368562,4523,3443,0.7612204289188592,4954,3308,0.6677432377876463,0.01475659118200301,0.20709901254336804
Western Cape,Ward 10204022,WC024,3911,2875,0.7351061109690616,4382,3304,0.7539936102236422,4421,2969,0.6715675186609364,0.018887499254580553,0.12042955765788799
Western Cape,Ward 10205001,WC025,3645,2442,0.6699588477366255,3710,2054,0.5536388140161725,3813,2177,0.5709415158667716,-0.11632003372045296,0.017832647462277196
Western Cape,Ward 10205002,WC025,3861,2312,0.5988085988085988,4075,2012,0.4937423312883435,3958,1430,0.3612935826174835,-0.10506626752025533,0.0554260554260555
Western Cape,Ward 10205003,WC025,2995,1808,0.6036727879799666,4176,2325,0.5567528735632183,3697,1544,0.4176359210170408,-0.046919914416748254,0.3943238731218697
Western Cape,Ward 10205004,WC025,3612,2146,0.5941306755260244,3528,2112,0.5986394557823129,4358,2039,0.4678751720972923,0.004508780256288536,-0.023255813953488413
Western Cape,Ward 10205005,WC025,3613,2426,0.6714641572100747,3712,2373,0.6392780172413793,3877,1853,0.4779468661336085,-0.03218613996869535,0.02740105175754226
Western Cape,Ward 10205006,WC025,3234,2203,0.6811997526283241,3449,2525,0.732096259785445,3501,2303,0.6578120536989431,0.05089650715712091,0.06648113790970944
Western Cape,Ward 10205007,WC025,3004,2215,0.7373501997336884,3339,2460,0.7367475292003594,3490,2294,0.6573065902578796,-0.0006026705333290749,0.11151797603195734
Western Cape,Ward 10205008,WC025,3476,2164,0.622554660529344,1899,1214,0.6392838335966298,3623,1534,0.4234060171128899,0.01672917306728572,-0.4536823935558113
Western Cape,Ward 10205009,WC025,3393,2006,0.591217211906867,5320,3059,0.575,3479,1603,0.4607645875251509,-0.01621721190686709,0.5679339817270852
Western Cape,Ward 10205010,WC025,3692,2253,0.6102383531960996,3876,2277,0.5874613003095975,4090,1896,0.4635696821515892,-0.022777052886502114,0.04983748645720487
Western Cape,Ward 10205011,WC025,3271,1816,0.5551819015591563,3069,1820,0.5930270446399478,3842,1810,0.4711087975013014,0.037845143080791566,-0.06175481504127178
Western Cape,Ward 10205012,WC025,3365,1886,0.5604754829123328,3743,2345,0.6265028052364413,4813,2327,0.4834822356118844,0.06602732232410846,0.11233283803863303
Western Cape,Ward 10205013,WC025,3833,2266,0.5911818418992956,4007,2385,0.5952083853256801,3108,1394,0.4485199485199485,0.004026543426384532,0.04539525176102277
Western Cape,Ward 10205014,WC025,3000,1857,0.619,3330,2067,0.6207207207207207,3326,1653,0.4969933854479855,0.0017207207207207142,0.1100000000000001
Western Cape,Ward 10205015,WC025,3315,2261,0.6820512820512821,3593,2616,0.7280823824102421,3562,2374,0.6664795058955643,0.046031100358960075,0.0838612368024132
Western Cape,Ward 10205016,WC025,3087,1901,0.615808228053126,3273,1886,0.5762297586312252,3257,1162,0.3567700337734111,-0.0395784694219008,0.06025267249757049
Western Cape,Ward 10205017,WC025,2999,2065,0.6885628542847616,3094,1839,0.5943762120232708,2930,1196,0.4081911262798635,-0.09418664226149076,0.031677225741914006
Western Cape,Ward 10205018,WC025,3569,2213,0.6200616419165033,4132,2350,0.5687318489835431,4135,1741,0.4210399032648125,-0.05132979293296014,0.15774726814233686
Western Cape,Ward 10205019,WC025,3626,1824,0.5030336458907887,3848,2016,0.5239085239085239,3701,1447,0.390975412050797,0.020874878017735243,0.061224489795918435
Western Cape,Ward 10205020,WC025,3426,2001,0.5840630472854641,3446,2033,0.589959373186303,3419,1702,0.4978063761333723,0.0058963259008388835,0.005837711617046049
Western Cape,Ward 10205021,WC025,3833,2358,0.6151839290373076,4864,2624,0.5394736842105263,3760,1608,0.4276595744680851,-0.07571024482678124,0.26897991129663446
Western Cape,Ward 10206001,WC026,2879,1855,0.6443209447724905,3398,2184,0.6427310182460271,3497,2020,0.5776379754074922,-0.0015899265264633922,0.1802709274053491
Western Cape,Ward 10206002,WC026,3990,2867,0.7185463659147869,4757,3344,0.7029640529745638,3230,1334,0.4130030959752322,-0.015582312940223164,0.19223057644110275
Western Cape,Ward 10206003,WC026,3208,1938,0.6041147132169576,3843,2174,0.565703877179287,4065,1832,0.4506765067650676,-0.03841083603767059,0.19794264339152123
Western Cape,Ward 10206004,WC026,3169,1948,0.6147049542442411,3408,1958,0.5745305164319249,3397,1440,0.4239034442154842,-0.04017443781231622,0.07541811296939094
Western Cape,Ward 10206005,WC026,2886,1862,0.6451836451836452,3291,1928,0.5858401701610453,3361,1447,0.4305266289794704,-0.059343475022599956,0.14033264033264037
Western Cape,Ward 10206006,WC026,2984,1680,0.5630026809651475,3589,1990,0.5544719977709669,3559,1451,0.4076987917954481,-0.0085306831941806,0.20274798927613946
Western Cape,Ward 10206007,WC026,3585,2126,0.59302649930265,4082,2459,0.6024007839294464,4075,2107,0.5170552147239263,0.009374284626796459,0.1386331938633194
Western Cape,Ward 10206008,WC026,3439,2094,0.6088979354463507,3488,1992,0.5711009174311926,3277,1477,0.450717119316448,-0.03779701801515811,0.014248328002326227
Western Cape,Ward 10206009,WC026,3277,1938,0.5913945682026244,3553,2056,0.5786659161272164,3867,1923,0.4972847168347556,-0.012728652075407965,0.0842233750381447
Western Cape,Ward 10206010,WC026,2745,1760,0.6411657559198543,3080,1723,0.5594155844155844,3073,1696,0.5519036771884153,-0.08175017150426989,0.12204007285974505
Western Cape,Ward 10206011,WC026,2386,1605,0.6726739312657167,2659,1654,0.6220383602858217,4057,2164,0.5333990633473009,-0.05063557097989502,0.11441743503772006
Western Cape,Ward 10206012,WC026,3727,1963,0.5266970753957607,4142,2112,0.5098985997102848,4141,1633,0.3943491910166626,-0.016798475685475878,0.11134961094714257
Western Cape,Ward 10301001,WC031,4038,2765,0.6847449232293215,4447,2913,0.6550483472003598,4554,2411,0.5294246815985947,-0.029696576028961696,0.10128776622090152
Western Cape,Ward 10301002,WC031,3290,1886,0.5732522796352584,4386,2445,0.5574555403556771,4929,2127,0.4315276932440657,-0.01579673927958125,0.33313069908814597
Western Cape,Ward 10301003,WC031,4439,2925,0.6589321919351205,4144,2554,0.6163127413127413,5187,2151,0.4146905725853094,-0.04261945062237926,-0.06645640910114892
Western Cape,Ward 10301004,WC031,3386,2123,0.6269935026580036,4990,3272,0.6557114228456914,3908,2178,0.5573183213920164,0.028717920187687818,0.4737152982870645
Western Cape,Ward 10301005,WC031,3337,2109,0.6320047947258016,4177,2551,0.6107254010055063,4154,2011,0.4841116995666827,-0.021279393720295303,0.2517231045849566
Western Cape,Ward 10301006,WC031,3645,2125,0.5829903978052127,4453,2534,0.5690545699528408,3848,1552,0.4033264033264033,-0.013935827852371907,0.22167352537722906
Western Cape,Ward 10301007,WC031,4227,2696,0.6378045895434113,3893,2291,0.5884921654251221,4969,2438,0.4906419802777219,-0.04931242411828929,-0.0790158504849775
Western Cape,Ward 10301008,WC031,3488,2132,0.6112385321100917,4516,2582,0.5717449069973428,4629,1901,0.4106718513717866,-0.0394936251127489,0.2947247706422018
Western Cape,Ward 10301009,WC031,3306,1646,0.49788263762855417,3079,1444,0.4689834361805781,4101,1563,0.3811265544989027,-0.028899201447976086,-0.06866303690260134
Western Cape,Ward 10301010,WC031,3156,1540,0.4879594423320659,3213,1517,0.4721444133208839,3711,1438,0.3874966316356777,-0.01581502901118198,0.018060836501901045
Western Cape,Ward 10301011,WC031,3926,2002,0.5099337748344371,3627,1958,0.539840088227185,4961,2203,0.4440636968353154,0.029906313392747852,-0.07615894039735094
Western Cape,Ward 10301012,WC031,3452,1963,0.5686558516801854,3651,2014,0.5516296904957546,3476,1156,0.3325661680092059,-0.017026161184430788,0.05764774044032439
Western Cape,Ward 10301013,WC031,4402,2781,0.6317582916855975,4360,3121,0.7158256880733945,4165,1705,0.4093637454981992,0.08406739638779703,-0.009541117673784627
Western Cape,Ward 10302001,WC032,4476,3189,0.7124664879356568,4111,3056,0.7433714424714182,3095,1608,0.5195476575121163,0.030904954535761364,-0.08154602323503124
Western Cape,Ward 10302002,WC032,3234,2408,0.7445887445887446,4750,3021,0.636,3649,1907,0.5226089339545081,-0.10858874458874457,0.468769325912183
Western Cape,Ward 10302003,WC032,3367,2436,0.7234927234927235,3920,2906,0.7413265306122448,4294,3031,0.7058686539357243,0.017833807119521317,0.1642411642411643
Western Cape,Ward 10302004,WC032,3270,2302,0.7039755351681957,3788,2509,0.6623548046462513,3969,2204,0.5553036029226506,-0.04162073052194437,0.1584097859327218
Western Cape,Ward 10302005,WC032,4798,3029,0.6313047102959567,5611,3033,0.5405453573338086,4547,1688,0.371233780514625,-0.0907593529621481,0.16944560233430606
Western Cape,Ward 10302006,WC032,2137,1612,0.7543284978942443,3325,2075,0.6240601503759399,4700,2347,0.4993617021276595,-0.1302683475183044,0.555919513336453
Western Cape,Ward 10302007,WC032,3120,2245,0.719551282051282,3794,2820,0.7432788613600422,4290,2940,0.6853146853146853,0.023727579308760127,0.21602564102564092
Western Cape,Ward 10302008,WC032,3881,2530,0.6518938417933522,4303,2766,0.6428073437136881,4888,2826,0.5781505728314239,-0.009086498079664107,0.10873486214893058
Western Cape,Ward 10302009,WC032,2903,1988,0.6848088184636583,3443,2532,0.7354051699099623,5989,3565,0.595257972950409,0.05059635144630403,0.1860144677919393
Western Cape,Ward 10302010,WC032,3968,2820,0.7106854838709677,4673,3150,0.6740851701262572,3039,2116,0.6962816716025009,-0.03660031374471051,0.177671370967742
Western Cape,Ward 10302011,WC032,3975,2443,0.6145911949685534,4507,2884,0.6398934990015531,3628,2557,0.7047960308710033,0.025302304032999712,0.1338364779874215
Western Cape,Ward 10302012,WC032,2968,1949,0.6566711590296496,2998,1742,0.5810540360240161,4122,1982,0.4808345463367297,-0.0756171230056335,0.010107816711590223
Western Cape,Ward 10302013,WC032,3201,2492,0.7785067166510465,4161,3341,0.8029319875030041,5075,3664,0.7219704433497537,0.02442527085195756,0.2999062792877225
Western Cape,Ward 10303001,WC033,3153,2245,0.7120202981287662,3752,2489,0.6633795309168443,4012,2365,0.589481555333998,-0.0486407672119219,0.189977798921662
Western Cape,Ward 10303002,WC033,3499,2534,0.7242069162617891,3154,2056,0.6518706404565631,3764,2148,0.5706695005313497,-0.07233627580522606,-0.09859959988568168
Western Cape,Ward 10303003,WC033,3446,2314,0.6715031921067904,3760,2248,0.597872340425532,3575,1444,0.4039160839160839,-0.07363085168125849,0.09112013929193274
Western Cape,Ward 10303004,WC033,3330,2317,0.6957957957957958,3425,2399,0.7004379562043795,3082,1938,0.6288124594419209,0.004642160408583784,0.028528528528528607
Western Cape,Ward 10303005,WC033,4204,3210,0.763558515699334,3440,2538,0.7377906976744186,3723,2405,0.6459844211657265,-0.025767818024915345,-0.1817316841103711
Western Cape,Ward 10304001,WC034,3393,2387,0.7035072207486001,3163,1918,0.6063863420803035,2926,1742,0.595352016404648,-0.09712087866829655,-0.06778661951075748
Western Cape,Ward 10304002,WC034,2592,1883,0.7264660493827161,3181,2326,0.7312165985539139,3649,2511,0.6881337352699369,0.004750549171197771,0.22723765432098775
Western Cape,Ward 10304003,WC034,3313,2076,0.6266223966193782,3623,2407,0.6643665470604472,3851,2431,0.6312646065956894,0.037744150441068935,0.09357078176878963
Western Cape,Ward 10304004,WC034,1969,1425,0.7237176231589639,2968,2184,0.7358490566037735,3715,2288,0.6158815612382235,0.012131433444809603,0.5073641442356527
Western Cape,Ward 10304005,WC034,4642,2864,0.6169754416199914,4047,2458,0.6073634791203361,4310,1919,0.4452436194895591,-0.009611962499655347,-0.12817750969409736
Western Cape,Ward 10401001,WC041,3373,2369,0.7023421286688408,3625,2639,0.728,3628,2114,0.5826901874310915,0.025657871331159154,0.07471093981618737
Western Cape,Ward 10401002,WC041,3445,2549,0.7399129172714078,4689,3314,0.7067605033056089,4335,2837,0.6544405997693195,-0.03315241396579893,0.36110304789550063
Western Cape,Ward 10401003,WC041,2799,2040,0.7288317256162915,3021,2032,0.6726249586229726,3574,2248,0.6289871292669278,-0.056206766993318946,0.07931404072883175
Western Cape,Ward 10401004,WC041,3471,2341,0.6744454047824834,3400,2399,0.7055882352941176,3400,1894,0.5570588235294117,0.031142830511634245,-0.020455200230481085
Western Cape,Ward 10402001,WC042,3612,2719,0.7527685492801772,2816,2085,0.7404119318181818,3182,2126,0.6681332495285983,-0.012356617461995456,-0.22037652270210406
Western Cape,Ward 10402002,WC042,3717,2546,0.6849609900457359,4113,2512,0.6107464138098712,3963,2174,0.5485743123896039,-0.0742145762358647,0.10653753026634383
Western Cape,Ward 10402003,WC042,3045,2231,0.7326765188834155,3944,2975,0.7543103448275862,4216,3104,0.7362428842504743,0.021633825944170737,0.2952380952380953
Western Cape,Ward 10402004,WC042,3801,2772,0.7292817679558011,3389,2493,0.7356152257303039,3450,2138,0.6197101449275362,0.006333457774502782,-0.10839252828203105
Western Cape,Ward 10402005,WC042,3335,2510,0.7526236881559221,2750,2062,0.7498181818181818,3927,2529,0.6440030557677616,-0.002805506337740238,-0.17541229385307344
Western Cape,Ward 10402006,WC042,3273,2428,0.7418270699663917,3593,2402,0.6685221263568049,4116,2502,0.607871720116618,-0.07330494360958684,0.09776963030858532
Western Cape,Ward 10402007,WC042,3233,2309,0.7141973399319518,4020,2917,0.7256218905472637,3508,2270,0.6470923603192702,0.01142455061531189,0.2434271574389113
Western Cape,Ward 10402008,WC042,3235,2524,0.7802163833075734,3620,2748,0.7591160220994475,3668,2317,0.6316793893129771,-0.021100361208125862,0.1190108191653787
Western Cape,Ward 10403001,WC043,3212,2081,0.6478829389788294,4282,2664,0.6221391872956562,4328,1613,0.3726894639556377,-0.02574375168317322,0.3331257783312578
Western Cape,Ward 10403002,WC043,4325,2313,0.5347976878612717,4088,2035,0.49779843444227,4077,1292,0.3168996811380917,-0.036999253419001676,-0.054797687861271704
Western Cape,Ward 10403003,WC043,4162,2431,0.5840941854877463,4984,2511,0.5038121990369181,3144,1116,0.3549618320610687,-0.08028198645082818,0.19750120134550686
Western Cape,Ward 10403004,WC043,2265,1692,0.7470198675496689,4221,3138,0.7434257285003554,4249,3382,0.7959519887032243,-0.003594139049313494,0.8635761589403974
Western Cape,Ward 10403005,WC043,4628,3263,0.7050561797752809,4172,3076,0.7372962607861937,4913,3217,0.6547934052513739,0.0322400810109128,-0.09853068280034571
Western Cape,Ward 10403006,WC043,3901,2685,0.6882850551140733,4511,3298,0.7311017512746619,4875,3289,0.6746666666666666,0.042816696160588585,0.15637016149705207
Western Cape,Ward 10403007,WC043,3421,2355,0.6883952060800935,3879,2667,0.6875483372003094,5929,3459,0.5834036093776354,-0.000846868879784135,0.1338789827535809
Western Cape,Ward 10403008,WC043,3626,2406,0.6635410921125207,2998,2111,0.7041360907271514,3395,2352,0.6927835051546392,0.040594998614630784,-0.1731936017650303
Western Cape,Ward 10403009,WC043,3945,2583,0.6547528517110266,6166,3229,0.5236782354849173,4303,2103,0.4887287938647455,-0.13107461622610928,0.5629911280101394
Western Cape,Ward 10403010,WC043,3689,2611,0.7077798861480076,4369,3138,0.7182421606775006,4900,3737,0.7626530612244898,0.010462274529492999,0.18433179723502313
Western Cape,Ward 10403011,WC043,4107,2720,0.6622839055271488,4567,3107,0.6803153054521568,4609,3066,0.6652202213061401,0.018031399925008018,0.11200389578767966
Western Cape,Ward 10403012,WC043,3718,2353,0.6328671328671329,2208,1504,0.6811594202898551,3636,1715,0.4716721672167216,0.04829228742272218,-0.40613232920925224
Western Cape,Ward 10403013,WC043,3152,2021,0.6411802030456852,4112,2575,0.626215953307393,4372,1953,0.4467063129002744,-0.014964249738292246,0.30456852791878175
Western Cape,Ward 10403014,WC043,3995,2394,0.5992490613266583,4713,2736,0.5805219605346913,3936,1863,0.4733231707317073,-0.018727100791967044,0.1797246558197747
Western Cape,Ward 10404001,WC044,4168,2640,0.6333973128598849,3132,1921,0.6133461047254151,3420,1665,0.4868421052631579,-0.02005120813446981,-0.2485604606525912
Western Cape,Ward 10404002,WC044,3524,2358,0.6691259931895573,3432,2401,0.6995920745920746,3484,2272,0.6521239954075775,0.030466081402517275,-0.026106696935300766
Western Cape,Ward 10404003,WC044,3127,2276,0.7278541733290694,3362,2583,0.7682926829268293,3424,2452,0.7161214953271028,0.04043850959775985,0.07515190278221939
Western Cape,Ward 10404004,WC044,3859,2578,0.6680487172842705,4079,2849,0.6984555037999509,4824,3183,0.6598258706467661,0.030406786515680406,0.057009587976159626
Western Cape,Ward 10404005,WC044,3820,2434,0.63717277486911,4677,2973,0.63566388710712,4865,2687,0.5523124357656731,-0.0015088877619899854,0.22434554973821985
Western Cape,Ward 10404006,WC044,3882,2512,0.6470891293147862,3921,2214,0.5646518745218057,4077,1950,0.4782928623988227,-0.08243725479298059,0.01004636785162294
Western Cape,Ward 10404007,WC044,3630,2087,0.574931129476584,3824,2143,0.560407949790795,3946,1691,0.4285352255448555,-0.014523179685788978,0.05344352617079884
Western Cape,Ward 10404008,WC044,3490,2136,0.6120343839541548,3630,1991,0.5484848484848485,3489,1691,0.4846660934365147,-0.0635495354693063,0.04011461318051568
Western Cape,Ward 10404009,WC044,3650,2271,0.6221917808219178,3811,2067,0.5423773287850958,3817,1392,0.3646843070474194,-0.07981445203682203,0.044109589041095854
Western Cape,Ward 10404010,WC044,3036,1638,0.5395256916996047,2735,1348,0.4928702010968921,2538,824,0.3246650906225374,-0.046655490602712624,-0.09914361001317518
Western Cape,Ward 10404011,WC044,4124,2535,0.614694471387003,4227,2553,0.6039744499645139,3711,1734,0.4672594987873888,-0.010720021422489068,0.0249757516973812
Western Cape,Ward 10404012,WC044,2260,1389,0.6146017699115044,2518,1321,0.5246227164416203,3138,1159,0.3693435309114085,-0.08997905346988411,0.11415929203539821
Western Cape,Ward 10404013,WC044,2104,1435,0.6820342205323194,3990,2321,0.5817042606516291,3872,1701,0.4393078512396694,-0.10032995988069038,0.8963878326996197
Western Cape,Ward 10404014,WC044,4744,2575,0.5427908937605397,3325,1851,0.5566917293233082,3502,1673,0.4777270131353512,0.013900835562768554,-0.29911467116357504
Western Cape,Ward 10404015,WC044,5315,3077,0.5789275634995297,4965,2524,0.5083585095669688,4597,1535,0.333913421796824,-0.07056905393256085,-0.06585136406396985
Western Cape,Ward 10404016,WC044,3278,1870,0.5704697986577181,3860,2121,0.5494818652849741,4381,2105,0.480483907783611,-0.02098793337274396,0.17754728492983518
Western Cape,Ward 10404017,WC044,4060,2535,0.624384236453202,4102,2294,0.5592393954168698,3908,1968,0.503582395087001,-0.06514484103633211,0.010344827586206806
Western Cape,Ward 10404018,WC044,3138,2188,0.6972594008922881,3423,2553,0.7458369851007888,3277,2351,0.717424473603906,0.04857758420850067,0.09082217973231366
Western Cape,Ward 10404019,WC044,4850,3291,0.6785567010309278,5360,3738,0.6973880597014925,3391,2178,0.642288410498378,0.018831358670564735,0.1051546391752578
Western Cape,Ward 10404020,WC044,3835,2119,0.5525423728813559,3748,2112,0.5635005336179295,3770,1778,0.4716180371352785,0.01095816073657363,-0.02268578878748373
Western Cape,Ward 10404021,WC044,3486,2245,0.6440045897877223,4516,2314,0.5124003542958371,4617,1630,0.3530431015811133,-0.13160423549188527,0.2954675846242112
Western Cape,Ward 10404022,WC044,3724,2311,0.6205692803437164,4070,2542,0.6245700245700245,4031,2279,0.5653683949392211,0.004000744226308139,0.09291084854994636
Western Cape,Ward 10404023,WC044,3174,1941,0.611531190926276,3568,2340,0.655829596412556,4598,2627,0.5713353632013919,0.04429840548628006,0.12413358538122243
Western Cape,Ward 10404024,WC044,3002,1839,0.6125916055962691,3174,1696,0.5343415248897291,3525,1474,0.4181560283687943,-0.07825008070654005,0.057295136575616246
Western Cape,Ward 10404025,WC044,3321,2155,0.648900933453779,3859,2614,0.6773775589530967,3823,2191,0.5731101229400994,0.02847662549931773,0.16199939777175554
Western Cape,Ward 10405001,WC045,4684,2376,0.5072587532023911,5134,1587,0.3091156992598364,3484,474,0.1360505166475315,-0.19814305394255471,0.09607173356105903
Western Cape,Ward 10405002,WC045,3547,2443,0.6887510572314632,4616,2966,0.6425476603119584,4155,2440,0.5872442839951865,-0.04620339691950481,0.30138144911192555
Western Cape,Ward 10405003,WC045,4352,2590,0.5951286764705882,3862,2298,0.5950284826514759,5529,2258,0.4083921143063845,-0.00010019381911230418,-0.11259191176470584
Western Cape,Ward 10405004,WC045,3759,1962,0.5219473264166001,3366,1623,0.482174688057041,2703,1426,0.5275619681834998,-0.03977263835955913,-0.10454908220271353
Western Cape,Ward 10405005,WC045,3273,2057,0.6284754048273755,3479,1954,0.5616556481747629,4119,1841,0.4469531439669822,-0.06681975665261264,0.0629391995111519
Western Cape,Ward 10405006,WC045,4334,2633,0.6075219197046609,4622,2743,0.5934660320207702,5025,2003,0.3986069651741293,-0.014055887683890655,0.06645131518227965
Western Cape,Ward 10405007,WC045,4000,2556,0.639,4089,2576,0.6299828808999756,3915,2047,0.5228607918263091,-0.009017119100024451,0.022250000000000103
Western Cape,Ward 10405008,WC045,3675,2287,0.622312925170068,4271,2241,0.5247014750643877,4391,1769,0.4028695058073331,-0.09761145010568029,0.16217687074829934
Western Cape,Ward 10405009,WC045,3531,2531,0.7167941093174738,3385,2035,0.6011816838995568,4156,1905,0.4583734359961501,-0.11561242541791694,-0.04134806003964886
Western Cape,Ward 10405010,WC045,3458,2379,0.6879699248120301,3784,2310,0.6104651162790697,3790,1850,0.4881266490765171,-0.07750480853296038,0.09427414690572578
Western Cape,Ward 10405011,WC045,3536,2302,0.6510180995475113,4493,2521,0.5610950367237926,3663,2109,0.5757575757575758,-0.08992306282371876,0.2706447963800904
Western Cape,Ward 10405012,WC045,2165,1464,0.6762124711316397,3548,1784,0.5028184892897407,3463,1222,0.352873231302339,-0.17339398184189903,0.6387990762124711
Western Cape,Ward 10405013,WC045,3422,2028,0.592635885447107,3794,2265,0.5969952556668424,3840,1772,0.4614583333333333,0.004359370219735426,0.10870835768556408
Western Cape,Ward 10407001,WC047,3794,2820,0.7432788613600422,2995,2152,0.7185308848080133,4881,3289,0.6738373284163082,-0.024747976552028872,-0.21059567738534524
Western Cape,Ward 10407002,WC047,3989,2983,0.7478064677864127,5185,3981,0.7677917068466731,5624,4152,0.7382645803698435,0.019985239060260396,0.29982451742291305
Western Cape,Ward 10407003,WC047,3589,2437,0.679019225410978,2772,1589,0.5732323232323232,4112,2415,0.5873054474708171,-0.10578690217865483,-0.22764001114516574
Western Cape,Ward 10407004,WC047,3613,2503,0.6927760863548298,3597,2430,0.6755629691409508,3648,2402,0.6584429824561403,-0.01721311721387897,-0.00442845280929971
Western Cape,Ward 10407005,WC047,2861,2204,0.7703600139811255,4285,2849,0.66487747957993,4240,2603,0.6139150943396227,-0.10548253440119548,0.4977280671094022
Western Cape,Ward 10407006,WC047,3469,1942,0.5598155087921591,4302,2694,0.6262203626220363,4603,2760,0.5996089506843363,0.06640485382987715,0.24012683770539067
Western Cape,Ward 10407007,WC047,3660,2731,0.7461748633879781,4731,3293,0.6960473472838723,3755,2263,0.6026631158455393,-0.05012751610410582,0.29262295081967205
Western Cape,Ward 10408001,WC048,3049,2254,0.7392587733683175,3599,2469,0.6860238955265352,4161,2660,0.639269406392694,-0.05323487784178227,0.1803870121351263
Western Cape,Ward 10408002,WC048,3409,2214,0.6494573188618363,3652,2370,0.6489594742606791,3879,2288,0.5898427429749935,-0.0004978446011572046,0.0712819008506893
Western Cape,Ward 10408003,WC048,3330,1936,0.5813813813813814,3591,2146,0.5976051239209134,3740,1804,0.4823529411764706,0.01622374253953196,0.07837837837837847
Western Cape,Ward 10408004,WC048,3127,2199,0.7032299328429805,4170,2627,0.6299760191846523,4575,2400,0.5245901639344263,-0.07325391365832823,0.33354653022065883
Western Cape,Ward 10408005,WC048,3396,2335,0.6875736160188457,3752,2456,0.6545842217484008,4180,2554,0.6110047846889952,-0.032989394270444894,0.10482921083627805
Western Cape,Ward 10408006,WC048,4100,2769,0.6753658536585366,4213,2315,0.5494896748160456,3941,1891,0.4798274549606698,-0.12587617884249103,0.027560975609756122
Western Cape,Ward 10408007,WC048,3597,1906,0.5298860161245482,3235,1985,0.6136012364760433,3599,1664,0.4623506529591553,0.08371522035149503,-0.10063942174033913
Western Cape,Ward 10408008,WC048,5203,3437,0.6605804343647895,3923,2419,0.6166199337241907,4198,2241,0.5338256312529777,-0.043960500640598865,-0.2460119162021911
Western Cape,Ward 10408009,WC048,3771,2640,0.700079554494829,3028,2138,0.7060766182298547,3416,2193,0.6419789227166276,0.005997063735025732,-0.19702996552638552
Western Cape,Ward 10408010,WC048,3350,2257,0.6737313432835821,3892,2638,0.6778006166495375,4098,2446,0.5968765251342119,0.004069273365955417,0.1617910447761195
Western Cape,Ward 10501001,WC051,1345,1122,0.8342007434944237,1242,932,0.750402576489533,1158,795,0.6865284974093264,-0.08379816700489073,-0.0765799256505576
Western Cape,Ward 10501002,WC051,1130,575,0.5088495575221239,961,682,0.7096774193548387,948,603,0.6360759493670886,0.20082786183271484,-0.14955752212389384
Western Cape,Ward 10501003,WC051,200,179,0.895,730,390,0.5342465753424658,1116,731,0.6550179211469535,-0.36075342465753424,2.65
Western Cape,Ward 10501004,WC051,1475,1254,0.8501694915254238,1561,1209,0.7745035233824471,1548,1102,0.7118863049095607,-0.07566596814297666,0.05830508474576268
Western Cape,Ward 10502001,WC052,1675,1281,0.7647761194029851,1939,1328,0.6848891181021145,2025,1333,0.6582716049382716,-0.07988700130087056,0.15761194029850745
Western Cape,Ward 10502002,WC052,1524,1208,0.7926509186351706,1222,1039,0.8502454991816694,1608,1248,0.7761194029850746,0.0575945805464988,-0.19816272965879267
Western Cape,Ward 10502003,WC052,1449,1122,0.7743271221532091,1789,1395,0.7797652319731694,1775,1280,0.7211267605633803,0.005438109819960291,0.23464458247066933
Western Cape,Ward 10502004,WC052,1918,1671,0.8712200208550573,2436,1817,0.7458949096880131,2665,1806,0.6776735459662289,-0.12532511116704426,0.27007299270072993
Western Cape,Ward 10503001,WC053,3507,2345,0.6686626746506986,3762,2461,0.654173312068049,3745,2129,0.5684913217623498,-0.014489362582649656,0.07271171941830623
Western Cape,Ward 10503002,WC053,3102,2069,0.6669890393294649,3467,2257,0.6509950966253245,3595,2016,0.560778859527121,-0.01599394270414034,0.11766602192134101
Western Cape,Ward 10503003,WC053,3558,2365,0.664699269252389,4129,2452,0.5938483894405425,4285,2459,0.5738623103850642,-0.07085087981184646,0.16048341765036533
Western Cape,Ward 10503004,WC053,2828,1993,0.7047383309759547,3172,2013,0.6346153846153846,3523,2292,0.6505818904342889,-0.07012294636057015,0.12164073550212162
Western Cape,Ward 10503005,WC053,3961,2617,0.6606917445089624,3881,2399,0.6181396547281628,3635,2074,0.5705639614855571,-0.04255208978079961,-0.02019691996970463
Western Cape,Ward 10503006,WC053,2876,1876,0.6522948539638387,3433,1984,0.5779201864258666,3255,1849,0.5680491551459294,-0.07437466753797206,0.1936717663421419
Western Cape,Ward 10503007,WC053,3980,2604,0.6542713567839196,4183,2298,0.5493664833851303,4840,2604,0.5380165289256198,-0.10490487339878929,0.05100502512562821
